scenario,date,research_equity
DAILY_TR_BASE,2013-04-19,12000
DAILY_TR_BASE,2013-04-22,12185.7957000
DAILY_TR_BASE,2013-04-23,11893.7957000
DAILY_TR_BASE,2013-04-24,12202.2957000
DAILY_TR_BASE,2013-04-25,11968.2957000
DAILY_TR_BASE,2013-04-26,11832.2957000
DAILY_TR_BASE,2013-05-02,11992.7957000
DAILY_TR_BASE,2013-05-03,12246.7957000
DAILY_TR_BASE,2013-05-06,12430.2957000
DAILY_TR_BASE,2013-05-07,12423.2957000
DAILY_TR_BASE,2013-05-08,12670.2957000
DAILY_TR_BASE,2013-05-09,12718.2957000
DAILY_TR_BASE,2013-05-10,12733.2957000
DAILY_TR_BASE,2013-05-13,12773.7957000
DAILY_TR_BASE,2013-05-14,12593.2957000
DAILY_TR_BASE,2013-05-15,12909.7957000
DAILY_TR_BASE,2013-05-16,12952.2957000
DAILY_TR_BASE,2013-05-17,13089.2957000
DAILY_TR_BASE,2013-05-20,13346.7957000
DAILY_TR_BASE,2013-05-21,13562.7957000
DAILY_TR_BASE,2013-05-22,13314.7957000
DAILY_TR_BASE,2013-05-23,13294.7957000
DAILY_TR_BASE,2013-05-24,13539.2957000
DAILY_TR_BASE,2013-05-27,13684.2957000
DAILY_TR_BASE,2013-05-28,13520.2957000
DAILY_TR_BASE,2013-05-29,13613.2957000
DAILY_TR_BASE,2013-05-30,13653.7957000
DAILY_TR_BASE,2013-05-31,13625.7957000
DAILY_TR_BASE,2013-06-03,13461.2957000
DAILY_TR_BASE,2013-06-04,13184.2957000
DAILY_TR_BASE,2013-06-05,13296.2957000
DAILY_TR_BASE,2013-06-06,13089.7957000
DAILY_TR_BASE,2013-06-07,13069.2957000
DAILY_TR_BASE,2013-06-13,12861.7957000
DAILY_TR_BASE,2013-06-14,13252.7957000
DAILY_TR_BASE,2013-06-17,13240.7957000
DAILY_TR_BASE,2013-06-18,13263.2957000
DAILY_TR_BASE,2013-06-19,13217.2957000
DAILY_TR_BASE,2013-06-20,12795.2957000
DAILY_TR_BASE,2013-06-21,12780.7957000
DAILY_TR_BASE,2013-06-24,12077.7957000
DAILY_TR_BASE,2013-06-25,12193.7957000
DAILY_TR_BASE,2013-06-26,12646.7957000
DAILY_TR_BASE,2013-06-27,12408.7957000
DAILY_TR_BASE,2013-06-28,12317.7957000
DAILY_TR_BASE,2013-07-01,12753.2957000
DAILY_TR_BASE,2013-07-02,12984.7957000
DAILY_TR_BASE,2013-07-03,13086.7957000
DAILY_TR_BASE,2013-07-04,13052.7957000
DAILY_TR_BASE,2013-07-05,12820.7957000
DAILY_TR_BASE,2013-07-08,12478.2957000
DAILY_TR_BASE,2013-07-09,12620.7957000
DAILY_TR_BASE,2013-07-10,12906.2957000
DAILY_TR_BASE,2013-07-11,13138.2957000
DAILY_TR_BASE,2013-07-12,13154.2957000
DAILY_TR_BASE,2013-07-15,13523.7957000
DAILY_TR_BASE,2013-07-16,13583.7957000
DAILY_TR_BASE,2013-07-17,13446.2957000
DAILY_TR_BASE,2013-07-18,13423.2957000
DAILY_TR_BASE,2013-07-19,13194.2957000
DAILY_TR_BASE,2013-07-22,13581.2957000
DAILY_TR_BASE,2013-07-23,13821.7957000
DAILY_TR_BASE,2013-07-24,14011.2957000
DAILY_TR_BASE,2013-07-25,13599.7957000
DAILY_TR_BASE,2013-07-26,13618.7957000
DAILY_TR_BASE,2013-07-29,13340.7957000
DAILY_TR_BASE,2013-07-30,13229.2957000
DAILY_TR_BASE,2013-07-31,13334.2957000
DAILY_TR_BASE,2013-08-01,13812.7957000
DAILY_TR_BASE,2013-08-02,13775.7957000
DAILY_TR_BASE,2013-08-05,14013.2957000
DAILY_TR_BASE,2013-08-06,14086.2957000
DAILY_TR_BASE,2013-08-07,13810.7957000
DAILY_TR_BASE,2013-08-08,13875.7957000
DAILY_TR_BASE,2013-08-09,13843.2957000
DAILY_TR_BASE,2013-08-12,13888.2957000
DAILY_TR_BASE,2013-08-13,13903.2616000
DAILY_TR_BASE,2013-08-14,13933.2089500
DAILY_TR_BASE,2013-08-15,13743.9089500
DAILY_TR_BASE,2013-08-16,13517.9165800
DAILY_TR_BASE,2013-08-19,13673.6165800
DAILY_TR_BASE,2013-08-20,13592.8165800
DAILY_TR_BASE,2013-08-21,13635.5165800
DAILY_TR_BASE,2013-08-22,13645.2165800
DAILY_TR_BASE,2013-08-23,13708.2573000
DAILY_TR_BASE,2013-08-26,13954.6573000
DAILY_TR_BASE,2013-08-27,14049.3573000
DAILY_TR_BASE,2013-08-28,13910.7573000
DAILY_TR_BASE,2013-08-29,13900.5573000
DAILY_TR_BASE,2013-08-30,13790.1439900
DAILY_TR_BASE,2013-09-02,13807.3439900
DAILY_TR_BASE,2013-09-03,14020.9439900
DAILY_TR_BASE,2013-09-04,14012.3439900
DAILY_TR_BASE,2013-09-05,14200.3107000
DAILY_TR_BASE,2013-09-06,14319.7107000
DAILY_TR_BASE,2013-09-09,14332.0107000
DAILY_TR_BASE,2013-09-10,14329.9107000
DAILY_TR_BASE,2013-09-11,14103.8543500
DAILY_TR_BASE,2013-09-12,14588.5268200
DAILY_TR_BASE,2013-09-13,14559.9268200
DAILY_TR_BASE,2013-09-16,14607.1547900
DAILY_TR_BASE,2013-09-17,14423.8547900
DAILY_TR_BASE,2013-09-18,14539.8356100
DAILY_TR_BASE,2013-09-23,14847.8356100
DAILY_TR_BASE,2013-09-24,14873.8356100
DAILY_TR_BASE,2013-09-25,14854.6356100
DAILY_TR_BASE,2013-09-26,14683.0356100
DAILY_TR_BASE,2013-09-27,14787.4356100
DAILY_TR_BASE,2013-09-30,15123.0356100
DAILY_TR_BASE,2013-10-08,15219.8356100
DAILY_TR_BASE,2013-10-09,15453.8356100
DAILY_TR_BASE,2013-10-10,15210.6356100
DAILY_TR_BASE,2013-10-11,15369.8356100
DAILY_TR_BASE,2013-10-14,15503.4356100
DAILY_TR_BASE,2013-10-15,15479.8356100
DAILY_TR_BASE,2013-10-16,15012.2356100
DAILY_TR_BASE,2013-10-17,14896.6356100
DAILY_TR_BASE,2013-10-18,15134.2356100
DAILY_TR_BASE,2013-10-21,15525.0356100
DAILY_TR_BASE,2013-10-22,15157.4356100
DAILY_TR_BASE,2013-10-23,14838.6356100
DAILY_TR_BASE,2013-10-24,14705.4356100
DAILY_TR_BASE,2013-10-25,14448.2356100
DAILY_TR_BASE,2013-10-28,14451.8356100
DAILY_TR_BASE,2013-10-29,14168.6356100
DAILY_TR_BASE,2013-10-30,14328.9903300
DAILY_TR_BASE,2013-10-31,14095.6578900
DAILY_TR_BASE,2013-11-01,14004.4209100
DAILY_TR_BASE,2013-11-04,14016.2209100
DAILY_TR_BASE,2013-11-05,14100.2209100
DAILY_TR_BASE,2013-11-06,13979.4209100
DAILY_TR_BASE,2013-11-07,13857.4209100
DAILY_TR_BASE,2013-11-08,13673.8209100
DAILY_TR_BASE,2013-11-11,13705.6209100
DAILY_TR_BASE,2013-11-12,13816.0209100
DAILY_TR_BASE,2013-11-13,13597.0209100
DAILY_TR_BASE,2013-11-14,13687.2209100
DAILY_TR_BASE,2013-11-15,13900.9354100
DAILY_TR_BASE,2013-11-18,14195.1880200
DAILY_TR_BASE,2013-11-19,14196.0880200
DAILY_TR_BASE,2013-11-20,14223.5656900
DAILY_TR_BASE,2013-11-21,14182.3656900
DAILY_TR_BASE,2013-11-22,14125.9656900
DAILY_TR_BASE,2013-11-25,14112.1656900
DAILY_TR_BASE,2013-11-26,14074.5656900
DAILY_TR_BASE,2013-11-27,14354.3968500
DAILY_TR_BASE,2013-11-28,14433.1968500
DAILY_TR_BASE,2013-11-29,14612.1968500
DAILY_TR_BASE,2013-12-02,13674.5968500
DAILY_TR_BASE,2013-12-03,13727.7883300
DAILY_TR_BASE,2013-12-04,13924.5883300
DAILY_TR_BASE,2013-12-05,13924.5883300
DAILY_TR_BASE,2013-12-06,13871.7883300
DAILY_TR_BASE,2013-12-09,13911.3883300
DAILY_TR_BASE,2013-12-10,13908.9883300
DAILY_TR_BASE,2013-12-11,13749.3883300
DAILY_TR_BASE,2013-12-12,13749.3883300
DAILY_TR_BASE,2013-12-13,13758.9883300
DAILY_TR_BASE,2013-12-16,13548.9883300
DAILY_TR_BASE,2013-12-17,13432.8473800
DAILY_TR_BASE,2013-12-18,13407.9243400
DAILY_TR_BASE,2013-12-19,13305.6243400
DAILY_TR_BASE,2013-12-20,13209.0607600
DAILY_TR_BASE,2013-12-23,13125.8607600
DAILY_TR_BASE,2013-12-24,13133.4554100
DAILY_TR_BASE,2013-12-25,13315.5548300
DAILY_TR_BASE,2013-12-26,13119.8548300
DAILY_TR_BASE,2013-12-27,13356.0548300
DAILY_TR_BASE,2013-12-30,13405.7548300
DAILY_TR_BASE,2013-12-31,13405.5548300
DAILY_TR_BASE,2014-01-02,13589.5548300
DAILY_TR_BASE,2014-01-03,13639.6548300
DAILY_TR_BASE,2014-01-06,13349.4548300
DAILY_TR_BASE,2014-01-07,13489.3548300
DAILY_TR_BASE,2014-01-08,13734.6548300
DAILY_TR_BASE,2014-01-09,13551.7548300
DAILY_TR_BASE,2014-01-10,13326.9548300
DAILY_TR_BASE,2014-01-13,13355.3548300
DAILY_TR_BASE,2014-01-14,13648.8548300
DAILY_TR_BASE,2014-01-15,13743.5548300
DAILY_TR_BASE,2014-01-16,13687.8548300
DAILY_TR_BASE,2014-01-17,13590.6548300
DAILY_TR_BASE,2014-01-20,13433.9548300
DAILY_TR_BASE,2014-01-21,13684.4548300
DAILY_TR_BASE,2014-01-22,13942.6548300
DAILY_TR_BASE,2014-01-23,14133.1548300
DAILY_TR_BASE,2014-01-24,14336.4548300
DAILY_TR_BASE,2014-01-27,14293.2548300
DAILY_TR_BASE,2014-01-28,14263.2548300
DAILY_TR_BASE,2014-01-29,14425.5548300
DAILY_TR_BASE,2014-01-30,14377.8548300
DAILY_TR_BASE,2014-02-07,14659.9548300
DAILY_TR_BASE,2014-02-10,14923.7548300
DAILY_TR_BASE,2014-02-11,14827.7548300
DAILY_TR_BASE,2014-02-12,14960.7548300
DAILY_TR_BASE,2014-02-13,14602.3548300
DAILY_TR_BASE,2014-02-14,14845.0548300
DAILY_TR_BASE,2014-02-17,15165.6548300
DAILY_TR_BASE,2014-02-18,15083.0548300
DAILY_TR_BASE,2014-02-19,15083.9548300
DAILY_TR_BASE,2014-02-20,14880.6548300
DAILY_TR_BASE,2014-02-21,14841.4548300
DAILY_TR_BASE,2014-02-24,14916.8548300
DAILY_TR_BASE,2014-02-25,14349.7548300
DAILY_TR_BASE,2014-02-26,14378.6548300
DAILY_TR_BASE,2014-02-27,14078.4548300
DAILY_TR_BASE,2014-02-28,14216.1548300
DAILY_TR_BASE,2014-03-03,14360.1613400
DAILY_TR_BASE,2014-03-04,14330.6529600
DAILY_TR_BASE,2014-03-05,14323.4529600
DAILY_TR_BASE,2014-03-06,14313.2529600
DAILY_TR_BASE,2014-03-07,14254.7456600
DAILY_TR_BASE,2014-03-10,13821.0456600
DAILY_TR_BASE,2014-03-11,13852.8456600
DAILY_TR_BASE,2014-03-12,13858.6456600
DAILY_TR_BASE,2014-03-13,14022.7456600
DAILY_TR_BASE,2014-03-14,13934.6157900
DAILY_TR_BASE,2014-03-17,14251.4157900
DAILY_TR_BASE,2014-03-18,14312.6157900
DAILY_TR_BASE,2014-03-19,14213.3157900
DAILY_TR_BASE,2014-03-20,13851.2157900
DAILY_TR_BASE,2014-03-21,13965.2157900
DAILY_TR_BASE,2014-03-24,14014.6838200
DAILY_TR_BASE,2014-03-25,14005.9838200
DAILY_TR_BASE,2014-03-26,14028.7838200
DAILY_TR_BASE,2014-03-27,13899.7838200
DAILY_TR_BASE,2014-03-28,13760.0838200
DAILY_TR_BASE,2014-03-31,13699.7838200
DAILY_TR_BASE,2014-04-01,13831.4838200
DAILY_TR_BASE,2014-04-02,13886.4838200
DAILY_TR_BASE,2014-04-03,13831.5838200
DAILY_TR_BASE,2014-04-04,13969.6838200
DAILY_TR_BASE,2014-04-08,14194.5838200
DAILY_TR_BASE,2014-04-09,14239.9838200
DAILY_TR_BASE,2014-04-10,14372.8838200
DAILY_TR_BASE,2014-04-11,14341.4838200
DAILY_TR_BASE,2014-04-14,14389.8838200
DAILY_TR_BASE,2014-04-15,14228.2838200
DAILY_TR_BASE,2014-04-16,14222.5838200
DAILY_TR_BASE,2014-04-17,14205.2838200
DAILY_TR_BASE,2014-04-18,14222.1838200
DAILY_TR_BASE,2014-04-21,13997.8838200
DAILY_TR_BASE,2014-04-22,14007.1838200
DAILY_TR_BASE,2014-04-23,13961.2838200
DAILY_TR_BASE,2014-04-24,13910.1838200
DAILY_TR_BASE,2014-04-25,13695.0838200
DAILY_TR_BASE,2014-04-28,13425.6838200
DAILY_TR_BASE,2014-04-29,13560.5838200
DAILY_TR_BASE,2014-04-30,13603.2838200
DAILY_TR_BASE,2014-05-05,13657.4838200
DAILY_TR_BASE,2014-05-06,13686.1429600
DAILY_TR_BASE,2014-05-07,13511.1429600
DAILY_TR_BASE,2014-05-08,13475.5429600
DAILY_TR_BASE,2014-05-09,13367.0429600
DAILY_TR_BASE,2014-05-12,13630.1170400
DAILY_TR_BASE,2014-05-13,13601.9170400
DAILY_TR_BASE,2014-05-14,13584.8170400
DAILY_TR_BASE,2014-05-15,13420.7170400
DAILY_TR_BASE,2014-05-16,13406.5170400
DAILY_TR_BASE,2014-05-19,13279.7170400
DAILY_TR_BASE,2014-05-20,13302.6170400
DAILY_TR_BASE,2014-05-21,13409.9170400
DAILY_TR_BASE,2014-05-22,13393.1170400
DAILY_TR_BASE,2014-05-23,13591.6379200
DAILY_TR_BASE,2014-05-26,13702.4379200
DAILY_TR_BASE,2014-05-27,13608.5005400
DAILY_TR_BASE,2014-05-28,13860.2005400
DAILY_TR_BASE,2014-05-29,13662.2005400
DAILY_TR_BASE,2014-05-30,13698.5005400
DAILY_TR_BASE,2014-06-03,13662.2005400
DAILY_TR_BASE,2014-06-04,13655.0005400
DAILY_TR_BASE,2014-06-05,13867.4005400
DAILY_TR_BASE,2014-06-06,13831.1005400
DAILY_TR_BASE,2014-06-09,13655.9005400
DAILY_TR_BASE,2014-06-10,13879.7005400
DAILY_TR_BASE,2014-06-11,13970.6005400
DAILY_TR_BASE,2014-06-12,13944.8005400
DAILY_TR_BASE,2014-06-13,14090.0005400
DAILY_TR_BASE,2014-06-16,14180.9005400
DAILY_TR_BASE,2014-06-17,14067.2005400
DAILY_TR_BASE,2014-06-18,13976.3005400
DAILY_TR_BASE,2014-06-19,13584.5005400
DAILY_TR_BASE,2014-06-20,13708.7005400
DAILY_TR_BASE,2014-06-23,13883.9005400
DAILY_TR_BASE,2014-06-24,13971.8005400
DAILY_TR_BASE,2014-06-25,13870.4005400
DAILY_TR_BASE,2014-06-26,14079.8005400
DAILY_TR_BASE,2014-06-27,14123.6005400
DAILY_TR_BASE,2014-06-30,14258.3005400
DAILY_TR_BASE,2014-07-01,14347.1005400
DAILY_TR_BASE,2014-07-02,14431.1005400
DAILY_TR_BASE,2014-07-03,14493.8005400
DAILY_TR_BASE,2014-07-04,14438.3005400
DAILY_TR_BASE,2014-07-07,14368.1005400
DAILY_TR_BASE,2014-07-08,14495.3005400
DAILY_TR_BASE,2014-07-09,14264.0005400
DAILY_TR_BASE,2014-07-10,14157.5005400
DAILY_TR_BASE,2014-07-11,14227.4011900
DAILY_TR_BASE,2014-07-14,14405.6011900
DAILY_TR_BASE,2014-07-15,14408.3011900
DAILY_TR_BASE,2014-07-16,14354.1011900
DAILY_TR_BASE,2014-07-17,14282.4011900
DAILY_TR_BASE,2014-07-18,14325.7011900
DAILY_TR_BASE,2014-07-21,14305.7011900
DAILY_TR_BASE,2014-07-22,14472.3011900
DAILY_TR_BASE,2014-07-23,14438.3011900
DAILY_TR_BASE,2014-07-24,14571.8011900
DAILY_TR_BASE,2014-07-25,14704.2011900
DAILY_TR_BASE,2014-07-28,14998.0011900
DAILY_TR_BASE,2014-07-29,15078.1011900
DAILY_TR_BASE,2014-07-30,15066.3011900
DAILY_TR_BASE,2014-07-31,15238.9011900
DAILY_TR_BASE,2014-08-01,15092.1011900
DAILY_TR_BASE,2014-08-04,15331.2011900
DAILY_TR_BASE,2014-08-05,15339.4011900
DAILY_TR_BASE,2014-08-06,15347.2011900
DAILY_TR_BASE,2014-08-07,15209.1011900
DAILY_TR_BASE,2014-08-08,15246.2011900
DAILY_TR_BASE,2014-08-11,15450.2011900
DAILY_TR_BASE,2014-08-12,15461.1011900
DAILY_TR_BASE,2014-08-13,15481.4011900
DAILY_TR_BASE,2014-08-14,15351.7011900
DAILY_TR_BASE,2014-08-15,15524.2011900
DAILY_TR_BASE,2014-08-18,15650.0011900
DAILY_TR_BASE,2014-08-19,15672.9011900
DAILY_TR_BASE,2014-08-20,15646.8011900
DAILY_TR_BASE,2014-08-21,15741.3859200
DAILY_TR_BASE,2014-08-22,15856.1859200
DAILY_TR_BASE,2014-08-25,15695.1859200
DAILY_TR_BASE,2014-08-26,15428.1859200
DAILY_TR_BASE,2014-08-27,15488.7859200
DAILY_TR_BASE,2014-08-28,15337.1859200
DAILY_TR_BASE,2014-08-29,15541.1859200
DAILY_TR_BASE,2014-09-01,15773.7859200
DAILY_TR_BASE,2014-09-02,15950.7859200
DAILY_TR_BASE,2014-09-03,16051.7859200
DAILY_TR_BASE,2014-09-04,16192.1859200
DAILY_TR_BASE,2014-09-05,16240.7859200
DAILY_TR_BASE,2014-09-09,16286.7859200
DAILY_TR_BASE,2014-09-10,16342.9859200
DAILY_TR_BASE,2014-09-11,16351.7859200
DAILY_TR_BASE,2014-09-12,16501.3859200
DAILY_TR_BASE,2014-09-15,16568.5859200
DAILY_TR_BASE,2014-09-16,16097.1859200
DAILY_TR_BASE,2014-09-17,16168.7859200
DAILY_TR_BASE,2014-09-18,16299.1859200
DAILY_TR_BASE,2014-09-19,16386.3859200
DAILY_TR_BASE,2014-09-22,16189.9859200
DAILY_TR_BASE,2014-09-23,16385.7859200
DAILY_TR_BASE,2014-09-24,16576.5859200
DAILY_TR_BASE,2014-09-25,16515.3859200
DAILY_TR_BASE,2014-09-26,16558.3859200
DAILY_TR_BASE,2014-09-29,16727.3859200
DAILY_TR_BASE,2014-09-30,16832.7859200
DAILY_TR_BASE,2014-10-08,17042.1859200
DAILY_TR_BASE,2014-10-09,17067.7859200
DAILY_TR_BASE,2014-10-10,16993.5859200
DAILY_TR_BASE,2014-10-13,16964.1859200
DAILY_TR_BASE,2014-10-14,16870.5859200
DAILY_TR_BASE,2014-10-15,16949.1859200
DAILY_TR_BASE,2014-10-16,16731.5859200
DAILY_TR_BASE,2014-10-17,16601.8797100
DAILY_TR_BASE,2014-10-20,16739.3797100
DAILY_TR_BASE,2014-10-21,16544.6537900
DAILY_TR_BASE,2014-10-22,16402.8537900
DAILY_TR_BASE,2014-10-23,16181.0537900
DAILY_TR_BASE,2014-10-24,16184.6759700
DAILY_TR_BASE,2014-10-27,16270.4109600
DAILY_TR_BASE,2014-10-28,16593.2109600
DAILY_TR_BASE,2014-10-29,16736.6109600
DAILY_TR_BASE,2014-10-30,16680.4109600
DAILY_TR_BASE,2014-10-31,16796.1048900
DAILY_TR_BASE,2014-11-03,16841.0048900
DAILY_TR_BASE,2014-11-04,16792.0048900
DAILY_TR_BASE,2014-11-05,16772.5048900
DAILY_TR_BASE,2014-11-06,16829.4048900
DAILY_TR_BASE,2014-11-07,16733.9048900
DAILY_TR_BASE,2014-11-10,17020.8048900
DAILY_TR_BASE,2014-11-11,16739.3048900
DAILY_TR_BASE,2014-11-12,16973.7048900
DAILY_TR_BASE,2014-11-13,16870.8048900
DAILY_TR_BASE,2014-11-14,16857.9048900
DAILY_TR_BASE,2014-11-17,16907.0048900
DAILY_TR_BASE,2014-11-18,16820.4048900
DAILY_TR_BASE,2014-11-19,16835.0048900
DAILY_TR_BASE,2014-11-20,16835.8048900
DAILY_TR_BASE,2014-11-21,17064.3048900
DAILY_TR_BASE,2014-11-24,17406.0048900
DAILY_TR_BASE,2014-11-25,17600.6048900
DAILY_TR_BASE,2014-11-26,17714.6048900
DAILY_TR_BASE,2014-11-27,17851.9048900
DAILY_TR_BASE,2014-11-28,18016.3048900
DAILY_TR_BASE,2014-12-01,17987.2048900
DAILY_TR_BASE,2014-12-02,18417.5048900
DAILY_TR_BASE,2014-12-03,18612.9048900
DAILY_TR_BASE,2014-12-04,19302.7048900
DAILY_TR_BASE,2014-12-05,19080.2048900
DAILY_TR_BASE,2014-12-08,19629.0048900
DAILY_TR_BASE,2014-12-09,18763.5048900
DAILY_TR_BASE,2014-12-10,19399.0048900
DAILY_TR_BASE,2014-12-11,19400.1048900
DAILY_TR_BASE,2014-12-12,19477.7048900
DAILY_TR_BASE,2014-12-15,19720.0048900
DAILY_TR_BASE,2014-12-16,19956.6048900
DAILY_TR_BASE,2014-12-17,20057.1048900
DAILY_TR_BASE,2014-12-18,20067.1048900
DAILY_TR_BASE,2014-12-19,20136.5048900
DAILY_TR_BASE,2014-12-22,19748.3048900
DAILY_TR_BASE,2014-12-23,19370.0048900
DAILY_TR_BASE,2014-12-24,19202.9048900
DAILY_TR_BASE,2014-12-25,19701.7048900
DAILY_TR_BASE,2014-12-26,20162.6048900
DAILY_TR_BASE,2014-12-29,19989.1048900
DAILY_TR_BASE,2014-12-30,19848.7048900
DAILY_TR_BASE,2014-12-31,20223.9048900
DAILY_TR_BASE,2015-01-05,20684.1048900
DAILY_TR_BASE,2015-01-06,20735.8048900
DAILY_TR_BASE,2015-01-07,20738.3048900
DAILY_TR_BASE,2015-01-08,20430.7048900
DAILY_TR_BASE,2015-01-09,20312.1048900
DAILY_TR_BASE,2015-01-12,20161.4048900
DAILY_TR_BASE,2015-01-13,20159.5026700
DAILY_TR_BASE,2015-01-14,20051.7026700
DAILY_TR_BASE,2015-01-15,20444.0678900
DAILY_TR_BASE,2015-01-16,20609.8678900
DAILY_TR_BASE,2015-01-19,19382.9706500
DAILY_TR_BASE,2015-01-20,20149.9706500
DAILY_TR_BASE,2015-01-21,20616.7706500
DAILY_TR_BASE,2015-01-22,20804.5634700
DAILY_TR_BASE,2015-01-23,20465.5634700
DAILY_TR_BASE,2015-01-26,20742.3310100
DAILY_TR_BASE,2015-01-27,20663.5310100
DAILY_TR_BASE,2015-01-28,20520.7952800
DAILY_TR_BASE,2015-01-29,20373.1952800
DAILY_TR_BASE,2015-01-30,20100.5952800
DAILY_TR_BASE,2015-02-02,20149.5952800
DAILY_TR_BASE,2015-02-03,20620.1952800
DAILY_TR_BASE,2015-02-04,20601.7952800
DAILY_TR_BASE,2015-02-05,20599.5952800
DAILY_TR_BASE,2015-02-06,20150.9952800
DAILY_TR_BASE,2015-02-09,20009.1952800
DAILY_TR_BASE,2015-02-10,20343.3952800
DAILY_TR_BASE,2015-02-11,20553.9952800
DAILY_TR_BASE,2015-02-12,20713.3952800
DAILY_TR_BASE,2015-02-13,21087.9952800
DAILY_TR_BASE,2015-02-16,21659.9952800
DAILY_TR_BASE,2015-02-17,21650.3952800
DAILY_TR_BASE,2015-02-25,21531.9952800
DAILY_TR_BASE,2015-02-26,21709.5952800
DAILY_TR_BASE,2015-02-27,22082.5952800
DAILY_TR_BASE,2015-03-02,22576.9952800
DAILY_TR_BASE,2015-03-03,22333.7952800
DAILY_TR_BASE,2015-03-04,22844.3952800
DAILY_TR_BASE,2015-03-05,22809.9952800
DAILY_TR_BASE,2015-03-06,22340.1952800
DAILY_TR_BASE,2015-03-09,22771.5952800
DAILY_TR_BASE,2015-03-10,23081.5952800
DAILY_TR_BASE,2015-03-11,23008.5952800
DAILY_TR_BASE,2015-03-12,22884.9952800
DAILY_TR_BASE,2015-03-13,23303.7952800
DAILY_TR_BASE,2015-03-16,24020.7952800
DAILY_TR_BASE,2015-03-17,24120.9952800
DAILY_TR_BASE,2015-03-18,24546.7952800
DAILY_TR_BASE,2015-03-19,24634.5952800
DAILY_TR_BASE,2015-03-20,24906.7952800
DAILY_TR_BASE,2015-03-23,25783.9952800
DAILY_TR_BASE,2015-03-24,26054.7952800
DAILY_TR_BASE,2015-03-25,26243.1952800
DAILY_TR_BASE,2015-03-26,25601.5952800
DAILY_TR_BASE,2015-03-27,25999.9952800
DAILY_TR_BASE,2015-03-30,26006.9952800
DAILY_TR_BASE,2015-03-31,26262.9952800
DAILY_TR_BASE,2015-04-01,26844.7952800
DAILY_TR_BASE,2015-04-02,27468.1952800
DAILY_TR_BASE,2015-04-03,27776.9952800
DAILY_TR_BASE,2015-04-07,28359.1952800
DAILY_TR_BASE,2015-04-08,27831.9952800
DAILY_TR_BASE,2015-04-09,27430.3632000
DAILY_TR_BASE,2015-04-10,28122.4973300
DAILY_TR_BASE,2015-04-13,28262.8973300
DAILY_TR_BASE,2015-04-14,28198.88386280553135446474720
DAILY_TR_BASE,2015-04-15,27333.9433300
DAILY_TR_BASE,2015-04-16,27678.1363300
DAILY_TR_BASE,2015-04-17,27992.1750700
DAILY_TR_BASE,2015-04-20,27530.5350700
DAILY_TR_BASE,2015-04-21,28232.5980700
DAILY_TR_BASE,2015-04-22,28969.3480700
DAILY_TR_BASE,2015-04-23,29040.4890700
DAILY_TR_BASE,2015-04-24,29040.9020700
DAILY_TR_BASE,2015-04-27,29185.7244570
DAILY_TR_BASE,2015-04-28,28679.6335070
DAILY_TR_BASE,2015-04-29,29741.9663770
DAILY_TR_BASE,2015-04-30,29791.4816270
DAILY_TR_BASE,2015-05-04,29824.4754170
DAILY_TR_BASE,2015-05-05,28788.0624470
DAILY_TR_BASE,2015-05-06,28837.2406970
DAILY_TR_BASE,2015-05-07,28371.6406970
DAILY_TR_BASE,2015-05-08,29542.4406970
DAILY_TR_BASE,2015-05-11,30692.8406970
DAILY_TR_BASE,2015-05-12,31170.6072070
DAILY_TR_BASE,2015-05-13,30873.6072070
DAILY_TR_BASE,2015-05-14,30695.1072070
DAILY_TR_BASE,2015-05-15,30656.1072070
DAILY_TR_BASE,2015-05-18,31541.1072070
DAILY_TR_BASE,2015-05-19,32009.1072070
DAILY_TR_BASE,2015-05-20,32598.6072070
DAILY_TR_BASE,2015-05-21,33893.1072070
DAILY_TR_BASE,2015-05-22,33966.6072070
DAILY_TR_BASE,2015-05-25,33989.1072070
DAILY_TR_BASE,2015-05-26,35204.1072070
DAILY_TR_BASE,2015-05-27,35378.1072070
DAILY_TR_BASE,2015-05-28,33570.6072070
DAILY_TR_BASE,2015-05-29,34298.1072070
DAILY_TR_BASE,2015-06-01,36089.1072070
DAILY_TR_BASE,2015-06-02,37418.1072070
DAILY_TR_BASE,2015-06-03,37404.6072070
DAILY_TR_BASE,2015-06-04,37260.6072070
DAILY_TR_BASE,2015-06-05,37431.6072070
DAILY_TR_BASE,2015-06-08,36327.6072070
DAILY_TR_BASE,2015-06-09,36390.6072070
DAILY_TR_BASE,2015-06-10,37271.1072070
DAILY_TR_BASE,2015-06-11,37613.1072070
DAILY_TR_BASE,2015-06-12,38084.1072070
DAILY_TR_BASE,2015-06-15,36821.1072070
DAILY_TR_BASE,2015-06-16,35484.2066670
DAILY_TR_BASE,2015-06-17,36091.7066670
DAILY_TR_BASE,2015-06-18,34381.3450770
DAILY_TR_BASE,2015-06-19,32110.8931570
DAILY_TR_BASE,2015-06-23,32613.1931570
DAILY_TR_BASE,2015-06-24,32791.6872570
DAILY_TR_BASE,2015-06-25,31807.5442070
DAILY_TR_BASE,2015-06-26,29360.3442070
DAILY_TR_BASE,2015-06-29,28133.3442070
DAILY_TR_BASE,2015-06-30,29936.7442070
DAILY_TR_BASE,2015-07-01,28049.5442070
DAILY_TR_BASE,2015-07-02,27275.7442070
DAILY_TR_BASE,2015-07-03,25881.3442070
DAILY_TR_BASE,2015-07-06,26199.3442070
DAILY_TR_BASE,2015-07-07,24859.1442070
DAILY_TR_BASE,2015-07-08,22747.9442070
DAILY_TR_BASE,2015-07-09,24646.9442070
DAILY_TR_BASE,2015-07-10,26733.3442070
DAILY_TR_BASE,2015-07-13,27909.9442070
DAILY_TR_BASE,2015-07-14,27254.1442070
DAILY_TR_BASE,2015-07-15,25540.3923370
DAILY_TR_BASE,2015-07-16,26208.1923370
DAILY_TR_BASE,2015-07-17,27635.4923370
DAILY_TR_BASE,2015-07-20,27608.8923370
DAILY_TR_BASE,2015-07-21,27766.7923370
DAILY_TR_BASE,2015-07-22,27927.6923370
DAILY_TR_BASE,2015-07-23,28579.8923370
DAILY_TR_BASE,2015-07-24,27933.8923370
DAILY_TR_BASE,2015-07-27,25401.0923370
DAILY_TR_BASE,2015-07-28,24955.5511370
DAILY_TR_BASE,2015-07-29,26134.7571370
DAILY_TR_BASE,2015-07-30,24917.6509970
DAILY_TR_BASE,2015-07-31,24650.0509970
DAILY_TR_BASE,2015-08-03,24238.5417170
DAILY_TR_BASE,2015-08-04,25912.2340070
DAILY_TR_BASE,2015-08-05,25275.2340070
DAILY_TR_BASE,2015-08-06,25168.2340070
DAILY_TR_BASE,2015-08-07,26056.8340070
DAILY_TR_BASE,2015-08-10,27473.4340070
DAILY_TR_BASE,2015-08-11,27157.8340070
DAILY_TR_BASE,2015-08-12,26725.5530070
DAILY_TR_BASE,2015-08-13,27359.7252870
DAILY_TR_BASE,2015-08-14,27316.1252870
DAILY_TR_BASE,2015-08-17,27706.2244870
DAILY_TR_BASE,2015-08-18,25794.8244870
DAILY_TR_BASE,2015-08-19,26443.8244870
DAILY_TR_BASE,2015-08-20,25681.8244870
DAILY_TR_BASE,2015-08-21,24543.4244870
DAILY_TR_BASE,2015-08-24,22379.4244870
DAILY_TR_BASE,2015-08-25,20569.2244870
DAILY_TR_BASE,2015-08-26,20822.6244870
DAILY_TR_BASE,2015-08-27,21762.2244870
DAILY_TR_BASE,2015-08-28,22744.6244870
DAILY_TR_BASE,2015-08-31,22345.6244870
DAILY_TR_BASE,2015-09-01,21669.6244870
DAILY_TR_BASE,2015-09-02,21422.6244870
DAILY_TR_BASE,2015-09-07,21379.4244870
DAILY_TR_BASE,2015-09-08,22118.2244870
DAILY_TR_BASE,2015-09-09,22572.0244870
DAILY_TR_BASE,2015-09-10,22146.8244870
DAILY_TR_BASE,2015-09-11,22237.8244870
DAILY_TR_BASE,2015-09-14,21095.4244870
DAILY_TR_BASE,2015-09-15,20391.6244870
DAILY_TR_BASE,2015-09-16,21593.6244870
DAILY_TR_BASE,2015-09-17,21108.2605370
DAILY_TR_BASE,2015-09-18,21433.9605370
DAILY_TR_BASE,2015-09-21,22349.9605370
DAILY_TR_BASE,2015-09-22,22287.5605370
DAILY_TR_BASE,2015-09-23,21934.1605370
DAILY_TR_BASE,2015-09-24,22110.7605370
DAILY_TR_BASE,2015-09-25,21435.5605370
DAILY_TR_BASE,2015-09-28,22200.8605370
DAILY_TR_BASE,2015-09-29,21875.0605370
DAILY_TR_BASE,2015-09-30,21848.7605370
DAILY_TR_BASE,2015-10-08,22953.6605370
DAILY_TR_BASE,2015-10-09,23163.8665370
DAILY_TR_BASE,2015-10-12,24173.3665370
DAILY_TR_BASE,2015-10-13,24296.3665370
DAILY_TR_BASE,2015-10-14,23989.3665370
DAILY_TR_BASE,2015-10-15,24951.8665370
DAILY_TR_BASE,2015-10-16,25214.8665370
DAILY_TR_BASE,2015-10-19,25101.3665370
DAILY_TR_BASE,2015-10-20,25692.8665370
DAILY_TR_BASE,2015-10-21,24203.3665370
DAILY_TR_BASE,2015-10-22,25206.3665370
DAILY_TR_BASE,2015-10-23,25886.3665370
DAILY_TR_BASE,2015-10-26,25735.3665370
DAILY_TR_BASE,2015-10-27,26062.8665370
DAILY_TR_BASE,2015-10-28,25335.3665370
DAILY_TR_BASE,2015-10-29,25415.3665370
DAILY_TR_BASE,2015-10-30,25391.3665370
DAILY_TR_BASE,2015-11-02,24982.3665370
DAILY_TR_BASE,2015-11-03,24901.3665370
DAILY_TR_BASE,2015-11-04,26514.3665370
DAILY_TR_BASE,2015-11-05,26251.3665370
DAILY_TR_BASE,2015-11-06,27050.8665370
DAILY_TR_BASE,2015-11-09,27360.8665370
DAILY_TR_BASE,2015-11-10,27498.3665370
DAILY_TR_BASE,2015-11-11,28084.3665370
DAILY_TR_BASE,2015-11-12,27960.3665370
DAILY_TR_BASE,2015-11-13,27375.8665370
DAILY_TR_BASE,2015-11-16,28119.8665370
DAILY_TR_BASE,2015-11-17,27419.8665370
DAILY_TR_BASE,2015-11-18,26974.8665370
DAILY_TR_BASE,2015-11-19,27889.8665370
DAILY_TR_BASE,2015-11-20,28098.3665370
DAILY_TR_BASE,2015-11-23,27836.3665370
DAILY_TR_BASE,2015-11-24,28198.8665370
DAILY_TR_BASE,2015-11-25,28781.8665370
DAILY_TR_BASE,2015-11-26,28309.3665370
DAILY_TR_BASE,2015-11-27,26693.3665370
DAILY_TR_BASE,2015-11-30,26802.8665370
DAILY_TR_BASE,2015-12-01,26812.8665370
DAILY_TR_BASE,2015-12-02,26552.3665370
DAILY_TR_BASE,2015-12-03,26822.4568470
DAILY_TR_BASE,2015-12-04,26552.5572570
DAILY_TR_BASE,2015-12-07,26938.7572570
DAILY_TR_BASE,2015-12-08,26468.7572570
DAILY_TR_BASE,2015-12-09,26280.0572570
DAILY_TR_BASE,2015-12-10,26188.6752370
DAILY_TR_BASE,2015-12-11,26023.1106170
DAILY_TR_BASE,2015-12-14,26588.5106170
DAILY_TR_BASE,2015-12-15,26457.4409870
DAILY_TR_BASE,2015-12-16,26520.1758870
DAILY_TR_BASE,2015-12-17,27182.2576970
DAILY_TR_BASE,2015-12-18,27077.2576970
DAILY_TR_BASE,2015-12-21,27335.3688470
DAILY_TR_BASE,2015-12-22,27319.3688470
DAILY_TR_BASE,2015-12-23,27157.6445470
DAILY_TR_BASE,2015-12-24,27014.9445470
DAILY_TR_BASE,2015-12-25,27129.4445470
DAILY_TR_BASE,2015-12-28,26477.2445470
DAILY_TR_BASE,2015-12-29,26710.2445470
DAILY_TR_BASE,2015-12-30,26798.6445470
DAILY_TR_BASE,2015-12-31,26232.2133370
DAILY_TR_BASE,2016-01-04,24462.3088770
DAILY_TR_BASE,2016-01-05,24332.5088770
DAILY_TR_BASE,2016-01-06,24728.0088770
DAILY_TR_BASE,2016-01-07,23449.2088770
DAILY_TR_BASE,2016-01-08,23410.1088770
DAILY_TR_BASE,2016-01-11,22216.6088770
DAILY_TR_BASE,2016-01-12,22272.9088770
DAILY_TR_BASE,2016-01-13,21839.4088770
DAILY_TR_BASE,2016-01-14,22314.3088770
DAILY_TR_BASE,2016-01-15,21652.2088770
DAILY_TR_BASE,2016-01-18,21788.9088770
DAILY_TR_BASE,2016-01-19,22366.5088770
DAILY_TR_BASE,2016-01-20,22121.0893570
DAILY_TR_BASE,2016-01-21,21467.6893570
DAILY_TR_BASE,2016-01-22,21729.8893570
DAILY_TR_BASE,2016-01-25,21757.6893570
DAILY_TR_BASE,2016-01-26,20497.6893570
DAILY_TR_BASE,2016-01-27,20227.8891670
DAILY_TR_BASE,2016-01-28,19624.0674570
DAILY_TR_BASE,2016-01-29,20215.9674570
DAILY_TR_BASE,2016-02-01,20193.5674570
DAILY_TR_BASE,2016-02-02,20755.3674570
DAILY_TR_BASE,2016-02-03,20788.7674570
DAILY_TR_BASE,2016-02-04,21082.4674570
DAILY_TR_BASE,2016-02-05,20842.5893570
DAILY_TR_BASE,2016-02-15,20782.2123270
DAILY_TR_BASE,2016-02-16,21529.2120470
DAILY_TR_BASE,2016-02-17,21665.2120470
DAILY_TR_BASE,2016-02-18,21532.8120470
DAILY_TR_BASE,2016-02-19,21642.4120470
DAILY_TR_BASE,2016-02-22,22012.0120470
DAILY_TR_BASE,2016-02-23,21850.5120470
DAILY_TR_BASE,2016-02-24,21803.5120470
DAILY_TR_BASE,2016-02-25,20107.9120470
DAILY_TR_BASE,2016-02-26,20213.5120470
DAILY_TR_BASE,2016-02-29,19406.3928370
DAILY_TR_BASE,2016-03-01,19816.7928370
DAILY_TR_BASE,2016-03-02,20684.8928370
DAILY_TR_BASE,2016-03-03,20655.6928370
DAILY_TR_BASE,2016-03-04,20506.3928370
DAILY_TR_BASE,2016-03-07,20825.2928370
DAILY_TR_BASE,2016-03-08,20845.1928370
DAILY_TR_BASE,2016-03-09,20453.5928370
DAILY_TR_BASE,2016-03-10,20170.4928370
DAILY_TR_BASE,2016-03-11,20150.3928370
DAILY_TR_BASE,2016-03-14,20677.3928370
DAILY_TR_BASE,2016-03-15,20526.3928370
DAILY_TR_BASE,2016-03-16,20492.3928370
DAILY_TR_BASE,2016-03-17,20930.8928370
DAILY_TR_BASE,2016-03-18,21422.7928370
DAILY_TR_BASE,2016-03-21,21830.2928370
DAILY_TR_BASE,2016-03-22,21717.0928370
DAILY_TR_BASE,2016-03-23,21825.6928370
DAILY_TR_BASE,2016-03-24,21414.2474770
DAILY_TR_BASE,2016-03-25,21449.9474770
DAILY_TR_BASE,2016-03-28,21237.3474770
DAILY_TR_BASE,2016-03-29,20935.0038870
DAILY_TR_BASE,2016-03-30,21814.5038870
DAILY_TR_BASE,2016-03-31,21669.0038870
DAILY_TR_BASE,2016-04-01,21536.3038870
DAILY_TR_BASE,2016-04-05,22083.4038870
DAILY_TR_BASE,2016-04-06,22203.2038870
DAILY_TR_BASE,2016-04-07,21917.6038870
DAILY_TR_BASE,2016-04-08,21737.1038870
DAILY_TR_BASE,2016-04-11,22116.6038870
DAILY_TR_BASE,2016-04-12,22033.3038870
DAILY_TR_BASE,2016-04-13,22256.8038870
DAILY_TR_BASE,2016-04-14,22483.8038870
DAILY_TR_BASE,2016-04-15,22392.1038870
DAILY_TR_BASE,2016-04-18,22060.1038870
DAILY_TR_BASE,2016-04-19,22082.7038870
DAILY_TR_BASE,2016-04-20,21048.1038870
DAILY_TR_BASE,2016-04-21,20969.4701870
DAILY_TR_BASE,2016-04-22,21066.9701870
DAILY_TR_BASE,2016-04-25,20990.4701870
DAILY_TR_BASE,2016-04-26,21165.9701870
DAILY_TR_BASE,2016-04-27,21072.9701870
DAILY_TR_BASE,2016-04-28,20990.4701870
DAILY_TR_BASE,2016-04-29,20991.9701870
DAILY_TR_BASE,2016-05-03,21473.4701870
DAILY_TR_BASE,2016-05-04,21399.2502370
DAILY_TR_BASE,2016-05-05,21445.0406370
DAILY_TR_BASE,2016-05-06,20845.0406370
DAILY_TR_BASE,2016-05-09,20314.0406370
DAILY_TR_BASE,2016-05-10,20276.5406370
DAILY_TR_BASE,2016-05-11,20296.0406370
DAILY_TR_BASE,2016-05-12,20332.0406370
DAILY_TR_BASE,2016-05-13,20269.0406370
DAILY_TR_BASE,2016-05-16,20465.5406370
DAILY_TR_BASE,2016-05-17,20437.0406370
DAILY_TR_BASE,2016-05-18,20128.0406370
DAILY_TR_BASE,2016-05-19,20153.5406370
DAILY_TR_BASE,2016-05-20,20314.0819470
DAILY_TR_BASE,2016-05-23,20474.7819470
DAILY_TR_BASE,2016-05-24,20337.8819470
DAILY_TR_BASE,2016-05-25,20284.8819470
DAILY_TR_BASE,2016-05-26,20378.8819470
DAILY_TR_BASE,2016-05-27,20304.9819470
DAILY_TR_BASE,2016-05-30,20276.7370070
DAILY_TR_BASE,2016-05-31,21103.6615770
DAILY_TR_BASE,2016-06-01,21055.4615770
DAILY_TR_BASE,2016-06-02,21161.0615770
DAILY_TR_BASE,2016-06-03,21368.6615770
DAILY_TR_BASE,2016-06-06,21279.4615770
DAILY_TR_BASE,2016-06-07,21290.3699770
DAILY_TR_BASE,2016-06-08,21235.7699770
DAILY_TR_BASE,2016-06-13,20206.2699770
DAILY_TR_BASE,2016-06-14,20246.7699770
DAILY_TR_BASE,2016-06-15,20872.0699770
DAILY_TR_BASE,2016-06-16,20693.4699770
DAILY_TR_BASE,2016-06-17,20880.4699770
DAILY_TR_BASE,2016-06-20,20874.0699770
DAILY_TR_BASE,2016-06-21,20657.2699770
DAILY_TR_BASE,2016-06-22,21053.5699770
DAILY_TR_BASE,2016-06-23,20982.6699770
DAILY_TR_BASE,2016-06-24,20809.3699770
DAILY_TR_BASE,2016-06-27,21378.4699770
DAILY_TR_BASE,2016-06-28,21554.3699770
DAILY_TR_BASE,2016-06-29,21523.6699770
DAILY_TR_BASE,2016-06-30,21580.2699770
DAILY_TR_BASE,2016-07-01,21493.1699770
DAILY_TR_BASE,2016-07-04,21853.8699770
DAILY_TR_BASE,2016-07-05,21880.3699770
DAILY_TR_BASE,2016-07-06,21938.8699770
DAILY_TR_BASE,2016-07-07,21945.6699770
DAILY_TR_BASE,2016-07-08,21925.0699770
DAILY_TR_BASE,2016-07-11,21858.5699770
DAILY_TR_BASE,2016-07-12,22121.0699770
DAILY_TR_BASE,2016-07-13,22343.3699770
DAILY_TR_BASE,2016-07-14,22387.0699770
DAILY_TR_BASE,2016-07-15,22243.4699770
DAILY_TR_BASE,2016-07-18,22156.8002170
DAILY_TR_BASE,2016-07-19,22102.8002170
DAILY_TR_BASE,2016-07-20,22017.9043170
DAILY_TR_BASE,2016-07-21,22074.9043170
DAILY_TR_BASE,2016-07-22,21910.5160670
DAILY_TR_BASE,2016-07-25,21922.5160670
DAILY_TR_BASE,2016-07-26,22191.0160670
DAILY_TR_BASE,2016-07-27,21558.0160670
DAILY_TR_BASE,2016-07-28,21631.5160670
DAILY_TR_BASE,2016-07-29,21529.5160670
DAILY_TR_BASE,2016-08-01,21303.0160670
DAILY_TR_BASE,2016-08-02,21420.0160670
DAILY_TR_BASE,2016-08-03,21465.0160670
DAILY_TR_BASE,2016-08-04,21553.5160670
DAILY_TR_BASE,2016-08-05,21561.0160670
DAILY_TR_BASE,2016-08-08,21777.0160670
DAILY_TR_BASE,2016-08-09,21921.0160670
DAILY_TR_BASE,2016-08-10,21841.5160670
DAILY_TR_BASE,2016-08-11,21666.0160670
DAILY_TR_BASE,2016-08-12,21978.0160670
DAILY_TR_BASE,2016-08-15,22480.5160670
DAILY_TR_BASE,2016-08-16,22497.0160670
DAILY_TR_BASE,2016-08-17,22497.0160670
DAILY_TR_BASE,2016-08-18,22485.0160670
DAILY_TR_BASE,2016-08-19,22474.5160670
DAILY_TR_BASE,2016-08-22,22290.0160670
DAILY_TR_BASE,2016-08-23,22320.0160670
DAILY_TR_BASE,2016-08-24,22284.0160670
DAILY_TR_BASE,2016-08-25,22162.5160670
DAILY_TR_BASE,2016-08-26,22200.0160670
DAILY_TR_BASE,2016-08-29,22215.0160670
DAILY_TR_BASE,2016-08-30,22203.7241370
DAILY_TR_BASE,2016-08-31,22230.1309070
DAILY_TR_BASE,2016-09-01,22031.2309070
DAILY_TR_BASE,2016-09-02,22026.7309070
DAILY_TR_BASE,2016-09-05,22086.5041970
DAILY_TR_BASE,2016-09-06,22358.6041970
DAILY_TR_BASE,2016-09-07,22298.6041970
DAILY_TR_BASE,2016-09-08,22349.9041970
DAILY_TR_BASE,2016-09-09,22153.7796670
DAILY_TR_BASE,2016-09-12,21664.4796670
DAILY_TR_BASE,2016-09-13,21681.5796670
DAILY_TR_BASE,2016-09-14,21603.9796670
DAILY_TR_BASE,2016-09-19,21814.6796670
DAILY_TR_BASE,2016-09-20,21768.2796670
DAILY_TR_BASE,2016-09-21,21804.2796670
DAILY_TR_BASE,2016-09-22,21873.4796670
DAILY_TR_BASE,2016-09-23,21825.1796670
DAILY_TR_BASE,2016-09-26,21460.5704670
DAILY_TR_BASE,2016-09-27,21561.6704670
DAILY_TR_BASE,2016-09-28,21535.9704670
DAILY_TR_BASE,2016-09-29,21628.4704670
DAILY_TR_BASE,2016-09-30,21695.2704670
DAILY_TR_BASE,2016-10-10,22106.0532570
DAILY_TR_BASE,2016-10-11,22130.7532570
DAILY_TR_BASE,2016-10-12,22114.3532570
DAILY_TR_BASE,2016-10-13,22111.4532570
DAILY_TR_BASE,2016-10-14,22050.9532570
DAILY_TR_BASE,2016-10-17,21860.6532570
DAILY_TR_BASE,2016-10-18,22101.9183470
DAILY_TR_BASE,2016-10-19,22054.1183470
DAILY_TR_BASE,2016-10-20,22045.2183470
DAILY_TR_BASE,2016-10-21,21964.7174070
DAILY_TR_BASE,2016-10-24,22141.9203370
DAILY_TR_BASE,2016-10-25,22150.8203370
DAILY_TR_BASE,2016-10-26,22081.2203370
DAILY_TR_BASE,2016-10-27,22048.5203370
DAILY_TR_BASE,2016-10-28,21961.2203370
DAILY_TR_BASE,2016-10-31,21907.3203370
DAILY_TR_BASE,2016-11-01,22067.6203370
DAILY_TR_BASE,2016-11-02,21905.7203370
DAILY_TR_BASE,2016-11-03,22027.3203370
DAILY_TR_BASE,2016-11-04,21966.0203370
DAILY_TR_BASE,2016-11-07,21981.7203370
DAILY_TR_BASE,2016-11-08,22096.9203370
DAILY_TR_BASE,2016-11-09,21971.0203370
DAILY_TR_BASE,2016-11-10,22212.5203370
DAILY_TR_BASE,2016-11-11,22375.1203370
DAILY_TR_BASE,2016-11-14,22409.2203370
DAILY_TR_BASE,2016-11-15,22432.6203370
DAILY_TR_BASE,2016-11-16,22445.3203370
DAILY_TR_BASE,2016-11-17,22469.9203370
DAILY_TR_BASE,2016-11-18,22390.3203370
DAILY_TR_BASE,2016-11-21,22435.3203370
DAILY_TR_BASE,2016-11-22,22623.6203370
DAILY_TR_BASE,2016-11-23,22580.8203370
DAILY_TR_BASE,2016-11-24,22591.6203370
DAILY_TR_BASE,2016-11-25,22752.3203370
DAILY_TR_BASE,2016-11-28,22825.3203370
DAILY_TR_BASE,2016-11-29,22850.5203370
DAILY_TR_BASE,2016-11-30,22696.0203370
DAILY_TR_BASE,2016-12-01,22850.6203370
DAILY_TR_BASE,2016-12-02,22580.6203370
DAILY_TR_BASE,2016-12-05,22308.8203370
DAILY_TR_BASE,2016-12-06,22192.4041770
DAILY_TR_BASE,2016-12-07,22349.1114270
DAILY_TR_BASE,2016-12-08,22323.9114270
DAILY_TR_BASE,2016-12-09,22354.7114270
DAILY_TR_BASE,2016-12-12,21706.5114270
DAILY_TR_BASE,2016-12-13,21719.1114270
DAILY_TR_BASE,2016-12-14,21595.9114270
DAILY_TR_BASE,2016-12-15,21544.1114270
DAILY_TR_BASE,2016-12-16,21602.9114270
DAILY_TR_BASE,2016-12-19,21581.9114270
DAILY_TR_BASE,2016-12-20,21472.7114270
DAILY_TR_BASE,2016-12-21,21651.9114270
DAILY_TR_BASE,2016-12-22,21619.7114270
DAILY_TR_BASE,2016-12-23,21478.3114270
DAILY_TR_BASE,2016-12-26,21516.1114270
DAILY_TR_BASE,2016-12-27,21518.9114270
DAILY_TR_BASE,2016-12-28,21426.5114270
DAILY_TR_BASE,2016-12-29,21426.5114270
DAILY_TR_BASE,2016-12-30,21432.1114270
DAILY_TR_BASE,2017-01-03,21618.3114270
DAILY_TR_BASE,2017-01-04,21815.7114270
DAILY_TR_BASE,2017-01-05,21791.9114270
DAILY_TR_BASE,2017-01-06,21717.7114270
DAILY_TR_BASE,2017-01-09,21822.7114270
DAILY_TR_BASE,2017-01-10,21762.5114270
DAILY_TR_BASE,2017-01-11,21618.3114270
DAILY_TR_BASE,2017-01-12,21457.3114270
DAILY_TR_BASE,2017-01-13,21187.1978670
DAILY_TR_BASE,2017-01-16,20922.3295470
DAILY_TR_BASE,2017-01-17,21013.3295470
DAILY_TR_BASE,2017-01-18,21080.5295470
DAILY_TR_BASE,2017-01-19,21016.1295470
DAILY_TR_BASE,2017-01-20,21210.7295470
DAILY_TR_BASE,2017-01-23,21300.3295470
DAILY_TR_BASE,2017-01-24,21266.7295470
DAILY_TR_BASE,2017-01-25,21329.7295470
DAILY_TR_BASE,2017-01-26,21430.5295470
DAILY_TR_BASE,2017-02-03,21345.1295470
DAILY_TR_BASE,2017-02-06,21420.7295470
DAILY_TR_BASE,2017-02-07,21389.9295470
DAILY_TR_BASE,2017-02-08,21515.9295470
DAILY_TR_BASE,2017-02-09,21594.3295470
DAILY_TR_BASE,2017-02-10,21664.3295470
DAILY_TR_BASE,2017-02-13,21751.1295470
DAILY_TR_BASE,2017-02-14,21769.3295470
DAILY_TR_BASE,2017-02-15,21648.9295470
DAILY_TR_BASE,2017-02-16,21751.1295470
DAILY_TR_BASE,2017-02-17,21630.7295470
DAILY_TR_BASE,2017-02-20,21907.9295470
DAILY_TR_BASE,2017-02-21,21980.7295470
DAILY_TR_BASE,2017-02-22,22054.9295470
DAILY_TR_BASE,2017-02-23,22026.9295470
DAILY_TR_BASE,2017-02-24,22085.5787670
DAILY_TR_BASE,2017-02-27,21943.5787670
DAILY_TR_BASE,2017-02-28,21985.1557970
DAILY_TR_BASE,2017-03-01,22048.1315370
DAILY_TR_BASE,2017-03-02,21955.6315370
DAILY_TR_BASE,2017-03-03,22017.6315370
DAILY_TR_BASE,2017-03-06,22287.4315370
DAILY_TR_BASE,2017-03-07,22376.2315370
DAILY_TR_BASE,2017-03-08,22282.9315370
DAILY_TR_BASE,2017-03-09,22090.0315370
DAILY_TR_BASE,2017-03-10,22114.1315370
DAILY_TR_BASE,2017-03-13,22332.9315370
DAILY_TR_BASE,2017-03-14,22208.6315370
DAILY_TR_BASE,2017-03-15,22205.5315370
DAILY_TR_BASE,2017-03-16,22322.7315370
DAILY_TR_BASE,2017-03-17,22121.5315370
DAILY_TR_BASE,2017-03-20,22194.7315370
DAILY_TR_BASE,2017-03-21,22283.0315370
DAILY_TR_BASE,2017-03-22,22168.5315370
DAILY_TR_BASE,2017-03-23,22193.4315370
DAILY_TR_BASE,2017-03-24,22343.7315370
DAILY_TR_BASE,2017-03-27,22190.9315370
DAILY_TR_BASE,2017-03-28,22134.7512070
DAILY_TR_BASE,2017-03-29,21980.6718970
DAILY_TR_BASE,2017-03-30,21728.0425070
DAILY_TR_BASE,2017-03-31,21816.2425070
DAILY_TR_BASE,2017-04-05,22216.6425070
DAILY_TR_BASE,2017-04-06,22202.6425070
DAILY_TR_BASE,2017-04-07,22239.0425070
DAILY_TR_BASE,2017-04-10,22204.0425070
DAILY_TR_BASE,2017-04-11,22337.0425070
DAILY_TR_BASE,2017-04-12,22225.0425070
DAILY_TR_BASE,2017-04-13,22317.4425070
DAILY_TR_BASE,2017-04-14,22107.4425070
DAILY_TR_BASE,2017-04-17,21966.0425070
DAILY_TR_BASE,2017-04-18,21900.2425070
DAILY_TR_BASE,2017-04-19,21714.0425070
DAILY_TR_BASE,2017-04-20,21763.0425070
DAILY_TR_BASE,2017-04-21,21714.0425070
DAILY_TR_BASE,2017-04-24,21361.2425070
DAILY_TR_BASE,2017-04-25,21420.0425070
DAILY_TR_BASE,2017-04-26,21459.2425070
DAILY_TR_BASE,2017-04-27,21497.0425070
DAILY_TR_BASE,2017-04-28,21491.4425070
DAILY_TR_BASE,2017-05-02,21449.6370070
DAILY_TR_BASE,2017-05-03,21348.0370070
DAILY_TR_BASE,2017-05-04,21261.4646870
DAILY_TR_BASE,2017-05-05,21077.1057470
DAILY_TR_BASE,2017-05-08,20850.1057470
DAILY_TR_BASE,2017-05-09,20912.5057470
DAILY_TR_BASE,2017-05-10,20738.5057470
DAILY_TR_BASE,2017-05-11,20764.5057470
DAILY_TR_BASE,2017-05-12,20850.9057470
DAILY_TR_BASE,2017-05-15,20922.5057470
DAILY_TR_BASE,2017-05-16,21234.3057470
DAILY_TR_BASE,2017-05-17,21180.7057470
DAILY_TR_BASE,2017-05-18,21111.7057470
DAILY_TR_BASE,2017-05-19,21058.3057470
DAILY_TR_BASE,2017-05-22,20991.1057470
DAILY_TR_BASE,2017-05-23,20871.1057470
DAILY_TR_BASE,2017-05-24,20989.9057470
DAILY_TR_BASE,2017-05-25,21194.3057470
DAILY_TR_BASE,2017-05-26,21101.9057470
DAILY_TR_BASE,2017-05-31,21123.7057470
DAILY_TR_BASE,2017-06-01,20978.7057470
DAILY_TR_BASE,2017-06-02,21045.3057470
DAILY_TR_BASE,2017-06-05,21040.3057470
DAILY_TR_BASE,2017-06-06,21132.1057470
DAILY_TR_BASE,2017-06-07,21471.7057470
DAILY_TR_BASE,2017-06-08,21498.5057470
DAILY_TR_BASE,2017-06-09,21576.3057470
DAILY_TR_BASE,2017-06-12,21401.0102470
DAILY_TR_BASE,2017-06-13,21551.9102470
DAILY_TR_BASE,2017-06-14,21423.2102470
DAILY_TR_BASE,2017-06-15,21474.8102470
DAILY_TR_BASE,2017-06-16,21452.6102470
DAILY_TR_BASE,2017-06-19,21629.6102470
DAILY_TR_BASE,2017-06-20,21628.4102470
DAILY_TR_BASE,2017-06-21,21766.4102470
DAILY_TR_BASE,2017-06-22,21640.7102470
DAILY_TR_BASE,2017-06-23,21763.7102470
DAILY_TR_BASE,2017-06-26,22057.7102470
DAILY_TR_BASE,2017-06-27,22037.6102470
DAILY_TR_BASE,2017-06-28,21940.1102470
DAILY_TR_BASE,2017-06-29,22056.5102470
DAILY_TR_BASE,2017-06-30,22070.3102470
DAILY_TR_BASE,2017-07-03,22091.6102470
DAILY_TR_BASE,2017-07-04,21970.1102470
DAILY_TR_BASE,2017-07-05,22157.0102470
DAILY_TR_BASE,2017-07-06,22148.9102470
DAILY_TR_BASE,2017-07-07,22205.0102470
DAILY_TR_BASE,2017-07-10,22182.8102470
DAILY_TR_BASE,2017-07-11,22155.8102470
DAILY_TR_BASE,2017-07-12,22082.9102470
DAILY_TR_BASE,2017-07-13,22196.0102470
DAILY_TR_BASE,2017-07-14,22238.0102470
DAILY_TR_BASE,2017-07-17,21722.3102470
DAILY_TR_BASE,2017-07-18,21811.7102470
DAILY_TR_BASE,2017-07-19,22229.6102470
DAILY_TR_BASE,2017-07-20,22323.2102470
DAILY_TR_BASE,2017-07-21,22306.4102470
DAILY_TR_BASE,2017-07-24,22432.7102470
DAILY_TR_BASE,2017-07-25,22351.4102470
DAILY_TR_BASE,2017-07-26,22276.7102470
DAILY_TR_BASE,2017-07-27,22367.9102470
DAILY_TR_BASE,2017-07-28,22459.7102470
DAILY_TR_BASE,2017-07-31,22632.5102470
DAILY_TR_BASE,2017-08-01,22686.5102470
DAILY_TR_BASE,2017-08-02,22641.5102470
DAILY_TR_BASE,2017-08-03,22543.4102470
DAILY_TR_BASE,2017-08-04,22424.3102470
DAILY_TR_BASE,2017-08-07,22625.9102470
DAILY_TR_BASE,2017-08-08,22618.1102470
DAILY_TR_BASE,2017-08-09,22676.0102470
DAILY_TR_BASE,2017-08-10,22571.9102470
DAILY_TR_BASE,2017-08-11,22191.5102470
DAILY_TR_BASE,2017-08-14,22600.4671570
DAILY_TR_BASE,2017-08-15,22630.0671570
DAILY_TR_BASE,2017-08-16,22813.1671570
DAILY_TR_BASE,2017-08-17,22977.0671570
DAILY_TR_BASE,2017-08-18,22856.8671570
DAILY_TR_BASE,2017-08-21,22977.9671570
DAILY_TR_BASE,2017-08-22,22872.5671570
DAILY_TR_BASE,2017-08-23,22741.4671570
DAILY_TR_BASE,2017-08-24,22597.1671570
DAILY_TR_BASE,2017-08-25,22808.3671570
DAILY_TR_BASE,2017-08-28,23111.1671570
DAILY_TR_BASE,2017-08-29,23000.8777870
DAILY_TR_BASE,2017-08-30,23067.1777870
DAILY_TR_BASE,2017-08-31,23137.1873070
DAILY_TR_BASE,2017-09-01,23307.0873070
DAILY_TR_BASE,2017-09-04,23467.0873070
DAILY_TR_BASE,2017-09-05,23474.5873070
DAILY_TR_BASE,2017-09-06,23631.8873070
DAILY_TR_BASE,2017-09-07,23478.6873070
DAILY_TR_BASE,2017-09-08,23458.5873070
DAILY_TR_BASE,2017-09-11,23678.9873070
DAILY_TR_BASE,2017-09-12,23572.3873070
DAILY_TR_BASE,2017-09-13,23666.4873070
DAILY_TR_BASE,2017-09-14,23597.9468070
DAILY_TR_BASE,2017-09-15,23533.1468070
DAILY_TR_BASE,2017-09-18,23672.6468070
DAILY_TR_BASE,2017-09-19,23470.4339070
DAILY_TR_BASE,2017-09-20,23642.2339070
DAILY_TR_BASE,2017-09-21,23397.4339070
DAILY_TR_BASE,2017-09-22,23278.8339070
DAILY_TR_BASE,2017-09-25,23019.4339070
DAILY_TR_BASE,2017-09-26,23041.2339070
DAILY_TR_BASE,2017-09-27,23198.0339070
DAILY_TR_BASE,2017-09-28,23224.2339070
DAILY_TR_BASE,2017-09-29,23322.3311270
DAILY_TR_BASE,2017-10-09,23538.4311270
DAILY_TR_BASE,2017-10-10,23585.9311270
DAILY_TR_BASE,2017-10-11,23420.0223870
DAILY_TR_BASE,2017-10-12,23419.7335070
DAILY_TR_BASE,2017-10-13,23523.0335070
DAILY_TR_BASE,2017-10-16,23227.0056070
DAILY_TR_BASE,2017-10-17,23164.8056070
DAILY_TR_BASE,2017-10-18,23181.6056070
DAILY_TR_BASE,2017-10-19,23135.9056070
DAILY_TR_BASE,2017-10-20,23239.0056070
DAILY_TR_BASE,2017-10-23,23338.6056070
DAILY_TR_BASE,2017-10-24,23440.4056070
DAILY_TR_BASE,2017-10-25,23508.4056070
DAILY_TR_BASE,2017-10-26,23612.3056070
DAILY_TR_BASE,2017-10-27,23538.9056070
DAILY_TR_BASE,2017-10-30,23281.2056070
DAILY_TR_BASE,2017-10-31,23324.7056070
DAILY_TR_BASE,2017-11-01,23265.5056070
DAILY_TR_BASE,2017-11-02,23146.9056070
DAILY_TR_BASE,2017-11-03,23044.2056070
DAILY_TR_BASE,2017-11-06,23263.2056070
DAILY_TR_BASE,2017-11-07,23401.4056070
DAILY_TR_BASE,2017-11-08,23366.9989270
DAILY_TR_BASE,2017-11-09,23533.0989270
DAILY_TR_BASE,2017-11-10,23662.2989270
DAILY_TR_BASE,2017-11-13,23732.1989270
DAILY_TR_BASE,2017-11-14,23572.4989270
DAILY_TR_BASE,2017-11-15,23366.9989270
DAILY_TR_BASE,2017-11-16,23495.3989270
DAILY_TR_BASE,2017-11-17,23233.8989270
DAILY_TR_BASE,2017-11-20,23396.1989270
DAILY_TR_BASE,2017-11-21,23599.7859670
DAILY_TR_BASE,2017-11-22,23525.5845170
DAILY_TR_BASE,2017-11-23,22933.5845170
DAILY_TR_BASE,2017-11-24,22963.0845170
DAILY_TR_BASE,2017-11-27,22663.5845170
DAILY_TR_BASE,2017-11-28,22865.5845170
DAILY_TR_BASE,2017-11-29,22887.0845170
DAILY_TR_BASE,2017-11-30,22702.0845170
DAILY_TR_BASE,2017-12-01,22777.0845170
DAILY_TR_BASE,2017-12-04,22762.5845170
DAILY_TR_BASE,2017-12-05,22609.0845170
DAILY_TR_BASE,2017-12-06,22575.0845170
DAILY_TR_BASE,2017-12-07,22380.5315570
DAILY_TR_BASE,2017-12-08,22593.9315570
DAILY_TR_BASE,2017-12-11,22909.6127470
DAILY_TR_BASE,2017-12-12,22594.5786970
DAILY_TR_BASE,2017-12-13,22759.1044970
DAILY_TR_BASE,2017-12-14,22749.1044970
DAILY_TR_BASE,2017-12-15,22534.6044970
DAILY_TR_BASE,2017-12-18,22415.0720970
DAILY_TR_BASE,2017-12-19,22604.0471970
DAILY_TR_BASE,2017-12-20,22391.4661970
DAILY_TR_BASE,2017-12-21,22488.9661970
DAILY_TR_BASE,2017-12-22,22438.1970370
DAILY_TR_BASE,2017-12-25,22219.4505570
DAILY_TR_BASE,2017-12-26,22289.6537570
DAILY_TR_BASE,2017-12-27,22036.4537570
DAILY_TR_BASE,2017-12-28,22176.2537570
DAILY_TR_BASE,2017-12-29,22306.4537570
DAILY_TR_BASE,2018-01-02,22582.4537570
DAILY_TR_BASE,2018-01-03,22699.7537570
DAILY_TR_BASE,2018-01-04,22764.7251970
DAILY_TR_BASE,2018-01-05,22785.8689170
DAILY_TR_BASE,2018-01-08,22873.1689170
DAILY_TR_BASE,2018-01-09,22945.7689170
DAILY_TR_BASE,2018-01-10,22937.9689170
DAILY_TR_BASE,2018-01-11,22947.5689170
DAILY_TR_BASE,2018-01-12,22951.7689170
DAILY_TR_BASE,2018-01-15,22716.5689170
DAILY_TR_BASE,2018-01-16,22872.2689170
DAILY_TR_BASE,2018-01-17,22784.0689170
DAILY_TR_BASE,2018-01-18,22888.7689170
DAILY_TR_BASE,2018-01-19,22889.0689170
DAILY_TR_BASE,2018-01-22,23147.0689170
DAILY_TR_BASE,2018-01-23,23266.1689170
DAILY_TR_BASE,2018-01-24,23349.8689170
DAILY_TR_BASE,2018-01-25,23232.9010970
DAILY_TR_BASE,2018-01-26,23358.9010970
DAILY_TR_BASE,2018-01-29,23043.8010970
DAILY_TR_BASE,2018-01-30,22852.8010970
DAILY_TR_BASE,2018-01-31,22554.6010970
DAILY_TR_BASE,2018-02-01,22180.2854270
DAILY_TR_BASE,2018-02-02,22289.6919470
DAILY_TR_BASE,2018-02-05,22199.4919470
DAILY_TR_BASE,2018-02-06,21359.6919470
DAILY_TR_BASE,2018-02-07,21236.0919470
DAILY_TR_BASE,2018-02-08,21311.8919470
DAILY_TR_BASE,2018-02-09,20582.6919470
DAILY_TR_BASE,2018-02-12,21030.8919470
DAILY_TR_BASE,2018-02-13,21168.4919470
DAILY_TR_BASE,2018-02-14,21202.8919470
DAILY_TR_BASE,2018-02-22,21591.8919470
DAILY_TR_BASE,2018-02-23,21595.0919470
DAILY_TR_BASE,2018-02-26,22079.4919470
DAILY_TR_BASE,2018-02-27,22087.7115870
DAILY_TR_BASE,2018-02-28,22163.9115870
DAILY_TR_BASE,2018-03-01,22514.0115870
DAILY_TR_BASE,2018-03-02,22357.7115870
DAILY_TR_BASE,2018-03-05,22473.8115870
DAILY_TR_BASE,2018-03-06,22621.1115870
DAILY_TR_BASE,2018-03-07,22444.2115870
DAILY_TR_BASE,2018-03-08,22573.9115870
DAILY_TR_BASE,2018-03-09,23125.3115870
DAILY_TR_BASE,2018-03-12,23366.0115870
DAILY_TR_BASE,2018-03-13,23258.5115870
DAILY_TR_BASE,2018-03-14,22973.9115870
DAILY_TR_BASE,2018-03-15,22962.0115870
DAILY_TR_BASE,2018-03-16,22749.4115870
DAILY_TR_BASE,2018-03-19,22908.9115870
DAILY_TR_BASE,2018-03-20,23059.8115870
DAILY_TR_BASE,2018-03-21,22736.3115870
DAILY_TR_BASE,2018-03-22,22679.9115870
DAILY_TR_BASE,2018-03-23,21636.0115870
DAILY_TR_BASE,2018-03-26,22130.1115870
DAILY_TR_BASE,2018-03-27,22738.1115870
DAILY_TR_BASE,2018-03-28,22581.3115870
DAILY_TR_BASE,2018-03-29,22735.2115870
DAILY_TR_BASE,2018-03-30,23178.4115870
DAILY_TR_BASE,2018-04-02,23146.6115870
DAILY_TR_BASE,2018-04-03,22923.7115870
DAILY_TR_BASE,2018-04-04,22650.5115870
DAILY_TR_BASE,2018-04-09,22696.0115870
DAILY_TR_BASE,2018-04-10,22739.0115870
DAILY_TR_BASE,2018-04-11,22737.2115870
DAILY_TR_BASE,2018-04-12,22631.3115870
DAILY_TR_BASE,2018-04-13,22605.9115870
DAILY_TR_BASE,2018-04-16,22668.9115870
DAILY_TR_BASE,2018-04-17,22176.1115870
DAILY_TR_BASE,2018-04-18,22491.6115870
DAILY_TR_BASE,2018-04-19,22518.3115870
DAILY_TR_BASE,2018-04-20,22162.7115870
DAILY_TR_BASE,2018-04-23,21873.1115870
DAILY_TR_BASE,2018-04-24,22385.3115870
DAILY_TR_BASE,2018-04-25,22455.3115870
DAILY_TR_BASE,2018-04-26,22079.9115870
DAILY_TR_BASE,2018-04-27,22279.0115870
DAILY_TR_BASE,2018-05-02,22218.4115870
DAILY_TR_BASE,2018-05-03,22460.9115870
DAILY_TR_BASE,2018-05-04,22355.5244870
DAILY_TR_BASE,2018-05-07,22706.1244870
DAILY_TR_BASE,2018-05-08,22884.1244870
DAILY_TR_BASE,2018-05-09,22840.0223670
DAILY_TR_BASE,2018-05-10,22983.0223670
DAILY_TR_BASE,2018-05-11,22731.5189870
DAILY_TR_BASE,2018-05-14,22648.7189870
DAILY_TR_BASE,2018-05-15,22817.5943070
DAILY_TR_BASE,2018-05-16,22669.4943070
DAILY_TR_BASE,2018-05-17,22489.2943070
DAILY_TR_BASE,2018-05-18,22610.2943070
DAILY_TR_BASE,2018-05-21,22791.6634470
DAILY_TR_BASE,2018-05-22,22804.5352270
DAILY_TR_BASE,2018-05-23,22526.9352270
DAILY_TR_BASE,2018-05-24,22432.0783270
DAILY_TR_BASE,2018-05-25,22120.4783270
DAILY_TR_BASE,2018-05-28,22110.7380270
DAILY_TR_BASE,2018-05-29,21900.1380270
DAILY_TR_BASE,2018-05-30,21501.4380270
DAILY_TR_BASE,2018-05-31,21805.5380270
DAILY_TR_BASE,2018-06-01,21631.4380270
DAILY_TR_BASE,2018-06-04,21726.1380270
DAILY_TR_BASE,2018-06-05,21962.3380270
DAILY_TR_BASE,2018-06-06,21935.1380270
DAILY_TR_BASE,2018-06-07,21883.0380270
DAILY_TR_BASE,2018-06-08,21639.4380270
DAILY_TR_BASE,2018-06-11,21609.9380270
DAILY_TR_BASE,2018-06-12,21782.2380270
DAILY_TR_BASE,2018-06-13,21553.3380270
DAILY_TR_BASE,2018-06-14,21512.3380270
DAILY_TR_BASE,2018-06-15,21339.2380270
DAILY_TR_BASE,2018-06-19,20449.2380270
DAILY_TR_BASE,2018-06-20,20521.2380270
DAILY_TR_BASE,2018-06-21,20297.7380270
DAILY_TR_BASE,2018-06-22,20444.3380270
DAILY_TR_BASE,2018-06-25,20236.7380270
DAILY_TR_BASE,2018-06-26,20216.2380270
DAILY_TR_BASE,2018-06-27,19886.8380270
DAILY_TR_BASE,2018-06-28,19774.8380270
DAILY_TR_BASE,2018-06-29,20381.8908270
DAILY_TR_BASE,2018-07-02,20011.4908270
DAILY_TR_BASE,2018-07-03,20079.6908270
DAILY_TR_BASE,2018-07-04,19747.7890470
DAILY_TR_BASE,2018-07-05,19313.3890470
DAILY_TR_BASE,2018-07-06,19423.0270870
DAILY_TR_BASE,2018-07-09,19910.5270870
DAILY_TR_BASE,2018-07-10,20005.0270870
DAILY_TR_BASE,2018-07-11,19692.0270870
DAILY_TR_BASE,2018-07-12,20211.5270870
DAILY_TR_BASE,2018-07-13,20238.5270870
DAILY_TR_BASE,2018-07-16,20201.0270870
DAILY_TR_BASE,2018-07-17,20145.9950370
DAILY_TR_BASE,2018-07-18,20039.4950370
DAILY_TR_BASE,2018-07-19,19859.6950370
DAILY_TR_BASE,2018-07-20,20090.7950370
DAILY_TR_BASE,2018-07-23,20185.8950370
DAILY_TR_BASE,2018-07-24,20387.7950370
DAILY_TR_BASE,2018-07-25,20401.1950370
DAILY_TR_BASE,2018-07-26,20177.0654270
DAILY_TR_BASE,2018-07-27,20032.3960870
DAILY_TR_BASE,2018-07-30,19811.5305570
DAILY_TR_BASE,2018-07-31,19863.2305570
DAILY_TR_BASE,2018-08-01,19525.6305570
DAILY_TR_BASE,2018-08-02,19130.6305570
DAILY_TR_BASE,2018-08-03,18929.0305570
DAILY_TR_BASE,2018-08-06,18665.5305570
DAILY_TR_BASE,2018-08-07,19101.2305570
DAILY_TR_BASE,2018-08-08,18869.0305570
DAILY_TR_BASE,2018-08-09,19281.1305570
DAILY_TR_BASE,2018-08-10,19331.3305570
DAILY_TR_BASE,2018-08-13,19346.6305570
DAILY_TR_BASE,2018-08-14,19265.9305570
DAILY_TR_BASE,2018-08-15,18891.3305570
DAILY_TR_BASE,2018-08-16,18782.7305570
DAILY_TR_BASE,2018-08-17,18506.4305570
DAILY_TR_BASE,2018-08-20,18640.3305570
DAILY_TR_BASE,2018-08-21,18866.0305570
DAILY_TR_BASE,2018-08-22,18796.6305570
DAILY_TR_BASE,2018-08-23,18861.6305570
DAILY_TR_BASE,2018-08-24,18843.7305570
DAILY_TR_BASE,2018-08-27,19261.0305570
DAILY_TR_BASE,2018-08-28,19245.6305570
DAILY_TR_BASE,2018-08-29,19169.9305570
DAILY_TR_BASE,2018-08-30,18958.5305570
DAILY_TR_BASE,2018-08-31,18802.3305570
DAILY_TR_BASE,2018-09-03,18823.2305570
DAILY_TR_BASE,2018-09-04,18982.4305570
DAILY_TR_BASE,2018-09-05,18700.2305570
DAILY_TR_BASE,2018-09-06,18567.2974170
DAILY_TR_BASE,2018-09-07,18604.2572570
DAILY_TR_BASE,2018-09-10,18359.4572570
DAILY_TR_BASE,2018-09-11,18318.2572570
DAILY_TR_BASE,2018-09-12,18235.1572570
DAILY_TR_BASE,2018-09-13,18367.4572570
DAILY_TR_BASE,2018-09-14,18295.1572570
DAILY_TR_BASE,2018-09-17,18121.6572570
DAILY_TR_BASE,2018-09-18,18394.3572570
DAILY_TR_BASE,2018-09-19,18601.2572570
DAILY_TR_BASE,2018-09-20,18594.6572570
DAILY_TR_BASE,2018-09-21,19013.2572570
DAILY_TR_BASE,2018-09-25,18880.9572570
DAILY_TR_BASE,2018-09-26,18991.9572570
DAILY_TR_BASE,2018-09-27,18869.6572570
DAILY_TR_BASE,2018-09-28,19066.8572570
DAILY_TR_BASE,2018-10-08,18361.3572570
DAILY_TR_BASE,2018-10-09,18354.8572570
DAILY_TR_BASE,2018-10-10,18348.2572570
DAILY_TR_BASE,2018-10-11,17323.0572570
DAILY_TR_BASE,2018-10-12,17441.7572570
DAILY_TR_BASE,2018-10-15,17199.4572570
DAILY_TR_BASE,2018-10-16,17014.1572570
DAILY_TR_BASE,2018-10-17,17111.5497570
DAILY_TR_BASE,2018-10-18,16807.0497570
DAILY_TR_BASE,2018-10-19,17230.6497570
DAILY_TR_BASE,2018-10-22,18095.3497570
DAILY_TR_BASE,2018-10-23,17635.6497570
DAILY_TR_BASE,2018-10-24,17615.1497570
DAILY_TR_BASE,2018-10-25,17588.5497570
DAILY_TR_BASE,2018-10-26,17424.8497570
DAILY_TR_BASE,2018-10-29,17120.5497570
DAILY_TR_BASE,2018-10-30,17287.3497570
DAILY_TR_BASE,2018-10-31,17454.1497570
DAILY_TR_BASE,2018-11-01,17580.8497570
DAILY_TR_BASE,2018-11-02,18320.8497570
DAILY_TR_BASE,2018-11-05,18191.6497570
DAILY_TR_BASE,2018-11-06,18134.7497570
DAILY_TR_BASE,2018-11-07,18043.9497570
DAILY_TR_BASE,2018-11-08,17926.2497570
DAILY_TR_BASE,2018-11-09,17795.3497570
DAILY_TR_BASE,2018-11-12,18266.9210970
DAILY_TR_BASE,2018-11-13,18562.8210970
DAILY_TR_BASE,2018-11-14,18487.0210970
DAILY_TR_BASE,2018-11-15,18735.6210970
DAILY_TR_BASE,2018-11-16,18761.0210970
DAILY_TR_BASE,2018-11-19,18719.6210970
DAILY_TR_BASE,2018-11-20,18277.6210970
DAILY_TR_BASE,2018-11-21,18315.5210970
DAILY_TR_BASE,2018-11-22,18257.9210970
DAILY_TR_BASE,2018-11-23,17670.9210970
DAILY_TR_BASE,2018-11-26,17660.6210970
DAILY_TR_BASE,2018-11-27,17759.0210970
DAILY_TR_BASE,2018-11-28,18029.9210970
DAILY_TR_BASE,2018-11-29,17674.7210970
DAILY_TR_BASE,2018-11-30,17827.7210970
DAILY_TR_BASE,2018-12-03,18375.4210970
DAILY_TR_BASE,2018-12-04,18439.7210970
DAILY_TR_BASE,2018-12-05,18385.3210970
DAILY_TR_BASE,2018-12-06,17984.5210970
DAILY_TR_BASE,2018-12-07,17954.2210970
DAILY_TR_BASE,2018-12-10,17785.2210970
DAILY_TR_BASE,2018-12-11,17899.4712570
DAILY_TR_BASE,2018-12-12,17907.1712570
DAILY_TR_BASE,2018-12-13,18109.9556270
DAILY_TR_BASE,2018-12-14,17775.0086170
DAILY_TR_BASE,2018-12-17,17722.9086170
DAILY_TR_BASE,2018-12-18,17569.6920770
DAILY_TR_BASE,2018-12-19,17343.2920770
DAILY_TR_BASE,2018-12-20,17352.0920770
DAILY_TR_BASE,2018-12-21,17220.0920770
DAILY_TR_BASE,2018-12-24,17342.2663370
DAILY_TR_BASE,2018-12-25,17182.6663370
DAILY_TR_BASE,2018-12-26,17099.4654770
DAILY_TR_BASE,2018-12-27,16858.6127370
DAILY_TR_BASE,2018-12-28,16880.8127370
DAILY_TR_BASE,2019-01-02,16686.9043170
DAILY_TR_BASE,2019-01-03,16668.2043170
DAILY_TR_BASE,2019-01-04,17057.0043170
DAILY_TR_BASE,2019-01-07,17220.8043170
DAILY_TR_BASE,2019-01-08,17203.8043170
DAILY_TR_BASE,2019-01-09,17253.9043170
DAILY_TR_BASE,2019-01-10,17274.7043170
DAILY_TR_BASE,2019-01-11,17370.7043170
DAILY_TR_BASE,2019-01-14,17265.1043170
DAILY_TR_BASE,2019-01-15,17515.5043170
DAILY_TR_BASE,2019-01-16,17501.9043170
DAILY_TR_BASE,2019-01-17,17398.2043170
DAILY_TR_BASE,2019-01-18,17611.1043170
DAILY_TR_BASE,2019-01-21,17680.8043170
DAILY_TR_BASE,2019-01-22,17469.2043170
DAILY_TR_BASE,2019-01-23,17458.5043170
DAILY_TR_BASE,2019-01-24,17570.5043170
DAILY_TR_BASE,2019-01-25,17589.0043170
DAILY_TR_BASE,2019-01-28,17552.2043170
DAILY_TR_BASE,2019-01-29,17482.1043170
DAILY_TR_BASE,2019-01-30,17375.6043170
DAILY_TR_BASE,2019-01-31,17398.3043170
DAILY_TR_BASE,2019-02-01,17755.0043170
DAILY_TR_BASE,2019-02-11,18033.0043170
DAILY_TR_BASE,2019-02-12,18176.4756070
DAILY_TR_BASE,2019-02-13,18489.2756070
DAILY_TR_BASE,2019-02-14,18518.0756070
DAILY_TR_BASE,2019-02-15,18370.8756070
DAILY_TR_BASE,2019-02-18,18955.6756070
DAILY_TR_BASE,2019-02-19,18863.6756070
DAILY_TR_BASE,2019-02-20,18898.0756070
DAILY_TR_BASE,2019-02-21,18933.2756070
DAILY_TR_BASE,2019-02-22,19480.4756070
DAILY_TR_BASE,2019-02-25,20628.4756070
DAILY_TR_BASE,2019-02-26,20341.2756070
DAILY_TR_BASE,2019-02-27,20158.8756070
DAILY_TR_BASE,2019-02-28,20218.8756070
DAILY_TR_BASE,2019-03-01,20590.8756070
DAILY_TR_BASE,2019-03-04,21086.2078670
DAILY_TR_BASE,2019-03-05,21702.1078670
DAILY_TR_BASE,2019-03-06,22001.7078670
DAILY_TR_BASE,2019-03-07,21991.5078670
DAILY_TR_BASE,2019-03-08,21458.6078670
DAILY_TR_BASE,2019-03-11,22239.6078670
DAILY_TR_BASE,2019-03-12,22623.4078670
DAILY_TR_BASE,2019-03-13,21923.6078670
DAILY_TR_BASE,2019-03-14,21494.1078670
DAILY_TR_BASE,2019-03-15,21629.9078670
DAILY_TR_BASE,2019-03-18,22197.2078670
DAILY_TR_BASE,2019-03-19,22173.5078670
DAILY_TR_BASE,2019-03-20,22053.1078670
DAILY_TR_BASE,2019-03-21,22242.5078670
DAILY_TR_BASE,2019-03-22,22308.3078670
DAILY_TR_BASE,2019-03-25,22028.8078670
DAILY_TR_BASE,2019-03-26,21487.8078670
DAILY_TR_BASE,2019-03-27,21674.6078670
DAILY_TR_BASE,2019-03-28,21470.2078670
DAILY_TR_BASE,2019-03-29,22198.6078670
DAILY_TR_BASE,2019-04-01,23001.6078670
DAILY_TR_BASE,2019-04-02,22920.4078670
DAILY_TR_BASE,2019-04-03,23145.4078670
DAILY_TR_BASE,2019-04-04,23332.3692970
DAILY_TR_BASE,2019-04-08,23153.7692970
DAILY_TR_BASE,2019-04-09,23256.9692970
DAILY_TR_BASE,2019-04-10,23247.9692970
DAILY_TR_BASE,2019-04-11,22903.3692970
DAILY_TR_BASE,2019-04-12,22842.7692970
DAILY_TR_BASE,2019-04-15,22650.6692970
DAILY_TR_BASE,2019-04-16,23179.4692970
DAILY_TR_BASE,2019-04-17,23172.0692970
DAILY_TR_BASE,2019-04-18,23120.9692970
DAILY_TR_BASE,2019-04-19,23355.7692970
DAILY_TR_BASE,2019-04-22,22935.0692970
DAILY_TR_BASE,2019-04-23,22733.5692970
DAILY_TR_BASE,2019-04-24,22842.9692970
DAILY_TR_BASE,2019-04-25,22342.1304370
DAILY_TR_BASE,2019-04-26,22151.3304370
DAILY_TR_BASE,2019-04-29,21940.8304370
DAILY_TR_BASE,2019-04-30,21970.6304370
DAILY_TR_BASE,2019-05-06,20673.7909970
DAILY_TR_BASE,2019-05-07,20844.9909970
DAILY_TR_BASE,2019-05-08,20678.7909970
DAILY_TR_BASE,2019-05-09,20475.1909970
DAILY_TR_BASE,2019-05-10,21087.3817270
DAILY_TR_BASE,2019-05-13,20763.7817270
DAILY_TR_BASE,2019-05-14,20654.7817270
DAILY_TR_BASE,2019-05-15,21048.1817270
DAILY_TR_BASE,2019-05-16,21131.5817270
DAILY_TR_BASE,2019-05-17,20588.7817270
DAILY_TR_BASE,2019-05-20,20431.1817270
DAILY_TR_BASE,2019-05-21,20690.8817270
DAILY_TR_BASE,2019-05-22,20649.1817270
DAILY_TR_BASE,2019-05-23,20280.1817270
DAILY_TR_BASE,2019-05-24,20243.9817270
DAILY_TR_BASE,2019-05-27,20538.9646470
DAILY_TR_BASE,2019-05-28,20562.7646470
DAILY_TR_BASE,2019-05-29,20571.1646470
DAILY_TR_BASE,2019-05-30,20538.9646470
DAILY_TR_BASE,2019-05-31,20449.7646470
DAILY_TR_BASE,2019-06-03,20400.0646470
DAILY_TR_BASE,2019-06-04,20198.5646470
DAILY_TR_BASE,2019-06-05,20111.3061970
DAILY_TR_BASE,2019-06-06,19841.8061970
DAILY_TR_BASE,2019-06-10,20040.0061970
DAILY_TR_BASE,2019-06-11,20668.1061970
DAILY_TR_BASE,2019-06-12,20482.9061970
DAILY_TR_BASE,2019-06-13,20529.4061970
DAILY_TR_BASE,2019-06-14,20314.4061970
DAILY_TR_BASE,2019-06-17,20277.1061970
DAILY_TR_BASE,2019-06-18,20361.1061970
DAILY_TR_BASE,2019-06-19,20604.9061970
DAILY_TR_BASE,2019-06-20,21034.9061970
DAILY_TR_BASE,2019-06-21,21250.8061970
DAILY_TR_BASE,2019-06-24,21182.6061970
DAILY_TR_BASE,2019-06-25,20969.9061970
DAILY_TR_BASE,2019-06-26,21010.8061970
DAILY_TR_BASE,2019-06-27,21250.2061970
DAILY_TR_BASE,2019-06-28,21170.9061970
DAILY_TR_BASE,2019-07-01,21754.0061970
DAILY_TR_BASE,2019-07-02,21769.0061970
DAILY_TR_BASE,2019-07-03,21539.3061970
DAILY_TR_BASE,2019-07-04,21397.5061970
DAILY_TR_BASE,2019-07-05,21549.9061970
DAILY_TR_BASE,2019-07-08,21056.1061970
DAILY_TR_BASE,2019-07-09,21110.4061970
DAILY_TR_BASE,2019-07-10,21074.5061970
DAILY_TR_BASE,2019-07-11,21089.8061970
DAILY_TR_BASE,2019-07-12,21212.1061970
DAILY_TR_BASE,2019-07-15,21400.7061970
DAILY_TR_BASE,2019-07-16,21360.7061970
DAILY_TR_BASE,2019-07-17,21364.9061970
DAILY_TR_BASE,2019-07-18,21161.6061970
DAILY_TR_BASE,2019-07-19,21364.0061970
DAILY_TR_BASE,2019-07-22,21129.0061970
DAILY_TR_BASE,2019-07-23,21279.5061970
DAILY_TR_BASE,2019-07-24,21465.8061970
DAILY_TR_BASE,2019-07-25,21604.5061970
DAILY_TR_BASE,2019-07-26,21617.0061970
DAILY_TR_BASE,2019-07-29,21621.2061970
DAILY_TR_BASE,2019-07-30,21749.4061970
DAILY_TR_BASE,2019-07-31,21615.4061970
DAILY_TR_BASE,2019-08-01,21551.0061970
DAILY_TR_BASE,2019-08-02,21307.5061970
DAILY_TR_BASE,2019-08-05,20963.3061970
DAILY_TR_BASE,2019-08-06,20586.6783070
DAILY_TR_BASE,2019-08-07,20507.2030070
DAILY_TR_BASE,2019-08-08,20769.1030070
DAILY_TR_BASE,2019-08-09,20586.1030070
DAILY_TR_BASE,2019-08-12,20954.5030070
DAILY_TR_BASE,2019-08-13,20776.9030070
DAILY_TR_BASE,2019-08-14,20854.6030070
DAILY_TR_BASE,2019-08-15,21022.9030070
DAILY_TR_BASE,2019-08-16,21149.5030070
DAILY_TR_BASE,2019-08-19,21718.3030070
DAILY_TR_BASE,2019-08-20,21545.5326770
DAILY_TR_BASE,2019-08-21,21536.9326770
DAILY_TR_BASE,2019-08-22,21578.7326770
DAILY_TR_BASE,2019-08-23,21590.3326770
DAILY_TR_BASE,2019-08-26,21430.7326770
DAILY_TR_BASE,2019-08-27,21738.5326770
DAILY_TR_BASE,2019-08-28,21722.5326770
DAILY_TR_BASE,2019-08-29,21706.1326770
DAILY_TR_BASE,2019-08-30,21571.1326770
DAILY_TR_BASE,2019-09-02,22059.1326770
DAILY_TR_BASE,2019-09-03,22131.7326770
DAILY_TR_BASE,2019-09-04,22351.9326770
DAILY_TR_BASE,2019-09-05,22538.9326770
DAILY_TR_BASE,2019-09-06,22592.5326770
DAILY_TR_BASE,2019-09-09,23025.1326770
DAILY_TR_BASE,2019-09-10,22960.3326770
DAILY_TR_BASE,2019-09-11,22776.3326770
DAILY_TR_BASE,2019-09-12,22852.9326770
DAILY_TR_BASE,2019-09-16,22881.3326770
DAILY_TR_BASE,2019-09-17,22470.5326770
DAILY_TR_BASE,2019-09-18,22471.5326770
DAILY_TR_BASE,2019-09-19,22716.5326770
DAILY_TR_BASE,2019-09-20,22707.9326770
DAILY_TR_BASE,2019-09-23,22554.9326770
DAILY_TR_BASE,2019-09-24,22614.3326770
DAILY_TR_BASE,2019-09-25,22344.3326770
DAILY_TR_BASE,2019-09-26,21809.3326770
DAILY_TR_BASE,2019-09-27,21852.1926070
DAILY_TR_BASE,2019-09-30,21625.8279670
DAILY_TR_BASE,2019-10-08,21526.7377870
DAILY_TR_BASE,2019-10-09,21600.2594470
DAILY_TR_BASE,2019-10-10,21773.6594470
DAILY_TR_BASE,2019-10-11,21895.2782170
DAILY_TR_BASE,2019-10-14,22031.9782170
DAILY_TR_BASE,2019-10-15,21877.3137770
DAILY_TR_BASE,2019-10-16,21789.3137770
DAILY_TR_BASE,2019-10-17,21790.7264370
DAILY_TR_BASE,2019-10-18,21614.9264370
DAILY_TR_BASE,2019-10-21,21612.1264370
DAILY_TR_BASE,2019-10-22,21776.2264370
DAILY_TR_BASE,2019-10-23,21622.1264370
DAILY_TR_BASE,2019-10-24,21658.5264370
DAILY_TR_BASE,2019-10-25,21856.4264370
DAILY_TR_BASE,2019-10-28,22094.6264370
DAILY_TR_BASE,2019-10-29,21929.2264370
DAILY_TR_BASE,2019-10-30,21836.3264370
DAILY_TR_BASE,2019-10-31,21764.4264370
DAILY_TR_BASE,2019-11-01,22062.5264370
DAILY_TR_BASE,2019-11-04,22148.6264370
DAILY_TR_BASE,2019-11-05,22295.3264370
DAILY_TR_BASE,2019-11-06,22187.4264370
DAILY_TR_BASE,2019-11-07,22278.7264370
DAILY_TR_BASE,2019-11-08,22203.7264370
DAILY_TR_BASE,2019-11-11,21829.4264370
DAILY_TR_BASE,2019-11-12,21823.5264370
DAILY_TR_BASE,2019-11-13,21871.2264370
DAILY_TR_BASE,2019-11-14,21939.4264370
DAILY_TR_BASE,2019-11-15,21796.2264370
DAILY_TR_BASE,2019-11-18,21906.1264370
DAILY_TR_BASE,2019-11-19,22276.6264370
DAILY_TR_BASE,2019-11-20,22111.1264370
DAILY_TR_BASE,2019-11-21,22032.6264370
DAILY_TR_BASE,2019-11-22,21712.2264370
DAILY_TR_BASE,2019-11-25,21687.9264370
DAILY_TR_BASE,2019-11-26,21757.2264370
DAILY_TR_BASE,2019-11-27,21761.1264370
DAILY_TR_BASE,2019-11-28,21746.7264370
DAILY_TR_BASE,2019-11-29,21576.4264370
DAILY_TR_BASE,2019-12-02,21612.6142270
DAILY_TR_BASE,2019-12-03,21696.0142270
DAILY_TR_BASE,2019-12-04,21670.2142270
DAILY_TR_BASE,2019-12-05,21976.2142270
DAILY_TR_BASE,2019-12-06,22153.8142270
DAILY_TR_BASE,2019-12-09,22139.4142270
DAILY_TR_BASE,2019-12-10,22268.4142270
DAILY_TR_BASE,2019-12-11,22128.6142270
DAILY_TR_BASE,2019-12-12,22132.8142270
DAILY_TR_BASE,2019-12-13,22482.0142270
DAILY_TR_BASE,2019-12-16,22770.6142270
DAILY_TR_BASE,2019-12-17,23067.0142270
DAILY_TR_BASE,2019-12-18,22980.0142270
DAILY_TR_BASE,2019-12-19,22999.2142270
DAILY_TR_BASE,2019-12-20,22802.4142270
DAILY_TR_BASE,2019-12-23,22348.2142270
DAILY_TR_BASE,2019-12-24,22695.6142270
DAILY_TR_BASE,2019-12-25,22824.6142270
DAILY_TR_BASE,2019-12-26,22948.2142270
DAILY_TR_BASE,2019-12-27,22699.2142270
DAILY_TR_BASE,2019-12-30,23013.6142270
DAILY_TR_BASE,2019-12-31,23073.0142270
DAILY_TR_BASE,2020-01-02,23477.4142270
DAILY_TR_BASE,2020-01-03,23491.2142270
DAILY_TR_BASE,2020-01-06,23754.0142270
DAILY_TR_BASE,2020-01-07,24094.8142270
DAILY_TR_BASE,2020-01-08,23765.4142270
DAILY_TR_BASE,2020-01-09,24180.6142270
DAILY_TR_BASE,2020-01-10,24087.6142270
DAILY_TR_BASE,2020-01-13,24451.8142270
DAILY_TR_BASE,2020-01-14,24333.0142270
DAILY_TR_BASE,2020-01-15,24282.6142270
DAILY_TR_BASE,2020-01-16,24351.0142270
DAILY_TR_BASE,2020-01-17,24301.8142270
DAILY_TR_BASE,2020-01-20,24763.8142270
DAILY_TR_BASE,2020-01-21,24558.0142270
DAILY_TR_BASE,2020-01-22,24796.8142270
DAILY_TR_BASE,2020-01-23,24001.8142270
DAILY_TR_BASE,2020-02-03,22282.2142270
DAILY_TR_BASE,2020-02-04,23092.2142270
DAILY_TR_BASE,2020-02-05,23632.8142270
DAILY_TR_BASE,2020-02-06,24283.8142270
DAILY_TR_BASE,2020-02-07,24442.8142270
DAILY_TR_BASE,2020-02-10,24669.6142270
DAILY_TR_BASE,2020-02-11,24538.8142270
DAILY_TR_BASE,2020-02-12,25105.2142270
DAILY_TR_BASE,2020-02-13,24901.8142270
DAILY_TR_BASE,2020-02-14,24908.4142270
DAILY_TR_BASE,2020-02-17,25770.6142270
DAILY_TR_BASE,2020-02-18,25972.8142270
DAILY_TR_BASE,2020-02-19,25668.6142270
DAILY_TR_BASE,2020-02-20,26179.8142270
DAILY_TR_BASE,2020-02-21,26596.2142270
DAILY_TR_BASE,2020-02-24,26898.6142270
DAILY_TR_BASE,2020-02-25,27070.2142270
DAILY_TR_BASE,2020-02-26,26226.6142270
DAILY_TR_BASE,2020-02-27,26277.0142270
DAILY_TR_BASE,2020-02-28,25024.8142270
DAILY_TR_BASE,2020-03-02,25767.6142270
DAILY_TR_BASE,2020-03-03,26071.2142270
DAILY_TR_BASE,2020-03-04,26083.2142270
DAILY_TR_BASE,2020-03-05,26423.4142270
DAILY_TR_BASE,2020-03-06,26298.6142270
DAILY_TR_BASE,2020-03-09,25296.6142270
DAILY_TR_BASE,2020-03-10,25836.0142270
DAILY_TR_BASE,2020-03-11,25440.0142270
DAILY_TR_BASE,2020-03-12,25038.9050670
DAILY_TR_BASE,2020-03-13,24792.0050670
DAILY_TR_BASE,2020-03-16,23529.2020370
DAILY_TR_BASE,2020-03-17,23525.6587470
DAILY_TR_BASE,2020-03-18,23190.5587470
DAILY_TR_BASE,2020-03-19,23187.5587470
DAILY_TR_BASE,2020-03-20,23399.8587470
DAILY_TR_BASE,2020-03-23,22640.0587470
DAILY_TR_BASE,2020-03-24,23024.3587470
DAILY_TR_BASE,2020-03-25,23543.0587470
DAILY_TR_BASE,2020-03-26,23376.0587470
DAILY_TR_BASE,2020-03-27,23378.0587470
DAILY_TR_BASE,2020-03-30,23079.5587470
DAILY_TR_BASE,2020-03-31,23087.9587470
DAILY_TR_BASE,2020-04-01,23061.1587470
DAILY_TR_BASE,2020-04-02,23507.0587470
DAILY_TR_BASE,2020-04-03,23306.9587470
DAILY_TR_BASE,2020-04-07,23850.9587470
DAILY_TR_BASE,2020-04-08,23841.2587470
DAILY_TR_BASE,2020-04-09,23972.7587470
DAILY_TR_BASE,2020-04-10,23512.3596270
DAILY_TR_BASE,2020-04-13,23264.1113570
DAILY_TR_BASE,2020-04-14,23751.3113570
DAILY_TR_BASE,2020-04-15,23633.7113570
DAILY_TR_BASE,2020-04-16,23824.1113570
DAILY_TR_BASE,2020-04-17,23980.9113570
DAILY_TR_BASE,2020-04-20,24171.3113570
DAILY_TR_BASE,2020-04-21,23947.3113570
DAILY_TR_BASE,2020-04-22,24143.3113570
DAILY_TR_BASE,2020-04-23,23986.7824770
DAILY_TR_BASE,2020-04-24,23767.7623170
DAILY_TR_BASE,2020-04-27,23864.8623170
DAILY_TR_BASE,2020-04-28,23998.0623170
DAILY_TR_BASE,2020-04-29,24059.5623170
DAILY_TR_BASE,2020-04-30,24444.6623170
DAILY_TR_BASE,2020-05-06,24747.0268170
DAILY_TR_BASE,2020-05-07,24711.7268170
DAILY_TR_BASE,2020-05-08,24947.7268170
DAILY_TR_BASE,2020-05-11,24805.0268170
DAILY_TR_BASE,2020-05-12,24873.9283870
DAILY_TR_BASE,2020-05-13,24981.6283870
DAILY_TR_BASE,2020-05-14,24783.2955270
DAILY_TR_BASE,2020-05-15,24836.0955270
DAILY_TR_BASE,2020-05-18,24763.7955270
DAILY_TR_BASE,2020-05-19,25005.3955270
DAILY_TR_BASE,2020-05-20,24810.7955270
DAILY_TR_BASE,2020-05-21,24567.4955270
DAILY_TR_BASE,2020-05-22,24015.0546470
DAILY_TR_BASE,2020-05-25,24037.1546470
DAILY_TR_BASE,2020-05-26,24512.4546470
DAILY_TR_BASE,2020-05-27,24193.5767470
DAILY_TR_BASE,2020-05-28,24083.7767470
DAILY_TR_BASE,2020-05-29,24299.7767470
DAILY_TR_BASE,2020-06-01,25064.7767470
DAILY_TR_BASE,2020-06-02,24972.9767470
DAILY_TR_BASE,2020-06-03,24917.1767470
DAILY_TR_BASE,2020-06-04,24927.2757670
DAILY_TR_BASE,2020-06-05,25030.1816270
DAILY_TR_BASE,2020-06-08,24931.1816270
DAILY_TR_BASE,2020-06-09,25152.5816270
DAILY_TR_BASE,2020-06-10,25230.5149570
DAILY_TR_BASE,2020-06-11,25114.4149570
DAILY_TR_BASE,2020-06-12,25287.8711370
DAILY_TR_BASE,2020-06-15,25182.7760670
DAILY_TR_BASE,2020-06-16,25612.0466170
DAILY_TR_BASE,2020-06-17,25728.0466170
DAILY_TR_BASE,2020-06-18,25788.0466170
DAILY_TR_BASE,2020-06-19,26099.6466170
DAILY_TR_BASE,2020-06-22,26222.4466170
DAILY_TR_BASE,2020-06-23,26501.6466170
DAILY_TR_BASE,2020-06-24,26503.4466170
DAILY_TR_BASE,2020-06-29,26390.6466170
DAILY_TR_BASE,2020-06-30,26890.8466170
DAILY_TR_BASE,2020-07-01,26852.8466170
DAILY_TR_BASE,2020-07-02,27153.7919370
DAILY_TR_BASE,2020-07-03,27553.3919370
DAILY_TR_BASE,2020-07-06,28832.9919370
DAILY_TR_BASE,2020-07-07,28974.1919370
DAILY_TR_BASE,2020-07-08,29516.9919370
DAILY_TR_BASE,2020-07-09,30244.1919370
DAILY_TR_BASE,2020-07-10,30227.4040570
DAILY_TR_BASE,2020-07-13,31243.5040570
DAILY_TR_BASE,2020-07-14,30885.0040570
DAILY_TR_BASE,2020-07-15,30374.7040570
DAILY_TR_BASE,2020-07-16,28856.2590770
DAILY_TR_BASE,2020-07-17,29118.4590770
DAILY_TR_BASE,2020-07-20,29600.0590770
DAILY_TR_BASE,2020-07-21,29793.6590770
DAILY_TR_BASE,2020-07-22,30117.0590770
DAILY_TR_BASE,2020-07-23,30184.2590770
DAILY_TR_BASE,2020-07-24,28745.6590770
DAILY_TR_BASE,2020-07-27,28839.0590770
DAILY_TR_BASE,2020-07-28,29102.0590770
DAILY_TR_BASE,2020-07-29,30006.6590770
DAILY_TR_BASE,2020-07-30,29799.3929570
DAILY_TR_BASE,2020-07-31,30214.3929570
DAILY_TR_BASE,2020-08-03,30857.5929570
DAILY_TR_BASE,2020-08-04,30598.3929570
DAILY_TR_BASE,2020-08-05,30849.3929570
DAILY_TR_BASE,2020-08-06,30663.5929570
DAILY_TR_BASE,2020-08-07,30186.1929570
DAILY_TR_BASE,2020-08-10,30285.6557370
DAILY_TR_BASE,2020-08-11,29914.6557370
DAILY_TR_BASE,2020-08-12,29659.4557370
DAILY_TR_BASE,2020-08-13,29676.8557370
DAILY_TR_BASE,2020-08-14,30115.2557370
DAILY_TR_BASE,2020-08-17,30579.6557370
DAILY_TR_BASE,2020-08-18,30655.4557370
DAILY_TR_BASE,2020-08-19,30215.8557370
DAILY_TR_BASE,2020-08-20,29943.4557370
DAILY_TR_BASE,2020-08-21,30132.8557370
DAILY_TR_BASE,2020-08-24,30287.0557370
DAILY_TR_BASE,2020-08-25,30245.6557370
DAILY_TR_BASE,2020-08-26,29859.0557370
DAILY_TR_BASE,2020-08-27,30075.0557370
DAILY_TR_BASE,2020-08-28,30626.8557370
DAILY_TR_BASE,2020-08-31,30439.8557370
DAILY_TR_BASE,2020-09-01,30628.6557370
DAILY_TR_BASE,2020-09-02,30608.4557370
DAILY_TR_BASE,2020-09-03,30480.4557370
DAILY_TR_BASE,2020-09-04,30236.4557370
DAILY_TR_BASE,2020-09-07,29509.8123370
DAILY_TR_BASE,2020-09-08,29651.3496570
DAILY_TR_BASE,2020-09-09,29018.3496570
DAILY_TR_BASE,2020-09-10,28813.5496570
DAILY_TR_BASE,2020-09-11,29018.7496570
DAILY_TR_BASE,2020-09-14,29189.7496570
DAILY_TR_BASE,2020-09-15,29345.3097370
DAILY_TR_BASE,2020-09-16,29090.1097370
DAILY_TR_BASE,2020-09-17,28993.3097370
DAILY_TR_BASE,2020-09-18,29571.3097370
DAILY_TR_BASE,2020-09-21,29245.7097370
DAILY_TR_BASE,2020-09-22,28930.0522370
DAILY_TR_BASE,2020-09-23,29030.4522370
DAILY_TR_BASE,2020-09-24,28527.1959370
DAILY_TR_BASE,2020-09-25,28509.6344970
DAILY_TR_BASE,2020-09-28,28422.4344970
DAILY_TR_BASE,2020-09-29,28543.2344970
DAILY_TR_BASE,2020-09-30,28549.1958670
DAILY_TR_BASE,2020-10-09,29269.4958670
DAILY_TR_BASE,2020-10-12,30189.2958670
DAILY_TR_BASE,2020-10-13,30257.9958670
DAILY_TR_BASE,2020-10-14,30091.1958670
DAILY_TR_BASE,2020-10-15,29966.9958670
DAILY_TR_BASE,2020-10-16,29847.5958670
DAILY_TR_BASE,2020-10-19,29590.4958670
DAILY_TR_BASE,2020-10-20,29900.9958670
DAILY_TR_BASE,2020-10-21,29748.8958670
DAILY_TR_BASE,2020-10-22,29552.6958670
DAILY_TR_BASE,2020-10-23,29064.8958670
DAILY_TR_BASE,2020-10-26,29054.3958670
DAILY_TR_BASE,2020-10-27,29229.8958670
DAILY_TR_BASE,2020-10-28,29424.5958670
DAILY_TR_BASE,2020-10-29,29696.3958670
DAILY_TR_BASE,2020-10-30,29226.2958670
DAILY_TR_BASE,2020-11-02,29577.2958670
DAILY_TR_BASE,2020-11-03,29878.1958670
DAILY_TR_BASE,2020-11-04,30023.9958670
DAILY_TR_BASE,2020-11-05,30392.3958670
DAILY_TR_BASE,2020-11-06,30127.4958670
DAILY_TR_BASE,2020-11-09,30807.5958670
DAILY_TR_BASE,2020-11-10,30505.1958670
DAILY_TR_BASE,2020-11-11,29975.3958670
DAILY_TR_BASE,2020-11-12,30028.4958670
DAILY_TR_BASE,2020-11-13,29951.9958670
DAILY_TR_BASE,2020-11-16,30100.1958670
DAILY_TR_BASE,2020-11-17,29831.0958670
DAILY_TR_BASE,2020-11-18,29780.2806070
DAILY_TR_BASE,2020-11-19,29967.7806070
DAILY_TR_BASE,2020-11-20,30120.3806070
DAILY_TR_BASE,2020-11-23,30377.6806070
DAILY_TR_BASE,2020-11-24,30287.4806070
DAILY_TR_BASE,2020-11-25,29903.4806070
DAILY_TR_BASE,2020-11-26,29882.4806070
DAILY_TR_BASE,2020-11-27,30129.2806070
DAILY_TR_BASE,2020-11-30,29962.9806070
DAILY_TR_BASE,2020-12-01,30475.4806070
DAILY_TR_BASE,2020-12-02,30457.1806070
DAILY_TR_BASE,2020-12-03,30497.3806070
DAILY_TR_BASE,2020-12-04,30576.4806070
DAILY_TR_BASE,2020-12-07,30358.8806070
DAILY_TR_BASE,2020-12-08,30298.5806070
DAILY_TR_BASE,2020-12-09,29927.5806070
DAILY_TR_BASE,2020-12-10,29923.3806070
DAILY_TR_BASE,2020-12-11,29617.0745070
DAILY_TR_BASE,2020-12-14,29939.8745070
DAILY_TR_BASE,2020-12-15,30112.9745070
DAILY_TR_BASE,2020-12-16,30139.9745070
DAILY_TR_BASE,2020-12-17,30469.3745070
DAILY_TR_BASE,2020-12-18,30360.4745070
DAILY_TR_BASE,2020-12-21,30940.9745070
DAILY_TR_BASE,2020-12-22,30427.0745070
DAILY_TR_BASE,2020-12-23,30675.4745070
DAILY_TR_BASE,2020-12-24,30578.5745070
DAILY_TR_BASE,2020-12-25,30809.2745070
DAILY_TR_BASE,2020-12-28,30826.6745070
DAILY_TR_BASE,2020-12-29,30640.6745070
DAILY_TR_BASE,2020-12-30,31231.6745070
DAILY_TR_BASE,2020-12-31,31867.6745070
DAILY_TR_BASE,2021-01-04,32555.5745070
DAILY_TR_BASE,2021-01-05,32884.0745070
DAILY_TR_BASE,2021-01-06,33092.8745070
DAILY_TR_BASE,2021-01-07,33679.0745070
DAILY_TR_BASE,2021-01-08,33501.4745070
DAILY_TR_BASE,2021-01-11,33091.6745070
DAILY_TR_BASE,2021-01-12,33967.3745070
DAILY_TR_BASE,2021-01-13,33647.8745070
DAILY_TR_BASE,2021-01-14,33175.9745070
DAILY_TR_BASE,2021-01-15,33145.3745070
DAILY_TR_BASE,2021-01-18,33590.2745070
DAILY_TR_BASE,2021-01-19,33030.7745070
DAILY_TR_BASE,2021-01-20,33723.7745070
DAILY_TR_BASE,2021-01-21,34385.5745070
DAILY_TR_BASE,2021-01-22,34725.1745070
DAILY_TR_BASE,2021-01-25,34908.4745070
DAILY_TR_BASE,2021-01-26,34125.4745070
DAILY_TR_BASE,2021-01-27,34223.8745070
DAILY_TR_BASE,2021-01-28,33300.7745070
DAILY_TR_BASE,2021-01-29,33058.0745070
DAILY_TR_BASE,2021-02-01,33365.8745070
DAILY_TR_BASE,2021-02-02,33898.0745070
DAILY_TR_BASE,2021-02-03,33820.6745070
DAILY_TR_BASE,2021-02-04,33750.1745070
DAILY_TR_BASE,2021-02-05,33700.3745070
DAILY_TR_BASE,2021-02-08,33894.7745070
DAILY_TR_BASE,2021-02-09,34971.1745070
DAILY_TR_BASE,2021-02-10,35643.7745070
DAILY_TR_BASE,2021-02-18,35063.5745070
DAILY_TR_BASE,2021-02-19,34986.7745070
DAILY_TR_BASE,2021-02-22,33724.0745070
DAILY_TR_BASE,2021-02-23,33514.5816070
DAILY_TR_BASE,2021-02-24,32894.1176670
DAILY_TR_BASE,2021-02-25,32954.7176670
DAILY_TR_BASE,2021-02-26,32249.3176670
DAILY_TR_BASE,2021-03-01,32730.7176670
DAILY_TR_BASE,2021-03-02,32439.3176670
DAILY_TR_BASE,2021-03-03,32902.3176670
DAILY_TR_BASE,2021-03-04,32224.1176670
DAILY_TR_BASE,2021-03-05,32191.5176670
DAILY_TR_BASE,2021-03-08,31367.9176670
DAILY_TR_BASE,2021-03-09,30793.3176670
DAILY_TR_BASE,2021-03-10,30705.9176670
DAILY_TR_BASE,2021-03-11,31401.3176670
DAILY_TR_BASE,2021-03-12,31445.1176670
DAILY_TR_BASE,2021-03-15,31089.9176670
DAILY_TR_BASE,2021-03-16,31181.7176670
DAILY_TR_BASE,2021-03-17,31321.5176670
DAILY_TR_BASE,2021-03-18,31527.5176670
DAILY_TR_BASE,2021-03-19,31052.1176670
DAILY_TR_BASE,2021-03-22,31378.3176670
DAILY_TR_BASE,2021-03-23,31101.3176670
DAILY_TR_BASE,2021-03-24,30753.7176670
DAILY_TR_BASE,2021-03-25,30775.3176670
DAILY_TR_BASE,2021-03-26,31223.7176670
DAILY_TR_BASE,2021-03-29,31249.7176670
DAILY_TR_BASE,2021-03-30,31414.1176670
DAILY_TR_BASE,2021-03-31,31297.9176670
DAILY_TR_BASE,2021-04-01,31555.1176670
DAILY_TR_BASE,2021-04-02,31776.8652670
DAILY_TR_BASE,2021-04-06,31669.6652670
DAILY_TR_BASE,2021-04-07,31572.0652670
DAILY_TR_BASE,2021-04-08,31723.2652670
DAILY_TR_BASE,2021-04-09,31477.6652670
DAILY_TR_BASE,2021-04-12,30922.0652670
DAILY_TR_BASE,2021-04-13,30992.4652670
DAILY_TR_BASE,2021-04-14,31420.0652670
DAILY_TR_BASE,2021-04-15,31387.2652670
DAILY_TR_BASE,2021-04-16,31509.2652670
DAILY_TR_BASE,2021-04-19,32225.2652670
DAILY_TR_BASE,2021-04-20,32216.8652670
DAILY_TR_BASE,2021-04-21,32298.4652670
DAILY_TR_BASE,2021-04-22,32470.0652670
DAILY_TR_BASE,2021-04-23,32820.8652670
DAILY_TR_BASE,2021-04-26,32615.2652670
DAILY_TR_BASE,2021-04-27,32720.4652670
DAILY_TR_BASE,2021-04-28,33162.4652670
DAILY_TR_BASE,2021-04-29,33182.0652670
DAILY_TR_BASE,2021-04-30,33396.4652670
DAILY_TR_BASE,2021-05-06,32908.4652670
DAILY_TR_BASE,2021-05-07,32404.4652670
DAILY_TR_BASE,2021-05-10,32490.0652670
DAILY_TR_BASE,2021-05-11,32429.2652670
DAILY_TR_BASE,2021-05-12,32805.6652670
DAILY_TR_BASE,2021-05-13,32541.6652670
DAILY_TR_BASE,2021-05-14,33242.0652670
DAILY_TR_BASE,2021-05-17,33680.0652670
DAILY_TR_BASE,2021-05-18,33621.2652670
DAILY_TR_BASE,2021-05-19,33722.0652670
DAILY_TR_BASE,2021-05-20,33901.4889370
DAILY_TR_BASE,2021-05-21,33690.0042970
DAILY_TR_BASE,2021-05-24,33852.0042970
DAILY_TR_BASE,2021-05-25,34423.0042970
DAILY_TR_BASE,2021-05-26,34285.2485270
DAILY_TR_BASE,2021-05-27,34455.3485270
DAILY_TR_BASE,2021-05-28,34426.8485270
DAILY_TR_BASE,2021-05-31,34814.2485270
DAILY_TR_BASE,2021-06-01,34802.4485270
DAILY_TR_BASE,2021-06-02,34440.4049570
DAILY_TR_BASE,2021-06-03,34130.5311570
DAILY_TR_BASE,2021-06-04,34432.0311570
DAILY_TR_BASE,2021-06-07,34321.5311570
DAILY_TR_BASE,2021-06-08,34116.4311570
DAILY_TR_BASE,2021-06-09,34115.1311570
DAILY_TR_BASE,2021-06-10,34600.8311570
DAILY_TR_BASE,2021-06-11,34537.1311570
DAILY_TR_BASE,2021-06-15,34140.0669570
DAILY_TR_BASE,2021-06-16,33318.1669570
DAILY_TR_BASE,2021-06-17,33721.7669570
DAILY_TR_BASE,2021-06-18,34109.8669570
DAILY_TR_BASE,2021-06-21,34309.9669570
DAILY_TR_BASE,2021-06-22,34437.1669570
DAILY_TR_BASE,2021-06-23,34769.8669570
DAILY_TR_BASE,2021-06-24,34505.1669570
DAILY_TR_BASE,2021-06-25,34963.2669570
DAILY_TR_BASE,2021-06-28,35277.0669570
DAILY_TR_BASE,2021-06-29,35121.8669570
DAILY_TR_BASE,2021-06-30,35568.2669570
DAILY_TR_BASE,2021-07-01,35236.5669570
DAILY_TR_BASE,2021-07-02,34554.8669570
DAILY_TR_BASE,2021-07-05,34757.5669570
DAILY_TR_BASE,2021-07-06,34490.9669570
DAILY_TR_BASE,2021-07-07,35161.0669570
DAILY_TR_BASE,2021-07-08,35222.3669570
DAILY_TR_BASE,2021-07-09,35259.2669570
DAILY_TR_BASE,2021-07-12,36082.8669570
DAILY_TR_BASE,2021-07-13,36150.4669570
DAILY_TR_BASE,2021-07-14,35906.3669570
DAILY_TR_BASE,2021-07-15,36172.6669570
DAILY_TR_BASE,2021-07-16,35699.7669570
DAILY_TR_BASE,2021-07-19,35719.5669570
DAILY_TR_BASE,2021-07-20,35766.9669570
DAILY_TR_BASE,2021-07-21,36448.0669570
DAILY_TR_BASE,2021-07-22,36432.7669570
DAILY_TR_BASE,2021-07-23,36054.8669570
DAILY_TR_BASE,2021-07-26,35289.5669570
DAILY_TR_BASE,2021-07-27,34358.5669570
DAILY_TR_BASE,2021-07-28,34341.2669570
DAILY_TR_BASE,2021-07-29,35452.7669570
DAILY_TR_BASE,2021-07-30,35353.7669570
DAILY_TR_BASE,2021-08-02,35878.2669570
DAILY_TR_BASE,2021-08-03,35623.2669570
DAILY_TR_BASE,2021-08-04,36255.9669570
DAILY_TR_BASE,2021-08-05,36105.6669570
DAILY_TR_BASE,2021-08-06,36015.9669570
DAILY_TR_BASE,2021-08-09,35891.7669570
DAILY_TR_BASE,2021-08-10,36085.9669570
DAILY_TR_BASE,2021-08-11,36009.9669570
DAILY_TR_BASE,2021-08-12,35978.0289570
DAILY_TR_BASE,2021-08-13,35895.6289570
DAILY_TR_BASE,2021-08-16,35681.7789770
DAILY_TR_BASE,2021-08-17,34962.9633770
DAILY_TR_BASE,2021-08-18,35198.5633770
DAILY_TR_BASE,2021-08-19,35123.7633770
DAILY_TR_BASE,2021-08-20,34767.7633770
DAILY_TR_BASE,2021-08-23,35222.1633770
DAILY_TR_BASE,2021-08-24,35554.5633770
DAILY_TR_BASE,2021-08-25,35727.3633770
DAILY_TR_BASE,2021-08-26,35387.3633770
DAILY_TR_BASE,2021-08-27,35550.9633770
DAILY_TR_BASE,2021-08-30,35605.3633770
DAILY_TR_BASE,2021-08-31,35662.9633770
DAILY_TR_BASE,2021-09-01,35748.9633770
DAILY_TR_BASE,2021-09-02,36028.1633770
DAILY_TR_BASE,2021-09-03,35857.7633770
DAILY_TR_BASE,2021-09-06,36268.5633770
DAILY_TR_BASE,2021-09-07,36832.1633770
DAILY_TR_BASE,2021-09-08,36872.9633770
DAILY_TR_BASE,2021-09-09,37014.5633770
DAILY_TR_BASE,2021-09-10,37165.3633770
DAILY_TR_BASE,2021-09-13,37136.9633770
DAILY_TR_BASE,2021-09-14,36735.7633770
DAILY_TR_BASE,2021-09-15,36638.1633770
DAILY_TR_BASE,2021-09-16,36148.9633770
DAILY_TR_BASE,2021-09-17,36137.7633770
DAILY_TR_BASE,2021-09-22,36196.1633770
DAILY_TR_BASE,2021-09-23,36380.9633770
DAILY_TR_BASE,2021-09-24,36153.3633770
DAILY_TR_BASE,2021-09-27,35797.7633770
DAILY_TR_BASE,2021-09-28,35778.9633770
DAILY_TR_BASE,2021-09-29,35309.3633770
DAILY_TR_BASE,2021-09-30,35654.6957370
DAILY_TR_BASE,2021-10-08,35830.8957370
DAILY_TR_BASE,2021-10-11,35613.4957370
DAILY_TR_BASE,2021-10-12,35171.6957370
DAILY_TR_BASE,2021-10-13,35692.5957370
DAILY_TR_BASE,2021-10-14,35621.4957370
DAILY_TR_BASE,2021-10-15,36024.6957370
DAILY_TR_BASE,2021-10-18,35818.6957370
DAILY_TR_BASE,2021-10-19,36065.9957370
DAILY_TR_BASE,2021-10-20,35990.5957370
DAILY_TR_BASE,2021-10-21,36004.8957370
DAILY_TR_BASE,2021-10-22,36166.5957370
DAILY_TR_BASE,2021-10-25,36481.0957370
DAILY_TR_BASE,2021-10-26,36350.1957370
DAILY_TR_BASE,2021-10-27,36057.3957370
DAILY_TR_BASE,2021-10-28,35852.4957370
DAILY_TR_BASE,2021-10-29,36316.9957370
DAILY_TR_BASE,2021-11-01,36138.2957370
DAILY_TR_BASE,2021-11-02,35992.2957370
DAILY_TR_BASE,2021-11-03,35897.6957370
DAILY_TR_BASE,2021-11-04,36242.2536670
DAILY_TR_BASE,2021-11-05,36113.5179670
DAILY_TR_BASE,2021-11-08,36320.0347670
DAILY_TR_BASE,2021-11-09,36530.0347670
DAILY_TR_BASE,2021-11-10,36470.0347670
DAILY_TR_BASE,2021-11-11,36742.0347670
DAILY_TR_BASE,2021-11-12,36830.0347670
DAILY_TR_BASE,2021-11-15,36567.0347670
DAILY_TR_BASE,2021-11-16,36394.0347670
DAILY_TR_BASE,2021-11-17,36571.1762970
DAILY_TR_BASE,2021-11-18,36304.8991670
DAILY_TR_BASE,2021-11-19,36689.8991670
DAILY_TR_BASE,2021-11-22,37229.8991670
DAILY_TR_BASE,2021-11-23,37202.8991670
DAILY_TR_BASE,2021-11-24,37098.8991670
DAILY_TR_BASE,2021-11-25,37118.8991670
DAILY_TR_BASE,2021-11-26,37052.8991670
DAILY_TR_BASE,2021-11-29,37193.8991670
DAILY_TR_BASE,2021-11-30,37210.8991670
DAILY_TR_BASE,2021-12-01,37189.8991670
DAILY_TR_BASE,2021-12-02,37041.8991670
DAILY_TR_BASE,2021-12-03,37268.8991670
DAILY_TR_BASE,2021-12-06,36758.8991670
DAILY_TR_BASE,2021-12-07,36762.0831170
DAILY_TR_BASE,2021-12-08,37237.6831170
DAILY_TR_BASE,2021-12-09,37530.8831170
DAILY_TR_BASE,2021-12-10,37475.3831170
DAILY_TR_BASE,2021-12-13,37554.2831170
DAILY_TR_BASE,2021-12-14,37411.9831170
DAILY_TR_BASE,2021-12-15,37240.1831170
DAILY_TR_BASE,2021-12-16,37479.2831170
DAILY_TR_BASE,2021-12-17,37122.3831170
DAILY_TR_BASE,2021-12-20,36616.8831170
DAILY_TR_BASE,2021-12-21,36808.1831170
DAILY_TR_BASE,2021-12-22,36886.0831170
DAILY_TR_BASE,2021-12-23,37103.4831170
DAILY_TR_BASE,2021-12-24,36931.5831170
DAILY_TR_BASE,2021-12-27,36908.7831170
DAILY_TR_BASE,2021-12-28,37006.5831170
DAILY_TR_BASE,2021-12-29,36743.4831170
DAILY_TR_BASE,2021-12-30,36980.2831170
DAILY_TR_BASE,2021-12-31,37103.8831170
DAILY_TR_BASE,2022-01-04,37058.4831170
DAILY_TR_BASE,2022-01-05,36579.3831170
DAILY_TR_BASE,2022-01-06,36414.5831170
DAILY_TR_BASE,2022-01-07,36372.1831170
DAILY_TR_BASE,2022-01-10,36417.0831170
DAILY_TR_BASE,2022-01-11,36174.5831170
DAILY_TR_BASE,2022-01-12,36456.1831170
DAILY_TR_BASE,2022-01-13,36008.8831170
DAILY_TR_BASE,2022-01-14,35787.6831170
DAILY_TR_BASE,2022-01-17,36080.9831170
DAILY_TR_BASE,2022-01-18,36260.7831170
DAILY_TR_BASE,2022-01-19,36082.9831170
DAILY_TR_BASE,2022-01-20,36082.3831170
DAILY_TR_BASE,2022-01-21,35802.1831170
DAILY_TR_BASE,2022-01-24,35788.7831170
DAILY_TR_BASE,2022-01-25,34924.9831170
DAILY_TR_BASE,2022-01-26,35066.7831170
DAILY_TR_BASE,2022-01-27,34435.4831170
DAILY_TR_BASE,2022-01-28,34099.1831170
DAILY_TR_BASE,2022-02-07,34548.7831170
DAILY_TR_BASE,2022-02-08,34654.1831170
DAILY_TR_BASE,2022-02-09,34990.8831170
DAILY_TR_BASE,2022-02-10,34952.5831170
DAILY_TR_BASE,2022-02-11,34649.7831170
DAILY_TR_BASE,2022-02-14,34358.0831170
DAILY_TR_BASE,2022-02-15,34628.6831170
DAILY_TR_BASE,2022-02-16,34729.9831170
DAILY_TR_BASE,2022-02-17,34766.9831170
DAILY_TR_BASE,2022-02-18,34982.1831170
DAILY_TR_BASE,2022-02-21,34994.0831170
DAILY_TR_BASE,2022-02-22,34624.0831170
DAILY_TR_BASE,2022-02-23,35008.4831170
DAILY_TR_BASE,2022-02-24,34461.9831170
DAILY_TR_BASE,2022-02-25,34685.4831170
DAILY_TR_BASE,2022-02-28,34783.2831170
DAILY_TR_BASE,2022-03-01,34948.6831170
DAILY_TR_BASE,2022-03-02,34839.1831170
DAILY_TR_BASE,2022-03-03,34725.4831170
DAILY_TR_BASE,2022-03-04,34451.1831170
DAILY_TR_BASE,2022-03-07,33612.7831170
DAILY_TR_BASE,2022-03-08,32788.1831170
DAILY_TR_BASE,2022-03-09,32406.1831170
DAILY_TR_BASE,2022-03-10,32830.1831170
DAILY_TR_BASE,2022-03-11,33308.6688570
DAILY_TR_BASE,2022-03-14,32377.9688570
DAILY_TR_BASE,2022-03-15,31132.8688570
DAILY_TR_BASE,2022-03-16,32375.7688570
DAILY_TR_BASE,2022-03-17,33026.5688570
DAILY_TR_BASE,2022-03-18,33235.4688570
DAILY_TR_BASE,2022-03-21,33295.3688570
DAILY_TR_BASE,2022-03-22,33098.7688570
DAILY_TR_BASE,2022-03-23,33354.0688570
DAILY_TR_BASE,2022-03-24,33190.9688570
DAILY_TR_BASE,2022-03-25,32684.4688570
DAILY_TR_BASE,2022-03-28,32419.7688570
DAILY_TR_BASE,2022-03-29,32252.9510170
DAILY_TR_BASE,2022-03-30,33109.3681470
DAILY_TR_BASE,2022-03-31,32780.1681470
DAILY_TR_BASE,2022-04-01,32970.7387970
DAILY_TR_BASE,2022-04-06,32757.7387970
DAILY_TR_BASE,2022-04-07,32267.9387970
DAILY_TR_BASE,2022-04-08,32337.4387970
DAILY_TR_BASE,2022-04-11,31276.9387970
DAILY_TR_BASE,2022-04-12,31719.8682470
DAILY_TR_BASE,2022-04-13,31411.0682470
DAILY_TR_BASE,2022-04-14,31436.5594470
DAILY_TR_BASE,2022-04-15,31181.3418470
DAILY_TR_BASE,2022-04-18,31125.3418470
DAILY_TR_BASE,2022-04-19,31077.5418470
DAILY_TR_BASE,2022-04-20,30523.5418470
DAILY_TR_BASE,2022-04-21,29880.3418470
DAILY_TR_BASE,2022-04-22,29836.3418470
DAILY_TR_BASE,2022-04-25,28338.1418470
DAILY_TR_BASE,2022-04-26,28016.1418470
DAILY_TR_BASE,2022-04-27,28774.5418470
DAILY_TR_BASE,2022-04-28,28645.4452470
DAILY_TR_BASE,2022-04-29,29496.3602370
DAILY_TR_BASE,2022-05-05,29539.2602370
DAILY_TR_BASE,2022-05-06,28918.8602370
DAILY_TR_BASE,2022-05-09,28928.7602370
DAILY_TR_BASE,2022-05-10,29299.8602370
DAILY_TR_BASE,2022-05-11,29571.6602370
DAILY_TR_BASE,2022-05-12,29516.1602370
DAILY_TR_BASE,2022-05-13,29607.6657170
DAILY_TR_BASE,2022-05-16,29416.4962670
DAILY_TR_BASE,2022-05-17,29648.1962670
DAILY_TR_BASE,2022-05-18,29572.2841270
DAILY_TR_BASE,2022-05-19,29788.6389470
DAILY_TR_BASE,2022-05-20,30234.1580570
DAILY_TR_BASE,2022-05-23,30051.0246870
DAILY_TR_BASE,2022-05-24,29089.9268170
DAILY_TR_BASE,2022-05-25,29338.5268170
DAILY_TR_BASE,2022-05-26,29467.3268170
DAILY_TR_BASE,2022-05-27,29478.9268170
DAILY_TR_BASE,2022-05-30,29695.9268170
DAILY_TR_BASE,2022-05-31,30099.1818270
DAILY_TR_BASE,2022-06-01,30188.8742970
DAILY_TR_BASE,2022-06-02,30538.4742970
DAILY_TR_BASE,2022-06-06,31284.2742970
DAILY_TR_BASE,2022-06-07,31282.0742970
DAILY_TR_BASE,2022-06-08,31472.8742970
DAILY_TR_BASE,2022-06-09,30891.0742970
DAILY_TR_BASE,2022-06-10,31475.6742970
DAILY_TR_BASE,2022-06-13,31369.8742970
DAILY_TR_BASE,2022-06-14,31548.6742970
DAILY_TR_BASE,2022-06-15,31616.2742970
DAILY_TR_BASE,2022-06-16,31696.2742970
DAILY_TR_BASE,2022-06-17,32278.8742970
DAILY_TR_BASE,2022-06-20,32522.4742970
DAILY_TR_BASE,2022-06-21,32354.6742970
DAILY_TR_BASE,2022-06-22,32047.3488570
DAILY_TR_BASE,2022-06-23,32765.2488570
DAILY_TR_BASE,2022-06-24,33248.4488570
DAILY_TR_BASE,2022-06-27,33423.6488570
DAILY_TR_BASE,2022-06-28,33668.0488570
DAILY_TR_BASE,2022-06-29,33088.9488570
DAILY_TR_BASE,2022-06-30,33517.1488570
DAILY_TR_BASE,2022-07-01,33294.0488570
DAILY_TR_BASE,2022-07-04,33672.0488570
DAILY_TR_BASE,2022-07-05,33577.4488570
DAILY_TR_BASE,2022-07-06,33304.3488570
DAILY_TR_BASE,2022-07-07,33603.5488570
DAILY_TR_BASE,2022-07-08,33377.5488570
DAILY_TR_BASE,2022-07-11,32897.1488570
DAILY_TR_BASE,2022-07-12,32397.5488570
DAILY_TR_BASE,2022-07-13,32661.4488570
DAILY_TR_BASE,2022-07-14,33056.7488570
DAILY_TR_BASE,2022-07-15,32534.2488570
DAILY_TR_BASE,2022-07-18,32893.2488570
DAILY_TR_BASE,2022-07-19,32649.6507770
DAILY_TR_BASE,2022-07-20,32888.6507770
DAILY_TR_BASE,2022-07-21,32691.6507770
DAILY_TR_BASE,2022-07-22,32457.1507770
DAILY_TR_BASE,2022-07-25,32226.8125270
DAILY_TR_BASE,2022-07-26,32433.5137870
DAILY_TR_BASE,2022-07-27,32512.0137870
DAILY_TR_BASE,2022-07-28,32506.0137870
DAILY_TR_BASE,2022-07-29,32197.5137870
DAILY_TR_BASE,2022-08-01,32668.0137870
DAILY_TR_BASE,2022-08-02,32020.0137870
DAILY_TR_BASE,2022-08-03,31616.0137870
DAILY_TR_BASE,2022-08-04,31730.0137870
DAILY_TR_BASE,2022-08-05,32219.8407670
DAILY_TR_BASE,2022-08-08,32268.2079070
DAILY_TR_BASE,2022-08-09,32411.0079070
DAILY_TR_BASE,2022-08-10,32187.0079070
DAILY_TR_BASE,2022-08-11,32853.8079070
DAILY_TR_BASE,2022-08-12,32740.8474270
DAILY_TR_BASE,2022-08-15,32726.8474270
DAILY_TR_BASE,2022-08-16,32730.8474270
DAILY_TR_BASE,2022-08-17,33042.5492570
DAILY_TR_BASE,2022-08-18,32977.5492570
DAILY_TR_BASE,2022-08-19,32561.5492570
DAILY_TR_BASE,2022-08-22,32998.5492570
DAILY_TR_BASE,2022-08-23,32991.5492570
DAILY_TR_BASE,2022-08-24,32034.0492570
DAILY_TR_BASE,2022-08-25,32057.0492570
DAILY_TR_BASE,2022-08-26,31893.0492570
DAILY_TR_BASE,2022-08-29,31761.0327870
DAILY_TR_BASE,2022-08-30,31709.8137870
DAILY_TR_BASE,2022-08-31,31402.8197870
DAILY_TR_BASE,2022-09-01,31236.8177870
DAILY_TR_BASE,2022-09-02,31183.8187870
DAILY_TR_BASE,2022-09-05,31248.0397870
DAILY_TR_BASE,2022-09-06,31589.4857870
DAILY_TR_BASE,2022-09-07,31653.3417870
DAILY_TR_BASE,2022-09-08,31541.7397870
DAILY_TR_BASE,2022-09-09,31825.9977870
DAILY_TR_BASE,2022-09-13,31836.9417870
DAILY_TR_BASE,2022-09-14,31570.5737870
DAILY_TR_BASE,2022-09-15,31117.1607870
DAILY_TR_BASE,2022-09-16,30462.9287870
DAILY_TR_BASE,2022-09-19,30340.7617870
DAILY_TR_BASE,2022-09-20,30416.2917870
DAILY_TR_BASE,2022-09-21,30383.0217870
DAILY_TR_BASE,2022-09-22,30263.8027870
DAILY_TR_BASE,2022-09-23,30073.9417870
DAILY_TR_BASE,2022-09-26,29775.8787870
DAILY_TR_BASE,2022-09-27,30195.5977870
DAILY_TR_BASE,2022-09-28,29686.7487870
DAILY_TR_BASE,2022-09-29,29724.5137870
DAILY_TR_BASE,2022-09-30,29457.4157870
DAILY_TR_BASE,2022-10-10,29037.6097870
DAILY_TR_BASE,2022-10-11,29107.5947870
DAILY_TR_BASE,2022-10-12,29629.9707870
DAILY_TR_BASE,2022-10-13,29552.1357870
DAILY_TR_BASE,2022-10-14,30190.4037870
DAILY_TR_BASE,2022-10-17,30281.1710970
DAILY_TR_BASE,2022-10-18,30405.7280970
DAILY_TR_BASE,2022-10-19,30186.2870970
DAILY_TR_BASE,2022-10-20,30037.8670970
DAILY_TR_BASE,2022-10-21,29946.6670970
DAILY_TR_BASE,2022-10-24,29516.3260970
DAILY_TR_BASE,2022-10-25,29266.1490970
DAILY_TR_BASE,2022-10-26,29891.0600970
DAILY_TR_BASE,2022-10-27,29638.9220970
DAILY_TR_BASE,2022-10-28,28759.0320970
DAILY_TR_BASE,2022-10-31,28924.7170970
DAILY_TR_BASE,2022-11-01,29673.0120970
DAILY_TR_BASE,2022-11-02,29942.5250970
DAILY_TR_BASE,2022-11-03,29972.1980970
DAILY_TR_BASE,2022-11-04,30742.2300970
DAILY_TR_BASE,2022-11-07,30682.7740970
DAILY_TR_BASE,2022-11-08,30605.3200970
DAILY_TR_BASE,2022-11-09,30355.4730970
DAILY_TR_BASE,2022-11-10,30090.7620970
DAILY_TR_BASE,2022-11-11,30412.6380970
DAILY_TR_BASE,2022-11-14,30217.1248174
DAILY_TR_BASE,2022-11-15,30712.8248174
DAILY_TR_BASE,2022-11-16,30547.5248174
DAILY_TR_BASE,2022-11-17,30516.6248174
DAILY_TR_BASE,2022-11-18,30444.7248174
DAILY_TR_BASE,2022-11-21,30313.8248174
DAILY_TR_BASE,2022-11-22,30161.6248174
DAILY_TR_BASE,2022-11-23,30147.9248174
DAILY_TR_BASE,2022-11-24,30087.1248174
DAILY_TR_BASE,2022-11-25,30090.2248174
DAILY_TR_BASE,2022-11-28,29873.3248174
DAILY_TR_BASE,2022-11-29,30499.3248174
DAILY_TR_BASE,2022-11-30,30479.0248174
DAILY_TR_BASE,2022-12-01,30709.1248174
DAILY_TR_BASE,2022-12-02,30595.6248174
DAILY_TR_BASE,2022-12-05,30938.7248174
DAILY_TR_BASE,2022-12-06,31012.6248174
DAILY_TR_BASE,2022-12-07,30953.0248174
DAILY_TR_BASE,2022-12-08,30962.5248174
DAILY_TR_BASE,2022-12-09,31112.8029274
DAILY_TR_BASE,2022-12-12,30885.7688874
DAILY_TR_BASE,2022-12-13,30653.5582474
DAILY_TR_BASE,2022-12-14,30631.1926774
DAILY_TR_BASE,2022-12-15,30754.5855674
DAILY_TR_BASE,2022-12-16,30602.9855674
DAILY_TR_BASE,2022-12-19,30264.1855674
DAILY_TR_BASE,2022-12-20,29867.0855674
DAILY_TR_BASE,2022-12-21,29839.1855674
DAILY_TR_BASE,2022-12-22,29836.8855674
DAILY_TR_BASE,2022-12-23,29726.1855674
DAILY_TR_BASE,2022-12-26,29992.7855674
DAILY_TR_BASE,2022-12-27,30335.4855674
DAILY_TR_BASE,2022-12-28,30137.8855674
DAILY_TR_BASE,2022-12-29,30156.0855674
DAILY_TR_BASE,2022-12-30,30222.2855674
DAILY_TR_BASE,2023-01-03,30318.6855674
DAILY_TR_BASE,2023-01-04,30205.8855674
DAILY_TR_BASE,2023-01-05,30832.5855674
DAILY_TR_BASE,2023-01-06,31004.9855674
DAILY_TR_BASE,2023-01-09,31178.4855674
DAILY_TR_BASE,2023-01-10,31411.2855674
DAILY_TR_BASE,2023-01-11,31251.9855674
DAILY_TR_BASE,2023-01-12,31319.5855674
DAILY_TR_BASE,2023-01-13,31736.8855674
DAILY_TR_BASE,2023-01-16,32216.5855674
DAILY_TR_BASE,2023-01-17,32250.1855674
DAILY_TR_BASE,2023-01-18,32207.7855674
DAILY_TR_BASE,2023-01-19,32468.1855674
DAILY_TR_BASE,2023-01-20,32611.2855674
DAILY_TR_BASE,2023-01-30,32846.2855674
DAILY_TR_BASE,2023-01-31,32536.4855674
DAILY_TR_BASE,2023-02-01,32818.8855674
DAILY_TR_BASE,2023-02-02,32747.4134174
DAILY_TR_BASE,2023-02-03,32543.8134174
DAILY_TR_BASE,2023-02-06,32291.5134174
DAILY_TR_BASE,2023-02-07,32257.8134174
DAILY_TR_BASE,2023-02-08,32070.8134174
DAILY_TR_BASE,2023-02-09,32546.9134174
DAILY_TR_BASE,2023-02-10,32338.5134174
DAILY_TR_BASE,2023-02-13,32599.9134174
DAILY_TR_BASE,2023-02-14,32610.0134174
DAILY_TR_BASE,2023-02-15,32454.8134174
DAILY_TR_BASE,2023-02-16,32073.7134174
DAILY_TR_BASE,2023-02-17,31613.1134174
DAILY_TR_BASE,2023-02-20,32135.3504374
DAILY_TR_BASE,2023-02-21,32237.9504374
DAILY_TR_BASE,2023-02-22,32084.1504374
DAILY_TR_BASE,2023-02-23,32058.8504374
DAILY_TR_BASE,2023-02-24,31890.1504374
DAILY_TR_BASE,2023-02-27,31761.7504374
DAILY_TR_BASE,2023-02-28,31947.0504374
DAILY_TR_BASE,2023-03-01,32208.2504374
DAILY_TR_BASE,2023-03-02,32174.6504374
DAILY_TR_BASE,2023-03-03,32199.2504374
DAILY_TR_BASE,2023-03-06,32116.3504374
DAILY_TR_BASE,2023-03-07,31686.8504374
DAILY_TR_BASE,2023-03-08,31653.8504374
DAILY_TR_BASE,2023-03-09,31602.7504374
DAILY_TR_BASE,2023-03-10,31226.2504374
DAILY_TR_BASE,2023-03-13,31460.7504374
DAILY_TR_BASE,2023-03-14,31255.9504374
DAILY_TR_BASE,2023-03-15,31326.0504374
DAILY_TR_BASE,2023-03-16,30987.9504374
DAILY_TR_BASE,2023-03-17,31144.2504374
DAILY_TR_BASE,2023-03-20,31023.5504374
DAILY_TR_BASE,2023-03-21,31323.5504374
DAILY_TR_BASE,2023-03-22,31464.7504374
DAILY_TR_BASE,2023-03-23,31678.2504374
DAILY_TR_BASE,2023-03-24,31679.1504374
DAILY_TR_BASE,2023-03-27,31598.7504374
DAILY_TR_BASE,2023-03-28,31397.0052474
DAILY_TR_BASE,2023-03-29,31260.0773474
DAILY_TR_BASE,2023-03-30,31483.1773474
DAILY_TR_BASE,2023-03-31,31622.1826674
DAILY_TR_BASE,2023-04-03,32000.8826674
DAILY_TR_BASE,2023-04-04,31912.0826674
DAILY_TR_BASE,2023-04-06,31934.2826674
DAILY_TR_BASE,2023-04-07,32133.5826674
DAILY_TR_BASE,2023-04-10,32032.8826674
DAILY_TR_BASE,2023-04-11,31960.4408074
DAILY_TR_BASE,2023-04-12,31927.7879574
DAILY_TR_BASE,2023-04-13,31740.1879574
DAILY_TR_BASE,2023-04-14,31911.1879574
DAILY_TR_BASE,2023-04-17,32035.5879574
DAILY_TR_BASE,2023-04-18,31974.0200174
DAILY_TR_BASE,2023-04-19,31770.3200174
DAILY_TR_BASE,2023-04-20,31563.4200174
DAILY_TR_BASE,2023-04-21,30984.5395574
DAILY_TR_BASE,2023-04-24,30718.7395574
DAILY_TR_BASE,2023-04-25,30447.3395574
DAILY_TR_BASE,2023-04-26,30473.9395574
DAILY_TR_BASE,2023-04-27,30650.1395574
DAILY_TR_BASE,2023-04-28,30985.1395574
DAILY_TR_BASE,2023-05-04,30987.3395574
DAILY_TR_BASE,2023-05-05,30809.7395574
DAILY_TR_BASE,2023-05-08,31048.5395574
DAILY_TR_BASE,2023-05-09,30804.1395574
DAILY_TR_BASE,2023-05-10,30674.5395574
DAILY_TR_BASE,2023-05-11,30615.7395574
DAILY_TR_BASE,2023-05-12,30310.3395574
DAILY_TR_BASE,2023-05-15,30674.1395574
DAILY_TR_BASE,2023-05-16,30526.1395574
DAILY_TR_BASE,2023-05-17,30438.7395574
DAILY_TR_BASE,2023-05-18,30457.3395574
DAILY_TR_BASE,2023-05-19,30447.9395574
DAILY_TR_BASE,2023-05-22,30496.1395574
DAILY_TR_BASE,2023-05-23,30159.3395574
DAILY_TR_BASE,2023-05-24,29877.9395574
DAILY_TR_BASE,2023-05-25,29830.5270274
DAILY_TR_BASE,2023-05-26,29843.4270274
DAILY_TR_BASE,2023-05-29,29681.6270274
DAILY_TR_BASE,2023-05-30,29752.8101374
DAILY_TR_BASE,2023-05-31,29615.0101374
DAILY_TR_BASE,2023-06-01,29701.9677774
DAILY_TR_BASE,2023-06-02,29983.7677774
DAILY_TR_BASE,2023-06-05,29756.7677774
DAILY_TR_BASE,2023-06-06,29276.5677774
DAILY_TR_BASE,2023-06-07,29093.1677774
DAILY_TR_BASE,2023-06-08,29155.6363574
DAILY_TR_BASE,2023-06-09,29322.2363574
DAILY_TR_BASE,2023-06-12,29375.4363574
DAILY_TR_BASE,2023-06-13,29513.6363574
DAILY_TR_BASE,2023-06-14,29529.0363574
DAILY_TR_BASE,2023-06-15,29868.8363574
DAILY_TR_BASE,2023-06-16,30089.2363574
DAILY_TR_BASE,2023-06-19,29969.6363574
DAILY_TR_BASE,2023-06-20,29960.4850474
DAILY_TR_BASE,2023-06-21,29356.0850474
DAILY_TR_BASE,2023-06-26,28940.2255274
DAILY_TR_BASE,2023-06-27,29127.6255274
DAILY_TR_BASE,2023-06-28,29185.6255274
DAILY_TR_BASE,2023-06-29,29104.6255274
DAILY_TR_BASE,2023-06-30,29372.5676874
DAILY_TR_BASE,2023-07-03,29568.2676874
DAILY_TR_BASE,2023-07-04,29610.3676874
DAILY_TR_BASE,2023-07-05,29408.7676874
DAILY_TR_BASE,2023-07-06,29197.6676874
DAILY_TR_BASE,2023-07-07,29044.3676874
DAILY_TR_BASE,2023-07-10,29263.4676874
DAILY_TR_BASE,2023-07-11,29449.4676874
DAILY_TR_BASE,2023-07-12,29250.6676874
DAILY_TR_BASE,2023-07-13,29727.1676874
DAILY_TR_BASE,2023-07-14,29641.0676874
DAILY_TR_BASE,2023-07-17,29442.1676874
DAILY_TR_BASE,2023-07-18,29403.3741074
DAILY_TR_BASE,2023-07-19,29377.6741074
DAILY_TR_BASE,2023-07-20,29143.8741074
DAILY_TR_BASE,2023-07-21,29156.9741074
DAILY_TR_BASE,2023-07-24,29078.1741074
DAILY_TR_BASE,2023-07-25,29664.7741074
DAILY_TR_BASE,2023-07-26,29611.0741074
DAILY_TR_BASE,2023-07-27,29509.2741074
DAILY_TR_BASE,2023-07-28,30028.8741074
DAILY_TR_BASE,2023-07-31,30165.1741074
DAILY_TR_BASE,2023-08-01,30114.4741074
DAILY_TR_BASE,2023-08-02,29969.6741074
DAILY_TR_BASE,2023-08-03,30136.1741074
DAILY_TR_BASE,2023-08-04,30212.9814574
DAILY_TR_BASE,2023-08-07,29994.7814574
DAILY_TR_BASE,2023-08-08,29892.0868674
DAILY_TR_BASE,2023-08-09,29777.4868674
DAILY_TR_BASE,2023-08-10,29843.2439674
DAILY_TR_BASE,2023-08-11,29194.2439674
DAILY_TR_BASE,2023-08-14,29090.9179074
DAILY_TR_BASE,2023-08-15,29008.4179074
DAILY_TR_BASE,2023-08-16,28819.1179074
DAILY_TR_BASE,2023-08-17,28895.3219674
DAILY_TR_BASE,2023-08-18,28550.5219674
DAILY_TR_BASE,2023-08-21,28192.9219674
DAILY_TR_BASE,2023-08-22,28287.4219674
DAILY_TR_BASE,2023-08-23,27793.8837674
DAILY_TR_BASE,2023-08-24,27903.3837674
DAILY_TR_BASE,2023-08-25,27737.4837674
DAILY_TR_BASE,2023-08-28,28044.6837674
DAILY_TR_BASE,2023-08-29,28379.7837674
DAILY_TR_BASE,2023-08-30,28371.2060274
DAILY_TR_BASE,2023-08-31,28223.1060274
DAILY_TR_BASE,2023-09-01,28303.4487174
DAILY_TR_BASE,2023-09-04,28671.2487174
DAILY_TR_BASE,2023-09-05,28491.8487174
DAILY_TR_BASE,2023-09-06,28454.6487174
DAILY_TR_BASE,2023-09-07,28107.5487174
DAILY_TR_BASE,2023-09-08,28034.0487174
DAILY_TR_BASE,2023-09-11,28267.1487174
DAILY_TR_BASE,2023-09-12,28254.8487174
DAILY_TR_BASE,2023-09-13,28048.4487174
DAILY_TR_BASE,2023-09-14,28028.0487174
DAILY_TR_BASE,2023-09-15,27974.0487174
DAILY_TR_BASE,2023-09-18,28042.1487174
DAILY_TR_BASE,2023-09-19,27973.1487174
DAILY_TR_BASE,2023-09-20,27827.6487174
DAILY_TR_BASE,2023-09-21,27615.5487174
DAILY_TR_BASE,2023-09-22,28068.8487174
DAILY_TR_BASE,2023-09-25,27907.1487174
DAILY_TR_BASE,2023-09-26,27797.9487174
DAILY_TR_BASE,2023-09-27,27883.4487174
DAILY_TR_BASE,2023-09-28,27854.0487174
DAILY_TR_BASE,2023-10-09,27753.8487174
DAILY_TR_BASE,2023-10-10,27605.9487174
DAILY_TR_BASE,2023-10-11,27621.8487174
DAILY_TR_BASE,2023-10-12,27830.9487174
DAILY_TR_BASE,2023-10-13,27652.4487174
DAILY_TR_BASE,2023-10-16,27390.8487174
DAILY_TR_BASE,2023-10-17,27453.5487174
DAILY_TR_BASE,2023-10-18,27218.3487174
DAILY_TR_BASE,2023-10-19,26827.7487174
DAILY_TR_BASE,2023-10-20,26610.7303474
DAILY_TR_BASE,2023-10-23,26078.0303474
DAILY_TR_BASE,2023-10-24,26196.6140274
DAILY_TR_BASE,2023-10-25,26290.9198874
DAILY_TR_BASE,2023-10-26,26384.2198874
DAILY_TR_BASE,2023-10-27,26780.8198874
DAILY_TR_BASE,2023-10-30,27144.7360274
DAILY_TR_BASE,2023-10-31,27053.4360274
DAILY_TR_BASE,2023-11-01,26977.0360274
DAILY_TR_BASE,2023-11-02,26754.7360274
DAILY_TR_BASE,2023-11-03,27020.0360274
DAILY_TR_BASE,2023-11-06,27555.1866774
DAILY_TR_BASE,2023-11-07,27466.2487874
DAILY_TR_BASE,2023-11-08,27483.0487874
DAILY_TR_BASE,2023-11-09,27432.6487874
DAILY_TR_BASE,2023-11-10,27315.0487874
DAILY_TR_BASE,2023-11-13,27399.0487874
DAILY_TR_BASE,2023-11-14,27417.9487874
DAILY_TR_BASE,2023-11-15,27558.6487874
DAILY_TR_BASE,2023-11-16,27197.4487874
DAILY_TR_BASE,2023-11-17,27294.0487874
DAILY_TR_BASE,2023-11-20,27411.6487874
DAILY_TR_BASE,2023-11-21,27306.6487874
DAILY_TR_BASE,2023-11-22,26951.7487874
DAILY_TR_BASE,2023-11-23,27134.4487874
DAILY_TR_BASE,2023-11-24,26892.9487874
DAILY_TR_BASE,2023-11-27,26800.5487874
DAILY_TR_BASE,2023-11-28,26845.8676774
DAILY_TR_BASE,2023-11-29,26649.4964174
DAILY_TR_BASE,2023-11-30,26654.3964174
DAILY_TR_BASE,2023-12-01,26755.8964174
DAILY_TR_BASE,2023-12-04,26583.4964174
DAILY_TR_BASE,2023-12-05,26156.8529274
DAILY_TR_BASE,2023-12-06,26198.5529274
DAILY_TR_BASE,2023-12-07,26179.3529274
DAILY_TR_BASE,2023-12-08,26227.6529274
DAILY_TR_BASE,2023-12-11,26437.0529274
DAILY_TR_BASE,2023-12-12,26484.4529274
DAILY_TR_BASE,2023-12-13,26169.1529274
DAILY_TR_BASE,2023-12-14,26076.4529274
DAILY_TR_BASE,2023-12-15,25888.2628274
DAILY_TR_BASE,2023-12-18,25679.2562274
DAILY_TR_BASE,2023-12-19,25667.1562274
DAILY_TR_BASE,2023-12-20,25431.5562274
DAILY_TR_BASE,2023-12-21,25566.3562274
DAILY_TR_BASE,2023-12-22,25553.1562274
DAILY_TR_BASE,2023-12-25,25569.0562274
DAILY_TR_BASE,2023-12-26,25402.3562274
DAILY_TR_BASE,2023-12-27,25469.9562274
DAILY_TR_BASE,2023-12-28,25971.8562274
DAILY_TR_BASE,2023-12-29,26083.4501674
DAILY_TR_BASE,2024-01-02,25700.2501674
DAILY_TR_BASE,2024-01-03,25624.1856874
DAILY_TR_BASE,2024-01-04,25429.7856874
DAILY_TR_BASE,2024-01-05,25224.9856874
DAILY_TR_BASE,2024-01-08,24800.5856874
DAILY_TR_BASE,2024-01-09,24852.9856874
DAILY_TR_BASE,2024-01-10,24771.2856874
DAILY_TR_BASE,2024-01-11,24968.1856874
DAILY_TR_BASE,2024-01-12,24826.3919374
DAILY_TR_BASE,2024-01-15,24726.5497874
DAILY_TR_BASE,2024-01-16,24790.8497874
DAILY_TR_BASE,2024-01-17,24192.6240574
DAILY_TR_BASE,2024-01-18,24261.1845274
DAILY_TR_BASE,2024-01-19,24172.0933074
DAILY_TR_BASE,2024-01-22,23431.1450174
DAILY_TR_BASE,2024-01-23,23575.9342974
DAILY_TR_BASE,2024-01-24,23796.2342974
DAILY_TR_BASE,2024-01-25,24143.5342974
DAILY_TR_BASE,2024-01-26,23966.6461974
DAILY_TR_BASE,2024-01-29,23666.0461974
DAILY_TR_BASE,2024-01-30,23267.0461974
DAILY_TR_BASE,2024-01-31,22928.9461974
DAILY_TR_BASE,2024-02-01,22877.9461974
DAILY_TR_BASE,2024-02-02,22507.8872574
DAILY_TR_BASE,2024-02-05,22697.2872574
DAILY_TR_BASE,2024-02-06,23660.4872574
DAILY_TR_BASE,2024-02-07,23997.4872574
DAILY_TR_BASE,2024-02-08,24021.4024574
DAILY_TR_BASE,2024-02-19,24039.8024574
DAILY_TR_BASE,2024-02-20,24055.0498974
DAILY_TR_BASE,2024-02-21,24253.4498974
DAILY_TR_BASE,2024-02-22,24381.4498974
DAILY_TR_BASE,2024-02-23,24384.6498974
DAILY_TR_BASE,2024-02-26,24239.0123774
DAILY_TR_BASE,2024-02-27,24624.2123774
DAILY_TR_BASE,2024-02-28,24231.0123774
DAILY_TR_BASE,2024-02-29,24751.0123774
DAILY_TR_BASE,2024-03-01,24909.4123774
DAILY_TR_BASE,2024-03-04,24934.1848074
DAILY_TR_BASE,2024-03-05,24868.2500074
DAILY_TR_BASE,2024-03-06,24870.8500074
DAILY_TR_BASE,2024-03-07,24478.8500074
DAILY_TR_BASE,2024-03-08,24709.0500074
DAILY_TR_BASE,2024-03-11,25442.2500074
DAILY_TR_BASE,2024-03-12,25449.5500074
DAILY_TR_BASE,2024-03-13,25370.5500074
DAILY_TR_BASE,2024-03-14,25267.8500074
DAILY_TR_BASE,2024-03-15,25290.4171374
DAILY_TR_BASE,2024-03-18,25650.0171374
DAILY_TR_BASE,2024-03-19,25379.6085774
DAILY_TR_BASE,2024-03-20,25426.2085774
DAILY_TR_BASE,2024-03-21,25310.2085774
DAILY_TR_BASE,2024-03-22,24964.4085774
DAILY_TR_BASE,2024-03-25,24579.2085774
DAILY_TR_BASE,2024-03-26,24669.0033774
DAILY_TR_BASE,2024-03-27,24241.2033774
DAILY_TR_BASE,2024-03-28,24393.1033774
DAILY_TR_BASE,2024-03-29,24504.7033774
DAILY_TR_BASE,2024-04-01,25019.3033774
DAILY_TR_BASE,2024-04-02,24895.3033774
DAILY_TR_BASE,2024-04-03,24740.3033774
DAILY_TR_BASE,2024-04-08,24460.8132774
DAILY_TR_BASE,2024-04-09,24639.6614274
DAILY_TR_BASE,2024-04-10,24278.0614274
DAILY_TR_BASE,2024-04-11,24265.1155974
DAILY_TR_BASE,2024-04-12,24120.3155974
DAILY_TR_BASE,2024-04-15,24488.6155974
DAILY_TR_BASE,2024-04-16,24093.4155974
DAILY_TR_BASE,2024-04-17,24518.0155974
DAILY_TR_BASE,2024-04-18,24556.6155974
DAILY_TR_BASE,2024-04-19,24395.8155974
DAILY_TR_BASE,2024-04-22,24284.1155974
DAILY_TR_BASE,2024-04-23,24082.6155974
DAILY_TR_BASE,2024-04-24,24250.0155974
DAILY_TR_BASE,2024-04-25,24265.0155974
DAILY_TR_BASE,2024-04-26,24660.0155974
DAILY_TR_BASE,2024-04-29,25005.3155974
DAILY_TR_BASE,2024-04-30,24781.3919374
DAILY_TR_BASE,2024-05-06,25177.0919374
DAILY_TR_BASE,2024-05-07,25161.6147574
DAILY_TR_BASE,2024-05-08,24822.5467574
DAILY_TR_BASE,2024-05-09,25121.4653574
DAILY_TR_BASE,2024-05-10,24980.1804574
DAILY_TR_BASE,2024-05-13,24831.4783874
DAILY_TR_BASE,2024-05-14,24745.9901574
DAILY_TR_BASE,2024-05-15,24570.3901574
DAILY_TR_BASE,2024-05-16,24630.7901574
DAILY_TR_BASE,2024-05-17,24894.0901574
DAILY_TR_BASE,2024-05-20,24972.1721574
DAILY_TR_BASE,2024-05-21,24819.2574574
DAILY_TR_BASE,2024-05-22,24971.3574574
DAILY_TR_BASE,2024-05-23,24689.5574574
DAILY_TR_BASE,2024-05-24,24383.5574574
DAILY_TR_BASE,2024-05-27,24540.6574574
DAILY_TR_BASE,2024-05-28,24331.3574574
DAILY_TR_BASE,2024-05-29,24352.6574574
DAILY_TR_BASE,2024-05-30,24341.1574574
DAILY_TR_BASE,2024-05-31,24283.0900274
DAILY_TR_BASE,2024-06-03,24216.0900274
DAILY_TR_BASE,2024-06-04,24435.4628874
DAILY_TR_BASE,2024-06-05,24335.4628874
DAILY_TR_BASE,2024-06-06,24268.3628874
DAILY_TR_BASE,2024-06-07,23973.6628874
DAILY_TR_BASE,2024-06-11,23923.0628874
DAILY_TR_BASE,2024-06-12,23856.1628874
DAILY_TR_BASE,2024-06-13,23811.0628874
DAILY_TR_BASE,2024-06-14,23956.4628874
DAILY_TR_BASE,2024-06-17,23999.6628874
DAILY_TR_BASE,2024-06-18,24081.4628874
DAILY_TR_BASE,2024-06-19,23911.1628874
DAILY_TR_BASE,2024-06-20,23689.6628874
DAILY_TR_BASE,2024-06-21,23641.1628874
DAILY_TR_BASE,2024-06-24,23314.7477574
DAILY_TR_BASE,2024-06-25,23070.8177374
DAILY_TR_BASE,2024-06-26,23335.1177374
DAILY_TR_BASE,2024-06-27,23101.2177374
DAILY_TR_BASE,2024-06-28,23012.4177374
DAILY_TR_BASE,2024-07-01,23132.0042974
DAILY_TR_BASE,2024-07-02,23025.0042974
DAILY_TR_BASE,2024-07-03,22921.0042974
DAILY_TR_BASE,2024-07-04,22734.0042974
DAILY_TR_BASE,2024-07-05,22753.0042974
DAILY_TR_BASE,2024-07-08,22517.0042974
DAILY_TR_BASE,2024-07-09,22804.0042974
DAILY_TR_BASE,2024-07-10,22724.0042974
DAILY_TR_BASE,2024-07-11,23060.0042974
DAILY_TR_BASE,2024-07-12,23046.0042974
DAILY_TR_BASE,2024-07-15,22995.0042974
DAILY_TR_BASE,2024-07-16,23104.0042974
DAILY_TR_BASE,2024-07-17,23049.0042974
DAILY_TR_BASE,2024-07-18,23263.8732874
DAILY_TR_BASE,2024-07-19,23367.7732874
DAILY_TR_BASE,2024-07-22,23289.8732874
DAILY_TR_BASE,2024-07-23,22758.2732874
DAILY_TR_BASE,2024-07-24,22564.2732874
DAILY_TR_BASE,2024-07-25,22475.2732874
DAILY_TR_BASE,2024-07-26,22599.3732874
DAILY_TR_BASE,2024-07-29,22398.7732874
DAILY_TR_BASE,2024-07-30,22313.4732874
DAILY_TR_BASE,2024-07-31,22890.1732874
DAILY_TR_BASE,2024-08-01,22681.2732874
DAILY_TR_BASE,2024-08-02,22371.2266874
DAILY_TR_BASE,2024-08-05,22029.3899574
DAILY_TR_BASE,2024-08-06,22161.6899574
DAILY_TR_BASE,2024-08-07,22090.9899574
DAILY_TR_BASE,2024-08-08,22086.6133774
DAILY_TR_BASE,2024-08-09,21969.8133774
DAILY_TR_BASE,2024-08-12,21962.2133774
DAILY_TR_BASE,2024-08-13,21996.7133774
DAILY_TR_BASE,2024-08-14,21793.1133774
DAILY_TR_BASE,2024-08-15,21977.3133774
DAILY_TR_BASE,2024-08-16,21927.1133774
DAILY_TR_BASE,2024-08-19,21969.2133774
DAILY_TR_BASE,2024-08-20,21758.8133774
DAILY_TR_BASE,2024-08-21,21697.3133774
DAILY_TR_BASE,2024-08-22,21559.2133774
DAILY_TR_BASE,2024-08-23,21601.8133774
DAILY_TR_BASE,2024-08-26,21614.7133774
DAILY_TR_BASE,2024-08-27,21473.4133774
DAILY_TR_BASE,2024-08-28,21417.4133774
DAILY_TR_BASE,2024-08-29,21516.4133774
DAILY_TR_BASE,2024-08-30,21806.9133774
DAILY_TR_BASE,2024-09-02,21442.9133774
DAILY_TR_BASE,2024-09-03,21575.7133774
DAILY_TR_BASE,2024-09-04,21490.8133774
DAILY_TR_BASE,2024-09-05,21553.1133774
DAILY_TR_BASE,2024-09-06,21316.0982274
DAILY_TR_BASE,2024-09-09,21228.6982274
DAILY_TR_BASE,2024-09-10,21222.3982274
DAILY_TR_BASE,2024-09-11,21302.8982274
DAILY_TR_BASE,2024-09-12,21226.9592174
DAILY_TR_BASE,2024-09-13,21031.7592174
DAILY_TR_BASE,2024-09-18,21030.7592174
DAILY_TR_BASE,2024-09-19,21249.7592174
DAILY_TR_BASE,2024-09-20,21117.5592174
DAILY_TR_BASE,2024-09-23,21072.1592174
DAILY_TR_BASE,2024-09-24,22029.3592174
DAILY_TR_BASE,2024-09-25,22239.9592174
DAILY_TR_BASE,2024-09-26,23207.1592174
DAILY_TR_BASE,2024-09-27,25149.9592174
DAILY_TR_BASE,2024-09-30,28460.3592174
DAILY_TR_BASE,2024-10-08,31727.5592174
DAILY_TR_BASE,2024-10-09,28258.3592174
DAILY_TR_BASE,2024-10-10,27688.7592174
DAILY_TR_BASE,2024-10-11,26515.9592174
DAILY_TR_BASE,2024-10-14,27003.7368274
DAILY_TR_BASE,2024-10-15,26278.2191774
DAILY_TR_BASE,2024-10-16,26006.7191774
DAILY_TR_BASE,2024-10-17,25885.3191774
DAILY_TR_BASE,2024-10-18,27312.6191774
DAILY_TR_BASE,2024-10-21,27494.0191774
DAILY_TR_BASE,2024-10-22,27651.7191774
DAILY_TR_BASE,2024-10-23,27624.6191774
DAILY_TR_BASE,2024-10-24,27343.5191774
DAILY_TR_BASE,2024-10-25,27901.6191774
DAILY_TR_BASE,2024-10-28,27998.0191774
DAILY_TR_BASE,2024-10-29,27566.7191774
DAILY_TR_BASE,2024-10-30,27465.3191774
DAILY_TR_BASE,2024-10-31,27667.7191774
DAILY_TR_BASE,2024-11-01,27333.9191774
DAILY_TR_BASE,2024-11-04,27870.4191774
DAILY_TR_BASE,2024-11-05,28857.9191774
DAILY_TR_BASE,2024-11-06,28774.2585074
DAILY_TR_BASE,2024-11-07,29450.9585074
DAILY_TR_BASE,2024-11-08,29093.9198474
DAILY_TR_BASE,2024-11-11,29691.7198474
DAILY_TR_BASE,2024-11-12,29543.3198474
DAILY_TR_BASE,2024-11-13,29654.6198474
DAILY_TR_BASE,2024-11-14,28823.0198474
DAILY_TR_BASE,2024-11-15,28016.6198474
DAILY_TR_BASE,2024-11-18,27519.6198474
DAILY_TR_BASE,2024-11-19,27785.2634474
DAILY_TR_BASE,2024-11-20,27983.2243674
DAILY_TR_BASE,2024-11-21,27972.7243674
DAILY_TR_BASE,2024-11-22,26981.5243674
DAILY_TR_BASE,2024-11-25,26883.2696674
DAILY_TR_BASE,2024-11-26,26658.3821074
DAILY_TR_BASE,2024-11-27,27205.0821074
DAILY_TR_BASE,2024-11-28,26887.8864374
DAILY_TR_BASE,2024-11-29,27302.4864374
DAILY_TR_BASE,2024-12-02,27571.6864374
DAILY_TR_BASE,2024-12-03,27454.6366374
DAILY_TR_BASE,2024-12-04,27220.5976374
DAILY_TR_BASE,2024-12-05,27238.7976374
DAILY_TR_BASE,2024-12-06,27644.7937374
DAILY_TR_BASE,2024-12-09,27524.7001374
DAILY_TR_BASE,2024-12-10,27887.1229374
DAILY_TR_BASE,2024-12-11,27944.5229374
DAILY_TR_BASE,2024-12-12,28176.9229374
DAILY_TR_BASE,2024-12-13,27699.7229374
DAILY_TR_BASE,2024-12-16,27304.9448374
DAILY_TR_BASE,2024-12-17,27182.5448374
DAILY_TR_BASE,2024-12-18,27298.0862774
DAILY_TR_BASE,2024-12-19,27352.0862774
DAILY_TR_BASE,2024-12-20,27340.0862774
DAILY_TR_BASE,2024-12-23,27164.0862774
DAILY_TR_BASE,2024-12-24,27439.0862774
DAILY_TR_BASE,2024-12-25,27348.0862774
DAILY_TR_BASE,2024-12-26,27441.0862774
DAILY_TR_BASE,2024-12-27,27451.0862774
DAILY_TR_BASE,2024-12-30,27504.0862774
DAILY_TR_BASE,2024-12-31,26956.0862774
DAILY_TR_BASE,2025-01-02,26269.0862774
DAILY_TR_BASE,2025-01-03,25921.0862774
DAILY_TR_BASE,2025-01-06,25847.0862774
DAILY_TR_BASE,2025-01-07,26044.0862774
DAILY_TR_BASE,2025-01-08,25980.0862774
DAILY_TR_BASE,2025-01-09,25948.0862774
DAILY_TR_BASE,2025-01-10,25655.0862774
DAILY_TR_BASE,2025-01-13,25628.0862774
DAILY_TR_BASE,2025-01-14,26296.0862774
DAILY_TR_BASE,2025-01-15,26056.7809974
DAILY_TR_BASE,2025-01-16,26093.2938774
DAILY_TR_BASE,2025-01-17,26224.6938774
DAILY_TR_BASE,2025-01-20,26338.3938774
DAILY_TR_BASE,2025-01-21,26320.9508974
DAILY_TR_BASE,2025-01-22,26148.3501274
DAILY_TR_BASE,2025-01-23,26133.0501274
DAILY_TR_BASE,2025-01-24,26371.8501274
DAILY_TR_BASE,2025-01-27,25978.6804774
DAILY_TR_BASE,2025-02-05,25925.8654374
DAILY_TR_BASE,2025-02-06,26324.8654374
DAILY_TR_BASE,2025-02-07,26778.4313374
DAILY_TR_BASE,2025-02-10,26942.0313374
DAILY_TR_BASE,2025-02-11,26733.6313374
DAILY_TR_BASE,2025-02-12,27094.8313374
DAILY_TR_BASE,2025-02-13,26952.8313374
DAILY_TR_BASE,2025-02-14,27263.2313374
DAILY_TR_BASE,2025-02-17,27290.0313374
DAILY_TR_BASE,2025-02-18,26854.8313374
DAILY_TR_BASE,2025-02-19,27292.8313374
DAILY_TR_BASE,2025-02-20,27317.2313374
DAILY_TR_BASE,2025-02-21,27829.2313374
DAILY_TR_BASE,2025-02-24,27692.4313374
DAILY_TR_BASE,2025-02-25,27432.0313374
DAILY_TR_BASE,2025-02-26,27721.6313374
DAILY_TR_BASE,2025-02-27,27628.0313374
DAILY_TR_BASE,2025-02-28,26833.6313374
DAILY_TR_BASE,2025-03-03,26999.2313374
DAILY_TR_BASE,2025-03-04,27075.2313374
DAILY_TR_BASE,2025-03-05,27105.2313374
DAILY_TR_BASE,2025-03-06,27530.4313374
DAILY_TR_BASE,2025-03-07,27304.8313374
DAILY_TR_BASE,2025-03-10,27285.2313374
DAILY_TR_BASE,2025-03-11,27345.2313374
DAILY_TR_BASE,2025-03-12,27297.2313374
DAILY_TR_BASE,2025-03-13,27104.2044574
DAILY_TR_BASE,2025-03-14,27625.2044574
DAILY_TR_BASE,2025-03-17,27593.2044574
DAILY_TR_BASE,2025-03-18,27672.2044574
DAILY_TR_BASE,2025-03-19,27642.2044574
DAILY_TR_BASE,2025-03-20,27459.2044574
DAILY_TR_BASE,2025-03-21,27077.2044574
DAILY_TR_BASE,2025-03-24,27114.2044574
DAILY_TR_BASE,2025-03-25,27080.2044574
DAILY_TR_BASE,2025-03-26,27032.2044574
DAILY_TR_BASE,2025-03-27,27104.2044574
DAILY_TR_BASE,2025-03-28,26953.2044574
DAILY_TR_BASE,2025-03-31,26771.2044574
DAILY_TR_BASE,2025-04-01,26829.2044574
DAILY_TR_BASE,2025-04-02,26834.2044574
DAILY_TR_BASE,2025-04-03,26672.2044574
DAILY_TR_BASE,2025-04-07,24756.2044574
DAILY_TR_BASE,2025-04-08,24927.2044574
DAILY_TR_BASE,2025-04-09,25265.2044574
DAILY_TR_BASE,2025-04-10,25668.2044574
DAILY_TR_BASE,2025-04-11,25777.2044574
DAILY_TR_BASE,2025-04-14,25889.2044574
DAILY_TR_BASE,2025-04-15,25852.2044574
DAILY_TR_BASE,2025-04-16,25781.2044574
DAILY_TR_BASE,2025-04-17,25796.2044574
DAILY_TR_BASE,2025-04-18,25830.2044574
DAILY_TR_BASE,2025-04-21,26000.2044574
DAILY_TR_BASE,2025-04-22,25979.2044574
DAILY_TR_BASE,2025-04-23,26013.2044574
DAILY_TR_BASE,2025-04-24,25967.2044574
DAILY_TR_BASE,2025-04-25,25999.2044574
DAILY_TR_BASE,2025-04-28,25929.2044574
DAILY_TR_BASE,2025-04-29,25914.2044574
DAILY_TR_BASE,2025-04-30,25961.2044574
DAILY_TR_BASE,2025-05-06,26286.2044574
DAILY_TR_BASE,2025-05-07,26378.2044574
DAILY_TR_BASE,2025-05-08,26495.2044574
DAILY_TR_BASE,2025-05-09,26277.7130574
DAILY_TR_BASE,2025-05-12,26734.4130574
DAILY_TR_BASE,2025-05-13,26665.1130574
DAILY_TR_BASE,2025-05-14,26846.7130574
DAILY_TR_BASE,2025-05-15,26469.6313974
DAILY_TR_BASE,2025-05-16,26382.2313974
DAILY_TR_BASE,2025-05-19,26329.4313974
DAILY_TR_BASE,2025-05-20,26451.8285174
DAILY_TR_BASE,2025-05-21,26552.8016374
DAILY_TR_BASE,2025-05-22,26440.8016374
DAILY_TR_BASE,2025-05-23,26226.9016374
DAILY_TR_BASE,2025-05-26,26065.7016374
DAILY_TR_BASE,2025-05-27,25945.8016374
DAILY_TR_BASE,2025-05-28,25887.0016374
DAILY_TR_BASE,2025-05-29,26133.6016374
DAILY_TR_BASE,2025-05-30,25964.1313074
DAILY_TR_BASE,2025-06-03,25980.6902874
DAILY_TR_BASE,2025-06-04,26165.6902874
DAILY_TR_BASE,2025-06-05,26330.3902874
DAILY_TR_BASE,2025-06-06,26300.7902874
DAILY_TR_BASE,2025-06-09,26427.1902874
DAILY_TR_BASE,2025-06-10,26187.3568774
DAILY_TR_BASE,2025-06-11,26354.5916574
DAILY_TR_BASE,2025-06-12,26382.7759774
DAILY_TR_BASE,2025-06-13,26168.7759774
DAILY_TR_BASE,2025-06-16,26309.3759774
DAILY_TR_BASE,2025-06-17,26233.1759774
DAILY_TR_BASE,2025-06-18,26249.9759774
DAILY_TR_BASE,2025-06-19,25965.7759774
DAILY_TR_BASE,2025-06-20,25789.1759774
DAILY_TR_BASE,2025-06-23,25855.7647474
DAILY_TR_BASE,2025-06-24,26269.3882674
DAILY_TR_BASE,2025-06-25,26864.3882674
DAILY_TR_BASE,2025-06-26,26721.5882674
DAILY_TR_BASE,2025-06-27,26811.9882674
DAILY_TR_BASE,2025-06-30,27103.5882674
DAILY_TR_BASE,2025-07-01,27100.9882674
DAILY_TR_BASE,2025-07-02,26903.3882674
DAILY_TR_BASE,2025-07-03,27165.9882674
DAILY_TR_BASE,2025-07-04,27103.5882674
DAILY_TR_BASE,2025-07-07,26901.5268874
DAILY_TR_BASE,2025-07-08,27282.8268874
DAILY_TR_BASE,2025-07-09,27234.3644874
DAILY_TR_BASE,2025-07-10,27306.3558874
DAILY_TR_BASE,2025-07-11,27437.9558874
DAILY_TR_BASE,2025-07-14,27354.8328874
DAILY_TR_BASE,2025-07-15,27546.8328874
DAILY_TR_BASE,2025-07-16,27511.2328874
DAILY_TR_BASE,2025-07-17,27880.8328874
DAILY_TR_BASE,2025-07-18,27946.8328874
DAILY_TR_BASE,2025-07-21,28197.6328874
DAILY_TR_BASE,2025-07-22,28408.0328874
DAILY_TR_BASE,2025-07-23,28352.8328874
DAILY_TR_BASE,2025-07-24,28751.6328874
DAILY_TR_BASE,2025-07-25,28716.4328874
DAILY_TR_BASE,2025-07-28,28902.8328874
DAILY_TR_BASE,2025-07-29,29212.4328874
DAILY_TR_BASE,2025-07-30,28915.6328874
DAILY_TR_BASE,2025-07-31,28485.2328874
DAILY_TR_BASE,2025-08-01,28476.4328874
DAILY_TR_BASE,2025-08-04,28628.4328874
DAILY_TR_BASE,2025-08-05,28749.6328874
DAILY_TR_BASE,2025-08-06,28943.2328874
DAILY_TR_BASE,2025-08-07,28813.6328874
DAILY_TR_BASE,2025-08-08,28746.8328874
DAILY_TR_BASE,2025-08-11,29132.8328874
DAILY_TR_BASE,2025-08-12,29355.6328874
DAILY_TR_BASE,2025-08-13,30018.4328874
DAILY_TR_BASE,2025-08-14,29731.2328874
DAILY_TR_BASE,2025-08-15,30372.0328874
DAILY_TR_BASE,2025-08-18,30960.8328874
DAILY_TR_BASE,2025-08-19,30891.6328874
DAILY_TR_BASE,2025-08-20,31146.4328874
DAILY_TR_BASE,2025-08-21,30980.8328874
DAILY_TR_BASE,2025-08-22,31742.8328874
DAILY_TR_BASE,2025-08-25,32406.8328874
DAILY_TR_BASE,2025-08-26,32311.2328874
DAILY_TR_BASE,2025-08-27,32009.2328874
DAILY_TR_BASE,2025-08-28,32927.2328874
DAILY_TR_BASE,2025-08-29,33331.6328874
DAILY_TR_BASE,2025-09-01,33808.8328874
DAILY_TR_BASE,2025-09-02,33064.4328874
DAILY_TR_BASE,2025-09-03,32957.6328874
DAILY_TR_BASE,2025-09-04,32065.2662774
DAILY_TR_BASE,2025-09-05,33363.1662774
DAILY_TR_BASE,2025-09-08,33290.9775074
DAILY_TR_BASE,2025-09-09,32828.9775074
DAILY_TR_BASE,2025-09-10,32975.6775074
DAILY_TR_BASE,2025-09-11,34141.2215874
DAILY_TR_BASE,2025-09-12,34007.0930574
DAILY_TR_BASE,2025-09-15,34187.6930574
DAILY_TR_BASE,2025-09-16,34417.4930574
DAILY_TR_BASE,2025-09-17,34880.9930574
DAILY_TR_BASE,2025-09-18,34479.2930574
DAILY_TR_BASE,2025-09-19,34388.6930574
DAILY_TR_BASE,2025-09-22,34610.3930574
DAILY_TR_BASE,2025-09-23,34580.3930574
DAILY_TR_BASE,2025-09-24,35247.5930574
DAILY_TR_BASE,2025-09-25,35526.5930574
DAILY_TR_BASE,2025-09-26,34887.8930574
DAILY_TR_BASE,2025-09-29,35580.8930574
DAILY_TR_BASE,2025-09-30,35720.9930574
DAILY_TR_BASE,2025-10-09,36085.7930574
DAILY_TR_BASE,2025-10-10,35069.3930574
DAILY_TR_BASE,2025-10-13,34784.6930574
DAILY_TR_BASE,2025-10-14,33794.6930574
DAILY_TR_BASE,2025-10-15,34169.5450174
DAILY_TR_BASE,2025-10-16,34129.3780574
DAILY_TR_BASE,2025-10-17,33158.2780574
DAILY_TR_BASE,2025-10-20,33511.7598174
DAILY_TR_BASE,2025-10-21,34077.9366574
DAILY_TR_BASE,2025-10-22,33914.9366574
DAILY_TR_BASE,2025-10-23,33967.5366574
DAILY_TR_BASE,2025-10-24,34485.2505374
DAILY_TR_BASE,2025-10-27,34779.5467874
DAILY_TR_BASE,2025-10-28,34683.5467874
DAILY_TR_BASE,2025-10-29,35331.5467874
DAILY_TR_BASE,2025-10-30,34913.9467874
DAILY_TR_BASE,2025-10-31,34349.1467874
DAILY_TR_BASE,2025-11-03,34309.3517074
DAILY_TR_BASE,2025-11-04,33884.3406674
DAILY_TR_BASE,2025-11-05,33907.9982674
DAILY_TR_BASE,2025-11-06,34329.7296974
DAILY_TR_BASE,2025-11-07,34220.9296974
DAILY_TR_BASE,2025-11-10,34129.7296974
DAILY_TR_BASE,2025-11-11,33772.9296974
DAILY_TR_BASE,2025-11-12,33755.3296974
DAILY_TR_BASE,2025-11-13,34260.9296974
DAILY_TR_BASE,2025-11-14,33606.5296974
DAILY_TR_BASE,2025-11-17,33509.0962774
DAILY_TR_BASE,2025-11-18,33199.3962774
DAILY_TR_BASE,2025-11-19,33158.7962774
DAILY_TR_BASE,2025-11-20,32928.2477774
DAILY_TR_BASE,2025-11-21,31995.4477774
DAILY_TR_BASE,2025-11-24,32076.1597774
DAILY_TR_BASE,2025-11-25,32368.1597774
DAILY_TR_BASE,2025-11-26,32480.0597774
DAILY_TR_BASE,2025-11-27,32437.6597774
DAILY_TR_BASE,2025-11-28,32647.9597774
DAILY_TR_BASE,2025-12-01,32943.1597774
DAILY_TR_BASE,2025-12-02,32756.0597774
DAILY_TR_BASE,2025-12-03,32493.0692574
DAILY_TR_BASE,2025-12-04,32537.6690974
DAILY_TR_BASE,2025-12-05,32846.7690974
DAILY_TR_BASE,2025-12-08,33076.1690974
DAILY_TR_BASE,2025-12-09,33031.0436574
DAILY_TR_BASE,2025-12-10,33030.8436574
DAILY_TR_BASE,2025-12-11,32671.1002174
DAILY_TR_BASE,2025-12-12,32862.8194774
DAILY_TR_BASE,2025-12-15,32498.6284574
DAILY_TR_BASE,2025-12-16,32041.9626574
DAILY_TR_BASE,2025-12-17,32775.6626574
DAILY_TR_BASE,2025-12-18,32360.9724674
DAILY_TR_BASE,2025-12-19,32561.4724674
DAILY_TR_BASE,2025-12-22,33045.0724674
DAILY_TR_BASE,2025-12-23,33104.0724674
DAILY_TR_BASE,2025-12-24,33422.9724674
DAILY_TR_BASE,2025-12-25,33597.9724674
DAILY_TR_BASE,2025-12-26,33708.7724674
DAILY_TR_BASE,2025-12-29,33546.0724674
DAILY_TR_BASE,2025-12-30,33724.8724674
DAILY_TR_BASE,2025-12-31,33536.7724674
DAILY_TR_BASE,2026-01-05,34391.2724674
DAILY_TR_BASE,2026-01-06,34832.6724674
DAILY_TR_BASE,2026-01-07,34946.2724674
DAILY_TR_BASE,2026-01-08,34883.4724674
DAILY_TR_BASE,2026-01-09,35253.2004574
DAILY_TR_BASE,2026-01-12,35742.8004574
DAILY_TR_BASE,2026-01-13,35229.7677074
DAILY_TR_BASE,2026-01-14,35231.2046774
DAILY_TR_BASE,2026-01-15,35324.2881774
DAILY_TR_BASE,2026-01-16,35330.2881774
DAILY_TR_BASE,2026-01-19,35299.3881774
DAILY_TR_BASE,2026-01-20,34995.2881774
DAILY_TR_BASE,2026-01-21,35285.0881774
DAILY_TR_BASE,2026-01-22,35515.1881774
DAILY_TR_BASE,2026-01-23,36093.5881774
DAILY_TR_BASE,2026-01-26,35648.6881774
DAILY_TR_BASE,2026-01-27,35856.5881774
DAILY_TR_BASE,2026-01-28,35899.3881774
DAILY_TR_BASE,2026-01-29,35638.8881774
DAILY_TR_BASE,2026-01-30,35221.9662774
DAILY_TR_BASE,2026-02-02,33953.2264974
DAILY_TR_BASE,2026-02-03,34842.2264974
DAILY_TR_BASE,2026-02-04,34808.8264974
DAILY_TR_BASE,2026-02-05,34206.6264974
DAILY_TR_BASE,2026-02-06,34068.1038274
DAILY_TR_BASE,2026-02-09,34671.3038274
DAILY_TR_BASE,2026-02-10,34656.9038274
DAILY_TR_BASE,2026-02-11,34555.4710974
DAILY_TR_BASE,2026-02-12,34742.8541574
DAILY_TR_BASE,2026-02-13,34309.8541574
DAILY_TR_BASE,2026-02-24,34626.6541574
DAILY_TR_BASE,2026-02-25,34974.8541574
DAILY_TR_BASE,2026-02-26,34999.7866174
DAILY_TR_BASE,2026-02-27,35027.8866174
DAILY_TR_BASE,2026-03-02,34914.9556474
DAILY_TR_BASE,2026-03-03,34069.2556474
DAILY_TR_BASE,2026-03-04,33740.4556474
DAILY_TR_BASE,2026-03-05,33982.8556474
DAILY_TR_BASE,2026-03-06,34056.7689374
DAILY_TR_BASE,2026-03-09,33880.8157574
DAILY_TR_BASE,2026-03-10,34534.6549574
DAILY_TR_BASE,2026-03-11,34600.8549574
DAILY_TR_BASE,2026-03-12,34470.8549574
DAILY_TR_BASE,2026-03-13,34221.3309374
DAILY_TR_BASE,2026-03-16,34358.0309374
DAILY_TR_BASE,2026-03-17,33869.1682074
DAILY_TR_BASE,2026-03-18,34219.3682074
DAILY_TR_BASE,2026-03-19,33856.7682074
DAILY_TR_BASE,2026-03-20,33957.9682074
DAILY_TR_BASE,2026-03-23,32970.9682074
DAILY_TR_BASE,2026-03-24,33169.1682074
DAILY_TR_BASE,2026-03-25,33699.1682074
DAILY_TR_BASE,2026-03-26,33317.5682074
DAILY_TR_BASE,2026-03-27,33519.5682074
DAILY_TR_BASE,2026-03-30,33360.5682074
DAILY_TR_BASE,2026-03-31,32864.9682074
DAILY_TR_BASE,2026-04-01,33322.1682074
DAILY_TR_BASE,2026-04-02,32865.3682074
DAILY_TR_BASE,2026-04-03,32647.5682074
DAILY_TR_BASE,2026-04-07,32667.9682074
DAILY_TR_BASE,2026-04-08,34059.5682074
DAILY_TR_BASE,2026-04-09,33848.5682074
DAILY_TR_BASE,2026-04-10,34610.7682074
DAILY_TR_BASE,2026-04-13,34785.3682074
DAILY_TR_BASE,2026-04-14,35354.5682074
DAILY_TR_BASE,2026-04-15,35117.5682074
DAILY_TR_BASE,2026-04-16,35803.7682074
DAILY_TR_BASE,2026-04-17,35992.9682074
DAILY_TR_BASE,2026-04-20,36102.4830174
DAILY_TR_BASE,2026-04-21,36096.4830174
DAILY_TR_BASE,2026-04-22,36670.8830174
DAILY_TR_BASE,2026-04-23,36386.8830174
DAILY_TR_BASE,2026-04-24,36050.4830174
DAILY_TR_BASE,2026-04-27,36039.1830174
DAILY_TR_BASE,2026-04-28,35638.6830174
DAILY_TR_BASE,2026-04-29,36179.1787674
DAILY_TR_BASE,2026-04-30,36205.3033674
DAILY_TR_BASE,2026-05-06,37065.3033674
DAILY_TR_BASE,2026-05-07,37539.6033674
DAILY_TR_BASE,2026-05-08,37364.2033674
DAILY_TR_BASE,2026-05-11,38256.3033674
DAILY_TR_BASE,2026-05-12,38130.5033674
DAILY_TR_BASE,2026-05-13,38885.0033674
DAILY_TR_BASE,2026-05-14,38051.9033674
DAILY_TR_BASE,2026-05-15,37787.5033674
DAILY_TR_BASE,2026-05-18,37616.8033674
DAILY_TR_BASE,2026-05-19,37749.2033674
DAILY_TR_BASE,2026-05-20,37878.7033674
DAILY_TR_BASE,2026-05-21,37034.8033674
DAILY_TR_BASE,2026-05-22,37769.3033674
DAILY_TR_BASE,2026-05-25,38399.7033674
DAILY_TR_BASE,2026-05-26,38427.5033674
DAILY_TR_BASE,2026-05-27,38169.7033674
DAILY_TR_BASE,2026-05-28,38597.0033674
DAILY_TR_BASE,2026-05-29,37831.6033674
DAILY_TR_BASE,2026-06-01,37227.4317074
DAILY_TR_BASE,2026-06-02,37908.0317074
DAILY_TR_BASE,2026-06-03,38317.4317074
DAILY_TR_BASE,2026-06-04,37995.8317074
DAILY_TR_BASE,2026-06-05,37197.0317074
DAILY_TR_BASE,2026-06-08,36213.4317074
DAILY_TR_BASE,2026-06-09,37118.2317074
DAILY_TR_BASE,2026-06-10,36547.0317074
DAILY_TR_BASE,2026-06-11,36266.8317074
DAILY_TR_BASE,2026-06-12,36561.8317074
DAILY_TR_BASE,2026-06-15,37741.0317074
DAILY_TR_BASE,2026-06-16,37987.6317074
DAILY_TR_BASE,2026-06-17,38453.2317074
DAILY_TR_BASE,2026-06-18,38902.8317074
DAILY_TR_BASE,2026-06-22,39644.6815174
DAILY_TR_BASE,2026-06-23,38400.5299674
DAILY_TR_BASE,2026-06-24,38928.7521974
DAILY_TR_BASE,2026-06-25,39680.4521974
DAILY_TR_BASE,2026-06-26,38516.8521974
DAILY_TR_BASE,2026-06-29,38817.6521974
DAILY_TR_BASE,2026-06-30,39760.4521974
DAILY_TR_BASE,2026-07-01,39364.8521974
DAILY_TR_BASE,2026-07-02,37760.1521974
DAILY_TR_BASE,2026-07-03,37860.5582374
DAILY_TR_BASE,2026-07-06,37691.1582374
DAILY_TR_BASE,2026-07-07,37221.9582374
DAILY_TR_BASE,2026-07-08,36695.3059574
DAILY_TR_BASE,2026-07-09,37661.7776574
DAILY_TR_BASE,2026-07-10,36692.7847174
DAILY_TR_BASE,2026-07-13,35491.4003774
DAILY_TR_BASE,2026-07-14,36037.5003774
DAILY_TR_BASE,2026-07-15,35826.2003774
DAILY_TR_BASE,2026-07-16,35166.7003774
DAILY_TR_BASE,2026-07-17,33752.2003774
DAILY_TR_BASE,2026-07-20,33809.5003774
DAILY_TR_BASE,2026-07-21,34970.7003774
DAILY_TR_BASE,2026-07-22,34797.1003774
DAILY_TR_BASE,2026-07-23,34866.2003774
DAILY_TR_BASE,2026-07-24,34209.0003774
DAILY_TR_BASE,2026-07-27,34729.7003774
DAILY_TR_BASE,2026-07-28,33801.6003774
DAILY_TR_BASE,2026-07-29,34049.9003774
DAILY_TR_BASE,2026-07-30,33485.5003774
DAILY_TR_BASE,2026-07-31,33960.3003774
DAILY_TR_BASE,2026-08-03,33624.7003774
DAILY_TR_BASE,2026-08-04,34145.4003774
DAILY_TR_BASE,2026-08-05,34766.2003774
DAILY_TR_BASE,2026-08-06,34781.5003774
DAILY_TR_BASE,2026-08-07,35218.8003774
DAILY_TR_BASE,2026-08-10,35341.0003774
DAILY_TR_BASE,2026-08-11,35144.4003774
DAILY_TR_BASE,2026-08-12,35334.0003774
DAILY_TR_BASE,2026-08-13,35130.7003774
DAILY_TR_BASE,2026-08-14,35154.7003774
DAILY_TR_BASE,2026-08-17,35982.6672774
DAILY_TR_BASE,2026-08-18,35817.9672774
DAILY_TR_BASE,2026-08-19,34126.5672774
DAILY_TR_BASE,2026-08-20,34289.9342474
DAILY_TR_BASE,2026-08-21,34515.7495274
DAILY_TR_BASE,2026-08-24,33823.1495274
DAILY_TR_BASE,2026-08-25,33593.8012574
DAILY_TR_BASE,2026-08-26,33730.7140474
DAILY_TR_BASE,2026-08-27,34353.1140474
DAILY_TR_BASE,2026-08-28,34033.7140474
DAILY_TR_BASE,2026-08-31,34174.5140474
DAILY_TR_BASE,2026-09-01,33817.5140474
DAILY_TR_BASE,2026-09-02,33257.6056074
DAILY_TR_BASE,2026-09-03,33317.8056074
DAILY_TR_BASE,2026-09-04,33096.6056074
DAILY_TR_BASE,2026-09-07,33340.4056074
DAILY_TR_BASE,2026-09-08,33340.7056074
DAILY_TR_BASE,2026-09-09,33376.6056074
DAILY_TR_BASE,2026-09-10,33230.9056074
DAILY_TR_BASE,2026-09-11,32860.4056074
DAILY_TR_BASE,2026-09-14,32749.3056074
DAILY_TR_BASE,2026-09-15,32637.5056074
WEEKLY_TR_BASE,2013-04-19,12000
WEEKLY_TR_BASE,2013-04-22,12185.7957000
WEEKLY_TR_BASE,2013-04-23,11893.7957000
WEEKLY_TR_BASE,2013-04-24,12202.2957000
WEEKLY_TR_BASE,2013-04-25,11968.2957000
WEEKLY_TR_BASE,2013-04-26,11832.2957000
WEEKLY_TR_BASE,2013-05-02,11992.7957000
WEEKLY_TR_BASE,2013-05-03,12246.7957000
WEEKLY_TR_BASE,2013-05-06,12430.2957000
WEEKLY_TR_BASE,2013-05-07,12423.2957000
WEEKLY_TR_BASE,2013-05-08,12670.2957000
WEEKLY_TR_BASE,2013-05-09,12718.2957000
WEEKLY_TR_BASE,2013-05-10,12733.2957000
WEEKLY_TR_BASE,2013-05-13,12773.7957000
WEEKLY_TR_BASE,2013-05-14,12593.2957000
WEEKLY_TR_BASE,2013-05-15,12909.7957000
WEEKLY_TR_BASE,2013-05-16,12952.2957000
WEEKLY_TR_BASE,2013-05-17,13089.2957000
WEEKLY_TR_BASE,2013-05-20,13346.7957000
WEEKLY_TR_BASE,2013-05-21,13562.7957000
WEEKLY_TR_BASE,2013-05-22,13314.7957000
WEEKLY_TR_BASE,2013-05-23,13294.7957000
WEEKLY_TR_BASE,2013-05-24,13539.2957000
WEEKLY_TR_BASE,2013-05-27,13684.2957000
WEEKLY_TR_BASE,2013-05-28,13520.2957000
WEEKLY_TR_BASE,2013-05-29,13613.2957000
WEEKLY_TR_BASE,2013-05-30,13653.7957000
WEEKLY_TR_BASE,2013-05-31,13625.7957000
WEEKLY_TR_BASE,2013-06-03,13461.2957000
WEEKLY_TR_BASE,2013-06-04,13184.2957000
WEEKLY_TR_BASE,2013-06-05,13296.2957000
WEEKLY_TR_BASE,2013-06-06,13089.7957000
WEEKLY_TR_BASE,2013-06-07,13069.2957000
WEEKLY_TR_BASE,2013-06-13,12861.7957000
WEEKLY_TR_BASE,2013-06-14,13252.7957000
WEEKLY_TR_BASE,2013-06-17,13240.7957000
WEEKLY_TR_BASE,2013-06-18,13263.2957000
WEEKLY_TR_BASE,2013-06-19,13217.2957000
WEEKLY_TR_BASE,2013-06-20,12795.2957000
WEEKLY_TR_BASE,2013-06-21,12780.7957000
WEEKLY_TR_BASE,2013-06-24,12077.7957000
WEEKLY_TR_BASE,2013-06-25,12193.7957000
WEEKLY_TR_BASE,2013-06-26,12646.7957000
WEEKLY_TR_BASE,2013-06-27,12408.7957000
WEEKLY_TR_BASE,2013-06-28,12317.7957000
WEEKLY_TR_BASE,2013-07-01,12753.2957000
WEEKLY_TR_BASE,2013-07-02,12984.7957000
WEEKLY_TR_BASE,2013-07-03,13086.7957000
WEEKLY_TR_BASE,2013-07-04,13052.7957000
WEEKLY_TR_BASE,2013-07-05,12820.7957000
WEEKLY_TR_BASE,2013-07-08,12478.2957000
WEEKLY_TR_BASE,2013-07-09,12620.7957000
WEEKLY_TR_BASE,2013-07-10,12906.2957000
WEEKLY_TR_BASE,2013-07-11,13138.2957000
WEEKLY_TR_BASE,2013-07-12,13154.2957000
WEEKLY_TR_BASE,2013-07-15,13523.7957000
WEEKLY_TR_BASE,2013-07-16,13583.7957000
WEEKLY_TR_BASE,2013-07-17,13446.2957000
WEEKLY_TR_BASE,2013-07-18,13423.2957000
WEEKLY_TR_BASE,2013-07-19,13194.2957000
WEEKLY_TR_BASE,2013-07-22,13581.2957000
WEEKLY_TR_BASE,2013-07-23,13821.7957000
WEEKLY_TR_BASE,2013-07-24,14011.2957000
WEEKLY_TR_BASE,2013-07-25,13599.7957000
WEEKLY_TR_BASE,2013-07-26,13618.7957000
WEEKLY_TR_BASE,2013-07-29,13340.7957000
WEEKLY_TR_BASE,2013-07-30,13229.2957000
WEEKLY_TR_BASE,2013-07-31,13334.2957000
WEEKLY_TR_BASE,2013-08-01,13812.7957000
WEEKLY_TR_BASE,2013-08-02,13775.7957000
WEEKLY_TR_BASE,2013-08-05,14013.2957000
WEEKLY_TR_BASE,2013-08-06,14086.2957000
WEEKLY_TR_BASE,2013-08-07,13810.7957000
WEEKLY_TR_BASE,2013-08-08,13875.7957000
WEEKLY_TR_BASE,2013-08-09,13843.2957000
WEEKLY_TR_BASE,2013-08-12,13888.2957000
WEEKLY_TR_BASE,2013-08-13,13976.2957000
WEEKLY_TR_BASE,2013-08-14,14002.7957000
WEEKLY_TR_BASE,2013-08-15,13805.2957000
WEEKLY_TR_BASE,2013-08-16,13480.2957000
WEEKLY_TR_BASE,2013-08-19,13611.1550800
WEEKLY_TR_BASE,2013-08-20,13532.0550800
WEEKLY_TR_BASE,2013-08-21,13574.7550800
WEEKLY_TR_BASE,2013-08-22,13585.2550800
WEEKLY_TR_BASE,2013-08-23,13529.4550800
WEEKLY_TR_BASE,2013-08-26,13745.5650700
WEEKLY_TR_BASE,2013-08-27,13838.5650700
WEEKLY_TR_BASE,2013-08-28,13702.5650700
WEEKLY_TR_BASE,2013-08-29,13692.5650700
WEEKLY_TR_BASE,2013-08-30,13446.5650700
WEEKLY_TR_BASE,2013-09-02,13427.7001100
WEEKLY_TR_BASE,2013-09-03,13635.7001100
WEEKLY_TR_BASE,2013-09-04,13627.3001100
WEEKLY_TR_BASE,2013-09-05,13637.7001100
WEEKLY_TR_BASE,2013-09-06,13719.9001100
WEEKLY_TR_BASE,2013-09-09,13742.0365400
WEEKLY_TR_BASE,2013-09-10,13741.4365400
WEEKLY_TR_BASE,2013-09-11,13516.6365400
WEEKLY_TR_BASE,2013-09-12,13505.8365400
WEEKLY_TR_BASE,2013-09-13,13657.6365400
WEEKLY_TR_BASE,2013-09-16,13644.1015700
WEEKLY_TR_BASE,2013-09-17,13470.2015700
WEEKLY_TR_BASE,2013-09-18,13570.5015700
WEEKLY_TR_BASE,2013-09-23,13860.6403700
WEEKLY_TR_BASE,2013-09-24,13884.6403700
WEEKLY_TR_BASE,2013-09-25,13867.2403700
WEEKLY_TR_BASE,2013-09-26,13706.7403700
WEEKLY_TR_BASE,2013-09-27,13802.1403700
WEEKLY_TR_BASE,2013-09-30,14115.6403700
WEEKLY_TR_BASE,2013-10-08,14205.6403700
WEEKLY_TR_BASE,2013-10-09,14423.7403700
WEEKLY_TR_BASE,2013-10-10,14198.4403700
WEEKLY_TR_BASE,2013-10-11,14348.1403700
WEEKLY_TR_BASE,2013-10-14,14473.2403700
WEEKLY_TR_BASE,2013-10-15,14451.9403700
WEEKLY_TR_BASE,2013-10-16,14015.1403700
WEEKLY_TR_BASE,2013-10-17,13907.1403700
WEEKLY_TR_BASE,2013-10-18,14128.2403700
WEEKLY_TR_BASE,2013-10-21,14493.3403700
WEEKLY_TR_BASE,2013-10-22,14152.2403700
WEEKLY_TR_BASE,2013-10-23,13853.4403700
WEEKLY_TR_BASE,2013-10-24,13729.8403700
WEEKLY_TR_BASE,2013-10-25,13487.7403700
WEEKLY_TR_BASE,2013-10-28,13490.7403700
WEEKLY_TR_BASE,2013-10-29,13224.6403700
WEEKLY_TR_BASE,2013-10-30,13407.9403700
WEEKLY_TR_BASE,2013-10-31,13142.7403700
WEEKLY_TR_BASE,2013-11-01,13062.3403700
WEEKLY_TR_BASE,2013-11-04,13019.1283800
WEEKLY_TR_BASE,2013-11-05,13098.9283800
WEEKLY_TR_BASE,2013-11-06,12988.9283800
WEEKLY_TR_BASE,2013-11-07,12874.7283800
WEEKLY_TR_BASE,2013-11-08,12706.4283800
WEEKLY_TR_BASE,2013-11-11,12736.1283800
WEEKLY_TR_BASE,2013-11-12,12836.9283800
WEEKLY_TR_BASE,2013-11-13,12636.5283800
WEEKLY_TR_BASE,2013-11-14,12721.0283800
WEEKLY_TR_BASE,2013-11-15,12959.1283800
WEEKLY_TR_BASE,2013-11-18,13277.6283800
WEEKLY_TR_BASE,2013-11-19,13280.8283800
WEEKLY_TR_BASE,2013-11-20,13368.8283800
WEEKLY_TR_BASE,2013-11-21,13318.4283800
WEEKLY_TR_BASE,2013-11-22,13252.0283800
WEEKLY_TR_BASE,2013-11-25,13259.8369700
WEEKLY_TR_BASE,2013-11-26,13224.5369700
WEEKLY_TR_BASE,2013-11-27,13493.8369700
WEEKLY_TR_BASE,2013-11-28,13570.3369700
WEEKLY_TR_BASE,2013-11-29,13716.1369700
WEEKLY_TR_BASE,2013-12-02,12913.4635900
WEEKLY_TR_BASE,2013-12-03,13135.7635900
WEEKLY_TR_BASE,2013-12-04,13216.1635900
WEEKLY_TR_BASE,2013-12-05,13024.1635900
WEEKLY_TR_BASE,2013-12-06,13041.5635900
WEEKLY_TR_BASE,2013-12-09,13038.8846500
WEEKLY_TR_BASE,2013-12-10,13036.5846500
WEEKLY_TR_BASE,2013-12-11,12888.5846500
WEEKLY_TR_BASE,2013-12-12,12887.6846500
WEEKLY_TR_BASE,2013-12-13,12895.9846500
WEEKLY_TR_BASE,2013-12-16,12703.2846500
WEEKLY_TR_BASE,2013-12-17,12631.6846500
WEEKLY_TR_BASE,2013-12-18,12625.6846500
WEEKLY_TR_BASE,2013-12-19,12530.3846500
WEEKLY_TR_BASE,2013-12-20,12338.8846500
WEEKLY_TR_BASE,2013-12-23,12270.0211300
WEEKLY_TR_BASE,2013-12-24,12396.3211300
WEEKLY_TR_BASE,2013-12-25,12582.2211300
WEEKLY_TR_BASE,2013-12-26,12396.0211300
WEEKLY_TR_BASE,2013-12-27,12621.1211300
WEEKLY_TR_BASE,2013-12-30,12668.5211300
WEEKLY_TR_BASE,2013-12-31,12668.0211300
WEEKLY_TR_BASE,2014-01-02,12843.8211300
WEEKLY_TR_BASE,2014-01-03,12892.2211300
WEEKLY_TR_BASE,2014-01-06,12616.2211300
WEEKLY_TR_BASE,2014-01-07,12749.9211300
WEEKLY_TR_BASE,2014-01-08,12984.7211300
WEEKLY_TR_BASE,2014-01-09,12810.2211300
WEEKLY_TR_BASE,2014-01-10,12596.2211300
WEEKLY_TR_BASE,2014-01-13,12623.7211300
WEEKLY_TR_BASE,2014-01-14,12903.6211300
WEEKLY_TR_BASE,2014-01-15,12993.9211300
WEEKLY_TR_BASE,2014-01-16,12940.2211300
WEEKLY_TR_BASE,2014-01-17,12848.0211300
WEEKLY_TR_BASE,2014-01-20,12698.4211300
WEEKLY_TR_BASE,2014-01-21,12937.5211300
WEEKLY_TR_BASE,2014-01-22,13182.8211300
WEEKLY_TR_BASE,2014-01-23,13364.7211300
WEEKLY_TR_BASE,2014-01-24,13558.3211300
WEEKLY_TR_BASE,2014-01-27,13517.0211300
WEEKLY_TR_BASE,2014-01-28,13488.4211300
WEEKLY_TR_BASE,2014-01-29,13643.3211300
WEEKLY_TR_BASE,2014-01-30,13598.0211300
WEEKLY_TR_BASE,2014-02-07,13866.8211300
WEEKLY_TR_BASE,2014-02-10,14117.4211300
WEEKLY_TR_BASE,2014-02-11,14025.3211300
WEEKLY_TR_BASE,2014-02-12,14151.9211300
WEEKLY_TR_BASE,2014-02-13,13809.8211300
WEEKLY_TR_BASE,2014-02-14,14041.0211300
WEEKLY_TR_BASE,2014-02-17,14346.6211300
WEEKLY_TR_BASE,2014-02-18,14267.7211300
WEEKLY_TR_BASE,2014-02-19,14268.5211300
WEEKLY_TR_BASE,2014-02-20,14074.9211300
WEEKLY_TR_BASE,2014-02-21,14037.8211300
WEEKLY_TR_BASE,2014-02-24,14110.3211300
WEEKLY_TR_BASE,2014-02-25,13569.8211300
WEEKLY_TR_BASE,2014-02-26,13597.1211300
WEEKLY_TR_BASE,2014-02-27,13310.6211300
WEEKLY_TR_BASE,2014-02-28,13441.7211300
WEEKLY_TR_BASE,2014-03-03,13576.8417200
WEEKLY_TR_BASE,2014-03-04,13557.9417200
WEEKLY_TR_BASE,2014-03-05,13474.2417200
WEEKLY_TR_BASE,2014-03-06,13498.5417200
WEEKLY_TR_BASE,2014-03-07,13458.0417200
WEEKLY_TR_BASE,2014-03-10,13050.3417200
WEEKLY_TR_BASE,2014-03-11,13080.0417200
WEEKLY_TR_BASE,2014-03-12,13085.4417200
WEEKLY_TR_BASE,2014-03-13,13239.3417200
WEEKLY_TR_BASE,2014-03-14,13152.9417200
WEEKLY_TR_BASE,2014-03-17,13470.3471100
WEEKLY_TR_BASE,2014-03-18,13527.9471100
WEEKLY_TR_BASE,2014-03-19,13434.9471100
WEEKLY_TR_BASE,2014-03-20,13094.7471100
WEEKLY_TR_BASE,2014-03-21,13202.7471100
WEEKLY_TR_BASE,2014-03-24,13243.7349200
WEEKLY_TR_BASE,2014-03-25,13235.6349200
WEEKLY_TR_BASE,2014-03-26,13256.8349200
WEEKLY_TR_BASE,2014-03-27,13136.8349200
WEEKLY_TR_BASE,2014-03-28,13006.9349200
WEEKLY_TR_BASE,2014-03-31,12950.8349200
WEEKLY_TR_BASE,2014-04-01,13073.3349200
WEEKLY_TR_BASE,2014-04-02,13124.5349200
WEEKLY_TR_BASE,2014-04-03,13073.4349200
WEEKLY_TR_BASE,2014-04-04,13201.9349200
WEEKLY_TR_BASE,2014-04-08,13411.2349200
WEEKLY_TR_BASE,2014-04-09,13453.4349200
WEEKLY_TR_BASE,2014-04-10,13577.1349200
WEEKLY_TR_BASE,2014-04-11,13547.9349200
WEEKLY_TR_BASE,2014-04-14,13592.9349200
WEEKLY_TR_BASE,2014-04-15,13442.5349200
WEEKLY_TR_BASE,2014-04-16,13437.2349200
WEEKLY_TR_BASE,2014-04-17,13421.1349200
WEEKLY_TR_BASE,2014-04-18,13436.8349200
WEEKLY_TR_BASE,2014-04-21,13228.1349200
WEEKLY_TR_BASE,2014-04-22,13236.8349200
WEEKLY_TR_BASE,2014-04-23,13194.1349200
WEEKLY_TR_BASE,2014-04-24,13146.6349200
WEEKLY_TR_BASE,2014-04-25,12946.5349200
WEEKLY_TR_BASE,2014-04-28,12695.9349200
WEEKLY_TR_BASE,2014-04-29,12821.4349200
WEEKLY_TR_BASE,2014-04-30,12861.1349200
WEEKLY_TR_BASE,2014-05-05,12911.5349200
WEEKLY_TR_BASE,2014-05-06,12924.6349200
WEEKLY_TR_BASE,2014-05-07,12796.7349200
WEEKLY_TR_BASE,2014-05-08,12791.2349200
WEEKLY_TR_BASE,2014-05-09,12735.5349200
WEEKLY_TR_BASE,2014-05-12,12994.7349200
WEEKLY_TR_BASE,2014-05-13,12967.9349200
WEEKLY_TR_BASE,2014-05-14,12952.0349200
WEEKLY_TR_BASE,2014-05-15,12797.1349200
WEEKLY_TR_BASE,2014-05-16,12783.8349200
WEEKLY_TR_BASE,2014-05-19,12663.1349200
WEEKLY_TR_BASE,2014-05-20,12684.2349200
WEEKLY_TR_BASE,2014-05-21,12785.9349200
WEEKLY_TR_BASE,2014-05-22,12769.7349200
WEEKLY_TR_BASE,2014-05-23,12903.4349200
WEEKLY_TR_BASE,2014-05-26,13009.0171400
WEEKLY_TR_BASE,2014-05-27,12936.1171400
WEEKLY_TR_BASE,2014-05-28,13162.0171400
WEEKLY_TR_BASE,2014-05-29,13005.4171400
WEEKLY_TR_BASE,2014-05-30,13018.0171400
WEEKLY_TR_BASE,2014-06-03,12962.2300900
WEEKLY_TR_BASE,2014-06-04,12955.0300900
WEEKLY_TR_BASE,2014-06-05,13154.8300900
WEEKLY_TR_BASE,2014-06-06,13120.6300900
WEEKLY_TR_BASE,2014-06-09,12955.9300900
WEEKLY_TR_BASE,2014-06-10,13166.5300900
WEEKLY_TR_BASE,2014-06-11,13252.0300900
WEEKLY_TR_BASE,2014-06-12,13227.7300900
WEEKLY_TR_BASE,2014-06-13,13364.5300900
WEEKLY_TR_BASE,2014-06-16,13450.0300900
WEEKLY_TR_BASE,2014-06-17,13342.9300900
WEEKLY_TR_BASE,2014-06-18,13257.4300900
WEEKLY_TR_BASE,2014-06-19,12888.4300900
WEEKLY_TR_BASE,2014-06-20,13005.4300900
WEEKLY_TR_BASE,2014-06-23,13170.1300900
WEEKLY_TR_BASE,2014-06-24,13252.9300900
WEEKLY_TR_BASE,2014-06-25,13157.5300900
WEEKLY_TR_BASE,2014-06-26,13354.6300900
WEEKLY_TR_BASE,2014-06-27,13396.0300900
WEEKLY_TR_BASE,2014-06-30,13522.9300900
WEEKLY_TR_BASE,2014-07-01,13606.6300900
WEEKLY_TR_BASE,2014-07-02,13685.8300900
WEEKLY_TR_BASE,2014-07-03,13745.2300900
WEEKLY_TR_BASE,2014-07-04,13693.0300900
WEEKLY_TR_BASE,2014-07-07,13627.3300900
WEEKLY_TR_BASE,2014-07-08,13747.0300900
WEEKLY_TR_BASE,2014-07-09,13529.2300900
WEEKLY_TR_BASE,2014-07-10,13429.3300900
WEEKLY_TR_BASE,2014-07-11,13496.8300900
WEEKLY_TR_BASE,2014-07-14,13637.1701400
WEEKLY_TR_BASE,2014-07-15,13639.8701400
WEEKLY_TR_BASE,2014-07-16,13588.5701400
WEEKLY_TR_BASE,2014-07-17,13521.0701400
WEEKLY_TR_BASE,2014-07-18,13561.5701400
WEEKLY_TR_BASE,2014-07-21,13542.6701400
WEEKLY_TR_BASE,2014-07-22,13699.2701400
WEEKLY_TR_BASE,2014-07-23,13666.8701400
WEEKLY_TR_BASE,2014-07-24,13791.0701400
WEEKLY_TR_BASE,2014-07-25,13915.2701400
WEEKLY_TR_BASE,2014-07-28,14190.6701400
WEEKLY_TR_BASE,2014-07-29,14266.2701400
WEEKLY_TR_BASE,2014-07-30,14255.4701400
WEEKLY_TR_BASE,2014-07-31,14417.4701400
WEEKLY_TR_BASE,2014-08-01,14279.7701400
WEEKLY_TR_BASE,2014-08-04,14503.8701400
WEEKLY_TR_BASE,2014-08-05,14511.9701400
WEEKLY_TR_BASE,2014-08-06,14520.0701400
WEEKLY_TR_BASE,2014-08-07,14390.4701400
WEEKLY_TR_BASE,2014-08-08,14425.5701400
WEEKLY_TR_BASE,2014-08-11,14617.2701400
WEEKLY_TR_BASE,2014-08-12,14628.0701400
WEEKLY_TR_BASE,2014-08-13,14646.9701400
WEEKLY_TR_BASE,2014-08-14,14525.4701400
WEEKLY_TR_BASE,2014-08-15,14687.4701400
WEEKLY_TR_BASE,2014-08-18,14806.2701400
WEEKLY_TR_BASE,2014-08-19,14827.8701400
WEEKLY_TR_BASE,2014-08-20,14803.5701400
WEEKLY_TR_BASE,2014-08-21,14768.4701400
WEEKLY_TR_BASE,2014-08-22,14844.0701400
WEEKLY_TR_BASE,2014-08-25,14699.3728500
WEEKLY_TR_BASE,2014-08-26,14452.7728500
WEEKLY_TR_BASE,2014-08-27,14508.5728500
WEEKLY_TR_BASE,2014-08-28,14368.5728500
WEEKLY_TR_BASE,2014-08-29,14556.9728500
WEEKLY_TR_BASE,2014-09-01,14771.9728500
WEEKLY_TR_BASE,2014-09-02,14935.7728500
WEEKLY_TR_BASE,2014-09-03,15029.1728500
WEEKLY_TR_BASE,2014-09-04,15158.7728500
WEEKLY_TR_BASE,2014-09-05,15203.7728500
WEEKLY_TR_BASE,2014-09-09,15246.5728500
WEEKLY_TR_BASE,2014-09-10,15298.3728500
WEEKLY_TR_BASE,2014-09-11,15306.3728500
WEEKLY_TR_BASE,2014-09-12,15444.7728500
WEEKLY_TR_BASE,2014-09-15,15507.1728500
WEEKLY_TR_BASE,2014-09-16,15071.3728500
WEEKLY_TR_BASE,2014-09-17,15137.7728500
WEEKLY_TR_BASE,2014-09-18,15258.1728500
WEEKLY_TR_BASE,2014-09-19,15338.9728500
WEEKLY_TR_BASE,2014-09-22,15157.3728500
WEEKLY_TR_BASE,2014-09-23,15338.3728500
WEEKLY_TR_BASE,2014-09-24,15514.7728500
WEEKLY_TR_BASE,2014-09-25,15458.3728500
WEEKLY_TR_BASE,2014-09-26,15498.1728500
WEEKLY_TR_BASE,2014-09-29,15654.3728500
WEEKLY_TR_BASE,2014-09-30,15751.7728500
WEEKLY_TR_BASE,2014-10-08,15945.5728500
WEEKLY_TR_BASE,2014-10-09,15969.1728500
WEEKLY_TR_BASE,2014-10-10,15900.5728500
WEEKLY_TR_BASE,2014-10-13,15873.5728500
WEEKLY_TR_BASE,2014-10-14,15787.1728500
WEEKLY_TR_BASE,2014-10-15,15859.7728500
WEEKLY_TR_BASE,2014-10-16,15658.5728500
WEEKLY_TR_BASE,2014-10-17,15530.5728500
WEEKLY_TR_BASE,2014-10-20,15602.6226500
WEEKLY_TR_BASE,2014-10-21,15491.5226500
WEEKLY_TR_BASE,2014-10-22,15365.6226500
WEEKLY_TR_BASE,2014-10-23,15206.1226500
WEEKLY_TR_BASE,2014-10-24,15220.9226500
WEEKLY_TR_BASE,2014-10-27,15300.3597500
WEEKLY_TR_BASE,2014-10-28,15604.5597500
WEEKLY_TR_BASE,2014-10-29,15739.8597500
WEEKLY_TR_BASE,2014-10-30,15686.9597500
WEEKLY_TR_BASE,2014-10-31,15654.4597500
WEEKLY_TR_BASE,2014-11-03,15683.6683300
WEEKLY_TR_BASE,2014-11-04,15638.2683300
WEEKLY_TR_BASE,2014-11-05,15620.1683300
WEEKLY_TR_BASE,2014-11-06,15672.8683300
WEEKLY_TR_BASE,2014-11-07,15584.3683300
WEEKLY_TR_BASE,2014-11-10,15851.0683300
WEEKLY_TR_BASE,2014-11-11,15590.1683300
WEEKLY_TR_BASE,2014-11-12,15807.7683300
WEEKLY_TR_BASE,2014-11-13,15712.2683300
WEEKLY_TR_BASE,2014-11-14,15700.3683300
WEEKLY_TR_BASE,2014-11-17,15745.6683300
WEEKLY_TR_BASE,2014-11-18,15665.0683300
WEEKLY_TR_BASE,2014-11-19,15678.4683300
WEEKLY_TR_BASE,2014-11-20,15679.2683300
WEEKLY_TR_BASE,2014-11-21,15891.5683300
WEEKLY_TR_BASE,2014-11-24,16209.0683300
WEEKLY_TR_BASE,2014-11-25,16389.6683300
WEEKLY_TR_BASE,2014-11-26,16495.6683300
WEEKLY_TR_BASE,2014-11-27,16623.1683300
WEEKLY_TR_BASE,2014-11-28,16776.3683300
WEEKLY_TR_BASE,2014-12-01,16749.4683300
WEEKLY_TR_BASE,2014-12-02,17149.5683300
WEEKLY_TR_BASE,2014-12-03,17330.9683300
WEEKLY_TR_BASE,2014-12-04,17972.3683300
WEEKLY_TR_BASE,2014-12-05,17766.0683300
WEEKLY_TR_BASE,2014-12-08,18276.4683300
WEEKLY_TR_BASE,2014-12-09,17472.3683300
WEEKLY_TR_BASE,2014-12-10,18062.4683300
WEEKLY_TR_BASE,2014-12-11,18062.9683300
WEEKLY_TR_BASE,2014-12-12,18134.9683300
WEEKLY_TR_BASE,2014-12-15,18359.8683300
WEEKLY_TR_BASE,2014-12-16,18580.0683300
WEEKLY_TR_BASE,2014-12-17,18673.9683300
WEEKLY_TR_BASE,2014-12-18,18683.1683300
WEEKLY_TR_BASE,2014-12-19,18748.1683300
WEEKLY_TR_BASE,2014-12-22,18388.3683300
WEEKLY_TR_BASE,2014-12-23,18037.0683300
WEEKLY_TR_BASE,2014-12-24,17880.9683300
WEEKLY_TR_BASE,2014-12-25,18344.5683300
WEEKLY_TR_BASE,2014-12-26,18773.2683300
WEEKLY_TR_BASE,2014-12-29,18612.3683300
WEEKLY_TR_BASE,2014-12-30,18482.3683300
WEEKLY_TR_BASE,2014-12-31,18831.1683300
WEEKLY_TR_BASE,2015-01-05,19258.9683300
WEEKLY_TR_BASE,2015-01-06,19306.4683300
WEEKLY_TR_BASE,2015-01-07,19308.7683300
WEEKLY_TR_BASE,2015-01-08,19022.7683300
WEEKLY_TR_BASE,2015-01-09,18912.5683300
WEEKLY_TR_BASE,2015-01-12,18772.8683300
WEEKLY_TR_BASE,2015-01-13,18858.9683300
WEEKLY_TR_BASE,2015-01-14,18807.3683300
WEEKLY_TR_BASE,2015-01-15,19202.3683300
WEEKLY_TR_BASE,2015-01-16,19358.7683300
WEEKLY_TR_BASE,2015-01-19,18166.6097900
WEEKLY_TR_BASE,2015-01-20,18898.1097900
WEEKLY_TR_BASE,2015-01-21,19346.1097900
WEEKLY_TR_BASE,2015-01-22,19443.6097900
WEEKLY_TR_BASE,2015-01-23,19238.6097900
WEEKLY_TR_BASE,2015-01-26,19587.6097900
WEEKLY_TR_BASE,2015-01-27,19508.6097900
WEEKLY_TR_BASE,2015-01-28,19256.1097900
WEEKLY_TR_BASE,2015-01-29,19075.6097900
WEEKLY_TR_BASE,2015-01-30,18808.6097900
WEEKLY_TR_BASE,2015-02-02,18717.9890000
WEEKLY_TR_BASE,2015-02-03,19157.8890000
WEEKLY_TR_BASE,2015-02-04,19141.9890000
WEEKLY_TR_BASE,2015-02-05,19141.9890000
WEEKLY_TR_BASE,2015-02-06,18723.2890000
WEEKLY_TR_BASE,2015-02-09,18590.7890000
WEEKLY_TR_BASE,2015-02-10,18903.4890000
WEEKLY_TR_BASE,2015-02-11,19099.5890000
WEEKLY_TR_BASE,2015-02-12,19247.9890000
WEEKLY_TR_BASE,2015-02-13,19597.7890000
WEEKLY_TR_BASE,2015-02-16,20133.0890000
WEEKLY_TR_BASE,2015-02-17,20122.4890000
WEEKLY_TR_BASE,2015-02-25,20011.1890000
WEEKLY_TR_BASE,2015-02-26,20175.4890000
WEEKLY_TR_BASE,2015-02-27,20525.2890000
WEEKLY_TR_BASE,2015-03-02,20986.3890000
WEEKLY_TR_BASE,2015-03-03,20758.4890000
WEEKLY_TR_BASE,2015-03-04,21235.4890000
WEEKLY_TR_BASE,2015-03-05,21203.6890000
WEEKLY_TR_BASE,2015-03-06,20763.7890000
WEEKLY_TR_BASE,2015-03-09,21166.5890000
WEEKLY_TR_BASE,2015-03-10,21458.0890000
WEEKLY_TR_BASE,2015-03-11,21389.1890000
WEEKLY_TR_BASE,2015-03-12,21272.5890000
WEEKLY_TR_BASE,2015-03-13,21664.7890000
WEEKLY_TR_BASE,2015-03-16,22332.5890000
WEEKLY_TR_BASE,2015-03-17,22422.6890000
WEEKLY_TR_BASE,2015-03-18,22820.1890000
WEEKLY_TR_BASE,2015-03-19,22899.6890000
WEEKLY_TR_BASE,2015-03-20,23154.0890000
WEEKLY_TR_BASE,2015-03-23,23970.2890000
WEEKLY_TR_BASE,2015-03-24,24229.9890000
WEEKLY_TR_BASE,2015-03-25,24404.8890000
WEEKLY_TR_BASE,2015-03-26,23800.6890000
WEEKLY_TR_BASE,2015-03-27,24171.6890000
WEEKLY_TR_BASE,2015-03-30,24171.6890000
WEEKLY_TR_BASE,2015-03-31,24415.4890000
WEEKLY_TR_BASE,2015-04-01,24956.0890000
WEEKLY_TR_BASE,2015-04-02,25539.0890000
WEEKLY_TR_BASE,2015-04-03,25825.2890000
WEEKLY_TR_BASE,2015-04-07,26365.8890000
WEEKLY_TR_BASE,2015-04-08,25872.9890000
WEEKLY_TR_BASE,2015-04-09,26286.3890000
WEEKLY_TR_BASE,2015-04-10,26418.8890000
WEEKLY_TR_BASE,2015-04-13,26561.9890000
WEEKLY_TR_BASE,2015-04-14,26497.91517483795495390115817
WEEKLY_TR_BASE,2015-04-15,25642.5190000
WEEKLY_TR_BASE,2015-04-16,25983.4840000
WEEKLY_TR_BASE,2015-04-17,26026.5740000
WEEKLY_TR_BASE,2015-04-20,25512.2870500
WEEKLY_TR_BASE,2015-04-21,26164.1020500
WEEKLY_TR_BASE,2015-04-22,26847.8520500
WEEKLY_TR_BASE,2015-04-23,26914.0570500
WEEKLY_TR_BASE,2015-04-24,26914.6220500
WEEKLY_TR_BASE,2015-04-27,27046.7919850
WEEKLY_TR_BASE,2015-04-28,26590.2919850
WEEKLY_TR_BASE,2015-04-29,27285.2919850
WEEKLY_TR_BASE,2015-04-30,27372.7919850
WEEKLY_TR_BASE,2015-05-04,27403.6673150
WEEKLY_TR_BASE,2015-05-05,26639.2673150
WEEKLY_TR_BASE,2015-05-06,26747.8673150
WEEKLY_TR_BASE,2015-05-07,26275.8673150
WEEKLY_TR_BASE,2015-05-08,27703.2673150
WEEKLY_TR_BASE,2015-05-11,28929.9583350
WEEKLY_TR_BASE,2015-05-12,29415.4583350
WEEKLY_TR_BASE,2015-05-13,28896.7583350
WEEKLY_TR_BASE,2015-05-14,28746.6583350
WEEKLY_TR_BASE,2015-05-15,28548.8583350
WEEKLY_TR_BASE,2015-05-18,29345.3711150
WEEKLY_TR_BASE,2015-05-19,29782.1711150
WEEKLY_TR_BASE,2015-05-20,30332.3711150
WEEKLY_TR_BASE,2015-05-21,31540.5711150
WEEKLY_TR_BASE,2015-05-22,31609.1711150
WEEKLY_TR_BASE,2015-05-25,31630.1711150
WEEKLY_TR_BASE,2015-05-26,32764.1711150
WEEKLY_TR_BASE,2015-05-27,32926.5711150
WEEKLY_TR_BASE,2015-05-28,31239.5711150
WEEKLY_TR_BASE,2015-05-29,31918.5711150
WEEKLY_TR_BASE,2015-06-01,33590.1711150
WEEKLY_TR_BASE,2015-06-02,34830.5711150
WEEKLY_TR_BASE,2015-06-03,34817.9711150
WEEKLY_TR_BASE,2015-06-04,34683.5711150
WEEKLY_TR_BASE,2015-06-05,34843.1711150
WEEKLY_TR_BASE,2015-06-08,33812.7711150
WEEKLY_TR_BASE,2015-06-09,33871.5711150
WEEKLY_TR_BASE,2015-06-10,34693.3711150
WEEKLY_TR_BASE,2015-06-11,35012.5711150
WEEKLY_TR_BASE,2015-06-12,35452.1711150
WEEKLY_TR_BASE,2015-06-15,34273.3711150
WEEKLY_TR_BASE,2015-06-16,33182.7711150
WEEKLY_TR_BASE,2015-06-17,34126.3711150
WEEKLY_TR_BASE,2015-06-18,32640.9711150
WEEKLY_TR_BASE,2015-06-19,30942.7711150
WEEKLY_TR_BASE,2015-06-23,31371.8477150
WEEKLY_TR_BASE,2015-06-24,31909.4477150
WEEKLY_TR_BASE,2015-06-25,30935.0477150
WEEKLY_TR_BASE,2015-06-26,28487.8477150
WEEKLY_TR_BASE,2015-06-29,27260.8477150
WEEKLY_TR_BASE,2015-06-30,29064.2477150
WEEKLY_TR_BASE,2015-07-01,27177.0477150
WEEKLY_TR_BASE,2015-07-02,26403.2477150
WEEKLY_TR_BASE,2015-07-03,25008.8477150
WEEKLY_TR_BASE,2015-07-06,25326.8477150
WEEKLY_TR_BASE,2015-07-07,23986.6477150
WEEKLY_TR_BASE,2015-07-08,21875.4477150
WEEKLY_TR_BASE,2015-07-09,23774.4477150
WEEKLY_TR_BASE,2015-07-10,25860.8477150
WEEKLY_TR_BASE,2015-07-13,27037.4477150
WEEKLY_TR_BASE,2015-07-14,26381.6477150
WEEKLY_TR_BASE,2015-07-15,24797.0477150
WEEKLY_TR_BASE,2015-07-16,25613.2477150
WEEKLY_TR_BASE,2015-07-17,26787.0477150
WEEKLY_TR_BASE,2015-07-20,26812.8270650
WEEKLY_TR_BASE,2015-07-21,26964.7270650
WEEKLY_TR_BASE,2015-07-22,27118.2270650
WEEKLY_TR_BASE,2015-07-23,27745.8270650
WEEKLY_TR_BASE,2015-07-24,27124.8270650
WEEKLY_TR_BASE,2015-07-27,24688.3270650
WEEKLY_TR_BASE,2015-07-28,24496.4270650
WEEKLY_TR_BASE,2015-07-29,25706.3270650
WEEKLY_TR_BASE,2015-07-30,24530.5270650
WEEKLY_TR_BASE,2015-07-31,24386.5270650
WEEKLY_TR_BASE,2015-08-03,23920.5576750
WEEKLY_TR_BASE,2015-08-04,25135.6576750
WEEKLY_TR_BASE,2015-08-05,24643.7576750
WEEKLY_TR_BASE,2015-08-06,24450.4576750
WEEKLY_TR_BASE,2015-08-07,25047.8576750
WEEKLY_TR_BASE,2015-08-10,26405.0538250
WEEKLY_TR_BASE,2015-08-11,26106.5538250
WEEKLY_TR_BASE,2015-08-12,25568.5538250
WEEKLY_TR_BASE,2015-08-13,26167.4538250
WEEKLY_TR_BASE,2015-08-14,26133.7538250
WEEKLY_TR_BASE,2015-08-17,26520.0246250
WEEKLY_TR_BASE,2015-08-18,24665.0246250
WEEKLY_TR_BASE,2015-08-19,25296.4246250
WEEKLY_TR_BASE,2015-08-20,24554.4246250
WEEKLY_TR_BASE,2015-08-21,23454.0246250
WEEKLY_TR_BASE,2015-08-24,21362.4246250
WEEKLY_TR_BASE,2015-08-25,19608.2246250
WEEKLY_TR_BASE,2015-08-26,19844.8246250
WEEKLY_TR_BASE,2015-08-27,20746.4246250
WEEKLY_TR_BASE,2015-08-28,21699.8246250
WEEKLY_TR_BASE,2015-08-31,21302.2246250
WEEKLY_TR_BASE,2015-09-01,20628.8246250
WEEKLY_TR_BASE,2015-09-02,20383.8246250
WEEKLY_TR_BASE,2015-09-07,20357.2246250
WEEKLY_TR_BASE,2015-09-08,21078.2246250
WEEKLY_TR_BASE,2015-09-09,21519.2246250
WEEKLY_TR_BASE,2015-09-10,21106.2246250
WEEKLY_TR_BASE,2015-09-11,21195.8246250
WEEKLY_TR_BASE,2015-09-14,20077.2246250
WEEKLY_TR_BASE,2015-09-15,19392.6246250
WEEKLY_TR_BASE,2015-09-16,20560.2246250
WEEKLY_TR_BASE,2015-09-17,20172.4246250
WEEKLY_TR_BASE,2015-09-18,20283.0246250
WEEKLY_TR_BASE,2015-09-21,21161.7938250
WEEKLY_TR_BASE,2015-09-22,21104.5938250
WEEKLY_TR_BASE,2015-09-23,20766.1938250
WEEKLY_TR_BASE,2015-09-24,20934.5938250
WEEKLY_TR_BASE,2015-09-25,20292.9938250
WEEKLY_TR_BASE,2015-09-28,21016.1938250
WEEKLY_TR_BASE,2015-09-29,20704.7938250
WEEKLY_TR_BASE,2015-09-30,20681.3938250
WEEKLY_TR_BASE,2015-10-08,21731.1938250
WEEKLY_TR_BASE,2015-10-09,21963.7938250
WEEKLY_TR_BASE,2015-10-12,22822.0853150
WEEKLY_TR_BASE,2015-10-13,22937.0853150
WEEKLY_TR_BASE,2015-10-14,22649.0853150
WEEKLY_TR_BASE,2015-10-15,23551.2853150
WEEKLY_TR_BASE,2015-10-16,23797.7853150
WEEKLY_TR_BASE,2015-10-19,23690.6853150
WEEKLY_TR_BASE,2015-10-20,24245.9853150
WEEKLY_TR_BASE,2015-10-21,22850.0853150
WEEKLY_TR_BASE,2015-10-22,23790.4853150
WEEKLY_TR_BASE,2015-10-23,24427.7853150
WEEKLY_TR_BASE,2015-10-26,24285.8853150
WEEKLY_TR_BASE,2015-10-27,24593.0853150
WEEKLY_TR_BASE,2015-10-28,23911.2853150
WEEKLY_TR_BASE,2015-10-29,23985.6853150
WEEKLY_TR_BASE,2015-10-30,23963.1853150
WEEKLY_TR_BASE,2015-11-02,23580.1853150
WEEKLY_TR_BASE,2015-11-03,23504.3853150
WEEKLY_TR_BASE,2015-11-04,25015.9853150
WEEKLY_TR_BASE,2015-11-05,24768.9853150
WEEKLY_TR_BASE,2015-11-06,25518.6853150
WEEKLY_TR_BASE,2015-11-09,25809.1853150
WEEKLY_TR_BASE,2015-11-10,25938.3853150
WEEKLY_TR_BASE,2015-11-11,26487.6853150
WEEKLY_TR_BASE,2015-11-12,26370.8853150
WEEKLY_TR_BASE,2015-11-13,25823.0853150
WEEKLY_TR_BASE,2015-11-16,26520.4853150
WEEKLY_TR_BASE,2015-11-17,25863.7853150
WEEKLY_TR_BASE,2015-11-18,25446.6853150
WEEKLY_TR_BASE,2015-11-19,26304.2853150
WEEKLY_TR_BASE,2015-11-20,26499.5853150
WEEKLY_TR_BASE,2015-11-23,26254.1853150
WEEKLY_TR_BASE,2015-11-24,26593.9853150
WEEKLY_TR_BASE,2015-11-25,27140.8853150
WEEKLY_TR_BASE,2015-11-26,26697.4853150
WEEKLY_TR_BASE,2015-11-27,25183.2853150
WEEKLY_TR_BASE,2015-11-30,25286.2853150
WEEKLY_TR_BASE,2015-12-01,25295.1853150
WEEKLY_TR_BASE,2015-12-02,25050.2853150
WEEKLY_TR_BASE,2015-12-03,25736.5853150
WEEKLY_TR_BASE,2015-12-04,25450.8853150
WEEKLY_TR_BASE,2015-12-07,25824.1853150
WEEKLY_TR_BASE,2015-12-08,25372.9853150
WEEKLY_TR_BASE,2015-12-09,25190.2853150
WEEKLY_TR_BASE,2015-12-10,25227.6853150
WEEKLY_TR_BASE,2015-12-11,25082.4853150
WEEKLY_TR_BASE,2015-12-14,25612.9248050
WEEKLY_TR_BASE,2015-12-15,25600.3248050
WEEKLY_TR_BASE,2015-12-16,25675.4248050
WEEKLY_TR_BASE,2015-12-17,26256.9248050
WEEKLY_TR_BASE,2015-12-18,26273.3248050
WEEKLY_TR_BASE,2015-12-21,26560.8248050
WEEKLY_TR_BASE,2015-12-22,26544.8248050
WEEKLY_TR_BASE,2015-12-23,26277.3248050
WEEKLY_TR_BASE,2015-12-24,26239.6248050
WEEKLY_TR_BASE,2015-12-25,26283.6248050
WEEKLY_TR_BASE,2015-12-28,25666.8009350
WEEKLY_TR_BASE,2015-12-29,25888.0009350
WEEKLY_TR_BASE,2015-12-30,25970.4009350
WEEKLY_TR_BASE,2015-12-31,25675.2009350
WEEKLY_TR_BASE,2016-01-04,24041.8009350
WEEKLY_TR_BASE,2016-01-05,23919.8009350
WEEKLY_TR_BASE,2016-01-06,24294.8009350
WEEKLY_TR_BASE,2016-01-07,23090.8009350
WEEKLY_TR_BASE,2016-01-08,23046.2009350
WEEKLY_TR_BASE,2016-01-11,21913.6009350
WEEKLY_TR_BASE,2016-01-12,21968.6009350
WEEKLY_TR_BASE,2016-01-13,21559.2009350
WEEKLY_TR_BASE,2016-01-14,22008.2009350
WEEKLY_TR_BASE,2016-01-15,21380.0009350
WEEKLY_TR_BASE,2016-01-18,21507.8009350
WEEKLY_TR_BASE,2016-01-19,22056.6009350
WEEKLY_TR_BASE,2016-01-20,21857.8009350
WEEKLY_TR_BASE,2016-01-21,21281.0009350
WEEKLY_TR_BASE,2016-01-22,21483.0009350
WEEKLY_TR_BASE,2016-01-25,21487.5956050
WEEKLY_TR_BASE,2016-01-26,20245.1956050
WEEKLY_TR_BASE,2016-01-27,20144.4956050
WEEKLY_TR_BASE,2016-01-28,19584.1956050
WEEKLY_TR_BASE,2016-01-29,20160.8956050
WEEKLY_TR_BASE,2016-02-01,20140.0956050
WEEKLY_TR_BASE,2016-02-02,20687.9956050
WEEKLY_TR_BASE,2016-02-03,20721.1956050
WEEKLY_TR_BASE,2016-02-04,21007.3956050
WEEKLY_TR_BASE,2016-02-05,20784.8956050
WEEKLY_TR_BASE,2016-02-15,20836.4956050
WEEKLY_TR_BASE,2016-02-16,21470.8956050
WEEKLY_TR_BASE,2016-02-17,21610.8956050
WEEKLY_TR_BASE,2016-02-18,21509.5956050
WEEKLY_TR_BASE,2016-02-19,21560.7956050
WEEKLY_TR_BASE,2016-02-22,21952.1826150
WEEKLY_TR_BASE,2016-02-23,21793.1826150
WEEKLY_TR_BASE,2016-02-24,21748.1826150
WEEKLY_TR_BASE,2016-02-25,20072.6826150
WEEKLY_TR_BASE,2016-02-26,20177.6826150
WEEKLY_TR_BASE,2016-02-29,19372.2199850
WEEKLY_TR_BASE,2016-03-01,19782.6199850
WEEKLY_TR_BASE,2016-03-02,20650.7199850
WEEKLY_TR_BASE,2016-03-03,20621.5199850
WEEKLY_TR_BASE,2016-03-04,20472.2199850
WEEKLY_TR_BASE,2016-03-07,20791.1199850
WEEKLY_TR_BASE,2016-03-08,20811.0199850
WEEKLY_TR_BASE,2016-03-09,20419.4199850
WEEKLY_TR_BASE,2016-03-10,20136.3199850
WEEKLY_TR_BASE,2016-03-11,20116.2199850
WEEKLY_TR_BASE,2016-03-14,20643.2199850
WEEKLY_TR_BASE,2016-03-15,20492.2199850
WEEKLY_TR_BASE,2016-03-16,20458.2199850
WEEKLY_TR_BASE,2016-03-17,20896.7199850
WEEKLY_TR_BASE,2016-03-18,21388.6199850
WEEKLY_TR_BASE,2016-03-21,21796.1199850
WEEKLY_TR_BASE,2016-03-22,21682.9199850
WEEKLY_TR_BASE,2016-03-23,21791.5199850
WEEKLY_TR_BASE,2016-03-24,21446.0199850
WEEKLY_TR_BASE,2016-03-25,21604.8199850
WEEKLY_TR_BASE,2016-03-28,21331.7185250
WEEKLY_TR_BASE,2016-03-29,21100.7185250
WEEKLY_TR_BASE,2016-03-30,21786.2185250
WEEKLY_TR_BASE,2016-03-31,21700.7185250
WEEKLY_TR_BASE,2016-04-01,21631.7185250
WEEKLY_TR_BASE,2016-04-05,22113.4069850
WEEKLY_TR_BASE,2016-04-06,22233.2069850
WEEKLY_TR_BASE,2016-04-07,21947.6069850
WEEKLY_TR_BASE,2016-04-08,21767.1069850
WEEKLY_TR_BASE,2016-04-11,22146.6069850
WEEKLY_TR_BASE,2016-04-12,22063.3069850
WEEKLY_TR_BASE,2016-04-13,22286.8069850
WEEKLY_TR_BASE,2016-04-14,22513.8069850
WEEKLY_TR_BASE,2016-04-15,22422.1069850
WEEKLY_TR_BASE,2016-04-18,22090.1069850
WEEKLY_TR_BASE,2016-04-19,22112.7069850
WEEKLY_TR_BASE,2016-04-20,21078.1069850
WEEKLY_TR_BASE,2016-04-21,20878.9069850
WEEKLY_TR_BASE,2016-04-22,21095.4069850
WEEKLY_TR_BASE,2016-04-25,20958.6630250
WEEKLY_TR_BASE,2016-04-26,21134.1630250
WEEKLY_TR_BASE,2016-04-27,21041.1630250
WEEKLY_TR_BASE,2016-04-28,20958.6630250
WEEKLY_TR_BASE,2016-04-29,20960.1630250
WEEKLY_TR_BASE,2016-05-03,21441.6630250
WEEKLY_TR_BASE,2016-05-04,21405.6630250
WEEKLY_TR_BASE,2016-05-05,21473.1630250
WEEKLY_TR_BASE,2016-05-06,20873.1630250
WEEKLY_TR_BASE,2016-05-09,20342.1630250
WEEKLY_TR_BASE,2016-05-10,20304.6630250
WEEKLY_TR_BASE,2016-05-11,20324.1630250
WEEKLY_TR_BASE,2016-05-12,20360.1630250
WEEKLY_TR_BASE,2016-05-13,20297.1630250
WEEKLY_TR_BASE,2016-05-16,20493.6630250
WEEKLY_TR_BASE,2016-05-17,20465.1630250
WEEKLY_TR_BASE,2016-05-18,20156.1630250
WEEKLY_TR_BASE,2016-05-19,20181.6630250
WEEKLY_TR_BASE,2016-05-20,20360.1630250
WEEKLY_TR_BASE,2016-05-23,20480.7620650
WEEKLY_TR_BASE,2016-05-24,20345.5620650
WEEKLY_TR_BASE,2016-05-25,20293.5620650
WEEKLY_TR_BASE,2016-05-26,20385.5620650
WEEKLY_TR_BASE,2016-05-27,20313.3620650
WEEKLY_TR_BASE,2016-05-30,20285.5760450
WEEKLY_TR_BASE,2016-05-31,20999.5760450
WEEKLY_TR_BASE,2016-06-01,20963.5760450
WEEKLY_TR_BASE,2016-06-02,21049.0760450
WEEKLY_TR_BASE,2016-06-03,21217.0760450
WEEKLY_TR_BASE,2016-06-06,21108.3956950
WEEKLY_TR_BASE,2016-06-07,21090.3956950
WEEKLY_TR_BASE,2016-06-08,21051.3956950
WEEKLY_TR_BASE,2016-06-13,20086.2711450
WEEKLY_TR_BASE,2016-06-14,20126.7711450
WEEKLY_TR_BASE,2016-06-15,20744.7711450
WEEKLY_TR_BASE,2016-06-16,20569.2711450
WEEKLY_TR_BASE,2016-06-17,20753.7711450
WEEKLY_TR_BASE,2016-06-20,20747.7711450
WEEKLY_TR_BASE,2016-06-21,20533.2711450
WEEKLY_TR_BASE,2016-06-22,20924.7711450
WEEKLY_TR_BASE,2016-06-23,20854.2711450
WEEKLY_TR_BASE,2016-06-24,20681.7711450
WEEKLY_TR_BASE,2016-06-27,21244.2711450
WEEKLY_TR_BASE,2016-06-28,21418.2711450
WEEKLY_TR_BASE,2016-06-29,21388.2711450
WEEKLY_TR_BASE,2016-06-30,21443.7711450
WEEKLY_TR_BASE,2016-07-01,21358.2711450
WEEKLY_TR_BASE,2016-07-04,21715.2711450
WEEKLY_TR_BASE,2016-07-05,21742.2711450
WEEKLY_TR_BASE,2016-07-06,21800.7711450
WEEKLY_TR_BASE,2016-07-07,21808.2711450
WEEKLY_TR_BASE,2016-07-08,21787.2711450
WEEKLY_TR_BASE,2016-07-11,21722.7711450
WEEKLY_TR_BASE,2016-07-12,21982.2711450
WEEKLY_TR_BASE,2016-07-13,22201.2711450
WEEKLY_TR_BASE,2016-07-14,22244.7711450
WEEKLY_TR_BASE,2016-07-15,22103.7711450
WEEKLY_TR_BASE,2016-07-18,22018.1657850
WEEKLY_TR_BASE,2016-07-19,21965.8657850
WEEKLY_TR_BASE,2016-07-20,21929.0657850
WEEKLY_TR_BASE,2016-07-21,22029.2657850
WEEKLY_TR_BASE,2016-07-22,21880.6657850
WEEKLY_TR_BASE,2016-07-25,21892.7657850
WEEKLY_TR_BASE,2016-07-26,22157.0657850
WEEKLY_TR_BASE,2016-07-27,21530.1657850
WEEKLY_TR_BASE,2016-07-28,21602.7657850
WEEKLY_TR_BASE,2016-07-29,21501.8657850
WEEKLY_TR_BASE,2016-08-01,21278.0657850
WEEKLY_TR_BASE,2016-08-02,21394.2657850
WEEKLY_TR_BASE,2016-08-03,21438.8657850
WEEKLY_TR_BASE,2016-08-04,21526.3657850
WEEKLY_TR_BASE,2016-08-05,21532.5657850
WEEKLY_TR_BASE,2016-08-08,21745.8657850
WEEKLY_TR_BASE,2016-08-09,21888.3657850
WEEKLY_TR_BASE,2016-08-10,21809.8657850
WEEKLY_TR_BASE,2016-08-11,21634.7657850
WEEKLY_TR_BASE,2016-08-12,21940.9657850
WEEKLY_TR_BASE,2016-08-15,22433.5657850
WEEKLY_TR_BASE,2016-08-16,22451.0657850
WEEKLY_TR_BASE,2016-08-17,22451.8657850
WEEKLY_TR_BASE,2016-08-18,22440.3657850
WEEKLY_TR_BASE,2016-08-19,22430.2657850
WEEKLY_TR_BASE,2016-08-22,22248.1657850
WEEKLY_TR_BASE,2016-08-23,22277.9657850
WEEKLY_TR_BASE,2016-08-24,22243.3657850
WEEKLY_TR_BASE,2016-08-25,22123.6657850
WEEKLY_TR_BASE,2016-08-26,22161.5657850
WEEKLY_TR_BASE,2016-08-29,22176.6657850
WEEKLY_TR_BASE,2016-08-30,22211.2657850
WEEKLY_TR_BASE,2016-08-31,22268.3657850
WEEKLY_TR_BASE,2016-09-01,22069.4657850
WEEKLY_TR_BASE,2016-09-02,22064.9657850
WEEKLY_TR_BASE,2016-09-05,22124.7390750
WEEKLY_TR_BASE,2016-09-06,22396.8390750
WEEKLY_TR_BASE,2016-09-07,22336.8390750
WEEKLY_TR_BASE,2016-09-08,22388.1390750
WEEKLY_TR_BASE,2016-09-09,22249.5390750
WEEKLY_TR_BASE,2016-09-12,21743.1753750
WEEKLY_TR_BASE,2016-09-13,21762.6753750
WEEKLY_TR_BASE,2016-09-14,21680.4753750
WEEKLY_TR_BASE,2016-09-19,21901.2753750
WEEKLY_TR_BASE,2016-09-20,21852.9753750
WEEKLY_TR_BASE,2016-09-21,21891.0753750
WEEKLY_TR_BASE,2016-09-22,21964.2753750
WEEKLY_TR_BASE,2016-09-23,21914.1753750
WEEKLY_TR_BASE,2016-09-26,21536.3043450
WEEKLY_TR_BASE,2016-09-27,21641.1043450
WEEKLY_TR_BASE,2016-09-28,21614.6043450
WEEKLY_TR_BASE,2016-09-29,21710.6043450
WEEKLY_TR_BASE,2016-09-30,21780.1043450
WEEKLY_TR_BASE,2016-10-10,22203.5871350
WEEKLY_TR_BASE,2016-10-11,22230.3871350
WEEKLY_TR_BASE,2016-10-12,22213.4871350
WEEKLY_TR_BASE,2016-10-13,22211.3871350
WEEKLY_TR_BASE,2016-10-14,22149.5871350
WEEKLY_TR_BASE,2016-10-17,21954.0871350
WEEKLY_TR_BASE,2016-10-18,22235.6871350
WEEKLY_TR_BASE,2016-10-19,22120.1871350
WEEKLY_TR_BASE,2016-10-20,22168.4871350
WEEKLY_TR_BASE,2016-10-21,22101.7871350
WEEKLY_TR_BASE,2016-10-24,22284.2900650
WEEKLY_TR_BASE,2016-10-25,22295.6900650
WEEKLY_TR_BASE,2016-10-26,22223.1900650
WEEKLY_TR_BASE,2016-10-27,22189.1900650
WEEKLY_TR_BASE,2016-10-28,22096.6900650
WEEKLY_TR_BASE,2016-10-31,22040.3900650
WEEKLY_TR_BASE,2016-11-01,22207.7900650
WEEKLY_TR_BASE,2016-11-02,22039.0900650
WEEKLY_TR_BASE,2016-11-03,22163.9900650
WEEKLY_TR_BASE,2016-11-04,22100.5900650
WEEKLY_TR_BASE,2016-11-07,22116.7900650
WEEKLY_TR_BASE,2016-11-08,22236.4900650
WEEKLY_TR_BASE,2016-11-09,22104.2900650
WEEKLY_TR_BASE,2016-11-10,22355.7900650
WEEKLY_TR_BASE,2016-11-11,22523.7900650
WEEKLY_TR_BASE,2016-11-14,22559.2900650
WEEKLY_TR_BASE,2016-11-15,22585.1900650
WEEKLY_TR_BASE,2016-11-16,22598.5900650
WEEKLY_TR_BASE,2016-11-17,22623.2900650
WEEKLY_TR_BASE,2016-11-18,22540.4900650
WEEKLY_TR_BASE,2016-11-21,22585.3900650
WEEKLY_TR_BASE,2016-11-22,22779.8900650
WEEKLY_TR_BASE,2016-11-23,22732.7900650
WEEKLY_TR_BASE,2016-11-24,22742.2900650
WEEKLY_TR_BASE,2016-11-25,22906.3900650
WEEKLY_TR_BASE,2016-11-28,22981.2900650
WEEKLY_TR_BASE,2016-11-29,23002.4900650
WEEKLY_TR_BASE,2016-11-30,22843.7900650
WEEKLY_TR_BASE,2016-12-01,23002.3900650
WEEKLY_TR_BASE,2016-12-02,22721.3900650
WEEKLY_TR_BASE,2016-12-05,22445.0900650
WEEKLY_TR_BASE,2016-12-06,22441.1900650
WEEKLY_TR_BASE,2016-12-07,22609.0900650
WEEKLY_TR_BASE,2016-12-08,22581.2900650
WEEKLY_TR_BASE,2016-12-09,22612.2900650
WEEKLY_TR_BASE,2016-12-12,21927.1900650
WEEKLY_TR_BASE,2016-12-13,21941.1900650
WEEKLY_TR_BASE,2016-12-14,21811.5900650
WEEKLY_TR_BASE,2016-12-15,21759.9900650
WEEKLY_TR_BASE,2016-12-16,21822.9900650
WEEKLY_TR_BASE,2016-12-19,21801.4900650
WEEKLY_TR_BASE,2016-12-20,21686.9900650
WEEKLY_TR_BASE,2016-12-21,21875.2900650
WEEKLY_TR_BASE,2016-12-22,21841.3900650
WEEKLY_TR_BASE,2016-12-23,21692.5900650
WEEKLY_TR_BASE,2016-12-26,21731.8900650
WEEKLY_TR_BASE,2016-12-27,21735.3900650
WEEKLY_TR_BASE,2016-12-28,21638.1900650
WEEKLY_TR_BASE,2016-12-29,21637.9900650
WEEKLY_TR_BASE,2016-12-30,21643.6900650
WEEKLY_TR_BASE,2017-01-03,21839.3900650
WEEKLY_TR_BASE,2017-01-04,22047.8900650
WEEKLY_TR_BASE,2017-01-05,22023.0900650
WEEKLY_TR_BASE,2017-01-06,21944.6900650
WEEKLY_TR_BASE,2017-01-09,22055.9900650
WEEKLY_TR_BASE,2017-01-10,21992.3900650
WEEKLY_TR_BASE,2017-01-11,21840.3900650
WEEKLY_TR_BASE,2017-01-12,21669.5900650
WEEKLY_TR_BASE,2017-01-13,21578.9900650
WEEKLY_TR_BASE,2017-01-16,21291.3900650
WEEKLY_TR_BASE,2017-01-17,21388.3900650
WEEKLY_TR_BASE,2017-01-18,21458.1900650
WEEKLY_TR_BASE,2017-01-19,21390.3900650
WEEKLY_TR_BASE,2017-01-20,21595.9900650
WEEKLY_TR_BASE,2017-01-23,21691.8900650
WEEKLY_TR_BASE,2017-01-24,21655.6900650
WEEKLY_TR_BASE,2017-01-25,21722.1900650
WEEKLY_TR_BASE,2017-01-26,21828.7900650
WEEKLY_TR_BASE,2017-02-03,21739.2900650
WEEKLY_TR_BASE,2017-02-06,21820.3900650
WEEKLY_TR_BASE,2017-02-07,21787.9900650
WEEKLY_TR_BASE,2017-02-08,21920.6900650
WEEKLY_TR_BASE,2017-02-09,22003.4900650
WEEKLY_TR_BASE,2017-02-10,22076.6900650
WEEKLY_TR_BASE,2017-02-13,22167.8900650
WEEKLY_TR_BASE,2017-02-14,22186.9900650
WEEKLY_TR_BASE,2017-02-15,22059.1900650
WEEKLY_TR_BASE,2017-02-16,22167.1900650
WEEKLY_TR_BASE,2017-02-17,22040.1900650
WEEKLY_TR_BASE,2017-02-20,22331.5900650
WEEKLY_TR_BASE,2017-02-21,22409.5900650
WEEKLY_TR_BASE,2017-02-22,22487.9900650
WEEKLY_TR_BASE,2017-02-23,22459.4900650
WEEKLY_TR_BASE,2017-02-24,22453.7900650
WEEKLY_TR_BASE,2017-02-27,22291.8613250
WEEKLY_TR_BASE,2017-02-28,22320.9613250
WEEKLY_TR_BASE,2017-03-01,22375.5613250
WEEKLY_TR_BASE,2017-03-02,22278.9613250
WEEKLY_TR_BASE,2017-03-03,22343.1613250
WEEKLY_TR_BASE,2017-03-06,22622.7613250
WEEKLY_TR_BASE,2017-03-07,22714.5613250
WEEKLY_TR_BASE,2017-03-08,22617.6613250
WEEKLY_TR_BASE,2017-03-09,22415.1613250
WEEKLY_TR_BASE,2017-03-10,22441.2613250
WEEKLY_TR_BASE,2017-03-13,22669.5613250
WEEKLY_TR_BASE,2017-03-14,22540.5613250
WEEKLY_TR_BASE,2017-03-15,22536.9613250
WEEKLY_TR_BASE,2017-03-16,22660.8613250
WEEKLY_TR_BASE,2017-03-17,22450.8613250
WEEKLY_TR_BASE,2017-03-20,22527.0613250
WEEKLY_TR_BASE,2017-03-21,22619.1613250
WEEKLY_TR_BASE,2017-03-22,22500.6613250
WEEKLY_TR_BASE,2017-03-23,22527.0613250
WEEKLY_TR_BASE,2017-03-24,22683.3613250
WEEKLY_TR_BASE,2017-03-27,22524.6613250
WEEKLY_TR_BASE,2017-03-28,22496.7613250
WEEKLY_TR_BASE,2017-03-29,22365.0613250
WEEKLY_TR_BASE,2017-03-30,22039.2613250
WEEKLY_TR_BASE,2017-03-31,22128.9613250
WEEKLY_TR_BASE,2017-04-05,22501.6769450
WEEKLY_TR_BASE,2017-04-06,22487.4769450
WEEKLY_TR_BASE,2017-04-07,22525.0769450
WEEKLY_TR_BASE,2017-04-10,22489.3769450
WEEKLY_TR_BASE,2017-04-11,22630.0769450
WEEKLY_TR_BASE,2017-04-12,22512.6769450
WEEKLY_TR_BASE,2017-04-13,22609.0769450
WEEKLY_TR_BASE,2017-04-14,22389.8769450
WEEKLY_TR_BASE,2017-04-17,22240.7769450
WEEKLY_TR_BASE,2017-04-18,22171.8769450
WEEKLY_TR_BASE,2017-04-19,21977.7769450
WEEKLY_TR_BASE,2017-04-20,22026.4769450
WEEKLY_TR_BASE,2017-04-21,21973.3769450
WEEKLY_TR_BASE,2017-04-24,21602.7769450
WEEKLY_TR_BASE,2017-04-25,21663.5769450
WEEKLY_TR_BASE,2017-04-26,21703.9769450
WEEKLY_TR_BASE,2017-04-27,21744.0769450
WEEKLY_TR_BASE,2017-04-28,21740.6769450
WEEKLY_TR_BASE,2017-05-02,21698.3231950
WEEKLY_TR_BASE,2017-05-03,21595.7231950
WEEKLY_TR_BASE,2017-05-04,21592.3231950
WEEKLY_TR_BASE,2017-05-05,21387.7231950
WEEKLY_TR_BASE,2017-05-08,21158.0231950
WEEKLY_TR_BASE,2017-05-09,21221.4231950
WEEKLY_TR_BASE,2017-05-10,21044.8231950
WEEKLY_TR_BASE,2017-05-11,21070.4231950
WEEKLY_TR_BASE,2017-05-12,21157.0231950
WEEKLY_TR_BASE,2017-05-15,21229.2231950
WEEKLY_TR_BASE,2017-05-16,21544.7231950
WEEKLY_TR_BASE,2017-05-17,21491.3231950
WEEKLY_TR_BASE,2017-05-18,21421.8231950
WEEKLY_TR_BASE,2017-05-19,21367.1231950
WEEKLY_TR_BASE,2017-05-22,21298.5231950
WEEKLY_TR_BASE,2017-05-23,21175.5231950
WEEKLY_TR_BASE,2017-05-24,21296.5231950
WEEKLY_TR_BASE,2017-05-25,21500.9231950
WEEKLY_TR_BASE,2017-05-26,21407.1231950
WEEKLY_TR_BASE,2017-05-31,21429.2231950
WEEKLY_TR_BASE,2017-06-01,21281.1231950
WEEKLY_TR_BASE,2017-06-02,21349.4231950
WEEKLY_TR_BASE,2017-06-05,21345.5231950
WEEKLY_TR_BASE,2017-06-06,21437.6231950
WEEKLY_TR_BASE,2017-06-07,21781.0231950
WEEKLY_TR_BASE,2017-06-08,21807.0231950
WEEKLY_TR_BASE,2017-06-09,21885.1231950
WEEKLY_TR_BASE,2017-06-12,21713.8836450
WEEKLY_TR_BASE,2017-06-13,21865.4836450
WEEKLY_TR_BASE,2017-06-14,21733.1836450
WEEKLY_TR_BASE,2017-06-15,21783.5836450
WEEKLY_TR_BASE,2017-06-16,21760.7836450
WEEKLY_TR_BASE,2017-06-19,21941.7836450
WEEKLY_TR_BASE,2017-06-20,21939.4836450
WEEKLY_TR_BASE,2017-06-21,22081.9836450
WEEKLY_TR_BASE,2017-06-22,21956.6836450
WEEKLY_TR_BASE,2017-06-23,22083.1836450
WEEKLY_TR_BASE,2017-06-26,22381.6836450
WEEKLY_TR_BASE,2017-06-27,22361.7836450
WEEKLY_TR_BASE,2017-06-28,22261.7836450
WEEKLY_TR_BASE,2017-06-29,22380.3836450
WEEKLY_TR_BASE,2017-06-30,22393.5836450
WEEKLY_TR_BASE,2017-07-03,22413.2836450
WEEKLY_TR_BASE,2017-07-04,22288.7836450
WEEKLY_TR_BASE,2017-07-05,22480.3836450
WEEKLY_TR_BASE,2017-07-06,22471.9836450
WEEKLY_TR_BASE,2017-07-07,22527.8836450
WEEKLY_TR_BASE,2017-07-10,22506.0836450
WEEKLY_TR_BASE,2017-07-11,22482.0836450
WEEKLY_TR_BASE,2017-07-12,22406.9836450
WEEKLY_TR_BASE,2017-07-13,22523.8836450
WEEKLY_TR_BASE,2017-07-14,22568.3836450
WEEKLY_TR_BASE,2017-07-17,22047.5836450
WEEKLY_TR_BASE,2017-07-18,22137.1836450
WEEKLY_TR_BASE,2017-07-19,22562.7836450
WEEKLY_TR_BASE,2017-07-20,22658.1836450
WEEKLY_TR_BASE,2017-07-21,22639.4836450
WEEKLY_TR_BASE,2017-07-24,22767.6836450
WEEKLY_TR_BASE,2017-07-25,22683.4836450
WEEKLY_TR_BASE,2017-07-26,22606.6836450
WEEKLY_TR_BASE,2017-07-27,22698.9836450
WEEKLY_TR_BASE,2017-07-28,22792.1836450
WEEKLY_TR_BASE,2017-07-31,22966.3836450
WEEKLY_TR_BASE,2017-08-01,23023.3836450
WEEKLY_TR_BASE,2017-08-02,22978.3836450
WEEKLY_TR_BASE,2017-08-03,22876.4836450
WEEKLY_TR_BASE,2017-08-04,22755.0836450
WEEKLY_TR_BASE,2017-08-07,22958.9836450
WEEKLY_TR_BASE,2017-08-08,22951.2836450
WEEKLY_TR_BASE,2017-08-09,23008.8836450
WEEKLY_TR_BASE,2017-08-10,22903.9836450
WEEKLY_TR_BASE,2017-08-11,22516.3836450
WEEKLY_TR_BASE,2017-08-14,22929.0796050
WEEKLY_TR_BASE,2017-08-15,22959.0796050
WEEKLY_TR_BASE,2017-08-16,23145.0796050
WEEKLY_TR_BASE,2017-08-17,23310.0796050
WEEKLY_TR_BASE,2017-08-18,23188.5796050
WEEKLY_TR_BASE,2017-08-21,23310.0796050
WEEKLY_TR_BASE,2017-08-22,23203.5796050
WEEKLY_TR_BASE,2017-08-23,23071.5796050
WEEKLY_TR_BASE,2017-08-24,22926.0796050
WEEKLY_TR_BASE,2017-08-25,23139.0796050
WEEKLY_TR_BASE,2017-08-28,23445.0796050
WEEKLY_TR_BASE,2017-08-29,23338.5796050
WEEKLY_TR_BASE,2017-08-30,23487.0796050
WEEKLY_TR_BASE,2017-08-31,23575.5796050
WEEKLY_TR_BASE,2017-09-01,23746.5796050
WEEKLY_TR_BASE,2017-09-04,23908.5796050
WEEKLY_TR_BASE,2017-09-05,23916.0796050
WEEKLY_TR_BASE,2017-09-06,24075.0796050
WEEKLY_TR_BASE,2017-09-07,23920.5796050
WEEKLY_TR_BASE,2017-09-08,23899.5796050
WEEKLY_TR_BASE,2017-09-11,24121.5796050
WEEKLY_TR_BASE,2017-09-12,24013.5796050
WEEKLY_TR_BASE,2017-09-13,24108.0796050
WEEKLY_TR_BASE,2017-09-14,24025.5796050
WEEKLY_TR_BASE,2017-09-15,23914.5796050
WEEKLY_TR_BASE,2017-09-18,24045.8186750
WEEKLY_TR_BASE,2017-09-19,23888.3186750
WEEKLY_TR_BASE,2017-09-20,24044.9186750
WEEKLY_TR_BASE,2017-09-21,23924.6186750
WEEKLY_TR_BASE,2017-09-22,23816.9186750
WEEKLY_TR_BASE,2017-09-25,23541.0825850
WEEKLY_TR_BASE,2017-09-26,23562.0825850
WEEKLY_TR_BASE,2017-09-27,23721.0825850
WEEKLY_TR_BASE,2017-09-28,23748.0825850
WEEKLY_TR_BASE,2017-09-29,23925.0825850
WEEKLY_TR_BASE,2017-10-09,24041.8306650
WEEKLY_TR_BASE,2017-10-10,24089.8306650
WEEKLY_TR_BASE,2017-10-11,24071.8306650
WEEKLY_TR_BASE,2017-10-12,24098.2306650
WEEKLY_TR_BASE,2017-10-13,24202.3306650
WEEKLY_TR_BASE,2017-10-16,23895.9923650
WEEKLY_TR_BASE,2017-10-17,23831.5923650
WEEKLY_TR_BASE,2017-10-18,23849.1923650
WEEKLY_TR_BASE,2017-10-19,23801.7923650
WEEKLY_TR_BASE,2017-10-20,23908.4923650
WEEKLY_TR_BASE,2017-10-23,24011.6923650
WEEKLY_TR_BASE,2017-10-24,24117.2923650
WEEKLY_TR_BASE,2017-10-25,24187.7923650
WEEKLY_TR_BASE,2017-10-26,24295.5923650
WEEKLY_TR_BASE,2017-10-27,24219.7923650
WEEKLY_TR_BASE,2017-10-30,23952.8923650
WEEKLY_TR_BASE,2017-10-31,23997.8923650
WEEKLY_TR_BASE,2017-11-01,23936.4923650
WEEKLY_TR_BASE,2017-11-02,23813.7923650
WEEKLY_TR_BASE,2017-11-03,23707.3923650
WEEKLY_TR_BASE,2017-11-06,23934.3923650
WEEKLY_TR_BASE,2017-11-07,24077.7923650
WEEKLY_TR_BASE,2017-11-08,24082.9923650
WEEKLY_TR_BASE,2017-11-09,24249.2923650
WEEKLY_TR_BASE,2017-11-10,24473.0923650
WEEKLY_TR_BASE,2017-11-13,24511.2403850
WEEKLY_TR_BASE,2017-11-14,24351.5403850
WEEKLY_TR_BASE,2017-11-15,24146.0403850
WEEKLY_TR_BASE,2017-11-16,24274.4403850
WEEKLY_TR_BASE,2017-11-17,24012.9403850
WEEKLY_TR_BASE,2017-11-20,24175.2403850
WEEKLY_TR_BASE,2017-11-21,24433.0403850
WEEKLY_TR_BASE,2017-11-22,24386.9403850
WEEKLY_TR_BASE,2017-11-23,23781.3403850
WEEKLY_TR_BASE,2017-11-24,23811.2403850
WEEKLY_TR_BASE,2017-11-27,23505.0403850
WEEKLY_TR_BASE,2017-11-28,23708.9403850
WEEKLY_TR_BASE,2017-11-29,23730.0403850
WEEKLY_TR_BASE,2017-11-30,23540.3403850
WEEKLY_TR_BASE,2017-12-01,23615.6403850
WEEKLY_TR_BASE,2017-12-04,23602.8403850
WEEKLY_TR_BASE,2017-12-05,23451.8403850
WEEKLY_TR_BASE,2017-12-06,23414.7403850
WEEKLY_TR_BASE,2017-12-07,23236.6403850
WEEKLY_TR_BASE,2017-12-08,23444.5403850
WEEKLY_TR_BASE,2017-12-11,23762.7403850
WEEKLY_TR_BASE,2017-12-12,23508.2403850
WEEKLY_TR_BASE,2017-12-13,23669.1403850
WEEKLY_TR_BASE,2017-12-14,23657.8403850
WEEKLY_TR_BASE,2017-12-15,23437.9403850
WEEKLY_TR_BASE,2017-12-18,23306.4392350
WEEKLY_TR_BASE,2017-12-19,23488.8392350
WEEKLY_TR_BASE,2017-12-20,23270.2392350
WEEKLY_TR_BASE,2017-12-21,23373.5392350
WEEKLY_TR_BASE,2017-12-22,23342.0392350
WEEKLY_TR_BASE,2017-12-25,23113.7392350
WEEKLY_TR_BASE,2017-12-26,23195.1392350
WEEKLY_TR_BASE,2017-12-27,23010.9392350
WEEKLY_TR_BASE,2017-12-28,23109.4392350
WEEKLY_TR_BASE,2017-12-29,23259.1392350
WEEKLY_TR_BASE,2018-01-02,23546.5562350
WEEKLY_TR_BASE,2018-01-03,23670.3562350
WEEKLY_TR_BASE,2018-01-04,23744.4562350
WEEKLY_TR_BASE,2018-01-05,23803.6562350
WEEKLY_TR_BASE,2018-01-08,23895.7562350
WEEKLY_TR_BASE,2018-01-09,23971.1562350
WEEKLY_TR_BASE,2018-01-10,23961.7562350
WEEKLY_TR_BASE,2018-01-11,23972.3562350
WEEKLY_TR_BASE,2018-01-12,23975.4562350
WEEKLY_TR_BASE,2018-01-15,23725.0562350
WEEKLY_TR_BASE,2018-01-16,23888.5562350
WEEKLY_TR_BASE,2018-01-17,23795.2562350
WEEKLY_TR_BASE,2018-01-18,23905.2562350
WEEKLY_TR_BASE,2018-01-19,23904.8562350
WEEKLY_TR_BASE,2018-01-22,24176.7562350
WEEKLY_TR_BASE,2018-01-23,24301.1562350
WEEKLY_TR_BASE,2018-01-24,24390.2562350
WEEKLY_TR_BASE,2018-01-25,24304.2562350
WEEKLY_TR_BASE,2018-01-26,24368.8562350
WEEKLY_TR_BASE,2018-01-29,24017.1774350
WEEKLY_TR_BASE,2018-01-30,23818.9774350
WEEKLY_TR_BASE,2018-01-31,23511.2774350
WEEKLY_TR_BASE,2018-02-01,23247.2774350
WEEKLY_TR_BASE,2018-02-02,23337.4774350
WEEKLY_TR_BASE,2018-02-05,23245.5774350
WEEKLY_TR_BASE,2018-02-06,22384.8774350
WEEKLY_TR_BASE,2018-02-07,22253.2774350
WEEKLY_TR_BASE,2018-02-08,22328.2774350
WEEKLY_TR_BASE,2018-02-09,21575.9774350
WEEKLY_TR_BASE,2018-02-12,22034.7774350
WEEKLY_TR_BASE,2018-02-13,22177.4774350
WEEKLY_TR_BASE,2018-02-14,22214.5774350
WEEKLY_TR_BASE,2018-02-22,22614.8774350
WEEKLY_TR_BASE,2018-02-23,22619.4774350
WEEKLY_TR_BASE,2018-02-26,23114.8774350
WEEKLY_TR_BASE,2018-02-27,23024.0774350
WEEKLY_TR_BASE,2018-02-28,22997.1774350
WEEKLY_TR_BASE,2018-03-01,23296.4774350
WEEKLY_TR_BASE,2018-03-02,23115.5774350
WEEKLY_TR_BASE,2018-03-05,23220.2449850
WEEKLY_TR_BASE,2018-03-06,23376.4449850
WEEKLY_TR_BASE,2018-03-07,23192.0449850
WEEKLY_TR_BASE,2018-03-08,23328.2449850
WEEKLY_TR_BASE,2018-03-09,23895.2449850
WEEKLY_TR_BASE,2018-03-12,24145.2449850
WEEKLY_TR_BASE,2018-03-13,24033.6449850
WEEKLY_TR_BASE,2018-03-14,23738.0449850
WEEKLY_TR_BASE,2018-03-15,23725.0449850
WEEKLY_TR_BASE,2018-03-16,23506.2449850
WEEKLY_TR_BASE,2018-03-19,23670.2449850
WEEKLY_TR_BASE,2018-03-20,23823.8449850
WEEKLY_TR_BASE,2018-03-21,23491.0449850
WEEKLY_TR_BASE,2018-03-22,23433.6449850
WEEKLY_TR_BASE,2018-03-23,22347.4449850
WEEKLY_TR_BASE,2018-03-26,22858.8449850
WEEKLY_TR_BASE,2018-03-27,23487.4449850
WEEKLY_TR_BASE,2018-03-28,23322.6449850
WEEKLY_TR_BASE,2018-03-29,23484.0449850
WEEKLY_TR_BASE,2018-03-30,23940.8449850
WEEKLY_TR_BASE,2018-04-02,23907.8449850
WEEKLY_TR_BASE,2018-04-03,23677.4449850
WEEKLY_TR_BASE,2018-04-04,23395.8449850
WEEKLY_TR_BASE,2018-04-09,23442.8449850
WEEKLY_TR_BASE,2018-04-10,23490.2449850
WEEKLY_TR_BASE,2018-04-11,23489.2449850
WEEKLY_TR_BASE,2018-04-12,23379.0449850
WEEKLY_TR_BASE,2018-04-13,23351.6449850
WEEKLY_TR_BASE,2018-04-16,23414.2449850
WEEKLY_TR_BASE,2018-04-17,22904.8449850
WEEKLY_TR_BASE,2018-04-18,23230.6449850
WEEKLY_TR_BASE,2018-04-19,23260.0449850
WEEKLY_TR_BASE,2018-04-20,22890.2449850
WEEKLY_TR_BASE,2018-04-23,22590.8449850
WEEKLY_TR_BASE,2018-04-24,23121.2449850
WEEKLY_TR_BASE,2018-04-25,23192.8449850
WEEKLY_TR_BASE,2018-04-26,22802.8449850
WEEKLY_TR_BASE,2018-04-27,23007.2449850
WEEKLY_TR_BASE,2018-05-02,22944.4449850
WEEKLY_TR_BASE,2018-05-03,23195.4449850
WEEKLY_TR_BASE,2018-05-04,23102.2449850
WEEKLY_TR_BASE,2018-05-07,23457.4928050
WEEKLY_TR_BASE,2018-05-08,23640.4928050
WEEKLY_TR_BASE,2018-05-09,23570.7928050
WEEKLY_TR_BASE,2018-05-10,23682.5928050
WEEKLY_TR_BASE,2018-05-11,23540.4928050
WEEKLY_TR_BASE,2018-05-14,23473.3796350
WEEKLY_TR_BASE,2018-05-15,23740.1796350
WEEKLY_TR_BASE,2018-05-16,23647.4796350
WEEKLY_TR_BASE,2018-05-17,23485.8796350
WEEKLY_TR_BASE,2018-05-18,23562.0796350
WEEKLY_TR_BASE,2018-05-21,23707.5125250
WEEKLY_TR_BASE,2018-05-22,23705.9125250
WEEKLY_TR_BASE,2018-05-23,23432.2125250
WEEKLY_TR_BASE,2018-05-24,23316.5125250
WEEKLY_TR_BASE,2018-05-25,23157.8125250
WEEKLY_TR_BASE,2018-05-28,23203.4125250
WEEKLY_TR_BASE,2018-05-29,22981.4125250
WEEKLY_TR_BASE,2018-05-30,22561.4125250
WEEKLY_TR_BASE,2018-05-31,22880.2125250
WEEKLY_TR_BASE,2018-06-01,22696.4125250
WEEKLY_TR_BASE,2018-06-04,22794.7125250
WEEKLY_TR_BASE,2018-06-05,23044.3125250
WEEKLY_TR_BASE,2018-06-06,23015.8125250
WEEKLY_TR_BASE,2018-06-07,22960.3125250
WEEKLY_TR_BASE,2018-06-08,22704.2125250
WEEKLY_TR_BASE,2018-06-11,22672.0125250
WEEKLY_TR_BASE,2018-06-12,22853.0125250
WEEKLY_TR_BASE,2018-06-13,22611.7125250
WEEKLY_TR_BASE,2018-06-14,22568.7125250
WEEKLY_TR_BASE,2018-06-15,22384.5125250
WEEKLY_TR_BASE,2018-06-19,21444.7125250
WEEKLY_TR_BASE,2018-06-20,21521.5125250
WEEKLY_TR_BASE,2018-06-21,21285.3125250
WEEKLY_TR_BASE,2018-06-22,21440.5125250
WEEKLY_TR_BASE,2018-06-25,21222.8125250
WEEKLY_TR_BASE,2018-06-26,21203.5125250
WEEKLY_TR_BASE,2018-06-27,20858.3125250
WEEKLY_TR_BASE,2018-06-28,20740.3125250
WEEKLY_TR_BASE,2018-06-29,21286.8125250
WEEKLY_TR_BASE,2018-07-02,20898.1272050
WEEKLY_TR_BASE,2018-07-03,20968.4272050
WEEKLY_TR_BASE,2018-07-04,20660.4272050
WEEKLY_TR_BASE,2018-07-05,20374.0272050
WEEKLY_TR_BASE,2018-07-06,20526.7272050
WEEKLY_TR_BASE,2018-07-09,21042.0272050
WEEKLY_TR_BASE,2018-07-10,21140.7272050
WEEKLY_TR_BASE,2018-07-11,20810.5272050
WEEKLY_TR_BASE,2018-07-12,21357.0272050
WEEKLY_TR_BASE,2018-07-13,21385.6272050
WEEKLY_TR_BASE,2018-07-16,21345.1272050
WEEKLY_TR_BASE,2018-07-17,21291.9272050
WEEKLY_TR_BASE,2018-07-18,21180.5272050
WEEKLY_TR_BASE,2018-07-19,21074.3272050
WEEKLY_TR_BASE,2018-07-20,21385.4272050
WEEKLY_TR_BASE,2018-07-23,21462.3787150
WEEKLY_TR_BASE,2018-07-24,21676.2787150
WEEKLY_TR_BASE,2018-07-25,21690.3787150
WEEKLY_TR_BASE,2018-07-26,21528.8787150
WEEKLY_TR_BASE,2018-07-27,21380.3787150
WEEKLY_TR_BASE,2018-07-30,21147.7694950
WEEKLY_TR_BASE,2018-07-31,21201.9694950
WEEKLY_TR_BASE,2018-08-01,20847.7694950
WEEKLY_TR_BASE,2018-08-02,20432.4694950
WEEKLY_TR_BASE,2018-08-03,20220.9694950
WEEKLY_TR_BASE,2018-08-06,19942.9694950
WEEKLY_TR_BASE,2018-08-07,20400.6694950
WEEKLY_TR_BASE,2018-08-08,20156.7694950
WEEKLY_TR_BASE,2018-08-09,20590.0694950
WEEKLY_TR_BASE,2018-08-10,20643.0694950
WEEKLY_TR_BASE,2018-08-13,20660.1694950
WEEKLY_TR_BASE,2018-08-14,20575.2694950
WEEKLY_TR_BASE,2018-08-15,20181.8694950
WEEKLY_TR_BASE,2018-08-16,20067.2694950
WEEKLY_TR_BASE,2018-08-17,19776.5694950
WEEKLY_TR_BASE,2018-08-20,19916.8694950
WEEKLY_TR_BASE,2018-08-21,20153.4694950
WEEKLY_TR_BASE,2018-08-22,20080.0694950
WEEKLY_TR_BASE,2018-08-23,20148.5694950
WEEKLY_TR_BASE,2018-08-24,20129.2694950
WEEKLY_TR_BASE,2018-08-27,20567.8694950
WEEKLY_TR_BASE,2018-08-28,20552.0694950
WEEKLY_TR_BASE,2018-08-29,20472.3694950
WEEKLY_TR_BASE,2018-08-30,20249.6694950
WEEKLY_TR_BASE,2018-08-31,20085.1694950
WEEKLY_TR_BASE,2018-09-03,20107.7694950
WEEKLY_TR_BASE,2018-09-04,20274.6694950
WEEKLY_TR_BASE,2018-09-05,19978.7694950
WEEKLY_TR_BASE,2018-09-06,19864.2694950
WEEKLY_TR_BASE,2018-09-07,19907.8694950
WEEKLY_TR_BASE,2018-09-10,19650.4694950
WEEKLY_TR_BASE,2018-09-11,19607.3694950
WEEKLY_TR_BASE,2018-09-12,19520.3694950
WEEKLY_TR_BASE,2018-09-13,19658.9694950
WEEKLY_TR_BASE,2018-09-14,19581.8694950
WEEKLY_TR_BASE,2018-09-17,19399.2694950
WEEKLY_TR_BASE,2018-09-18,19685.4694950
WEEKLY_TR_BASE,2018-09-19,19902.7694950
WEEKLY_TR_BASE,2018-09-20,19895.8694950
WEEKLY_TR_BASE,2018-09-21,20334.6694950
WEEKLY_TR_BASE,2018-09-25,20196.0694950
WEEKLY_TR_BASE,2018-09-26,20311.8694950
WEEKLY_TR_BASE,2018-09-27,20182.7694950
WEEKLY_TR_BASE,2018-09-28,20390.2694950
WEEKLY_TR_BASE,2018-10-08,19650.0694950
WEEKLY_TR_BASE,2018-10-09,19642.7694950
WEEKLY_TR_BASE,2018-10-10,19635.8694950
WEEKLY_TR_BASE,2018-10-11,18556.2694950
WEEKLY_TR_BASE,2018-10-12,18679.0694950
WEEKLY_TR_BASE,2018-10-15,18424.2694950
WEEKLY_TR_BASE,2018-10-16,18228.5694950
WEEKLY_TR_BASE,2018-10-17,18289.4694950
WEEKLY_TR_BASE,2018-10-18,17942.5694950
WEEKLY_TR_BASE,2018-10-19,18299.2694950
WEEKLY_TR_BASE,2018-10-22,19167.7247950
WEEKLY_TR_BASE,2018-10-23,18690.9247950
WEEKLY_TR_BASE,2018-10-24,18669.9247950
WEEKLY_TR_BASE,2018-10-25,18642.9247950
WEEKLY_TR_BASE,2018-10-26,18473.3247950
WEEKLY_TR_BASE,2018-10-29,18157.1247950
WEEKLY_TR_BASE,2018-10-30,18330.0247950
WEEKLY_TR_BASE,2018-10-31,18502.9247950
WEEKLY_TR_BASE,2018-11-01,18634.1247950
WEEKLY_TR_BASE,2018-11-02,19400.4247950
WEEKLY_TR_BASE,2018-11-05,19266.1247950
WEEKLY_TR_BASE,2018-11-06,19206.9247950
WEEKLY_TR_BASE,2018-11-07,19112.6247950
WEEKLY_TR_BASE,2018-11-08,18991.2247950
WEEKLY_TR_BASE,2018-11-09,18855.2247950
WEEKLY_TR_BASE,2018-11-12,19357.5977150
WEEKLY_TR_BASE,2018-11-13,19669.2977150
WEEKLY_TR_BASE,2018-11-14,19589.4977150
WEEKLY_TR_BASE,2018-11-15,19851.4977150
WEEKLY_TR_BASE,2018-11-16,19878.6977150
WEEKLY_TR_BASE,2018-11-19,19835.3977150
WEEKLY_TR_BASE,2018-11-20,19369.9977150
WEEKLY_TR_BASE,2018-11-21,19409.8977150
WEEKLY_TR_BASE,2018-11-22,19349.5977150
WEEKLY_TR_BASE,2018-11-23,18730.8977150
WEEKLY_TR_BASE,2018-11-26,18720.2977150
WEEKLY_TR_BASE,2018-11-27,18823.7977150
WEEKLY_TR_BASE,2018-11-28,19108.7977150
WEEKLY_TR_BASE,2018-11-29,18734.9977150
WEEKLY_TR_BASE,2018-11-30,18895.6977150
WEEKLY_TR_BASE,2018-12-03,19472.0977150
WEEKLY_TR_BASE,2018-12-04,19539.7977150
WEEKLY_TR_BASE,2018-12-05,19482.1977150
WEEKLY_TR_BASE,2018-12-06,19060.4977150
WEEKLY_TR_BASE,2018-12-07,19028.7977150
WEEKLY_TR_BASE,2018-12-10,18850.6977150
WEEKLY_TR_BASE,2018-12-11,19027.7977150
WEEKLY_TR_BASE,2018-12-12,19001.2977150
WEEKLY_TR_BASE,2018-12-13,19194.2977150
WEEKLY_TR_BASE,2018-12-14,18754.2977150
WEEKLY_TR_BASE,2018-12-17,18659.2889150
WEEKLY_TR_BASE,2018-12-18,18494.0889150
WEEKLY_TR_BASE,2018-12-19,18287.6889150
WEEKLY_TR_BASE,2018-12-20,18278.2889150
WEEKLY_TR_BASE,2018-12-21,18133.6889150
WEEKLY_TR_BASE,2018-12-24,18254.2527350
WEEKLY_TR_BASE,2018-12-25,18085.9527350
WEEKLY_TR_BASE,2018-12-26,18016.9527350
WEEKLY_TR_BASE,2018-12-27,17788.8527350
WEEKLY_TR_BASE,2018-12-28,17813.0527350
WEEKLY_TR_BASE,2019-01-02,17611.6501550
WEEKLY_TR_BASE,2019-01-03,17591.8501550
WEEKLY_TR_BASE,2019-01-04,18008.0501550
WEEKLY_TR_BASE,2019-01-07,18182.2501550
WEEKLY_TR_BASE,2019-01-08,18164.2501550
WEEKLY_TR_BASE,2019-01-09,18218.6501550
WEEKLY_TR_BASE,2019-01-10,18240.8501550
WEEKLY_TR_BASE,2019-01-11,18343.8501550
WEEKLY_TR_BASE,2019-01-14,18230.4501550
WEEKLY_TR_BASE,2019-01-15,18499.0501550
WEEKLY_TR_BASE,2019-01-16,18484.6501550
WEEKLY_TR_BASE,2019-01-17,18373.8501550
WEEKLY_TR_BASE,2019-01-18,18602.4501550
WEEKLY_TR_BASE,2019-01-21,18677.2501550
WEEKLY_TR_BASE,2019-01-22,18450.8501550
WEEKLY_TR_BASE,2019-01-23,18439.0501550
WEEKLY_TR_BASE,2019-01-24,18559.0501550
WEEKLY_TR_BASE,2019-01-25,18580.0501550
WEEKLY_TR_BASE,2019-01-28,18540.8501550
WEEKLY_TR_BASE,2019-01-29,18467.4501550
WEEKLY_TR_BASE,2019-01-30,18353.4501550
WEEKLY_TR_BASE,2019-01-31,18379.2501550
WEEKLY_TR_BASE,2019-02-01,18760.0501550
WEEKLY_TR_BASE,2019-02-11,19057.0501550
WEEKLY_TR_BASE,2019-02-12,19164.4501550
WEEKLY_TR_BASE,2019-02-13,19500.4501550
WEEKLY_TR_BASE,2019-02-14,19546.8501550
WEEKLY_TR_BASE,2019-02-15,19340.0501550
WEEKLY_TR_BASE,2019-02-18,19930.4427550
WEEKLY_TR_BASE,2019-02-19,19834.4427550
WEEKLY_TR_BASE,2019-02-20,19871.0427550
WEEKLY_TR_BASE,2019-02-21,19906.8427550
WEEKLY_TR_BASE,2019-02-22,20482.6427550
WEEKLY_TR_BASE,2019-02-25,21697.6427550
WEEKLY_TR_BASE,2019-02-26,21390.8427550
WEEKLY_TR_BASE,2019-02-27,21200.2427550
WEEKLY_TR_BASE,2019-02-28,21261.2427550
WEEKLY_TR_BASE,2019-03-01,21654.2427550
WEEKLY_TR_BASE,2019-03-04,22175.4310950
WEEKLY_TR_BASE,2019-03-05,22825.0310950
WEEKLY_TR_BASE,2019-03-06,23141.7310950
WEEKLY_TR_BASE,2019-03-07,23132.0310950
WEEKLY_TR_BASE,2019-03-08,22568.8310950
WEEKLY_TR_BASE,2019-03-11,23392.6310950
WEEKLY_TR_BASE,2019-03-12,23797.3310950
WEEKLY_TR_BASE,2019-03-13,23060.1310950
WEEKLY_TR_BASE,2019-03-14,22606.6310950
WEEKLY_TR_BASE,2019-03-15,22750.4310950
WEEKLY_TR_BASE,2019-03-18,23349.5310950
WEEKLY_TR_BASE,2019-03-19,23324.4310950
WEEKLY_TR_BASE,2019-03-20,23198.1310950
WEEKLY_TR_BASE,2019-03-21,23398.2310950
WEEKLY_TR_BASE,2019-03-22,23468.6310950
WEEKLY_TR_BASE,2019-03-25,23173.5310950
WEEKLY_TR_BASE,2019-03-26,22602.1310950
WEEKLY_TR_BASE,2019-03-27,22799.6310950
WEEKLY_TR_BASE,2019-03-28,22583.4310950
WEEKLY_TR_BASE,2019-03-29,23351.8310950
WEEKLY_TR_BASE,2019-04-01,24199.3310950
WEEKLY_TR_BASE,2019-04-02,24114.0310950
WEEKLY_TR_BASE,2019-04-03,24351.6310950
WEEKLY_TR_BASE,2019-04-04,24454.9310950
WEEKLY_TR_BASE,2019-04-08,24207.7533750
WEEKLY_TR_BASE,2019-04-09,24316.0533750
WEEKLY_TR_BASE,2019-04-10,24306.1533750
WEEKLY_TR_BASE,2019-04-11,23943.9533750
WEEKLY_TR_BASE,2019-04-12,23880.3533750
WEEKLY_TR_BASE,2019-04-15,23677.6533750
WEEKLY_TR_BASE,2019-04-16,24232.7533750
WEEKLY_TR_BASE,2019-04-17,24225.4533750
WEEKLY_TR_BASE,2019-04-18,24171.5533750
WEEKLY_TR_BASE,2019-04-19,24417.6533750
WEEKLY_TR_BASE,2019-04-22,23976.4533750
WEEKLY_TR_BASE,2019-04-23,23762.7533750
WEEKLY_TR_BASE,2019-04-24,23878.6533750
WEEKLY_TR_BASE,2019-04-25,23295.6533750
WEEKLY_TR_BASE,2019-04-26,23063.4533750
WEEKLY_TR_BASE,2019-04-29,22831.4968250
WEEKLY_TR_BASE,2019-04-30,22862.6968250
WEEKLY_TR_BASE,2019-05-06,21526.3227450
WEEKLY_TR_BASE,2019-05-07,21700.9227450
WEEKLY_TR_BASE,2019-05-08,21529.9227450
WEEKLY_TR_BASE,2019-05-09,21321.1227450
WEEKLY_TR_BASE,2019-05-10,21944.8227450
WEEKLY_TR_BASE,2019-05-13,21544.7900850
WEEKLY_TR_BASE,2019-05-14,21428.1900850
WEEKLY_TR_BASE,2019-05-15,21849.5900850
WEEKLY_TR_BASE,2019-05-16,21938.9900850
WEEKLY_TR_BASE,2019-05-17,21358.5900850
WEEKLY_TR_BASE,2019-05-20,21189.3900850
WEEKLY_TR_BASE,2019-05-21,21467.2900850
WEEKLY_TR_BASE,2019-05-22,21422.5900850
WEEKLY_TR_BASE,2019-05-23,21027.9900850
WEEKLY_TR_BASE,2019-05-24,20989.7900850
WEEKLY_TR_BASE,2019-05-27,21295.7427150
WEEKLY_TR_BASE,2019-05-28,21320.1427150
WEEKLY_TR_BASE,2019-05-29,21328.9427150
WEEKLY_TR_BASE,2019-05-30,21294.9427150
WEEKLY_TR_BASE,2019-05-31,21201.3427150
WEEKLY_TR_BASE,2019-06-03,21148.3427150
WEEKLY_TR_BASE,2019-06-04,20936.5427150
WEEKLY_TR_BASE,2019-06-05,20883.3427150
WEEKLY_TR_BASE,2019-06-06,20595.7427150
WEEKLY_TR_BASE,2019-06-10,20807.2837950
WEEKLY_TR_BASE,2019-06-11,21462.8837950
WEEKLY_TR_BASE,2019-06-12,21269.4837950
WEEKLY_TR_BASE,2019-06-13,21318.2837950
WEEKLY_TR_BASE,2019-06-14,21093.5837950
WEEKLY_TR_BASE,2019-06-17,21054.4837950
WEEKLY_TR_BASE,2019-06-18,21142.2837950
WEEKLY_TR_BASE,2019-06-19,21396.5837950
WEEKLY_TR_BASE,2019-06-20,21844.8837950
WEEKLY_TR_BASE,2019-06-21,22070.7837950
WEEKLY_TR_BASE,2019-06-24,21999.2837950
WEEKLY_TR_BASE,2019-06-25,21777.2837950
WEEKLY_TR_BASE,2019-06-26,21820.0837950
WEEKLY_TR_BASE,2019-06-27,22069.9837950
WEEKLY_TR_BASE,2019-06-28,21986.9837950
WEEKLY_TR_BASE,2019-07-01,22595.7837950
WEEKLY_TR_BASE,2019-07-02,22611.3837950
WEEKLY_TR_BASE,2019-07-03,22371.4837950
WEEKLY_TR_BASE,2019-07-04,22223.4837950
WEEKLY_TR_BASE,2019-07-05,22382.6837950
WEEKLY_TR_BASE,2019-07-08,21867.2837950
WEEKLY_TR_BASE,2019-07-09,21924.2837950
WEEKLY_TR_BASE,2019-07-10,21886.6837950
WEEKLY_TR_BASE,2019-07-11,21902.6837950
WEEKLY_TR_BASE,2019-07-12,22030.1837950
WEEKLY_TR_BASE,2019-07-15,22227.3837950
WEEKLY_TR_BASE,2019-07-16,22185.7837950
WEEKLY_TR_BASE,2019-07-17,22190.2837950
WEEKLY_TR_BASE,2019-07-18,21977.8837950
WEEKLY_TR_BASE,2019-07-19,22189.0837950
WEEKLY_TR_BASE,2019-07-22,21943.5837950
WEEKLY_TR_BASE,2019-07-23,22100.9837950
WEEKLY_TR_BASE,2019-07-24,22295.4837950
WEEKLY_TR_BASE,2019-07-25,22440.0837950
WEEKLY_TR_BASE,2019-07-26,22453.0837950
WEEKLY_TR_BASE,2019-07-29,22457.5837950
WEEKLY_TR_BASE,2019-07-30,22591.4837950
WEEKLY_TR_BASE,2019-07-31,22451.6837950
WEEKLY_TR_BASE,2019-08-01,22384.8837950
WEEKLY_TR_BASE,2019-08-02,22130.9837950
WEEKLY_TR_BASE,2019-08-05,21771.7837950
WEEKLY_TR_BASE,2019-08-06,21522.9837950
WEEKLY_TR_BASE,2019-08-07,21433.7837950
WEEKLY_TR_BASE,2019-08-08,21714.8837950
WEEKLY_TR_BASE,2019-08-09,21518.8837950
WEEKLY_TR_BASE,2019-08-12,21913.4837950
WEEKLY_TR_BASE,2019-08-13,21723.0837950
WEEKLY_TR_BASE,2019-08-14,21806.3837950
WEEKLY_TR_BASE,2019-08-15,21986.0837950
WEEKLY_TR_BASE,2019-08-16,22121.4837950
WEEKLY_TR_BASE,2019-08-19,22730.6837950
WEEKLY_TR_BASE,2019-08-20,22588.5837950
WEEKLY_TR_BASE,2019-08-21,22559.1837950
WEEKLY_TR_BASE,2019-08-22,22613.4837950
WEEKLY_TR_BASE,2019-08-23,22690.3837950
WEEKLY_TR_BASE,2019-08-26,22483.5865250
WEEKLY_TR_BASE,2019-08-27,22809.9865250
WEEKLY_TR_BASE,2019-08-28,22792.9865250
WEEKLY_TR_BASE,2019-08-29,22775.2865250
WEEKLY_TR_BASE,2019-08-30,22632.2865250
WEEKLY_TR_BASE,2019-09-02,23149.7865250
WEEKLY_TR_BASE,2019-09-03,23226.5865250
WEEKLY_TR_BASE,2019-09-04,23459.6865250
WEEKLY_TR_BASE,2019-09-05,23658.1865250
WEEKLY_TR_BASE,2019-09-06,23714.9865250
WEEKLY_TR_BASE,2019-09-09,24173.7865250
WEEKLY_TR_BASE,2019-09-10,24104.8865250
WEEKLY_TR_BASE,2019-09-11,23909.3865250
WEEKLY_TR_BASE,2019-09-12,23990.6865250
WEEKLY_TR_BASE,2019-09-16,24020.8865250
WEEKLY_TR_BASE,2019-09-17,23585.4865250
WEEKLY_TR_BASE,2019-09-18,23586.4865250
WEEKLY_TR_BASE,2019-09-19,23846.4865250
WEEKLY_TR_BASE,2019-09-20,23837.1865250
WEEKLY_TR_BASE,2019-09-23,23674.6865250
WEEKLY_TR_BASE,2019-09-24,23737.8865250
WEEKLY_TR_BASE,2019-09-25,23451.8865250
WEEKLY_TR_BASE,2019-09-26,22884.3865250
WEEKLY_TR_BASE,2019-09-27,23103.4865250
WEEKLY_TR_BASE,2019-09-30,22868.5581550
WEEKLY_TR_BASE,2019-10-08,22763.5914950
WEEKLY_TR_BASE,2019-10-09,22885.8914950
WEEKLY_TR_BASE,2019-10-10,23281.7914950
WEEKLY_TR_BASE,2019-10-11,23348.1914950
WEEKLY_TR_BASE,2019-10-14,23467.5887650
WEEKLY_TR_BASE,2019-10-15,23303.7887650
WEEKLY_TR_BASE,2019-10-16,23234.8887650
WEEKLY_TR_BASE,2019-10-17,23269.9887650
WEEKLY_TR_BASE,2019-10-18,23080.1887650
WEEKLY_TR_BASE,2019-10-21,23077.5887650
WEEKLY_TR_BASE,2019-10-22,23253.0887650
WEEKLY_TR_BASE,2019-10-23,23087.9887650
WEEKLY_TR_BASE,2019-10-24,23126.9887650
WEEKLY_TR_BASE,2019-10-25,23338.8887650
WEEKLY_TR_BASE,2019-10-28,23593.6887650
WEEKLY_TR_BASE,2019-10-29,23416.8887650
WEEKLY_TR_BASE,2019-10-30,23316.7887650
WEEKLY_TR_BASE,2019-10-31,23240.0887650
WEEKLY_TR_BASE,2019-11-01,23561.1887650
WEEKLY_TR_BASE,2019-11-04,23653.4887650
WEEKLY_TR_BASE,2019-11-05,23810.7887650
WEEKLY_TR_BASE,2019-11-06,23695.0887650
WEEKLY_TR_BASE,2019-11-07,23792.5887650
WEEKLY_TR_BASE,2019-11-08,23711.9887650
WEEKLY_TR_BASE,2019-11-11,23310.2887650
WEEKLY_TR_BASE,2019-11-12,23303.7887650
WEEKLY_TR_BASE,2019-11-13,23354.4887650
WEEKLY_TR_BASE,2019-11-14,23427.2887650
WEEKLY_TR_BASE,2019-11-15,23273.8887650
WEEKLY_TR_BASE,2019-11-18,23392.1887650
WEEKLY_TR_BASE,2019-11-19,23788.6887650
WEEKLY_TR_BASE,2019-11-20,23610.5887650
WEEKLY_TR_BASE,2019-11-21,23526.0887650
WEEKLY_TR_BASE,2019-11-22,23182.8887650
WEEKLY_TR_BASE,2019-11-25,23158.1887650
WEEKLY_TR_BASE,2019-11-26,23232.2887650
WEEKLY_TR_BASE,2019-11-27,23236.1887650
WEEKLY_TR_BASE,2019-11-28,23220.5887650
WEEKLY_TR_BASE,2019-11-29,23037.2887650
WEEKLY_TR_BASE,2019-12-02,23082.0322150
WEEKLY_TR_BASE,2019-12-03,23171.2322150
WEEKLY_TR_BASE,2019-12-04,23143.8322150
WEEKLY_TR_BASE,2019-12-05,23472.8322150
WEEKLY_TR_BASE,2019-12-06,23662.6322150
WEEKLY_TR_BASE,2019-12-09,23646.4322150
WEEKLY_TR_BASE,2019-12-10,23784.9322150
WEEKLY_TR_BASE,2019-12-11,23634.5322150
WEEKLY_TR_BASE,2019-12-12,23639.6322150
WEEKLY_TR_BASE,2019-12-13,24014.2322150
WEEKLY_TR_BASE,2019-12-16,24322.5322150
WEEKLY_TR_BASE,2019-12-17,24639.2322150
WEEKLY_TR_BASE,2019-12-18,24545.2322150
WEEKLY_TR_BASE,2019-12-19,24565.3322150
WEEKLY_TR_BASE,2019-12-20,24354.9322150
WEEKLY_TR_BASE,2019-12-23,23869.3322150
WEEKLY_TR_BASE,2019-12-24,24241.5322150
WEEKLY_TR_BASE,2019-12-25,24380.0322150
WEEKLY_TR_BASE,2019-12-26,24511.8322150
WEEKLY_TR_BASE,2019-12-27,24244.3322150
WEEKLY_TR_BASE,2019-12-30,24581.0322150
WEEKLY_TR_BASE,2019-12-31,24644.2322150
WEEKLY_TR_BASE,2020-01-02,25076.9322150
WEEKLY_TR_BASE,2020-01-03,25091.3322150
WEEKLY_TR_BASE,2020-01-06,25372.7322150
WEEKLY_TR_BASE,2020-01-07,25738.1322150
WEEKLY_TR_BASE,2020-01-08,25385.4322150
WEEKLY_TR_BASE,2020-01-09,25831.5322150
WEEKLY_TR_BASE,2020-01-10,25732.0322150
WEEKLY_TR_BASE,2020-01-13,26121.6322150
WEEKLY_TR_BASE,2020-01-14,25994.2322150
WEEKLY_TR_BASE,2020-01-15,25940.5322150
WEEKLY_TR_BASE,2020-01-16,26014.2322150
WEEKLY_TR_BASE,2020-01-17,25962.6322150
WEEKLY_TR_BASE,2020-01-20,26458.1322150
WEEKLY_TR_BASE,2020-01-21,26238.7322150
WEEKLY_TR_BASE,2020-01-22,26495.1322150
WEEKLY_TR_BASE,2020-01-23,25645.1322150
WEEKLY_TR_BASE,2020-02-03,23805.8322150
WEEKLY_TR_BASE,2020-02-04,24678.8322150
WEEKLY_TR_BASE,2020-02-05,25258.6322150
WEEKLY_TR_BASE,2020-02-06,25955.6322150
WEEKLY_TR_BASE,2020-02-07,26125.1322150
WEEKLY_TR_BASE,2020-02-10,26368.0322150
WEEKLY_TR_BASE,2020-02-11,26227.6322150
WEEKLY_TR_BASE,2020-02-12,26835.3322150
WEEKLY_TR_BASE,2020-02-13,26617.6322150
WEEKLY_TR_BASE,2020-02-14,26624.4322150
WEEKLY_TR_BASE,2020-02-17,27548.5322150
WEEKLY_TR_BASE,2020-02-18,27765.1322150
WEEKLY_TR_BASE,2020-02-19,27438.0322150
WEEKLY_TR_BASE,2020-02-20,27986.1322150
WEEKLY_TR_BASE,2020-02-21,28432.3322150
WEEKLY_TR_BASE,2020-02-24,28757.0322150
WEEKLY_TR_BASE,2020-02-25,28940.8322150
WEEKLY_TR_BASE,2020-02-26,28035.0322150
WEEKLY_TR_BASE,2020-02-27,28089.7322150
WEEKLY_TR_BASE,2020-02-28,26748.6322150
WEEKLY_TR_BASE,2020-03-02,27542.5322150
WEEKLY_TR_BASE,2020-03-03,27869.3322150
WEEKLY_TR_BASE,2020-03-04,27881.3322150
WEEKLY_TR_BASE,2020-03-05,28245.9322150
WEEKLY_TR_BASE,2020-03-06,28112.5322150
WEEKLY_TR_BASE,2020-03-09,27038.5322150
WEEKLY_TR_BASE,2020-03-10,27616.2322150
WEEKLY_TR_BASE,2020-03-11,27191.7322150
WEEKLY_TR_BASE,2020-03-12,26699.0322150
WEEKLY_TR_BASE,2020-03-13,26493.8322150
WEEKLY_TR_BASE,2020-03-16,25168.5322150
WEEKLY_TR_BASE,2020-03-17,25254.4322150
WEEKLY_TR_BASE,2020-03-18,24936.9322150
WEEKLY_TR_BASE,2020-03-19,25077.4322150
WEEKLY_TR_BASE,2020-03-20,25298.3322150
WEEKLY_TR_BASE,2020-03-23,24423.8783150
WEEKLY_TR_BASE,2020-03-24,24849.8783150
WEEKLY_TR_BASE,2020-03-25,25419.8783150
WEEKLY_TR_BASE,2020-03-26,25238.2783150
WEEKLY_TR_BASE,2020-03-27,25244.6783150
WEEKLY_TR_BASE,2020-03-30,24921.8783150
WEEKLY_TR_BASE,2020-03-31,24931.4783150
WEEKLY_TR_BASE,2020-04-01,24904.2783150
WEEKLY_TR_BASE,2020-04-02,25386.2783150
WEEKLY_TR_BASE,2020-04-03,25169.0783150
WEEKLY_TR_BASE,2020-04-07,25762.6783150
WEEKLY_TR_BASE,2020-04-08,25748.6783150
WEEKLY_TR_BASE,2020-04-09,25889.8783150
WEEKLY_TR_BASE,2020-04-10,25643.4783150
WEEKLY_TR_BASE,2020-04-13,25357.1734550
WEEKLY_TR_BASE,2020-04-14,25890.9734550
WEEKLY_TR_BASE,2020-04-15,25761.7734550
WEEKLY_TR_BASE,2020-04-16,25969.2734550
WEEKLY_TR_BASE,2020-04-17,26141.7734550
WEEKLY_TR_BASE,2020-04-20,26349.9734550
WEEKLY_TR_BASE,2020-04-21,26103.9734550
WEEKLY_TR_BASE,2020-04-22,26319.1734550
WEEKLY_TR_BASE,2020-04-23,26199.8734550
WEEKLY_TR_BASE,2020-04-24,25972.5734550
WEEKLY_TR_BASE,2020-04-27,26080.1734550
WEEKLY_TR_BASE,2020-04-28,26227.7734550
WEEKLY_TR_BASE,2020-04-29,26295.8734550
WEEKLY_TR_BASE,2020-04-30,26722.6734550
WEEKLY_TR_BASE,2020-05-06,27045.9170050
WEEKLY_TR_BASE,2020-05-07,27007.5170050
WEEKLY_TR_BASE,2020-05-08,27261.2170050
WEEKLY_TR_BASE,2020-05-11,27105.4170050
WEEKLY_TR_BASE,2020-05-12,27251.3170050
WEEKLY_TR_BASE,2020-05-13,27404.8170050
WEEKLY_TR_BASE,2020-05-14,27208.6170050
WEEKLY_TR_BASE,2020-05-15,27267.2170050
WEEKLY_TR_BASE,2020-05-18,27186.9170050
WEEKLY_TR_BASE,2020-05-19,27455.1170050
WEEKLY_TR_BASE,2020-05-20,27239.1170050
WEEKLY_TR_BASE,2020-05-21,26969.0170050
WEEKLY_TR_BASE,2020-05-22,26474.2170050
WEEKLY_TR_BASE,2020-05-25,26485.0026450
WEEKLY_TR_BASE,2020-05-26,27011.9026450
WEEKLY_TR_BASE,2020-05-27,26706.0026450
WEEKLY_TR_BASE,2020-05-28,26630.0026450
WEEKLY_TR_BASE,2020-05-29,26826.0026450
WEEKLY_TR_BASE,2020-06-01,27680.7761850
WEEKLY_TR_BASE,2020-06-02,27578.7761850
WEEKLY_TR_BASE,2020-06-03,27516.7761850
WEEKLY_TR_BASE,2020-06-04,27616.7761850
WEEKLY_TR_BASE,2020-06-05,27728.7761850
WEEKLY_TR_BASE,2020-06-08,27618.7761850
WEEKLY_TR_BASE,2020-06-09,27864.7761850
WEEKLY_TR_BASE,2020-06-10,28000.7761850
WEEKLY_TR_BASE,2020-06-11,27960.7761850
WEEKLY_TR_BASE,2020-06-12,28094.7761850
WEEKLY_TR_BASE,2020-06-15,27979.9576350
WEEKLY_TR_BASE,2020-06-16,28419.9576350
WEEKLY_TR_BASE,2020-06-17,28461.8576350
WEEKLY_TR_BASE,2020-06-18,28593.3576350
WEEKLY_TR_BASE,2020-06-19,29014.1576350
WEEKLY_TR_BASE,2020-06-22,29135.2908050
WEEKLY_TR_BASE,2020-06-23,29446.4908050
WEEKLY_TR_BASE,2020-06-24,29448.4908050
WEEKLY_TR_BASE,2020-06-29,29322.8908050
WEEKLY_TR_BASE,2020-06-30,29880.0908050
WEEKLY_TR_BASE,2020-07-01,29837.4908050
WEEKLY_TR_BASE,2020-07-02,30113.8908050
WEEKLY_TR_BASE,2020-07-03,30461.8908050
WEEKLY_TR_BASE,2020-07-06,31707.1399850
WEEKLY_TR_BASE,2020-07-07,31865.2399850
WEEKLY_TR_BASE,2020-07-08,32455.9399850
WEEKLY_TR_BASE,2020-07-09,33247.9399850
WEEKLY_TR_BASE,2020-07-10,33049.6399850
WEEKLY_TR_BASE,2020-07-13,34113.8724050
WEEKLY_TR_BASE,2020-07-14,33721.3724050
WEEKLY_TR_BASE,2020-07-15,33161.8724050
WEEKLY_TR_BASE,2020-07-16,31529.8724050
WEEKLY_TR_BASE,2020-07-17,31677.3724050
WEEKLY_TR_BASE,2020-07-20,32194.7995050
WEEKLY_TR_BASE,2020-07-21,32403.5995050
WEEKLY_TR_BASE,2020-07-22,32751.5995050
WEEKLY_TR_BASE,2020-07-23,32824.7995050
WEEKLY_TR_BASE,2020-07-24,31276.1995050
WEEKLY_TR_BASE,2020-07-27,31376.3995050
WEEKLY_TR_BASE,2020-07-28,31659.5995050
WEEKLY_TR_BASE,2020-07-29,32633.3995050
WEEKLY_TR_BASE,2020-07-30,32377.1995050
WEEKLY_TR_BASE,2020-07-31,32787.5995050
WEEKLY_TR_BASE,2020-08-03,33505.3277050
WEEKLY_TR_BASE,2020-08-04,33222.9277050
WEEKLY_TR_BASE,2020-08-05,33497.9277050
WEEKLY_TR_BASE,2020-08-06,33298.3277050
WEEKLY_TR_BASE,2020-08-07,32777.5277050
WEEKLY_TR_BASE,2020-08-10,32891.2475950
WEEKLY_TR_BASE,2020-08-11,32479.5475950
WEEKLY_TR_BASE,2020-08-12,32196.3475950
WEEKLY_TR_BASE,2020-08-13,32215.8475950
WEEKLY_TR_BASE,2020-08-14,32701.9475950
WEEKLY_TR_BASE,2020-08-17,33216.8475950
WEEKLY_TR_BASE,2020-08-18,33301.1475950
WEEKLY_TR_BASE,2020-08-19,32813.5475950
WEEKLY_TR_BASE,2020-08-20,32511.4475950
WEEKLY_TR_BASE,2020-08-21,32721.4475950
WEEKLY_TR_BASE,2020-08-24,32892.4475950
WEEKLY_TR_BASE,2020-08-25,32846.3475950
WEEKLY_TR_BASE,2020-08-26,32417.4475950
WEEKLY_TR_BASE,2020-08-27,32657.0475950
WEEKLY_TR_BASE,2020-08-28,33268.8475950
WEEKLY_TR_BASE,2020-08-31,33061.5475950
WEEKLY_TR_BASE,2020-09-01,33270.9475950
WEEKLY_TR_BASE,2020-09-02,33248.5475950
WEEKLY_TR_BASE,2020-09-03,33106.5475950
WEEKLY_TR_BASE,2020-09-04,32836.0475950
WEEKLY_TR_BASE,2020-09-07,32036.1741550
WEEKLY_TR_BASE,2020-09-08,32194.5741550
WEEKLY_TR_BASE,2020-09-09,31156.0741550
WEEKLY_TR_BASE,2020-09-10,30961.2741550
WEEKLY_TR_BASE,2020-09-11,31330.4741550
WEEKLY_TR_BASE,2020-09-14,31563.3870650
WEEKLY_TR_BASE,2020-09-15,31724.3870650
WEEKLY_TR_BASE,2020-09-16,31596.3870650
WEEKLY_TR_BASE,2020-09-17,31539.3870650
WEEKLY_TR_BASE,2020-09-18,32156.3870650
WEEKLY_TR_BASE,2020-09-21,31755.6067050
WEEKLY_TR_BASE,2020-09-22,31521.9067050
WEEKLY_TR_BASE,2020-09-23,31786.2067050
WEEKLY_TR_BASE,2020-09-24,31247.4067050
WEEKLY_TR_BASE,2020-09-25,31273.5067050
WEEKLY_TR_BASE,2020-09-28,31170.7575550
WEEKLY_TR_BASE,2020-09-29,31303.7575550
WEEKLY_TR_BASE,2020-09-30,31167.7575550
WEEKLY_TR_BASE,2020-10-09,31869.4174050
WEEKLY_TR_BASE,2020-10-12,32874.4174050
WEEKLY_TR_BASE,2020-10-13,32949.9174050
WEEKLY_TR_BASE,2020-10-14,32767.9174050
WEEKLY_TR_BASE,2020-10-15,32632.9174050
WEEKLY_TR_BASE,2020-10-16,32502.9174050
WEEKLY_TR_BASE,2020-10-19,32222.9174050
WEEKLY_TR_BASE,2020-10-20,32560.4174050
WEEKLY_TR_BASE,2020-10-21,32396.9174050
WEEKLY_TR_BASE,2020-10-22,32183.9174050
WEEKLY_TR_BASE,2020-10-23,31652.9174050
WEEKLY_TR_BASE,2020-10-26,31638.4174050
WEEKLY_TR_BASE,2020-10-27,31828.9174050
WEEKLY_TR_BASE,2020-10-28,32042.4174050
WEEKLY_TR_BASE,2020-10-29,32339.4174050
WEEKLY_TR_BASE,2020-10-30,31824.4174050
WEEKLY_TR_BASE,2020-11-02,32205.4174050
WEEKLY_TR_BASE,2020-11-03,32534.4174050
WEEKLY_TR_BASE,2020-11-04,32694.9174050
WEEKLY_TR_BASE,2020-11-05,33098.9174050
WEEKLY_TR_BASE,2020-11-06,32813.4174050
WEEKLY_TR_BASE,2020-11-09,33555.4174050
WEEKLY_TR_BASE,2020-11-10,33226.9174050
WEEKLY_TR_BASE,2020-11-11,32651.4174050
WEEKLY_TR_BASE,2020-11-12,32708.4174050
WEEKLY_TR_BASE,2020-11-13,32621.4174050
WEEKLY_TR_BASE,2020-11-16,32785.9174050
WEEKLY_TR_BASE,2020-11-17,32494.9174050
WEEKLY_TR_BASE,2020-11-18,32264.9174050
WEEKLY_TR_BASE,2020-11-19,32511.9174050
WEEKLY_TR_BASE,2020-11-20,32666.9174050
WEEKLY_TR_BASE,2020-11-23,32931.5595550
WEEKLY_TR_BASE,2020-11-24,32834.7595550
WEEKLY_TR_BASE,2020-11-25,32426.9595550
WEEKLY_TR_BASE,2020-11-26,32405.2595550
WEEKLY_TR_BASE,2020-11-27,32669.1595550
WEEKLY_TR_BASE,2020-11-30,32492.6595550
WEEKLY_TR_BASE,2020-12-01,33038.5595550
WEEKLY_TR_BASE,2020-12-02,33018.6595550
WEEKLY_TR_BASE,2020-12-03,33060.8595550
WEEKLY_TR_BASE,2020-12-04,33144.7595550
WEEKLY_TR_BASE,2020-12-07,32913.1595550
WEEKLY_TR_BASE,2020-12-08,32848.7595550
WEEKLY_TR_BASE,2020-12-09,32454.7595550
WEEKLY_TR_BASE,2020-12-10,32449.7595550
WEEKLY_TR_BASE,2020-12-11,32059.3595550
WEEKLY_TR_BASE,2020-12-14,32394.0463550
WEEKLY_TR_BASE,2020-12-15,32580.5463550
WEEKLY_TR_BASE,2020-12-16,32609.5463550
WEEKLY_TR_BASE,2020-12-17,32963.9463550
WEEKLY_TR_BASE,2020-12-18,32846.8463550
WEEKLY_TR_BASE,2020-12-21,33472.3463550
WEEKLY_TR_BASE,2020-12-22,32919.0463550
WEEKLY_TR_BASE,2020-12-23,33186.4463550
WEEKLY_TR_BASE,2020-12-24,33081.9463550
WEEKLY_TR_BASE,2020-12-25,33330.2463550
WEEKLY_TR_BASE,2020-12-28,33348.8463550
WEEKLY_TR_BASE,2020-12-29,33148.4463550
WEEKLY_TR_BASE,2020-12-30,33785.0463550
WEEKLY_TR_BASE,2020-12-31,34469.6463550
WEEKLY_TR_BASE,2021-01-04,35210.9463550
WEEKLY_TR_BASE,2021-01-05,35564.0463550
WEEKLY_TR_BASE,2021-01-06,35788.6463550
WEEKLY_TR_BASE,2021-01-07,36419.4463550
WEEKLY_TR_BASE,2021-01-08,36228.2463550
WEEKLY_TR_BASE,2021-01-11,35787.0463550
WEEKLY_TR_BASE,2021-01-12,36729.5463550
WEEKLY_TR_BASE,2021-01-13,36385.2463550
WEEKLY_TR_BASE,2021-01-14,35877.5463550
WEEKLY_TR_BASE,2021-01-15,35844.7463550
WEEKLY_TR_BASE,2021-01-18,36323.8463550
WEEKLY_TR_BASE,2021-01-19,35721.3463550
WEEKLY_TR_BASE,2021-01-20,36468.3463550
WEEKLY_TR_BASE,2021-01-21,37180.9463550
WEEKLY_TR_BASE,2021-01-22,37547.1463550
WEEKLY_TR_BASE,2021-01-25,37744.0463550
WEEKLY_TR_BASE,2021-01-26,36901.0463550
WEEKLY_TR_BASE,2021-01-27,37007.0463550
WEEKLY_TR_BASE,2021-01-28,36013.1463550
WEEKLY_TR_BASE,2021-01-29,35751.8463550
WEEKLY_TR_BASE,2021-02-01,36083.0463550
WEEKLY_TR_BASE,2021-02-02,36656.0463550
WEEKLY_TR_BASE,2021-02-03,36572.6463550
WEEKLY_TR_BASE,2021-02-04,36496.7463550
WEEKLY_TR_BASE,2021-02-05,36442.9463550
WEEKLY_TR_BASE,2021-02-08,36651.7463550
WEEKLY_TR_BASE,2021-02-09,37810.9463550
WEEKLY_TR_BASE,2021-02-10,38534.9463550
WEEKLY_TR_BASE,2021-02-18,37909.7463550
WEEKLY_TR_BASE,2021-02-19,37826.5463550
WEEKLY_TR_BASE,2021-02-22,36467.2463550
WEEKLY_TR_BASE,2021-02-23,36297.2463550
WEEKLY_TR_BASE,2021-02-24,35293.4463550
WEEKLY_TR_BASE,2021-02-25,35298.3463550
WEEKLY_TR_BASE,2021-02-26,34514.2463550
WEEKLY_TR_BASE,2021-03-01,35163.2834550
WEEKLY_TR_BASE,2021-03-02,34845.5834550
WEEKLY_TR_BASE,2021-03-03,35349.5834550
WEEKLY_TR_BASE,2021-03-04,34609.0834550
WEEKLY_TR_BASE,2021-03-05,34571.2834550
WEEKLY_TR_BASE,2021-03-08,33674.8834550
WEEKLY_TR_BASE,2021-03-09,33054.3834550
WEEKLY_TR_BASE,2021-03-10,32966.1834550
WEEKLY_TR_BASE,2021-03-11,33718.2834550
WEEKLY_TR_BASE,2021-03-12,33766.4834550
WEEKLY_TR_BASE,2021-03-15,33376.1834550
WEEKLY_TR_BASE,2021-03-16,33478.1834550
WEEKLY_TR_BASE,2021-03-17,33628.8834550
WEEKLY_TR_BASE,2021-03-18,33851.9834550
WEEKLY_TR_BASE,2021-03-19,33329.1834550
WEEKLY_TR_BASE,2021-03-22,33681.3834550
WEEKLY_TR_BASE,2021-03-23,33382.8834550
WEEKLY_TR_BASE,2021-03-24,33004.9834550
WEEKLY_TR_BASE,2021-03-25,33026.9834550
WEEKLY_TR_BASE,2021-03-26,33515.4834550
WEEKLY_TR_BASE,2021-03-29,33544.4834550
WEEKLY_TR_BASE,2021-03-30,33724.5834550
WEEKLY_TR_BASE,2021-03-31,33596.2834550
WEEKLY_TR_BASE,2021-04-01,33876.8834550
WEEKLY_TR_BASE,2021-04-02,34052.5834550
WEEKLY_TR_BASE,2021-04-06,33921.7256450
WEEKLY_TR_BASE,2021-04-07,33818.3256450
WEEKLY_TR_BASE,2021-04-08,33977.9256450
WEEKLY_TR_BASE,2021-04-09,33718.5256450
WEEKLY_TR_BASE,2021-04-12,33132.6256450
WEEKLY_TR_BASE,2021-04-13,33207.4256450
WEEKLY_TR_BASE,2021-04-14,33658.7256450
WEEKLY_TR_BASE,2021-04-15,33623.9256450
WEEKLY_TR_BASE,2021-04-16,33751.6256450
WEEKLY_TR_BASE,2021-04-19,34507.8256450
WEEKLY_TR_BASE,2021-04-20,34498.7256450
WEEKLY_TR_BASE,2021-04-21,34585.3256450
WEEKLY_TR_BASE,2021-04-22,34766.4256450
WEEKLY_TR_BASE,2021-04-23,35136.9256450
WEEKLY_TR_BASE,2021-04-26,34919.9256450
WEEKLY_TR_BASE,2021-04-27,35031.2256450
WEEKLY_TR_BASE,2021-04-28,35497.9256450
WEEKLY_TR_BASE,2021-04-29,35518.6256450
WEEKLY_TR_BASE,2021-04-30,35745.2256450
WEEKLY_TR_BASE,2021-05-06,35229.4256450
WEEKLY_TR_BASE,2021-05-07,34696.8256450
WEEKLY_TR_BASE,2021-05-10,34787.0256450
WEEKLY_TR_BASE,2021-05-11,34723.0256450
WEEKLY_TR_BASE,2021-05-12,35119.9256450
WEEKLY_TR_BASE,2021-05-13,34841.9256450
WEEKLY_TR_BASE,2021-05-14,35581.0256450
WEEKLY_TR_BASE,2021-05-17,36043.7256450
WEEKLY_TR_BASE,2021-05-18,35981.2256450
WEEKLY_TR_BASE,2021-05-19,36088.0256450
WEEKLY_TR_BASE,2021-05-20,36201.8256450
WEEKLY_TR_BASE,2021-05-21,35972.5256450
WEEKLY_TR_BASE,2021-05-24,36148.6256450
WEEKLY_TR_BASE,2021-05-25,36768.9256450
WEEKLY_TR_BASE,2021-05-26,36660.0256450
WEEKLY_TR_BASE,2021-05-27,36914.6256450
WEEKLY_TR_BASE,2021-05-28,36924.8256450
WEEKLY_TR_BASE,2021-05-31,37328.2009750
WEEKLY_TR_BASE,2021-06-01,37315.9009750
WEEKLY_TR_BASE,2021-06-02,36891.1009750
WEEKLY_TR_BASE,2021-06-03,36583.8009750
WEEKLY_TR_BASE,2021-06-04,36908.7009750
WEEKLY_TR_BASE,2021-06-07,36789.4009750
WEEKLY_TR_BASE,2021-06-08,36569.1009750
WEEKLY_TR_BASE,2021-06-09,36567.4009750
WEEKLY_TR_BASE,2021-06-10,37091.5009750
WEEKLY_TR_BASE,2021-06-11,37024.4009750
WEEKLY_TR_BASE,2021-06-15,36590.8761050
WEEKLY_TR_BASE,2021-06-16,35711.6761050
WEEKLY_TR_BASE,2021-06-17,36143.4761050
WEEKLY_TR_BASE,2021-06-18,36561.0761050
WEEKLY_TR_BASE,2021-06-21,36775.6761050
WEEKLY_TR_BASE,2021-06-22,36914.0761050
WEEKLY_TR_BASE,2021-06-23,37271.8761050
WEEKLY_TR_BASE,2021-06-24,36988.8761050
WEEKLY_TR_BASE,2021-06-25,37479.6761050
WEEKLY_TR_BASE,2021-06-28,37813.0761050
WEEKLY_TR_BASE,2021-06-29,37643.8761050
WEEKLY_TR_BASE,2021-06-30,38120.4761050
WEEKLY_TR_BASE,2021-07-01,37761.8761050
WEEKLY_TR_BASE,2021-07-02,37033.4761050
WEEKLY_TR_BASE,2021-07-05,37252.0761050
WEEKLY_TR_BASE,2021-07-06,36969.0761050
WEEKLY_TR_BASE,2021-07-07,37685.4761050
WEEKLY_TR_BASE,2021-07-08,37749.6761050
WEEKLY_TR_BASE,2021-07-09,37793.8761050
WEEKLY_TR_BASE,2021-07-12,38676.2761050
WEEKLY_TR_BASE,2021-07-13,38753.6761050
WEEKLY_TR_BASE,2021-07-14,38490.6761050
WEEKLY_TR_BASE,2021-07-15,38774.6761050
WEEKLY_TR_BASE,2021-07-16,38273.6761050
WEEKLY_TR_BASE,2021-07-19,38291.2761050
WEEKLY_TR_BASE,2021-07-20,38342.2761050
WEEKLY_TR_BASE,2021-07-21,39072.6761050
WEEKLY_TR_BASE,2021-07-22,39059.0761050
WEEKLY_TR_BASE,2021-07-23,38656.8761050
WEEKLY_TR_BASE,2021-07-26,37833.4761050
WEEKLY_TR_BASE,2021-07-27,36834.0761050
WEEKLY_TR_BASE,2021-07-28,36806.8761050
WEEKLY_TR_BASE,2021-07-29,37996.2761050
WEEKLY_TR_BASE,2021-07-30,37893.0761050
WEEKLY_TR_BASE,2021-08-02,38457.6761050
WEEKLY_TR_BASE,2021-08-03,38182.8761050
WEEKLY_TR_BASE,2021-08-04,38863.0761050
WEEKLY_TR_BASE,2021-08-05,38702.8761050
WEEKLY_TR_BASE,2021-08-06,38610.4761050
WEEKLY_TR_BASE,2021-08-09,38481.0761050
WEEKLY_TR_BASE,2021-08-10,38691.2761050
WEEKLY_TR_BASE,2021-08-11,38615.2761050
WEEKLY_TR_BASE,2021-08-12,38444.2761050
WEEKLY_TR_BASE,2021-08-13,38287.4761050
WEEKLY_TR_BASE,2021-08-16,37975.8761050
WEEKLY_TR_BASE,2021-08-17,37174.8761050
WEEKLY_TR_BASE,2021-08-18,37424.2761050
WEEKLY_TR_BASE,2021-08-19,37550.0761050
WEEKLY_TR_BASE,2021-08-20,37074.8761050
WEEKLY_TR_BASE,2021-08-23,37523.2589850
WEEKLY_TR_BASE,2021-08-24,37874.3589850
WEEKLY_TR_BASE,2021-08-25,38056.3589850
WEEKLY_TR_BASE,2021-08-26,37695.9589850
WEEKLY_TR_BASE,2021-08-27,37868.2589850
WEEKLY_TR_BASE,2021-08-30,37924.6589850
WEEKLY_TR_BASE,2021-08-31,37985.0589850
WEEKLY_TR_BASE,2021-09-01,38078.1589850
WEEKLY_TR_BASE,2021-09-02,38371.1589850
WEEKLY_TR_BASE,2021-09-03,38191.1589850
WEEKLY_TR_BASE,2021-09-06,38625.8589850
WEEKLY_TR_BASE,2021-09-07,39220.1589850
WEEKLY_TR_BASE,2021-09-08,39262.1589850
WEEKLY_TR_BASE,2021-09-09,39410.7589850
WEEKLY_TR_BASE,2021-09-10,39571.0589850
WEEKLY_TR_BASE,2021-09-13,39540.1589850
WEEKLY_TR_BASE,2021-09-14,39116.2589850
WEEKLY_TR_BASE,2021-09-15,39011.6589850
WEEKLY_TR_BASE,2021-09-16,38495.7589850
WEEKLY_TR_BASE,2021-09-17,38485.5589850
WEEKLY_TR_BASE,2021-09-22,38545.5589850
WEEKLY_TR_BASE,2021-09-23,38740.7589850
WEEKLY_TR_BASE,2021-09-24,38502.0589850
WEEKLY_TR_BASE,2021-09-27,38129.9589850
WEEKLY_TR_BASE,2021-09-28,38109.8589850
WEEKLY_TR_BASE,2021-09-29,37615.4589850
WEEKLY_TR_BASE,2021-09-30,37812.1589850
WEEKLY_TR_BASE,2021-10-08,38035.0500350
WEEKLY_TR_BASE,2021-10-11,37809.0500350
WEEKLY_TR_BASE,2021-10-12,37346.0500350
WEEKLY_TR_BASE,2021-10-13,37891.5500350
WEEKLY_TR_BASE,2021-10-14,37815.6500350
WEEKLY_TR_BASE,2021-10-15,38236.4500350
WEEKLY_TR_BASE,2021-10-18,38018.0500350
WEEKLY_TR_BASE,2021-10-19,38278.5500350
WEEKLY_TR_BASE,2021-10-20,38199.1500350
WEEKLY_TR_BASE,2021-10-21,38215.6500350
WEEKLY_TR_BASE,2021-10-22,38386.1500350
WEEKLY_TR_BASE,2021-10-25,38714.2500350
WEEKLY_TR_BASE,2021-10-26,38576.9500350
WEEKLY_TR_BASE,2021-10-27,38267.7500350
WEEKLY_TR_BASE,2021-10-28,38053.2500350
WEEKLY_TR_BASE,2021-10-29,38538.3500350
WEEKLY_TR_BASE,2021-11-01,38351.4500350
WEEKLY_TR_BASE,2021-11-02,38195.8500350
WEEKLY_TR_BASE,2021-11-03,38096.0500350
WEEKLY_TR_BASE,2021-11-04,38457.2500350
WEEKLY_TR_BASE,2021-11-05,38335.8500350
WEEKLY_TR_BASE,2021-11-08,38554.9836150
WEEKLY_TR_BASE,2021-11-09,38776.5836150
WEEKLY_TR_BASE,2021-11-10,38713.3836150
WEEKLY_TR_BASE,2021-11-11,39000.3836150
WEEKLY_TR_BASE,2021-11-12,39092.7836150
WEEKLY_TR_BASE,2021-11-15,38815.1836150
WEEKLY_TR_BASE,2021-11-16,38632.8836150
WEEKLY_TR_BASE,2021-11-17,38917.0836150
WEEKLY_TR_BASE,2021-11-18,38687.0836150
WEEKLY_TR_BASE,2021-11-19,39093.2836150
WEEKLY_TR_BASE,2021-11-22,39664.2836150
WEEKLY_TR_BASE,2021-11-23,39635.2836150
WEEKLY_TR_BASE,2021-11-24,39525.1836150
WEEKLY_TR_BASE,2021-11-25,39546.4836150
WEEKLY_TR_BASE,2021-11-26,39476.9836150
WEEKLY_TR_BASE,2021-11-29,39626.2836150
WEEKLY_TR_BASE,2021-11-30,39643.9836150
WEEKLY_TR_BASE,2021-12-01,39620.8836150
WEEKLY_TR_BASE,2021-12-02,39464.9836150
WEEKLY_TR_BASE,2021-12-03,39704.0836150
WEEKLY_TR_BASE,2021-12-06,39164.7836150
WEEKLY_TR_BASE,2021-12-07,38911.3836150
WEEKLY_TR_BASE,2021-12-08,39415.6836150
WEEKLY_TR_BASE,2021-12-09,39639.1836150
WEEKLY_TR_BASE,2021-12-10,39722.9836150
WEEKLY_TR_BASE,2021-12-13,39660.3676950
WEEKLY_TR_BASE,2021-12-14,39512.9676950
WEEKLY_TR_BASE,2021-12-15,39335.5676950
WEEKLY_TR_BASE,2021-12-16,39584.8676950
WEEKLY_TR_BASE,2021-12-17,39214.8676950
WEEKLY_TR_BASE,2021-12-20,38688.9676950
WEEKLY_TR_BASE,2021-12-21,38888.4676950
WEEKLY_TR_BASE,2021-12-22,38970.0676950
WEEKLY_TR_BASE,2021-12-23,39195.8676950
WEEKLY_TR_BASE,2021-12-24,39016.8676950
WEEKLY_TR_BASE,2021-12-27,38992.6676950
WEEKLY_TR_BASE,2021-12-28,39093.6676950
WEEKLY_TR_BASE,2021-12-29,38821.7676950
WEEKLY_TR_BASE,2021-12-30,39068.0676950
WEEKLY_TR_BASE,2021-12-31,39197.0676950
WEEKLY_TR_BASE,2022-01-04,39150.5676950
WEEKLY_TR_BASE,2022-01-05,38650.5676950
WEEKLY_TR_BASE,2022-01-06,38481.1676950
WEEKLY_TR_BASE,2022-01-07,38435.8676950
WEEKLY_TR_BASE,2022-01-10,38482.1676950
WEEKLY_TR_BASE,2022-01-11,38230.4676950
WEEKLY_TR_BASE,2022-01-12,38522.7676950
WEEKLY_TR_BASE,2022-01-13,38058.3676950
WEEKLY_TR_BASE,2022-01-14,37828.9676950
WEEKLY_TR_BASE,2022-01-17,38134.2676950
WEEKLY_TR_BASE,2022-01-18,38320.0676950
WEEKLY_TR_BASE,2022-01-19,38135.0676950
WEEKLY_TR_BASE,2022-01-20,38131.9676950
WEEKLY_TR_BASE,2022-01-21,37839.9676950
WEEKLY_TR_BASE,2022-01-24,37825.7676950
WEEKLY_TR_BASE,2022-01-25,36925.6676950
WEEKLY_TR_BASE,2022-01-26,37072.8676950
WEEKLY_TR_BASE,2022-01-27,36415.2676950
WEEKLY_TR_BASE,2022-01-28,36066.7676950
WEEKLY_TR_BASE,2022-02-07,36534.1676950
WEEKLY_TR_BASE,2022-02-08,36646.2676950
WEEKLY_TR_BASE,2022-02-09,36997.2676950
WEEKLY_TR_BASE,2022-02-10,36957.7676950
WEEKLY_TR_BASE,2022-02-11,36642.1676950
WEEKLY_TR_BASE,2022-02-14,36339.0676950
WEEKLY_TR_BASE,2022-02-15,36620.4676950
WEEKLY_TR_BASE,2022-02-16,36725.4676950
WEEKLY_TR_BASE,2022-02-17,36763.6676950
WEEKLY_TR_BASE,2022-02-18,36988.0676950
WEEKLY_TR_BASE,2022-02-21,37001.6676950
WEEKLY_TR_BASE,2022-02-22,36617.0676950
WEEKLY_TR_BASE,2022-02-23,37017.5676950
WEEKLY_TR_BASE,2022-02-24,36449.2676950
WEEKLY_TR_BASE,2022-02-25,36681.6676950
WEEKLY_TR_BASE,2022-02-28,36783.9676950
WEEKLY_TR_BASE,2022-03-01,36955.1676950
WEEKLY_TR_BASE,2022-03-02,36842.4676950
WEEKLY_TR_BASE,2022-03-03,36724.9676950
WEEKLY_TR_BASE,2022-03-04,36440.2676950
WEEKLY_TR_BASE,2022-03-07,35569.5676950
WEEKLY_TR_BASE,2022-03-08,34709.0676950
WEEKLY_TR_BASE,2022-03-09,34310.5676950
WEEKLY_TR_BASE,2022-03-10,34751.8676950
WEEKLY_TR_BASE,2022-03-11,35061.2676950
WEEKLY_TR_BASE,2022-03-14,34082.6716850
WEEKLY_TR_BASE,2022-03-15,32781.8716850
WEEKLY_TR_BASE,2022-03-16,34074.4716850
WEEKLY_TR_BASE,2022-03-17,34750.9716850
WEEKLY_TR_BASE,2022-03-18,34969.2716850
WEEKLY_TR_BASE,2022-03-21,35032.0716850
WEEKLY_TR_BASE,2022-03-22,34828.8716850
WEEKLY_TR_BASE,2022-03-23,35094.3716850
WEEKLY_TR_BASE,2022-03-24,34923.9716850
WEEKLY_TR_BASE,2022-03-25,34397.3716850
WEEKLY_TR_BASE,2022-03-28,34124.4716850
WEEKLY_TR_BASE,2022-03-29,34038.5716850
WEEKLY_TR_BASE,2022-03-30,34961.6716850
WEEKLY_TR_BASE,2022-03-31,34611.8716850
WEEKLY_TR_BASE,2022-04-01,34751.3716850
WEEKLY_TR_BASE,2022-04-06,34578.6847450
WEEKLY_TR_BASE,2022-04-07,34062.0847450
WEEKLY_TR_BASE,2022-04-08,34132.3847450
WEEKLY_TR_BASE,2022-04-11,33016.6847450
WEEKLY_TR_BASE,2022-04-12,33598.0847450
WEEKLY_TR_BASE,2022-04-13,33202.2847450
WEEKLY_TR_BASE,2022-04-14,33330.1847450
WEEKLY_TR_BASE,2022-04-15,33298.5847450
WEEKLY_TR_BASE,2022-04-18,33208.8025150
WEEKLY_TR_BASE,2022-04-19,33160.0025150
WEEKLY_TR_BASE,2022-04-20,32560.4025150
WEEKLY_TR_BASE,2022-04-21,31862.4025150
WEEKLY_TR_BASE,2022-04-22,31812.6025150
WEEKLY_TR_BASE,2022-04-25,30191.6025150
WEEKLY_TR_BASE,2022-04-26,29841.6025150
WEEKLY_TR_BASE,2022-04-27,30661.0025150
WEEKLY_TR_BASE,2022-04-28,30717.2025150
WEEKLY_TR_BASE,2022-04-29,31627.2025150
WEEKLY_TR_BASE,2022-05-05,31670.0025150
WEEKLY_TR_BASE,2022-05-06,31006.2025150
WEEKLY_TR_BASE,2022-05-09,31012.0025150
WEEKLY_TR_BASE,2022-05-10,31407.2025150
WEEKLY_TR_BASE,2022-05-11,31699.8025150
WEEKLY_TR_BASE,2022-05-12,31638.8025150
WEEKLY_TR_BASE,2022-05-13,31913.2025150
WEEKLY_TR_BASE,2022-05-16,31757.6025150
WEEKLY_TR_BASE,2022-05-17,32011.0025150
WEEKLY_TR_BASE,2022-05-18,31912.2025150
WEEKLY_TR_BASE,2022-05-19,32078.8025150
WEEKLY_TR_BASE,2022-05-20,32605.6025150
WEEKLY_TR_BASE,2022-05-23,32407.2150950
WEEKLY_TR_BASE,2022-05-24,31578.8150950
WEEKLY_TR_BASE,2022-05-25,31683.4150950
WEEKLY_TR_BASE,2022-05-26,31694.6150950
WEEKLY_TR_BASE,2022-05-27,31743.0150950
WEEKLY_TR_BASE,2022-05-30,31986.7972350
WEEKLY_TR_BASE,2022-05-31,32572.6972350
WEEKLY_TR_BASE,2022-06-01,32683.9972350
WEEKLY_TR_BASE,2022-06-02,33057.7972350
WEEKLY_TR_BASE,2022-06-06,33859.9972350
WEEKLY_TR_BASE,2022-06-07,33857.8972350
WEEKLY_TR_BASE,2022-06-08,34061.5972350
WEEKLY_TR_BASE,2022-06-09,33435.7972350
WEEKLY_TR_BASE,2022-06-10,34061.5972350
WEEKLY_TR_BASE,2022-06-13,33948.1972350
WEEKLY_TR_BASE,2022-06-14,34137.1972350
WEEKLY_TR_BASE,2022-06-15,34212.7972350
WEEKLY_TR_BASE,2022-06-16,34298.8972350
WEEKLY_TR_BASE,2022-06-17,34926.7972350
WEEKLY_TR_BASE,2022-06-20,35191.3972350
WEEKLY_TR_BASE,2022-06-21,35012.8972350
WEEKLY_TR_BASE,2022-06-22,34660.0972350
WEEKLY_TR_BASE,2022-06-23,35514.7972350
WEEKLY_TR_BASE,2022-06-24,36054.4972350
WEEKLY_TR_BASE,2022-06-27,36193.1068450
WEEKLY_TR_BASE,2022-06-28,36457.0068450
WEEKLY_TR_BASE,2022-06-29,35840.1068450
WEEKLY_TR_BASE,2022-06-30,36297.4068450
WEEKLY_TR_BASE,2022-07-01,36060.5068450
WEEKLY_TR_BASE,2022-07-04,36462.2068450
WEEKLY_TR_BASE,2022-07-05,36361.3068450
WEEKLY_TR_BASE,2022-07-06,36066.3068450
WEEKLY_TR_BASE,2022-07-07,36383.5068450
WEEKLY_TR_BASE,2022-07-08,36144.9068450
WEEKLY_TR_BASE,2022-07-11,35629.4068450
WEEKLY_TR_BASE,2022-07-12,35098.6068450
WEEKLY_TR_BASE,2022-07-13,35377.5068450
WEEKLY_TR_BASE,2022-07-14,35794.1068450
WEEKLY_TR_BASE,2022-07-15,35235.6068450
WEEKLY_TR_BASE,2022-07-18,35619.5068450
WEEKLY_TR_BASE,2022-07-19,35263.0068450
WEEKLY_TR_BASE,2022-07-20,35365.2068450
WEEKLY_TR_BASE,2022-07-21,35144.2068450
WEEKLY_TR_BASE,2022-07-22,35042.9068450
WEEKLY_TR_BASE,2022-07-25,34800.8982550
WEEKLY_TR_BASE,2022-07-26,35085.8982550
WEEKLY_TR_BASE,2022-07-27,35064.5982550
WEEKLY_TR_BASE,2022-07-28,35115.2982550
WEEKLY_TR_BASE,2022-07-29,34781.0982550
WEEKLY_TR_BASE,2022-08-01,35303.7117750
WEEKLY_TR_BASE,2022-08-02,34611.6117750
WEEKLY_TR_BASE,2022-08-03,34175.7117750
WEEKLY_TR_BASE,2022-08-04,34298.1117750
WEEKLY_TR_BASE,2022-08-05,34850.7117750
WEEKLY_TR_BASE,2022-08-08,34874.7117750
WEEKLY_TR_BASE,2022-08-09,35026.8117750
WEEKLY_TR_BASE,2022-08-10,34787.4117750
WEEKLY_TR_BASE,2022-08-11,35495.7117750
WEEKLY_TR_BASE,2022-08-12,35264.4117750
WEEKLY_TR_BASE,2022-08-15,35235.1123550
WEEKLY_TR_BASE,2022-08-16,35238.0123550
WEEKLY_TR_BASE,2022-08-17,35490.5123550
WEEKLY_TR_BASE,2022-08-18,35296.9123550
WEEKLY_TR_BASE,2022-08-19,34980.1123550
WEEKLY_TR_BASE,2022-08-22,35409.7598550
WEEKLY_TR_BASE,2022-08-23,35402.1598550
WEEKLY_TR_BASE,2022-08-24,34384.6598550
WEEKLY_TR_BASE,2022-08-25,34407.5598550
WEEKLY_TR_BASE,2022-08-26,34232.3598550
WEEKLY_TR_BASE,2022-08-29,34094.8657750
WEEKLY_TR_BASE,2022-08-30,34039.9117750
WEEKLY_TR_BASE,2022-08-31,33717.5077750
WEEKLY_TR_BASE,2022-09-01,33538.7757750
WEEKLY_TR_BASE,2022-09-02,33480.1417750
WEEKLY_TR_BASE,2022-09-05,33547.3277750
WEEKLY_TR_BASE,2022-09-06,33909.6637750
WEEKLY_TR_BASE,2022-09-07,33977.7597750
WEEKLY_TR_BASE,2022-09-08,33858.2277750
WEEKLY_TR_BASE,2022-09-09,34164.2557750
WEEKLY_TR_BASE,2022-09-13,34177.5597750
WEEKLY_TR_BASE,2022-09-14,33891.8717750
WEEKLY_TR_BASE,2022-09-15,33410.9137750
WEEKLY_TR_BASE,2022-09-16,32712.2017750
WEEKLY_TR_BASE,2022-09-19,32582.4797750
WEEKLY_TR_BASE,2022-09-20,32662.0597750
WEEKLY_TR_BASE,2022-09-21,32623.2397750
WEEKLY_TR_BASE,2022-09-22,32494.2857750
WEEKLY_TR_BASE,2022-09-23,32293.8597750
WEEKLY_TR_BASE,2022-09-26,31977.6017750
WEEKLY_TR_BASE,2022-09-27,32424.8557750
WEEKLY_TR_BASE,2022-09-28,31883.2217750
WEEKLY_TR_BASE,2022-09-29,31923.0117750
WEEKLY_TR_BASE,2022-09-30,31639.1437750
WEEKLY_TR_BASE,2022-10-10,31188.0477750
WEEKLY_TR_BASE,2022-10-11,31261.1577750
WEEKLY_TR_BASE,2022-10-12,31817.7737750
WEEKLY_TR_BASE,2022-10-13,31731.7637750
WEEKLY_TR_BASE,2022-10-14,32413.4517750
WEEKLY_TR_BASE,2022-10-17,32510.7211850
WEEKLY_TR_BASE,2022-10-18,32643.8831850
WEEKLY_TR_BASE,2022-10-19,32409.5771850
WEEKLY_TR_BASE,2022-10-20,32249.8571850
WEEKLY_TR_BASE,2022-10-21,32150.6571850
WEEKLY_TR_BASE,2022-10-24,31686.9511850
WEEKLY_TR_BASE,2022-10-25,31418.8691850
WEEKLY_TR_BASE,2022-10-26,32088.1951850
WEEKLY_TR_BASE,2022-10-27,31815.4871850
WEEKLY_TR_BASE,2022-10-28,30874.7471850
WEEKLY_TR_BASE,2022-10-31,31051.9571850
WEEKLY_TR_BASE,2022-11-01,31853.4271850
WEEKLY_TR_BASE,2022-11-02,32142.8851850
WEEKLY_TR_BASE,2022-11-03,32174.9031850
WEEKLY_TR_BASE,2022-11-04,32999.4151850
WEEKLY_TR_BASE,2022-11-07,32936.1191850
WEEKLY_TR_BASE,2022-11-08,32851.3551850
WEEKLY_TR_BASE,2022-11-09,32581.0531850
WEEKLY_TR_BASE,2022-11-10,32294.9271850
WEEKLY_TR_BASE,2022-11-11,32641.9431850
WEEKLY_TR_BASE,2022-11-14,32435.3079514
WEEKLY_TR_BASE,2022-11-15,32967.2079514
WEEKLY_TR_BASE,2022-11-16,32790.3079514
WEEKLY_TR_BASE,2022-11-17,32758.6079514
WEEKLY_TR_BASE,2022-11-18,32681.7079514
WEEKLY_TR_BASE,2022-11-21,32542.8079514
WEEKLY_TR_BASE,2022-11-22,32377.0079514
WEEKLY_TR_BASE,2022-11-23,32361.7079514
WEEKLY_TR_BASE,2022-11-24,32297.5079514
WEEKLY_TR_BASE,2022-11-25,32298.4079514
WEEKLY_TR_BASE,2022-11-28,32067.1079514
WEEKLY_TR_BASE,2022-11-29,32736.3079514
WEEKLY_TR_BASE,2022-11-30,32713.8079514
WEEKLY_TR_BASE,2022-12-01,32959.5079514
WEEKLY_TR_BASE,2022-12-02,32838.4079514
WEEKLY_TR_BASE,2022-12-05,33204.3079514
WEEKLY_TR_BASE,2022-12-06,33282.2079514
WEEKLY_TR_BASE,2022-12-07,33218.6079514
WEEKLY_TR_BASE,2022-12-08,33227.9079514
WEEKLY_TR_BASE,2022-12-09,33375.3079514
WEEKLY_TR_BASE,2022-12-12,33164.7079514
WEEKLY_TR_BASE,2022-12-13,33042.4079514
WEEKLY_TR_BASE,2022-12-14,33017.0079514
WEEKLY_TR_BASE,2022-12-15,33007.2079514
WEEKLY_TR_BASE,2022-12-16,32966.8079514
WEEKLY_TR_BASE,2022-12-19,32529.3965914
WEEKLY_TR_BASE,2022-12-20,32097.8965914
WEEKLY_TR_BASE,2022-12-21,32067.5965914
WEEKLY_TR_BASE,2022-12-22,32065.1965914
WEEKLY_TR_BASE,2022-12-23,31944.9965914
WEEKLY_TR_BASE,2022-12-26,32234.2965914
WEEKLY_TR_BASE,2022-12-27,32606.5965914
WEEKLY_TR_BASE,2022-12-28,32392.0965914
WEEKLY_TR_BASE,2022-12-29,32411.6965914
WEEKLY_TR_BASE,2022-12-30,32483.6965914
WEEKLY_TR_BASE,2023-01-03,32588.3965914
WEEKLY_TR_BASE,2023-01-04,32466.0965914
WEEKLY_TR_BASE,2023-01-05,33146.7965914
WEEKLY_TR_BASE,2023-01-06,33333.9965914
WEEKLY_TR_BASE,2023-01-09,33522.4965914
WEEKLY_TR_BASE,2023-01-10,33775.0965914
WEEKLY_TR_BASE,2023-01-11,33602.2965914
WEEKLY_TR_BASE,2023-01-12,33675.6965914
WEEKLY_TR_BASE,2023-01-13,34129.0965914
WEEKLY_TR_BASE,2023-01-16,34650.1965914
WEEKLY_TR_BASE,2023-01-17,34686.5965914
WEEKLY_TR_BASE,2023-01-18,34640.4965914
WEEKLY_TR_BASE,2023-01-19,34923.2965914
WEEKLY_TR_BASE,2023-01-20,35078.7965914
WEEKLY_TR_BASE,2023-01-30,35333.9965914
WEEKLY_TR_BASE,2023-01-31,34997.3965914
WEEKLY_TR_BASE,2023-02-01,35304.0965914
WEEKLY_TR_BASE,2023-02-02,35183.8965914
WEEKLY_TR_BASE,2023-02-03,34871.1965914
WEEKLY_TR_BASE,2023-02-06,34499.0057614
WEEKLY_TR_BASE,2023-02-07,34462.1057614
WEEKLY_TR_BASE,2023-02-08,34263.5057614
WEEKLY_TR_BASE,2023-02-09,34771.7057614
WEEKLY_TR_BASE,2023-02-10,34547.3057614
WEEKLY_TR_BASE,2023-02-13,34827.5057614
WEEKLY_TR_BASE,2023-02-14,34836.8057614
WEEKLY_TR_BASE,2023-02-15,34669.4057614
WEEKLY_TR_BASE,2023-02-16,34263.8057614
WEEKLY_TR_BASE,2023-02-17,33768.8057614
WEEKLY_TR_BASE,2023-02-20,34317.2449414
WEEKLY_TR_BASE,2023-02-21,34424.5449414
WEEKLY_TR_BASE,2023-02-22,34262.1449414
WEEKLY_TR_BASE,2023-02-23,34235.7449414
WEEKLY_TR_BASE,2023-02-24,34057.8449414
WEEKLY_TR_BASE,2023-02-27,33923.1449414
WEEKLY_TR_BASE,2023-02-28,34117.7449414
WEEKLY_TR_BASE,2023-03-01,34392.6449414
WEEKLY_TR_BASE,2023-03-02,34357.3449414
WEEKLY_TR_BASE,2023-03-03,34383.4449414
WEEKLY_TR_BASE,2023-03-06,34295.7449414
WEEKLY_TR_BASE,2023-03-07,33844.8449414
WEEKLY_TR_BASE,2023-03-08,33809.6449414
WEEKLY_TR_BASE,2023-03-09,33755.8449414
WEEKLY_TR_BASE,2023-03-10,33360.3449414
WEEKLY_TR_BASE,2023-03-13,33607.1449414
WEEKLY_TR_BASE,2023-03-14,33392.2449414
WEEKLY_TR_BASE,2023-03-15,33465.3449414
WEEKLY_TR_BASE,2023-03-16,33110.3449414
WEEKLY_TR_BASE,2023-03-17,33274.4449414
WEEKLY_TR_BASE,2023-03-20,33147.4449414
WEEKLY_TR_BASE,2023-03-21,33462.5449414
WEEKLY_TR_BASE,2023-03-22,33610.7449414
WEEKLY_TR_BASE,2023-03-23,33835.3449414
WEEKLY_TR_BASE,2023-03-24,33836.0449414
WEEKLY_TR_BASE,2023-03-27,33751.1449414
WEEKLY_TR_BASE,2023-03-28,33683.1449414
WEEKLY_TR_BASE,2023-03-29,33620.7449414
WEEKLY_TR_BASE,2023-03-30,33859.0449414
WEEKLY_TR_BASE,2023-03-31,34008.8449414
WEEKLY_TR_BASE,2023-04-03,34396.9117914
WEEKLY_TR_BASE,2023-04-04,34302.5117914
WEEKLY_TR_BASE,2023-04-06,34326.1117914
WEEKLY_TR_BASE,2023-04-07,34541.2117914
WEEKLY_TR_BASE,2023-04-10,34431.5117914
WEEKLY_TR_BASE,2023-04-11,34390.1117914
WEEKLY_TR_BASE,2023-04-12,34384.4117914
WEEKLY_TR_BASE,2023-04-13,34180.7117914
WEEKLY_TR_BASE,2023-04-14,34366.2117914
WEEKLY_TR_BASE,2023-04-17,34501.5117914
WEEKLY_TR_BASE,2023-04-18,34405.3117914
WEEKLY_TR_BASE,2023-04-19,34235.8117914
WEEKLY_TR_BASE,2023-04-20,34056.5117914
WEEKLY_TR_BASE,2023-04-21,33396.8117914
WEEKLY_TR_BASE,2023-04-24,33079.1189514
WEEKLY_TR_BASE,2023-04-25,32783.2189514
WEEKLY_TR_BASE,2023-04-26,32812.3189514
WEEKLY_TR_BASE,2023-04-27,33004.2189514
WEEKLY_TR_BASE,2023-04-28,33369.3189514
WEEKLY_TR_BASE,2023-05-04,33371.7189514
WEEKLY_TR_BASE,2023-05-05,33178.1189514
WEEKLY_TR_BASE,2023-05-08,33438.2189514
WEEKLY_TR_BASE,2023-05-09,33171.9189514
WEEKLY_TR_BASE,2023-05-10,33030.8189514
WEEKLY_TR_BASE,2023-05-11,32966.7189514
WEEKLY_TR_BASE,2023-05-12,32634.0189514
WEEKLY_TR_BASE,2023-05-15,33030.3189514
WEEKLY_TR_BASE,2023-05-16,32869.0189514
WEEKLY_TR_BASE,2023-05-17,32773.9189514
WEEKLY_TR_BASE,2023-05-18,32794.2189514
WEEKLY_TR_BASE,2023-05-19,32784.0189514
WEEKLY_TR_BASE,2023-05-22,32836.4189514
WEEKLY_TR_BASE,2023-05-23,32469.5189514
WEEKLY_TR_BASE,2023-05-24,32163.0189514
WEEKLY_TR_BASE,2023-05-25,32086.5189514
WEEKLY_TR_BASE,2023-05-26,32232.2189514
WEEKLY_TR_BASE,2023-05-29,32041.6379914
WEEKLY_TR_BASE,2023-05-30,32200.0379914
WEEKLY_TR_BASE,2023-05-31,32024.8379914
WEEKLY_TR_BASE,2023-06-01,32161.0379914
WEEKLY_TR_BASE,2023-06-02,32464.0379914
WEEKLY_TR_BASE,2023-06-05,32221.6379914
WEEKLY_TR_BASE,2023-06-06,31703.8379914
WEEKLY_TR_BASE,2023-06-07,31508.8379914
WEEKLY_TR_BASE,2023-06-08,31451.2379914
WEEKLY_TR_BASE,2023-06-09,31672.6379914
WEEKLY_TR_BASE,2023-06-12,31681.0749414
WEEKLY_TR_BASE,2023-06-13,31829.7749414
WEEKLY_TR_BASE,2023-06-14,31845.8749414
WEEKLY_TR_BASE,2023-06-15,32210.5749414
WEEKLY_TR_BASE,2023-06-16,32446.3749414
WEEKLY_TR_BASE,2023-06-19,32316.9749414
WEEKLY_TR_BASE,2023-06-20,32284.1749414
WEEKLY_TR_BASE,2023-06-21,31793.1749414
WEEKLY_TR_BASE,2023-06-26,31398.0749414
WEEKLY_TR_BASE,2023-06-27,31597.7749414
WEEKLY_TR_BASE,2023-06-28,31659.5749414
WEEKLY_TR_BASE,2023-06-29,31572.2749414
WEEKLY_TR_BASE,2023-06-30,31825.2749414
WEEKLY_TR_BASE,2023-07-03,32013.7705414
WEEKLY_TR_BASE,2023-07-04,32059.4705414
WEEKLY_TR_BASE,2023-07-05,31840.7705414
WEEKLY_TR_BASE,2023-07-06,31611.7705414
WEEKLY_TR_BASE,2023-07-07,31445.6705414
WEEKLY_TR_BASE,2023-07-10,31683.0705414
WEEKLY_TR_BASE,2023-07-11,31884.8705414
WEEKLY_TR_BASE,2023-07-12,31669.3705414
WEEKLY_TR_BASE,2023-07-13,32186.2705414
WEEKLY_TR_BASE,2023-07-14,32093.0705414
WEEKLY_TR_BASE,2023-07-17,31877.2705414
WEEKLY_TR_BASE,2023-07-18,31822.0705414
WEEKLY_TR_BASE,2023-07-19,31669.4705414
WEEKLY_TR_BASE,2023-07-20,31420.6705414
WEEKLY_TR_BASE,2023-07-21,31474.2705414
WEEKLY_TR_BASE,2023-07-24,31373.0725414
WEEKLY_TR_BASE,2023-07-25,32012.8725414
WEEKLY_TR_BASE,2023-07-26,31954.2725414
WEEKLY_TR_BASE,2023-07-27,31842.8725414
WEEKLY_TR_BASE,2023-07-28,32409.6725414
WEEKLY_TR_BASE,2023-07-31,32558.5725414
WEEKLY_TR_BASE,2023-08-01,32503.4725414
WEEKLY_TR_BASE,2023-08-02,32345.5725414
WEEKLY_TR_BASE,2023-08-03,32527.0725414
WEEKLY_TR_BASE,2023-08-04,32699.0725414
WEEKLY_TR_BASE,2023-08-07,32459.9967614
WEEKLY_TR_BASE,2023-08-08,32353.1967614
WEEKLY_TR_BASE,2023-08-09,32304.5967614
WEEKLY_TR_BASE,2023-08-10,32388.5967614
WEEKLY_TR_BASE,2023-08-11,31683.5967614
WEEKLY_TR_BASE,2023-08-14,31573.1957014
WEEKLY_TR_BASE,2023-08-15,31482.8957014
WEEKLY_TR_BASE,2023-08-16,31275.9957014
WEEKLY_TR_BASE,2023-08-17,31405.5957014
WEEKLY_TR_BASE,2023-08-18,31011.6957014
WEEKLY_TR_BASE,2023-08-21,30593.0021014
WEEKLY_TR_BASE,2023-08-22,30695.9021014
WEEKLY_TR_BASE,2023-08-23,30156.2021014
WEEKLY_TR_BASE,2023-08-24,30419.9021014
WEEKLY_TR_BASE,2023-08-25,30240.6021014
WEEKLY_TR_BASE,2023-08-28,30886.2153414
WEEKLY_TR_BASE,2023-08-29,31236.0153414
WEEKLY_TR_BASE,2023-08-30,31234.8153414
WEEKLY_TR_BASE,2023-08-31,31106.4153414
WEEKLY_TR_BASE,2023-09-01,31197.8153414
WEEKLY_TR_BASE,2023-09-04,31579.8153414
WEEKLY_TR_BASE,2023-09-05,31393.4153414
WEEKLY_TR_BASE,2023-09-06,31355.0153414
WEEKLY_TR_BASE,2023-09-07,30994.4153414
WEEKLY_TR_BASE,2023-09-08,30918.6153414
WEEKLY_TR_BASE,2023-09-11,31161.2153414
WEEKLY_TR_BASE,2023-09-12,31148.6153414
WEEKLY_TR_BASE,2023-09-13,30933.8153414
WEEKLY_TR_BASE,2023-09-14,30912.6153414
WEEKLY_TR_BASE,2023-09-15,30857.0153414
WEEKLY_TR_BASE,2023-09-18,30927.6153414
WEEKLY_TR_BASE,2023-09-19,30855.6153414
WEEKLY_TR_BASE,2023-09-20,30704.2153414
WEEKLY_TR_BASE,2023-09-21,30484.0153414
WEEKLY_TR_BASE,2023-09-22,30954.6153414
WEEKLY_TR_BASE,2023-09-25,30786.8153414
WEEKLY_TR_BASE,2023-09-26,30673.6153414
WEEKLY_TR_BASE,2023-09-27,30762.6153414
WEEKLY_TR_BASE,2023-09-28,30732.6153414
WEEKLY_TR_BASE,2023-10-09,30628.2153414
WEEKLY_TR_BASE,2023-10-10,30474.8153414
WEEKLY_TR_BASE,2023-10-11,30491.0153414
WEEKLY_TR_BASE,2023-10-12,30708.0153414
WEEKLY_TR_BASE,2023-10-13,30523.0153414
WEEKLY_TR_BASE,2023-10-16,30251.4153414
WEEKLY_TR_BASE,2023-10-17,30316.4153414
WEEKLY_TR_BASE,2023-10-18,30071.6153414
WEEKLY_TR_BASE,2023-10-19,29666.8153414
WEEKLY_TR_BASE,2023-10-20,29522.0153414
WEEKLY_TR_BASE,2023-10-23,28888.5155914
WEEKLY_TR_BASE,2023-10-24,29162.8155914
WEEKLY_TR_BASE,2023-10-25,29106.9155914
WEEKLY_TR_BASE,2023-10-26,29263.9155914
WEEKLY_TR_BASE,2023-10-27,29882.7155914
WEEKLY_TR_BASE,2023-10-30,30310.2155914
WEEKLY_TR_BASE,2023-10-31,30208.0155914
WEEKLY_TR_BASE,2023-11-01,30122.4155914
WEEKLY_TR_BASE,2023-11-02,29872.2155914
WEEKLY_TR_BASE,2023-11-03,30169.4155914
WEEKLY_TR_BASE,2023-11-06,30766.1278914
WEEKLY_TR_BASE,2023-11-07,30628.5278914
WEEKLY_TR_BASE,2023-11-08,30616.9278914
WEEKLY_TR_BASE,2023-11-09,30599.7278914
WEEKLY_TR_BASE,2023-11-10,30418.5278914
WEEKLY_TR_BASE,2023-11-13,30493.4865714
WEEKLY_TR_BASE,2023-11-14,30516.0865714
WEEKLY_TR_BASE,2023-11-15,30674.8865714
WEEKLY_TR_BASE,2023-11-16,30269.6865714
WEEKLY_TR_BASE,2023-11-17,30378.2865714
WEEKLY_TR_BASE,2023-11-20,30511.0865714
WEEKLY_TR_BASE,2023-11-21,30393.2865714
WEEKLY_TR_BASE,2023-11-22,29994.0865714
WEEKLY_TR_BASE,2023-11-23,30200.4865714
WEEKLY_TR_BASE,2023-11-24,29929.0865714
WEEKLY_TR_BASE,2023-11-27,29825.4865714
WEEKLY_TR_BASE,2023-11-28,29971.8865714
WEEKLY_TR_BASE,2023-11-29,29741.2865714
WEEKLY_TR_BASE,2023-11-30,29744.6865714
WEEKLY_TR_BASE,2023-12-01,29858.4865714
WEEKLY_TR_BASE,2023-12-04,29668.6865714
WEEKLY_TR_BASE,2023-12-05,29214.8865714
WEEKLY_TR_BASE,2023-12-06,29320.6865714
WEEKLY_TR_BASE,2023-12-07,29297.6865714
WEEKLY_TR_BASE,2023-12-08,29424.4865714
WEEKLY_TR_BASE,2023-12-11,29677.5093714
WEEKLY_TR_BASE,2023-12-12,29731.9093714
WEEKLY_TR_BASE,2023-12-13,29369.9093714
WEEKLY_TR_BASE,2023-12-14,29263.5093714
WEEKLY_TR_BASE,2023-12-15,29131.3093714
WEEKLY_TR_BASE,2023-12-18,28931.7093714
WEEKLY_TR_BASE,2023-12-19,28917.7093714
WEEKLY_TR_BASE,2023-12-20,28651.1093714
WEEKLY_TR_BASE,2023-12-21,28802.5093714
WEEKLY_TR_BASE,2023-12-22,28786.9093714
WEEKLY_TR_BASE,2023-12-25,28804.3093714
WEEKLY_TR_BASE,2023-12-26,28615.5093714
WEEKLY_TR_BASE,2023-12-27,28691.9093714
WEEKLY_TR_BASE,2023-12-28,29258.3093714
WEEKLY_TR_BASE,2023-12-29,29401.9093714
WEEKLY_TR_BASE,2024-01-02,28965.6086314
WEEKLY_TR_BASE,2024-01-03,28792.7086314
WEEKLY_TR_BASE,2024-01-04,28444.4086314
WEEKLY_TR_BASE,2024-01-05,28195.2086314
WEEKLY_TR_BASE,2024-01-08,27714.4357514
WEEKLY_TR_BASE,2024-01-09,27771.6357514
WEEKLY_TR_BASE,2024-01-10,27682.5357514
WEEKLY_TR_BASE,2024-01-11,27897.7357514
WEEKLY_TR_BASE,2024-01-12,27811.0357514
WEEKLY_TR_BASE,2024-01-15,27766.3357514
WEEKLY_TR_BASE,2024-01-16,27836.2357514
WEEKLY_TR_BASE,2024-01-17,27252.8357514
WEEKLY_TR_BASE,2024-01-18,27430.8357514
WEEKLY_TR_BASE,2024-01-19,27364.7357514
WEEKLY_TR_BASE,2024-01-22,26566.6357514
WEEKLY_TR_BASE,2024-01-23,26827.4357514
WEEKLY_TR_BASE,2024-01-24,27177.1357514
WEEKLY_TR_BASE,2024-01-25,27724.7357514
WEEKLY_TR_BASE,2024-01-26,27571.4357514
WEEKLY_TR_BASE,2024-01-29,27239.6357514
WEEKLY_TR_BASE,2024-01-30,26797.8357514
WEEKLY_TR_BASE,2024-01-31,26425.7357514
WEEKLY_TR_BASE,2024-02-01,26369.5357514
WEEKLY_TR_BASE,2024-02-02,25964.1357514
WEEKLY_TR_BASE,2024-02-05,26263.1590114
WEEKLY_TR_BASE,2024-02-06,27393.0590114
WEEKLY_TR_BASE,2024-02-07,27788.9590114
WEEKLY_TR_BASE,2024-02-08,28034.1590114
WEEKLY_TR_BASE,2024-02-19,28100.3146514
WEEKLY_TR_BASE,2024-02-20,28144.7146514
WEEKLY_TR_BASE,2024-02-21,28315.4146514
WEEKLY_TR_BASE,2024-02-22,28515.1146514
WEEKLY_TR_BASE,2024-02-23,28581.4146514
WEEKLY_TR_BASE,2024-02-26,28428.9146514
WEEKLY_TR_BASE,2024-02-27,28872.7146514
WEEKLY_TR_BASE,2024-02-28,28419.8146514
WEEKLY_TR_BASE,2024-02-29,29018.9146514
WEEKLY_TR_BASE,2024-03-01,29201.6146514
WEEKLY_TR_BASE,2024-03-04,29233.0105014
WEEKLY_TR_BASE,2024-03-05,29318.1105014
WEEKLY_TR_BASE,2024-03-06,29281.1105014
WEEKLY_TR_BASE,2024-03-07,28914.8105014
WEEKLY_TR_BASE,2024-03-08,29055.4105014
WEEKLY_TR_BASE,2024-03-11,29901.3800514
WEEKLY_TR_BASE,2024-03-12,29908.3800514
WEEKLY_TR_BASE,2024-03-13,29815.1800514
WEEKLY_TR_BASE,2024-03-14,29693.3800514
WEEKLY_TR_BASE,2024-03-15,29880.7800514
WEEKLY_TR_BASE,2024-03-18,30287.9744014
WEEKLY_TR_BASE,2024-03-19,30042.2744014
WEEKLY_TR_BASE,2024-03-20,30075.2744014
WEEKLY_TR_BASE,2024-03-21,29994.8744014
WEEKLY_TR_BASE,2024-03-22,29668.4744014
WEEKLY_TR_BASE,2024-03-25,29174.5256214
WEEKLY_TR_BASE,2024-03-26,29197.2256214
WEEKLY_TR_BASE,2024-03-27,28534.6256214
WEEKLY_TR_BASE,2024-03-28,28812.2256214
WEEKLY_TR_BASE,2024-03-29,29048.4256214
WEEKLY_TR_BASE,2024-04-01,29621.7237814
WEEKLY_TR_BASE,2024-04-02,29476.3237814
WEEKLY_TR_BASE,2024-04-03,29294.5237814
WEEKLY_TR_BASE,2024-04-08,28958.1841314
WEEKLY_TR_BASE,2024-04-09,29043.9841314
WEEKLY_TR_BASE,2024-04-10,28796.5841314
WEEKLY_TR_BASE,2024-04-11,28845.4841314
WEEKLY_TR_BASE,2024-04-12,28672.2841314
WEEKLY_TR_BASE,2024-04-15,29112.7841314
WEEKLY_TR_BASE,2024-04-16,28639.1841314
WEEKLY_TR_BASE,2024-04-17,29147.7841314
WEEKLY_TR_BASE,2024-04-18,29193.9841314
WEEKLY_TR_BASE,2024-04-19,29001.5841314
WEEKLY_TR_BASE,2024-04-22,28867.6841314
WEEKLY_TR_BASE,2024-04-23,28626.3841314
WEEKLY_TR_BASE,2024-04-24,28826.9841314
WEEKLY_TR_BASE,2024-04-25,28844.7841314
WEEKLY_TR_BASE,2024-04-26,29317.7841314
WEEKLY_TR_BASE,2024-04-29,29731.2841314
WEEKLY_TR_BASE,2024-04-30,29573.4841314
WEEKLY_TR_BASE,2024-05-06,29921.9989714
WEEKLY_TR_BASE,2024-05-07,29898.2989714
WEEKLY_TR_BASE,2024-05-08,29521.9989714
WEEKLY_TR_BASE,2024-05-09,30012.8989714
WEEKLY_TR_BASE,2024-05-10,29851.2989714
WEEKLY_TR_BASE,2024-05-13,29679.5965414
WEEKLY_TR_BASE,2024-05-14,29643.5965414
WEEKLY_TR_BASE,2024-05-15,29432.3965414
WEEKLY_TR_BASE,2024-05-16,29413.1965414
WEEKLY_TR_BASE,2024-05-17,29747.9965414
WEEKLY_TR_BASE,2024-05-20,29821.5166614
WEEKLY_TR_BASE,2024-05-21,29630.6166614
WEEKLY_TR_BASE,2024-05-22,29769.5166614
WEEKLY_TR_BASE,2024-05-23,29337.1166614
WEEKLY_TR_BASE,2024-05-24,28993.3166614
WEEKLY_TR_BASE,2024-05-27,29186.6748614
WEEKLY_TR_BASE,2024-05-28,28935.9748614
WEEKLY_TR_BASE,2024-05-29,28961.4748614
WEEKLY_TR_BASE,2024-05-30,28947.5748614
WEEKLY_TR_BASE,2024-05-31,28860.6748614
WEEKLY_TR_BASE,2024-06-03,28755.0638714
WEEKLY_TR_BASE,2024-06-04,29015.4638714
WEEKLY_TR_BASE,2024-06-05,28829.4638714
WEEKLY_TR_BASE,2024-06-06,28738.2638714
WEEKLY_TR_BASE,2024-06-07,28595.4638714
WEEKLY_TR_BASE,2024-06-11,28572.8487314
WEEKLY_TR_BASE,2024-06-12,28491.8487314
WEEKLY_TR_BASE,2024-06-13,28437.6487314
WEEKLY_TR_BASE,2024-06-14,28613.2487314
WEEKLY_TR_BASE,2024-06-17,28666.0487314
WEEKLY_TR_BASE,2024-06-18,28764.8487314
WEEKLY_TR_BASE,2024-06-19,28558.6487314
WEEKLY_TR_BASE,2024-06-20,28290.8487314
WEEKLY_TR_BASE,2024-06-21,28232.2487314
WEEKLY_TR_BASE,2024-06-24,27841.5495114
WEEKLY_TR_BASE,2024-06-25,27660.3495114
WEEKLY_TR_BASE,2024-06-26,27901.5495114
WEEKLY_TR_BASE,2024-06-27,27631.5495114
WEEKLY_TR_BASE,2024-06-28,27675.9495114
WEEKLY_TR_BASE,2024-07-01,27867.9495114
WEEKLY_TR_BASE,2024-07-02,27739.5495114
WEEKLY_TR_BASE,2024-07-03,27614.7495114
WEEKLY_TR_BASE,2024-07-04,27390.3495114
WEEKLY_TR_BASE,2024-07-05,27413.1495114
WEEKLY_TR_BASE,2024-07-08,27129.9495114
WEEKLY_TR_BASE,2024-07-09,27474.3495114
WEEKLY_TR_BASE,2024-07-10,27378.3495114
WEEKLY_TR_BASE,2024-07-11,27781.5495114
WEEKLY_TR_BASE,2024-07-12,27764.7495114
WEEKLY_TR_BASE,2024-07-15,27703.5495114
WEEKLY_TR_BASE,2024-07-16,27834.3495114
WEEKLY_TR_BASE,2024-07-17,27768.3495114
WEEKLY_TR_BASE,2024-07-18,27899.1495114
WEEKLY_TR_BASE,2024-07-19,27962.7495114
WEEKLY_TR_BASE,2024-07-22,27843.1206414
WEEKLY_TR_BASE,2024-07-23,27205.9206414
WEEKLY_TR_BASE,2024-07-24,26973.5206414
WEEKLY_TR_BASE,2024-07-25,26866.5206414
WEEKLY_TR_BASE,2024-07-26,27015.2206414
WEEKLY_TR_BASE,2024-07-29,26775.0206414
WEEKLY_TR_BASE,2024-07-30,26672.3206414
WEEKLY_TR_BASE,2024-07-31,27363.6206414
WEEKLY_TR_BASE,2024-08-01,27113.3206414
WEEKLY_TR_BASE,2024-08-02,26787.5206414
WEEKLY_TR_BASE,2024-08-05,26406.8206414
WEEKLY_TR_BASE,2024-08-06,26562.2206414
WEEKLY_TR_BASE,2024-08-07,26478.5206414
WEEKLY_TR_BASE,2024-08-08,26440.7206414
WEEKLY_TR_BASE,2024-08-09,26280.3206414
WEEKLY_TR_BASE,2024-08-12,26258.9953214
WEEKLY_TR_BASE,2024-08-13,26300.4953214
WEEKLY_TR_BASE,2024-08-14,26055.6953214
WEEKLY_TR_BASE,2024-08-15,26277.4953214
WEEKLY_TR_BASE,2024-08-16,26217.2953214
WEEKLY_TR_BASE,2024-08-19,26267.9953214
WEEKLY_TR_BASE,2024-08-20,26015.1953214
WEEKLY_TR_BASE,2024-08-21,25941.0953214
WEEKLY_TR_BASE,2024-08-22,25775.1953214
WEEKLY_TR_BASE,2024-08-23,25826.5953214
WEEKLY_TR_BASE,2024-08-26,25842.0953214
WEEKLY_TR_BASE,2024-08-27,25672.1953214
WEEKLY_TR_BASE,2024-08-28,25604.5953214
WEEKLY_TR_BASE,2024-08-29,25723.1953214
WEEKLY_TR_BASE,2024-08-30,26072.6953214
WEEKLY_TR_BASE,2024-09-02,25634.6953214
WEEKLY_TR_BASE,2024-09-03,25794.2953214
WEEKLY_TR_BASE,2024-09-04,25691.9953214
WEEKLY_TR_BASE,2024-09-05,25766.8953214
WEEKLY_TR_BASE,2024-09-06,25515.2953214
WEEKLY_TR_BASE,2024-09-09,25427.4633214
WEEKLY_TR_BASE,2024-09-10,25419.8633214
WEEKLY_TR_BASE,2024-09-11,25516.9633214
WEEKLY_TR_BASE,2024-09-12,25455.6633214
WEEKLY_TR_BASE,2024-09-13,25281.5633214
WEEKLY_TR_BASE,2024-09-18,25248.2797214
WEEKLY_TR_BASE,2024-09-19,25519.7797214
WEEKLY_TR_BASE,2024-09-20,25356.1797214
WEEKLY_TR_BASE,2024-09-23,25300.4797214
WEEKLY_TR_BASE,2024-09-24,26484.0797214
WEEKLY_TR_BASE,2024-09-25,26743.8797214
WEEKLY_TR_BASE,2024-09-26,27941.4797214
WEEKLY_TR_BASE,2024-09-27,30343.8797214
WEEKLY_TR_BASE,2024-09-30,34426.0797214
WEEKLY_TR_BASE,2024-10-08,38443.1797214
WEEKLY_TR_BASE,2024-10-09,34172.0797214
WEEKLY_TR_BASE,2024-10-10,33470.2797214
WEEKLY_TR_BASE,2024-10-11,32021.3797214
WEEKLY_TR_BASE,2024-10-14,32622.2598814
WEEKLY_TR_BASE,2024-10-15,31739.9598814
WEEKLY_TR_BASE,2024-10-16,31339.4598814
WEEKLY_TR_BASE,2024-10-17,31150.1598814
WEEKLY_TR_BASE,2024-10-18,32811.8598814
WEEKLY_TR_BASE,2024-10-21,32947.1359114
WEEKLY_TR_BASE,2024-10-22,33134.0359114
WEEKLY_TR_BASE,2024-10-23,33103.1359114
WEEKLY_TR_BASE,2024-10-24,32771.6359114
WEEKLY_TR_BASE,2024-10-25,33429.3359114
WEEKLY_TR_BASE,2024-10-28,33544.9359114
WEEKLY_TR_BASE,2024-10-29,33037.0359114
WEEKLY_TR_BASE,2024-10-30,32918.8359114
WEEKLY_TR_BASE,2024-10-31,33158.6359114
WEEKLY_TR_BASE,2024-11-01,32765.2359114
WEEKLY_TR_BASE,2024-11-04,33397.5359114
WEEKLY_TR_BASE,2024-11-05,34562.2359114
WEEKLY_TR_BASE,2024-11-06,34402.9359114
WEEKLY_TR_BASE,2024-11-07,35267.3359114
WEEKLY_TR_BASE,2024-11-08,35061.6359114
WEEKLY_TR_BASE,2024-11-11,35782.2359114
WEEKLY_TR_BASE,2024-11-12,35605.0359114
WEEKLY_TR_BASE,2024-11-13,35741.1359114
WEEKLY_TR_BASE,2024-11-14,34739.9359114
WEEKLY_TR_BASE,2024-11-15,33768.7359114
WEEKLY_TR_BASE,2024-11-18,33169.7359114
WEEKLY_TR_BASE,2024-11-19,33851.0359114
WEEKLY_TR_BASE,2024-11-20,34057.9359114
WEEKLY_TR_BASE,2024-11-21,34045.4359114
WEEKLY_TR_BASE,2024-11-22,32853.8359114
WEEKLY_TR_BASE,2024-11-25,32735.9802614
WEEKLY_TR_BASE,2024-11-26,32606.3802614
WEEKLY_TR_BASE,2024-11-27,33120.6802614
WEEKLY_TR_BASE,2024-11-28,32918.3802614
WEEKLY_TR_BASE,2024-11-29,33292.4802614
WEEKLY_TR_BASE,2024-12-02,33654.7898814
WEEKLY_TR_BASE,2024-12-03,33581.1898814
WEEKLY_TR_BASE,2024-12-04,33313.0898814
WEEKLY_TR_BASE,2024-12-05,33334.7898814
WEEKLY_TR_BASE,2024-12-06,33839.3898814
WEEKLY_TR_BASE,2024-12-09,33705.8898814
WEEKLY_TR_BASE,2024-12-10,33922.5898814
WEEKLY_TR_BASE,2024-12-11,33865.1898814
WEEKLY_TR_BASE,2024-12-12,34224.5898814
WEEKLY_TR_BASE,2024-12-13,33491.6898814
WEEKLY_TR_BASE,2024-12-16,33023.4451014
WEEKLY_TR_BASE,2024-12-17,32876.6451014
WEEKLY_TR_BASE,2024-12-18,32961.0451014
WEEKLY_TR_BASE,2024-12-19,33092.6451014
WEEKLY_TR_BASE,2024-12-20,33107.8451014
WEEKLY_TR_BASE,2024-12-23,32841.0737114
WEEKLY_TR_BASE,2024-12-24,33175.7737114
WEEKLY_TR_BASE,2024-12-25,33066.8737114
WEEKLY_TR_BASE,2024-12-26,33178.5737114
WEEKLY_TR_BASE,2024-12-27,33189.9737114
WEEKLY_TR_BASE,2024-12-30,33255.4737114
WEEKLY_TR_BASE,2024-12-31,32591.4737114
WEEKLY_TR_BASE,2025-01-02,31755.7737114
WEEKLY_TR_BASE,2025-01-03,31334.1737114
WEEKLY_TR_BASE,2025-01-06,31243.7737114
WEEKLY_TR_BASE,2025-01-07,31482.8737114
WEEKLY_TR_BASE,2025-01-08,31405.4737114
WEEKLY_TR_BASE,2025-01-09,31366.2737114
WEEKLY_TR_BASE,2025-01-10,31010.3737114
WEEKLY_TR_BASE,2025-01-13,30976.4737114
WEEKLY_TR_BASE,2025-01-14,31787.8737114
WEEKLY_TR_BASE,2025-01-15,31594.7737114
WEEKLY_TR_BASE,2025-01-16,31645.3737114
WEEKLY_TR_BASE,2025-01-17,31799.0737114
WEEKLY_TR_BASE,2025-01-20,31934.1737114
WEEKLY_TR_BASE,2025-01-21,32000.6737114
WEEKLY_TR_BASE,2025-01-22,31817.0737114
WEEKLY_TR_BASE,2025-01-23,31802.5737114
WEEKLY_TR_BASE,2025-01-24,32084.1737114
WEEKLY_TR_BASE,2025-01-27,31600.9812114
WEEKLY_TR_BASE,2025-02-05,31536.2058014
WEEKLY_TR_BASE,2025-02-06,32028.2058014
WEEKLY_TR_BASE,2025-02-07,32457.3058014
WEEKLY_TR_BASE,2025-02-10,32583.3320814
WEEKLY_TR_BASE,2025-02-11,32328.6320814
WEEKLY_TR_BASE,2025-02-12,32772.7320814
WEEKLY_TR_BASE,2025-02-13,32598.2320814
WEEKLY_TR_BASE,2025-02-14,32978.4320814
WEEKLY_TR_BASE,2025-02-17,33010.3320814
WEEKLY_TR_BASE,2025-02-18,32474.7320814
WEEKLY_TR_BASE,2025-02-19,33013.2320814
WEEKLY_TR_BASE,2025-02-20,33043.9320814
WEEKLY_TR_BASE,2025-02-21,33672.9320814
WEEKLY_TR_BASE,2025-02-24,33505.5320814
WEEKLY_TR_BASE,2025-02-25,33184.8320814
WEEKLY_TR_BASE,2025-02-26,33541.6320814
WEEKLY_TR_BASE,2025-02-27,33426.8320814
WEEKLY_TR_BASE,2025-02-28,32450.6320814
WEEKLY_TR_BASE,2025-03-03,32652.4320814
WEEKLY_TR_BASE,2025-03-04,32748.4320814
WEEKLY_TR_BASE,2025-03-05,32785.9320814
WEEKLY_TR_BASE,2025-03-06,33309.0320814
WEEKLY_TR_BASE,2025-03-07,33033.2320814
WEEKLY_TR_BASE,2025-03-10,33008.9320814
WEEKLY_TR_BASE,2025-03-11,33083.9320814
WEEKLY_TR_BASE,2025-03-12,33025.9320814
WEEKLY_TR_BASE,2025-03-13,32735.2320814
WEEKLY_TR_BASE,2025-03-14,33422.5320814
WEEKLY_TR_BASE,2025-03-17,33335.8211214
WEEKLY_TR_BASE,2025-03-18,33433.2211214
WEEKLY_TR_BASE,2025-03-19,33394.8211214
WEEKLY_TR_BASE,2025-03-20,33171.0211214
WEEKLY_TR_BASE,2025-03-21,32703.4211214
WEEKLY_TR_BASE,2025-03-24,32747.1211214
WEEKLY_TR_BASE,2025-03-25,32704.3211214
WEEKLY_TR_BASE,2025-03-26,32646.7211214
WEEKLY_TR_BASE,2025-03-27,32734.6211214
WEEKLY_TR_BASE,2025-03-28,32548.7211214
WEEKLY_TR_BASE,2025-03-31,32324.8211214
WEEKLY_TR_BASE,2025-04-01,32397.6211214
WEEKLY_TR_BASE,2025-04-02,32404.3211214
WEEKLY_TR_BASE,2025-04-03,32204.8211214
WEEKLY_TR_BASE,2025-04-07,29849.4211214
WEEKLY_TR_BASE,2025-04-08,30057.9211214
WEEKLY_TR_BASE,2025-04-09,30475.0211214
WEEKLY_TR_BASE,2025-04-10,30969.3211214
WEEKLY_TR_BASE,2025-04-11,31103.9211214
WEEKLY_TR_BASE,2025-04-14,31242.7211214
WEEKLY_TR_BASE,2025-04-15,31196.0211214
WEEKLY_TR_BASE,2025-04-16,31105.9211214
WEEKLY_TR_BASE,2025-04-17,31124.2211214
WEEKLY_TR_BASE,2025-04-18,31165.2211214
WEEKLY_TR_BASE,2025-04-21,31377.4211214
WEEKLY_TR_BASE,2025-04-22,31350.7211214
WEEKLY_TR_BASE,2025-04-23,31392.6211214
WEEKLY_TR_BASE,2025-04-24,31335.1211214
WEEKLY_TR_BASE,2025-04-25,31375.1211214
WEEKLY_TR_BASE,2025-04-28,31288.5211214
WEEKLY_TR_BASE,2025-04-29,31270.8211214
WEEKLY_TR_BASE,2025-04-30,31330.0211214
WEEKLY_TR_BASE,2025-05-06,31730.7211214
WEEKLY_TR_BASE,2025-05-07,31842.1211214
WEEKLY_TR_BASE,2025-05-08,31984.9211214
WEEKLY_TR_BASE,2025-05-09,31849.4211214
WEEKLY_TR_BASE,2025-05-12,32246.0533914
WEEKLY_TR_BASE,2025-05-13,32161.3533914
WEEKLY_TR_BASE,2025-05-14,32381.7533914
WEEKLY_TR_BASE,2025-05-15,31891.0533914
WEEKLY_TR_BASE,2025-05-16,31837.6533914
WEEKLY_TR_BASE,2025-05-19,31770.5876914
WEEKLY_TR_BASE,2025-05-20,31954.1876914
WEEKLY_TR_BASE,2025-05-21,32123.7876914
WEEKLY_TR_BASE,2025-05-22,31988.9876914
WEEKLY_TR_BASE,2025-05-23,31731.2876914
WEEKLY_TR_BASE,2025-05-26,31537.0876914
WEEKLY_TR_BASE,2025-05-27,31392.5876914
WEEKLY_TR_BASE,2025-05-28,31321.7876914
WEEKLY_TR_BASE,2025-05-29,31618.7876914
WEEKLY_TR_BASE,2025-05-30,31473.5876914
WEEKLY_TR_BASE,2025-06-03,31502.0876914
WEEKLY_TR_BASE,2025-06-04,31724.8876914
WEEKLY_TR_BASE,2025-06-05,31923.1876914
WEEKLY_TR_BASE,2025-06-06,31887.5876914
WEEKLY_TR_BASE,2025-06-09,32039.7876914
WEEKLY_TR_BASE,2025-06-10,31803.0876914
WEEKLY_TR_BASE,2025-06-11,32099.6876914
WEEKLY_TR_BASE,2025-06-12,32120.8876914
WEEKLY_TR_BASE,2025-06-13,31887.8876914
WEEKLY_TR_BASE,2025-06-16,32070.0713914
WEEKLY_TR_BASE,2025-06-17,31977.3713914
WEEKLY_TR_BASE,2025-06-18,31998.3713914
WEEKLY_TR_BASE,2025-06-19,31653.2713914
WEEKLY_TR_BASE,2025-06-20,31438.9713914
WEEKLY_TR_BASE,2025-06-23,31522.1754714
WEEKLY_TR_BASE,2025-06-24,31904.9754714
WEEKLY_TR_BASE,2025-06-25,32400.5754714
WEEKLY_TR_BASE,2025-06-26,32286.5754714
WEEKLY_TR_BASE,2025-06-27,32256.5754714
WEEKLY_TR_BASE,2025-06-30,32514.3931914
WEEKLY_TR_BASE,2025-07-01,32512.3931914
WEEKLY_TR_BASE,2025-07-02,32278.7931914
WEEKLY_TR_BASE,2025-07-03,32587.9931914
WEEKLY_TR_BASE,2025-07-04,32514.3931914
WEEKLY_TR_BASE,2025-07-07,32281.7560714
WEEKLY_TR_BASE,2025-07-08,32737.3560714
WEEKLY_TR_BASE,2025-07-09,32753.7560714
WEEKLY_TR_BASE,2025-07-10,32866.5560714
WEEKLY_TR_BASE,2025-07-11,33025.7560714
WEEKLY_TR_BASE,2025-07-14,32927.3684714
WEEKLY_TR_BASE,2025-07-15,33160.5684714
WEEKLY_TR_BASE,2025-07-16,33117.3684714
WEEKLY_TR_BASE,2025-07-17,33564.1684714
WEEKLY_TR_BASE,2025-07-18,33643.7684714
WEEKLY_TR_BASE,2025-07-21,33946.5684714
WEEKLY_TR_BASE,2025-07-22,34200.1684714
WEEKLY_TR_BASE,2025-07-23,34133.7684714
WEEKLY_TR_BASE,2025-07-24,34615.3684714
WEEKLY_TR_BASE,2025-07-25,34572.5684714
WEEKLY_TR_BASE,2025-07-28,34798.1684714
WEEKLY_TR_BASE,2025-07-29,35172.9684714
WEEKLY_TR_BASE,2025-07-30,34813.7684714
WEEKLY_TR_BASE,2025-07-31,34293.7684714
WEEKLY_TR_BASE,2025-08-01,34283.3684714
WEEKLY_TR_BASE,2025-08-04,34466.5684714
WEEKLY_TR_BASE,2025-08-05,34612.5684714
WEEKLY_TR_BASE,2025-08-06,34846.1684714
WEEKLY_TR_BASE,2025-08-07,34689.3684714
WEEKLY_TR_BASE,2025-08-08,34608.5684714
WEEKLY_TR_BASE,2025-08-11,35075.3684714
WEEKLY_TR_BASE,2025-08-12,35344.9684714
WEEKLY_TR_BASE,2025-08-13,36147.3684714
WEEKLY_TR_BASE,2025-08-14,35800.5684714
WEEKLY_TR_BASE,2025-08-15,36574.5684714
WEEKLY_TR_BASE,2025-08-18,37286.9684714
WEEKLY_TR_BASE,2025-08-19,37203.3684714
WEEKLY_TR_BASE,2025-08-20,37510.1684714
WEEKLY_TR_BASE,2025-08-21,37310.1684714
WEEKLY_TR_BASE,2025-08-22,38231.7684714
WEEKLY_TR_BASE,2025-08-25,39034.5684714
WEEKLY_TR_BASE,2025-08-26,38918.1684714
WEEKLY_TR_BASE,2025-08-27,38554.1684714
WEEKLY_TR_BASE,2025-08-28,39664.5684714
WEEKLY_TR_BASE,2025-08-29,40154.5684714
WEEKLY_TR_BASE,2025-09-01,40732.1684714
WEEKLY_TR_BASE,2025-09-02,39832.5684714
WEEKLY_TR_BASE,2025-09-03,39706.1684714
WEEKLY_TR_BASE,2025-09-04,38510.5684714
WEEKLY_TR_BASE,2025-09-05,40379.7684714
WEEKLY_TR_BASE,2025-09-08,40283.7684714
WEEKLY_TR_BASE,2025-09-09,39694.5684714
WEEKLY_TR_BASE,2025-09-10,39891.3684714
WEEKLY_TR_BASE,2025-09-11,41441.7684714
WEEKLY_TR_BASE,2025-09-12,41280.9684714
WEEKLY_TR_BASE,2025-09-15,41528.1684714
WEEKLY_TR_BASE,2025-09-16,41812.1684714
WEEKLY_TR_BASE,2025-09-17,42400.1684714
WEEKLY_TR_BASE,2025-09-18,41890.5684714
WEEKLY_TR_BASE,2025-09-19,41782.1684714
WEEKLY_TR_BASE,2025-09-22,42054.9684714
WEEKLY_TR_BASE,2025-09-23,42031.3684714
WEEKLY_TR_BASE,2025-09-24,42858.9684714
WEEKLY_TR_BASE,2025-09-25,43227.3684714
WEEKLY_TR_BASE,2025-09-26,42417.7684714
WEEKLY_TR_BASE,2025-09-29,43291.3684714
WEEKLY_TR_BASE,2025-09-30,43455.3684714
WEEKLY_TR_BASE,2025-10-09,43889.7684714
WEEKLY_TR_BASE,2025-10-10,42592.1684714
WEEKLY_TR_BASE,2025-10-13,42226.9684714
WEEKLY_TR_BASE,2025-10-14,40978.9684714
WEEKLY_TR_BASE,2025-10-15,41697.7684714
WEEKLY_TR_BASE,2025-10-16,41635.7684714
WEEKLY_TR_BASE,2025-10-17,40429.7684714
WEEKLY_TR_BASE,2025-10-20,40883.9405414
WEEKLY_TR_BASE,2025-10-21,41456.9405414
WEEKLY_TR_BASE,2025-10-22,41258.4405414
WEEKLY_TR_BASE,2025-10-23,41391.1405414
WEEKLY_TR_BASE,2025-10-24,41913.4405414
WEEKLY_TR_BASE,2025-10-27,42270.6821314
WEEKLY_TR_BASE,2025-10-28,42153.8821314
WEEKLY_TR_BASE,2025-10-29,42938.8821314
WEEKLY_TR_BASE,2025-10-30,42432.9821314
WEEKLY_TR_BASE,2025-10-31,41748.2821314
WEEKLY_TR_BASE,2025-11-03,41703.3274014
WEEKLY_TR_BASE,2025-11-04,41255.7274014
WEEKLY_TR_BASE,2025-11-05,41321.6274014
WEEKLY_TR_BASE,2025-11-06,41897.1274014
WEEKLY_TR_BASE,2025-11-07,41830.6274014
WEEKLY_TR_BASE,2025-11-10,41700.1531514
WEEKLY_TR_BASE,2025-11-11,41267.5531514
WEEKLY_TR_BASE,2025-11-12,41246.3531514
WEEKLY_TR_BASE,2025-11-13,41858.8531514
WEEKLY_TR_BASE,2025-11-14,41065.7531514
WEEKLY_TR_BASE,2025-11-17,40951.4341114
WEEKLY_TR_BASE,2025-11-18,40568.4341114
WEEKLY_TR_BASE,2025-11-19,40516.9341114
WEEKLY_TR_BASE,2025-11-20,40188.4341114
WEEKLY_TR_BASE,2025-11-21,38836.4341114
WEEKLY_TR_BASE,2025-11-24,38978.3490514
WEEKLY_TR_BASE,2025-11-25,39340.3490514
WEEKLY_TR_BASE,2025-11-26,39478.0490514
WEEKLY_TR_BASE,2025-11-27,39425.3490514
WEEKLY_TR_BASE,2025-11-28,39687.2490514
WEEKLY_TR_BASE,2025-12-01,40052.3490514
WEEKLY_TR_BASE,2025-12-02,39820.0490514
WEEKLY_TR_BASE,2025-12-03,39645.2490514
WEEKLY_TR_BASE,2025-12-04,39745.8490514
WEEKLY_TR_BASE,2025-12-05,40129.1490514
WEEKLY_TR_BASE,2025-12-08,40413.3490514
WEEKLY_TR_BASE,2025-12-09,40187.1490514
WEEKLY_TR_BASE,2025-12-10,40261.8490514
WEEKLY_TR_BASE,2025-12-11,39977.6490514
WEEKLY_TR_BASE,2025-12-12,40286.4490514
WEEKLY_TR_BASE,2025-12-15,39953.2512914
WEEKLY_TR_BASE,2025-12-16,39336.2512914
WEEKLY_TR_BASE,2025-12-17,40261.5512914
WEEKLY_TR_BASE,2025-12-18,39756.1512914
WEEKLY_TR_BASE,2025-12-19,40004.1512914
WEEKLY_TR_BASE,2025-12-22,40596.7512914
WEEKLY_TR_BASE,2025-12-23,40668.7512914
WEEKLY_TR_BASE,2025-12-24,41062.6512914
WEEKLY_TR_BASE,2025-12-25,41279.6512914
WEEKLY_TR_BASE,2025-12-26,41417.4512914
WEEKLY_TR_BASE,2025-12-29,41217.7512914
WEEKLY_TR_BASE,2025-12-30,41437.0512914
WEEKLY_TR_BASE,2025-12-31,41209.4512914
WEEKLY_TR_BASE,2026-01-05,42260.9512914
WEEKLY_TR_BASE,2026-01-06,42808.8512914
WEEKLY_TR_BASE,2026-01-07,42949.4512914
WEEKLY_TR_BASE,2026-01-08,42875.1512914
WEEKLY_TR_BASE,2026-01-09,43509.0512914
WEEKLY_TR_BASE,2026-01-12,44047.6646514
WEEKLY_TR_BASE,2026-01-13,43715.6646514
WEEKLY_TR_BASE,2026-01-14,43737.2646514
WEEKLY_TR_BASE,2026-01-15,43710.8646514
WEEKLY_TR_BASE,2026-01-16,43690.0646514
WEEKLY_TR_BASE,2026-01-19,43746.5914614
WEEKLY_TR_BASE,2026-01-20,43364.4914614
WEEKLY_TR_BASE,2026-01-21,43729.8914614
WEEKLY_TR_BASE,2026-01-22,44019.2914614
WEEKLY_TR_BASE,2026-01-23,44749.0914614
WEEKLY_TR_BASE,2026-01-26,44188.2914614
WEEKLY_TR_BASE,2026-01-27,44450.0914614
WEEKLY_TR_BASE,2026-01-28,44504.8914614
WEEKLY_TR_BASE,2026-01-29,44176.3914614
WEEKLY_TR_BASE,2026-01-30,44067.6914614
WEEKLY_TR_BASE,2026-02-02,42639.5914614
WEEKLY_TR_BASE,2026-02-03,43760.2914614
WEEKLY_TR_BASE,2026-02-04,43718.6914614
WEEKLY_TR_BASE,2026-02-05,42960.1914614
WEEKLY_TR_BASE,2026-02-06,42897.4914614
WEEKLY_TR_BASE,2026-02-09,43782.2463514
WEEKLY_TR_BASE,2026-02-10,43765.4463514
WEEKLY_TR_BASE,2026-02-11,43802.6463514
WEEKLY_TR_BASE,2026-02-12,44055.9463514
WEEKLY_TR_BASE,2026-02-13,43502.0463514
WEEKLY_TR_BASE,2026-02-24,43907.3463514
WEEKLY_TR_BASE,2026-02-25,44352.6463514
WEEKLY_TR_BASE,2026-02-26,44355.5463514
WEEKLY_TR_BASE,2026-02-27,44560.6463514
WEEKLY_TR_BASE,2026-03-02,44608.8463514
WEEKLY_TR_BASE,2026-03-03,43535.3463514
WEEKLY_TR_BASE,2026-03-04,43123.1463514
WEEKLY_TR_BASE,2026-03-05,43427.7463514
WEEKLY_TR_BASE,2026-03-06,43596.0463514
WEEKLY_TR_BASE,2026-03-09,43354.4351714
WEEKLY_TR_BASE,2026-03-10,44221.4351714
WEEKLY_TR_BASE,2026-03-11,44429.4351714
WEEKLY_TR_BASE,2026-03-12,44168.1351714
WEEKLY_TR_BASE,2026-03-13,43854.8351714
WEEKLY_TR_BASE,2026-03-16,44034.1351714
WEEKLY_TR_BASE,2026-03-17,43154.2351714
WEEKLY_TR_BASE,2026-03-18,43730.1351714
WEEKLY_TR_BASE,2026-03-19,43031.3351714
WEEKLY_TR_BASE,2026-03-20,42957.2351714
WEEKLY_TR_BASE,2026-03-23,41589.2182014
WEEKLY_TR_BASE,2026-03-24,41848.1182014
WEEKLY_TR_BASE,2026-03-25,42534.1182014
WEEKLY_TR_BASE,2026-03-26,42039.3182014
WEEKLY_TR_BASE,2026-03-27,42300.3182014
WEEKLY_TR_BASE,2026-03-30,42095.6182014
WEEKLY_TR_BASE,2026-03-31,41456.4182014
WEEKLY_TR_BASE,2026-04-01,42049.6182014
WEEKLY_TR_BASE,2026-04-02,41459.4182014
WEEKLY_TR_BASE,2026-04-03,41176.7182014
WEEKLY_TR_BASE,2026-04-07,41202.1182014
WEEKLY_TR_BASE,2026-04-08,43001.9182014
WEEKLY_TR_BASE,2026-04-09,42728.4182014
WEEKLY_TR_BASE,2026-04-10,43712.7182014
WEEKLY_TR_BASE,2026-04-13,43937.6182014
WEEKLY_TR_BASE,2026-04-14,44673.4182014
WEEKLY_TR_BASE,2026-04-15,44367.7182014
WEEKLY_TR_BASE,2026-04-16,45252.8182014
WEEKLY_TR_BASE,2026-04-17,45494.8182014
WEEKLY_TR_BASE,2026-04-20,45635.6606514
WEEKLY_TR_BASE,2026-04-21,45628.4606514
WEEKLY_TR_BASE,2026-04-22,46357.2606514
WEEKLY_TR_BASE,2026-04-23,45997.2606514
WEEKLY_TR_BASE,2026-04-24,45570.0606514
WEEKLY_TR_BASE,2026-04-27,45554.8606514
WEEKLY_TR_BASE,2026-04-28,45046.8606514
WEEKLY_TR_BASE,2026-04-29,45919.6606514
WEEKLY_TR_BASE,2026-04-30,45910.8606514
WEEKLY_TR_BASE,2026-05-06,47001.2606514
WEEKLY_TR_BASE,2026-05-07,47602.8606514
WEEKLY_TR_BASE,2026-05-08,47379.6606514
WEEKLY_TR_BASE,2026-05-11,48512.4606514
WEEKLY_TR_BASE,2026-05-12,48353.2606514
WEEKLY_TR_BASE,2026-05-13,49310.8606514
WEEKLY_TR_BASE,2026-05-14,48254.8606514
WEEKLY_TR_BASE,2026-05-15,47921.2606514
WEEKLY_TR_BASE,2026-05-18,47703.6606514
WEEKLY_TR_BASE,2026-05-19,47870.8606514
WEEKLY_TR_BASE,2026-05-20,48034.8606514
WEEKLY_TR_BASE,2026-05-21,46965.2606514
WEEKLY_TR_BASE,2026-05-22,47897.2606514
WEEKLY_TR_BASE,2026-05-25,48697.2606514
WEEKLY_TR_BASE,2026-05-26,48733.2606514
WEEKLY_TR_BASE,2026-05-27,48407.6606514
WEEKLY_TR_BASE,2026-05-28,48950.8606514
WEEKLY_TR_BASE,2026-05-29,47980.4606514
WEEKLY_TR_BASE,2026-06-01,47221.0732714
WEEKLY_TR_BASE,2026-06-02,48080.5732714
WEEKLY_TR_BASE,2026-06-03,48597.4732714
WEEKLY_TR_BASE,2026-06-04,48191.2732714
WEEKLY_TR_BASE,2026-06-05,47182.4732714
WEEKLY_TR_BASE,2026-06-08,45940.2732714
WEEKLY_TR_BASE,2026-06-09,47082.8732714
WEEKLY_TR_BASE,2026-06-10,46361.6732714
WEEKLY_TR_BASE,2026-06-11,46007.7732714
WEEKLY_TR_BASE,2026-06-12,46380.6732714
WEEKLY_TR_BASE,2026-06-15,47869.6732714
WEEKLY_TR_BASE,2026-06-16,48180.7732714
WEEKLY_TR_BASE,2026-06-17,48768.7732714
WEEKLY_TR_BASE,2026-06-18,49336.3732714
WEEKLY_TR_BASE,2026-06-22,50295.5864714
WEEKLY_TR_BASE,2026-06-23,48936.7864714
WEEKLY_TR_BASE,2026-06-24,49611.3864714
WEEKLY_TR_BASE,2026-06-25,50573.7864714
WEEKLY_TR_BASE,2026-06-26,49077.7864714
WEEKLY_TR_BASE,2026-06-29,49469.4864714
WEEKLY_TR_BASE,2026-06-30,50685.0864714
WEEKLY_TR_BASE,2026-07-01,50182.0864714
WEEKLY_TR_BASE,2026-07-02,48116.9864714
WEEKLY_TR_BASE,2026-07-03,48252.1864714
WEEKLY_TR_BASE,2026-07-06,47980.2310114
WEEKLY_TR_BASE,2026-07-07,47388.6310114
WEEKLY_TR_BASE,2026-07-08,47011.0310114
WEEKLY_TR_BASE,2026-07-09,48137.4310114
WEEKLY_TR_BASE,2026-07-10,47500.2310114
WEEKLY_TR_BASE,2026-07-13,46151.8310114
WEEKLY_TR_BASE,2026-07-14,46851.4310114
WEEKLY_TR_BASE,2026-07-15,46584.6310114
WEEKLY_TR_BASE,2026-07-16,45742.6310114
WEEKLY_TR_BASE,2026-07-17,43938.6310114
WEEKLY_TR_BASE,2026-07-20,44017.4310114
WEEKLY_TR_BASE,2026-07-21,45498.6310114
WEEKLY_TR_BASE,2026-07-22,45277.0310114
WEEKLY_TR_BASE,2026-07-23,45366.6310114
WEEKLY_TR_BASE,2026-07-24,44527.4310114
WEEKLY_TR_BASE,2026-07-27,45190.6310114
WEEKLY_TR_BASE,2026-07-28,44005.0310114
WEEKLY_TR_BASE,2026-07-29,44321.8310114
WEEKLY_TR_BASE,2026-07-30,43603.4310114
WEEKLY_TR_BASE,2026-07-31,44208.2310114
WEEKLY_TR_BASE,2026-08-03,43778.6310114
WEEKLY_TR_BASE,2026-08-04,44441.8310114
WEEKLY_TR_BASE,2026-08-05,45232.6310114
WEEKLY_TR_BASE,2026-08-06,45251.4310114
WEEKLY_TR_BASE,2026-08-07,45808.2310114
WEEKLY_TR_BASE,2026-08-10,45963.4310114
WEEKLY_TR_BASE,2026-08-11,45711.8310114
WEEKLY_TR_BASE,2026-08-12,45953.4310114
WEEKLY_TR_BASE,2026-08-13,45694.6310114
WEEKLY_TR_BASE,2026-08-14,45724.6310114
WEEKLY_TR_BASE,2026-08-17,46805.0152614
WEEKLY_TR_BASE,2026-08-18,46590.2152614
WEEKLY_TR_BASE,2026-08-19,44377.7152614
WEEKLY_TR_BASE,2026-08-20,44603.6152614
WEEKLY_TR_BASE,2026-08-21,44879.9152614
WEEKLY_TR_BASE,2026-08-24,43988.1152614
WEEKLY_TR_BASE,2026-08-25,43740.3152614
WEEKLY_TR_BASE,2026-08-26,43970.6152614
WEEKLY_TR_BASE,2026-08-27,44777.8152614
WEEKLY_TR_BASE,2026-08-28,44367.2152614
WEEKLY_TR_BASE,2026-08-31,44550.0152614
WEEKLY_TR_BASE,2026-09-01,44088.6152614
WEEKLY_TR_BASE,2026-09-02,43332.4152614
WEEKLY_TR_BASE,2026-09-03,43379.4152614
WEEKLY_TR_BASE,2026-09-04,42969.4152614
WEEKLY_TR_BASE,2026-09-07,43373.8063714
WEEKLY_TR_BASE,2026-09-08,43375.3063714
WEEKLY_TR_BASE,2026-09-09,43421.1063714
WEEKLY_TR_BASE,2026-09-10,43231.6063714
WEEKLY_TR_BASE,2026-09-11,42748.3063714
WEEKLY_TR_BASE,2026-09-14,42605.1063714
WEEKLY_TR_BASE,2026-09-15,42461.2063714
DAILY_TR_COST_STRESS_1P5X,2013-04-19,12000
DAILY_TR_COST_STRESS_1P5X,2013-04-22,12179.19355000
DAILY_TR_COST_STRESS_1P5X,2013-04-23,11887.19355000
DAILY_TR_COST_STRESS_1P5X,2013-04-24,12195.69355000
DAILY_TR_COST_STRESS_1P5X,2013-04-25,11961.69355000
DAILY_TR_COST_STRESS_1P5X,2013-04-26,11825.69355000
DAILY_TR_COST_STRESS_1P5X,2013-05-02,11986.19355000
DAILY_TR_COST_STRESS_1P5X,2013-05-03,12240.19355000
DAILY_TR_COST_STRESS_1P5X,2013-05-06,12423.69355000
DAILY_TR_COST_STRESS_1P5X,2013-05-07,12416.69355000
DAILY_TR_COST_STRESS_1P5X,2013-05-08,12663.69355000
DAILY_TR_COST_STRESS_1P5X,2013-05-09,12711.69355000
DAILY_TR_COST_STRESS_1P5X,2013-05-10,12726.69355000
DAILY_TR_COST_STRESS_1P5X,2013-05-13,12767.19355000
DAILY_TR_COST_STRESS_1P5X,2013-05-14,12586.69355000
DAILY_TR_COST_STRESS_1P5X,2013-05-15,12903.19355000
DAILY_TR_COST_STRESS_1P5X,2013-05-16,12945.69355000
DAILY_TR_COST_STRESS_1P5X,2013-05-17,13082.69355000
DAILY_TR_COST_STRESS_1P5X,2013-05-20,13340.19355000
DAILY_TR_COST_STRESS_1P5X,2013-05-21,13556.19355000
DAILY_TR_COST_STRESS_1P5X,2013-05-22,13308.19355000
DAILY_TR_COST_STRESS_1P5X,2013-05-23,13288.19355000
DAILY_TR_COST_STRESS_1P5X,2013-05-24,13532.69355000
DAILY_TR_COST_STRESS_1P5X,2013-05-27,13677.69355000
DAILY_TR_COST_STRESS_1P5X,2013-05-28,13513.69355000
DAILY_TR_COST_STRESS_1P5X,2013-05-29,13606.69355000
DAILY_TR_COST_STRESS_1P5X,2013-05-30,13647.19355000
DAILY_TR_COST_STRESS_1P5X,2013-05-31,13619.19355000
DAILY_TR_COST_STRESS_1P5X,2013-06-03,13454.69355000
DAILY_TR_COST_STRESS_1P5X,2013-06-04,13177.69355000
DAILY_TR_COST_STRESS_1P5X,2013-06-05,13289.69355000
DAILY_TR_COST_STRESS_1P5X,2013-06-06,13083.19355000
DAILY_TR_COST_STRESS_1P5X,2013-06-07,13062.69355000
DAILY_TR_COST_STRESS_1P5X,2013-06-13,12855.19355000
DAILY_TR_COST_STRESS_1P5X,2013-06-14,13246.19355000
DAILY_TR_COST_STRESS_1P5X,2013-06-17,13234.19355000
DAILY_TR_COST_STRESS_1P5X,2013-06-18,13256.69355000
DAILY_TR_COST_STRESS_1P5X,2013-06-19,13210.69355000
DAILY_TR_COST_STRESS_1P5X,2013-06-20,12788.69355000
DAILY_TR_COST_STRESS_1P5X,2013-06-21,12774.19355000
DAILY_TR_COST_STRESS_1P5X,2013-06-24,12071.19355000
DAILY_TR_COST_STRESS_1P5X,2013-06-25,12187.19355000
DAILY_TR_COST_STRESS_1P5X,2013-06-26,12640.19355000
DAILY_TR_COST_STRESS_1P5X,2013-06-27,12402.19355000
DAILY_TR_COST_STRESS_1P5X,2013-06-28,12311.19355000
DAILY_TR_COST_STRESS_1P5X,2013-07-01,12746.69355000
DAILY_TR_COST_STRESS_1P5X,2013-07-02,12978.19355000
DAILY_TR_COST_STRESS_1P5X,2013-07-03,13080.19355000
DAILY_TR_COST_STRESS_1P5X,2013-07-04,13046.19355000
DAILY_TR_COST_STRESS_1P5X,2013-07-05,12814.19355000
DAILY_TR_COST_STRESS_1P5X,2013-07-08,12471.69355000
DAILY_TR_COST_STRESS_1P5X,2013-07-09,12614.19355000
DAILY_TR_COST_STRESS_1P5X,2013-07-10,12899.69355000
DAILY_TR_COST_STRESS_1P5X,2013-07-11,13131.69355000
DAILY_TR_COST_STRESS_1P5X,2013-07-12,13147.69355000
DAILY_TR_COST_STRESS_1P5X,2013-07-15,13517.19355000
DAILY_TR_COST_STRESS_1P5X,2013-07-16,13577.19355000
DAILY_TR_COST_STRESS_1P5X,2013-07-17,13439.69355000
DAILY_TR_COST_STRESS_1P5X,2013-07-18,13416.69355000
DAILY_TR_COST_STRESS_1P5X,2013-07-19,13187.69355000
DAILY_TR_COST_STRESS_1P5X,2013-07-22,13574.69355000
DAILY_TR_COST_STRESS_1P5X,2013-07-23,13815.19355000
DAILY_TR_COST_STRESS_1P5X,2013-07-24,14004.69355000
DAILY_TR_COST_STRESS_1P5X,2013-07-25,13593.19355000
DAILY_TR_COST_STRESS_1P5X,2013-07-26,13612.19355000
DAILY_TR_COST_STRESS_1P5X,2013-07-29,13334.19355000
DAILY_TR_COST_STRESS_1P5X,2013-07-30,13222.69355000
DAILY_TR_COST_STRESS_1P5X,2013-07-31,13327.69355000
DAILY_TR_COST_STRESS_1P5X,2013-08-01,13806.19355000
DAILY_TR_COST_STRESS_1P5X,2013-08-02,13769.19355000
DAILY_TR_COST_STRESS_1P5X,2013-08-05,14006.69355000
DAILY_TR_COST_STRESS_1P5X,2013-08-06,14079.69355000
DAILY_TR_COST_STRESS_1P5X,2013-08-07,13804.19355000
DAILY_TR_COST_STRESS_1P5X,2013-08-08,13869.19355000
DAILY_TR_COST_STRESS_1P5X,2013-08-09,13836.69355000
DAILY_TR_COST_STRESS_1P5X,2013-08-12,13881.69355000
DAILY_TR_COST_STRESS_1P5X,2013-08-13,13887.14240000
DAILY_TR_COST_STRESS_1P5X,2013-08-14,13910.26342500
DAILY_TR_COST_STRESS_1P5X,2013-08-15,13720.96342500
DAILY_TR_COST_STRESS_1P5X,2013-08-16,13485.62487000
DAILY_TR_COST_STRESS_1P5X,2013-08-19,13641.32487000
DAILY_TR_COST_STRESS_1P5X,2013-08-20,13560.52487000
DAILY_TR_COST_STRESS_1P5X,2013-08-21,13603.22487000
DAILY_TR_COST_STRESS_1P5X,2013-08-22,13612.92487000
DAILY_TR_COST_STRESS_1P5X,2013-08-23,13669.13595000
DAILY_TR_COST_STRESS_1P5X,2013-08-26,13915.53595000
DAILY_TR_COST_STRESS_1P5X,2013-08-27,14010.23595000
DAILY_TR_COST_STRESS_1P5X,2013-08-28,13871.63595000
DAILY_TR_COST_STRESS_1P5X,2013-08-29,13861.43595000
DAILY_TR_COST_STRESS_1P5X,2013-08-30,13741.66598500
DAILY_TR_COST_STRESS_1P5X,2013-09-02,13758.86598500
DAILY_TR_COST_STRESS_1P5X,2013-09-03,13972.46598500
DAILY_TR_COST_STRESS_1P5X,2013-09-04,13963.86598500
DAILY_TR_COST_STRESS_1P5X,2013-09-05,14144.96605000
DAILY_TR_COST_STRESS_1P5X,2013-09-06,14264.36605000
DAILY_TR_COST_STRESS_1P5X,2013-09-09,14276.66605000
DAILY_TR_COST_STRESS_1P5X,2013-09-10,14274.56605000
DAILY_TR_COST_STRESS_1P5X,2013-09-11,14041.58152500
DAILY_TR_COST_STRESS_1P5X,2013-09-12,14519.39023000
DAILY_TR_COST_STRESS_1P5X,2013-09-13,14490.79023000
DAILY_TR_COST_STRESS_1P5X,2013-09-16,14528.48758000
DAILY_TR_COST_STRESS_1P5X,2013-09-17,14346.28758000
DAILY_TR_COST_STRESS_1P5X,2013-09-18,14460.41488000
DAILY_TR_COST_STRESS_1P5X,2013-09-23,14768.41488000
DAILY_TR_COST_STRESS_1P5X,2013-09-24,14794.41488000
DAILY_TR_COST_STRESS_1P5X,2013-09-25,14775.21488000
DAILY_TR_COST_STRESS_1P5X,2013-09-26,14603.61488000
DAILY_TR_COST_STRESS_1P5X,2013-09-27,14708.01488000
DAILY_TR_COST_STRESS_1P5X,2013-09-30,15043.61488000
DAILY_TR_COST_STRESS_1P5X,2013-10-08,15140.41488000
DAILY_TR_COST_STRESS_1P5X,2013-10-09,15374.41488000
DAILY_TR_COST_STRESS_1P5X,2013-10-10,15131.21488000
DAILY_TR_COST_STRESS_1P5X,2013-10-11,15290.41488000
DAILY_TR_COST_STRESS_1P5X,2013-10-14,15424.01488000
DAILY_TR_COST_STRESS_1P5X,2013-10-15,15400.41488000
DAILY_TR_COST_STRESS_1P5X,2013-10-16,14932.81488000
DAILY_TR_COST_STRESS_1P5X,2013-10-17,14817.21488000
DAILY_TR_COST_STRESS_1P5X,2013-10-18,15054.81488000
DAILY_TR_COST_STRESS_1P5X,2013-10-21,15445.61488000
DAILY_TR_COST_STRESS_1P5X,2013-10-22,15078.01488000
DAILY_TR_COST_STRESS_1P5X,2013-10-23,14759.21488000
DAILY_TR_COST_STRESS_1P5X,2013-10-24,14626.01488000
DAILY_TR_COST_STRESS_1P5X,2013-10-25,14368.81488000
DAILY_TR_COST_STRESS_1P5X,2013-10-28,14372.41488000
DAILY_TR_COST_STRESS_1P5X,2013-10-29,14089.21488000
DAILY_TR_COST_STRESS_1P5X,2013-10-30,14240.14696000
DAILY_TR_COST_STRESS_1P5X,2013-10-31,13999.89830000
DAILY_TR_COST_STRESS_1P5X,2013-11-01,13903.14012500
DAILY_TR_COST_STRESS_1P5X,2013-11-04,13914.44012500
DAILY_TR_COST_STRESS_1P5X,2013-11-05,13997.04012500
DAILY_TR_COST_STRESS_1P5X,2013-11-06,13877.04012500
DAILY_TR_COST_STRESS_1P5X,2013-11-07,13756.64012500
DAILY_TR_COST_STRESS_1P5X,2013-11-08,13574.54012500
DAILY_TR_COST_STRESS_1P5X,2013-11-11,13605.94012500
DAILY_TR_COST_STRESS_1P5X,2013-11-12,13715.54012500
DAILY_TR_COST_STRESS_1P5X,2013-11-13,13498.24012500
DAILY_TR_COST_STRESS_1P5X,2013-11-14,13587.24012500
DAILY_TR_COST_STRESS_1P5X,2013-11-15,13792.21321500
DAILY_TR_COST_STRESS_1P5X,2013-11-18,14077.89599000
DAILY_TR_COST_STRESS_1P5X,2013-11-19,14078.29599000
DAILY_TR_COST_STRESS_1P5X,2013-11-20,14098.76842500
DAILY_TR_COST_STRESS_1P5X,2013-11-21,14057.76842500
DAILY_TR_COST_STRESS_1P5X,2013-11-22,14001.76842500
DAILY_TR_COST_STRESS_1P5X,2013-11-25,13987.56842500
DAILY_TR_COST_STRESS_1P5X,2013-11-26,13950.66842500
DAILY_TR_COST_STRESS_1P5X,2013-11-27,14219.31516500
DAILY_TR_COST_STRESS_1P5X,2013-11-28,14297.81516500
DAILY_TR_COST_STRESS_1P5X,2013-11-29,14473.81516500
DAILY_TR_COST_STRESS_1P5X,2013-12-02,13549.51516500
DAILY_TR_COST_STRESS_1P5X,2013-12-03,13590.70165500
DAILY_TR_COST_STRESS_1P5X,2013-12-04,13785.50165500
DAILY_TR_COST_STRESS_1P5X,2013-12-05,13785.50165500
DAILY_TR_COST_STRESS_1P5X,2013-12-06,13732.90165500
DAILY_TR_COST_STRESS_1P5X,2013-12-09,13771.80165500
DAILY_TR_COST_STRESS_1P5X,2013-12-10,13769.40165500
DAILY_TR_COST_STRESS_1P5X,2013-12-11,13610.90165500
DAILY_TR_COST_STRESS_1P5X,2013-12-12,13610.70165500
DAILY_TR_COST_STRESS_1P5X,2013-12-13,13620.10165500
DAILY_TR_COST_STRESS_1P5X,2013-12-16,13412.00165500
DAILY_TR_COST_STRESS_1P5X,2013-12-17,13287.24023000
DAILY_TR_COST_STRESS_1P5X,2013-12-18,13260.56227000
DAILY_TR_COST_STRESS_1P5X,2013-12-19,13160.56227000
DAILY_TR_COST_STRESS_1P5X,2013-12-20,13057.12427000
DAILY_TR_COST_STRESS_1P5X,2013-12-23,12973.92427000
DAILY_TR_COST_STRESS_1P5X,2013-12-24,12975.37159000
DAILY_TR_COST_STRESS_1P5X,2013-12-25,13141.87854500
DAILY_TR_COST_STRESS_1P5X,2013-12-26,12948.07854500
DAILY_TR_COST_STRESS_1P5X,2013-12-27,13182.57854500
DAILY_TR_COST_STRESS_1P5X,2013-12-30,13231.97854500
DAILY_TR_COST_STRESS_1P5X,2013-12-31,13231.27854500
DAILY_TR_COST_STRESS_1P5X,2014-01-02,13414.67854500
DAILY_TR_COST_STRESS_1P5X,2014-01-03,13465.47854500
DAILY_TR_COST_STRESS_1P5X,2014-01-06,13178.27854500
DAILY_TR_COST_STRESS_1P5X,2014-01-07,13317.77854500
DAILY_TR_COST_STRESS_1P5X,2014-01-08,13562.97854500
DAILY_TR_COST_STRESS_1P5X,2014-01-09,13381.07854500
DAILY_TR_COST_STRESS_1P5X,2014-01-10,13158.27854500
DAILY_TR_COST_STRESS_1P5X,2014-01-13,13187.17854500
DAILY_TR_COST_STRESS_1P5X,2014-01-14,13478.87854500
DAILY_TR_COST_STRESS_1P5X,2014-01-15,13572.97854500
DAILY_TR_COST_STRESS_1P5X,2014-01-16,13516.67854500
DAILY_TR_COST_STRESS_1P5X,2014-01-17,13420.87854500
DAILY_TR_COST_STRESS_1P5X,2014-01-20,13264.87854500
DAILY_TR_COST_STRESS_1P5X,2014-01-21,13514.17854500
DAILY_TR_COST_STRESS_1P5X,2014-01-22,13769.27854500
DAILY_TR_COST_STRESS_1P5X,2014-01-23,13958.97854500
DAILY_TR_COST_STRESS_1P5X,2014-01-24,14160.57854500
DAILY_TR_COST_STRESS_1P5X,2014-01-27,14117.47854500
DAILY_TR_COST_STRESS_1P5X,2014-01-28,14087.67854500
DAILY_TR_COST_STRESS_1P5X,2014-01-29,14249.17854500
DAILY_TR_COST_STRESS_1P5X,2014-01-30,14202.07854500
DAILY_TR_COST_STRESS_1P5X,2014-02-07,14482.07854500
DAILY_TR_COST_STRESS_1P5X,2014-02-10,14742.67854500
DAILY_TR_COST_STRESS_1P5X,2014-02-11,14646.37854500
DAILY_TR_COST_STRESS_1P5X,2014-02-12,14778.17854500
DAILY_TR_COST_STRESS_1P5X,2014-02-13,14421.47854500
DAILY_TR_COST_STRESS_1P5X,2014-02-14,14662.27854500
DAILY_TR_COST_STRESS_1P5X,2014-02-17,14980.67854500
DAILY_TR_COST_STRESS_1P5X,2014-02-18,14898.37854500
DAILY_TR_COST_STRESS_1P5X,2014-02-19,14899.17854500
DAILY_TR_COST_STRESS_1P5X,2014-02-20,14697.57854500
DAILY_TR_COST_STRESS_1P5X,2014-02-21,14659.07854500
DAILY_TR_COST_STRESS_1P5X,2014-02-24,14734.97854500
DAILY_TR_COST_STRESS_1P5X,2014-02-25,14171.87854500
DAILY_TR_COST_STRESS_1P5X,2014-02-26,14200.17854500
DAILY_TR_COST_STRESS_1P5X,2014-02-27,13901.47854500
DAILY_TR_COST_STRESS_1P5X,2014-02-28,14037.97854500
DAILY_TR_COST_STRESS_1P5X,2014-03-03,14170.23831000
DAILY_TR_COST_STRESS_1P5X,2014-03-04,14133.88964000
DAILY_TR_COST_STRESS_1P5X,2014-03-05,14126.68964000
DAILY_TR_COST_STRESS_1P5X,2014-03-06,14116.68964000
DAILY_TR_COST_STRESS_1P5X,2014-03-07,14051.84281500
DAILY_TR_COST_STRESS_1P5X,2014-03-10,13622.34281500
DAILY_TR_COST_STRESS_1P5X,2014-03-11,13654.04281500
DAILY_TR_COST_STRESS_1P5X,2014-03-12,13659.84281500
DAILY_TR_COST_STRESS_1P5X,2014-03-13,13822.74281500
DAILY_TR_COST_STRESS_1P5X,2014-03-14,13720.16173500
DAILY_TR_COST_STRESS_1P5X,2014-03-17,14032.96173500
DAILY_TR_COST_STRESS_1P5X,2014-03-18,14093.56173500
DAILY_TR_COST_STRESS_1P5X,2014-03-19,13995.96173500
DAILY_TR_COST_STRESS_1P5X,2014-03-20,13638.36173500
DAILY_TR_COST_STRESS_1P5X,2014-03-21,13752.36173500
DAILY_TR_COST_STRESS_1P5X,2014-03-24,13786.77268000
DAILY_TR_COST_STRESS_1P5X,2014-03-25,13778.37268000
DAILY_TR_COST_STRESS_1P5X,2014-03-26,13800.77268000
DAILY_TR_COST_STRESS_1P5X,2014-03-27,13674.77268000
DAILY_TR_COST_STRESS_1P5X,2014-03-28,13537.57268000
DAILY_TR_COST_STRESS_1P5X,2014-03-31,13478.77268000
DAILY_TR_COST_STRESS_1P5X,2014-04-01,13607.57268000
DAILY_TR_COST_STRESS_1P5X,2014-04-02,13660.77268000
DAILY_TR_COST_STRESS_1P5X,2014-04-03,13607.57268000
DAILY_TR_COST_STRESS_1P5X,2014-04-04,13741.97268000
DAILY_TR_COST_STRESS_1P5X,2014-04-08,13960.37268000
DAILY_TR_COST_STRESS_1P5X,2014-04-09,14005.17268000
DAILY_TR_COST_STRESS_1P5X,2014-04-10,14133.97268000
DAILY_TR_COST_STRESS_1P5X,2014-04-11,14103.17268000
DAILY_TR_COST_STRESS_1P5X,2014-04-14,14150.77268000
DAILY_TR_COST_STRESS_1P5X,2014-04-15,13993.97268000
DAILY_TR_COST_STRESS_1P5X,2014-04-16,13988.37268000
DAILY_TR_COST_STRESS_1P5X,2014-04-17,13971.57268000
DAILY_TR_COST_STRESS_1P5X,2014-04-18,13988.37268000
DAILY_TR_COST_STRESS_1P5X,2014-04-21,13769.97268000
DAILY_TR_COST_STRESS_1P5X,2014-04-22,13778.37268000
DAILY_TR_COST_STRESS_1P5X,2014-04-23,13733.57268000
DAILY_TR_COST_STRESS_1P5X,2014-04-24,13683.17268000
DAILY_TR_COST_STRESS_1P5X,2014-04-25,13473.17268000
DAILY_TR_COST_STRESS_1P5X,2014-04-28,13209.97268000
DAILY_TR_COST_STRESS_1P5X,2014-04-29,13341.57268000
DAILY_TR_COST_STRESS_1P5X,2014-04-30,13383.57268000
DAILY_TR_COST_STRESS_1P5X,2014-05-05,13436.77268000
DAILY_TR_COST_STRESS_1P5X,2014-05-06,13457.91624000
DAILY_TR_COST_STRESS_1P5X,2014-05-07,13287.11624000
DAILY_TR_COST_STRESS_1P5X,2014-05-08,13252.41624000
DAILY_TR_COST_STRESS_1P5X,2014-05-09,13146.21624000
DAILY_TR_COST_STRESS_1P5X,2014-05-12,13403.37626000
DAILY_TR_COST_STRESS_1P5X,2014-05-13,13375.37626000
DAILY_TR_COST_STRESS_1P5X,2014-05-14,13358.57626000
DAILY_TR_COST_STRESS_1P5X,2014-05-15,13196.17626000
DAILY_TR_COST_STRESS_1P5X,2014-05-16,13182.17626000
DAILY_TR_COST_STRESS_1P5X,2014-05-19,13056.17626000
DAILY_TR_COST_STRESS_1P5X,2014-05-20,13078.57626000
DAILY_TR_COST_STRESS_1P5X,2014-05-21,13184.97626000
DAILY_TR_COST_STRESS_1P5X,2014-05-22,13168.17626000
DAILY_TR_COST_STRESS_1P5X,2014-05-23,13357.01058500
DAILY_TR_COST_STRESS_1P5X,2014-05-26,13465.91058500
DAILY_TR_COST_STRESS_1P5X,2014-05-27,13366.70266500
DAILY_TR_COST_STRESS_1P5X,2014-05-28,13613.40266500
DAILY_TR_COST_STRESS_1P5X,2014-05-29,13419.30266500
DAILY_TR_COST_STRESS_1P5X,2014-05-30,13454.90266500
DAILY_TR_COST_STRESS_1P5X,2014-06-03,13419.30266500
DAILY_TR_COST_STRESS_1P5X,2014-06-04,13412.10266500
DAILY_TR_COST_STRESS_1P5X,2014-06-05,13620.30266500
DAILY_TR_COST_STRESS_1P5X,2014-06-06,13584.70266500
DAILY_TR_COST_STRESS_1P5X,2014-06-09,13413.00266500
DAILY_TR_COST_STRESS_1P5X,2014-06-10,13632.40266500
DAILY_TR_COST_STRESS_1P5X,2014-06-11,13721.50266500
DAILY_TR_COST_STRESS_1P5X,2014-06-12,13696.20266500
DAILY_TR_COST_STRESS_1P5X,2014-06-13,13838.60266500
DAILY_TR_COST_STRESS_1P5X,2014-06-16,13927.70266500
DAILY_TR_COST_STRESS_1P5X,2014-06-17,13816.20266500
DAILY_TR_COST_STRESS_1P5X,2014-06-18,13727.10266500
DAILY_TR_COST_STRESS_1P5X,2014-06-19,13342.90266500
DAILY_TR_COST_STRESS_1P5X,2014-06-20,13464.70266500
DAILY_TR_COST_STRESS_1P5X,2014-06-23,13636.40266500
DAILY_TR_COST_STRESS_1P5X,2014-06-24,13722.60266500
DAILY_TR_COST_STRESS_1P5X,2014-06-25,13623.20266500
DAILY_TR_COST_STRESS_1P5X,2014-06-26,13828.50266500
DAILY_TR_COST_STRESS_1P5X,2014-06-27,13871.50266500
DAILY_TR_COST_STRESS_1P5X,2014-06-30,14003.60266500
DAILY_TR_COST_STRESS_1P5X,2014-07-01,14090.70266500
DAILY_TR_COST_STRESS_1P5X,2014-07-02,14173.10266500
DAILY_TR_COST_STRESS_1P5X,2014-07-03,14234.70266500
DAILY_TR_COST_STRESS_1P5X,2014-07-04,14180.30266500
DAILY_TR_COST_STRESS_1P5X,2014-07-07,14111.60266500
DAILY_TR_COST_STRESS_1P5X,2014-07-08,14236.30266500
DAILY_TR_COST_STRESS_1P5X,2014-07-09,14009.50266500
DAILY_TR_COST_STRESS_1P5X,2014-07-10,13905.20266500
DAILY_TR_COST_STRESS_1P5X,2014-07-11,13966.66100500
DAILY_TR_COST_STRESS_1P5X,2014-07-14,14140.26100500
DAILY_TR_COST_STRESS_1P5X,2014-07-15,14143.06100500
DAILY_TR_COST_STRESS_1P5X,2014-07-16,14089.86100500
DAILY_TR_COST_STRESS_1P5X,2014-07-17,14019.86100500
DAILY_TR_COST_STRESS_1P5X,2014-07-18,14061.86100500
DAILY_TR_COST_STRESS_1P5X,2014-07-21,14042.26100500
DAILY_TR_COST_STRESS_1P5X,2014-07-22,14204.66100500
DAILY_TR_COST_STRESS_1P5X,2014-07-23,14171.06100500
DAILY_TR_COST_STRESS_1P5X,2014-07-24,14299.86100500
DAILY_TR_COST_STRESS_1P5X,2014-07-25,14428.66100500
DAILY_TR_COST_STRESS_1P5X,2014-07-28,14714.26100500
DAILY_TR_COST_STRESS_1P5X,2014-07-29,14792.66100500
DAILY_TR_COST_STRESS_1P5X,2014-07-30,14781.46100500
DAILY_TR_COST_STRESS_1P5X,2014-07-31,14949.46100500
DAILY_TR_COST_STRESS_1P5X,2014-08-01,14806.66100500
DAILY_TR_COST_STRESS_1P5X,2014-08-04,15039.06100500
DAILY_TR_COST_STRESS_1P5X,2014-08-05,15047.46100500
DAILY_TR_COST_STRESS_1P5X,2014-08-06,15055.86100500
DAILY_TR_COST_STRESS_1P5X,2014-08-07,14921.46100500
DAILY_TR_COST_STRESS_1P5X,2014-08-08,14957.86100500
DAILY_TR_COST_STRESS_1P5X,2014-08-11,15156.66100500
DAILY_TR_COST_STRESS_1P5X,2014-08-12,15167.86100500
DAILY_TR_COST_STRESS_1P5X,2014-08-13,15187.46100500
DAILY_TR_COST_STRESS_1P5X,2014-08-14,15061.46100500
DAILY_TR_COST_STRESS_1P5X,2014-08-15,15229.46100500
DAILY_TR_COST_STRESS_1P5X,2014-08-18,15352.66100500
DAILY_TR_COST_STRESS_1P5X,2014-08-19,15375.06100500
DAILY_TR_COST_STRESS_1P5X,2014-08-20,15349.86100500
DAILY_TR_COST_STRESS_1P5X,2014-08-21,15432.70887500
DAILY_TR_COST_STRESS_1P5X,2014-08-22,15545.30887500
DAILY_TR_COST_STRESS_1P5X,2014-08-25,15387.40887500
DAILY_TR_COST_STRESS_1P5X,2014-08-26,15125.50887500
DAILY_TR_COST_STRESS_1P5X,2014-08-27,15184.90887500
DAILY_TR_COST_STRESS_1P5X,2014-08-28,15036.20887500
DAILY_TR_COST_STRESS_1P5X,2014-08-29,15236.30887500
DAILY_TR_COST_STRESS_1P5X,2014-09-01,15464.50887500
DAILY_TR_COST_STRESS_1P5X,2014-09-02,15638.20887500
DAILY_TR_COST_STRESS_1P5X,2014-09-03,15737.30887500
DAILY_TR_COST_STRESS_1P5X,2014-09-04,15875.00887500
DAILY_TR_COST_STRESS_1P5X,2014-09-05,15922.70887500
DAILY_TR_COST_STRESS_1P5X,2014-09-09,15967.90887500
DAILY_TR_COST_STRESS_1P5X,2014-09-10,16023.00887500
DAILY_TR_COST_STRESS_1P5X,2014-09-11,16031.60887500
DAILY_TR_COST_STRESS_1P5X,2014-09-12,16178.40887500
DAILY_TR_COST_STRESS_1P5X,2014-09-15,16244.40887500
DAILY_TR_COST_STRESS_1P5X,2014-09-16,15781.90887500
DAILY_TR_COST_STRESS_1P5X,2014-09-17,15852.20887500
DAILY_TR_COST_STRESS_1P5X,2014-09-18,15980.10887500
DAILY_TR_COST_STRESS_1P5X,2014-09-19,16065.70887500
DAILY_TR_COST_STRESS_1P5X,2014-09-22,15873.00887500
DAILY_TR_COST_STRESS_1P5X,2014-09-23,16065.10887500
DAILY_TR_COST_STRESS_1P5X,2014-09-24,16252.30887500
DAILY_TR_COST_STRESS_1P5X,2014-09-25,16192.30887500
DAILY_TR_COST_STRESS_1P5X,2014-09-26,16234.50887500
DAILY_TR_COST_STRESS_1P5X,2014-09-29,16400.30887500
DAILY_TR_COST_STRESS_1P5X,2014-09-30,16503.70887500
DAILY_TR_COST_STRESS_1P5X,2014-10-08,16709.20887500
DAILY_TR_COST_STRESS_1P5X,2014-10-09,16734.30887500
DAILY_TR_COST_STRESS_1P5X,2014-10-10,16661.50887500
DAILY_TR_COST_STRESS_1P5X,2014-10-13,16632.70887500
DAILY_TR_COST_STRESS_1P5X,2014-10-14,16540.90887500
DAILY_TR_COST_STRESS_1P5X,2014-10-15,16618.00887500
DAILY_TR_COST_STRESS_1P5X,2014-10-16,16404.50887500
DAILY_TR_COST_STRESS_1P5X,2014-10-17,16267.72834500
DAILY_TR_COST_STRESS_1P5X,2014-10-20,16402.22834500
DAILY_TR_COST_STRESS_1P5X,2014-10-21,16201.31883500
DAILY_TR_COST_STRESS_1P5X,2014-10-22,16062.21883500
DAILY_TR_COST_STRESS_1P5X,2014-10-23,15844.71883500
DAILY_TR_COST_STRESS_1P5X,2014-10-24,15840.76686000
DAILY_TR_COST_STRESS_1P5X,2014-10-27,15916.93405500
DAILY_TR_COST_STRESS_1P5X,2014-10-28,16233.53405500
DAILY_TR_COST_STRESS_1P5X,2014-10-29,16374.23405500
DAILY_TR_COST_STRESS_1P5X,2014-10-30,16319.13405500
DAILY_TR_COST_STRESS_1P5X,2014-10-31,16420.02850500
DAILY_TR_COST_STRESS_1P5X,2014-11-03,16462.72850500
DAILY_TR_COST_STRESS_1P5X,2014-11-04,16415.32850500
DAILY_TR_COST_STRESS_1P5X,2014-11-05,16396.22850500
DAILY_TR_COST_STRESS_1P5X,2014-11-06,16451.12850500
DAILY_TR_COST_STRESS_1P5X,2014-11-07,16358.62850500
DAILY_TR_COST_STRESS_1P5X,2014-11-10,16642.52850500
DAILY_TR_COST_STRESS_1P5X,2014-11-11,16369.62850500
DAILY_TR_COST_STRESS_1P5X,2014-11-12,16599.42850500
DAILY_TR_COST_STRESS_1P5X,2014-11-13,16498.72850500
DAILY_TR_COST_STRESS_1P5X,2014-11-14,16486.62850500
DAILY_TR_COST_STRESS_1P5X,2014-11-17,16532.72850500
DAILY_TR_COST_STRESS_1P5X,2014-11-18,16446.32850500
DAILY_TR_COST_STRESS_1P5X,2014-11-19,16459.52850500
DAILY_TR_COST_STRESS_1P5X,2014-11-20,16460.72850500
DAILY_TR_COST_STRESS_1P5X,2014-11-21,16686.02850500
DAILY_TR_COST_STRESS_1P5X,2014-11-24,17023.12850500
DAILY_TR_COST_STRESS_1P5X,2014-11-25,17213.52850500
DAILY_TR_COST_STRESS_1P5X,2014-11-26,17326.52850500
DAILY_TR_COST_STRESS_1P5X,2014-11-27,17461.42850500
DAILY_TR_COST_STRESS_1P5X,2014-11-28,17626.82850500
DAILY_TR_COST_STRESS_1P5X,2014-12-01,17599.12850500
DAILY_TR_COST_STRESS_1P5X,2014-12-02,18025.62850500
DAILY_TR_COST_STRESS_1P5X,2014-12-03,18217.22850500
DAILY_TR_COST_STRESS_1P5X,2014-12-04,18901.02850500
DAILY_TR_COST_STRESS_1P5X,2014-12-05,18684.72850500
DAILY_TR_COST_STRESS_1P5X,2014-12-08,19229.52850500
DAILY_TR_COST_STRESS_1P5X,2014-12-09,18376.42850500
DAILY_TR_COST_STRESS_1P5X,2014-12-10,19000.52850500
DAILY_TR_COST_STRESS_1P5X,2014-12-11,18997.82850500
DAILY_TR_COST_STRESS_1P5X,2014-12-12,19073.62850500
DAILY_TR_COST_STRESS_1P5X,2014-12-15,19310.92850500
DAILY_TR_COST_STRESS_1P5X,2014-12-16,19546.92850500
DAILY_TR_COST_STRESS_1P5X,2014-12-17,19649.82850500
DAILY_TR_COST_STRESS_1P5X,2014-12-18,19659.02850500
DAILY_TR_COST_STRESS_1P5X,2014-12-19,19731.22850500
DAILY_TR_COST_STRESS_1P5X,2014-12-22,19354.82850500
DAILY_TR_COST_STRESS_1P5X,2014-12-23,18983.12850500
DAILY_TR_COST_STRESS_1P5X,2014-12-24,18812.22850500
DAILY_TR_COST_STRESS_1P5X,2014-12-25,19305.22850500
DAILY_TR_COST_STRESS_1P5X,2014-12-26,19763.12850500
DAILY_TR_COST_STRESS_1P5X,2014-12-29,19594.22850500
DAILY_TR_COST_STRESS_1P5X,2014-12-30,19459.02850500
DAILY_TR_COST_STRESS_1P5X,2014-12-31,19830.42850500
DAILY_TR_COST_STRESS_1P5X,2015-01-05,20285.82850500
DAILY_TR_COST_STRESS_1P5X,2015-01-06,20332.92850500
DAILY_TR_COST_STRESS_1P5X,2015-01-07,20335.22850500
DAILY_TR_COST_STRESS_1P5X,2015-01-08,20030.42850500
DAILY_TR_COST_STRESS_1P5X,2015-01-09,19913.42850500
DAILY_TR_COST_STRESS_1P5X,2015-01-12,19767.12850500
DAILY_TR_COST_STRESS_1P5X,2015-01-13,19755.56873500
DAILY_TR_COST_STRESS_1P5X,2015-01-14,19650.06873500
DAILY_TR_COST_STRESS_1P5X,2015-01-15,20022.40336500
DAILY_TR_COST_STRESS_1P5X,2015-01-16,20183.60336500
DAILY_TR_COST_STRESS_1P5X,2015-01-19,18965.18982000
DAILY_TR_COST_STRESS_1P5X,2015-01-20,19724.38982000
DAILY_TR_COST_STRESS_1P5X,2015-01-21,20190.08982000
DAILY_TR_COST_STRESS_1P5X,2015-01-22,20364.25001500
DAILY_TR_COST_STRESS_1P5X,2015-01-23,20031.25001500
DAILY_TR_COST_STRESS_1P5X,2015-01-26,20295.77238000
DAILY_TR_COST_STRESS_1P5X,2015-01-27,20216.77238000
DAILY_TR_COST_STRESS_1P5X,2015-01-28,20059.48772500
DAILY_TR_COST_STRESS_1P5X,2015-01-29,19917.08772500
DAILY_TR_COST_STRESS_1P5X,2015-01-30,19654.08772500
DAILY_TR_COST_STRESS_1P5X,2015-02-02,19701.28772500
DAILY_TR_COST_STRESS_1P5X,2015-02-03,20155.28772500
DAILY_TR_COST_STRESS_1P5X,2015-02-04,20137.48772500
DAILY_TR_COST_STRESS_1P5X,2015-02-05,20135.28772500
DAILY_TR_COST_STRESS_1P5X,2015-02-06,19702.48772500
DAILY_TR_COST_STRESS_1P5X,2015-02-09,19565.68772500
DAILY_TR_COST_STRESS_1P5X,2015-02-10,19888.08772500
DAILY_TR_COST_STRESS_1P5X,2015-02-11,20091.28772500
DAILY_TR_COST_STRESS_1P5X,2015-02-12,20245.08772500
DAILY_TR_COST_STRESS_1P5X,2015-02-13,20606.48772500
DAILY_TR_COST_STRESS_1P5X,2015-02-16,21158.28772500
DAILY_TR_COST_STRESS_1P5X,2015-02-17,21149.08772500
DAILY_TR_COST_STRESS_1P5X,2015-02-25,21034.88772500
DAILY_TR_COST_STRESS_1P5X,2015-02-26,21206.28772500
DAILY_TR_COST_STRESS_1P5X,2015-02-27,21566.08772500
DAILY_TR_COST_STRESS_1P5X,2015-03-02,22043.08772500
DAILY_TR_COST_STRESS_1P5X,2015-03-03,21808.48772500
DAILY_TR_COST_STRESS_1P5X,2015-03-04,22301.08772500
DAILY_TR_COST_STRESS_1P5X,2015-03-05,22267.88772500
DAILY_TR_COST_STRESS_1P5X,2015-03-06,21814.68772500
DAILY_TR_COST_STRESS_1P5X,2015-03-09,22230.88772500
DAILY_TR_COST_STRESS_1P5X,2015-03-10,22529.88772500
DAILY_TR_COST_STRESS_1P5X,2015-03-11,22459.48772500
DAILY_TR_COST_STRESS_1P5X,2015-03-12,22340.28772500
DAILY_TR_COST_STRESS_1P5X,2015-03-13,22744.28772500
DAILY_TR_COST_STRESS_1P5X,2015-03-16,23436.08772500
DAILY_TR_COST_STRESS_1P5X,2015-03-17,23532.88772500
DAILY_TR_COST_STRESS_1P5X,2015-03-18,23943.68772500
DAILY_TR_COST_STRESS_1P5X,2015-03-19,24028.48772500
DAILY_TR_COST_STRESS_1P5X,2015-03-20,24291.08772500
DAILY_TR_COST_STRESS_1P5X,2015-03-23,25137.48772500
DAILY_TR_COST_STRESS_1P5X,2015-03-24,25398.48772500
DAILY_TR_COST_STRESS_1P5X,2015-03-25,25580.28772500
DAILY_TR_COST_STRESS_1P5X,2015-03-26,24961.48772500
DAILY_TR_COST_STRESS_1P5X,2015-03-27,25345.88772500
DAILY_TR_COST_STRESS_1P5X,2015-03-30,25352.88772500
DAILY_TR_COST_STRESS_1P5X,2015-03-31,25599.68772500
DAILY_TR_COST_STRESS_1P5X,2015-04-01,26161.08772500
DAILY_TR_COST_STRESS_1P5X,2015-04-02,26762.48772500
DAILY_TR_COST_STRESS_1P5X,2015-04-03,27060.48772500
DAILY_TR_COST_STRESS_1P5X,2015-04-07,27622.28772500
DAILY_TR_COST_STRESS_1P5X,2015-04-08,27113.68772500
DAILY_TR_COST_STRESS_1P5X,2015-04-09,26721.39162500
DAILY_TR_COST_STRESS_1P5X,2015-04-10,27385.94579500
DAILY_TR_COST_STRESS_1P5X,2015-04-13,27520.94579500
DAILY_TR_COST_STRESS_1P5X,2015-04-14,27459.39223831363725432384994
DAILY_TR_COST_STRESS_1P5X,2015-04-15,26621.58779500
DAILY_TR_COST_STRESS_1P5X,2015-04-16,26954.84879500
DAILY_TR_COST_STRESS_1P5X,2015-04-17,27249.89494500
DAILY_TR_COST_STRESS_1P5X,2015-04-20,26801.61494500
DAILY_TR_COST_STRESS_1P5X,2015-04-21,27486.36594500
DAILY_TR_COST_STRESS_1P5X,2015-04-22,28203.61594500
DAILY_TR_COST_STRESS_1P5X,2015-04-23,28273.77294500
DAILY_TR_COST_STRESS_1P5X,2015-04-24,28275.07394500
DAILY_TR_COST_STRESS_1P5X,2015-04-27,28403.53689350
DAILY_TR_COST_STRESS_1P5X,2015-04-28,27921.10523350
DAILY_TR_COST_STRESS_1P5X,2015-04-29,28957.56322850
DAILY_TR_COST_STRESS_1P5X,2015-04-30,28995.45030350
DAILY_TR_COST_STRESS_1P5X,2015-05-04,29014.73013350
DAILY_TR_COST_STRESS_1P5X,2015-05-05,27989.17066850
DAILY_TR_COST_STRESS_1P5X,2015-05-06,28030.70954350
DAILY_TR_COST_STRESS_1P5X,2015-05-07,27578.20954350
DAILY_TR_COST_STRESS_1P5X,2015-05-08,28721.30954350
DAILY_TR_COST_STRESS_1P5X,2015-05-11,29841.20954350
DAILY_TR_COST_STRESS_1P5X,2015-05-12,30299.86963850
DAILY_TR_COST_STRESS_1P5X,2015-05-13,30012.16963850
DAILY_TR_COST_STRESS_1P5X,2015-05-14,29836.46963850
DAILY_TR_COST_STRESS_1P5X,2015-05-15,29796.66963850
DAILY_TR_COST_STRESS_1P5X,2015-05-18,30667.56963850
DAILY_TR_COST_STRESS_1P5X,2015-05-19,31132.76963850
DAILY_TR_COST_STRESS_1P5X,2015-05-20,31714.36963850
DAILY_TR_COST_STRESS_1P5X,2015-05-21,32994.26963850
DAILY_TR_COST_STRESS_1P5X,2015-05-22,33070.56963850
DAILY_TR_COST_STRESS_1P5X,2015-05-25,33098.56963850
DAILY_TR_COST_STRESS_1P5X,2015-05-26,34299.96963850
DAILY_TR_COST_STRESS_1P5X,2015-05-27,34473.96963850
DAILY_TR_COST_STRESS_1P5X,2015-05-28,32683.76963850
DAILY_TR_COST_STRESS_1P5X,2015-05-29,33401.86963850
DAILY_TR_COST_STRESS_1P5X,2015-06-01,35174.46963850
DAILY_TR_COST_STRESS_1P5X,2015-06-02,36483.46963850
DAILY_TR_COST_STRESS_1P5X,2015-06-03,36467.76963850
DAILY_TR_COST_STRESS_1P5X,2015-06-04,36327.66963850
DAILY_TR_COST_STRESS_1P5X,2015-06-05,36503.46963850
DAILY_TR_COST_STRESS_1P5X,2015-06-08,35416.46963850
DAILY_TR_COST_STRESS_1P5X,2015-06-09,35480.16963850
DAILY_TR_COST_STRESS_1P5X,2015-06-10,36347.26963850
DAILY_TR_COST_STRESS_1P5X,2015-06-11,36688.66963850
DAILY_TR_COST_STRESS_1P5X,2015-06-12,37155.86963850
DAILY_TR_COST_STRESS_1P5X,2015-06-15,35912.06963850
DAILY_TR_COST_STRESS_1P5X,2015-06-16,34601.84953350
DAILY_TR_COST_STRESS_1P5X,2015-06-17,35177.34953350
DAILY_TR_COST_STRESS_1P5X,2015-06-18,33521.74522850
DAILY_TR_COST_STRESS_1P5X,2015-06-19,31322.31224850
DAILY_TR_COST_STRESS_1P5X,2015-06-23,31824.81224850
DAILY_TR_COST_STRESS_1P5X,2015-06-24,32001.35459850
DAILY_TR_COST_STRESS_1P5X,2015-06-25,31026.20483850
DAILY_TR_COST_STRESS_1P5X,2015-06-26,28614.00483850
DAILY_TR_COST_STRESS_1P5X,2015-06-29,27403.40483850
DAILY_TR_COST_STRESS_1P5X,2015-06-30,29176.60483850
DAILY_TR_COST_STRESS_1P5X,2015-07-01,27318.10483850
DAILY_TR_COST_STRESS_1P5X,2015-07-02,26553.20483850
DAILY_TR_COST_STRESS_1P5X,2015-07-03,25177.70483850
DAILY_TR_COST_STRESS_1P5X,2015-07-06,25485.10483850
DAILY_TR_COST_STRESS_1P5X,2015-07-07,24162.60483850
DAILY_TR_COST_STRESS_1P5X,2015-07-08,22089.90483850
DAILY_TR_COST_STRESS_1P5X,2015-07-09,23954.30483850
DAILY_TR_COST_STRESS_1P5X,2015-07-10,26002.70483850
DAILY_TR_COST_STRESS_1P5X,2015-07-13,27174.80483850
DAILY_TR_COST_STRESS_1P5X,2015-07-14,26527.00483850
DAILY_TR_COST_STRESS_1P5X,2015-07-15,24866.31166350
DAILY_TR_COST_STRESS_1P5X,2015-07-16,25508.21166350
DAILY_TR_COST_STRESS_1P5X,2015-07-17,26879.31166350
DAILY_TR_COST_STRESS_1P5X,2015-07-20,26853.51166350
DAILY_TR_COST_STRESS_1P5X,2015-07-21,27005.41166350
DAILY_TR_COST_STRESS_1P5X,2015-07-22,27158.91166350
DAILY_TR_COST_STRESS_1P5X,2015-07-23,27786.51166350
DAILY_TR_COST_STRESS_1P5X,2015-07-24,27165.51166350
DAILY_TR_COST_STRESS_1P5X,2015-07-27,24729.01166350
DAILY_TR_COST_STRESS_1P5X,2015-07-28,24285.25935350
DAILY_TR_COST_STRESS_1P5X,2015-07-29,25426.67694850
DAILY_TR_COST_STRESS_1P5X,2015-07-30,24218.51773850
DAILY_TR_COST_STRESS_1P5X,2015-07-31,23954.11773850
DAILY_TR_COST_STRESS_1P5X,2015-08-03,23533.12917350
DAILY_TR_COST_STRESS_1P5X,2015-08-04,25160.79439350
DAILY_TR_COST_STRESS_1P5X,2015-08-05,24540.59439350
DAILY_TR_COST_STRESS_1P5X,2015-08-06,24435.19439350
DAILY_TR_COST_STRESS_1P5X,2015-08-07,25301.99439350
DAILY_TR_COST_STRESS_1P5X,2015-08-10,26685.99439350
DAILY_TR_COST_STRESS_1P5X,2015-08-11,26381.79439350
DAILY_TR_COST_STRESS_1P5X,2015-08-12,25950.38230350
DAILY_TR_COST_STRESS_1P5X,2015-08-13,26568.63506850
DAILY_TR_COST_STRESS_1P5X,2015-08-14,26528.33506850
DAILY_TR_COST_STRESS_1P5X,2015-08-17,26907.68086850
DAILY_TR_COST_STRESS_1P5X,2015-08-18,25024.48086850
DAILY_TR_COST_STRESS_1P5X,2015-08-19,25664.68086850
DAILY_TR_COST_STRESS_1P5X,2015-08-20,24912.68086850
DAILY_TR_COST_STRESS_1P5X,2015-08-21,23793.28086850
DAILY_TR_COST_STRESS_1P5X,2015-08-24,21665.48086850
DAILY_TR_COST_STRESS_1P5X,2015-08-25,19883.28086850
DAILY_TR_COST_STRESS_1P5X,2015-08-26,20128.28086850
DAILY_TR_COST_STRESS_1P5X,2015-08-27,21048.88086850
DAILY_TR_COST_STRESS_1P5X,2015-08-28,22016.78086850
DAILY_TR_COST_STRESS_1P5X,2015-08-31,21618.48086850
DAILY_TR_COST_STRESS_1P5X,2015-09-01,20943.78086850
DAILY_TR_COST_STRESS_1P5X,2015-09-02,20697.78086850
DAILY_TR_COST_STRESS_1P5X,2015-09-07,20662.88086850
DAILY_TR_COST_STRESS_1P5X,2015-09-08,21392.78086850
DAILY_TR_COST_STRESS_1P5X,2015-09-09,21840.18086850
DAILY_TR_COST_STRESS_1P5X,2015-09-10,21421.08086850
DAILY_TR_COST_STRESS_1P5X,2015-09-11,21511.38086850
DAILY_TR_COST_STRESS_1P5X,2015-09-14,20380.88086850
DAILY_TR_COST_STRESS_1P5X,2015-09-15,19686.68086850
DAILY_TR_COST_STRESS_1P5X,2015-09-16,20871.48086850
DAILY_TR_COST_STRESS_1P5X,2015-09-17,20391.49766350
DAILY_TR_COST_STRESS_1P5X,2015-09-18,20704.89766350
DAILY_TR_COST_STRESS_1P5X,2015-09-21,21586.89766350
DAILY_TR_COST_STRESS_1P5X,2015-09-22,21527.09766350
DAILY_TR_COST_STRESS_1P5X,2015-09-23,21186.29766350
DAILY_TR_COST_STRESS_1P5X,2015-09-24,21356.49766350
DAILY_TR_COST_STRESS_1P5X,2015-09-25,20706.09766350
DAILY_TR_COST_STRESS_1P5X,2015-09-28,21442.69766350
DAILY_TR_COST_STRESS_1P5X,2015-09-29,21128.59766350
DAILY_TR_COST_STRESS_1P5X,2015-09-30,21103.49766350
DAILY_TR_COST_STRESS_1P5X,2015-10-08,22167.79766350
DAILY_TR_COST_STRESS_1P5X,2015-10-09,22363.75651350
DAILY_TR_COST_STRESS_1P5X,2015-10-12,23349.85651350
DAILY_TR_COST_STRESS_1P5X,2015-10-13,23471.65651350
DAILY_TR_COST_STRESS_1P5X,2015-10-14,23173.45651350
DAILY_TR_COST_STRESS_1P5X,2015-10-15,24112.75651350
DAILY_TR_COST_STRESS_1P5X,2015-10-16,24369.55651350
DAILY_TR_COST_STRESS_1P5X,2015-10-19,24263.05651350
DAILY_TR_COST_STRESS_1P5X,2015-10-20,24835.15651350
DAILY_TR_COST_STRESS_1P5X,2015-10-21,23379.85651350
DAILY_TR_COST_STRESS_1P5X,2015-10-22,24357.25651350
DAILY_TR_COST_STRESS_1P5X,2015-10-23,25021.45651350
DAILY_TR_COST_STRESS_1P5X,2015-10-26,24876.25651350
DAILY_TR_COST_STRESS_1P5X,2015-10-27,25194.55651350
DAILY_TR_COST_STRESS_1P5X,2015-10-28,24483.85651350
DAILY_TR_COST_STRESS_1P5X,2015-10-29,24565.45651350
DAILY_TR_COST_STRESS_1P5X,2015-10-30,24542.05651350
DAILY_TR_COST_STRESS_1P5X,2015-11-02,24140.65651350
DAILY_TR_COST_STRESS_1P5X,2015-11-03,24060.85651350
DAILY_TR_COST_STRESS_1P5X,2015-11-04,25637.05651350
DAILY_TR_COST_STRESS_1P5X,2015-11-05,25383.25651350
DAILY_TR_COST_STRESS_1P5X,2015-11-06,26161.75651350
DAILY_TR_COST_STRESS_1P5X,2015-11-09,26464.75651350
DAILY_TR_COST_STRESS_1P5X,2015-11-10,26597.05651350
DAILY_TR_COST_STRESS_1P5X,2015-11-11,27168.85651350
DAILY_TR_COST_STRESS_1P5X,2015-11-12,27051.25651350
DAILY_TR_COST_STRESS_1P5X,2015-11-13,26480.35651350
DAILY_TR_COST_STRESS_1P5X,2015-11-16,27206.35651350
DAILY_TR_COST_STRESS_1P5X,2015-11-17,26526.55651350
DAILY_TR_COST_STRESS_1P5X,2015-11-18,26092.15651350
DAILY_TR_COST_STRESS_1P5X,2015-11-19,26985.55651350
DAILY_TR_COST_STRESS_1P5X,2015-11-20,27189.85651350
DAILY_TR_COST_STRESS_1P5X,2015-11-23,26933.05651350
DAILY_TR_COST_STRESS_1P5X,2015-11-24,27286.75651350
DAILY_TR_COST_STRESS_1P5X,2015-11-25,27853.15651350
DAILY_TR_COST_STRESS_1P5X,2015-11-26,27395.05651350
DAILY_TR_COST_STRESS_1P5X,2015-11-27,25814.65651350
DAILY_TR_COST_STRESS_1P5X,2015-11-30,25919.35651350
DAILY_TR_COST_STRESS_1P5X,2015-12-01,25931.95651350
DAILY_TR_COST_STRESS_1P5X,2015-12-02,25682.05651350
DAILY_TR_COST_STRESS_1P5X,2015-12-03,25940.73370350
DAILY_TR_COST_STRESS_1P5X,2015-12-04,25666.48315350
DAILY_TR_COST_STRESS_1P5X,2015-12-07,26044.48315350
DAILY_TR_COST_STRESS_1P5X,2015-12-08,25582.48315350
DAILY_TR_COST_STRESS_1P5X,2015-12-09,25397.98315350
DAILY_TR_COST_STRESS_1P5X,2015-12-10,25299.40270350
DAILY_TR_COST_STRESS_1P5X,2015-12-11,25125.66912850
DAILY_TR_COST_STRESS_1P5X,2015-12-14,25675.36912850
DAILY_TR_COST_STRESS_1P5X,2015-12-15,25539.92947850
DAILY_TR_COST_STRESS_1P5X,2015-12-16,25593.69828850
DAILY_TR_COST_STRESS_1P5X,2015-12-17,26221.04111350
DAILY_TR_COST_STRESS_1P5X,2015-12-18,26121.84111350
DAILY_TR_COST_STRESS_1P5X,2015-12-21,26364.53384350
DAILY_TR_COST_STRESS_1P5X,2015-12-22,26348.73384350
DAILY_TR_COST_STRESS_1P5X,2015-12-23,26188.38060350
DAILY_TR_COST_STRESS_1P5X,2015-12-24,26050.18060350
DAILY_TR_COST_STRESS_1P5X,2015-12-25,26159.18060350
DAILY_TR_COST_STRESS_1P5X,2015-12-28,25537.98060350
DAILY_TR_COST_STRESS_1P5X,2015-12-29,25759.18060350
DAILY_TR_COST_STRESS_1P5X,2015-12-30,25841.58060350
DAILY_TR_COST_STRESS_1P5X,2015-12-31,25295.28937350
DAILY_TR_COST_STRESS_1P5X,2016-01-04,23607.58039350
DAILY_TR_COST_STRESS_1P5X,2016-01-05,23485.58039350
DAILY_TR_COST_STRESS_1P5X,2016-01-06,23860.58039350
DAILY_TR_COST_STRESS_1P5X,2016-01-07,22656.58039350
DAILY_TR_COST_STRESS_1P5X,2016-01-08,22611.98039350
DAILY_TR_COST_STRESS_1P5X,2016-01-11,21479.38039350
DAILY_TR_COST_STRESS_1P5X,2016-01-12,21534.38039350
DAILY_TR_COST_STRESS_1P5X,2016-01-13,21124.98039350
DAILY_TR_COST_STRESS_1P5X,2016-01-14,21573.98039350
DAILY_TR_COST_STRESS_1P5X,2016-01-15,20945.78039350
DAILY_TR_COST_STRESS_1P5X,2016-01-18,21073.58039350
DAILY_TR_COST_STRESS_1P5X,2016-01-19,21622.38039350
DAILY_TR_COST_STRESS_1P5X,2016-01-20,21376.63127350
DAILY_TR_COST_STRESS_1P5X,2016-01-21,20740.23127350
DAILY_TR_COST_STRESS_1P5X,2016-01-22,20995.83127350
DAILY_TR_COST_STRESS_1P5X,2016-01-25,21022.63127350
DAILY_TR_COST_STRESS_1P5X,2016-01-26,19795.43127350
DAILY_TR_COST_STRESS_1P5X,2016-01-27,19520.16644350
DAILY_TR_COST_STRESS_1P5X,2016-01-28,18927.40208850
DAILY_TR_COST_STRESS_1P5X,2016-01-29,19497.00208850
DAILY_TR_COST_STRESS_1P5X,2016-02-01,19474.60208850
DAILY_TR_COST_STRESS_1P5X,2016-02-02,20014.80208850
DAILY_TR_COST_STRESS_1P5X,2016-02-03,20046.40208850
DAILY_TR_COST_STRESS_1P5X,2016-02-04,20329.00208850
DAILY_TR_COST_STRESS_1P5X,2016-02-05,20090.38570850
DAILY_TR_COST_STRESS_1P5X,2016-02-15,20028.80711850
DAILY_TR_COST_STRESS_1P5X,2016-02-16,20755.83048350
DAILY_TR_COST_STRESS_1P5X,2016-02-17,20890.83048350
DAILY_TR_COST_STRESS_1P5X,2016-02-18,20760.33048350
DAILY_TR_COST_STRESS_1P5X,2016-02-19,20868.33048350
DAILY_TR_COST_STRESS_1P5X,2016-02-22,21234.33048350
DAILY_TR_COST_STRESS_1P5X,2016-02-23,21075.33048350
DAILY_TR_COST_STRESS_1P5X,2016-02-24,21030.33048350
DAILY_TR_COST_STRESS_1P5X,2016-02-25,19354.83048350
DAILY_TR_COST_STRESS_1P5X,2016-02-26,19459.83048350
DAILY_TR_COST_STRESS_1P5X,2016-02-29,18658.39942850
DAILY_TR_COST_STRESS_1P5X,2016-03-01,19057.99942850
DAILY_TR_COST_STRESS_1P5X,2016-03-02,19899.89942850
DAILY_TR_COST_STRESS_1P5X,2016-03-03,19872.09942850
DAILY_TR_COST_STRESS_1P5X,2016-03-04,19715.39942850
DAILY_TR_COST_STRESS_1P5X,2016-03-07,20029.49942850
DAILY_TR_COST_STRESS_1P5X,2016-03-08,20051.59942850
DAILY_TR_COST_STRESS_1P5X,2016-03-09,19669.19942850
DAILY_TR_COST_STRESS_1P5X,2016-03-10,19394.29942850
DAILY_TR_COST_STRESS_1P5X,2016-03-11,19375.39942850
DAILY_TR_COST_STRESS_1P5X,2016-03-14,19889.39942850
DAILY_TR_COST_STRESS_1P5X,2016-03-15,19740.39942850
DAILY_TR_COST_STRESS_1P5X,2016-03-16,19702.39942850
DAILY_TR_COST_STRESS_1P5X,2016-03-17,20130.89942850
DAILY_TR_COST_STRESS_1P5X,2016-03-18,20613.99942850
DAILY_TR_COST_STRESS_1P5X,2016-03-21,21007.49942850
DAILY_TR_COST_STRESS_1P5X,2016-03-22,20898.69942850
DAILY_TR_COST_STRESS_1P5X,2016-03-23,21006.09942850
DAILY_TR_COST_STRESS_1P5X,2016-03-24,20601.37236850
DAILY_TR_COST_STRESS_1P5X,2016-03-25,20634.67236850
DAILY_TR_COST_STRESS_1P5X,2016-03-28,20433.27236850
DAILY_TR_COST_STRESS_1P5X,2016-03-29,20139.12186850
DAILY_TR_COST_STRESS_1P5X,2016-03-30,20970.12186850
DAILY_TR_COST_STRESS_1P5X,2016-03-31,20832.72186850
DAILY_TR_COST_STRESS_1P5X,2016-04-01,20706.52186850
DAILY_TR_COST_STRESS_1P5X,2016-04-05,21224.72186850
DAILY_TR_COST_STRESS_1P5X,2016-04-06,21337.92186850
DAILY_TR_COST_STRESS_1P5X,2016-04-07,21067.52186850
DAILY_TR_COST_STRESS_1P5X,2016-04-08,20896.92186850
DAILY_TR_COST_STRESS_1P5X,2016-04-11,21255.92186850
DAILY_TR_COST_STRESS_1P5X,2016-04-12,21177.32186850
DAILY_TR_COST_STRESS_1P5X,2016-04-13,21387.52186850
DAILY_TR_COST_STRESS_1P5X,2016-04-14,21603.12186850
DAILY_TR_COST_STRESS_1P5X,2016-04-15,21515.72186850
DAILY_TR_COST_STRESS_1P5X,2016-04-18,21202.12186850
DAILY_TR_COST_STRESS_1P5X,2016-04-19,21223.32186850
DAILY_TR_COST_STRESS_1P5X,2016-04-20,20243.72186850
DAILY_TR_COST_STRESS_1P5X,2016-04-21,20161.93724850
DAILY_TR_COST_STRESS_1P5X,2016-04-22,20252.93724850
DAILY_TR_COST_STRESS_1P5X,2016-04-25,20181.53724850
DAILY_TR_COST_STRESS_1P5X,2016-04-26,20345.33724850
DAILY_TR_COST_STRESS_1P5X,2016-04-27,20258.53724850
DAILY_TR_COST_STRESS_1P5X,2016-04-28,20181.53724850
DAILY_TR_COST_STRESS_1P5X,2016-04-29,20182.93724850
DAILY_TR_COST_STRESS_1P5X,2016-05-03,20632.33724850
DAILY_TR_COST_STRESS_1P5X,2016-05-04,20553.93986850
DAILY_TR_COST_STRESS_1P5X,2016-05-05,20587.35760850
DAILY_TR_COST_STRESS_1P5X,2016-05-06,20027.35760850
DAILY_TR_COST_STRESS_1P5X,2016-05-09,19531.75760850
DAILY_TR_COST_STRESS_1P5X,2016-05-10,19496.75760850
DAILY_TR_COST_STRESS_1P5X,2016-05-11,19514.95760850
DAILY_TR_COST_STRESS_1P5X,2016-05-12,19548.55760850
DAILY_TR_COST_STRESS_1P5X,2016-05-13,19489.75760850
DAILY_TR_COST_STRESS_1P5X,2016-05-16,19673.15760850
DAILY_TR_COST_STRESS_1P5X,2016-05-17,19646.55760850
DAILY_TR_COST_STRESS_1P5X,2016-05-18,19358.15760850
DAILY_TR_COST_STRESS_1P5X,2016-05-19,19381.95760850
DAILY_TR_COST_STRESS_1P5X,2016-05-20,19527.15706350
DAILY_TR_COST_STRESS_1P5X,2016-05-23,19680.65706350
DAILY_TR_COST_STRESS_1P5X,2016-05-24,19550.95706350
DAILY_TR_COST_STRESS_1P5X,2016-05-25,19500.35706350
DAILY_TR_COST_STRESS_1P5X,2016-05-26,19590.35706350
DAILY_TR_COST_STRESS_1P5X,2016-05-27,19519.45706350
DAILY_TR_COST_STRESS_1P5X,2016-05-30,19484.33398350
DAILY_TR_COST_STRESS_1P5X,2016-05-31,20259.91449350
DAILY_TR_COST_STRESS_1P5X,2016-06-01,20214.71449350
DAILY_TR_COST_STRESS_1P5X,2016-06-02,20315.51449350
DAILY_TR_COST_STRESS_1P5X,2016-06-03,20511.51449350
DAILY_TR_COST_STRESS_1P5X,2016-06-06,20427.51449350
DAILY_TR_COST_STRESS_1P5X,2016-06-07,20428.94625350
DAILY_TR_COST_STRESS_1P5X,2016-06-08,20377.34625350
DAILY_TR_COST_STRESS_1P5X,2016-06-13,19403.14625350
DAILY_TR_COST_STRESS_1P5X,2016-06-14,19440.94625350
DAILY_TR_COST_STRESS_1P5X,2016-06-15,20032.34625350
DAILY_TR_COST_STRESS_1P5X,2016-06-16,19862.34625350
DAILY_TR_COST_STRESS_1P5X,2016-06-17,20039.54625350
DAILY_TR_COST_STRESS_1P5X,2016-06-20,20033.14625350
DAILY_TR_COST_STRESS_1P5X,2016-06-21,19828.34625350
DAILY_TR_COST_STRESS_1P5X,2016-06-22,20203.34625350
DAILY_TR_COST_STRESS_1P5X,2016-06-23,20136.74625350
DAILY_TR_COST_STRESS_1P5X,2016-06-24,19974.14625350
DAILY_TR_COST_STRESS_1P5X,2016-06-27,20512.34625350
DAILY_TR_COST_STRESS_1P5X,2016-06-28,20678.54625350
DAILY_TR_COST_STRESS_1P5X,2016-06-29,20649.14625350
DAILY_TR_COST_STRESS_1P5X,2016-06-30,20703.14625350
DAILY_TR_COST_STRESS_1P5X,2016-07-01,20620.14625350
DAILY_TR_COST_STRESS_1P5X,2016-07-04,20960.74625350
DAILY_TR_COST_STRESS_1P5X,2016-07-05,20984.94625350
DAILY_TR_COST_STRESS_1P5X,2016-07-06,21039.54625350
DAILY_TR_COST_STRESS_1P5X,2016-07-07,21045.14625350
DAILY_TR_COST_STRESS_1P5X,2016-07-08,21026.34625350
DAILY_TR_COST_STRESS_1P5X,2016-07-11,20962.14625350
DAILY_TR_COST_STRESS_1P5X,2016-07-12,21210.34625350
DAILY_TR_COST_STRESS_1P5X,2016-07-13,21421.34625350
DAILY_TR_COST_STRESS_1P5X,2016-07-14,21462.34625350
DAILY_TR_COST_STRESS_1P5X,2016-07-15,21325.54625350
DAILY_TR_COST_STRESS_1P5X,2016-07-18,21235.88481350
DAILY_TR_COST_STRESS_1P5X,2016-07-19,21185.48481350
DAILY_TR_COST_STRESS_1P5X,2016-07-20,21096.83272350
DAILY_TR_COST_STRESS_1P5X,2016-07-21,21150.23272350
DAILY_TR_COST_STRESS_1P5X,2016-07-22,20987.89183850
DAILY_TR_COST_STRESS_1P5X,2016-07-25,20999.09183850
DAILY_TR_COST_STRESS_1P5X,2016-07-26,21249.69183850
DAILY_TR_COST_STRESS_1P5X,2016-07-27,20658.89183850
DAILY_TR_COST_STRESS_1P5X,2016-07-28,20727.49183850
DAILY_TR_COST_STRESS_1P5X,2016-07-29,20632.29183850
DAILY_TR_COST_STRESS_1P5X,2016-08-01,20420.89183850
DAILY_TR_COST_STRESS_1P5X,2016-08-02,20530.09183850
DAILY_TR_COST_STRESS_1P5X,2016-08-03,20572.09183850
DAILY_TR_COST_STRESS_1P5X,2016-08-04,20654.69183850
DAILY_TR_COST_STRESS_1P5X,2016-08-05,20661.69183850
DAILY_TR_COST_STRESS_1P5X,2016-08-08,20863.29183850
DAILY_TR_COST_STRESS_1P5X,2016-08-09,20997.69183850
DAILY_TR_COST_STRESS_1P5X,2016-08-10,20923.49183850
DAILY_TR_COST_STRESS_1P5X,2016-08-11,20759.69183850
DAILY_TR_COST_STRESS_1P5X,2016-08-12,21050.89183850
DAILY_TR_COST_STRESS_1P5X,2016-08-15,21519.89183850
DAILY_TR_COST_STRESS_1P5X,2016-08-16,21535.29183850
DAILY_TR_COST_STRESS_1P5X,2016-08-17,21535.29183850
DAILY_TR_COST_STRESS_1P5X,2016-08-18,21524.09183850
DAILY_TR_COST_STRESS_1P5X,2016-08-19,21514.29183850
DAILY_TR_COST_STRESS_1P5X,2016-08-22,21342.09183850
DAILY_TR_COST_STRESS_1P5X,2016-08-23,21370.09183850
DAILY_TR_COST_STRESS_1P5X,2016-08-24,21336.49183850
DAILY_TR_COST_STRESS_1P5X,2016-08-25,21223.09183850
DAILY_TR_COST_STRESS_1P5X,2016-08-26,21258.09183850
DAILY_TR_COST_STRESS_1P5X,2016-08-29,21272.09183850
DAILY_TR_COST_STRESS_1P5X,2016-08-30,21253.09588350
DAILY_TR_COST_STRESS_1P5X,2016-08-31,21270.09668850
DAILY_TR_COST_STRESS_1P5X,2016-09-01,21081.09668850
DAILY_TR_COST_STRESS_1P5X,2016-09-02,21078.29668850
DAILY_TR_COST_STRESS_1P5X,2016-09-05,21126.99316350
DAILY_TR_COST_STRESS_1P5X,2016-09-06,21388.19316350
DAILY_TR_COST_STRESS_1P5X,2016-09-07,21330.79316350
DAILY_TR_COST_STRESS_1P5X,2016-09-08,21379.79316350
DAILY_TR_COST_STRESS_1P5X,2016-09-09,21179.70941350
DAILY_TR_COST_STRESS_1P5X,2016-09-12,20700.20941350
DAILY_TR_COST_STRESS_1P5X,2016-09-13,20718.30941350
DAILY_TR_COST_STRESS_1P5X,2016-09-14,20641.50941350
DAILY_TR_COST_STRESS_1P5X,2016-09-19,20848.00941350
DAILY_TR_COST_STRESS_1P5X,2016-09-20,20802.80941350
DAILY_TR_COST_STRESS_1P5X,2016-09-21,20838.40941350
DAILY_TR_COST_STRESS_1P5X,2016-09-22,20906.80941350
DAILY_TR_COST_STRESS_1P5X,2016-09-23,20859.90941350
DAILY_TR_COST_STRESS_1P5X,2016-09-26,20493.73126850
DAILY_TR_COST_STRESS_1P5X,2016-09-27,20593.13126850
DAILY_TR_COST_STRESS_1P5X,2016-09-28,20567.93126850
DAILY_TR_COST_STRESS_1P5X,2016-09-29,20658.93126850
DAILY_TR_COST_STRESS_1P5X,2016-09-30,20724.73126850
DAILY_TR_COST_STRESS_1P5X,2016-10-10,21117.54169350
DAILY_TR_COST_STRESS_1P5X,2016-10-11,21142.44169350
DAILY_TR_COST_STRESS_1P5X,2016-10-12,21126.44169350
DAILY_TR_COST_STRESS_1P5X,2016-10-13,21124.14169350
DAILY_TR_COST_STRESS_1P5X,2016-10-14,21065.44169350
DAILY_TR_COST_STRESS_1P5X,2016-10-17,20880.14169350
DAILY_TR_COST_STRESS_1P5X,2016-10-18,21109.82660350
DAILY_TR_COST_STRESS_1P5X,2016-10-19,21062.22660350
DAILY_TR_COST_STRESS_1P5X,2016-10-20,21053.82660350
DAILY_TR_COST_STRESS_1P5X,2016-10-21,20967.91629350
DAILY_TR_COST_STRESS_1P5X,2016-10-24,21129.46397850
DAILY_TR_COST_STRESS_1P5X,2016-10-25,21140.16397850
DAILY_TR_COST_STRESS_1P5X,2016-10-26,21072.56397850
DAILY_TR_COST_STRESS_1P5X,2016-10-27,21040.86397850
DAILY_TR_COST_STRESS_1P5X,2016-10-28,20954.56397850
DAILY_TR_COST_STRESS_1P5X,2016-10-31,20902.06397850
DAILY_TR_COST_STRESS_1P5X,2016-11-01,21058.16397850
DAILY_TR_COST_STRESS_1P5X,2016-11-02,20900.86397850
DAILY_TR_COST_STRESS_1P5X,2016-11-03,21017.26397850
DAILY_TR_COST_STRESS_1P5X,2016-11-04,20958.16397850
DAILY_TR_COST_STRESS_1P5X,2016-11-07,20973.26397850
DAILY_TR_COST_STRESS_1P5X,2016-11-08,21084.86397850
DAILY_TR_COST_STRESS_1P5X,2016-11-09,20961.56397850
DAILY_TR_COST_STRESS_1P5X,2016-11-10,21196.06397850
DAILY_TR_COST_STRESS_1P5X,2016-11-11,21352.66397850
DAILY_TR_COST_STRESS_1P5X,2016-11-14,21385.76397850
DAILY_TR_COST_STRESS_1P5X,2016-11-15,21409.96397850
DAILY_TR_COST_STRESS_1P5X,2016-11-16,21422.46397850
DAILY_TR_COST_STRESS_1P5X,2016-11-17,21445.46397850
DAILY_TR_COST_STRESS_1P5X,2016-11-18,21368.26397850
DAILY_TR_COST_STRESS_1P5X,2016-11-21,21410.06397850
DAILY_TR_COST_STRESS_1P5X,2016-11-22,21591.36397850
DAILY_TR_COST_STRESS_1P5X,2016-11-23,21547.36397850
DAILY_TR_COST_STRESS_1P5X,2016-11-24,21556.16397850
DAILY_TR_COST_STRESS_1P5X,2016-11-25,21709.06397850
DAILY_TR_COST_STRESS_1P5X,2016-11-28,21778.86397850
DAILY_TR_COST_STRESS_1P5X,2016-11-29,21798.46397850
DAILY_TR_COST_STRESS_1P5X,2016-11-30,21650.56397850
DAILY_TR_COST_STRESS_1P5X,2016-12-01,21798.36397850
DAILY_TR_COST_STRESS_1P5X,2016-12-02,21536.36397850
DAILY_TR_COST_STRESS_1P5X,2016-12-05,21278.96397850
DAILY_TR_COST_STRESS_1P5X,2016-12-06,21160.42495850
DAILY_TR_COST_STRESS_1P5X,2016-12-07,21311.92760850
DAILY_TR_COST_STRESS_1P5X,2016-12-08,21285.92760850
DAILY_TR_COST_STRESS_1P5X,2016-12-09,21314.72760850
DAILY_TR_COST_STRESS_1P5X,2016-12-12,20675.92760850
DAILY_TR_COST_STRESS_1P5X,2016-12-13,20689.02760850
DAILY_TR_COST_STRESS_1P5X,2016-12-14,20568.22760850
DAILY_TR_COST_STRESS_1P5X,2016-12-15,20520.32760850
DAILY_TR_COST_STRESS_1P5X,2016-12-16,20579.12760850
DAILY_TR_COST_STRESS_1P5X,2016-12-19,20559.12760850
DAILY_TR_COST_STRESS_1P5X,2016-12-20,20452.42760850
DAILY_TR_COST_STRESS_1P5X,2016-12-21,20627.92760850
DAILY_TR_COST_STRESS_1P5X,2016-12-22,20596.32760850
DAILY_TR_COST_STRESS_1P5X,2016-12-23,20457.62760850
DAILY_TR_COST_STRESS_1P5X,2016-12-26,20494.22760850
DAILY_TR_COST_STRESS_1P5X,2016-12-27,20497.52760850
DAILY_TR_COST_STRESS_1P5X,2016-12-28,20406.92760850
DAILY_TR_COST_STRESS_1P5X,2016-12-29,20406.72760850
DAILY_TR_COST_STRESS_1P5X,2016-12-30,20412.02760850
DAILY_TR_COST_STRESS_1P5X,2017-01-03,20594.42760850
DAILY_TR_COST_STRESS_1P5X,2017-01-04,20788.82760850
DAILY_TR_COST_STRESS_1P5X,2017-01-05,20765.72760850
DAILY_TR_COST_STRESS_1P5X,2017-01-06,20692.62760850
DAILY_TR_COST_STRESS_1P5X,2017-01-09,20796.42760850
DAILY_TR_COST_STRESS_1P5X,2017-01-10,20737.12760850
DAILY_TR_COST_STRESS_1P5X,2017-01-11,20595.42760850
DAILY_TR_COST_STRESS_1P5X,2017-01-12,20436.12760850
DAILY_TR_COST_STRESS_1P5X,2017-01-13,20167.35844350
DAILY_TR_COST_STRESS_1P5X,2017-01-16,19894.60478350
DAILY_TR_COST_STRESS_1P5X,2017-01-17,19984.60478350
DAILY_TR_COST_STRESS_1P5X,2017-01-18,20047.40478350
DAILY_TR_COST_STRESS_1P5X,2017-01-19,19985.40478350
DAILY_TR_COST_STRESS_1P5X,2017-01-20,20174.20478350
DAILY_TR_COST_STRESS_1P5X,2017-01-23,20263.60478350
DAILY_TR_COST_STRESS_1P5X,2017-01-24,20229.60478350
DAILY_TR_COST_STRESS_1P5X,2017-01-25,20290.60478350
DAILY_TR_COST_STRESS_1P5X,2017-01-26,20388.60478350
DAILY_TR_COST_STRESS_1P5X,2017-02-03,20307.20478350
DAILY_TR_COST_STRESS_1P5X,2017-02-06,20383.00478350
DAILY_TR_COST_STRESS_1P5X,2017-02-07,20353.40478350
DAILY_TR_COST_STRESS_1P5X,2017-02-08,20474.80478350
DAILY_TR_COST_STRESS_1P5X,2017-02-09,20550.80478350
DAILY_TR_COST_STRESS_1P5X,2017-02-10,20617.20478350
DAILY_TR_COST_STRESS_1P5X,2017-02-13,20700.40478350
DAILY_TR_COST_STRESS_1P5X,2017-02-14,20717.80478350
DAILY_TR_COST_STRESS_1P5X,2017-02-15,20599.80478350
DAILY_TR_COST_STRESS_1P5X,2017-02-16,20699.00478350
DAILY_TR_COST_STRESS_1P5X,2017-02-17,20582.60478350
DAILY_TR_COST_STRESS_1P5X,2017-02-20,20848.60478350
DAILY_TR_COST_STRESS_1P5X,2017-02-21,20921.40478350
DAILY_TR_COST_STRESS_1P5X,2017-02-22,20993.40478350
DAILY_TR_COST_STRESS_1P5X,2017-02-23,20968.40478350
DAILY_TR_COST_STRESS_1P5X,2017-02-24,21016.80714350
DAILY_TR_COST_STRESS_1P5X,2017-02-27,20877.20714350
DAILY_TR_COST_STRESS_1P5X,2017-02-28,20910.29353850
DAILY_TR_COST_STRESS_1P5X,2017-03-01,20963.87804350
DAILY_TR_COST_STRESS_1P5X,2017-03-02,20873.17804350
DAILY_TR_COST_STRESS_1P5X,2017-03-03,20933.57804350
DAILY_TR_COST_STRESS_1P5X,2017-03-06,21196.57804350
DAILY_TR_COST_STRESS_1P5X,2017-03-07,21282.97804350
DAILY_TR_COST_STRESS_1P5X,2017-03-08,21191.87804350
DAILY_TR_COST_STRESS_1P5X,2017-03-09,21001.97804350
DAILY_TR_COST_STRESS_1P5X,2017-03-10,21026.27804350
DAILY_TR_COST_STRESS_1P5X,2017-03-13,21240.67804350
DAILY_TR_COST_STRESS_1P5X,2017-03-14,21119.37804350
DAILY_TR_COST_STRESS_1P5X,2017-03-15,21116.07804350
DAILY_TR_COST_STRESS_1P5X,2017-03-16,21232.07804350
DAILY_TR_COST_STRESS_1P5X,2017-03-17,21034.87804350
DAILY_TR_COST_STRESS_1P5X,2017-03-20,21106.47804350
DAILY_TR_COST_STRESS_1P5X,2017-03-21,21192.97804350
DAILY_TR_COST_STRESS_1P5X,2017-03-22,21081.47804350
DAILY_TR_COST_STRESS_1P5X,2017-03-23,21106.17804350
DAILY_TR_COST_STRESS_1P5X,2017-03-24,21253.07804350
DAILY_TR_COST_STRESS_1P5X,2017-03-27,21103.87804350
DAILY_TR_COST_STRESS_1P5X,2017-03-28,21040.78154850
DAILY_TR_COST_STRESS_1P5X,2017-03-29,20885.17046350
DAILY_TR_COST_STRESS_1P5X,2017-03-30,20628.83038850
DAILY_TR_COST_STRESS_1P5X,2017-03-31,20714.53038850
DAILY_TR_COST_STRESS_1P5X,2017-04-05,21109.23038850
DAILY_TR_COST_STRESS_1P5X,2017-04-06,21095.63038850
DAILY_TR_COST_STRESS_1P5X,2017-04-07,21131.33038850
DAILY_TR_COST_STRESS_1P5X,2017-04-10,21097.23038850
DAILY_TR_COST_STRESS_1P5X,2017-04-11,21229.33038850
DAILY_TR_COST_STRESS_1P5X,2017-04-12,21118.63038850
DAILY_TR_COST_STRESS_1P5X,2017-04-13,21209.73038850
DAILY_TR_COST_STRESS_1P5X,2017-04-14,21002.63038850
DAILY_TR_COST_STRESS_1P5X,2017-04-17,20862.43038850
DAILY_TR_COST_STRESS_1P5X,2017-04-18,20797.43038850
DAILY_TR_COST_STRESS_1P5X,2017-04-19,20613.93038850
DAILY_TR_COST_STRESS_1P5X,2017-04-20,20661.03038850
DAILY_TR_COST_STRESS_1P5X,2017-04-21,20611.73038850
DAILY_TR_COST_STRESS_1P5X,2017-04-24,20262.63038850
DAILY_TR_COST_STRESS_1P5X,2017-04-25,20320.33038850
DAILY_TR_COST_STRESS_1P5X,2017-04-26,20358.73038850
DAILY_TR_COST_STRESS_1P5X,2017-04-27,20396.33038850
DAILY_TR_COST_STRESS_1P5X,2017-04-28,20392.03038850
DAILY_TR_COST_STRESS_1P5X,2017-05-02,20343.76176350
DAILY_TR_COST_STRESS_1P5X,2017-05-03,20246.86176350
DAILY_TR_COST_STRESS_1P5X,2017-05-04,20154.64101850
DAILY_TR_COST_STRESS_1P5X,2017-05-05,19970.04020850
DAILY_TR_COST_STRESS_1P5X,2017-05-08,19754.04020850
DAILY_TR_COST_STRESS_1P5X,2017-05-09,19813.14020850
DAILY_TR_COST_STRESS_1P5X,2017-05-10,19648.14020850
DAILY_TR_COST_STRESS_1P5X,2017-05-11,19673.64020850
DAILY_TR_COST_STRESS_1P5X,2017-05-12,19756.74020850
DAILY_TR_COST_STRESS_1P5X,2017-05-15,19825.14020850
DAILY_TR_COST_STRESS_1P5X,2017-05-16,20121.84020850
DAILY_TR_COST_STRESS_1P5X,2017-05-17,20069.94020850
DAILY_TR_COST_STRESS_1P5X,2017-05-18,20003.94020850
DAILY_TR_COST_STRESS_1P5X,2017-05-19,19953.84020850
DAILY_TR_COST_STRESS_1P5X,2017-05-22,19890.54020850
DAILY_TR_COST_STRESS_1P5X,2017-05-23,19778.04020850
DAILY_TR_COST_STRESS_1P5X,2017-05-24,19890.24020850
DAILY_TR_COST_STRESS_1P5X,2017-05-25,20087.34020850
DAILY_TR_COST_STRESS_1P5X,2017-05-26,19999.74020850
DAILY_TR_COST_STRESS_1P5X,2017-05-31,20020.44020850
DAILY_TR_COST_STRESS_1P5X,2017-06-01,19883.94020850
DAILY_TR_COST_STRESS_1P5X,2017-06-02,19946.34020850
DAILY_TR_COST_STRESS_1P5X,2017-06-05,19940.34020850
DAILY_TR_COST_STRESS_1P5X,2017-06-06,20028.54020850
DAILY_TR_COST_STRESS_1P5X,2017-06-07,20351.94020850
DAILY_TR_COST_STRESS_1P5X,2017-06-08,20378.64020850
DAILY_TR_COST_STRESS_1P5X,2017-06-09,20453.34020850
DAILY_TR_COST_STRESS_1P5X,2017-06-12,20277.30946350
DAILY_TR_COST_STRESS_1P5X,2017-06-13,20418.70946350
DAILY_TR_COST_STRESS_1P5X,2017-06-14,20295.70946350
DAILY_TR_COST_STRESS_1P5X,2017-06-15,20342.90946350
DAILY_TR_COST_STRESS_1P5X,2017-06-16,20321.70946350
DAILY_TR_COST_STRESS_1P5X,2017-06-19,20490.10946350
DAILY_TR_COST_STRESS_1P5X,2017-06-20,20488.10946350
DAILY_TR_COST_STRESS_1P5X,2017-06-21,20620.50946350
DAILY_TR_COST_STRESS_1P5X,2017-06-22,20503.50946350
DAILY_TR_COST_STRESS_1P5X,2017-06-23,20621.10946350
DAILY_TR_COST_STRESS_1P5X,2017-06-26,20899.10946350
DAILY_TR_COST_STRESS_1P5X,2017-06-27,20880.50946350
DAILY_TR_COST_STRESS_1P5X,2017-06-28,20787.50946350
DAILY_TR_COST_STRESS_1P5X,2017-06-29,20897.90946350
DAILY_TR_COST_STRESS_1P5X,2017-06-30,20910.30946350
DAILY_TR_COST_STRESS_1P5X,2017-07-03,20928.90946350
DAILY_TR_COST_STRESS_1P5X,2017-07-04,20813.10946350
DAILY_TR_COST_STRESS_1P5X,2017-07-05,20991.30946350
DAILY_TR_COST_STRESS_1P5X,2017-07-06,20983.50946350
DAILY_TR_COST_STRESS_1P5X,2017-07-07,21035.70946350
DAILY_TR_COST_STRESS_1P5X,2017-07-10,21015.30946350
DAILY_TR_COST_STRESS_1P5X,2017-07-11,20992.50946350
DAILY_TR_COST_STRESS_1P5X,2017-07-12,20922.70946350
DAILY_TR_COST_STRESS_1P5X,2017-07-13,21031.30946350
DAILY_TR_COST_STRESS_1P5X,2017-07-14,21072.50946350
DAILY_TR_COST_STRESS_1P5X,2017-07-17,20587.10946350
DAILY_TR_COST_STRESS_1P5X,2017-07-18,20670.70946350
DAILY_TR_COST_STRESS_1P5X,2017-07-19,21066.90946350
DAILY_TR_COST_STRESS_1P5X,2017-07-20,21155.70946350
DAILY_TR_COST_STRESS_1P5X,2017-07-21,21138.50946350
DAILY_TR_COST_STRESS_1P5X,2017-07-24,21257.90946350
DAILY_TR_COST_STRESS_1P5X,2017-07-25,21179.70946350
DAILY_TR_COST_STRESS_1P5X,2017-07-26,21108.30946350
DAILY_TR_COST_STRESS_1P5X,2017-07-27,21194.30946350
DAILY_TR_COST_STRESS_1P5X,2017-07-28,21281.10946350
DAILY_TR_COST_STRESS_1P5X,2017-07-31,21443.50946350
DAILY_TR_COST_STRESS_1P5X,2017-08-01,21496.30946350
DAILY_TR_COST_STRESS_1P5X,2017-08-02,21454.30946350
DAILY_TR_COST_STRESS_1P5X,2017-08-03,21359.70946350
DAILY_TR_COST_STRESS_1P5X,2017-08-04,21246.70946350
DAILY_TR_COST_STRESS_1P5X,2017-08-07,21436.70946350
DAILY_TR_COST_STRESS_1P5X,2017-08-08,21429.50946350
DAILY_TR_COST_STRESS_1P5X,2017-08-09,21483.30946350
DAILY_TR_COST_STRESS_1P5X,2017-08-10,21385.50946350
DAILY_TR_COST_STRESS_1P5X,2017-08-11,21024.70946350
DAILY_TR_COST_STRESS_1P5X,2017-08-14,21401.38601350
DAILY_TR_COST_STRESS_1P5X,2017-08-15,21429.38601350
DAILY_TR_COST_STRESS_1P5X,2017-08-16,21602.98601350
DAILY_TR_COST_STRESS_1P5X,2017-08-17,21756.98601350
DAILY_TR_COST_STRESS_1P5X,2017-08-18,21643.58601350
DAILY_TR_COST_STRESS_1P5X,2017-08-21,21756.98601350
DAILY_TR_COST_STRESS_1P5X,2017-08-22,21657.58601350
DAILY_TR_COST_STRESS_1P5X,2017-08-23,21534.38601350
DAILY_TR_COST_STRESS_1P5X,2017-08-24,21398.58601350
DAILY_TR_COST_STRESS_1P5X,2017-08-25,21597.38601350
DAILY_TR_COST_STRESS_1P5X,2017-08-28,21882.98601350
DAILY_TR_COST_STRESS_1P5X,2017-08-29,21769.63206350
DAILY_TR_COST_STRESS_1P5X,2017-08-30,21832.43206350
DAILY_TR_COST_STRESS_1P5X,2017-08-31,21889.97698850
DAILY_TR_COST_STRESS_1P5X,2017-09-01,22049.57698850
DAILY_TR_COST_STRESS_1P5X,2017-09-04,22200.77698850
DAILY_TR_COST_STRESS_1P5X,2017-09-05,22207.77698850
DAILY_TR_COST_STRESS_1P5X,2017-09-06,22356.17698850
DAILY_TR_COST_STRESS_1P5X,2017-09-07,22211.97698850
DAILY_TR_COST_STRESS_1P5X,2017-09-08,22192.37698850
DAILY_TR_COST_STRESS_1P5X,2017-09-11,22399.57698850
DAILY_TR_COST_STRESS_1P5X,2017-09-12,22298.77698850
DAILY_TR_COST_STRESS_1P5X,2017-09-13,22386.97698850
DAILY_TR_COST_STRESS_1P5X,2017-09-14,22314.55992350
DAILY_TR_COST_STRESS_1P5X,2017-09-15,22253.95992350
DAILY_TR_COST_STRESS_1P5X,2017-09-18,22383.85992350
DAILY_TR_COST_STRESS_1P5X,2017-09-19,22184.98659850
DAILY_TR_COST_STRESS_1P5X,2017-09-20,22346.28659850
DAILY_TR_COST_STRESS_1P5X,2017-09-21,22115.98659850
DAILY_TR_COST_STRESS_1P5X,2017-09-22,22004.68659850
DAILY_TR_COST_STRESS_1P5X,2017-09-25,21760.58659850
DAILY_TR_COST_STRESS_1P5X,2017-09-26,21780.58659850
DAILY_TR_COST_STRESS_1P5X,2017-09-27,21927.88659850
DAILY_TR_COST_STRESS_1P5X,2017-09-28,21952.68659850
DAILY_TR_COST_STRESS_1P5X,2017-09-29,22036.74557350
DAILY_TR_COST_STRESS_1P5X,2017-10-09,22241.44557350
DAILY_TR_COST_STRESS_1P5X,2017-10-10,22286.14557350
DAILY_TR_COST_STRESS_1P5X,2017-10-11,22121.25717350
DAILY_TR_COST_STRESS_1P5X,2017-10-12,22113.39676350
DAILY_TR_COST_STRESS_1P5X,2017-10-13,22210.39676350
DAILY_TR_COST_STRESS_1P5X,2017-10-16,21920.87146350
DAILY_TR_COST_STRESS_1P5X,2017-10-17,21861.87146350
DAILY_TR_COST_STRESS_1P5X,2017-10-18,21878.67146350
DAILY_TR_COST_STRESS_1P5X,2017-10-19,21834.97146350
DAILY_TR_COST_STRESS_1P5X,2017-10-20,21932.57146350
DAILY_TR_COST_STRESS_1P5X,2017-10-23,22027.37146350
DAILY_TR_COST_STRESS_1P5X,2017-10-24,22124.77146350
DAILY_TR_COST_STRESS_1P5X,2017-10-25,22189.67146350
DAILY_TR_COST_STRESS_1P5X,2017-10-26,22289.17146350
DAILY_TR_COST_STRESS_1P5X,2017-10-27,22220.37146350
DAILY_TR_COST_STRESS_1P5X,2017-10-30,21975.57146350
DAILY_TR_COST_STRESS_1P5X,2017-10-31,22016.67146350
DAILY_TR_COST_STRESS_1P5X,2017-11-01,21960.07146350
DAILY_TR_COST_STRESS_1P5X,2017-11-02,21847.97146350
DAILY_TR_COST_STRESS_1P5X,2017-11-03,21750.27146350
DAILY_TR_COST_STRESS_1P5X,2017-11-06,21959.07146350
DAILY_TR_COST_STRESS_1P5X,2017-11-07,22091.47146350
DAILY_TR_COST_STRESS_1P5X,2017-11-08,22042.77360350
DAILY_TR_COST_STRESS_1P5X,2017-11-09,22196.97360350
DAILY_TR_COST_STRESS_1P5X,2017-11-10,22316.57360350
DAILY_TR_COST_STRESS_1P5X,2017-11-13,22381.57360350
DAILY_TR_COST_STRESS_1P5X,2017-11-14,22233.37360350
DAILY_TR_COST_STRESS_1P5X,2017-11-15,22042.37360350
DAILY_TR_COST_STRESS_1P5X,2017-11-16,22161.17360350
DAILY_TR_COST_STRESS_1P5X,2017-11-17,21916.97360350
DAILY_TR_COST_STRESS_1P5X,2017-11-20,22067.57360350
DAILY_TR_COST_STRESS_1P5X,2017-11-21,22259.91173350
DAILY_TR_COST_STRESS_1P5X,2017-11-22,22174.53678850
DAILY_TR_COST_STRESS_1P5X,2017-11-23,21626.53678850
DAILY_TR_COST_STRESS_1P5X,2017-11-24,21653.93678850
DAILY_TR_COST_STRESS_1P5X,2017-11-27,21376.63678850
DAILY_TR_COST_STRESS_1P5X,2017-11-28,21564.53678850
DAILY_TR_COST_STRESS_1P5X,2017-11-29,21584.73678850
DAILY_TR_COST_STRESS_1P5X,2017-11-30,21413.63678850
DAILY_TR_COST_STRESS_1P5X,2017-12-01,21483.53678850
DAILY_TR_COST_STRESS_1P5X,2017-12-04,21469.43678850
DAILY_TR_COST_STRESS_1P5X,2017-12-05,21325.33678850
DAILY_TR_COST_STRESS_1P5X,2017-12-06,21294.63678850
DAILY_TR_COST_STRESS_1P5X,2017-12-07,21106.09765850
DAILY_TR_COST_STRESS_1P5X,2017-12-08,21304.09765850
DAILY_TR_COST_STRESS_1P5X,2017-12-11,21588.06627850
DAILY_TR_COST_STRESS_1P5X,2017-12-12,21285.34219850
DAILY_TR_COST_STRESS_1P5X,2017-12-13,21429.80276350
DAILY_TR_COST_STRESS_1P5X,2017-12-14,21420.90276350
DAILY_TR_COST_STRESS_1P5X,2017-12-15,21222.50276350
DAILY_TR_COST_STRESS_1P5X,2017-12-18,21101.74253850
DAILY_TR_COST_STRESS_1P5X,2017-12-19,21268.09306850
DAILY_TR_COST_STRESS_1P5X,2017-12-20,21061.34080850
DAILY_TR_COST_STRESS_1P5X,2017-12-21,21152.34080850
DAILY_TR_COST_STRESS_1P5X,2017-12-22,21095.37279850
DAILY_TR_COST_STRESS_1P5X,2017-12-25,20880.76212850
DAILY_TR_COST_STRESS_1P5X,2017-12-26,20937.50624850
DAILY_TR_COST_STRESS_1P5X,2017-12-27,20703.90624850
DAILY_TR_COST_STRESS_1P5X,2017-12-28,20832.90624850
DAILY_TR_COST_STRESS_1P5X,2017-12-29,20953.90624850
DAILY_TR_COST_STRESS_1P5X,2018-01-02,21209.10624850
DAILY_TR_COST_STRESS_1P5X,2018-01-03,21317.70624850
DAILY_TR_COST_STRESS_1P5X,2018-01-04,21369.94110850
DAILY_TR_COST_STRESS_1P5X,2018-01-05,21381.54948350
DAILY_TR_COST_STRESS_1P5X,2018-01-08,21464.04948350
DAILY_TR_COST_STRESS_1P5X,2018-01-09,21533.84948350
DAILY_TR_COST_STRESS_1P5X,2018-01-10,21527.64948350
DAILY_TR_COST_STRESS_1P5X,2018-01-11,21536.24948350
DAILY_TR_COST_STRESS_1P5X,2018-01-12,21541.54948350
DAILY_TR_COST_STRESS_1P5X,2018-01-15,21321.54948350
DAILY_TR_COST_STRESS_1P5X,2018-01-16,21469.44948350
DAILY_TR_COST_STRESS_1P5X,2018-01-17,21386.34948350
DAILY_TR_COST_STRESS_1P5X,2018-01-18,21485.74948350
DAILY_TR_COST_STRESS_1P5X,2018-01-19,21486.74948350
DAILY_TR_COST_STRESS_1P5X,2018-01-22,21730.84948350
DAILY_TR_COST_STRESS_1P5X,2018-01-23,21844.64948350
DAILY_TR_COST_STRESS_1P5X,2018-01-24,21922.94948350
DAILY_TR_COST_STRESS_1P5X,2018-01-25,21798.31193350
DAILY_TR_COST_STRESS_1P5X,2018-01-26,21915.11193350
DAILY_TR_COST_STRESS_1P5X,2018-01-29,21624.21193350
DAILY_TR_COST_STRESS_1P5X,2018-01-30,21447.61193350
DAILY_TR_COST_STRESS_1P5X,2018-01-31,21168.41193350
DAILY_TR_COST_STRESS_1P5X,2018-02-01,20811.82509350
DAILY_TR_COST_STRESS_1P5X,2018-02-02,20904.70466350
DAILY_TR_COST_STRESS_1P5X,2018-02-05,20820.50466350
DAILY_TR_COST_STRESS_1P5X,2018-02-06,20040.30466350
DAILY_TR_COST_STRESS_1P5X,2018-02-07,19929.10466350
DAILY_TR_COST_STRESS_1P5X,2018-02-08,20001.50466350
DAILY_TR_COST_STRESS_1P5X,2018-02-09,19327.70466350
DAILY_TR_COST_STRESS_1P5X,2018-02-12,19744.50466350
DAILY_TR_COST_STRESS_1P5X,2018-02-13,19871.10466350
DAILY_TR_COST_STRESS_1P5X,2018-02-14,19901.70466350
DAILY_TR_COST_STRESS_1P5X,2018-02-22,20261.90466350
DAILY_TR_COST_STRESS_1P5X,2018-02-23,20263.90466350
DAILY_TR_COST_STRESS_1P5X,2018-02-26,20714.70466350
DAILY_TR_COST_STRESS_1P5X,2018-02-27,20710.94157350
DAILY_TR_COST_STRESS_1P5X,2018-02-28,20782.14157350
DAILY_TR_COST_STRESS_1P5X,2018-03-01,21109.14157350
DAILY_TR_COST_STRESS_1P5X,2018-03-02,20963.14157350
DAILY_TR_COST_STRESS_1P5X,2018-03-05,21071.64157350
DAILY_TR_COST_STRESS_1P5X,2018-03-06,21209.14157350
DAILY_TR_COST_STRESS_1P5X,2018-03-07,21043.94157350
DAILY_TR_COST_STRESS_1P5X,2018-03-08,21165.04157350
DAILY_TR_COST_STRESS_1P5X,2018-03-09,21680.14157350
DAILY_TR_COST_STRESS_1P5X,2018-03-12,21904.94157350
DAILY_TR_COST_STRESS_1P5X,2018-03-13,21804.54157350
DAILY_TR_COST_STRESS_1P5X,2018-03-14,21538.74157350
DAILY_TR_COST_STRESS_1P5X,2018-03-15,21527.64157350
DAILY_TR_COST_STRESS_1P5X,2018-03-16,21329.04157350
DAILY_TR_COST_STRESS_1P5X,2018-03-19,21478.04157350
DAILY_TR_COST_STRESS_1P5X,2018-03-20,21619.04157350
DAILY_TR_COST_STRESS_1P5X,2018-03-21,21316.84157350
DAILY_TR_COST_STRESS_1P5X,2018-03-22,21264.14157350
DAILY_TR_COST_STRESS_1P5X,2018-03-23,20289.24157350
DAILY_TR_COST_STRESS_1P5X,2018-03-26,20750.74157350
DAILY_TR_COST_STRESS_1P5X,2018-03-27,21318.64157350
DAILY_TR_COST_STRESS_1P5X,2018-03-28,21172.24157350
DAILY_TR_COST_STRESS_1P5X,2018-03-29,21315.94157350
DAILY_TR_COST_STRESS_1P5X,2018-03-30,21729.94157350
DAILY_TR_COST_STRESS_1P5X,2018-04-02,21700.24157350
DAILY_TR_COST_STRESS_1P5X,2018-04-03,21492.04157350
DAILY_TR_COST_STRESS_1P5X,2018-04-04,21236.84157350
DAILY_TR_COST_STRESS_1P5X,2018-04-09,21279.34157350
DAILY_TR_COST_STRESS_1P5X,2018-04-10,21319.44157350
DAILY_TR_COST_STRESS_1P5X,2018-04-11,21317.74157350
DAILY_TR_COST_STRESS_1P5X,2018-04-12,21218.84157350
DAILY_TR_COST_STRESS_1P5X,2018-04-13,21195.14157350
DAILY_TR_COST_STRESS_1P5X,2018-04-16,21254.04157350
DAILY_TR_COST_STRESS_1P5X,2018-04-17,20793.74157350
DAILY_TR_COST_STRESS_1P5X,2018-04-18,21088.44157350
DAILY_TR_COST_STRESS_1P5X,2018-04-19,21113.34157350
DAILY_TR_COST_STRESS_1P5X,2018-04-20,20781.24157350
DAILY_TR_COST_STRESS_1P5X,2018-04-23,20510.74157350
DAILY_TR_COST_STRESS_1P5X,2018-04-24,20989.14157350
DAILY_TR_COST_STRESS_1P5X,2018-04-25,21054.54157350
DAILY_TR_COST_STRESS_1P5X,2018-04-26,20703.94157350
DAILY_TR_COST_STRESS_1P5X,2018-04-27,20889.94157350
DAILY_TR_COST_STRESS_1P5X,2018-05-02,20833.34157350
DAILY_TR_COST_STRESS_1P5X,2018-05-03,21059.84157350
DAILY_TR_COST_STRESS_1P5X,2018-05-04,20948.69089350
DAILY_TR_COST_STRESS_1P5X,2018-05-07,21281.19089350
DAILY_TR_COST_STRESS_1P5X,2018-05-08,21451.19089350
DAILY_TR_COST_STRESS_1P5X,2018-05-09,21400.56056850
DAILY_TR_COST_STRESS_1P5X,2018-05-10,21537.06056850
DAILY_TR_COST_STRESS_1P5X,2018-05-11,21291.36791850
DAILY_TR_COST_STRESS_1P5X,2018-05-14,21213.36791850
DAILY_TR_COST_STRESS_1P5X,2018-05-15,21366.69396850
DAILY_TR_COST_STRESS_1P5X,2018-05-16,21229.39396850
DAILY_TR_COST_STRESS_1P5X,2018-05-17,21062.19396850
DAILY_TR_COST_STRESS_1P5X,2018-05-18,21173.99396850
DAILY_TR_COST_STRESS_1P5X,2018-05-21,21334.49694350
DAILY_TR_COST_STRESS_1P5X,2018-05-22,21338.20878350
DAILY_TR_COST_STRESS_1P5X,2018-05-23,21080.80878350
DAILY_TR_COST_STRESS_1P5X,2018-05-24,20984.05532350
DAILY_TR_COST_STRESS_1P5X,2018-05-25,20693.65532350
DAILY_TR_COST_STRESS_1P5X,2018-05-28,20675.79494350
DAILY_TR_COST_STRESS_1P5X,2018-05-29,20480.19494350
DAILY_TR_COST_STRESS_1P5X,2018-05-30,20109.99494350
DAILY_TR_COST_STRESS_1P5X,2018-05-31,20391.79494350
DAILY_TR_COST_STRESS_1P5X,2018-06-01,20229.99494350
DAILY_TR_COST_STRESS_1P5X,2018-06-04,20317.39494350
DAILY_TR_COST_STRESS_1P5X,2018-06-05,20536.99494350
DAILY_TR_COST_STRESS_1P5X,2018-06-06,20511.79494350
DAILY_TR_COST_STRESS_1P5X,2018-06-07,20463.19494350
DAILY_TR_COST_STRESS_1P5X,2018-06-08,20237.19494350
DAILY_TR_COST_STRESS_1P5X,2018-06-11,20209.39494350
DAILY_TR_COST_STRESS_1P5X,2018-06-12,20369.19494350
DAILY_TR_COST_STRESS_1P5X,2018-06-13,20156.59494350
DAILY_TR_COST_STRESS_1P5X,2018-06-14,20118.59494350
DAILY_TR_COST_STRESS_1P5X,2018-06-15,19957.19494350
DAILY_TR_COST_STRESS_1P5X,2018-06-19,19129.99494350
DAILY_TR_COST_STRESS_1P5X,2018-06-20,19197.19494350
DAILY_TR_COST_STRESS_1P5X,2018-06-21,18989.39494350
DAILY_TR_COST_STRESS_1P5X,2018-06-22,19125.79494350
DAILY_TR_COST_STRESS_1P5X,2018-06-25,18933.39494350
DAILY_TR_COST_STRESS_1P5X,2018-06-26,18915.19494350
DAILY_TR_COST_STRESS_1P5X,2018-06-27,18609.99494350
DAILY_TR_COST_STRESS_1P5X,2018-06-28,18505.99494350
DAILY_TR_COST_STRESS_1P5X,2018-06-29,19062.12886350
DAILY_TR_COST_STRESS_1P5X,2018-07-02,18718.92886350
DAILY_TR_COST_STRESS_1P5X,2018-07-03,18782.92886350
DAILY_TR_COST_STRESS_1P5X,2018-07-04,18464.83099850
DAILY_TR_COST_STRESS_1P5X,2018-07-05,18058.43099850
DAILY_TR_COST_STRESS_1P5X,2018-07-06,18154.12726350
DAILY_TR_COST_STRESS_1P5X,2018-07-09,18615.72726350
DAILY_TR_COST_STRESS_1P5X,2018-07-10,18704.52726350
DAILY_TR_COST_STRESS_1P5X,2018-07-11,18408.52726350
DAILY_TR_COST_STRESS_1P5X,2018-07-12,18898.92726350
DAILY_TR_COST_STRESS_1P5X,2018-07-13,18924.52726350
DAILY_TR_COST_STRESS_1P5X,2018-07-16,18888.52726350
DAILY_TR_COST_STRESS_1P5X,2018-07-17,18825.63576350
DAILY_TR_COST_STRESS_1P5X,2018-07-18,18726.13576350
DAILY_TR_COST_STRESS_1P5X,2018-07-19,18558.13576350
DAILY_TR_COST_STRESS_1P5X,2018-07-20,18774.13576350
DAILY_TR_COST_STRESS_1P5X,2018-07-23,18863.13576350
DAILY_TR_COST_STRESS_1P5X,2018-07-24,19052.13576350
DAILY_TR_COST_STRESS_1P5X,2018-07-25,19064.63576350
DAILY_TR_COST_STRESS_1P5X,2018-07-26,18848.87193850
DAILY_TR_COST_STRESS_1P5X,2018-07-27,18705.89190350
DAILY_TR_COST_STRESS_1P5X,2018-07-30,18491.73841850
DAILY_TR_COST_STRESS_1P5X,2018-07-31,18539.63841850
DAILY_TR_COST_STRESS_1P5X,2018-08-01,18226.63841850
DAILY_TR_COST_STRESS_1P5X,2018-08-02,17859.73841850
DAILY_TR_COST_STRESS_1P5X,2018-08-03,17672.83841850
DAILY_TR_COST_STRESS_1P5X,2018-08-06,17427.33841850
DAILY_TR_COST_STRESS_1P5X,2018-08-07,17831.73841850
DAILY_TR_COST_STRESS_1P5X,2018-08-08,17616.23841850
DAILY_TR_COST_STRESS_1P5X,2018-08-09,17999.03841850
DAILY_TR_COST_STRESS_1P5X,2018-08-10,18045.83841850
DAILY_TR_COST_STRESS_1P5X,2018-08-13,18060.83841850
DAILY_TR_COST_STRESS_1P5X,2018-08-14,17985.83841850
DAILY_TR_COST_STRESS_1P5X,2018-08-15,17638.23841850
DAILY_TR_COST_STRESS_1P5X,2018-08-16,17537.03841850
DAILY_TR_COST_STRESS_1P5X,2018-08-17,17280.23841850
DAILY_TR_COST_STRESS_1P5X,2018-08-20,17404.23841850
DAILY_TR_COST_STRESS_1P5X,2018-08-21,17613.33841850
DAILY_TR_COST_STRESS_1P5X,2018-08-22,17548.53841850
DAILY_TR_COST_STRESS_1P5X,2018-08-23,17609.03841850
DAILY_TR_COST_STRESS_1P5X,2018-08-24,17592.03841850
DAILY_TR_COST_STRESS_1P5X,2018-08-27,17979.53841850
DAILY_TR_COST_STRESS_1P5X,2018-08-28,17965.53841850
DAILY_TR_COST_STRESS_1P5X,2018-08-29,17895.13841850
DAILY_TR_COST_STRESS_1P5X,2018-08-30,17698.43841850
DAILY_TR_COST_STRESS_1P5X,2018-08-31,17553.13841850
DAILY_TR_COST_STRESS_1P5X,2018-09-03,17573.03841850
DAILY_TR_COST_STRESS_1P5X,2018-09-04,17720.53841850
DAILY_TR_COST_STRESS_1P5X,2018-09-05,17459.03841850
DAILY_TR_COST_STRESS_1P5X,2018-09-06,17327.81264850
DAILY_TR_COST_STRESS_1P5X,2018-09-07,17353.47702350
DAILY_TR_COST_STRESS_1P5X,2018-09-10,17126.07702350
DAILY_TR_COST_STRESS_1P5X,2018-09-11,17087.97702350
DAILY_TR_COST_STRESS_1P5X,2018-09-12,17011.07702350
DAILY_TR_COST_STRESS_1P5X,2018-09-13,17133.57702350
DAILY_TR_COST_STRESS_1P5X,2018-09-14,17065.57702350
DAILY_TR_COST_STRESS_1P5X,2018-09-17,16904.27702350
DAILY_TR_COST_STRESS_1P5X,2018-09-18,17157.17702350
DAILY_TR_COST_STRESS_1P5X,2018-09-19,17349.17702350
DAILY_TR_COST_STRESS_1P5X,2018-09-20,17343.07702350
DAILY_TR_COST_STRESS_1P5X,2018-09-21,17730.87702350
DAILY_TR_COST_STRESS_1P5X,2018-09-25,17608.37702350
DAILY_TR_COST_STRESS_1P5X,2018-09-26,17710.77702350
DAILY_TR_COST_STRESS_1P5X,2018-09-27,17596.77702350
DAILY_TR_COST_STRESS_1P5X,2018-09-28,17780.07702350
DAILY_TR_COST_STRESS_1P5X,2018-10-08,17125.97702350
DAILY_TR_COST_STRESS_1P5X,2018-10-09,17119.57702350
DAILY_TR_COST_STRESS_1P5X,2018-10-10,17113.47702350
DAILY_TR_COST_STRESS_1P5X,2018-10-11,16159.87702350
DAILY_TR_COST_STRESS_1P5X,2018-10-12,16268.57702350
DAILY_TR_COST_STRESS_1P5X,2018-10-15,16043.47702350
DAILY_TR_COST_STRESS_1P5X,2018-10-16,15870.67702350
DAILY_TR_COST_STRESS_1P5X,2018-10-17,15951.07882350
DAILY_TR_COST_STRESS_1P5X,2018-10-18,15671.07882350
DAILY_TR_COST_STRESS_1P5X,2018-10-19,16060.87882350
DAILY_TR_COST_STRESS_1P5X,2018-10-22,16856.47882350
DAILY_TR_COST_STRESS_1P5X,2018-10-23,16433.87882350
DAILY_TR_COST_STRESS_1P5X,2018-10-24,16414.87882350
DAILY_TR_COST_STRESS_1P5X,2018-10-25,16390.07882350
DAILY_TR_COST_STRESS_1P5X,2018-10-26,16239.47882350
DAILY_TR_COST_STRESS_1P5X,2018-10-29,15960.07882350
DAILY_TR_COST_STRESS_1P5X,2018-10-30,16113.47882350
DAILY_TR_COST_STRESS_1P5X,2018-10-31,16266.87882350
DAILY_TR_COST_STRESS_1P5X,2018-11-01,16383.47882350
DAILY_TR_COST_STRESS_1P5X,2018-11-02,17064.47882350
DAILY_TR_COST_STRESS_1P5X,2018-11-05,16945.87882350
DAILY_TR_COST_STRESS_1P5X,2018-11-06,16893.67882350
DAILY_TR_COST_STRESS_1P5X,2018-11-07,16810.27882350
DAILY_TR_COST_STRESS_1P5X,2018-11-08,16701.67882350
DAILY_TR_COST_STRESS_1P5X,2018-11-09,16581.47882350
DAILY_TR_COST_STRESS_1P5X,2018-11-12,17009.68497350
DAILY_TR_COST_STRESS_1P5X,2018-11-13,17285.58497350
DAILY_TR_COST_STRESS_1P5X,2018-11-14,17214.98497350
DAILY_TR_COST_STRESS_1P5X,2018-11-15,17446.98497350
DAILY_TR_COST_STRESS_1P5X,2018-11-16,17471.38497350
DAILY_TR_COST_STRESS_1P5X,2018-11-19,17433.28497350
DAILY_TR_COST_STRESS_1P5X,2018-11-20,17021.48497350
DAILY_TR_COST_STRESS_1P5X,2018-11-21,17056.78497350
DAILY_TR_COST_STRESS_1P5X,2018-11-22,17003.68497350
DAILY_TR_COST_STRESS_1P5X,2018-11-23,16455.78497350
DAILY_TR_COST_STRESS_1P5X,2018-11-26,16446.58497350
DAILY_TR_COST_STRESS_1P5X,2018-11-27,16538.08497350
DAILY_TR_COST_STRESS_1P5X,2018-11-28,16790.08497350
DAILY_TR_COST_STRESS_1P5X,2018-11-29,16459.48497350
DAILY_TR_COST_STRESS_1P5X,2018-11-30,16601.38497350
DAILY_TR_COST_STRESS_1P5X,2018-12-03,17111.18497350
DAILY_TR_COST_STRESS_1P5X,2018-12-04,17171.08497350
DAILY_TR_COST_STRESS_1P5X,2018-12-05,17119.88497350
DAILY_TR_COST_STRESS_1P5X,2018-12-06,16746.98497350
DAILY_TR_COST_STRESS_1P5X,2018-12-07,16719.08497350
DAILY_TR_COST_STRESS_1P5X,2018-12-10,16561.38497350
DAILY_TR_COST_STRESS_1P5X,2018-12-11,16660.69032350
DAILY_TR_COST_STRESS_1P5X,2018-12-12,16668.39032350
DAILY_TR_COST_STRESS_1P5X,2018-12-13,16852.56615350
DAILY_TR_COST_STRESS_1P5X,2018-12-14,16537.21185850
DAILY_TR_COST_STRESS_1P5X,2018-12-17,16490.51185850
DAILY_TR_COST_STRESS_1P5X,2018-12-18,16339.57370850
DAILY_TR_COST_STRESS_1P5X,2018-12-19,16125.67370850
DAILY_TR_COST_STRESS_1P5X,2018-12-20,16132.77370850
DAILY_TR_COST_STRESS_1P5X,2018-12-21,16007.07370850
DAILY_TR_COST_STRESS_1P5X,2018-12-24,16100.07672350
DAILY_TR_COST_STRESS_1P5X,2018-12-25,15956.97672350
DAILY_TR_COST_STRESS_1P5X,2018-12-26,15872.95745350
DAILY_TR_COST_STRESS_1P5X,2018-12-27,15637.11267850
DAILY_TR_COST_STRESS_1P5X,2018-12-28,15657.71267850
DAILY_TR_COST_STRESS_1P5X,2019-01-02,15480.14659850
DAILY_TR_COST_STRESS_1P5X,2019-01-03,15463.64659850
DAILY_TR_COST_STRESS_1P5X,2019-01-04,15813.04659850
DAILY_TR_COST_STRESS_1P5X,2019-01-07,15958.64659850
DAILY_TR_COST_STRESS_1P5X,2019-01-08,15943.64659850
DAILY_TR_COST_STRESS_1P5X,2019-01-09,15989.74659850
DAILY_TR_COST_STRESS_1P5X,2019-01-10,16008.34659850
DAILY_TR_COST_STRESS_1P5X,2019-01-11,16094.94659850
DAILY_TR_COST_STRESS_1P5X,2019-01-14,15999.54659850
DAILY_TR_COST_STRESS_1P5X,2019-01-15,16225.34659850
DAILY_TR_COST_STRESS_1P5X,2019-01-16,16213.34659850
DAILY_TR_COST_STRESS_1P5X,2019-01-17,16120.44659850
DAILY_TR_COST_STRESS_1P5X,2019-01-18,16312.74659850
DAILY_TR_COST_STRESS_1P5X,2019-01-21,16375.64659850
DAILY_TR_COST_STRESS_1P5X,2019-01-22,16185.64659850
DAILY_TR_COST_STRESS_1P5X,2019-01-23,16175.54659850
DAILY_TR_COST_STRESS_1P5X,2019-01-24,16276.34659850
DAILY_TR_COST_STRESS_1P5X,2019-01-25,16294.64659850
DAILY_TR_COST_STRESS_1P5X,2019-01-28,16261.84659850
DAILY_TR_COST_STRESS_1P5X,2019-01-29,16201.14659850
DAILY_TR_COST_STRESS_1P5X,2019-01-30,16105.44659850
DAILY_TR_COST_STRESS_1P5X,2019-01-31,16127.94659850
DAILY_TR_COST_STRESS_1P5X,2019-02-01,16447.04659850
DAILY_TR_COST_STRESS_1P5X,2019-02-11,16696.04659850
DAILY_TR_COST_STRESS_1P5X,2019-02-12,16820.21201350
DAILY_TR_COST_STRESS_1P5X,2019-02-13,17107.71201350
DAILY_TR_COST_STRESS_1P5X,2019-02-14,17134.21201350
DAILY_TR_COST_STRESS_1P5X,2019-02-15,16999.21201350
DAILY_TR_COST_STRESS_1P5X,2019-02-18,17537.11201350
DAILY_TR_COST_STRESS_1P5X,2019-02-19,17452.41201350
DAILY_TR_COST_STRESS_1P5X,2019-02-20,17484.01201350
DAILY_TR_COST_STRESS_1P5X,2019-02-21,17516.51201350
DAILY_TR_COST_STRESS_1P5X,2019-02-22,18019.81201350
DAILY_TR_COST_STRESS_1P5X,2019-02-25,19075.01201350
DAILY_TR_COST_STRESS_1P5X,2019-02-26,18811.31201350
DAILY_TR_COST_STRESS_1P5X,2019-02-27,18643.41201350
DAILY_TR_COST_STRESS_1P5X,2019-02-28,18698.81201350
DAILY_TR_COST_STRESS_1P5X,2019-03-01,19040.81201350
DAILY_TR_COST_STRESS_1P5X,2019-03-04,19486.49495350
DAILY_TR_COST_STRESS_1P5X,2019-03-05,20056.89495350
DAILY_TR_COST_STRESS_1P5X,2019-03-06,20335.39495350
DAILY_TR_COST_STRESS_1P5X,2019-03-07,20327.49495350
DAILY_TR_COST_STRESS_1P5X,2019-03-08,19832.29495350
DAILY_TR_COST_STRESS_1P5X,2019-03-11,20555.69495350
DAILY_TR_COST_STRESS_1P5X,2019-03-12,20910.99495350
DAILY_TR_COST_STRESS_1P5X,2019-03-13,20264.19495350
DAILY_TR_COST_STRESS_1P5X,2019-03-14,19865.69495350
DAILY_TR_COST_STRESS_1P5X,2019-03-15,19992.29495350
DAILY_TR_COST_STRESS_1P5X,2019-03-18,20518.79495350
DAILY_TR_COST_STRESS_1P5X,2019-03-19,20496.69495350
DAILY_TR_COST_STRESS_1P5X,2019-03-20,20386.19495350
DAILY_TR_COST_STRESS_1P5X,2019-03-21,20562.09495350
DAILY_TR_COST_STRESS_1P5X,2019-03-22,20624.49495350
DAILY_TR_COST_STRESS_1P5X,2019-03-25,20365.19495350
DAILY_TR_COST_STRESS_1P5X,2019-03-26,19862.99495350
DAILY_TR_COST_STRESS_1P5X,2019-03-27,20036.69495350
DAILY_TR_COST_STRESS_1P5X,2019-03-28,19846.49495350
DAILY_TR_COST_STRESS_1P5X,2019-03-29,20521.29495350
DAILY_TR_COST_STRESS_1P5X,2019-04-01,21265.79495350
DAILY_TR_COST_STRESS_1P5X,2019-04-02,21191.09495350
DAILY_TR_COST_STRESS_1P5X,2019-04-03,21399.89495350
DAILY_TR_COST_STRESS_1P5X,2019-04-04,21564.83292850
DAILY_TR_COST_STRESS_1P5X,2019-04-08,21398.53292850
DAILY_TR_COST_STRESS_1P5X,2019-04-09,21494.23292850
DAILY_TR_COST_STRESS_1P5X,2019-04-10,21485.53292850
DAILY_TR_COST_STRESS_1P5X,2019-04-11,21165.53292850
DAILY_TR_COST_STRESS_1P5X,2019-04-12,21109.33292850
DAILY_TR_COST_STRESS_1P5X,2019-04-15,20930.33292850
DAILY_TR_COST_STRESS_1P5X,2019-04-16,21420.83292850
DAILY_TR_COST_STRESS_1P5X,2019-04-17,21414.33292850
DAILY_TR_COST_STRESS_1P5X,2019-04-18,21366.73292850
DAILY_TR_COST_STRESS_1P5X,2019-04-19,21584.23292850
DAILY_TR_COST_STRESS_1P5X,2019-04-22,21194.33292850
DAILY_TR_COST_STRESS_1P5X,2019-04-23,21005.73292850
DAILY_TR_COST_STRESS_1P5X,2019-04-24,21108.03292850
DAILY_TR_COST_STRESS_1P5X,2019-04-25,20634.19060350
DAILY_TR_COST_STRESS_1P5X,2019-04-26,20457.79060350
DAILY_TR_COST_STRESS_1P5X,2019-04-29,20260.29060350
DAILY_TR_COST_STRESS_1P5X,2019-04-30,20288.09060350
DAILY_TR_COST_STRESS_1P5X,2019-05-06,19088.39131350
DAILY_TR_COST_STRESS_1P5X,2019-05-07,19243.59131350
DAILY_TR_COST_STRESS_1P5X,2019-05-08,19091.59131350
DAILY_TR_COST_STRESS_1P5X,2019-05-09,18905.99131350
DAILY_TR_COST_STRESS_1P5X,2019-05-10,19455.42521350
DAILY_TR_COST_STRESS_1P5X,2019-05-13,19157.42521350
DAILY_TR_COST_STRESS_1P5X,2019-05-14,19057.02521350
DAILY_TR_COST_STRESS_1P5X,2019-05-15,19419.32521350
DAILY_TR_COST_STRESS_1P5X,2019-05-16,19496.12521350
DAILY_TR_COST_STRESS_1P5X,2019-05-17,18996.12521350
DAILY_TR_COST_STRESS_1P5X,2019-05-20,18851.02521350
DAILY_TR_COST_STRESS_1P5X,2019-05-21,19090.22521350
DAILY_TR_COST_STRESS_1P5X,2019-05-22,19051.82521350
DAILY_TR_COST_STRESS_1P5X,2019-05-23,18711.92521350
DAILY_TR_COST_STRESS_1P5X,2019-05-24,18678.52521350
DAILY_TR_COST_STRESS_1P5X,2019-05-27,18945.49584850
DAILY_TR_COST_STRESS_1P5X,2019-05-28,18966.99584850
DAILY_TR_COST_STRESS_1P5X,2019-05-29,18974.79584850
DAILY_TR_COST_STRESS_1P5X,2019-05-30,18944.59584850
DAILY_TR_COST_STRESS_1P5X,2019-05-31,18861.59584850
DAILY_TR_COST_STRESS_1P5X,2019-06-03,18814.39584850
DAILY_TR_COST_STRESS_1P5X,2019-06-04,18626.49584850
DAILY_TR_COST_STRESS_1P5X,2019-06-05,18539.10946850
DAILY_TR_COST_STRESS_1P5X,2019-06-06,18290.80946850
DAILY_TR_COST_STRESS_1P5X,2019-06-10,18473.30946850
DAILY_TR_COST_STRESS_1P5X,2019-06-11,19051.80946850
DAILY_TR_COST_STRESS_1P5X,2019-06-12,18881.20946850
DAILY_TR_COST_STRESS_1P5X,2019-06-13,18924.10946850
DAILY_TR_COST_STRESS_1P5X,2019-06-14,18726.00946850
DAILY_TR_COST_STRESS_1P5X,2019-06-17,18691.60946850
DAILY_TR_COST_STRESS_1P5X,2019-06-18,18769.00946850
DAILY_TR_COST_STRESS_1P5X,2019-06-19,18993.50946850
DAILY_TR_COST_STRESS_1P5X,2019-06-20,19389.40946850
DAILY_TR_COST_STRESS_1P5X,2019-06-21,19588.40946850
DAILY_TR_COST_STRESS_1P5X,2019-06-24,19525.50946850
DAILY_TR_COST_STRESS_1P5X,2019-06-25,19329.60946850
DAILY_TR_COST_STRESS_1P5X,2019-06-26,19367.30946850
DAILY_TR_COST_STRESS_1P5X,2019-06-27,19587.80946850
DAILY_TR_COST_STRESS_1P5X,2019-06-28,19514.70946850
DAILY_TR_COST_STRESS_1P5X,2019-07-01,20051.80946850
DAILY_TR_COST_STRESS_1P5X,2019-07-02,20065.60946850
DAILY_TR_COST_STRESS_1P5X,2019-07-03,19854.00946850
DAILY_TR_COST_STRESS_1P5X,2019-07-04,19723.40946850
DAILY_TR_COST_STRESS_1P5X,2019-07-05,19863.80946850
DAILY_TR_COST_STRESS_1P5X,2019-07-08,19409.00946850
DAILY_TR_COST_STRESS_1P5X,2019-07-09,19459.10946850
DAILY_TR_COST_STRESS_1P5X,2019-07-10,19426.00946850
DAILY_TR_COST_STRESS_1P5X,2019-07-11,19440.10946850
DAILY_TR_COST_STRESS_1P5X,2019-07-12,19552.70946850
DAILY_TR_COST_STRESS_1P5X,2019-07-15,19726.50946850
DAILY_TR_COST_STRESS_1P5X,2019-07-16,19689.70946850
DAILY_TR_COST_STRESS_1P5X,2019-07-17,19693.60946850
DAILY_TR_COST_STRESS_1P5X,2019-07-18,19506.30946850
DAILY_TR_COST_STRESS_1P5X,2019-07-19,19692.70946850
DAILY_TR_COST_STRESS_1P5X,2019-07-22,19476.20946850
DAILY_TR_COST_STRESS_1P5X,2019-07-23,19614.90946850
DAILY_TR_COST_STRESS_1P5X,2019-07-24,19786.50946850
DAILY_TR_COST_STRESS_1P5X,2019-07-25,19914.20946850
DAILY_TR_COST_STRESS_1P5X,2019-07-26,19925.70946850
DAILY_TR_COST_STRESS_1P5X,2019-07-29,19929.60946850
DAILY_TR_COST_STRESS_1P5X,2019-07-30,20047.70946850
DAILY_TR_COST_STRESS_1P5X,2019-07-31,19924.30946850
DAILY_TR_COST_STRESS_1P5X,2019-08-01,19865.10946850
DAILY_TR_COST_STRESS_1P5X,2019-08-02,19640.90946850
DAILY_TR_COST_STRESS_1P5X,2019-08-05,19323.90946850
DAILY_TR_COST_STRESS_1P5X,2019-08-06,18964.17576850
DAILY_TR_COST_STRESS_1P5X,2019-08-07,18877.75620850
DAILY_TR_COST_STRESS_1P5X,2019-08-08,19123.75620850
DAILY_TR_COST_STRESS_1P5X,2019-08-09,18952.65620850
DAILY_TR_COST_STRESS_1P5X,2019-08-12,19297.15620850
DAILY_TR_COST_STRESS_1P5X,2019-08-13,19130.75620850
DAILY_TR_COST_STRESS_1P5X,2019-08-14,19203.55620850
DAILY_TR_COST_STRESS_1P5X,2019-08-15,19359.85620850
DAILY_TR_COST_STRESS_1P5X,2019-08-16,19477.85620850
DAILY_TR_COST_STRESS_1P5X,2019-08-19,20009.65620850
DAILY_TR_COST_STRESS_1P5X,2019-08-20,19843.83198850
DAILY_TR_COST_STRESS_1P5X,2019-08-21,19835.93198850
DAILY_TR_COST_STRESS_1P5X,2019-08-22,19875.13198850
DAILY_TR_COST_STRESS_1P5X,2019-08-23,19886.03198850
DAILY_TR_COST_STRESS_1P5X,2019-08-26,19736.13198850
DAILY_TR_COST_STRESS_1P5X,2019-08-27,20025.33198850
DAILY_TR_COST_STRESS_1P5X,2019-08-28,20010.33198850
DAILY_TR_COST_STRESS_1P5X,2019-08-29,19995.23198850
DAILY_TR_COST_STRESS_1P5X,2019-08-30,19868.23198850
DAILY_TR_COST_STRESS_1P5X,2019-09-02,20326.73198850
DAILY_TR_COST_STRESS_1P5X,2019-09-03,20395.13198850
DAILY_TR_COST_STRESS_1P5X,2019-09-04,20602.43198850
DAILY_TR_COST_STRESS_1P5X,2019-09-05,20777.93198850
DAILY_TR_COST_STRESS_1P5X,2019-09-06,20828.33198850
DAILY_TR_COST_STRESS_1P5X,2019-09-09,21234.73198850
DAILY_TR_COST_STRESS_1P5X,2019-09-10,21174.03198850
DAILY_TR_COST_STRESS_1P5X,2019-09-11,21001.53198850
DAILY_TR_COST_STRESS_1P5X,2019-09-12,21073.43198850
DAILY_TR_COST_STRESS_1P5X,2019-09-16,21100.03198850
DAILY_TR_COST_STRESS_1P5X,2019-09-17,20713.83198850
DAILY_TR_COST_STRESS_1P5X,2019-09-18,20714.83198850
DAILY_TR_COST_STRESS_1P5X,2019-09-19,20944.83198850
DAILY_TR_COST_STRESS_1P5X,2019-09-20,20936.93198850
DAILY_TR_COST_STRESS_1P5X,2019-09-23,20793.43198850
DAILY_TR_COST_STRESS_1P5X,2019-09-24,20849.03198850
DAILY_TR_COST_STRESS_1P5X,2019-09-25,20595.03198850
DAILY_TR_COST_STRESS_1P5X,2019-09-26,20092.53198850
DAILY_TR_COST_STRESS_1P5X,2019-09-27,20124.60521350
DAILY_TR_COST_STRESS_1P5X,2019-09-30,19907.80792350
DAILY_TR_COST_STRESS_1P5X,2019-10-08,19808.65209350
DAILY_TR_COST_STRESS_1P5X,2019-10-09,19865.13275850
DAILY_TR_COST_STRESS_1P5X,2019-10-10,20021.13275850
DAILY_TR_COST_STRESS_1P5X,2019-10-11,20123.76271850
DAILY_TR_COST_STRESS_1P5X,2019-10-14,20249.16271850
DAILY_TR_COST_STRESS_1P5X,2019-10-15,20096.72715850
DAILY_TR_COST_STRESS_1P5X,2019-10-16,20014.72715850
DAILY_TR_COST_STRESS_1P5X,2019-10-17,20007.39923850
DAILY_TR_COST_STRESS_1P5X,2019-10-18,19846.19923850
DAILY_TR_COST_STRESS_1P5X,2019-10-21,19843.59923850
DAILY_TR_COST_STRESS_1P5X,2019-10-22,19994.19923850
DAILY_TR_COST_STRESS_1P5X,2019-10-23,19852.79923850
DAILY_TR_COST_STRESS_1P5X,2019-10-24,19886.19923850
DAILY_TR_COST_STRESS_1P5X,2019-10-25,20067.79923850
DAILY_TR_COST_STRESS_1P5X,2019-10-28,20286.39923850
DAILY_TR_COST_STRESS_1P5X,2019-10-29,20134.59923850
DAILY_TR_COST_STRESS_1P5X,2019-10-30,20049.39923850
DAILY_TR_COST_STRESS_1P5X,2019-10-31,19983.39923850
DAILY_TR_COST_STRESS_1P5X,2019-11-01,20256.79923850
DAILY_TR_COST_STRESS_1P5X,2019-11-04,20335.79923850
DAILY_TR_COST_STRESS_1P5X,2019-11-05,20470.39923850
DAILY_TR_COST_STRESS_1P5X,2019-11-06,20371.39923850
DAILY_TR_COST_STRESS_1P5X,2019-11-07,20455.19923850
DAILY_TR_COST_STRESS_1P5X,2019-11-08,20386.39923850
DAILY_TR_COST_STRESS_1P5X,2019-11-11,20042.99923850
DAILY_TR_COST_STRESS_1P5X,2019-11-12,20037.59923850
DAILY_TR_COST_STRESS_1P5X,2019-11-13,20081.39923850
DAILY_TR_COST_STRESS_1P5X,2019-11-14,20143.99923850
DAILY_TR_COST_STRESS_1P5X,2019-11-15,20012.59923850
DAILY_TR_COST_STRESS_1P5X,2019-11-18,20113.39923850
DAILY_TR_COST_STRESS_1P5X,2019-11-19,20453.39923850
DAILY_TR_COST_STRESS_1P5X,2019-11-20,20301.59923850
DAILY_TR_COST_STRESS_1P5X,2019-11-21,20229.59923850
DAILY_TR_COST_STRESS_1P5X,2019-11-22,19935.59923850
DAILY_TR_COST_STRESS_1P5X,2019-11-25,19913.19923850
DAILY_TR_COST_STRESS_1P5X,2019-11-26,19976.79923850
DAILY_TR_COST_STRESS_1P5X,2019-11-27,19980.39923850
DAILY_TR_COST_STRESS_1P5X,2019-11-28,19967.19923850
DAILY_TR_COST_STRESS_1P5X,2019-11-29,19810.99923850
DAILY_TR_COST_STRESS_1P5X,2019-12-02,19840.33042850
DAILY_TR_COST_STRESS_1P5X,2019-12-03,19916.33042850
DAILY_TR_COST_STRESS_1P5X,2019-12-04,19893.13042850
DAILY_TR_COST_STRESS_1P5X,2019-12-05,20174.73042850
DAILY_TR_COST_STRESS_1P5X,2019-12-06,20336.33042850
DAILY_TR_COST_STRESS_1P5X,2019-12-09,20321.93042850
DAILY_TR_COST_STRESS_1P5X,2019-12-10,20440.33042850
DAILY_TR_COST_STRESS_1P5X,2019-12-11,20311.53042850
DAILY_TR_COST_STRESS_1P5X,2019-12-12,20316.33042850
DAILY_TR_COST_STRESS_1P5X,2019-12-13,20636.33042850
DAILY_TR_COST_STRESS_1P5X,2019-12-16,20898.73042850
DAILY_TR_COST_STRESS_1P5X,2019-12-17,21168.33042850
DAILY_TR_COST_STRESS_1P5X,2019-12-18,21087.53042850
DAILY_TR_COST_STRESS_1P5X,2019-12-19,21104.33042850
DAILY_TR_COST_STRESS_1P5X,2019-12-20,20925.13042850
DAILY_TR_COST_STRESS_1P5X,2019-12-23,20511.53042850
DAILY_TR_COST_STRESS_1P5X,2019-12-24,20829.13042850
DAILY_TR_COST_STRESS_1P5X,2019-12-25,20947.53042850
DAILY_TR_COST_STRESS_1P5X,2019-12-26,21059.53042850
DAILY_TR_COST_STRESS_1P5X,2019-12-27,20830.73042850
DAILY_TR_COST_STRESS_1P5X,2019-12-30,21117.93042850
DAILY_TR_COST_STRESS_1P5X,2019-12-31,21171.53042850
DAILY_TR_COST_STRESS_1P5X,2020-01-02,21540.33042850
DAILY_TR_COST_STRESS_1P5X,2020-01-03,21552.33042850
DAILY_TR_COST_STRESS_1P5X,2020-01-06,21792.33042850
DAILY_TR_COST_STRESS_1P5X,2020-01-07,22104.33042850
DAILY_TR_COST_STRESS_1P5X,2020-01-08,21803.53042850
DAILY_TR_COST_STRESS_1P5X,2020-01-09,22185.13042850
DAILY_TR_COST_STRESS_1P5X,2020-01-10,22100.33042850
DAILY_TR_COST_STRESS_1P5X,2020-01-13,22432.33042850
DAILY_TR_COST_STRESS_1P5X,2020-01-14,22323.53042850
DAILY_TR_COST_STRESS_1P5X,2020-01-15,22277.93042850
DAILY_TR_COST_STRESS_1P5X,2020-01-16,22341.13042850
DAILY_TR_COST_STRESS_1P5X,2020-01-17,22297.93042850
DAILY_TR_COST_STRESS_1P5X,2020-01-20,22721.13042850
DAILY_TR_COST_STRESS_1P5X,2020-01-21,22534.73042850
DAILY_TR_COST_STRESS_1P5X,2020-01-22,22753.93042850
DAILY_TR_COST_STRESS_1P5X,2020-01-23,22029.93042850
DAILY_TR_COST_STRESS_1P5X,2020-02-03,20462.73042850
DAILY_TR_COST_STRESS_1P5X,2020-02-04,21211.53042850
DAILY_TR_COST_STRESS_1P5X,2020-02-05,21706.73042850
DAILY_TR_COST_STRESS_1P5X,2020-02-06,22301.13042850
DAILY_TR_COST_STRESS_1P5X,2020-02-07,22445.13042850
DAILY_TR_COST_STRESS_1P5X,2020-02-10,22652.33042850
DAILY_TR_COST_STRESS_1P5X,2020-02-11,22532.33042850
DAILY_TR_COST_STRESS_1P5X,2020-02-12,23051.53042850
DAILY_TR_COST_STRESS_1P5X,2020-02-13,22865.93042850
DAILY_TR_COST_STRESS_1P5X,2020-02-14,22871.53042850
DAILY_TR_COST_STRESS_1P5X,2020-02-17,23660.33042850
DAILY_TR_COST_STRESS_1P5X,2020-02-18,23845.13042850
DAILY_TR_COST_STRESS_1P5X,2020-02-19,23565.13042850
DAILY_TR_COST_STRESS_1P5X,2020-02-20,24033.13042850
DAILY_TR_COST_STRESS_1P5X,2020-02-21,24413.93042850
DAILY_TR_COST_STRESS_1P5X,2020-02-24,24691.53042850
DAILY_TR_COST_STRESS_1P5X,2020-02-25,24848.33042850
DAILY_TR_COST_STRESS_1P5X,2020-02-26,24073.93042850
DAILY_TR_COST_STRESS_1P5X,2020-02-27,24121.13042850
DAILY_TR_COST_STRESS_1P5X,2020-02-28,22977.13042850
DAILY_TR_COST_STRESS_1P5X,2020-03-02,23653.13042850
DAILY_TR_COST_STRESS_1P5X,2020-03-03,23933.13042850
DAILY_TR_COST_STRESS_1P5X,2020-03-04,23942.73042850
DAILY_TR_COST_STRESS_1P5X,2020-03-05,24253.93042850
DAILY_TR_COST_STRESS_1P5X,2020-03-06,24140.33042850
DAILY_TR_COST_STRESS_1P5X,2020-03-09,23223.53042850
DAILY_TR_COST_STRESS_1P5X,2020-03-10,23716.33042850
DAILY_TR_COST_STRESS_1P5X,2020-03-11,23353.93042850
DAILY_TR_COST_STRESS_1P5X,2020-03-12,22974.28353850
DAILY_TR_COST_STRESS_1P5X,2020-03-13,22747.78353850
DAILY_TR_COST_STRESS_1P5X,2020-03-16,21596.16806850
DAILY_TR_COST_STRESS_1P5X,2020-03-17,21587.47977350
DAILY_TR_COST_STRESS_1P5X,2020-03-18,21287.97977350
DAILY_TR_COST_STRESS_1P5X,2020-03-19,21285.47977350
DAILY_TR_COST_STRESS_1P5X,2020-03-20,21475.17977350
DAILY_TR_COST_STRESS_1P5X,2020-03-23,20795.97977350
DAILY_TR_COST_STRESS_1P5X,2020-03-24,21139.37977350
DAILY_TR_COST_STRESS_1P5X,2020-03-25,21602.97977350
DAILY_TR_COST_STRESS_1P5X,2020-03-26,21453.67977350
DAILY_TR_COST_STRESS_1P5X,2020-03-27,21455.37977350
DAILY_TR_COST_STRESS_1P5X,2020-03-30,21188.47977350
DAILY_TR_COST_STRESS_1P5X,2020-03-31,21195.97977350
DAILY_TR_COST_STRESS_1P5X,2020-04-01,21171.97977350
DAILY_TR_COST_STRESS_1P5X,2020-04-02,21570.67977350
DAILY_TR_COST_STRESS_1P5X,2020-04-03,21391.77977350
DAILY_TR_COST_STRESS_1P5X,2020-04-07,21878.07977350
DAILY_TR_COST_STRESS_1P5X,2020-04-08,21869.47977350
DAILY_TR_COST_STRESS_1P5X,2020-04-09,21987.07977350
DAILY_TR_COST_STRESS_1P5X,2020-04-10,21562.22307850
DAILY_TR_COST_STRESS_1P5X,2020-04-13,21329.11191350
DAILY_TR_COST_STRESS_1P5X,2020-04-14,21769.71191350
DAILY_TR_COST_STRESS_1P5X,2020-04-15,21663.71191350
DAILY_TR_COST_STRESS_1P5X,2020-04-16,21837.01191350
DAILY_TR_COST_STRESS_1P5X,2020-04-17,21978.11191350
DAILY_TR_COST_STRESS_1P5X,2020-04-20,22150.71191350
DAILY_TR_COST_STRESS_1P5X,2020-04-21,21948.71191350
DAILY_TR_COST_STRESS_1P5X,2020-04-22,22125.51191350
DAILY_TR_COST_STRESS_1P5X,2020-04-23,21974.93713850
DAILY_TR_COST_STRESS_1P5X,2020-04-24,21764.23103350
DAILY_TR_COST_STRESS_1P5X,2020-04-27,21852.63103350
DAILY_TR_COST_STRESS_1P5X,2020-04-28,21973.83103350
DAILY_TR_COST_STRESS_1P5X,2020-04-29,22028.93103350
DAILY_TR_COST_STRESS_1P5X,2020-04-30,22380.53103350
DAILY_TR_COST_STRESS_1P5X,2020-05-06,22648.76885850
DAILY_TR_COST_STRESS_1P5X,2020-05-07,22616.46885850
DAILY_TR_COST_STRESS_1P5X,2020-05-08,22830.66885850
DAILY_TR_COST_STRESS_1P5X,2020-05-11,22699.76885850
DAILY_TR_COST_STRESS_1P5X,2020-05-12,22755.78820850
DAILY_TR_COST_STRESS_1P5X,2020-05-13,22854.78820850
DAILY_TR_COST_STRESS_1P5X,2020-05-14,22656.69730850
DAILY_TR_COST_STRESS_1P5X,2020-05-15,22705.39730850
DAILY_TR_COST_STRESS_1P5X,2020-05-18,22637.69730850
DAILY_TR_COST_STRESS_1P5X,2020-05-19,22861.59730850
DAILY_TR_COST_STRESS_1P5X,2020-05-20,22681.69730850
DAILY_TR_COST_STRESS_1P5X,2020-05-21,22455.99730850
DAILY_TR_COST_STRESS_1P5X,2020-05-22,21947.22609850
DAILY_TR_COST_STRESS_1P5X,2020-05-25,21967.22609850
DAILY_TR_COST_STRESS_1P5X,2020-05-26,22397.22609850
DAILY_TR_COST_STRESS_1P5X,2020-05-27,22096.98661350
DAILY_TR_COST_STRESS_1P5X,2020-05-28,21994.78661350
DAILY_TR_COST_STRESS_1P5X,2020-05-29,22196.38661350
DAILY_TR_COST_STRESS_1P5X,2020-06-01,22911.28661350
DAILY_TR_COST_STRESS_1P5X,2020-06-02,22826.08661350
DAILY_TR_COST_STRESS_1P5X,2020-06-03,22774.08661350
DAILY_TR_COST_STRESS_1P5X,2020-06-04,22776.14598850
DAILY_TR_COST_STRESS_1P5X,2020-06-05,22861.60746850
DAILY_TR_COST_STRESS_1P5X,2020-06-08,22770.90746850
DAILY_TR_COST_STRESS_1P5X,2020-06-09,22974.20746850
DAILY_TR_COST_STRESS_1P5X,2020-06-10,23035.49569850
DAILY_TR_COST_STRESS_1P5X,2020-06-11,22928.29569850
DAILY_TR_COST_STRESS_1P5X,2020-06-12,23081.25609850
DAILY_TR_COST_STRESS_1P5X,2020-06-15,22971.74569850
DAILY_TR_COST_STRESS_1P5X,2020-06-16,23357.86010850
DAILY_TR_COST_STRESS_1P5X,2020-06-17,23461.86010850
DAILY_TR_COST_STRESS_1P5X,2020-06-18,23516.26010850
DAILY_TR_COST_STRESS_1P5X,2020-06-19,23801.06010850
DAILY_TR_COST_STRESS_1P5X,2020-06-22,23914.66010850
DAILY_TR_COST_STRESS_1P5X,2020-06-23,24170.66010850
DAILY_TR_COST_STRESS_1P5X,2020-06-24,24172.26010850
DAILY_TR_COST_STRESS_1P5X,2020-06-29,24069.86010850
DAILY_TR_COST_STRESS_1P5X,2020-06-30,24525.86010850
DAILY_TR_COST_STRESS_1P5X,2020-07-01,24489.06010850
DAILY_TR_COST_STRESS_1P5X,2020-07-02,24740.92735350
DAILY_TR_COST_STRESS_1P5X,2020-07-03,25099.42735350
DAILY_TR_COST_STRESS_1P5X,2020-07-06,26245.92735350
DAILY_TR_COST_STRESS_1P5X,2020-07-07,26375.02735350
DAILY_TR_COST_STRESS_1P5X,2020-07-08,26863.72735350
DAILY_TR_COST_STRESS_1P5X,2020-07-09,27518.72735350
DAILY_TR_COST_STRESS_1P5X,2020-07-10,27501.32572350
DAILY_TR_COST_STRESS_1P5X,2020-07-13,28424.02572350
DAILY_TR_COST_STRESS_1P5X,2020-07-14,28099.52572350
DAILY_TR_COST_STRESS_1P5X,2020-07-15,27638.42572350
DAILY_TR_COST_STRESS_1P5X,2020-07-16,26247.76154350
DAILY_TR_COST_STRESS_1P5X,2020-07-17,26485.26154350
DAILY_TR_COST_STRESS_1P5X,2020-07-20,26919.06154350
DAILY_TR_COST_STRESS_1P5X,2020-07-21,27096.26154350
DAILY_TR_COST_STRESS_1P5X,2020-07-22,27389.76154350
DAILY_TR_COST_STRESS_1P5X,2020-07-23,27453.56154350
DAILY_TR_COST_STRESS_1P5X,2020-07-24,26146.16154350
DAILY_TR_COST_STRESS_1P5X,2020-07-27,26229.96154350
DAILY_TR_COST_STRESS_1P5X,2020-07-28,26469.26154350
DAILY_TR_COST_STRESS_1P5X,2020-07-29,27291.46154350
DAILY_TR_COST_STRESS_1P5X,2020-07-30,27090.02662350
DAILY_TR_COST_STRESS_1P5X,2020-07-31,27475.12662350
DAILY_TR_COST_STRESS_1P5X,2020-08-03,28074.52662350
DAILY_TR_COST_STRESS_1P5X,2020-08-04,27834.12662350
DAILY_TR_COST_STRESS_1P5X,2020-08-05,28068.12662350
DAILY_TR_COST_STRESS_1P5X,2020-08-06,27898.02662350
DAILY_TR_COST_STRESS_1P5X,2020-08-07,27454.72662350
DAILY_TR_COST_STRESS_1P5X,2020-08-10,27539.42214350
DAILY_TR_COST_STRESS_1P5X,2020-08-11,27191.12214350
DAILY_TR_COST_STRESS_1P5X,2020-08-12,26951.52214350
DAILY_TR_COST_STRESS_1P5X,2020-08-13,26968.62214350
DAILY_TR_COST_STRESS_1P5X,2020-08-14,27378.62214350
DAILY_TR_COST_STRESS_1P5X,2020-08-17,27812.82214350
DAILY_TR_COST_STRESS_1P5X,2020-08-18,27884.72214350
DAILY_TR_COST_STRESS_1P5X,2020-08-19,27472.92214350
DAILY_TR_COST_STRESS_1P5X,2020-08-20,27217.92214350
DAILY_TR_COST_STRESS_1P5X,2020-08-21,27395.02214350
DAILY_TR_COST_STRESS_1P5X,2020-08-24,27539.32214350
DAILY_TR_COST_STRESS_1P5X,2020-08-25,27499.82214350
DAILY_TR_COST_STRESS_1P5X,2020-08-26,27137.32214350
DAILY_TR_COST_STRESS_1P5X,2020-08-27,27339.72214350
DAILY_TR_COST_STRESS_1P5X,2020-08-28,27855.62214350
DAILY_TR_COST_STRESS_1P5X,2020-08-31,27680.92214350
DAILY_TR_COST_STRESS_1P5X,2020-09-01,27857.72214350
DAILY_TR_COST_STRESS_1P5X,2020-09-02,27838.82214350
DAILY_TR_COST_STRESS_1P5X,2020-09-03,27718.82214350
DAILY_TR_COST_STRESS_1P5X,2020-09-04,27490.82214350
DAILY_TR_COST_STRESS_1P5X,2020-09-07,26808.90696350
DAILY_TR_COST_STRESS_1P5X,2020-09-08,26919.15187350
DAILY_TR_COST_STRESS_1P5X,2020-09-09,26355.25187350
DAILY_TR_COST_STRESS_1P5X,2020-09-10,26173.25187350
DAILY_TR_COST_STRESS_1P5X,2020-09-11,26356.05187350
DAILY_TR_COST_STRESS_1P5X,2020-09-14,26508.35187350
DAILY_TR_COST_STRESS_1P5X,2020-09-15,26640.86659350
DAILY_TR_COST_STRESS_1P5X,2020-09-16,26407.66659350
DAILY_TR_COST_STRESS_1P5X,2020-09-17,26320.76659350
DAILY_TR_COST_STRESS_1P5X,2020-09-18,26844.06659350
DAILY_TR_COST_STRESS_1P5X,2020-09-21,26548.16659350
DAILY_TR_COST_STRESS_1P5X,2020-09-22,26255.45899350
DAILY_TR_COST_STRESS_1P5X,2020-09-23,26344.85899350
DAILY_TR_COST_STRESS_1P5X,2020-09-24,25884.26344350
DAILY_TR_COST_STRESS_1P5X,2020-09-25,25859.59542350
DAILY_TR_COST_STRESS_1P5X,2020-09-28,25782.19542350
DAILY_TR_COST_STRESS_1P5X,2020-09-29,25889.69542350
DAILY_TR_COST_STRESS_1P5X,2020-09-30,25888.22316350
DAILY_TR_COST_STRESS_1P5X,2020-10-09,26543.92316350
DAILY_TR_COST_STRESS_1P5X,2020-10-12,27383.12316350
DAILY_TR_COST_STRESS_1P5X,2020-10-13,27446.12316350
DAILY_TR_COST_STRESS_1P5X,2020-10-14,27294.12316350
DAILY_TR_COST_STRESS_1P5X,2020-10-15,27181.32316350
DAILY_TR_COST_STRESS_1P5X,2020-10-16,27072.72316350
DAILY_TR_COST_STRESS_1P5X,2020-10-19,26838.82316350
DAILY_TR_COST_STRESS_1P5X,2020-10-20,27120.82316350
DAILY_TR_COST_STRESS_1P5X,2020-10-21,26984.02316350
DAILY_TR_COST_STRESS_1P5X,2020-10-22,26806.02316350
DAILY_TR_COST_STRESS_1P5X,2020-10-23,26362.42316350
DAILY_TR_COST_STRESS_1P5X,2020-10-26,26350.62316350
DAILY_TR_COST_STRESS_1P5X,2020-10-27,26509.82316350
DAILY_TR_COST_STRESS_1P5X,2020-10-28,26688.02316350
DAILY_TR_COST_STRESS_1P5X,2020-10-29,26936.02316350
DAILY_TR_COST_STRESS_1P5X,2020-10-30,26506.12316350
DAILY_TR_COST_STRESS_1P5X,2020-11-02,26824.52316350
DAILY_TR_COST_STRESS_1P5X,2020-11-03,27099.22316350
DAILY_TR_COST_STRESS_1P5X,2020-11-04,27233.12316350
DAILY_TR_COST_STRESS_1P5X,2020-11-05,27570.32316350
DAILY_TR_COST_STRESS_1P5X,2020-11-06,27331.52316350
DAILY_TR_COST_STRESS_1P5X,2020-11-09,27951.22316350
DAILY_TR_COST_STRESS_1P5X,2020-11-10,27676.72316350
DAILY_TR_COST_STRESS_1P5X,2020-11-11,27195.82316350
DAILY_TR_COST_STRESS_1P5X,2020-11-12,27243.52316350
DAILY_TR_COST_STRESS_1P5X,2020-11-13,27171.22316350
DAILY_TR_COST_STRESS_1P5X,2020-11-16,27308.32316350
DAILY_TR_COST_STRESS_1P5X,2020-11-17,27065.02316350
DAILY_TR_COST_STRESS_1P5X,2020-11-18,27009.25744350
DAILY_TR_COST_STRESS_1P5X,2020-11-19,27180.55744350
DAILY_TR_COST_STRESS_1P5X,2020-11-20,27318.35744350
DAILY_TR_COST_STRESS_1P5X,2020-11-23,27553.45744350
DAILY_TR_COST_STRESS_1P5X,2020-11-24,27470.05744350
DAILY_TR_COST_STRESS_1P5X,2020-11-25,27121.25744350
DAILY_TR_COST_STRESS_1P5X,2020-11-26,27103.05744350
DAILY_TR_COST_STRESS_1P5X,2020-11-27,27329.85744350
DAILY_TR_COST_STRESS_1P5X,2020-11-30,27178.95744350
DAILY_TR_COST_STRESS_1P5X,2020-12-01,27646.85744350
DAILY_TR_COST_STRESS_1P5X,2020-12-02,27629.55744350
DAILY_TR_COST_STRESS_1P5X,2020-12-03,27665.35744350
DAILY_TR_COST_STRESS_1P5X,2020-12-04,27737.05744350
DAILY_TR_COST_STRESS_1P5X,2020-12-07,27538.65744350
DAILY_TR_COST_STRESS_1P5X,2020-12-08,27483.35744350
DAILY_TR_COST_STRESS_1P5X,2020-12-09,27146.35744350
DAILY_TR_COST_STRESS_1P5X,2020-12-10,27141.75744350
DAILY_TR_COST_STRESS_1P5X,2020-12-11,26851.14292850
DAILY_TR_COST_STRESS_1P5X,2020-12-14,27140.74292850
DAILY_TR_COST_STRESS_1P5X,2020-12-15,27296.34292850
DAILY_TR_COST_STRESS_1P5X,2020-12-16,27320.34292850
DAILY_TR_COST_STRESS_1P5X,2020-12-17,27614.94292850
DAILY_TR_COST_STRESS_1P5X,2020-12-18,27517.74292850
DAILY_TR_COST_STRESS_1P5X,2020-12-21,28039.74292850
DAILY_TR_COST_STRESS_1P5X,2020-12-22,27578.94292850
DAILY_TR_COST_STRESS_1P5X,2020-12-23,27801.54292850
DAILY_TR_COST_STRESS_1P5X,2020-12-24,27714.14292850
DAILY_TR_COST_STRESS_1P5X,2020-12-25,27920.74292850
DAILY_TR_COST_STRESS_1P5X,2020-12-28,27935.94292850
DAILY_TR_COST_STRESS_1P5X,2020-12-29,27768.74292850
DAILY_TR_COST_STRESS_1P5X,2020-12-30,28299.54292850
DAILY_TR_COST_STRESS_1P5X,2020-12-31,28869.34292850
DAILY_TR_COST_STRESS_1P5X,2021-01-04,29488.14292850
DAILY_TR_COST_STRESS_1P5X,2021-01-05,29780.94292850
DAILY_TR_COST_STRESS_1P5X,2021-01-06,29967.54292850
DAILY_TR_COST_STRESS_1P5X,2021-01-07,30492.14292850
DAILY_TR_COST_STRESS_1P5X,2021-01-08,30332.94292850
DAILY_TR_COST_STRESS_1P5X,2021-01-11,29965.54292850
DAILY_TR_COST_STRESS_1P5X,2021-01-12,30749.74292850
DAILY_TR_COST_STRESS_1P5X,2021-01-13,30462.34292850
DAILY_TR_COST_STRESS_1P5X,2021-01-14,30040.34292850
DAILY_TR_COST_STRESS_1P5X,2021-01-15,30013.34292850
DAILY_TR_COST_STRESS_1P5X,2021-01-18,30412.54292850
DAILY_TR_COST_STRESS_1P5X,2021-01-19,29910.54292850
DAILY_TR_COST_STRESS_1P5X,2021-01-20,30534.54292850
DAILY_TR_COST_STRESS_1P5X,2021-01-21,31128.14292850
DAILY_TR_COST_STRESS_1P5X,2021-01-22,31434.34292850
DAILY_TR_COST_STRESS_1P5X,2021-01-25,31597.34292850
DAILY_TR_COST_STRESS_1P5X,2021-01-26,30895.34292850
DAILY_TR_COST_STRESS_1P5X,2021-01-27,30983.74292850
DAILY_TR_COST_STRESS_1P5X,2021-01-28,30155.94292850
DAILY_TR_COST_STRESS_1P5X,2021-01-29,29938.34292850
DAILY_TR_COST_STRESS_1P5X,2021-02-01,30213.74292850
DAILY_TR_COST_STRESS_1P5X,2021-02-02,30690.94292850
DAILY_TR_COST_STRESS_1P5X,2021-02-03,30621.34292850
DAILY_TR_COST_STRESS_1P5X,2021-02-04,30558.14292850
DAILY_TR_COST_STRESS_1P5X,2021-02-05,30512.94292850
DAILY_TR_COST_STRESS_1P5X,2021-02-08,30685.74292850
DAILY_TR_COST_STRESS_1P5X,2021-02-09,31651.74292850
DAILY_TR_COST_STRESS_1P5X,2021-02-10,32254.34292850
DAILY_TR_COST_STRESS_1P5X,2021-02-18,31732.54292850
DAILY_TR_COST_STRESS_1P5X,2021-02-19,31662.14292850
DAILY_TR_COST_STRESS_1P5X,2021-02-22,30530.54292850
DAILY_TR_COST_STRESS_1P5X,2021-02-23,30333.01243850
DAILY_TR_COST_STRESS_1P5X,2021-02-24,29754.74669850
DAILY_TR_COST_STRESS_1P5X,2021-02-25,29812.34669850
DAILY_TR_COST_STRESS_1P5X,2021-02-26,29168.54669850
DAILY_TR_COST_STRESS_1P5X,2021-03-01,29607.14669850
DAILY_TR_COST_STRESS_1P5X,2021-03-02,29340.74669850
DAILY_TR_COST_STRESS_1P5X,2021-03-03,29763.74669850
DAILY_TR_COST_STRESS_1P5X,2021-03-04,29143.34669850
DAILY_TR_COST_STRESS_1P5X,2021-03-05,29112.74669850
DAILY_TR_COST_STRESS_1P5X,2021-03-08,28360.34669850
DAILY_TR_COST_STRESS_1P5X,2021-03-09,27837.14669850
DAILY_TR_COST_STRESS_1P5X,2021-03-10,27759.74669850
DAILY_TR_COST_STRESS_1P5X,2021-03-11,28393.34669850
DAILY_TR_COST_STRESS_1P5X,2021-03-12,28433.54669850
DAILY_TR_COST_STRESS_1P5X,2021-03-15,28107.74669850
DAILY_TR_COST_STRESS_1P5X,2021-03-16,28192.34669850
DAILY_TR_COST_STRESS_1P5X,2021-03-17,28319.54669850
DAILY_TR_COST_STRESS_1P5X,2021-03-18,28507.34669850
DAILY_TR_COST_STRESS_1P5X,2021-03-19,28071.14669850
DAILY_TR_COST_STRESS_1P5X,2021-03-22,28368.14669850
DAILY_TR_COST_STRESS_1P5X,2021-03-23,28116.14669850
DAILY_TR_COST_STRESS_1P5X,2021-03-24,27798.74669850
DAILY_TR_COST_STRESS_1P5X,2021-03-25,27817.94669850
DAILY_TR_COST_STRESS_1P5X,2021-03-26,28227.74669850
DAILY_TR_COST_STRESS_1P5X,2021-03-29,28251.74669850
DAILY_TR_COST_STRESS_1P5X,2021-03-30,28402.34669850
DAILY_TR_COST_STRESS_1P5X,2021-03-31,28295.54669850
DAILY_TR_COST_STRESS_1P5X,2021-04-01,28530.74669850
DAILY_TR_COST_STRESS_1P5X,2021-04-02,28722.14292350
DAILY_TR_COST_STRESS_1P5X,2021-04-06,28625.14292350
DAILY_TR_COST_STRESS_1P5X,2021-04-07,28536.84292350
DAILY_TR_COST_STRESS_1P5X,2021-04-08,28673.34292350
DAILY_TR_COST_STRESS_1P5X,2021-04-09,28451.54292350
DAILY_TR_COST_STRESS_1P5X,2021-04-12,27950.24292350
DAILY_TR_COST_STRESS_1P5X,2021-04-13,28014.04292350
DAILY_TR_COST_STRESS_1P5X,2021-04-14,28400.04292350
DAILY_TR_COST_STRESS_1P5X,2021-04-15,28370.34292350
DAILY_TR_COST_STRESS_1P5X,2021-04-16,28479.94292350
DAILY_TR_COST_STRESS_1P5X,2021-04-19,29126.54292350
DAILY_TR_COST_STRESS_1P5X,2021-04-20,29118.84292350
DAILY_TR_COST_STRESS_1P5X,2021-04-21,29192.74292350
DAILY_TR_COST_STRESS_1P5X,2021-04-22,29347.64292350
DAILY_TR_COST_STRESS_1P5X,2021-04-23,29664.44292350
DAILY_TR_COST_STRESS_1P5X,2021-04-26,29478.84292350
DAILY_TR_COST_STRESS_1P5X,2021-04-27,29573.94292350
DAILY_TR_COST_STRESS_1P5X,2021-04-28,29973.04292350
DAILY_TR_COST_STRESS_1P5X,2021-04-29,29990.74292350
DAILY_TR_COST_STRESS_1P5X,2021-04-30,30184.44292350
DAILY_TR_COST_STRESS_1P5X,2021-05-06,29743.54292350
DAILY_TR_COST_STRESS_1P5X,2021-05-07,29288.24292350
DAILY_TR_COST_STRESS_1P5X,2021-05-10,29365.44292350
DAILY_TR_COST_STRESS_1P5X,2021-05-11,29310.64292350
DAILY_TR_COST_STRESS_1P5X,2021-05-12,29650.24292350
DAILY_TR_COST_STRESS_1P5X,2021-05-13,29412.24292350
DAILY_TR_COST_STRESS_1P5X,2021-05-14,30044.44292350
DAILY_TR_COST_STRESS_1P5X,2021-05-17,30440.04292350
DAILY_TR_COST_STRESS_1P5X,2021-05-18,30386.74292350
DAILY_TR_COST_STRESS_1P5X,2021-05-19,30477.94292350
DAILY_TR_COST_STRESS_1P5X,2021-05-20,30626.43463850
DAILY_TR_COST_STRESS_1P5X,2021-05-21,30423.11501350
DAILY_TR_COST_STRESS_1P5X,2021-05-24,30568.91501350
DAILY_TR_COST_STRESS_1P5X,2021-05-25,31082.81501350
DAILY_TR_COST_STRESS_1P5X,2021-05-26,30948.81371350
DAILY_TR_COST_STRESS_1P5X,2021-05-27,31101.71371350
DAILY_TR_COST_STRESS_1P5X,2021-05-28,31076.21371350
DAILY_TR_COST_STRESS_1P5X,2021-05-31,31424.81371350
DAILY_TR_COST_STRESS_1P5X,2021-06-01,31414.11371350
DAILY_TR_COST_STRESS_1P5X,2021-06-02,31075.74457350
DAILY_TR_COST_STRESS_1P5X,2021-06-03,30787.51879350
DAILY_TR_COST_STRESS_1P5X,2021-06-04,31058.11879350
DAILY_TR_COST_STRESS_1P5X,2021-06-07,30958.91879350
DAILY_TR_COST_STRESS_1P5X,2021-06-08,30774.91879350
DAILY_TR_COST_STRESS_1P5X,2021-06-09,30773.71879350
DAILY_TR_COST_STRESS_1P5X,2021-06-10,31209.71879350
DAILY_TR_COST_STRESS_1P5X,2021-06-11,31152.71879350
DAILY_TR_COST_STRESS_1P5X,2021-06-15,30785.70570350
DAILY_TR_COST_STRESS_1P5X,2021-06-16,30047.30570350
DAILY_TR_COST_STRESS_1P5X,2021-06-17,30409.90570350
DAILY_TR_COST_STRESS_1P5X,2021-06-18,30758.70570350
DAILY_TR_COST_STRESS_1P5X,2021-06-21,30938.50570350
DAILY_TR_COST_STRESS_1P5X,2021-06-22,31052.90570350
DAILY_TR_COST_STRESS_1P5X,2021-06-23,31351.90570350
DAILY_TR_COST_STRESS_1P5X,2021-06-24,31114.10570350
DAILY_TR_COST_STRESS_1P5X,2021-06-25,31525.70570350
DAILY_TR_COST_STRESS_1P5X,2021-06-28,31807.50570350
DAILY_TR_COST_STRESS_1P5X,2021-06-29,31667.90570350
DAILY_TR_COST_STRESS_1P5X,2021-06-30,32068.90570350
DAILY_TR_COST_STRESS_1P5X,2021-07-01,31770.70570350
DAILY_TR_COST_STRESS_1P5X,2021-07-02,31158.30570350
DAILY_TR_COST_STRESS_1P5X,2021-07-05,31340.50570350
DAILY_TR_COST_STRESS_1P5X,2021-07-06,31101.10570350
DAILY_TR_COST_STRESS_1P5X,2021-07-07,31703.10570350
DAILY_TR_COST_STRESS_1P5X,2021-07-08,31758.10570350
DAILY_TR_COST_STRESS_1P5X,2021-07-09,31791.50570350
DAILY_TR_COST_STRESS_1P5X,2021-07-12,32531.50570350
DAILY_TR_COST_STRESS_1P5X,2021-07-13,32592.50570350
DAILY_TR_COST_STRESS_1P5X,2021-07-14,32373.10570350
DAILY_TR_COST_STRESS_1P5X,2021-07-15,32612.30570350
DAILY_TR_COST_STRESS_1P5X,2021-07-16,32187.70570350
DAILY_TR_COST_STRESS_1P5X,2021-07-19,32205.30570350
DAILY_TR_COST_STRESS_1P5X,2021-07-20,32247.90570350
DAILY_TR_COST_STRESS_1P5X,2021-07-21,32859.90570350
DAILY_TR_COST_STRESS_1P5X,2021-07-22,32846.30570350
DAILY_TR_COST_STRESS_1P5X,2021-07-23,32506.90570350
DAILY_TR_COST_STRESS_1P5X,2021-07-26,31819.10570350
DAILY_TR_COST_STRESS_1P5X,2021-07-27,30982.50570350
DAILY_TR_COST_STRESS_1P5X,2021-07-28,30966.50570350
DAILY_TR_COST_STRESS_1P5X,2021-07-29,31965.10570350
DAILY_TR_COST_STRESS_1P5X,2021-07-30,31876.30570350
DAILY_TR_COST_STRESS_1P5X,2021-08-02,32347.70570350
DAILY_TR_COST_STRESS_1P5X,2021-08-03,32118.50570350
DAILY_TR_COST_STRESS_1P5X,2021-08-04,32687.10570350
DAILY_TR_COST_STRESS_1P5X,2021-08-05,32552.10570350
DAILY_TR_COST_STRESS_1P5X,2021-08-06,32471.70570350
DAILY_TR_COST_STRESS_1P5X,2021-08-09,32360.30570350
DAILY_TR_COST_STRESS_1P5X,2021-08-10,32534.90570350
DAILY_TR_COST_STRESS_1P5X,2021-08-11,32466.90570350
DAILY_TR_COST_STRESS_1P5X,2021-08-12,32429.15650350
DAILY_TR_COST_STRESS_1P5X,2021-08-13,32357.15650350
DAILY_TR_COST_STRESS_1P5X,2021-08-16,32155.00949850
DAILY_TR_COST_STRESS_1P5X,2021-08-17,31506.40879850
DAILY_TR_COST_STRESS_1P5X,2021-08-18,31714.20879850
DAILY_TR_COST_STRESS_1P5X,2021-08-19,31649.60879850
DAILY_TR_COST_STRESS_1P5X,2021-08-20,31336.40879850
DAILY_TR_COST_STRESS_1P5X,2021-08-23,31739.60879850
DAILY_TR_COST_STRESS_1P5X,2021-08-24,32034.60879850
DAILY_TR_COST_STRESS_1P5X,2021-08-25,32189.00879850
DAILY_TR_COST_STRESS_1P5X,2021-08-26,31889.80879850
DAILY_TR_COST_STRESS_1P5X,2021-08-27,32036.00879850
DAILY_TR_COST_STRESS_1P5X,2021-08-30,32086.40879850
DAILY_TR_COST_STRESS_1P5X,2021-08-31,32138.40879850
DAILY_TR_COST_STRESS_1P5X,2021-09-01,32210.20879850
DAILY_TR_COST_STRESS_1P5X,2021-09-02,32461.80879850
DAILY_TR_COST_STRESS_1P5X,2021-09-03,32310.60879850
DAILY_TR_COST_STRESS_1P5X,2021-09-06,32673.60879850
DAILY_TR_COST_STRESS_1P5X,2021-09-07,33175.80879850
DAILY_TR_COST_STRESS_1P5X,2021-09-08,33214.20879850
DAILY_TR_COST_STRESS_1P5X,2021-09-09,33341.80879850
DAILY_TR_COST_STRESS_1P5X,2021-09-10,33473.60879850
DAILY_TR_COST_STRESS_1P5X,2021-09-13,33450.20879850
DAILY_TR_COST_STRESS_1P5X,2021-09-14,33094.40879850
DAILY_TR_COST_STRESS_1P5X,2021-09-15,33010.80879850
DAILY_TR_COST_STRESS_1P5X,2021-09-16,32575.00879850
DAILY_TR_COST_STRESS_1P5X,2021-09-17,32561.80879850
DAILY_TR_COST_STRESS_1P5X,2021-09-22,32617.00879850
DAILY_TR_COST_STRESS_1P5X,2021-09-23,32781.00879850
DAILY_TR_COST_STRESS_1P5X,2021-09-24,32575.60879850
DAILY_TR_COST_STRESS_1P5X,2021-09-27,32253.00879850
DAILY_TR_COST_STRESS_1P5X,2021-09-28,32236.80879850
DAILY_TR_COST_STRESS_1P5X,2021-09-29,31816.80879850
DAILY_TR_COST_STRESS_1P5X,2021-09-30,32110.29205350
DAILY_TR_COST_STRESS_1P5X,2021-10-08,32270.19205350
DAILY_TR_COST_STRESS_1P5X,2021-10-11,32074.09205350
DAILY_TR_COST_STRESS_1P5X,2021-10-12,31674.89205350
DAILY_TR_COST_STRESS_1P5X,2021-10-13,32145.49205350
DAILY_TR_COST_STRESS_1P5X,2021-10-14,32080.99205350
DAILY_TR_COST_STRESS_1P5X,2021-10-15,32444.99205350
DAILY_TR_COST_STRESS_1P5X,2021-10-18,32258.39205350
DAILY_TR_COST_STRESS_1P5X,2021-10-19,32482.09205350
DAILY_TR_COST_STRESS_1P5X,2021-10-20,32413.89205350
DAILY_TR_COST_STRESS_1P5X,2021-10-21,32427.09205350
DAILY_TR_COST_STRESS_1P5X,2021-10-22,32573.39205350
DAILY_TR_COST_STRESS_1P5X,2021-10-25,32857.29205350
DAILY_TR_COST_STRESS_1P5X,2021-10-26,32738.99205350
DAILY_TR_COST_STRESS_1P5X,2021-10-27,32473.99205350
DAILY_TR_COST_STRESS_1P5X,2021-10-28,32288.89205350
DAILY_TR_COST_STRESS_1P5X,2021-10-29,32708.29205350
DAILY_TR_COST_STRESS_1P5X,2021-11-01,32546.89205350
DAILY_TR_COST_STRESS_1P5X,2021-11-02,32414.49205350
DAILY_TR_COST_STRESS_1P5X,2021-11-03,32328.89205350
DAILY_TR_COST_STRESS_1P5X,2021-11-04,32626.15149350
DAILY_TR_COST_STRESS_1P5X,2021-11-05,32500.59859350
DAILY_TR_COST_STRESS_1P5X,2021-11-08,32676.51625350
DAILY_TR_COST_STRESS_1P5X,2021-11-09,32865.51625350
DAILY_TR_COST_STRESS_1P5X,2021-11-10,32811.51625350
DAILY_TR_COST_STRESS_1P5X,2021-11-11,33056.31625350
DAILY_TR_COST_STRESS_1P5X,2021-11-12,33135.51625350
DAILY_TR_COST_STRESS_1P5X,2021-11-15,32898.81625350
DAILY_TR_COST_STRESS_1P5X,2021-11-16,32743.11625350
DAILY_TR_COST_STRESS_1P5X,2021-11-17,32891.93333850
DAILY_TR_COST_STRESS_1P5X,2021-11-18,32642.92504350
DAILY_TR_COST_STRESS_1P5X,2021-11-19,32989.42504350
DAILY_TR_COST_STRESS_1P5X,2021-11-22,33475.42504350
DAILY_TR_COST_STRESS_1P5X,2021-11-23,33451.12504350
DAILY_TR_COST_STRESS_1P5X,2021-11-24,33357.52504350
DAILY_TR_COST_STRESS_1P5X,2021-11-25,33375.52504350
DAILY_TR_COST_STRESS_1P5X,2021-11-26,33316.12504350
DAILY_TR_COST_STRESS_1P5X,2021-11-29,33443.02504350
DAILY_TR_COST_STRESS_1P5X,2021-11-30,33458.32504350
DAILY_TR_COST_STRESS_1P5X,2021-12-01,33439.42504350
DAILY_TR_COST_STRESS_1P5X,2021-12-02,33306.22504350
DAILY_TR_COST_STRESS_1P5X,2021-12-03,33510.52504350
DAILY_TR_COST_STRESS_1P5X,2021-12-06,33051.52504350
DAILY_TR_COST_STRESS_1P5X,2021-12-07,33043.59571850
DAILY_TR_COST_STRESS_1P5X,2021-12-08,33466.59571850
DAILY_TR_COST_STRESS_1P5X,2021-12-09,33724.59571850
DAILY_TR_COST_STRESS_1P5X,2021-12-10,33675.69571850
DAILY_TR_COST_STRESS_1P5X,2021-12-13,33745.79571850
DAILY_TR_COST_STRESS_1P5X,2021-12-14,33619.89571850
DAILY_TR_COST_STRESS_1P5X,2021-12-15,33468.49571850
DAILY_TR_COST_STRESS_1P5X,2021-12-16,33681.79571850
DAILY_TR_COST_STRESS_1P5X,2021-12-17,33365.69571850
DAILY_TR_COST_STRESS_1P5X,2021-12-20,32915.99571850
DAILY_TR_COST_STRESS_1P5X,2021-12-21,33086.69571850
DAILY_TR_COST_STRESS_1P5X,2021-12-22,33156.59571850
DAILY_TR_COST_STRESS_1P5X,2021-12-23,33349.59571850
DAILY_TR_COST_STRESS_1P5X,2021-12-24,33196.49571850
DAILY_TR_COST_STRESS_1P5X,2021-12-27,33175.69571850
DAILY_TR_COST_STRESS_1P5X,2021-12-28,33261.89571850
DAILY_TR_COST_STRESS_1P5X,2021-12-29,33029.79571850
DAILY_TR_COST_STRESS_1P5X,2021-12-30,33240.39571850
DAILY_TR_COST_STRESS_1P5X,2021-12-31,33350.79571850
DAILY_TR_COST_STRESS_1P5X,2022-01-04,33311.19571850
DAILY_TR_COST_STRESS_1P5X,2022-01-05,32883.29571850
DAILY_TR_COST_STRESS_1P5X,2022-01-06,32738.89571850
DAILY_TR_COST_STRESS_1P5X,2022-01-07,32699.89571850
DAILY_TR_COST_STRESS_1P5X,2022-01-10,32739.39571850
DAILY_TR_COST_STRESS_1P5X,2022-01-11,32524.29571850
DAILY_TR_COST_STRESS_1P5X,2022-01-12,32774.09571850
DAILY_TR_COST_STRESS_1P5X,2022-01-13,32377.19571850
DAILY_TR_COST_STRESS_1P5X,2022-01-14,32181.19571850
DAILY_TR_COST_STRESS_1P5X,2022-01-17,32442.29571850
DAILY_TR_COST_STRESS_1P5X,2022-01-18,32600.89571850
DAILY_TR_COST_STRESS_1P5X,2022-01-19,32442.69571850
DAILY_TR_COST_STRESS_1P5X,2022-01-20,32439.49571850
DAILY_TR_COST_STRESS_1P5X,2022-01-21,32189.69571850
DAILY_TR_COST_STRESS_1P5X,2022-01-24,32177.49571850
DAILY_TR_COST_STRESS_1P5X,2022-01-25,31407.49571850
DAILY_TR_COST_STRESS_1P5X,2022-01-26,31533.29571850
DAILY_TR_COST_STRESS_1P5X,2022-01-27,30970.79571850
DAILY_TR_COST_STRESS_1P5X,2022-01-28,30673.09571850
DAILY_TR_COST_STRESS_1P5X,2022-02-07,31072.69571850
DAILY_TR_COST_STRESS_1P5X,2022-02-08,31169.09571850
DAILY_TR_COST_STRESS_1P5X,2022-02-09,31469.39571850
DAILY_TR_COST_STRESS_1P5X,2022-02-10,31435.69571850
DAILY_TR_COST_STRESS_1P5X,2022-02-11,31165.69571850
DAILY_TR_COST_STRESS_1P5X,2022-02-14,30906.59571850
DAILY_TR_COST_STRESS_1P5X,2022-02-15,31147.19571850
DAILY_TR_COST_STRESS_1P5X,2022-02-16,31236.89571850
DAILY_TR_COST_STRESS_1P5X,2022-02-17,31269.49571850
DAILY_TR_COST_STRESS_1P5X,2022-02-18,31461.49571850
DAILY_TR_COST_STRESS_1P5X,2022-02-21,31473.39571850
DAILY_TR_COST_STRESS_1P5X,2022-02-22,31144.59571850
DAILY_TR_COST_STRESS_1P5X,2022-02-23,31487.19571850
DAILY_TR_COST_STRESS_1P5X,2022-02-24,31001.29571850
DAILY_TR_COST_STRESS_1P5X,2022-02-25,31199.99571850
DAILY_TR_COST_STRESS_1P5X,2022-02-28,31287.59571850
DAILY_TR_COST_STRESS_1P5X,2022-03-01,31433.79571850
DAILY_TR_COST_STRESS_1P5X,2022-03-02,31337.69571850
DAILY_TR_COST_STRESS_1P5X,2022-03-03,31237.39571850
DAILY_TR_COST_STRESS_1P5X,2022-03-04,30994.09571850
DAILY_TR_COST_STRESS_1P5X,2022-03-07,30249.89571850
DAILY_TR_COST_STRESS_1P5X,2022-03-08,29513.49571850
DAILY_TR_COST_STRESS_1P5X,2022-03-09,29172.49571850
DAILY_TR_COST_STRESS_1P5X,2022-03-10,29549.89571850
DAILY_TR_COST_STRESS_1P5X,2022-03-11,29973.91090850
DAILY_TR_COST_STRESS_1P5X,2022-03-14,29137.21090850
DAILY_TR_COST_STRESS_1P5X,2022-03-15,28017.31090850
DAILY_TR_COST_STRESS_1P5X,2022-03-16,29134.61090850
DAILY_TR_COST_STRESS_1P5X,2022-03-17,29719.61090850
DAILY_TR_COST_STRESS_1P5X,2022-03-18,29907.51090850
DAILY_TR_COST_STRESS_1P5X,2022-03-21,29961.41090850
DAILY_TR_COST_STRESS_1P5X,2022-03-22,29784.81090850
DAILY_TR_COST_STRESS_1P5X,2022-03-23,30014.31090850
DAILY_TR_COST_STRESS_1P5X,2022-03-24,29867.61090850
DAILY_TR_COST_STRESS_1P5X,2022-03-25,29412.31090850
DAILY_TR_COST_STRESS_1P5X,2022-03-28,29174.61090850
DAILY_TR_COST_STRESS_1P5X,2022-03-29,29016.01163850
DAILY_TR_COST_STRESS_1P5X,2022-03-30,29773.11734350
DAILY_TR_COST_STRESS_1P5X,2022-03-31,29477.91734350
DAILY_TR_COST_STRESS_1P5X,2022-04-01,29630.74717850
DAILY_TR_COST_STRESS_1P5X,2022-04-06,29437.54717850
DAILY_TR_COST_STRESS_1P5X,2022-04-07,28995.54717850
DAILY_TR_COST_STRESS_1P5X,2022-04-08,29056.34717850
DAILY_TR_COST_STRESS_1P5X,2022-04-11,28101.14717850
DAILY_TR_COST_STRESS_1P5X,2022-04-12,28497.27294850
DAILY_TR_COST_STRESS_1P5X,2022-04-13,28218.07294850
DAILY_TR_COST_STRESS_1P5X,2022-04-14,28225.28992850
DAILY_TR_COST_STRESS_1P5X,2022-04-15,27986.61740850
DAILY_TR_COST_STRESS_1P5X,2022-04-18,27937.41740850
DAILY_TR_COST_STRESS_1P5X,2022-04-19,27896.01740850
DAILY_TR_COST_STRESS_1P5X,2022-04-20,27401.61740850
DAILY_TR_COST_STRESS_1P5X,2022-04-21,26826.81740850
DAILY_TR_COST_STRESS_1P5X,2022-04-22,26786.61740850
DAILY_TR_COST_STRESS_1P5X,2022-04-25,25449.81740850
DAILY_TR_COST_STRESS_1P5X,2022-04-26,25161.81740850
DAILY_TR_COST_STRESS_1P5X,2022-04-27,25838.01740850
DAILY_TR_COST_STRESS_1P5X,2022-04-28,25719.52858850
DAILY_TR_COST_STRESS_1P5X,2022-04-29,26441.73434350
DAILY_TR_COST_STRESS_1P5X,2022-05-05,26477.43434350
DAILY_TR_COST_STRESS_1P5X,2022-05-06,25938.73434350
DAILY_TR_COST_STRESS_1P5X,2022-05-09,25944.93434350
DAILY_TR_COST_STRESS_1P5X,2022-05-10,26266.23434350
DAILY_TR_COST_STRESS_1P5X,2022-05-11,26503.13434350
DAILY_TR_COST_STRESS_1P5X,2022-05-12,26454.13434350
DAILY_TR_COST_STRESS_1P5X,2022-05-13,26523.63485350
DAILY_TR_COST_STRESS_1P5X,2022-05-16,26343.94207850
DAILY_TR_COST_STRESS_1P5X,2022-05-17,26549.04207850
DAILY_TR_COST_STRESS_1P5X,2022-05-18,26472.18130850
DAILY_TR_COST_STRESS_1P5X,2022-05-19,26659.90597350
DAILY_TR_COST_STRESS_1P5X,2022-05-20,27046.13809350
DAILY_TR_COST_STRESS_1P5X,2022-05-23,26874.42472850
DAILY_TR_COST_STRESS_1P5X,2022-05-24,26014.81445850
DAILY_TR_COST_STRESS_1P5X,2022-05-25,26237.71445850
DAILY_TR_COST_STRESS_1P5X,2022-05-26,26354.11445850
DAILY_TR_COST_STRESS_1P5X,2022-05-27,26364.31445850
DAILY_TR_COST_STRESS_1P5X,2022-05-30,26556.61445850
DAILY_TR_COST_STRESS_1P5X,2022-05-31,26905.73841350
DAILY_TR_COST_STRESS_1P5X,2022-06-01,26974.54803350
DAILY_TR_COST_STRESS_1P5X,2022-06-02,27285.34803350
DAILY_TR_COST_STRESS_1P5X,2022-06-06,27945.64803350
DAILY_TR_COST_STRESS_1P5X,2022-06-07,27943.54803350
DAILY_TR_COST_STRESS_1P5X,2022-06-08,28113.34803350
DAILY_TR_COST_STRESS_1P5X,2022-06-09,27598.24803350
DAILY_TR_COST_STRESS_1P5X,2022-06-10,28117.54803350
DAILY_TR_COST_STRESS_1P5X,2022-06-13,28023.64803350
DAILY_TR_COST_STRESS_1P5X,2022-06-14,28183.84803350
DAILY_TR_COST_STRESS_1P5X,2022-06-15,28242.04803350
DAILY_TR_COST_STRESS_1P5X,2022-06-16,28312.84803350
DAILY_TR_COST_STRESS_1P5X,2022-06-17,28827.94803350
DAILY_TR_COST_STRESS_1P5X,2022-06-20,29042.14803350
DAILY_TR_COST_STRESS_1P5X,2022-06-21,28892.44803350
DAILY_TR_COST_STRESS_1P5X,2022-06-22,28607.49950350
DAILY_TR_COST_STRESS_1P5X,2022-06-23,29244.99950350
DAILY_TR_COST_STRESS_1P5X,2022-06-24,29674.19950350
DAILY_TR_COST_STRESS_1P5X,2022-06-27,29828.39950350
DAILY_TR_COST_STRESS_1P5X,2022-06-28,30044.19950350
DAILY_TR_COST_STRESS_1P5X,2022-06-29,29529.69950350
DAILY_TR_COST_STRESS_1P5X,2022-06-30,29909.69950350
DAILY_TR_COST_STRESS_1P5X,2022-07-01,29711.19950350
DAILY_TR_COST_STRESS_1P5X,2022-07-04,30047.39950350
DAILY_TR_COST_STRESS_1P5X,2022-07-05,29963.39950350
DAILY_TR_COST_STRESS_1P5X,2022-07-06,29722.29950350
DAILY_TR_COST_STRESS_1P5X,2022-07-07,29988.69950350
DAILY_TR_COST_STRESS_1P5X,2022-07-08,29787.09950350
DAILY_TR_COST_STRESS_1P5X,2022-07-11,29361.69950350
DAILY_TR_COST_STRESS_1P5X,2022-07-12,28917.29950350
DAILY_TR_COST_STRESS_1P5X,2022-07-13,29152.59950350
DAILY_TR_COST_STRESS_1P5X,2022-07-14,29505.49950350
DAILY_TR_COST_STRESS_1P5X,2022-07-15,29041.99950350
DAILY_TR_COST_STRESS_1P5X,2022-07-18,29360.39950350
DAILY_TR_COST_STRESS_1P5X,2022-07-19,29130.98149350
DAILY_TR_COST_STRESS_1P5X,2022-07-20,29345.58149350
DAILY_TR_COST_STRESS_1P5X,2022-07-21,29168.78149350
DAILY_TR_COST_STRESS_1P5X,2022-07-22,28958.68149350
DAILY_TR_COST_STRESS_1P5X,2022-07-25,28742.66010850
DAILY_TR_COST_STRESS_1P5X,2022-07-26,28918.29141850
DAILY_TR_COST_STRESS_1P5X,2022-07-27,28988.79141850
DAILY_TR_COST_STRESS_1P5X,2022-07-28,28983.79141850
DAILY_TR_COST_STRESS_1P5X,2022-07-29,28707.89141850
DAILY_TR_COST_STRESS_1P5X,2022-08-01,29128.19141850
DAILY_TR_COST_STRESS_1P5X,2022-08-02,28547.59141850
DAILY_TR_COST_STRESS_1P5X,2022-08-03,28186.59141850
DAILY_TR_COST_STRESS_1P5X,2022-08-04,28288.59141850
DAILY_TR_COST_STRESS_1P5X,2022-08-05,28716.02278850
DAILY_TR_COST_STRESS_1P5X,2022-08-08,28749.84489850
DAILY_TR_COST_STRESS_1P5X,2022-08-09,28875.84489850
DAILY_TR_COST_STRESS_1P5X,2022-08-10,28679.14489850
DAILY_TR_COST_STRESS_1P5X,2022-08-11,29269.74489850
DAILY_TR_COST_STRESS_1P5X,2022-08-12,29160.19893350
DAILY_TR_COST_STRESS_1P5X,2022-08-15,29148.19893350
DAILY_TR_COST_STRESS_1P5X,2022-08-16,29152.39893350
DAILY_TR_COST_STRESS_1P5X,2022-08-17,29421.03046850
DAILY_TR_COST_STRESS_1P5X,2022-08-18,29362.63046850
DAILY_TR_COST_STRESS_1P5X,2022-08-19,28990.23046850
DAILY_TR_COST_STRESS_1P5X,2022-08-22,29381.23046850
DAILY_TR_COST_STRESS_1P5X,2022-08-23,29375.03046850
DAILY_TR_COST_STRESS_1P5X,2022-08-24,28518.13046850
DAILY_TR_COST_STRESS_1P5X,2022-08-25,28539.33046850
DAILY_TR_COST_STRESS_1P5X,2022-08-26,28392.93046850
DAILY_TR_COST_STRESS_1P5X,2022-08-29,28265.83721350
DAILY_TR_COST_STRESS_1P5X,2022-08-30,28220.27921350
DAILY_TR_COST_STRESS_1P5X,2022-08-31,27943.97121350
DAILY_TR_COST_STRESS_1P5X,2022-09-01,27796.60721350
DAILY_TR_COST_STRESS_1P5X,2022-09-02,27750.28921350
DAILY_TR_COST_STRESS_1P5X,2022-09-05,27808.21121350
DAILY_TR_COST_STRESS_1P5X,2022-09-06,28113.78321350
DAILY_TR_COST_STRESS_1P5X,2022-09-07,28170.77521350
DAILY_TR_COST_STRESS_1P5X,2022-09-08,28071.41121350
DAILY_TR_COST_STRESS_1P5X,2022-09-09,28323.76721350
DAILY_TR_COST_STRESS_1P5X,2022-09-13,28332.77521350
DAILY_TR_COST_STRESS_1P5X,2022-09-14,28095.79921350
DAILY_TR_COST_STRESS_1P5X,2022-09-15,27689.93321350
DAILY_TR_COST_STRESS_1P5X,2022-09-16,27106.50921350
DAILY_TR_COST_STRESS_1P5X,2022-09-19,26997.21521350
DAILY_TR_COST_STRESS_1P5X,2022-09-20,27065.07521350
DAILY_TR_COST_STRESS_1P5X,2022-09-21,27036.93521350
DAILY_TR_COST_STRESS_1P5X,2022-09-22,26931.37721350
DAILY_TR_COST_STRESS_1P5X,2022-09-23,26760.97521350
DAILY_TR_COST_STRESS_1P5X,2022-09-26,26494.20921350
DAILY_TR_COST_STRESS_1P5X,2022-09-27,26868.96721350
DAILY_TR_COST_STRESS_1P5X,2022-09-28,26414.34921350
DAILY_TR_COST_STRESS_1P5X,2022-09-29,26448.27921350
DAILY_TR_COST_STRESS_1P5X,2022-09-30,26209.44321350
DAILY_TR_COST_STRESS_1P5X,2022-10-10,25836.35121350
DAILY_TR_COST_STRESS_1P5X,2022-10-11,25899.52121350
DAILY_TR_COST_STRESS_1P5X,2022-10-12,26365.95321350
DAILY_TR_COST_STRESS_1P5X,2022-10-13,26297.88321350
DAILY_TR_COST_STRESS_1P5X,2022-10-14,26867.05921350
DAILY_TR_COST_STRESS_1P5X,2022-10-17,26928.36989190
DAILY_TR_COST_STRESS_1P5X,2022-10-18,27038.46989190
DAILY_TR_COST_STRESS_1P5X,2022-10-19,26844.66989190
DAILY_TR_COST_STRESS_1P5X,2022-10-20,26712.86989190
DAILY_TR_COST_STRESS_1P5X,2022-10-21,26631.26989190
DAILY_TR_COST_STRESS_1P5X,2022-10-24,26248.76989190
DAILY_TR_COST_STRESS_1P5X,2022-10-25,26027.26989190
DAILY_TR_COST_STRESS_1P5X,2022-10-26,26580.36989190
DAILY_TR_COST_STRESS_1P5X,2022-10-27,26355.66989190
DAILY_TR_COST_STRESS_1P5X,2022-10-28,25577.86989190
DAILY_TR_COST_STRESS_1P5X,2022-10-31,25724.36989190
DAILY_TR_COST_STRESS_1P5X,2022-11-01,26386.66989190
DAILY_TR_COST_STRESS_1P5X,2022-11-02,26625.66989190
DAILY_TR_COST_STRESS_1P5X,2022-11-03,26652.06989190
DAILY_TR_COST_STRESS_1P5X,2022-11-04,27333.46989190
DAILY_TR_COST_STRESS_1P5X,2022-11-07,27281.06989190
DAILY_TR_COST_STRESS_1P5X,2022-11-08,27211.46989190
DAILY_TR_COST_STRESS_1P5X,2022-11-09,26988.76989190
DAILY_TR_COST_STRESS_1P5X,2022-11-10,26752.96989190
DAILY_TR_COST_STRESS_1P5X,2022-11-11,27039.16989190
DAILY_TR_COST_STRESS_1P5X,2022-11-14,26859.87794690
DAILY_TR_COST_STRESS_1P5X,2022-11-15,27304.37794690
DAILY_TR_COST_STRESS_1P5X,2022-11-16,27156.47794690
DAILY_TR_COST_STRESS_1P5X,2022-11-17,27129.77794690
DAILY_TR_COST_STRESS_1P5X,2022-11-18,27065.47794690
DAILY_TR_COST_STRESS_1P5X,2022-11-21,26949.17794690
DAILY_TR_COST_STRESS_1P5X,2022-11-22,26810.97794690
DAILY_TR_COST_STRESS_1P5X,2022-11-23,26798.27794690
DAILY_TR_COST_STRESS_1P5X,2022-11-24,26744.47794690
DAILY_TR_COST_STRESS_1P5X,2022-11-25,26745.57794690
DAILY_TR_COST_STRESS_1P5X,2022-11-28,26552.07794690
DAILY_TR_COST_STRESS_1P5X,2022-11-29,27111.67794690
DAILY_TR_COST_STRESS_1P5X,2022-11-30,27092.97794690
DAILY_TR_COST_STRESS_1P5X,2022-12-01,27298.47794690
DAILY_TR_COST_STRESS_1P5X,2022-12-02,27197.17794690
DAILY_TR_COST_STRESS_1P5X,2022-12-05,27503.27794690
DAILY_TR_COST_STRESS_1P5X,2022-12-06,27568.57794690
DAILY_TR_COST_STRESS_1P5X,2022-12-07,27515.37794690
DAILY_TR_COST_STRESS_1P5X,2022-12-08,27523.27794690
DAILY_TR_COST_STRESS_1P5X,2022-12-09,27645.83836690
DAILY_TR_COST_STRESS_1P5X,2022-12-12,27434.38258690
DAILY_TR_COST_STRESS_1P5X,2022-12-13,27219.45812690
DAILY_TR_COST_STRESS_1P5X,2022-12-14,27196.19767190
DAILY_TR_COST_STRESS_1P5X,2022-12-15,27290.50294690
DAILY_TR_COST_STRESS_1P5X,2022-12-16,27154.10294690
DAILY_TR_COST_STRESS_1P5X,2022-12-19,26852.90294690
DAILY_TR_COST_STRESS_1P5X,2022-12-20,26499.60294690
DAILY_TR_COST_STRESS_1P5X,2022-12-21,26474.70294690
DAILY_TR_COST_STRESS_1P5X,2022-12-22,26472.20294690
DAILY_TR_COST_STRESS_1P5X,2022-12-23,26373.30294690
DAILY_TR_COST_STRESS_1P5X,2022-12-26,26612.30294690
DAILY_TR_COST_STRESS_1P5X,2022-12-27,26917.60294690
DAILY_TR_COST_STRESS_1P5X,2022-12-28,26740.80294690
DAILY_TR_COST_STRESS_1P5X,2022-12-29,26757.80294690
DAILY_TR_COST_STRESS_1P5X,2022-12-30,26816.40294690
DAILY_TR_COST_STRESS_1P5X,2023-01-03,26902.40294690
DAILY_TR_COST_STRESS_1P5X,2023-01-04,26800.80294690
DAILY_TR_COST_STRESS_1P5X,2023-01-05,27359.70294690
DAILY_TR_COST_STRESS_1P5X,2023-01-06,27513.70294690
DAILY_TR_COST_STRESS_1P5X,2023-01-09,27668.20294690
DAILY_TR_COST_STRESS_1P5X,2023-01-10,27877.00294690
DAILY_TR_COST_STRESS_1P5X,2023-01-11,27733.90294690
DAILY_TR_COST_STRESS_1P5X,2023-01-12,27794.30294690
DAILY_TR_COST_STRESS_1P5X,2023-01-13,28165.80294690
DAILY_TR_COST_STRESS_1P5X,2023-01-16,28593.30294690
DAILY_TR_COST_STRESS_1P5X,2023-01-17,28623.70294690
DAILY_TR_COST_STRESS_1P5X,2023-01-18,28586.10294690
DAILY_TR_COST_STRESS_1P5X,2023-01-19,28818.50294690
DAILY_TR_COST_STRESS_1P5X,2023-01-20,28945.80294690
DAILY_TR_COST_STRESS_1P5X,2023-01-30,29155.60294690
DAILY_TR_COST_STRESS_1P5X,2023-01-31,28879.80294690
DAILY_TR_COST_STRESS_1P5X,2023-02-01,29131.80294690
DAILY_TR_COST_STRESS_1P5X,2023-02-02,29054.86386690
DAILY_TR_COST_STRESS_1P5X,2023-02-03,28874.06386690
DAILY_TR_COST_STRESS_1P5X,2023-02-06,28649.66386690
DAILY_TR_COST_STRESS_1P5X,2023-02-07,28619.26386690
DAILY_TR_COST_STRESS_1P5X,2023-02-08,28454.46386690
DAILY_TR_COST_STRESS_1P5X,2023-02-09,28875.66386690
DAILY_TR_COST_STRESS_1P5X,2023-02-10,28690.06386690
DAILY_TR_COST_STRESS_1P5X,2023-02-13,28922.06386690
DAILY_TR_COST_STRESS_1P5X,2023-02-14,28930.06386690
DAILY_TR_COST_STRESS_1P5X,2023-02-15,28791.66386690
DAILY_TR_COST_STRESS_1P5X,2023-02-16,28455.26386690
DAILY_TR_COST_STRESS_1P5X,2023-02-17,28045.66386690
DAILY_TR_COST_STRESS_1P5X,2023-02-20,28494.28595690
DAILY_TR_COST_STRESS_1P5X,2023-02-21,28583.78595690
DAILY_TR_COST_STRESS_1P5X,2023-02-22,28447.78595690
DAILY_TR_COST_STRESS_1P5X,2023-02-23,28425.78595690
DAILY_TR_COST_STRESS_1P5X,2023-02-24,28276.88595690
DAILY_TR_COST_STRESS_1P5X,2023-02-27,28164.38595690
DAILY_TR_COST_STRESS_1P5X,2023-02-28,28326.98595690
DAILY_TR_COST_STRESS_1P5X,2023-03-01,28556.88595690
DAILY_TR_COST_STRESS_1P5X,2023-03-02,28527.38595690
DAILY_TR_COST_STRESS_1P5X,2023-03-03,28549.28595690
DAILY_TR_COST_STRESS_1P5X,2023-03-06,28475.78595690
DAILY_TR_COST_STRESS_1P5X,2023-03-07,28099.08595690
DAILY_TR_COST_STRESS_1P5X,2023-03-08,28069.48595690
DAILY_TR_COST_STRESS_1P5X,2023-03-09,28024.48595690
DAILY_TR_COST_STRESS_1P5X,2023-03-10,27693.98595690
DAILY_TR_COST_STRESS_1P5X,2023-03-13,27900.38595690
DAILY_TR_COST_STRESS_1P5X,2023-03-14,27720.88595690
DAILY_TR_COST_STRESS_1P5X,2023-03-15,27781.78595690
DAILY_TR_COST_STRESS_1P5X,2023-03-16,27485.18595690
DAILY_TR_COST_STRESS_1P5X,2023-03-17,27622.28595690
DAILY_TR_COST_STRESS_1P5X,2023-03-20,27516.08595690
DAILY_TR_COST_STRESS_1P5X,2023-03-21,27779.38595690
DAILY_TR_COST_STRESS_1P5X,2023-03-22,27903.18595690
DAILY_TR_COST_STRESS_1P5X,2023-03-23,28090.98595690
DAILY_TR_COST_STRESS_1P5X,2023-03-24,28091.48595690
DAILY_TR_COST_STRESS_1P5X,2023-03-27,28020.38595690
DAILY_TR_COST_STRESS_1P5X,2023-03-28,27835.65512690
DAILY_TR_COST_STRESS_1P5X,2023-03-29,27703.16101690
DAILY_TR_COST_STRESS_1P5X,2023-03-30,27902.46101690
DAILY_TR_COST_STRESS_1P5X,2023-03-31,28018.07821190
DAILY_TR_COST_STRESS_1P5X,2023-04-03,28356.67821190
DAILY_TR_COST_STRESS_1P5X,2023-04-04,28278.27821190
DAILY_TR_COST_STRESS_1P5X,2023-04-06,28297.87821190
DAILY_TR_COST_STRESS_1P5X,2023-04-07,28476.87821190
DAILY_TR_COST_STRESS_1P5X,2023-04-10,28385.47821190
DAILY_TR_COST_STRESS_1P5X,2023-04-11,28311.29992690
DAILY_TR_COST_STRESS_1P5X,2023-04-12,28273.75205190
DAILY_TR_COST_STRESS_1P5X,2023-04-13,28106.45205190
DAILY_TR_COST_STRESS_1P5X,2023-04-14,28258.35205190
DAILY_TR_COST_STRESS_1P5X,2023-04-17,28370.05205190
DAILY_TR_COST_STRESS_1P5X,2023-04-18,28302.22836190
DAILY_TR_COST_STRESS_1P5X,2023-04-19,28122.22836190
DAILY_TR_COST_STRESS_1P5X,2023-04-20,27939.22836190
DAILY_TR_COST_STRESS_1P5X,2023-04-21,27425.00481190
DAILY_TR_COST_STRESS_1P5X,2023-04-24,27192.20481190
DAILY_TR_COST_STRESS_1P5X,2023-04-25,26956.60481190
DAILY_TR_COST_STRESS_1P5X,2023-04-26,26979.00481190
DAILY_TR_COST_STRESS_1P5X,2023-04-27,27133.40481190
DAILY_TR_COST_STRESS_1P5X,2023-04-28,27425.20481190
DAILY_TR_COST_STRESS_1P5X,2023-05-04,27427.10481190
DAILY_TR_COST_STRESS_1P5X,2023-05-05,27272.70481190
DAILY_TR_COST_STRESS_1P5X,2023-05-08,27481.80481190
DAILY_TR_COST_STRESS_1P5X,2023-05-09,27268.50481190
DAILY_TR_COST_STRESS_1P5X,2023-05-10,27154.60481190
DAILY_TR_COST_STRESS_1P5X,2023-05-11,27103.50481190
DAILY_TR_COST_STRESS_1P5X,2023-05-12,26836.50481190
DAILY_TR_COST_STRESS_1P5X,2023-05-15,27154.70481190
DAILY_TR_COST_STRESS_1P5X,2023-05-16,27025.80481190
DAILY_TR_COST_STRESS_1P5X,2023-05-17,26948.60481190
DAILY_TR_COST_STRESS_1P5X,2023-05-18,26964.60481190
DAILY_TR_COST_STRESS_1P5X,2023-05-19,26956.10481190
DAILY_TR_COST_STRESS_1P5X,2023-05-22,26999.00481190
DAILY_TR_COST_STRESS_1P5X,2023-05-23,26704.50481190
DAILY_TR_COST_STRESS_1P5X,2023-05-24,26458.10481190
DAILY_TR_COST_STRESS_1P5X,2023-05-25,26407.41504190
DAILY_TR_COST_STRESS_1P5X,2023-05-26,26416.31504190
DAILY_TR_COST_STRESS_1P5X,2023-05-29,26273.41504190
DAILY_TR_COST_STRESS_1P5X,2023-05-30,26325.15217190
DAILY_TR_COST_STRESS_1P5X,2023-05-31,26203.85217190
DAILY_TR_COST_STRESS_1P5X,2023-06-01,26270.94434690
DAILY_TR_COST_STRESS_1P5X,2023-06-02,26518.24434690
DAILY_TR_COST_STRESS_1P5X,2023-06-05,26317.54434690
DAILY_TR_COST_STRESS_1P5X,2023-06-06,25897.44434690
DAILY_TR_COST_STRESS_1P5X,2023-06-07,25734.54434690
DAILY_TR_COST_STRESS_1P5X,2023-06-08,25780.58412190
DAILY_TR_COST_STRESS_1P5X,2023-06-09,25925.48412190
DAILY_TR_COST_STRESS_1P5X,2023-06-12,25971.68412190
DAILY_TR_COST_STRESS_1P5X,2023-06-13,26092.88412190
DAILY_TR_COST_STRESS_1P5X,2023-06-14,26106.18412190
DAILY_TR_COST_STRESS_1P5X,2023-06-15,26403.78412190
DAILY_TR_COST_STRESS_1P5X,2023-06-16,26596.48412190
DAILY_TR_COST_STRESS_1P5X,2023-06-19,26491.28412190
DAILY_TR_COST_STRESS_1P5X,2023-06-20,26473.71048190
DAILY_TR_COST_STRESS_1P5X,2023-06-21,25944.61048190
DAILY_TR_COST_STRESS_1P5X,2023-06-26,25571.89118190
DAILY_TR_COST_STRESS_1P5X,2023-06-27,25735.39118190
DAILY_TR_COST_STRESS_1P5X,2023-06-28,25785.99118190
DAILY_TR_COST_STRESS_1P5X,2023-06-29,25714.89118190
DAILY_TR_COST_STRESS_1P5X,2023-06-30,25942.88559690
DAILY_TR_COST_STRESS_1P5X,2023-07-03,26115.68559690
DAILY_TR_COST_STRESS_1P5X,2023-07-04,26152.88559690
DAILY_TR_COST_STRESS_1P5X,2023-07-05,25974.68559690
DAILY_TR_COST_STRESS_1P5X,2023-07-06,25788.08559690
DAILY_TR_COST_STRESS_1P5X,2023-07-07,25652.48559690
DAILY_TR_COST_STRESS_1P5X,2023-07-10,25846.28559690
DAILY_TR_COST_STRESS_1P5X,2023-07-11,26010.68559690
DAILY_TR_COST_STRESS_1P5X,2023-07-12,25834.88559690
DAILY_TR_COST_STRESS_1P5X,2023-07-13,26256.08559690
DAILY_TR_COST_STRESS_1P5X,2023-07-14,26179.88559690
DAILY_TR_COST_STRESS_1P5X,2023-07-17,26004.08559690
DAILY_TR_COST_STRESS_1P5X,2023-07-18,25959.72404190
DAILY_TR_COST_STRESS_1P5X,2023-07-19,25936.62404190
DAILY_TR_COST_STRESS_1P5X,2023-07-20,25727.22404190
DAILY_TR_COST_STRESS_1P5X,2023-07-21,25738.92404190
DAILY_TR_COST_STRESS_1P5X,2023-07-24,25668.92404190
DAILY_TR_COST_STRESS_1P5X,2023-07-25,26191.12404190
DAILY_TR_COST_STRESS_1P5X,2023-07-26,26143.22404190
DAILY_TR_COST_STRESS_1P5X,2023-07-27,26051.42404190
DAILY_TR_COST_STRESS_1P5X,2023-07-28,26514.22404190
DAILY_TR_COST_STRESS_1P5X,2023-07-31,26636.32404190
DAILY_TR_COST_STRESS_1P5X,2023-08-01,26591.82404190
DAILY_TR_COST_STRESS_1P5X,2023-08-02,26463.02404190
DAILY_TR_COST_STRESS_1P5X,2023-08-03,26610.92404190
DAILY_TR_COST_STRESS_1P5X,2023-08-04,26667.24191690
DAILY_TR_COST_STRESS_1P5X,2023-08-07,26474.74191690
DAILY_TR_COST_STRESS_1P5X,2023-08-08,26373.94477690
DAILY_TR_COST_STRESS_1P5X,2023-08-09,26270.94477690
DAILY_TR_COST_STRESS_1P5X,2023-08-10,26319.31725190
DAILY_TR_COST_STRESS_1P5X,2023-08-11,25746.81725190
DAILY_TR_COST_STRESS_1P5X,2023-08-14,25648.38074190
DAILY_TR_COST_STRESS_1P5X,2023-08-15,25574.08074190
DAILY_TR_COST_STRESS_1P5X,2023-08-16,25405.38074190
DAILY_TR_COST_STRESS_1P5X,2023-08-17,25460.66789190
DAILY_TR_COST_STRESS_1P5X,2023-08-18,25159.06789190
DAILY_TR_COST_STRESS_1P5X,2023-08-21,24846.26789190
DAILY_TR_COST_STRESS_1P5X,2023-08-22,24929.16789190
DAILY_TR_COST_STRESS_1P5X,2023-08-23,24481.36393190
DAILY_TR_COST_STRESS_1P5X,2023-08-24,24578.46393190
DAILY_TR_COST_STRESS_1P5X,2023-08-25,24428.96393190
DAILY_TR_COST_STRESS_1P5X,2023-08-28,24702.36393190
DAILY_TR_COST_STRESS_1P5X,2023-08-29,25003.66393190
DAILY_TR_COST_STRESS_1P5X,2023-08-30,24986.52614190
DAILY_TR_COST_STRESS_1P5X,2023-08-31,24855.82614190
DAILY_TR_COST_STRESS_1P5X,2023-09-01,24916.61575690
DAILY_TR_COST_STRESS_1P5X,2023-09-04,25244.41575690
DAILY_TR_COST_STRESS_1P5X,2023-09-05,25084.41575690
DAILY_TR_COST_STRESS_1P5X,2023-09-06,25051.61575690
DAILY_TR_COST_STRESS_1P5X,2023-09-07,24742.11575690
DAILY_TR_COST_STRESS_1P5X,2023-09-08,24677.41575690
DAILY_TR_COST_STRESS_1P5X,2023-09-11,24885.91575690
DAILY_TR_COST_STRESS_1P5X,2023-09-12,24875.21575690
DAILY_TR_COST_STRESS_1P5X,2023-09-13,24690.61575690
DAILY_TR_COST_STRESS_1P5X,2023-09-14,24672.41575690
DAILY_TR_COST_STRESS_1P5X,2023-09-15,24625.01575690
DAILY_TR_COST_STRESS_1P5X,2023-09-18,24685.51575690
DAILY_TR_COST_STRESS_1P5X,2023-09-19,24623.51575690
DAILY_TR_COST_STRESS_1P5X,2023-09-20,24493.41575690
DAILY_TR_COST_STRESS_1P5X,2023-09-21,24304.51575690
DAILY_TR_COST_STRESS_1P5X,2023-09-22,24708.21575690
DAILY_TR_COST_STRESS_1P5X,2023-09-25,24564.31575690
DAILY_TR_COST_STRESS_1P5X,2023-09-26,24467.31575690
DAILY_TR_COST_STRESS_1P5X,2023-09-27,24543.81575690
DAILY_TR_COST_STRESS_1P5X,2023-09-28,24518.41575690
DAILY_TR_COST_STRESS_1P5X,2023-10-09,24428.61575690
DAILY_TR_COST_STRESS_1P5X,2023-10-10,24297.11575690
DAILY_TR_COST_STRESS_1P5X,2023-10-11,24310.81575690
DAILY_TR_COST_STRESS_1P5X,2023-10-12,24496.91575690
DAILY_TR_COST_STRESS_1P5X,2023-10-13,24338.41575690
DAILY_TR_COST_STRESS_1P5X,2023-10-16,24105.41575690
DAILY_TR_COST_STRESS_1P5X,2023-10-17,24161.11575690
DAILY_TR_COST_STRESS_1P5X,2023-10-18,23950.71575690
DAILY_TR_COST_STRESS_1P5X,2023-10-19,23603.91575690
DAILY_TR_COST_STRESS_1P5X,2023-10-20,23400.96904190
DAILY_TR_COST_STRESS_1P5X,2023-10-23,22922.16904190
DAILY_TR_COST_STRESS_1P5X,2023-10-24,23019.31965190
DAILY_TR_COST_STRESS_1P5X,2023-10-25,23094.54937190
DAILY_TR_COST_STRESS_1P5X,2023-10-26,23175.44937190
DAILY_TR_COST_STRESS_1P5X,2023-10-27,23519.24937190
DAILY_TR_COST_STRESS_1P5X,2023-10-30,23826.40018190
DAILY_TR_COST_STRESS_1P5X,2023-10-31,23747.00018190
DAILY_TR_COST_STRESS_1P5X,2023-11-01,23680.60018190
DAILY_TR_COST_STRESS_1P5X,2023-11-02,23488.00018190
DAILY_TR_COST_STRESS_1P5X,2023-11-03,23718.60018190
DAILY_TR_COST_STRESS_1P5X,2023-11-06,24172.74905690
DAILY_TR_COST_STRESS_1P5X,2023-11-07,24086.76861190
DAILY_TR_COST_STRESS_1P5X,2023-11-08,24101.16861190
DAILY_TR_COST_STRESS_1P5X,2023-11-09,24056.36861190
DAILY_TR_COST_STRESS_1P5X,2023-11-10,23952.36861190
DAILY_TR_COST_STRESS_1P5X,2023-11-13,24027.76861190
DAILY_TR_COST_STRESS_1P5X,2023-11-14,24045.86861190
DAILY_TR_COST_STRESS_1P5X,2023-11-15,24171.16861190
DAILY_TR_COST_STRESS_1P5X,2023-11-16,23851.96861190
DAILY_TR_COST_STRESS_1P5X,2023-11-17,23937.56861190
DAILY_TR_COST_STRESS_1P5X,2023-11-20,24042.36861190
DAILY_TR_COST_STRESS_1P5X,2023-11-21,23949.56861190
DAILY_TR_COST_STRESS_1P5X,2023-11-22,23634.86861190
DAILY_TR_COST_STRESS_1P5X,2023-11-23,23797.76861190
DAILY_TR_COST_STRESS_1P5X,2023-11-24,23583.86861190
DAILY_TR_COST_STRESS_1P5X,2023-11-27,23502.26861190
DAILY_TR_COST_STRESS_1P5X,2023-11-28,23534.36508690
DAILY_TR_COST_STRESS_1P5X,2023-11-29,23351.33263690
DAILY_TR_COST_STRESS_1P5X,2023-11-30,23354.43263690
DAILY_TR_COST_STRESS_1P5X,2023-12-01,23444.93263690
DAILY_TR_COST_STRESS_1P5X,2023-12-04,23293.33263690
DAILY_TR_COST_STRESS_1P5X,2023-12-05,22904.46826190
DAILY_TR_COST_STRESS_1P5X,2023-12-06,22941.76826190
DAILY_TR_COST_STRESS_1P5X,2023-12-07,22925.16826190
DAILY_TR_COST_STRESS_1P5X,2023-12-08,22968.26826190
DAILY_TR_COST_STRESS_1P5X,2023-12-11,23155.66826190
DAILY_TR_COST_STRESS_1P5X,2023-12-12,23197.86826190
DAILY_TR_COST_STRESS_1P5X,2023-12-13,22917.56826190
DAILY_TR_COST_STRESS_1P5X,2023-12-14,22835.06826190
DAILY_TR_COST_STRESS_1P5X,2023-12-15,22656.35371190
DAILY_TR_COST_STRESS_1P5X,2023-12-18,22466.60348190
DAILY_TR_COST_STRESS_1P5X,2023-12-19,22456.20348190
DAILY_TR_COST_STRESS_1P5X,2023-12-20,22254.70348190
DAILY_TR_COST_STRESS_1P5X,2023-12-21,22369.80348190
DAILY_TR_COST_STRESS_1P5X,2023-12-22,22358.40348190
DAILY_TR_COST_STRESS_1P5X,2023-12-25,22371.90348190
DAILY_TR_COST_STRESS_1P5X,2023-12-26,22229.30348190
DAILY_TR_COST_STRESS_1P5X,2023-12-27,22287.10348190
DAILY_TR_COST_STRESS_1P5X,2023-12-28,22716.10348190
DAILY_TR_COST_STRESS_1P5X,2023-12-29,22803.54200190
DAILY_TR_COST_STRESS_1P5X,2024-01-02,22472.14200190
DAILY_TR_COST_STRESS_1P5X,2024-01-03,22397.23515190
DAILY_TR_COST_STRESS_1P5X,2024-01-04,22231.03515190
DAILY_TR_COST_STRESS_1P5X,2024-01-05,22055.73515190
DAILY_TR_COST_STRESS_1P5X,2024-01-08,21692.63515190
DAILY_TR_COST_STRESS_1P5X,2024-01-09,21737.43515190
DAILY_TR_COST_STRESS_1P5X,2024-01-10,21667.63515190
DAILY_TR_COST_STRESS_1P5X,2024-01-11,21836.13515190
DAILY_TR_COST_STRESS_1P5X,2024-01-12,21704.32927190
DAILY_TR_COST_STRESS_1P5X,2024-01-15,21607.89089190
DAILY_TR_COST_STRESS_1P5X,2024-01-16,21662.69089190
DAILY_TR_COST_STRESS_1P5X,2024-01-17,21134.77465190
DAILY_TR_COST_STRESS_1P5X,2024-01-18,21185.80019690
DAILY_TR_COST_STRESS_1P5X,2024-01-19,21100.53280690
DAILY_TR_COST_STRESS_1P5X,2024-01-22,20451.12076690
DAILY_TR_COST_STRESS_1P5X,2024-01-23,20568.31472690
DAILY_TR_COST_STRESS_1P5X,2024-01-24,20761.01472690
DAILY_TR_COST_STRESS_1P5X,2024-01-25,21063.41472690
DAILY_TR_COST_STRESS_1P5X,2024-01-26,20894.10171690
DAILY_TR_COST_STRESS_1P5X,2024-01-29,20637.30171690
DAILY_TR_COST_STRESS_1P5X,2024-01-30,20296.90171690
DAILY_TR_COST_STRESS_1P5X,2024-01-31,20007.70171690
DAILY_TR_COST_STRESS_1P5X,2024-02-01,19964.10171690
DAILY_TR_COST_STRESS_1P5X,2024-02-02,19635.00781690
DAILY_TR_COST_STRESS_1P5X,2024-02-05,19801.20781690
DAILY_TR_COST_STRESS_1P5X,2024-02-06,20646.40781690
DAILY_TR_COST_STRESS_1P5X,2024-02-07,20942.20781690
DAILY_TR_COST_STRESS_1P5X,2024-02-08,20956.79691190
DAILY_TR_COST_STRESS_1P5X,2024-02-19,20974.59691190
DAILY_TR_COST_STRESS_1P5X,2024-02-20,20979.75182190
DAILY_TR_COST_STRESS_1P5X,2024-02-21,21152.65182190
DAILY_TR_COST_STRESS_1P5X,2024-02-22,21263.95182190
DAILY_TR_COST_STRESS_1P5X,2024-02-23,21266.85182190
DAILY_TR_COST_STRESS_1P5X,2024-02-26,21130.66077190
DAILY_TR_COST_STRESS_1P5X,2024-02-27,21474.06077190
DAILY_TR_COST_STRESS_1P5X,2024-02-28,21123.06077190
DAILY_TR_COST_STRESS_1P5X,2024-02-29,21586.66077190
DAILY_TR_COST_STRESS_1P5X,2024-03-01,21727.06077190
DAILY_TR_COST_STRESS_1P5X,2024-03-04,21739.04918690
DAILY_TR_COST_STRESS_1P5X,2024-03-05,21672.16327690
DAILY_TR_COST_STRESS_1P5X,2024-03-06,21674.66327690
DAILY_TR_COST_STRESS_1P5X,2024-03-07,21335.66327690
DAILY_TR_COST_STRESS_1P5X,2024-03-08,21533.36327690
DAILY_TR_COST_STRESS_1P5X,2024-03-11,22168.76327690
DAILY_TR_COST_STRESS_1P5X,2024-03-12,22176.56327690
DAILY_TR_COST_STRESS_1P5X,2024-03-13,22107.96327690
DAILY_TR_COST_STRESS_1P5X,2024-03-14,22019.36327690
DAILY_TR_COST_STRESS_1P5X,2024-03-15,22025.59842690
DAILY_TR_COST_STRESS_1P5X,2024-03-18,22336.09842690
DAILY_TR_COST_STRESS_1P5X,2024-03-19,22094.14978690
DAILY_TR_COST_STRESS_1P5X,2024-03-20,22134.14978690
DAILY_TR_COST_STRESS_1P5X,2024-03-21,22034.24978690
DAILY_TR_COST_STRESS_1P5X,2024-03-22,21736.54978690
DAILY_TR_COST_STRESS_1P5X,2024-03-25,21404.44978690
DAILY_TR_COST_STRESS_1P5X,2024-03-26,21473.55269690
DAILY_TR_COST_STRESS_1P5X,2024-03-27,21100.95269690
DAILY_TR_COST_STRESS_1P5X,2024-03-28,21233.25269690
DAILY_TR_COST_STRESS_1P5X,2024-03-29,21330.45269690
DAILY_TR_COST_STRESS_1P5X,2024-04-01,21778.65269690
DAILY_TR_COST_STRESS_1P5X,2024-04-02,21670.65269690
DAILY_TR_COST_STRESS_1P5X,2024-04-03,21535.65269690
DAILY_TR_COST_STRESS_1P5X,2024-04-08,21286.14589690
DAILY_TR_COST_STRESS_1P5X,2024-04-09,21430.88622190
DAILY_TR_COST_STRESS_1P5X,2024-04-10,21118.58622190
DAILY_TR_COST_STRESS_1P5X,2024-04-11,21097.16505690
DAILY_TR_COST_STRESS_1P5X,2024-04-12,20972.26505690
DAILY_TR_COST_STRESS_1P5X,2024-04-15,21290.06505690
DAILY_TR_COST_STRESS_1P5X,2024-04-16,20952.06505690
DAILY_TR_COST_STRESS_1P5X,2024-04-17,21315.96505690
DAILY_TR_COST_STRESS_1P5X,2024-04-18,21349.16505690
DAILY_TR_COST_STRESS_1P5X,2024-04-19,21210.66505690
DAILY_TR_COST_STRESS_1P5X,2024-04-22,21115.26505690
DAILY_TR_COST_STRESS_1P5X,2024-04-23,20942.36505690
DAILY_TR_COST_STRESS_1P5X,2024-04-24,21085.56505690
DAILY_TR_COST_STRESS_1P5X,2024-04-25,21098.96505690
DAILY_TR_COST_STRESS_1P5X,2024-04-26,21437.96505690
DAILY_TR_COST_STRESS_1P5X,2024-04-29,21734.26505690
DAILY_TR_COST_STRESS_1P5X,2024-04-30,21531.89158690
DAILY_TR_COST_STRESS_1P5X,2024-05-06,21872.49158690
DAILY_TR_COST_STRESS_1P5X,2024-05-07,21849.51230190
DAILY_TR_COST_STRESS_1P5X,2024-05-08,21549.14489690
DAILY_TR_COST_STRESS_1P5X,2024-05-09,21799.67216190
DAILY_TR_COST_STRESS_1P5X,2024-05-10,21668.66649690
DAILY_TR_COST_STRESS_1P5X,2024-05-13,21531.27289190
DAILY_TR_COST_STRESS_1P5X,2024-05-14,21447.95116190
DAILY_TR_COST_STRESS_1P5X,2024-05-15,21295.55116190
DAILY_TR_COST_STRESS_1P5X,2024-05-16,21347.95116190
DAILY_TR_COST_STRESS_1P5X,2024-05-17,21576.45116190
DAILY_TR_COST_STRESS_1P5X,2024-05-20,21634.53036690
DAILY_TR_COST_STRESS_1P5X,2024-05-21,21493.31384690
DAILY_TR_COST_STRESS_1P5X,2024-05-22,21625.41384690
DAILY_TR_COST_STRESS_1P5X,2024-05-23,21380.81384690
DAILY_TR_COST_STRESS_1P5X,2024-05-24,21115.21384690
DAILY_TR_COST_STRESS_1P5X,2024-05-27,21251.51384690
DAILY_TR_COST_STRESS_1P5X,2024-05-28,21069.81384690
DAILY_TR_COST_STRESS_1P5X,2024-05-29,21088.31384690
DAILY_TR_COST_STRESS_1P5X,2024-05-30,21078.41384690
DAILY_TR_COST_STRESS_1P5X,2024-05-31,21019.47570690
DAILY_TR_COST_STRESS_1P5X,2024-06-03,20962.77570690
DAILY_TR_COST_STRESS_1P5X,2024-06-04,21144.38909190
DAILY_TR_COST_STRESS_1P5X,2024-06-05,21057.58909190
DAILY_TR_COST_STRESS_1P5X,2024-06-06,20999.28909190
DAILY_TR_COST_STRESS_1P5X,2024-06-07,20743.38909190
DAILY_TR_COST_STRESS_1P5X,2024-06-11,20699.58909190
DAILY_TR_COST_STRESS_1P5X,2024-06-12,20641.48909190
DAILY_TR_COST_STRESS_1P5X,2024-06-13,20602.38909190
DAILY_TR_COST_STRESS_1P5X,2024-06-14,20728.58909190
DAILY_TR_COST_STRESS_1P5X,2024-06-17,20766.18909190
DAILY_TR_COST_STRESS_1P5X,2024-06-18,20837.18909190
DAILY_TR_COST_STRESS_1P5X,2024-06-19,20689.28909190
DAILY_TR_COST_STRESS_1P5X,2024-06-20,20496.98909190
DAILY_TR_COST_STRESS_1P5X,2024-06-21,20454.88909190
DAILY_TR_COST_STRESS_1P5X,2024-06-24,20165.97625690
DAILY_TR_COST_STRESS_1P5X,2024-06-25,19945.17281690
DAILY_TR_COST_STRESS_1P5X,2024-06-26,20174.67281690
DAILY_TR_COST_STRESS_1P5X,2024-06-27,19971.57281690
DAILY_TR_COST_STRESS_1P5X,2024-06-28,19894.37281690
DAILY_TR_COST_STRESS_1P5X,2024-07-01,19987.12039690
DAILY_TR_COST_STRESS_1P5X,2024-07-02,19895.92039690
DAILY_TR_COST_STRESS_1P5X,2024-07-03,19807.22039690
DAILY_TR_COST_STRESS_1P5X,2024-07-04,19647.52039690
DAILY_TR_COST_STRESS_1P5X,2024-07-05,19662.82039690
DAILY_TR_COST_STRESS_1P5X,2024-07-08,19461.02039690
DAILY_TR_COST_STRESS_1P5X,2024-07-09,19706.82039690
DAILY_TR_COST_STRESS_1P5X,2024-07-10,19638.42039690
DAILY_TR_COST_STRESS_1P5X,2024-07-11,19926.32039690
DAILY_TR_COST_STRESS_1P5X,2024-07-12,19914.92039690
DAILY_TR_COST_STRESS_1P5X,2024-07-15,19871.92039690
DAILY_TR_COST_STRESS_1P5X,2024-07-16,19965.82039690
DAILY_TR_COST_STRESS_1P5X,2024-07-17,19919.32039690
DAILY_TR_COST_STRESS_1P5X,2024-07-18,20094.28275690
DAILY_TR_COST_STRESS_1P5X,2024-07-19,20184.18275690
DAILY_TR_COST_STRESS_1P5X,2024-07-22,20117.08275690
DAILY_TR_COST_STRESS_1P5X,2024-07-23,19655.88275690
DAILY_TR_COST_STRESS_1P5X,2024-07-24,19487.48275690
DAILY_TR_COST_STRESS_1P5X,2024-07-25,19410.48275690
DAILY_TR_COST_STRESS_1P5X,2024-07-26,19518.18275690
DAILY_TR_COST_STRESS_1P5X,2024-07-29,19343.98275690
DAILY_TR_COST_STRESS_1P5X,2024-07-30,19270.28275690
DAILY_TR_COST_STRESS_1P5X,2024-07-31,19770.58275690
DAILY_TR_COST_STRESS_1P5X,2024-08-01,19589.28275690
DAILY_TR_COST_STRESS_1P5X,2024-08-02,19309.12611690
DAILY_TR_COST_STRESS_1P5X,2024-08-05,19007.44584190
DAILY_TR_COST_STRESS_1P5X,2024-08-06,19120.84584190
DAILY_TR_COST_STRESS_1P5X,2024-08-07,19060.14584190
DAILY_TR_COST_STRESS_1P5X,2024-08-08,19047.22116690
DAILY_TR_COST_STRESS_1P5X,2024-08-09,18947.52116690
DAILY_TR_COST_STRESS_1P5X,2024-08-12,18940.92116690
DAILY_TR_COST_STRESS_1P5X,2024-08-13,18970.42116690
DAILY_TR_COST_STRESS_1P5X,2024-08-14,18796.52116690
DAILY_TR_COST_STRESS_1P5X,2024-08-15,18954.42116690
DAILY_TR_COST_STRESS_1P5X,2024-08-16,18911.82116690
DAILY_TR_COST_STRESS_1P5X,2024-08-19,18947.92116690
DAILY_TR_COST_STRESS_1P5X,2024-08-20,18768.52116690
DAILY_TR_COST_STRESS_1P5X,2024-08-21,18715.72116690
DAILY_TR_COST_STRESS_1P5X,2024-08-22,18598.02116690
DAILY_TR_COST_STRESS_1P5X,2024-08-23,18634.72116690
DAILY_TR_COST_STRESS_1P5X,2024-08-26,18645.72116690
DAILY_TR_COST_STRESS_1P5X,2024-08-27,18525.02116690
DAILY_TR_COST_STRESS_1P5X,2024-08-28,18476.72116690
DAILY_TR_COST_STRESS_1P5X,2024-08-29,18560.52116690
DAILY_TR_COST_STRESS_1P5X,2024-08-30,18809.02116690
DAILY_TR_COST_STRESS_1P5X,2024-09-02,18497.52116690
DAILY_TR_COST_STRESS_1P5X,2024-09-03,18610.82116690
DAILY_TR_COST_STRESS_1P5X,2024-09-04,18537.92116690
DAILY_TR_COST_STRESS_1P5X,2024-09-05,18591.12116690
DAILY_TR_COST_STRESS_1P5X,2024-09-06,18378.50326690
DAILY_TR_COST_STRESS_1P5X,2024-09-09,18303.00326690
DAILY_TR_COST_STRESS_1P5X,2024-09-10,18297.60326690
DAILY_TR_COST_STRESS_1P5X,2024-09-11,18366.50326690
DAILY_TR_COST_STRESS_1P5X,2024-09-12,18296.42095190
DAILY_TR_COST_STRESS_1P5X,2024-09-13,18128.42095190
DAILY_TR_COST_STRESS_1P5X,2024-09-18,18126.92095190
DAILY_TR_COST_STRESS_1P5X,2024-09-19,18315.02095190
DAILY_TR_COST_STRESS_1P5X,2024-09-20,18201.22095190
DAILY_TR_COST_STRESS_1P5X,2024-09-23,18161.72095190
DAILY_TR_COST_STRESS_1P5X,2024-09-24,18986.52095190
DAILY_TR_COST_STRESS_1P5X,2024-09-25,19168.52095190
DAILY_TR_COST_STRESS_1P5X,2024-09-26,20000.52095190
DAILY_TR_COST_STRESS_1P5X,2024-09-27,21674.52095190
DAILY_TR_COST_STRESS_1P5X,2024-09-30,24536.72095190
DAILY_TR_COST_STRESS_1P5X,2024-10-08,27371.82095190
DAILY_TR_COST_STRESS_1P5X,2024-10-09,24366.32095190
DAILY_TR_COST_STRESS_1P5X,2024-10-10,23873.32095190
DAILY_TR_COST_STRESS_1P5X,2024-10-11,22861.62095190
DAILY_TR_COST_STRESS_1P5X,2024-10-14,23273.50048690
DAILY_TR_COST_STRESS_1P5X,2024-10-15,22642.20418690
DAILY_TR_COST_STRESS_1P5X,2024-10-16,22408.20418690
DAILY_TR_COST_STRESS_1P5X,2024-10-17,22304.00418690
DAILY_TR_COST_STRESS_1P5X,2024-10-18,23532.00418690
DAILY_TR_COST_STRESS_1P5X,2024-10-21,23687.80418690
DAILY_TR_COST_STRESS_1P5X,2024-10-22,23823.20418690
DAILY_TR_COST_STRESS_1P5X,2024-10-23,23799.60418690
DAILY_TR_COST_STRESS_1P5X,2024-10-24,23557.80418690
DAILY_TR_COST_STRESS_1P5X,2024-10-25,24038.00418690
DAILY_TR_COST_STRESS_1P5X,2024-10-28,24120.40418690
DAILY_TR_COST_STRESS_1P5X,2024-10-29,23749.20418690
DAILY_TR_COST_STRESS_1P5X,2024-10-30,23661.60418690
DAILY_TR_COST_STRESS_1P5X,2024-10-31,23835.40418690
DAILY_TR_COST_STRESS_1P5X,2024-11-01,23548.20418690
DAILY_TR_COST_STRESS_1P5X,2024-11-04,24009.80418690
DAILY_TR_COST_STRESS_1P5X,2024-11-05,24859.20418690
DAILY_TR_COST_STRESS_1P5X,2024-11-06,24776.51748190
DAILY_TR_COST_STRESS_1P5X,2024-11-07,25362.41748190
DAILY_TR_COST_STRESS_1P5X,2024-11-08,25047.92805190
DAILY_TR_COST_STRESS_1P5X,2024-11-11,25560.32805190
DAILY_TR_COST_STRESS_1P5X,2024-11-12,25433.12805190
DAILY_TR_COST_STRESS_1P5X,2024-11-13,25528.52805190
DAILY_TR_COST_STRESS_1P5X,2024-11-14,24815.72805190
DAILY_TR_COST_STRESS_1P5X,2024-11-15,24124.52805190
DAILY_TR_COST_STRESS_1P5X,2024-11-18,23698.52805190
DAILY_TR_COST_STRESS_1P5X,2024-11-19,23917.14645190
DAILY_TR_COST_STRESS_1P5X,2024-11-20,24076.85847190
DAILY_TR_COST_STRESS_1P5X,2024-11-21,24067.85847190
DAILY_TR_COST_STRESS_1P5X,2024-11-22,23218.25847190
DAILY_TR_COST_STRESS_1P5X,2024-11-25,23123.80872190
DAILY_TR_COST_STRESS_1P5X,2024-11-26,22919.65033190
DAILY_TR_COST_STRESS_1P5X,2024-11-27,23393.85033190
DAILY_TR_COST_STRESS_1P5X,2024-11-28,23107.91896190
DAILY_TR_COST_STRESS_1P5X,2024-11-29,23469.61896190
DAILY_TR_COST_STRESS_1P5X,2024-12-02,23704.41896190
DAILY_TR_COST_STRESS_1P5X,2024-12-03,23587.08529690
DAILY_TR_COST_STRESS_1P5X,2024-12-04,23376.56489690
DAILY_TR_COST_STRESS_1P5X,2024-12-05,23391.96489690
DAILY_TR_COST_STRESS_1P5X,2024-12-06,23729.28976690
DAILY_TR_COST_STRESS_1P5X,2024-12-09,23616.79921190
DAILY_TR_COST_STRESS_1P5X,2024-12-10,23925.77835690
DAILY_TR_COST_STRESS_1P5X,2024-12-11,23974.37835690
DAILY_TR_COST_STRESS_1P5X,2024-12-12,24168.97835690
DAILY_TR_COST_STRESS_1P5X,2024-12-13,23769.67835690
DAILY_TR_COST_STRESS_1P5X,2024-12-16,23420.15365690
DAILY_TR_COST_STRESS_1P5X,2024-12-17,23316.15365690
DAILY_TR_COST_STRESS_1P5X,2024-12-18,23405.16953690
DAILY_TR_COST_STRESS_1P5X,2024-12-19,23451.36953690
DAILY_TR_COST_STRESS_1P5X,2024-12-20,23440.56953690
DAILY_TR_COST_STRESS_1P5X,2024-12-23,23291.16953690
DAILY_TR_COST_STRESS_1P5X,2024-12-24,23527.26953690
DAILY_TR_COST_STRESS_1P5X,2024-12-25,23450.06953690
DAILY_TR_COST_STRESS_1P5X,2024-12-26,23529.16953690
DAILY_TR_COST_STRESS_1P5X,2024-12-27,23537.36953690
DAILY_TR_COST_STRESS_1P5X,2024-12-30,23583.36953690
DAILY_TR_COST_STRESS_1P5X,2024-12-31,23114.36953690
DAILY_TR_COST_STRESS_1P5X,2025-01-02,22524.76953690
DAILY_TR_COST_STRESS_1P5X,2025-01-03,22226.96953690
DAILY_TR_COST_STRESS_1P5X,2025-01-06,22163.26953690
DAILY_TR_COST_STRESS_1P5X,2025-01-07,22332.06953690
DAILY_TR_COST_STRESS_1P5X,2025-01-08,22277.36953690
DAILY_TR_COST_STRESS_1P5X,2025-01-09,22249.76953690
DAILY_TR_COST_STRESS_1P5X,2025-01-10,21998.56953690
DAILY_TR_COST_STRESS_1P5X,2025-01-13,21974.86953690
DAILY_TR_COST_STRESS_1P5X,2025-01-14,22547.56953690
DAILY_TR_COST_STRESS_1P5X,2025-01-15,22331.90161190
DAILY_TR_COST_STRESS_1P5X,2025-01-16,22354.09234190
DAILY_TR_COST_STRESS_1P5X,2025-01-17,22467.09234190
DAILY_TR_COST_STRESS_1P5X,2025-01-20,22565.09234190
DAILY_TR_COST_STRESS_1P5X,2025-01-21,22540.83708190
DAILY_TR_COST_STRESS_1P5X,2025-01-22,22382.43609190
DAILY_TR_COST_STRESS_1P5X,2025-01-23,22369.63609190
DAILY_TR_COST_STRESS_1P5X,2025-01-24,22575.23609190
DAILY_TR_COST_STRESS_1P5X,2025-01-27,22228.14654190
DAILY_TR_COST_STRESS_1P5X,2025-02-05,22170.04374190
DAILY_TR_COST_STRESS_1P5X,2025-02-06,22506.94374190
DAILY_TR_COST_STRESS_1P5X,2025-02-07,22885.02631690
DAILY_TR_COST_STRESS_1P5X,2025-02-10,23024.52631690
DAILY_TR_COST_STRESS_1P5X,2025-02-11,22846.22631690
DAILY_TR_COST_STRESS_1P5X,2025-02-12,23154.72631690
DAILY_TR_COST_STRESS_1P5X,2025-02-13,23033.42631690
DAILY_TR_COST_STRESS_1P5X,2025-02-14,23298.82631690
DAILY_TR_COST_STRESS_1P5X,2025-02-17,23321.92631690
DAILY_TR_COST_STRESS_1P5X,2025-02-18,22950.32631690
DAILY_TR_COST_STRESS_1P5X,2025-02-19,23324.42631690
DAILY_TR_COST_STRESS_1P5X,2025-02-20,23345.12631690
DAILY_TR_COST_STRESS_1P5X,2025-02-21,23782.52631690
DAILY_TR_COST_STRESS_1P5X,2025-02-24,23665.52631690
DAILY_TR_COST_STRESS_1P5X,2025-02-25,23443.22631690
DAILY_TR_COST_STRESS_1P5X,2025-02-26,23690.42631690
DAILY_TR_COST_STRESS_1P5X,2025-02-27,23610.42631690
DAILY_TR_COST_STRESS_1P5X,2025-02-28,22931.82631690
DAILY_TR_COST_STRESS_1P5X,2025-03-03,23073.62631690
DAILY_TR_COST_STRESS_1P5X,2025-03-04,23138.02631690
DAILY_TR_COST_STRESS_1P5X,2025-03-05,23163.52631690
DAILY_TR_COST_STRESS_1P5X,2025-03-06,23526.62631690
DAILY_TR_COST_STRESS_1P5X,2025-03-07,23333.62631690
DAILY_TR_COST_STRESS_1P5X,2025-03-10,23316.92631690
DAILY_TR_COST_STRESS_1P5X,2025-03-11,23367.92631690
DAILY_TR_COST_STRESS_1P5X,2025-03-12,23326.72631690
DAILY_TR_COST_STRESS_1P5X,2025-03-13,23151.88287690
DAILY_TR_COST_STRESS_1P5X,2025-03-14,23599.78287690
DAILY_TR_COST_STRESS_1P5X,2025-03-17,23571.98287690
DAILY_TR_COST_STRESS_1P5X,2025-03-18,23639.58287690
DAILY_TR_COST_STRESS_1P5X,2025-03-19,23614.38287690
DAILY_TR_COST_STRESS_1P5X,2025-03-20,23457.18287690
DAILY_TR_COST_STRESS_1P5X,2025-03-21,23129.18287690
DAILY_TR_COST_STRESS_1P5X,2025-03-24,23161.48287690
DAILY_TR_COST_STRESS_1P5X,2025-03-25,23132.68287690
DAILY_TR_COST_STRESS_1P5X,2025-03-26,23091.08287690
DAILY_TR_COST_STRESS_1P5X,2025-03-27,23152.98287690
DAILY_TR_COST_STRESS_1P5X,2025-03-28,23023.68287690
DAILY_TR_COST_STRESS_1P5X,2025-03-31,22867.78287690
DAILY_TR_COST_STRESS_1P5X,2025-04-01,22916.98287690
DAILY_TR_COST_STRESS_1P5X,2025-04-02,22921.08287690
DAILY_TR_COST_STRESS_1P5X,2025-04-03,22782.38287690
DAILY_TR_COST_STRESS_1P5X,2025-04-07,21140.58287690
DAILY_TR_COST_STRESS_1P5X,2025-04-08,21287.68287690
DAILY_TR_COST_STRESS_1P5X,2025-04-09,21576.78287690
DAILY_TR_COST_STRESS_1P5X,2025-04-10,21922.48287690
DAILY_TR_COST_STRESS_1P5X,2025-04-11,22015.68287690
DAILY_TR_COST_STRESS_1P5X,2025-04-14,22111.28287690
DAILY_TR_COST_STRESS_1P5X,2025-04-15,22079.98287690
DAILY_TR_COST_STRESS_1P5X,2025-04-16,22020.08287690
DAILY_TR_COST_STRESS_1P5X,2025-04-17,22032.98287690
DAILY_TR_COST_STRESS_1P5X,2025-04-18,22062.38287690
DAILY_TR_COST_STRESS_1P5X,2025-04-21,22206.98287690
DAILY_TR_COST_STRESS_1P5X,2025-04-22,22189.28287690
DAILY_TR_COST_STRESS_1P5X,2025-04-23,22218.38287690
DAILY_TR_COST_STRESS_1P5X,2025-04-24,22179.28287690
DAILY_TR_COST_STRESS_1P5X,2025-04-25,22206.48287690
DAILY_TR_COST_STRESS_1P5X,2025-04-28,22146.68287690
DAILY_TR_COST_STRESS_1P5X,2025-04-29,22133.58287690
DAILY_TR_COST_STRESS_1P5X,2025-04-30,22173.38287690
DAILY_TR_COST_STRESS_1P5X,2025-05-06,22451.48287690
DAILY_TR_COST_STRESS_1P5X,2025-05-07,22530.88287690
DAILY_TR_COST_STRESS_1P5X,2025-05-08,22631.48287690
DAILY_TR_COST_STRESS_1P5X,2025-05-09,22437.06605690
DAILY_TR_COST_STRESS_1P5X,2025-05-12,22824.46605690
DAILY_TR_COST_STRESS_1P5X,2025-05-13,22765.66605690
DAILY_TR_COST_STRESS_1P5X,2025-05-14,22919.66605690
DAILY_TR_COST_STRESS_1P5X,2025-05-15,22589.30084190
DAILY_TR_COST_STRESS_1P5X,2025-05-16,22514.30084190
DAILY_TR_COST_STRESS_1P5X,2025-05-19,22469.30084190
DAILY_TR_COST_STRESS_1P5X,2025-05-20,22563.63692190
DAILY_TR_COST_STRESS_1P5X,2025-05-21,22640.24208690
DAILY_TR_COST_STRESS_1P5X,2025-05-22,22545.24208690
DAILY_TR_COST_STRESS_1P5X,2025-05-23,22362.74208690
DAILY_TR_COST_STRESS_1P5X,2025-05-26,22225.24208690
DAILY_TR_COST_STRESS_1P5X,2025-05-27,22122.74208690
DAILY_TR_COST_STRESS_1P5X,2025-05-28,22072.74208690
DAILY_TR_COST_STRESS_1P5X,2025-05-29,22282.74208690
DAILY_TR_COST_STRESS_1P5X,2025-05-30,22129.22006190
DAILY_TR_COST_STRESS_1P5X,2025-06-03,22134.13561190
DAILY_TR_COST_STRESS_1P5X,2025-06-04,22291.63561190
DAILY_TR_COST_STRESS_1P5X,2025-06-05,22431.63561190
DAILY_TR_COST_STRESS_1P5X,2025-06-06,22406.63561190
DAILY_TR_COST_STRESS_1P5X,2025-06-09,22514.13561190
DAILY_TR_COST_STRESS_1P5X,2025-06-10,22303.58286190
DAILY_TR_COST_STRESS_1P5X,2025-06-11,22437.47611190
DAILY_TR_COST_STRESS_1P5X,2025-06-12,22451.49559690
DAILY_TR_COST_STRESS_1P5X,2025-06-13,22270.19559690
DAILY_TR_COST_STRESS_1P5X,2025-06-16,22389.19559690
DAILY_TR_COST_STRESS_1P5X,2025-06-17,22324.69559690
DAILY_TR_COST_STRESS_1P5X,2025-06-18,22338.79559690
DAILY_TR_COST_STRESS_1P5X,2025-06-19,22098.09559690
DAILY_TR_COST_STRESS_1P5X,2025-06-20,21948.49559690
DAILY_TR_COST_STRESS_1P5X,2025-06-23,21996.67707190
DAILY_TR_COST_STRESS_1P5X,2025-06-24,22337.77525190
DAILY_TR_COST_STRESS_1P5X,2025-06-25,22841.57525190
DAILY_TR_COST_STRESS_1P5X,2025-06-26,22720.67525190
DAILY_TR_COST_STRESS_1P5X,2025-06-27,22797.27525190
DAILY_TR_COST_STRESS_1P5X,2025-06-30,23044.17525190
DAILY_TR_COST_STRESS_1P5X,2025-07-01,23042.17525190
DAILY_TR_COST_STRESS_1P5X,2025-07-02,22874.87525190
DAILY_TR_COST_STRESS_1P5X,2025-07-03,23096.97525190
DAILY_TR_COST_STRESS_1P5X,2025-07-04,23044.17525190
DAILY_TR_COST_STRESS_1P5X,2025-07-07,22867.18889690
DAILY_TR_COST_STRESS_1P5X,2025-07-08,23192.28889690
DAILY_TR_COST_STRESS_1P5X,2025-07-09,23133.62335190
DAILY_TR_COST_STRESS_1P5X,2025-07-10,23188.27890190
DAILY_TR_COST_STRESS_1P5X,2025-07-11,23300.07890190
DAILY_TR_COST_STRESS_1P5X,2025-07-14,23219.63383190
DAILY_TR_COST_STRESS_1P5X,2025-07-15,23384.23383190
DAILY_TR_COST_STRESS_1P5X,2025-07-16,23353.73383190
DAILY_TR_COST_STRESS_1P5X,2025-07-17,23669.53383190
DAILY_TR_COST_STRESS_1P5X,2025-07-18,23725.83383190
DAILY_TR_COST_STRESS_1P5X,2025-07-21,23939.93383190
DAILY_TR_COST_STRESS_1P5X,2025-07-22,24119.33383190
DAILY_TR_COST_STRESS_1P5X,2025-07-23,24072.33383190
DAILY_TR_COST_STRESS_1P5X,2025-07-24,24412.83383190
DAILY_TR_COST_STRESS_1P5X,2025-07-25,24382.63383190
DAILY_TR_COST_STRESS_1P5X,2025-07-28,24542.03383190
DAILY_TR_COST_STRESS_1P5X,2025-07-29,24806.83383190
DAILY_TR_COST_STRESS_1P5X,2025-07-30,24553.03383190
DAILY_TR_COST_STRESS_1P5X,2025-07-31,24185.43383190
DAILY_TR_COST_STRESS_1P5X,2025-08-01,24178.03383190
DAILY_TR_COST_STRESS_1P5X,2025-08-04,24307.63383190
DAILY_TR_COST_STRESS_1P5X,2025-08-05,24410.93383190
DAILY_TR_COST_STRESS_1P5X,2025-08-06,24576.13383190
DAILY_TR_COST_STRESS_1P5X,2025-08-07,24465.33383190
DAILY_TR_COST_STRESS_1P5X,2025-08-08,24408.23383190
DAILY_TR_COST_STRESS_1P5X,2025-08-11,24738.13383190
DAILY_TR_COST_STRESS_1P5X,2025-08-12,24928.63383190
DAILY_TR_COST_STRESS_1P5X,2025-08-13,25495.53383190
DAILY_TR_COST_STRESS_1P5X,2025-08-14,25250.33383190
DAILY_TR_COST_STRESS_1P5X,2025-08-15,25797.53383190
DAILY_TR_COST_STRESS_1P5X,2025-08-18,26300.93383190
DAILY_TR_COST_STRESS_1P5X,2025-08-19,26241.83383190
DAILY_TR_COST_STRESS_1P5X,2025-08-20,26458.93383190
DAILY_TR_COST_STRESS_1P5X,2025-08-21,26317.53383190
DAILY_TR_COST_STRESS_1P5X,2025-08-22,26968.83383190
DAILY_TR_COST_STRESS_1P5X,2025-08-25,27536.23383190
DAILY_TR_COST_STRESS_1P5X,2025-08-26,27454.13383190
DAILY_TR_COST_STRESS_1P5X,2025-08-27,27196.63383190
DAILY_TR_COST_STRESS_1P5X,2025-08-28,27981.33383190
DAILY_TR_COST_STRESS_1P5X,2025-08-29,28327.43383190
DAILY_TR_COST_STRESS_1P5X,2025-09-01,28735.53383190
DAILY_TR_COST_STRESS_1P5X,2025-09-02,28099.63383190
DAILY_TR_COST_STRESS_1P5X,2025-09-03,28009.73383190
DAILY_TR_COST_STRESS_1P5X,2025-09-04,27245.74447690
DAILY_TR_COST_STRESS_1P5X,2025-09-05,28340.24447690
DAILY_TR_COST_STRESS_1P5X,2025-09-08,28270.83245690
DAILY_TR_COST_STRESS_1P5X,2025-09-09,27879.33245690
DAILY_TR_COST_STRESS_1P5X,2025-09-10,28002.93245690
DAILY_TR_COST_STRESS_1P5X,2025-09-11,28975.46215190
DAILY_TR_COST_STRESS_1P5X,2025-09-12,28852.34395190
DAILY_TR_COST_STRESS_1P5X,2025-09-15,29004.14395190
DAILY_TR_COST_STRESS_1P5X,2025-09-16,29199.54395190
DAILY_TR_COST_STRESS_1P5X,2025-09-17,29592.54395190
DAILY_TR_COST_STRESS_1P5X,2025-09-18,29251.94395190
DAILY_TR_COST_STRESS_1P5X,2025-09-19,29174.64395190
DAILY_TR_COST_STRESS_1P5X,2025-09-22,29363.24395190
DAILY_TR_COST_STRESS_1P5X,2025-09-23,29336.74395190
DAILY_TR_COST_STRESS_1P5X,2025-09-24,29903.84395190
DAILY_TR_COST_STRESS_1P5X,2025-09-25,30139.34395190
DAILY_TR_COST_STRESS_1P5X,2025-09-26,29597.74395190
DAILY_TR_COST_STRESS_1P5X,2025-09-29,30185.74395190
DAILY_TR_COST_STRESS_1P5X,2025-09-30,30305.54395190
DAILY_TR_COST_STRESS_1P5X,2025-10-09,30616.94395190
DAILY_TR_COST_STRESS_1P5X,2025-10-10,29755.74395190
DAILY_TR_COST_STRESS_1P5X,2025-10-13,29514.64395190
DAILY_TR_COST_STRESS_1P5X,2025-10-14,28674.64395190
DAILY_TR_COST_STRESS_1P5X,2025-10-15,28983.52321190
DAILY_TR_COST_STRESS_1P5X,2025-10-16,28937.55203690
DAILY_TR_COST_STRESS_1P5X,2025-10-17,28112.25203690
DAILY_TR_COST_STRESS_1P5X,2025-10-20,28401.24251190
DAILY_TR_COST_STRESS_1P5X,2025-10-21,28867.95698190
DAILY_TR_COST_STRESS_1P5X,2025-10-22,28730.85698190
DAILY_TR_COST_STRESS_1P5X,2025-10-23,28775.25698190
DAILY_TR_COST_STRESS_1P5X,2025-10-24,29194.49196190
DAILY_TR_COST_STRESS_1P5X,2025-10-27,29428.02951690
DAILY_TR_COST_STRESS_1P5X,2025-10-28,29347.22951690
DAILY_TR_COST_STRESS_1P5X,2025-10-29,29889.22951690
DAILY_TR_COST_STRESS_1P5X,2025-10-30,29539.92951690
DAILY_TR_COST_STRESS_1P5X,2025-10-31,29067.02951690
DAILY_TR_COST_STRESS_1P5X,2025-11-03,29023.97426190
DAILY_TR_COST_STRESS_1P5X,2025-11-04,28651.95669190
DAILY_TR_COST_STRESS_1P5X,2025-11-05,28649.80299190
DAILY_TR_COST_STRESS_1P5X,2025-11-06,28993.00731690
DAILY_TR_COST_STRESS_1P5X,2025-11-07,28902.00731690
DAILY_TR_COST_STRESS_1P5X,2025-11-10,28826.40731690
DAILY_TR_COST_STRESS_1P5X,2025-11-11,28527.60731690
DAILY_TR_COST_STRESS_1P5X,2025-11-12,28513.00731690
DAILY_TR_COST_STRESS_1P5X,2025-11-13,28935.90731690
DAILY_TR_COST_STRESS_1P5X,2025-11-14,28388.20731690
DAILY_TR_COST_STRESS_1P5X,2025-11-17,28292.91152690
DAILY_TR_COST_STRESS_1P5X,2025-11-18,28031.81152690
DAILY_TR_COST_STRESS_1P5X,2025-11-19,27996.91152690
DAILY_TR_COST_STRESS_1P5X,2025-11-20,27792.02289690
DAILY_TR_COST_STRESS_1P5X,2025-11-21,27000.62289690
DAILY_TR_COST_STRESS_1P5X,2025-11-24,27059.80187190
DAILY_TR_COST_STRESS_1P5X,2025-11-25,27306.60187190
DAILY_TR_COST_STRESS_1P5X,2025-11-26,27400.70187190
DAILY_TR_COST_STRESS_1P5X,2025-11-27,27364.80187190
DAILY_TR_COST_STRESS_1P5X,2025-11-28,27543.10187190
DAILY_TR_COST_STRESS_1P5X,2025-12-01,27792.20187190
DAILY_TR_COST_STRESS_1P5X,2025-12-02,27633.90187190
DAILY_TR_COST_STRESS_1P5X,2025-12-03,27404.13154690
DAILY_TR_COST_STRESS_1P5X,2025-12-04,27431.97484690
DAILY_TR_COST_STRESS_1P5X,2025-12-05,27693.27484690
DAILY_TR_COST_STRESS_1P5X,2025-12-08,27887.07484690
DAILY_TR_COST_STRESS_1P5X,2025-12-09,27839.16416690
DAILY_TR_COST_STRESS_1P5X,2025-12-10,27839.16416690
DAILY_TR_COST_STRESS_1P5X,2025-12-11,27523.49043190
DAILY_TR_COST_STRESS_1P5X,2025-12-12,27675.49616690
DAILY_TR_COST_STRESS_1P5X,2025-12-15,27363.08133690
DAILY_TR_COST_STRESS_1P5X,2025-12-16,26971.90583690
DAILY_TR_COST_STRESS_1P5X,2025-12-17,27582.90583690
DAILY_TR_COST_STRESS_1P5X,2025-12-18,27227.69960190
DAILY_TR_COST_STRESS_1P5X,2025-12-19,27396.69960190
DAILY_TR_COST_STRESS_1P5X,2025-12-22,27801.29960190
DAILY_TR_COST_STRESS_1P5X,2025-12-23,27850.49960190
DAILY_TR_COST_STRESS_1P5X,2025-12-24,28118.99960190
DAILY_TR_COST_STRESS_1P5X,2025-12-25,28266.79960190
DAILY_TR_COST_STRESS_1P5X,2025-12-26,28360.59960190
DAILY_TR_COST_STRESS_1P5X,2025-12-29,28224.29960190
DAILY_TR_COST_STRESS_1P5X,2025-12-30,28373.99960190
DAILY_TR_COST_STRESS_1P5X,2025-12-31,28218.19960190
DAILY_TR_COST_STRESS_1P5X,2026-01-05,28935.49960190
DAILY_TR_COST_STRESS_1P5X,2026-01-06,29308.59960190
DAILY_TR_COST_STRESS_1P5X,2026-01-07,29404.39960190
DAILY_TR_COST_STRESS_1P5X,2026-01-08,29353.29960190
DAILY_TR_COST_STRESS_1P5X,2026-01-09,29631.40017190
DAILY_TR_COST_STRESS_1P5X,2026-01-12,30027.00017190
DAILY_TR_COST_STRESS_1P5X,2026-01-13,29584.25034190
DAILY_TR_COST_STRESS_1P5X,2026-01-14,29574.74910190
DAILY_TR_COST_STRESS_1P5X,2026-01-15,29644.40676690
DAILY_TR_COST_STRESS_1P5X,2026-01-16,29649.20676690
DAILY_TR_COST_STRESS_1P5X,2026-01-19,29622.00676690
DAILY_TR_COST_STRESS_1P5X,2026-01-20,29363.60676690
DAILY_TR_COST_STRESS_1P5X,2026-01-21,29608.40676690
DAILY_TR_COST_STRESS_1P5X,2026-01-22,29803.60676690
DAILY_TR_COST_STRESS_1P5X,2026-01-23,30291.60676690
DAILY_TR_COST_STRESS_1P5X,2026-01-26,29915.60676690
DAILY_TR_COST_STRESS_1P5X,2026-01-27,30091.60676690
DAILY_TR_COST_STRESS_1P5X,2026-01-28,30126.80676690
DAILY_TR_COST_STRESS_1P5X,2026-01-29,29906.80676690
DAILY_TR_COST_STRESS_1P5X,2026-01-30,29544.32460690
DAILY_TR_COST_STRESS_1P5X,2026-02-02,28469.76961690
DAILY_TR_COST_STRESS_1P5X,2026-02-03,29214.86961690
DAILY_TR_COST_STRESS_1P5X,2026-02-04,29187.66961690
DAILY_TR_COST_STRESS_1P5X,2026-02-05,28683.96961690
DAILY_TR_COST_STRESS_1P5X,2026-02-06,28558.29482190
DAILY_TR_COST_STRESS_1P5X,2026-02-09,29060.09482190
DAILY_TR_COST_STRESS_1P5X,2026-02-10,29047.49482190
DAILY_TR_COST_STRESS_1P5X,2026-02-11,28953.86001690
DAILY_TR_COST_STRESS_1P5X,2026-02-12,29095.77943190
DAILY_TR_COST_STRESS_1P5X,2026-02-13,28733.07943190
DAILY_TR_COST_STRESS_1P5X,2026-02-24,28998.57943190
DAILY_TR_COST_STRESS_1P5X,2026-02-25,29289.87943190
DAILY_TR_COST_STRESS_1P5X,2026-02-26,29300.14877690
DAILY_TR_COST_STRESS_1P5X,2026-02-27,29324.14877690
DAILY_TR_COST_STRESS_1P5X,2026-03-02,29222.52883190
DAILY_TR_COST_STRESS_1P5X,2026-03-03,28514.72883190
DAILY_TR_COST_STRESS_1P5X,2026-03-04,28237.32883190
DAILY_TR_COST_STRESS_1P5X,2026-03-05,28441.52883190
DAILY_TR_COST_STRESS_1P5X,2026-03-06,28496.07578190
DAILY_TR_COST_STRESS_1P5X,2026-03-09,28337.44965190
DAILY_TR_COST_STRESS_1P5X,2026-03-10,28873.12902190
DAILY_TR_COST_STRESS_1P5X,2026-03-11,28929.22902190
DAILY_TR_COST_STRESS_1P5X,2026-03-12,28820.32902190
DAILY_TR_COST_STRESS_1P5X,2026-03-13,28600.97859190
DAILY_TR_COST_STRESS_1P5X,2026-03-16,28714.07859190
DAILY_TR_COST_STRESS_1P5X,2026-03-17,28294.35462190
DAILY_TR_COST_STRESS_1P5X,2026-03-18,28584.55462190
DAILY_TR_COST_STRESS_1P5X,2026-03-19,28281.45462190
DAILY_TR_COST_STRESS_1P5X,2026-03-20,28363.75462190
DAILY_TR_COST_STRESS_1P5X,2026-03-23,27540.15462190
DAILY_TR_COST_STRESS_1P5X,2026-03-24,27706.65462190
DAILY_TR_COST_STRESS_1P5X,2026-03-25,28148.15462190
DAILY_TR_COST_STRESS_1P5X,2026-03-26,27829.75462190
DAILY_TR_COST_STRESS_1P5X,2026-03-27,27997.75462190
DAILY_TR_COST_STRESS_1P5X,2026-03-30,27865.95462190
DAILY_TR_COST_STRESS_1P5X,2026-03-31,27454.45462190
DAILY_TR_COST_STRESS_1P5X,2026-04-01,27836.15462190
DAILY_TR_COST_STRESS_1P5X,2026-04-02,27456.25462190
DAILY_TR_COST_STRESS_1P5X,2026-04-03,27274.35462190
DAILY_TR_COST_STRESS_1P5X,2026-04-07,27290.75462190
DAILY_TR_COST_STRESS_1P5X,2026-04-08,28449.15462190
DAILY_TR_COST_STRESS_1P5X,2026-04-09,28273.15462190
DAILY_TR_COST_STRESS_1P5X,2026-04-10,28906.75462190
DAILY_TR_COST_STRESS_1P5X,2026-04-13,29051.55462190
DAILY_TR_COST_STRESS_1P5X,2026-04-14,29525.15462190
DAILY_TR_COST_STRESS_1P5X,2026-04-15,29328.35462190
DAILY_TR_COST_STRESS_1P5X,2026-04-16,29898.15462190
DAILY_TR_COST_STRESS_1P5X,2026-04-17,30054.05462190
DAILY_TR_COST_STRESS_1P5X,2026-04-20,30133.37471190
DAILY_TR_COST_STRESS_1P5X,2026-04-21,30128.27471190
DAILY_TR_COST_STRESS_1P5X,2026-04-22,30611.57471190
DAILY_TR_COST_STRESS_1P5X,2026-04-23,30372.57471190
DAILY_TR_COST_STRESS_1P5X,2026-04-24,30089.57471190
DAILY_TR_COST_STRESS_1P5X,2026-04-27,30080.17471190
DAILY_TR_COST_STRESS_1P5X,2026-04-28,29743.17471190
DAILY_TR_COST_STRESS_1P5X,2026-04-29,30188.65061190
DAILY_TR_COST_STRESS_1P5X,2026-04-30,30200.20961190
DAILY_TR_COST_STRESS_1P5X,2026-05-06,30923.90961190
DAILY_TR_COST_STRESS_1P5X,2026-05-07,31323.00961190
DAILY_TR_COST_STRESS_1P5X,2026-05-08,31175.50961190
DAILY_TR_COST_STRESS_1P5X,2026-05-11,31926.00961190
DAILY_TR_COST_STRESS_1P5X,2026-05-12,31820.10961190
DAILY_TR_COST_STRESS_1P5X,2026-05-13,32454.90961190
DAILY_TR_COST_STRESS_1P5X,2026-05-14,31753.80961190
DAILY_TR_COST_STRESS_1P5X,2026-05-15,31531.10961190
DAILY_TR_COST_STRESS_1P5X,2026-05-18,31387.60961190
DAILY_TR_COST_STRESS_1P5X,2026-05-19,31499.10961190
DAILY_TR_COST_STRESS_1P5X,2026-05-20,31608.10961190
DAILY_TR_COST_STRESS_1P5X,2026-05-21,30897.90961190
DAILY_TR_COST_STRESS_1P5X,2026-05-22,31515.90961190
DAILY_TR_COST_STRESS_1P5X,2026-05-25,32046.30961190
DAILY_TR_COST_STRESS_1P5X,2026-05-26,32069.60961190
DAILY_TR_COST_STRESS_1P5X,2026-05-27,31852.50961190
DAILY_TR_COST_STRESS_1P5X,2026-05-28,32211.90961190
DAILY_TR_COST_STRESS_1P5X,2026-05-29,31567.80961190
DAILY_TR_COST_STRESS_1P5X,2026-06-01,31051.56992190
DAILY_TR_COST_STRESS_1P5X,2026-06-02,31616.46992190
DAILY_TR_COST_STRESS_1P5X,2026-06-03,31956.66992190
DAILY_TR_COST_STRESS_1P5X,2026-06-04,31689.96992190
DAILY_TR_COST_STRESS_1P5X,2026-06-05,31027.06992190
DAILY_TR_COST_STRESS_1P5X,2026-06-08,30210.86992190
DAILY_TR_COST_STRESS_1P5X,2026-06-09,30961.96992190
DAILY_TR_COST_STRESS_1P5X,2026-06-10,30487.36992190
DAILY_TR_COST_STRESS_1P5X,2026-06-11,30254.96992190
DAILY_TR_COST_STRESS_1P5X,2026-06-12,30498.56992190
DAILY_TR_COST_STRESS_1P5X,2026-06-15,31477.86992190
DAILY_TR_COST_STRESS_1P5X,2026-06-16,31683.66992190
DAILY_TR_COST_STRESS_1P5X,2026-06-17,32070.06992190
DAILY_TR_COST_STRESS_1P5X,2026-06-18,32443.86992190
DAILY_TR_COST_STRESS_1P5X,2026-06-22,33049.13344690
DAILY_TR_COST_STRESS_1P5X,2026-06-23,32005.93975190
DAILY_TR_COST_STRESS_1P5X,2026-06-24,32438.08868690
DAILY_TR_COST_STRESS_1P5X,2026-06-25,33063.88868690
DAILY_TR_COST_STRESS_1P5X,2026-06-26,32093.48868690
DAILY_TR_COST_STRESS_1P5X,2026-06-29,32345.68868690
DAILY_TR_COST_STRESS_1P5X,2026-06-30,33132.88868690
DAILY_TR_COST_STRESS_1P5X,2026-07-01,32804.48868690
DAILY_TR_COST_STRESS_1P5X,2026-07-02,31465.68868690
DAILY_TR_COST_STRESS_1P5X,2026-07-03,31539.26247690
DAILY_TR_COST_STRESS_1P5X,2026-07-06,31396.56247690
DAILY_TR_COST_STRESS_1P5X,2026-07-07,31003.86247690
DAILY_TR_COST_STRESS_1P5X,2026-07-08,30552.23339690
DAILY_TR_COST_STRESS_1P5X,2026-07-09,31347.72021690
DAILY_TR_COST_STRESS_1P5X,2026-07-10,30530.73315690
DAILY_TR_COST_STRESS_1P5X,2026-07-13,29515.05333690
DAILY_TR_COST_STRESS_1P5X,2026-07-14,29969.05333690
DAILY_TR_COST_STRESS_1P5X,2026-07-15,29791.05333690
DAILY_TR_COST_STRESS_1P5X,2026-07-16,29241.05333690
DAILY_TR_COST_STRESS_1P5X,2026-07-17,28060.25333690
DAILY_TR_COST_STRESS_1P5X,2026-07-20,28104.65333690
DAILY_TR_COST_STRESS_1P5X,2026-07-21,29073.85333690
DAILY_TR_COST_STRESS_1P5X,2026-07-22,28929.05333690
DAILY_TR_COST_STRESS_1P5X,2026-07-23,28985.85333690
DAILY_TR_COST_STRESS_1P5X,2026-07-24,28437.85333690
DAILY_TR_COST_STRESS_1P5X,2026-07-27,28873.05333690
DAILY_TR_COST_STRESS_1P5X,2026-07-28,28099.45333690
DAILY_TR_COST_STRESS_1P5X,2026-07-29,28306.65333690
DAILY_TR_COST_STRESS_1P5X,2026-07-30,27834.65333690
DAILY_TR_COST_STRESS_1P5X,2026-07-31,28231.45333690
DAILY_TR_COST_STRESS_1P5X,2026-08-03,27952.25333690
DAILY_TR_COST_STRESS_1P5X,2026-08-04,28387.45333690
DAILY_TR_COST_STRESS_1P5X,2026-08-05,28906.25333690
DAILY_TR_COST_STRESS_1P5X,2026-08-06,28919.45333690
DAILY_TR_COST_STRESS_1P5X,2026-08-07,29285.05333690
DAILY_TR_COST_STRESS_1P5X,2026-08-10,29387.45333690
DAILY_TR_COST_STRESS_1P5X,2026-08-11,29223.85333690
DAILY_TR_COST_STRESS_1P5X,2026-08-12,29382.25333690
DAILY_TR_COST_STRESS_1P5X,2026-08-13,29212.25333690
DAILY_TR_COST_STRESS_1P5X,2026-08-14,29232.65333690
DAILY_TR_COST_STRESS_1P5X,2026-08-17,29916.98053690
DAILY_TR_COST_STRESS_1P5X,2026-08-18,29778.98053690
DAILY_TR_COST_STRESS_1P5X,2026-08-19,28359.38053690
DAILY_TR_COST_STRESS_1P5X,2026-08-20,28485.89274690
DAILY_TR_COST_STRESS_1P5X,2026-08-21,28659.67218690
DAILY_TR_COST_STRESS_1P5X,2026-08-24,28087.27218690
DAILY_TR_COST_STRESS_1P5X,2026-08-25,27888.46749190
DAILY_TR_COST_STRESS_1P5X,2026-08-26,27992.81500690
DAILY_TR_COST_STRESS_1P5X,2026-08-27,28510.41500690
DAILY_TR_COST_STRESS_1P5X,2026-08-28,28246.81500690
DAILY_TR_COST_STRESS_1P5X,2026-08-31,28364.01500690
DAILY_TR_COST_STRESS_1P5X,2026-09-01,28068.01500690
DAILY_TR_COST_STRESS_1P5X,2026-09-02,27590.91071690
DAILY_TR_COST_STRESS_1P5X,2026-09-03,27641.61071690
DAILY_TR_COST_STRESS_1P5X,2026-09-04,27455.31071690
DAILY_TR_COST_STRESS_1P5X,2026-09-07,27660.71071690
DAILY_TR_COST_STRESS_1P5X,2026-09-08,27660.91071690
DAILY_TR_COST_STRESS_1P5X,2026-09-09,27691.21071690
DAILY_TR_COST_STRESS_1P5X,2026-09-10,27568.41071690
DAILY_TR_COST_STRESS_1P5X,2026-09-11,27256.21071690
DAILY_TR_COST_STRESS_1P5X,2026-09-14,27162.51071690
DAILY_TR_COST_STRESS_1P5X,2026-09-15,27068.21071690
WEEKLY_TR_COST_STRESS_1P5X,2013-04-19,12000
WEEKLY_TR_COST_STRESS_1P5X,2013-04-22,12179.19355000
WEEKLY_TR_COST_STRESS_1P5X,2013-04-23,11887.19355000
WEEKLY_TR_COST_STRESS_1P5X,2013-04-24,12195.69355000
WEEKLY_TR_COST_STRESS_1P5X,2013-04-25,11961.69355000
WEEKLY_TR_COST_STRESS_1P5X,2013-04-26,11825.69355000
WEEKLY_TR_COST_STRESS_1P5X,2013-05-02,11986.19355000
WEEKLY_TR_COST_STRESS_1P5X,2013-05-03,12240.19355000
WEEKLY_TR_COST_STRESS_1P5X,2013-05-06,12423.69355000
WEEKLY_TR_COST_STRESS_1P5X,2013-05-07,12416.69355000
WEEKLY_TR_COST_STRESS_1P5X,2013-05-08,12663.69355000
WEEKLY_TR_COST_STRESS_1P5X,2013-05-09,12711.69355000
WEEKLY_TR_COST_STRESS_1P5X,2013-05-10,12726.69355000
WEEKLY_TR_COST_STRESS_1P5X,2013-05-13,12767.19355000
WEEKLY_TR_COST_STRESS_1P5X,2013-05-14,12586.69355000
WEEKLY_TR_COST_STRESS_1P5X,2013-05-15,12903.19355000
WEEKLY_TR_COST_STRESS_1P5X,2013-05-16,12945.69355000
WEEKLY_TR_COST_STRESS_1P5X,2013-05-17,13082.69355000
WEEKLY_TR_COST_STRESS_1P5X,2013-05-20,13340.19355000
WEEKLY_TR_COST_STRESS_1P5X,2013-05-21,13556.19355000
WEEKLY_TR_COST_STRESS_1P5X,2013-05-22,13308.19355000
WEEKLY_TR_COST_STRESS_1P5X,2013-05-23,13288.19355000
WEEKLY_TR_COST_STRESS_1P5X,2013-05-24,13532.69355000
WEEKLY_TR_COST_STRESS_1P5X,2013-05-27,13677.69355000
WEEKLY_TR_COST_STRESS_1P5X,2013-05-28,13513.69355000
WEEKLY_TR_COST_STRESS_1P5X,2013-05-29,13606.69355000
WEEKLY_TR_COST_STRESS_1P5X,2013-05-30,13647.19355000
WEEKLY_TR_COST_STRESS_1P5X,2013-05-31,13619.19355000
WEEKLY_TR_COST_STRESS_1P5X,2013-06-03,13454.69355000
WEEKLY_TR_COST_STRESS_1P5X,2013-06-04,13177.69355000
WEEKLY_TR_COST_STRESS_1P5X,2013-06-05,13289.69355000
WEEKLY_TR_COST_STRESS_1P5X,2013-06-06,13083.19355000
WEEKLY_TR_COST_STRESS_1P5X,2013-06-07,13062.69355000
WEEKLY_TR_COST_STRESS_1P5X,2013-06-13,12855.19355000
WEEKLY_TR_COST_STRESS_1P5X,2013-06-14,13246.19355000
WEEKLY_TR_COST_STRESS_1P5X,2013-06-17,13234.19355000
WEEKLY_TR_COST_STRESS_1P5X,2013-06-18,13256.69355000
WEEKLY_TR_COST_STRESS_1P5X,2013-06-19,13210.69355000
WEEKLY_TR_COST_STRESS_1P5X,2013-06-20,12788.69355000
WEEKLY_TR_COST_STRESS_1P5X,2013-06-21,12774.19355000
WEEKLY_TR_COST_STRESS_1P5X,2013-06-24,12071.19355000
WEEKLY_TR_COST_STRESS_1P5X,2013-06-25,12187.19355000
WEEKLY_TR_COST_STRESS_1P5X,2013-06-26,12640.19355000
WEEKLY_TR_COST_STRESS_1P5X,2013-06-27,12402.19355000
WEEKLY_TR_COST_STRESS_1P5X,2013-06-28,12311.19355000
WEEKLY_TR_COST_STRESS_1P5X,2013-07-01,12746.69355000
WEEKLY_TR_COST_STRESS_1P5X,2013-07-02,12978.19355000
WEEKLY_TR_COST_STRESS_1P5X,2013-07-03,13080.19355000
WEEKLY_TR_COST_STRESS_1P5X,2013-07-04,13046.19355000
WEEKLY_TR_COST_STRESS_1P5X,2013-07-05,12814.19355000
WEEKLY_TR_COST_STRESS_1P5X,2013-07-08,12471.69355000
WEEKLY_TR_COST_STRESS_1P5X,2013-07-09,12614.19355000
WEEKLY_TR_COST_STRESS_1P5X,2013-07-10,12899.69355000
WEEKLY_TR_COST_STRESS_1P5X,2013-07-11,13131.69355000
WEEKLY_TR_COST_STRESS_1P5X,2013-07-12,13147.69355000
WEEKLY_TR_COST_STRESS_1P5X,2013-07-15,13517.19355000
WEEKLY_TR_COST_STRESS_1P5X,2013-07-16,13577.19355000
WEEKLY_TR_COST_STRESS_1P5X,2013-07-17,13439.69355000
WEEKLY_TR_COST_STRESS_1P5X,2013-07-18,13416.69355000
WEEKLY_TR_COST_STRESS_1P5X,2013-07-19,13187.69355000
WEEKLY_TR_COST_STRESS_1P5X,2013-07-22,13574.69355000
WEEKLY_TR_COST_STRESS_1P5X,2013-07-23,13815.19355000
WEEKLY_TR_COST_STRESS_1P5X,2013-07-24,14004.69355000
WEEKLY_TR_COST_STRESS_1P5X,2013-07-25,13593.19355000
WEEKLY_TR_COST_STRESS_1P5X,2013-07-26,13612.19355000
WEEKLY_TR_COST_STRESS_1P5X,2013-07-29,13334.19355000
WEEKLY_TR_COST_STRESS_1P5X,2013-07-30,13222.69355000
WEEKLY_TR_COST_STRESS_1P5X,2013-07-31,13327.69355000
WEEKLY_TR_COST_STRESS_1P5X,2013-08-01,13806.19355000
WEEKLY_TR_COST_STRESS_1P5X,2013-08-02,13769.19355000
WEEKLY_TR_COST_STRESS_1P5X,2013-08-05,14006.69355000
WEEKLY_TR_COST_STRESS_1P5X,2013-08-06,14079.69355000
WEEKLY_TR_COST_STRESS_1P5X,2013-08-07,13804.19355000
WEEKLY_TR_COST_STRESS_1P5X,2013-08-08,13869.19355000
WEEKLY_TR_COST_STRESS_1P5X,2013-08-09,13836.69355000
WEEKLY_TR_COST_STRESS_1P5X,2013-08-12,13881.69355000
WEEKLY_TR_COST_STRESS_1P5X,2013-08-13,13969.69355000
WEEKLY_TR_COST_STRESS_1P5X,2013-08-14,13996.19355000
WEEKLY_TR_COST_STRESS_1P5X,2013-08-15,13798.69355000
WEEKLY_TR_COST_STRESS_1P5X,2013-08-16,13473.69355000
WEEKLY_TR_COST_STRESS_1P5X,2013-08-19,13595.08262000
WEEKLY_TR_COST_STRESS_1P5X,2013-08-20,13515.98262000
WEEKLY_TR_COST_STRESS_1P5X,2013-08-21,13558.68262000
WEEKLY_TR_COST_STRESS_1P5X,2013-08-22,13569.18262000
WEEKLY_TR_COST_STRESS_1P5X,2013-08-23,13513.38262000
WEEKLY_TR_COST_STRESS_1P5X,2013-08-26,13720.19760500
WEEKLY_TR_COST_STRESS_1P5X,2013-08-27,13813.19760500
WEEKLY_TR_COST_STRESS_1P5X,2013-08-28,13677.19760500
WEEKLY_TR_COST_STRESS_1P5X,2013-08-29,13667.19760500
WEEKLY_TR_COST_STRESS_1P5X,2013-08-30,13421.19760500
WEEKLY_TR_COST_STRESS_1P5X,2013-09-02,13393.05016500
WEEKLY_TR_COST_STRESS_1P5X,2013-09-03,13601.05016500
WEEKLY_TR_COST_STRESS_1P5X,2013-09-04,13592.65016500
WEEKLY_TR_COST_STRESS_1P5X,2013-09-05,13603.05016500
WEEKLY_TR_COST_STRESS_1P5X,2013-09-06,13685.25016500
WEEKLY_TR_COST_STRESS_1P5X,2013-09-09,13698.05481000
WEEKLY_TR_COST_STRESS_1P5X,2013-09-10,13697.45481000
WEEKLY_TR_COST_STRESS_1P5X,2013-09-11,13472.65481000
WEEKLY_TR_COST_STRESS_1P5X,2013-09-12,13461.85481000
WEEKLY_TR_COST_STRESS_1P5X,2013-09-13,13613.65481000
WEEKLY_TR_COST_STRESS_1P5X,2013-09-16,13593.46755500
WEEKLY_TR_COST_STRESS_1P5X,2013-09-17,13424.56755500
WEEKLY_TR_COST_STRESS_1P5X,2013-09-18,13524.56755500
WEEKLY_TR_COST_STRESS_1P5X,2013-09-23,13802.83600000
WEEKLY_TR_COST_STRESS_1P5X,2013-09-24,13826.83600000
WEEKLY_TR_COST_STRESS_1P5X,2013-09-25,13809.23600000
WEEKLY_TR_COST_STRESS_1P5X,2013-09-26,13650.03600000
WEEKLY_TR_COST_STRESS_1P5X,2013-09-27,13746.03600000
WEEKLY_TR_COST_STRESS_1P5X,2013-09-30,14057.23600000
WEEKLY_TR_COST_STRESS_1P5X,2013-10-08,14146.83600000
WEEKLY_TR_COST_STRESS_1P5X,2013-10-09,14363.63600000
WEEKLY_TR_COST_STRESS_1P5X,2013-10-10,14138.83600000
WEEKLY_TR_COST_STRESS_1P5X,2013-10-11,14286.83600000
WEEKLY_TR_COST_STRESS_1P5X,2013-10-14,14410.83600000
WEEKLY_TR_COST_STRESS_1P5X,2013-10-15,14389.23600000
WEEKLY_TR_COST_STRESS_1P5X,2013-10-16,13955.63600000
WEEKLY_TR_COST_STRESS_1P5X,2013-10-17,13848.43600000
WEEKLY_TR_COST_STRESS_1P5X,2013-10-18,14068.43600000
WEEKLY_TR_COST_STRESS_1P5X,2013-10-21,14430.83600000
WEEKLY_TR_COST_STRESS_1P5X,2013-10-22,14090.83600000
WEEKLY_TR_COST_STRESS_1P5X,2013-10-23,13794.83600000
WEEKLY_TR_COST_STRESS_1P5X,2013-10-24,13671.63600000
WEEKLY_TR_COST_STRESS_1P5X,2013-10-25,13432.43600000
WEEKLY_TR_COST_STRESS_1P5X,2013-10-28,13435.63600000
WEEKLY_TR_COST_STRESS_1P5X,2013-10-29,13172.43600000
WEEKLY_TR_COST_STRESS_1P5X,2013-10-30,13354.03600000
WEEKLY_TR_COST_STRESS_1P5X,2013-10-31,13090.03600000
WEEKLY_TR_COST_STRESS_1P5X,2013-11-01,13010.03600000
WEEKLY_TR_COST_STRESS_1P5X,2013-11-04,12959.61801500
WEEKLY_TR_COST_STRESS_1P5X,2013-11-05,13038.01801500
WEEKLY_TR_COST_STRESS_1P5X,2013-11-06,12928.81801500
WEEKLY_TR_COST_STRESS_1P5X,2013-11-07,12816.21801500
WEEKLY_TR_COST_STRESS_1P5X,2013-11-08,12649.41801500
WEEKLY_TR_COST_STRESS_1P5X,2013-11-11,12678.71801500
WEEKLY_TR_COST_STRESS_1P5X,2013-11-12,12778.71801500
WEEKLY_TR_COST_STRESS_1P5X,2013-11-13,12580.01801500
WEEKLY_TR_COST_STRESS_1P5X,2013-11-14,12663.31801500
WEEKLY_TR_COST_STRESS_1P5X,2013-11-15,12899.21801500
WEEKLY_TR_COST_STRESS_1P5X,2013-11-18,13215.31801500
WEEKLY_TR_COST_STRESS_1P5X,2013-11-19,13218.01801500
WEEKLY_TR_COST_STRESS_1P5X,2013-11-20,13304.91801500
WEEKLY_TR_COST_STRESS_1P5X,2013-11-21,13254.91801500
WEEKLY_TR_COST_STRESS_1P5X,2013-11-22,13189.11801500
WEEKLY_TR_COST_STRESS_1P5X,2013-11-25,13187.62936500
WEEKLY_TR_COST_STRESS_1P5X,2013-11-26,13152.32936500
WEEKLY_TR_COST_STRESS_1P5X,2013-11-27,13421.62936500
WEEKLY_TR_COST_STRESS_1P5X,2013-11-28,13498.12936500
WEEKLY_TR_COST_STRESS_1P5X,2013-11-29,13643.92936500
WEEKLY_TR_COST_STRESS_1P5X,2013-12-02,12834.26789500
WEEKLY_TR_COST_STRESS_1P5X,2013-12-03,13054.26789500
WEEKLY_TR_COST_STRESS_1P5X,2013-12-04,13132.66789500
WEEKLY_TR_COST_STRESS_1P5X,2013-12-05,12940.66789500
WEEKLY_TR_COST_STRESS_1P5X,2013-12-06,12958.26789500
WEEKLY_TR_COST_STRESS_1P5X,2013-12-09,12945.94907500
WEEKLY_TR_COST_STRESS_1P5X,2013-12-10,12943.64907500
WEEKLY_TR_COST_STRESS_1P5X,2013-12-11,12795.64907500
WEEKLY_TR_COST_STRESS_1P5X,2013-12-12,12794.74907500
WEEKLY_TR_COST_STRESS_1P5X,2013-12-13,12803.04907500
WEEKLY_TR_COST_STRESS_1P5X,2013-12-16,12610.34907500
WEEKLY_TR_COST_STRESS_1P5X,2013-12-17,12538.74907500
WEEKLY_TR_COST_STRESS_1P5X,2013-12-18,12532.74907500
WEEKLY_TR_COST_STRESS_1P5X,2013-12-19,12437.44907500
WEEKLY_TR_COST_STRESS_1P5X,2013-12-20,12245.94907500
WEEKLY_TR_COST_STRESS_1P5X,2013-12-23,12171.50892000
WEEKLY_TR_COST_STRESS_1P5X,2013-12-24,12295.70892000
WEEKLY_TR_COST_STRESS_1P5X,2013-12-25,12479.00892000
WEEKLY_TR_COST_STRESS_1P5X,2013-12-26,12294.70892000
WEEKLY_TR_COST_STRESS_1P5X,2013-12-27,12516.80892000
WEEKLY_TR_COST_STRESS_1P5X,2013-12-30,12563.50892000
WEEKLY_TR_COST_STRESS_1P5X,2013-12-31,12563.60892000
WEEKLY_TR_COST_STRESS_1P5X,2014-01-02,12736.20892000
WEEKLY_TR_COST_STRESS_1P5X,2014-01-03,12782.70892000
WEEKLY_TR_COST_STRESS_1P5X,2014-01-06,12509.30892000
WEEKLY_TR_COST_STRESS_1P5X,2014-01-07,12640.50892000
WEEKLY_TR_COST_STRESS_1P5X,2014-01-08,12870.20892000
WEEKLY_TR_COST_STRESS_1P5X,2014-01-09,12698.40892000
WEEKLY_TR_COST_STRESS_1P5X,2014-01-10,12486.80892000
WEEKLY_TR_COST_STRESS_1P5X,2014-01-13,12513.10892000
WEEKLY_TR_COST_STRESS_1P5X,2014-01-14,12788.90892000
WEEKLY_TR_COST_STRESS_1P5X,2014-01-15,12877.90892000
WEEKLY_TR_COST_STRESS_1P5X,2014-01-16,12826.10892000
WEEKLY_TR_COST_STRESS_1P5X,2014-01-17,12734.30892000
WEEKLY_TR_COST_STRESS_1P5X,2014-01-20,12587.20892000
WEEKLY_TR_COST_STRESS_1P5X,2014-01-21,12822.40892000
WEEKLY_TR_COST_STRESS_1P5X,2014-01-22,13065.90892000
WEEKLY_TR_COST_STRESS_1P5X,2014-01-23,13244.70892000
WEEKLY_TR_COST_STRESS_1P5X,2014-01-24,13436.00892000
WEEKLY_TR_COST_STRESS_1P5X,2014-01-27,13395.50892000
WEEKLY_TR_COST_STRESS_1P5X,2014-01-28,13367.30892000
WEEKLY_TR_COST_STRESS_1P5X,2014-01-29,13519.70892000
WEEKLY_TR_COST_STRESS_1P5X,2014-01-30,13474.70892000
WEEKLY_TR_COST_STRESS_1P5X,2014-02-07,13740.00892000
WEEKLY_TR_COST_STRESS_1P5X,2014-02-10,13988.80892000
WEEKLY_TR_COST_STRESS_1P5X,2014-02-11,13899.10892000
WEEKLY_TR_COST_STRESS_1P5X,2014-02-12,14024.30892000
WEEKLY_TR_COST_STRESS_1P5X,2014-02-13,13687.80892000
WEEKLY_TR_COST_STRESS_1P5X,2014-02-14,13916.10892000
WEEKLY_TR_COST_STRESS_1P5X,2014-02-17,14217.50892000
WEEKLY_TR_COST_STRESS_1P5X,2014-02-18,14140.00892000
WEEKLY_TR_COST_STRESS_1P5X,2014-02-19,14140.90892000
WEEKLY_TR_COST_STRESS_1P5X,2014-02-20,13949.60892000
WEEKLY_TR_COST_STRESS_1P5X,2014-02-21,13912.50892000
WEEKLY_TR_COST_STRESS_1P5X,2014-02-24,13982.80892000
WEEKLY_TR_COST_STRESS_1P5X,2014-02-25,13449.60892000
WEEKLY_TR_COST_STRESS_1P5X,2014-02-26,13477.00892000
WEEKLY_TR_COST_STRESS_1P5X,2014-02-27,13195.10892000
WEEKLY_TR_COST_STRESS_1P5X,2014-02-28,13324.70892000
WEEKLY_TR_COST_STRESS_1P5X,2014-03-03,13455.90280000
WEEKLY_TR_COST_STRESS_1P5X,2014-03-04,13437.10280000
WEEKLY_TR_COST_STRESS_1P5X,2014-03-05,13354.00280000
WEEKLY_TR_COST_STRESS_1P5X,2014-03-06,13378.40280000
WEEKLY_TR_COST_STRESS_1P5X,2014-03-07,13338.30280000
WEEKLY_TR_COST_STRESS_1P5X,2014-03-10,12934.80280000
WEEKLY_TR_COST_STRESS_1P5X,2014-03-11,12964.40280000
WEEKLY_TR_COST_STRESS_1P5X,2014-03-12,12969.80280000
WEEKLY_TR_COST_STRESS_1P5X,2014-03-13,13122.50280000
WEEKLY_TR_COST_STRESS_1P5X,2014-03-14,13036.80280000
WEEKLY_TR_COST_STRESS_1P5X,2014-03-17,13341.42393000
WEEKLY_TR_COST_STRESS_1P5X,2014-03-18,13397.82393000
WEEKLY_TR_COST_STRESS_1P5X,2014-03-19,13306.92393000
WEEKLY_TR_COST_STRESS_1P5X,2014-03-20,12974.02393000
WEEKLY_TR_COST_STRESS_1P5X,2014-03-21,13080.02393000
WEEKLY_TR_COST_STRESS_1P5X,2014-03-24,13119.26751500
WEEKLY_TR_COST_STRESS_1P5X,2014-03-25,13111.16751500
WEEKLY_TR_COST_STRESS_1P5X,2014-03-26,13132.36751500
WEEKLY_TR_COST_STRESS_1P5X,2014-03-27,13012.36751500
WEEKLY_TR_COST_STRESS_1P5X,2014-03-28,12882.46751500
WEEKLY_TR_COST_STRESS_1P5X,2014-03-31,12826.36751500
WEEKLY_TR_COST_STRESS_1P5X,2014-04-01,12948.86751500
WEEKLY_TR_COST_STRESS_1P5X,2014-04-02,13000.06751500
WEEKLY_TR_COST_STRESS_1P5X,2014-04-03,12948.96751500
WEEKLY_TR_COST_STRESS_1P5X,2014-04-04,13077.46751500
WEEKLY_TR_COST_STRESS_1P5X,2014-04-08,13286.76751500
WEEKLY_TR_COST_STRESS_1P5X,2014-04-09,13328.96751500
WEEKLY_TR_COST_STRESS_1P5X,2014-04-10,13452.66751500
WEEKLY_TR_COST_STRESS_1P5X,2014-04-11,13423.46751500
WEEKLY_TR_COST_STRESS_1P5X,2014-04-14,13468.46751500
WEEKLY_TR_COST_STRESS_1P5X,2014-04-15,13318.06751500
WEEKLY_TR_COST_STRESS_1P5X,2014-04-16,13312.76751500
WEEKLY_TR_COST_STRESS_1P5X,2014-04-17,13296.66751500
WEEKLY_TR_COST_STRESS_1P5X,2014-04-18,13312.36751500
WEEKLY_TR_COST_STRESS_1P5X,2014-04-21,13103.66751500
WEEKLY_TR_COST_STRESS_1P5X,2014-04-22,13112.36751500
WEEKLY_TR_COST_STRESS_1P5X,2014-04-23,13069.66751500
WEEKLY_TR_COST_STRESS_1P5X,2014-04-24,13022.16751500
WEEKLY_TR_COST_STRESS_1P5X,2014-04-25,12822.06751500
WEEKLY_TR_COST_STRESS_1P5X,2014-04-28,12571.46751500
WEEKLY_TR_COST_STRESS_1P5X,2014-04-29,12696.96751500
WEEKLY_TR_COST_STRESS_1P5X,2014-04-30,12736.66751500
WEEKLY_TR_COST_STRESS_1P5X,2014-05-05,12787.06751500
WEEKLY_TR_COST_STRESS_1P5X,2014-05-06,12800.16751500
WEEKLY_TR_COST_STRESS_1P5X,2014-05-07,12672.26751500
WEEKLY_TR_COST_STRESS_1P5X,2014-05-08,12666.76751500
WEEKLY_TR_COST_STRESS_1P5X,2014-05-09,12611.06751500
WEEKLY_TR_COST_STRESS_1P5X,2014-05-12,12870.26751500
WEEKLY_TR_COST_STRESS_1P5X,2014-05-13,12843.46751500
WEEKLY_TR_COST_STRESS_1P5X,2014-05-14,12827.56751500
WEEKLY_TR_COST_STRESS_1P5X,2014-05-15,12672.66751500
WEEKLY_TR_COST_STRESS_1P5X,2014-05-16,12659.36751500
WEEKLY_TR_COST_STRESS_1P5X,2014-05-19,12538.66751500
WEEKLY_TR_COST_STRESS_1P5X,2014-05-20,12559.76751500
WEEKLY_TR_COST_STRESS_1P5X,2014-05-21,12661.46751500
WEEKLY_TR_COST_STRESS_1P5X,2014-05-22,12645.26751500
WEEKLY_TR_COST_STRESS_1P5X,2014-05-23,12778.96751500
WEEKLY_TR_COST_STRESS_1P5X,2014-05-26,12877.84084500
WEEKLY_TR_COST_STRESS_1P5X,2014-05-27,12804.94084500
WEEKLY_TR_COST_STRESS_1P5X,2014-05-28,13030.84084500
WEEKLY_TR_COST_STRESS_1P5X,2014-05-29,12874.24084500
WEEKLY_TR_COST_STRESS_1P5X,2014-05-30,12886.84084500
WEEKLY_TR_COST_STRESS_1P5X,2014-06-03,12824.95860000
WEEKLY_TR_COST_STRESS_1P5X,2014-06-04,12818.55860000
WEEKLY_TR_COST_STRESS_1P5X,2014-06-05,13017.15860000
WEEKLY_TR_COST_STRESS_1P5X,2014-06-06,12983.25860000
WEEKLY_TR_COST_STRESS_1P5X,2014-06-09,12819.35860000
WEEKLY_TR_COST_STRESS_1P5X,2014-06-10,13028.55860000
WEEKLY_TR_COST_STRESS_1P5X,2014-06-11,13113.55860000
WEEKLY_TR_COST_STRESS_1P5X,2014-06-12,13089.45860000
WEEKLY_TR_COST_STRESS_1P5X,2014-06-13,13225.05860000
WEEKLY_TR_COST_STRESS_1P5X,2014-06-16,13310.05860000
WEEKLY_TR_COST_STRESS_1P5X,2014-06-17,13203.85860000
WEEKLY_TR_COST_STRESS_1P5X,2014-06-18,13118.85860000
WEEKLY_TR_COST_STRESS_1P5X,2014-06-19,12752.85860000
WEEKLY_TR_COST_STRESS_1P5X,2014-06-20,12868.85860000
WEEKLY_TR_COST_STRESS_1P5X,2014-06-23,13032.75860000
WEEKLY_TR_COST_STRESS_1P5X,2014-06-24,13114.85860000
WEEKLY_TR_COST_STRESS_1P5X,2014-06-25,13020.05860000
WEEKLY_TR_COST_STRESS_1P5X,2014-06-26,13215.75860000
WEEKLY_TR_COST_STRESS_1P5X,2014-06-27,13256.55860000
WEEKLY_TR_COST_STRESS_1P5X,2014-06-30,13382.35860000
WEEKLY_TR_COST_STRESS_1P5X,2014-07-01,13465.25860000
WEEKLY_TR_COST_STRESS_1P5X,2014-07-02,13543.65860000
WEEKLY_TR_COST_STRESS_1P5X,2014-07-03,13601.95860000
WEEKLY_TR_COST_STRESS_1P5X,2014-07-04,13550.05860000
WEEKLY_TR_COST_STRESS_1P5X,2014-07-07,13484.15860000
WEEKLY_TR_COST_STRESS_1P5X,2014-07-08,13603.05860000
WEEKLY_TR_COST_STRESS_1P5X,2014-07-09,13386.95860000
WEEKLY_TR_COST_STRESS_1P5X,2014-07-10,13287.15860000
WEEKLY_TR_COST_STRESS_1P5X,2014-07-11,13353.15860000
WEEKLY_TR_COST_STRESS_1P5X,2014-07-14,13485.11867500
WEEKLY_TR_COST_STRESS_1P5X,2014-07-15,13487.61867500
WEEKLY_TR_COST_STRESS_1P5X,2014-07-16,13437.21867500
WEEKLY_TR_COST_STRESS_1P5X,2014-07-17,13370.51867500
WEEKLY_TR_COST_STRESS_1P5X,2014-07-18,13410.81867500
WEEKLY_TR_COST_STRESS_1P5X,2014-07-21,13392.21867500
WEEKLY_TR_COST_STRESS_1P5X,2014-07-22,13547.21867500
WEEKLY_TR_COST_STRESS_1P5X,2014-07-23,13515.61867500
WEEKLY_TR_COST_STRESS_1P5X,2014-07-24,13639.91867500
WEEKLY_TR_COST_STRESS_1P5X,2014-07-25,13763.11867500
WEEKLY_TR_COST_STRESS_1P5X,2014-07-28,14036.51867500
WEEKLY_TR_COST_STRESS_1P5X,2014-07-29,14111.01867500
WEEKLY_TR_COST_STRESS_1P5X,2014-07-30,14100.01867500
WEEKLY_TR_COST_STRESS_1P5X,2014-07-31,14260.61867500
WEEKLY_TR_COST_STRESS_1P5X,2014-08-01,14124.01867500
WEEKLY_TR_COST_STRESS_1P5X,2014-08-04,14346.51867500
WEEKLY_TR_COST_STRESS_1P5X,2014-08-05,14354.11867500
WEEKLY_TR_COST_STRESS_1P5X,2014-08-06,14361.31867500
WEEKLY_TR_COST_STRESS_1P5X,2014-08-07,14232.81867500
WEEKLY_TR_COST_STRESS_1P5X,2014-08-08,14267.31867500
WEEKLY_TR_COST_STRESS_1P5X,2014-08-11,14457.11867500
WEEKLY_TR_COST_STRESS_1P5X,2014-08-12,14467.21867500
WEEKLY_TR_COST_STRESS_1P5X,2014-08-13,14486.11867500
WEEKLY_TR_COST_STRESS_1P5X,2014-08-14,14365.41867500
WEEKLY_TR_COST_STRESS_1P5X,2014-08-15,14525.91867500
WEEKLY_TR_COST_STRESS_1P5X,2014-08-18,14642.91867500
WEEKLY_TR_COST_STRESS_1P5X,2014-08-19,14664.21867500
WEEKLY_TR_COST_STRESS_1P5X,2014-08-20,14639.91867500
WEEKLY_TR_COST_STRESS_1P5X,2014-08-21,14605.01867500
WEEKLY_TR_COST_STRESS_1P5X,2014-08-22,14679.81867500
WEEKLY_TR_COST_STRESS_1P5X,2014-08-25,14525.18011500
WEEKLY_TR_COST_STRESS_1P5X,2014-08-26,14278.58011500
WEEKLY_TR_COST_STRESS_1P5X,2014-08-27,14334.38011500
WEEKLY_TR_COST_STRESS_1P5X,2014-08-28,14194.38011500
WEEKLY_TR_COST_STRESS_1P5X,2014-08-29,14382.78011500
WEEKLY_TR_COST_STRESS_1P5X,2014-09-01,14597.78011500
WEEKLY_TR_COST_STRESS_1P5X,2014-09-02,14761.58011500
WEEKLY_TR_COST_STRESS_1P5X,2014-09-03,14854.98011500
WEEKLY_TR_COST_STRESS_1P5X,2014-09-04,14984.58011500
WEEKLY_TR_COST_STRESS_1P5X,2014-09-05,15029.58011500
WEEKLY_TR_COST_STRESS_1P5X,2014-09-09,15072.38011500
WEEKLY_TR_COST_STRESS_1P5X,2014-09-10,15124.18011500
WEEKLY_TR_COST_STRESS_1P5X,2014-09-11,15132.18011500
WEEKLY_TR_COST_STRESS_1P5X,2014-09-12,15270.58011500
WEEKLY_TR_COST_STRESS_1P5X,2014-09-15,15332.98011500
WEEKLY_TR_COST_STRESS_1P5X,2014-09-16,14897.18011500
WEEKLY_TR_COST_STRESS_1P5X,2014-09-17,14963.58011500
WEEKLY_TR_COST_STRESS_1P5X,2014-09-18,15083.98011500
WEEKLY_TR_COST_STRESS_1P5X,2014-09-19,15164.78011500
WEEKLY_TR_COST_STRESS_1P5X,2014-09-22,14983.18011500
WEEKLY_TR_COST_STRESS_1P5X,2014-09-23,15164.18011500
WEEKLY_TR_COST_STRESS_1P5X,2014-09-24,15340.58011500
WEEKLY_TR_COST_STRESS_1P5X,2014-09-25,15284.18011500
WEEKLY_TR_COST_STRESS_1P5X,2014-09-26,15323.98011500
WEEKLY_TR_COST_STRESS_1P5X,2014-09-29,15480.18011500
WEEKLY_TR_COST_STRESS_1P5X,2014-09-30,15577.58011500
WEEKLY_TR_COST_STRESS_1P5X,2014-10-08,15771.38011500
WEEKLY_TR_COST_STRESS_1P5X,2014-10-09,15794.98011500
WEEKLY_TR_COST_STRESS_1P5X,2014-10-10,15726.38011500
WEEKLY_TR_COST_STRESS_1P5X,2014-10-13,15699.38011500
WEEKLY_TR_COST_STRESS_1P5X,2014-10-14,15612.98011500
WEEKLY_TR_COST_STRESS_1P5X,2014-10-15,15685.58011500
WEEKLY_TR_COST_STRESS_1P5X,2014-10-16,15484.38011500
WEEKLY_TR_COST_STRESS_1P5X,2014-10-17,15356.38011500
WEEKLY_TR_COST_STRESS_1P5X,2014-10-20,15416.90499000
WEEKLY_TR_COST_STRESS_1P5X,2014-10-21,15308.70499000
WEEKLY_TR_COST_STRESS_1P5X,2014-10-22,15185.90499000
WEEKLY_TR_COST_STRESS_1P5X,2014-10-23,15030.70499000
WEEKLY_TR_COST_STRESS_1P5X,2014-10-24,15045.30499000
WEEKLY_TR_COST_STRESS_1P5X,2014-10-27,15117.81967500
WEEKLY_TR_COST_STRESS_1P5X,2014-10-28,15418.81967500
WEEKLY_TR_COST_STRESS_1P5X,2014-10-29,15552.01967500
WEEKLY_TR_COST_STRESS_1P5X,2014-10-30,15499.41967500
WEEKLY_TR_COST_STRESS_1P5X,2014-10-31,15466.81967500
WEEKLY_TR_COST_STRESS_1P5X,2014-11-03,15493.79572500
WEEKLY_TR_COST_STRESS_1P5X,2014-11-04,15448.39572500
WEEKLY_TR_COST_STRESS_1P5X,2014-11-05,15430.29572500
WEEKLY_TR_COST_STRESS_1P5X,2014-11-06,15482.99572500
WEEKLY_TR_COST_STRESS_1P5X,2014-11-07,15394.49572500
WEEKLY_TR_COST_STRESS_1P5X,2014-11-10,15661.19572500
WEEKLY_TR_COST_STRESS_1P5X,2014-11-11,15400.29572500
WEEKLY_TR_COST_STRESS_1P5X,2014-11-12,15617.89572500
WEEKLY_TR_COST_STRESS_1P5X,2014-11-13,15522.39572500
WEEKLY_TR_COST_STRESS_1P5X,2014-11-14,15510.49572500
WEEKLY_TR_COST_STRESS_1P5X,2014-11-17,15555.79572500
WEEKLY_TR_COST_STRESS_1P5X,2014-11-18,15475.19572500
WEEKLY_TR_COST_STRESS_1P5X,2014-11-19,15488.59572500
WEEKLY_TR_COST_STRESS_1P5X,2014-11-20,15489.39572500
WEEKLY_TR_COST_STRESS_1P5X,2014-11-21,15701.69572500
WEEKLY_TR_COST_STRESS_1P5X,2014-11-24,16019.19572500
WEEKLY_TR_COST_STRESS_1P5X,2014-11-25,16199.79572500
WEEKLY_TR_COST_STRESS_1P5X,2014-11-26,16305.79572500
WEEKLY_TR_COST_STRESS_1P5X,2014-11-27,16433.29572500
WEEKLY_TR_COST_STRESS_1P5X,2014-11-28,16586.49572500
WEEKLY_TR_COST_STRESS_1P5X,2014-12-01,16559.59572500
WEEKLY_TR_COST_STRESS_1P5X,2014-12-02,16959.69572500
WEEKLY_TR_COST_STRESS_1P5X,2014-12-03,17141.09572500
WEEKLY_TR_COST_STRESS_1P5X,2014-12-04,17782.49572500
WEEKLY_TR_COST_STRESS_1P5X,2014-12-05,17576.19572500
WEEKLY_TR_COST_STRESS_1P5X,2014-12-08,18086.59572500
WEEKLY_TR_COST_STRESS_1P5X,2014-12-09,17282.49572500
WEEKLY_TR_COST_STRESS_1P5X,2014-12-10,17872.59572500
WEEKLY_TR_COST_STRESS_1P5X,2014-12-11,17873.09572500
WEEKLY_TR_COST_STRESS_1P5X,2014-12-12,17945.09572500
WEEKLY_TR_COST_STRESS_1P5X,2014-12-15,18169.99572500
WEEKLY_TR_COST_STRESS_1P5X,2014-12-16,18390.19572500
WEEKLY_TR_COST_STRESS_1P5X,2014-12-17,18484.09572500
WEEKLY_TR_COST_STRESS_1P5X,2014-12-18,18493.29572500
WEEKLY_TR_COST_STRESS_1P5X,2014-12-19,18558.29572500
WEEKLY_TR_COST_STRESS_1P5X,2014-12-22,18198.49572500
WEEKLY_TR_COST_STRESS_1P5X,2014-12-23,17847.19572500
WEEKLY_TR_COST_STRESS_1P5X,2014-12-24,17691.09572500
WEEKLY_TR_COST_STRESS_1P5X,2014-12-25,18154.69572500
WEEKLY_TR_COST_STRESS_1P5X,2014-12-26,18583.39572500
WEEKLY_TR_COST_STRESS_1P5X,2014-12-29,18422.49572500
WEEKLY_TR_COST_STRESS_1P5X,2014-12-30,18292.49572500
WEEKLY_TR_COST_STRESS_1P5X,2014-12-31,18641.29572500
WEEKLY_TR_COST_STRESS_1P5X,2015-01-05,19069.09572500
WEEKLY_TR_COST_STRESS_1P5X,2015-01-06,19116.59572500
WEEKLY_TR_COST_STRESS_1P5X,2015-01-07,19118.89572500
WEEKLY_TR_COST_STRESS_1P5X,2015-01-08,18832.89572500
WEEKLY_TR_COST_STRESS_1P5X,2015-01-09,18722.69572500
WEEKLY_TR_COST_STRESS_1P5X,2015-01-12,18582.99572500
WEEKLY_TR_COST_STRESS_1P5X,2015-01-13,18669.09572500
WEEKLY_TR_COST_STRESS_1P5X,2015-01-14,18617.49572500
WEEKLY_TR_COST_STRESS_1P5X,2015-01-15,19012.49572500
WEEKLY_TR_COST_STRESS_1P5X,2015-01-16,19168.89572500
WEEKLY_TR_COST_STRESS_1P5X,2015-01-19,17966.47883500
WEEKLY_TR_COST_STRESS_1P5X,2015-01-20,18690.17883500
WEEKLY_TR_COST_STRESS_1P5X,2015-01-21,19137.07883500
WEEKLY_TR_COST_STRESS_1P5X,2015-01-22,19233.07883500
WEEKLY_TR_COST_STRESS_1P5X,2015-01-23,19032.57883500
WEEKLY_TR_COST_STRESS_1P5X,2015-01-26,19376.77883500
WEEKLY_TR_COST_STRESS_1P5X,2015-01-27,19297.57883500
WEEKLY_TR_COST_STRESS_1P5X,2015-01-28,19047.07883500
WEEKLY_TR_COST_STRESS_1P5X,2015-01-29,18868.17883500
WEEKLY_TR_COST_STRESS_1P5X,2015-01-30,18604.07883500
WEEKLY_TR_COST_STRESS_1P5X,2015-02-02,18501.79765000
WEEKLY_TR_COST_STRESS_1P5X,2015-02-03,18936.29765000
WEEKLY_TR_COST_STRESS_1P5X,2015-02-04,18919.89765000
WEEKLY_TR_COST_STRESS_1P5X,2015-02-05,18918.79765000
WEEKLY_TR_COST_STRESS_1P5X,2015-02-06,18504.89765000
WEEKLY_TR_COST_STRESS_1P5X,2015-02-09,18373.99765000
WEEKLY_TR_COST_STRESS_1P5X,2015-02-10,18682.69765000
WEEKLY_TR_COST_STRESS_1P5X,2015-02-11,18876.79765000
WEEKLY_TR_COST_STRESS_1P5X,2015-02-12,19023.69765000
WEEKLY_TR_COST_STRESS_1P5X,2015-02-13,19369.39765000
WEEKLY_TR_COST_STRESS_1P5X,2015-02-16,19897.79765000
WEEKLY_TR_COST_STRESS_1P5X,2015-02-17,19888.19765000
WEEKLY_TR_COST_STRESS_1P5X,2015-02-25,19778.59765000
WEEKLY_TR_COST_STRESS_1P5X,2015-02-26,19941.79765000
WEEKLY_TR_COST_STRESS_1P5X,2015-02-27,20286.69765000
WEEKLY_TR_COST_STRESS_1P5X,2015-03-02,20742.69765000
WEEKLY_TR_COST_STRESS_1P5X,2015-03-03,20517.89765000
WEEKLY_TR_COST_STRESS_1P5X,2015-03-04,20989.19765000
WEEKLY_TR_COST_STRESS_1P5X,2015-03-05,20957.59765000
WEEKLY_TR_COST_STRESS_1P5X,2015-03-06,20523.49765000
WEEKLY_TR_COST_STRESS_1P5X,2015-03-09,20921.59765000
WEEKLY_TR_COST_STRESS_1P5X,2015-03-10,21208.59765000
WEEKLY_TR_COST_STRESS_1P5X,2015-03-11,21140.89765000
WEEKLY_TR_COST_STRESS_1P5X,2015-03-12,21026.29765000
WEEKLY_TR_COST_STRESS_1P5X,2015-03-13,21413.29765000
WEEKLY_TR_COST_STRESS_1P5X,2015-03-16,22074.19765000
WEEKLY_TR_COST_STRESS_1P5X,2015-03-17,22165.09765000
WEEKLY_TR_COST_STRESS_1P5X,2015-03-18,22557.99765000
WEEKLY_TR_COST_STRESS_1P5X,2015-03-19,22637.89765000
WEEKLY_TR_COST_STRESS_1P5X,2015-03-20,22889.19765000
WEEKLY_TR_COST_STRESS_1P5X,2015-03-23,23697.39765000
WEEKLY_TR_COST_STRESS_1P5X,2015-03-24,23950.39765000
WEEKLY_TR_COST_STRESS_1P5X,2015-03-25,24123.79765000
WEEKLY_TR_COST_STRESS_1P5X,2015-03-26,23529.39765000
WEEKLY_TR_COST_STRESS_1P5X,2015-03-27,23896.59765000
WEEKLY_TR_COST_STRESS_1P5X,2015-03-30,23900.09765000
WEEKLY_TR_COST_STRESS_1P5X,2015-03-31,24138.49765000
WEEKLY_TR_COST_STRESS_1P5X,2015-04-01,24674.19765000
WEEKLY_TR_COST_STRESS_1P5X,2015-04-02,25249.89765000
WEEKLY_TR_COST_STRESS_1P5X,2015-04-03,25533.89765000
WEEKLY_TR_COST_STRESS_1P5X,2015-04-07,26069.79765000
WEEKLY_TR_COST_STRESS_1P5X,2015-04-08,25582.99765000
WEEKLY_TR_COST_STRESS_1P5X,2015-04-09,25987.49765000
WEEKLY_TR_COST_STRESS_1P5X,2015-04-10,26124.19765000
WEEKLY_TR_COST_STRESS_1P5X,2015-04-13,26264.59765000
WEEKLY_TR_COST_STRESS_1P5X,2015-04-14,26201.62382483795495390115817
WEEKLY_TR_COST_STRESS_1P5X,2015-04-15,25357.22765000
WEEKLY_TR_COST_STRESS_1P5X,2015-04-16,25693.69265000
WEEKLY_TR_COST_STRESS_1P5X,2015-04-17,25737.48265000
WEEKLY_TR_COST_STRESS_1P5X,2015-04-20,25216.00820000
WEEKLY_TR_COST_STRESS_1P5X,2015-04-21,25867.82320000
WEEKLY_TR_COST_STRESS_1P5X,2015-04-22,26551.57320000
WEEKLY_TR_COST_STRESS_1P5X,2015-04-23,26617.77820000
WEEKLY_TR_COST_STRESS_1P5X,2015-04-24,26618.34320000
WEEKLY_TR_COST_STRESS_1P5X,2015-04-27,26743.95325250
WEEKLY_TR_COST_STRESS_1P5X,2015-04-28,26294.15325250
WEEKLY_TR_COST_STRESS_1P5X,2015-04-29,26975.15325250
WEEKLY_TR_COST_STRESS_1P5X,2015-04-30,27060.15325250
WEEKLY_TR_COST_STRESS_1P5X,2015-05-04,27083.26624750
WEEKLY_TR_COST_STRESS_1P5X,2015-05-05,26325.86624750
WEEKLY_TR_COST_STRESS_1P5X,2015-05-06,26427.66624750
WEEKLY_TR_COST_STRESS_1P5X,2015-05-07,25960.86624750
WEEKLY_TR_COST_STRESS_1P5X,2015-05-08,27367.46624750
WEEKLY_TR_COST_STRESS_1P5X,2015-05-11,28567.35277750
WEEKLY_TR_COST_STRESS_1P5X,2015-05-12,29044.95277750
WEEKLY_TR_COST_STRESS_1P5X,2015-05-13,28535.55277750
WEEKLY_TR_COST_STRESS_1P5X,2015-05-14,28388.25277750
WEEKLY_TR_COST_STRESS_1P5X,2015-05-15,28189.65277750
WEEKLY_TR_COST_STRESS_1P5X,2015-05-18,28979.85888250
WEEKLY_TR_COST_STRESS_1P5X,2015-05-19,29416.65888250
WEEKLY_TR_COST_STRESS_1P5X,2015-05-20,29966.85888250
WEEKLY_TR_COST_STRESS_1P5X,2015-05-21,31175.05888250
WEEKLY_TR_COST_STRESS_1P5X,2015-05-22,31243.65888250
WEEKLY_TR_COST_STRESS_1P5X,2015-05-25,31264.65888250
WEEKLY_TR_COST_STRESS_1P5X,2015-05-26,32398.65888250
WEEKLY_TR_COST_STRESS_1P5X,2015-05-27,32561.05888250
WEEKLY_TR_COST_STRESS_1P5X,2015-05-28,30874.05888250
WEEKLY_TR_COST_STRESS_1P5X,2015-05-29,31553.05888250
WEEKLY_TR_COST_STRESS_1P5X,2015-06-01,33224.65888250
WEEKLY_TR_COST_STRESS_1P5X,2015-06-02,34465.05888250
WEEKLY_TR_COST_STRESS_1P5X,2015-06-03,34452.45888250
WEEKLY_TR_COST_STRESS_1P5X,2015-06-04,34318.05888250
WEEKLY_TR_COST_STRESS_1P5X,2015-06-05,34477.65888250
WEEKLY_TR_COST_STRESS_1P5X,2015-06-08,33447.25888250
WEEKLY_TR_COST_STRESS_1P5X,2015-06-09,33506.05888250
WEEKLY_TR_COST_STRESS_1P5X,2015-06-10,34327.85888250
WEEKLY_TR_COST_STRESS_1P5X,2015-06-11,34647.05888250
WEEKLY_TR_COST_STRESS_1P5X,2015-06-12,35086.65888250
WEEKLY_TR_COST_STRESS_1P5X,2015-06-15,33907.85888250
WEEKLY_TR_COST_STRESS_1P5X,2015-06-16,32817.25888250
WEEKLY_TR_COST_STRESS_1P5X,2015-06-17,33760.85888250
WEEKLY_TR_COST_STRESS_1P5X,2015-06-18,32275.45888250
WEEKLY_TR_COST_STRESS_1P5X,2015-06-19,30577.25888250
WEEKLY_TR_COST_STRESS_1P5X,2015-06-23,30982.48150250
WEEKLY_TR_COST_STRESS_1P5X,2015-06-24,31509.58150250
WEEKLY_TR_COST_STRESS_1P5X,2015-06-25,30552.68150250
WEEKLY_TR_COST_STRESS_1P5X,2015-06-26,28140.48150250
WEEKLY_TR_COST_STRESS_1P5X,2015-06-29,26929.88150250
WEEKLY_TR_COST_STRESS_1P5X,2015-06-30,28703.08150250
WEEKLY_TR_COST_STRESS_1P5X,2015-07-01,26844.58150250
WEEKLY_TR_COST_STRESS_1P5X,2015-07-02,26079.68150250
WEEKLY_TR_COST_STRESS_1P5X,2015-07-03,24704.18150250
WEEKLY_TR_COST_STRESS_1P5X,2015-07-06,25011.58150250
WEEKLY_TR_COST_STRESS_1P5X,2015-07-07,23689.08150250
WEEKLY_TR_COST_STRESS_1P5X,2015-07-08,21616.38150250
WEEKLY_TR_COST_STRESS_1P5X,2015-07-09,23480.78150250
WEEKLY_TR_COST_STRESS_1P5X,2015-07-10,25529.18150250
WEEKLY_TR_COST_STRESS_1P5X,2015-07-13,26701.28150250
WEEKLY_TR_COST_STRESS_1P5X,2015-07-14,26053.48150250
WEEKLY_TR_COST_STRESS_1P5X,2015-07-15,24489.78150250
WEEKLY_TR_COST_STRESS_1P5X,2015-07-16,25296.88150250
WEEKLY_TR_COST_STRESS_1P5X,2015-07-17,26454.28150250
WEEKLY_TR_COST_STRESS_1P5X,2015-07-20,26468.32067750
WEEKLY_TR_COST_STRESS_1P5X,2015-07-21,26615.92067750
WEEKLY_TR_COST_STRESS_1P5X,2015-07-22,26766.72067750
WEEKLY_TR_COST_STRESS_1P5X,2015-07-23,27376.32067750
WEEKLY_TR_COST_STRESS_1P5X,2015-07-24,26772.32067750
WEEKLY_TR_COST_STRESS_1P5X,2015-07-27,24404.72067750
WEEKLY_TR_COST_STRESS_1P5X,2015-07-28,24215.52067750
WEEKLY_TR_COST_STRESS_1P5X,2015-07-29,25393.52067750
WEEKLY_TR_COST_STRESS_1P5X,2015-07-30,24248.72067750
WEEKLY_TR_COST_STRESS_1P5X,2015-07-31,24107.92067750
WEEKLY_TR_COST_STRESS_1P5X,2015-08-03,23638.07121750
WEEKLY_TR_COST_STRESS_1P5X,2015-08-04,24837.87121750
WEEKLY_TR_COST_STRESS_1P5X,2015-08-05,24354.87121750
WEEKLY_TR_COST_STRESS_1P5X,2015-08-06,24165.87121750
WEEKLY_TR_COST_STRESS_1P5X,2015-08-07,24755.27121750
WEEKLY_TR_COST_STRESS_1P5X,2015-08-10,26086.95591750
WEEKLY_TR_COST_STRESS_1P5X,2015-08-11,25794.15591750
WEEKLY_TR_COST_STRESS_1P5X,2015-08-12,25263.75591750
WEEKLY_TR_COST_STRESS_1P5X,2015-08-13,25855.75591750
WEEKLY_TR_COST_STRESS_1P5X,2015-08-14,25825.35591750
WEEKLY_TR_COST_STRESS_1P5X,2015-08-17,26167.93671750
WEEKLY_TR_COST_STRESS_1P5X,2015-08-18,24389.03671750
WEEKLY_TR_COST_STRESS_1P5X,2015-08-19,24992.93671750
WEEKLY_TR_COST_STRESS_1P5X,2015-08-20,24283.93671750
WEEKLY_TR_COST_STRESS_1P5X,2015-08-21,23224.13671750
WEEKLY_TR_COST_STRESS_1P5X,2015-08-24,21209.53671750
WEEKLY_TR_COST_STRESS_1P5X,2015-08-25,19524.63671750
WEEKLY_TR_COST_STRESS_1P5X,2015-08-26,19761.13671750
WEEKLY_TR_COST_STRESS_1P5X,2015-08-27,20636.33671750
WEEKLY_TR_COST_STRESS_1P5X,2015-08-28,21550.63671750
WEEKLY_TR_COST_STRESS_1P5X,2015-08-31,21180.03671750
WEEKLY_TR_COST_STRESS_1P5X,2015-09-01,20552.13671750
WEEKLY_TR_COST_STRESS_1P5X,2015-09-02,20322.63671750
WEEKLY_TR_COST_STRESS_1P5X,2015-09-07,20281.33671750
WEEKLY_TR_COST_STRESS_1P5X,2015-09-08,20968.63671750
WEEKLY_TR_COST_STRESS_1P5X,2015-09-09,21390.93671750
WEEKLY_TR_COST_STRESS_1P5X,2015-09-10,20995.23671750
WEEKLY_TR_COST_STRESS_1P5X,2015-09-11,21079.83671750
WEEKLY_TR_COST_STRESS_1P5X,2015-09-14,20017.33671750
WEEKLY_TR_COST_STRESS_1P5X,2015-09-15,19362.43671750
WEEKLY_TR_COST_STRESS_1P5X,2015-09-16,20481.03671750
WEEKLY_TR_COST_STRESS_1P5X,2015-09-17,20107.93671750
WEEKLY_TR_COST_STRESS_1P5X,2015-09-18,20210.43671750
WEEKLY_TR_COST_STRESS_1P5X,2015-09-21,21090.36231750
WEEKLY_TR_COST_STRESS_1P5X,2015-09-22,21033.16231750
WEEKLY_TR_COST_STRESS_1P5X,2015-09-23,20694.76231750
WEEKLY_TR_COST_STRESS_1P5X,2015-09-24,20863.16231750
WEEKLY_TR_COST_STRESS_1P5X,2015-09-25,20221.56231750
WEEKLY_TR_COST_STRESS_1P5X,2015-09-28,20944.76231750
WEEKLY_TR_COST_STRESS_1P5X,2015-09-29,20633.36231750
WEEKLY_TR_COST_STRESS_1P5X,2015-09-30,20609.96231750
WEEKLY_TR_COST_STRESS_1P5X,2015-10-08,21659.76231750
WEEKLY_TR_COST_STRESS_1P5X,2015-10-09,21892.36231750
WEEKLY_TR_COST_STRESS_1P5X,2015-10-12,22740.24955250
WEEKLY_TR_COST_STRESS_1P5X,2015-10-13,22855.24955250
WEEKLY_TR_COST_STRESS_1P5X,2015-10-14,22567.24955250
WEEKLY_TR_COST_STRESS_1P5X,2015-10-15,23469.44955250
WEEKLY_TR_COST_STRESS_1P5X,2015-10-16,23715.94955250
WEEKLY_TR_COST_STRESS_1P5X,2015-10-19,23608.84955250
WEEKLY_TR_COST_STRESS_1P5X,2015-10-20,24164.14955250
WEEKLY_TR_COST_STRESS_1P5X,2015-10-21,22768.24955250
WEEKLY_TR_COST_STRESS_1P5X,2015-10-22,23708.64955250
WEEKLY_TR_COST_STRESS_1P5X,2015-10-23,24345.94955250
WEEKLY_TR_COST_STRESS_1P5X,2015-10-26,24204.04955250
WEEKLY_TR_COST_STRESS_1P5X,2015-10-27,24511.24955250
WEEKLY_TR_COST_STRESS_1P5X,2015-10-28,23829.44955250
WEEKLY_TR_COST_STRESS_1P5X,2015-10-29,23903.84955250
WEEKLY_TR_COST_STRESS_1P5X,2015-10-30,23881.34955250
WEEKLY_TR_COST_STRESS_1P5X,2015-11-02,23498.34955250
WEEKLY_TR_COST_STRESS_1P5X,2015-11-03,23422.54955250
WEEKLY_TR_COST_STRESS_1P5X,2015-11-04,24934.14955250
WEEKLY_TR_COST_STRESS_1P5X,2015-11-05,24687.14955250
WEEKLY_TR_COST_STRESS_1P5X,2015-11-06,25436.84955250
WEEKLY_TR_COST_STRESS_1P5X,2015-11-09,25727.34955250
WEEKLY_TR_COST_STRESS_1P5X,2015-11-10,25856.54955250
WEEKLY_TR_COST_STRESS_1P5X,2015-11-11,26405.84955250
WEEKLY_TR_COST_STRESS_1P5X,2015-11-12,26289.04955250
WEEKLY_TR_COST_STRESS_1P5X,2015-11-13,25741.24955250
WEEKLY_TR_COST_STRESS_1P5X,2015-11-16,26438.64955250
WEEKLY_TR_COST_STRESS_1P5X,2015-11-17,25781.94955250
WEEKLY_TR_COST_STRESS_1P5X,2015-11-18,25364.84955250
WEEKLY_TR_COST_STRESS_1P5X,2015-11-19,26222.44955250
WEEKLY_TR_COST_STRESS_1P5X,2015-11-20,26417.74955250
WEEKLY_TR_COST_STRESS_1P5X,2015-11-23,26172.34955250
WEEKLY_TR_COST_STRESS_1P5X,2015-11-24,26512.14955250
WEEKLY_TR_COST_STRESS_1P5X,2015-11-25,27059.04955250
WEEKLY_TR_COST_STRESS_1P5X,2015-11-26,26615.64955250
WEEKLY_TR_COST_STRESS_1P5X,2015-11-27,25101.44955250
WEEKLY_TR_COST_STRESS_1P5X,2015-11-30,25204.44955250
WEEKLY_TR_COST_STRESS_1P5X,2015-12-01,25213.34955250
WEEKLY_TR_COST_STRESS_1P5X,2015-12-02,24968.44955250
WEEKLY_TR_COST_STRESS_1P5X,2015-12-03,25654.74955250
WEEKLY_TR_COST_STRESS_1P5X,2015-12-04,25369.04955250
WEEKLY_TR_COST_STRESS_1P5X,2015-12-07,25742.34955250
WEEKLY_TR_COST_STRESS_1P5X,2015-12-08,25291.14955250
WEEKLY_TR_COST_STRESS_1P5X,2015-12-09,25108.44955250
WEEKLY_TR_COST_STRESS_1P5X,2015-12-10,25145.84955250
WEEKLY_TR_COST_STRESS_1P5X,2015-12-11,25000.64955250
WEEKLY_TR_COST_STRESS_1P5X,2015-12-14,25507.02254250
WEEKLY_TR_COST_STRESS_1P5X,2015-12-15,25498.02254250
WEEKLY_TR_COST_STRESS_1P5X,2015-12-16,25573.02254250
WEEKLY_TR_COST_STRESS_1P5X,2015-12-17,26147.52254250
WEEKLY_TR_COST_STRESS_1P5X,2015-12-18,26162.52254250
WEEKLY_TR_COST_STRESS_1P5X,2015-12-21,26440.02254250
WEEKLY_TR_COST_STRESS_1P5X,2015-12-22,26423.52254250
WEEKLY_TR_COST_STRESS_1P5X,2015-12-23,26156.52254250
WEEKLY_TR_COST_STRESS_1P5X,2015-12-24,26123.52254250
WEEKLY_TR_COST_STRESS_1P5X,2015-12-25,26165.52254250
WEEKLY_TR_COST_STRESS_1P5X,2015-12-28,25546.46151750
WEEKLY_TR_COST_STRESS_1P5X,2015-12-29,25767.66151750
WEEKLY_TR_COST_STRESS_1P5X,2015-12-30,25850.06151750
WEEKLY_TR_COST_STRESS_1P5X,2015-12-31,25554.86151750
WEEKLY_TR_COST_STRESS_1P5X,2016-01-04,23921.46151750
WEEKLY_TR_COST_STRESS_1P5X,2016-01-05,23799.46151750
WEEKLY_TR_COST_STRESS_1P5X,2016-01-06,24174.46151750
WEEKLY_TR_COST_STRESS_1P5X,2016-01-07,22970.46151750
WEEKLY_TR_COST_STRESS_1P5X,2016-01-08,22925.86151750
WEEKLY_TR_COST_STRESS_1P5X,2016-01-11,21793.26151750
WEEKLY_TR_COST_STRESS_1P5X,2016-01-12,21848.26151750
WEEKLY_TR_COST_STRESS_1P5X,2016-01-13,21438.86151750
WEEKLY_TR_COST_STRESS_1P5X,2016-01-14,21887.86151750
WEEKLY_TR_COST_STRESS_1P5X,2016-01-15,21259.66151750
WEEKLY_TR_COST_STRESS_1P5X,2016-01-18,21387.46151750
WEEKLY_TR_COST_STRESS_1P5X,2016-01-19,21936.26151750
WEEKLY_TR_COST_STRESS_1P5X,2016-01-20,21737.46151750
WEEKLY_TR_COST_STRESS_1P5X,2016-01-21,21160.66151750
WEEKLY_TR_COST_STRESS_1P5X,2016-01-22,21362.66151750
WEEKLY_TR_COST_STRESS_1P5X,2016-01-25,21361.09599750
WEEKLY_TR_COST_STRESS_1P5X,2016-01-26,20133.89599750
WEEKLY_TR_COST_STRESS_1P5X,2016-01-27,20033.29599750
WEEKLY_TR_COST_STRESS_1P5X,2016-01-28,19480.89599750
WEEKLY_TR_COST_STRESS_1P5X,2016-01-29,20050.49599750
WEEKLY_TR_COST_STRESS_1P5X,2016-02-01,20028.09599750
WEEKLY_TR_COST_STRESS_1P5X,2016-02-02,20568.29599750
WEEKLY_TR_COST_STRESS_1P5X,2016-02-03,20599.89599750
WEEKLY_TR_COST_STRESS_1P5X,2016-02-04,20882.49599750
WEEKLY_TR_COST_STRESS_1P5X,2016-02-05,20662.49599750
WEEKLY_TR_COST_STRESS_1P5X,2016-02-15,20712.29599750
WEEKLY_TR_COST_STRESS_1P5X,2016-02-16,21338.49599750
WEEKLY_TR_COST_STRESS_1P5X,2016-02-17,21477.49599750
WEEKLY_TR_COST_STRESS_1P5X,2016-02-18,21378.09599750
WEEKLY_TR_COST_STRESS_1P5X,2016-02-19,21427.69599750
WEEKLY_TR_COST_STRESS_1P5X,2016-02-22,21806.02254250
WEEKLY_TR_COST_STRESS_1P5X,2016-02-23,21647.02254250
WEEKLY_TR_COST_STRESS_1P5X,2016-02-24,21602.02254250
WEEKLY_TR_COST_STRESS_1P5X,2016-02-25,19926.52254250
WEEKLY_TR_COST_STRESS_1P5X,2016-02-26,20031.52254250
WEEKLY_TR_COST_STRESS_1P5X,2016-02-29,19224.26004250
WEEKLY_TR_COST_STRESS_1P5X,2016-03-01,19629.26004250
WEEKLY_TR_COST_STRESS_1P5X,2016-03-02,20484.26004250
WEEKLY_TR_COST_STRESS_1P5X,2016-03-03,20455.76004250
WEEKLY_TR_COST_STRESS_1P5X,2016-03-04,20302.76004250
WEEKLY_TR_COST_STRESS_1P5X,2016-03-07,20619.26004250
WEEKLY_TR_COST_STRESS_1P5X,2016-03-08,20640.26004250
WEEKLY_TR_COST_STRESS_1P5X,2016-03-09,20253.26004250
WEEKLY_TR_COST_STRESS_1P5X,2016-03-10,19974.26004250
WEEKLY_TR_COST_STRESS_1P5X,2016-03-11,19954.76004250
WEEKLY_TR_COST_STRESS_1P5X,2016-03-14,20475.26004250
WEEKLY_TR_COST_STRESS_1P5X,2016-03-15,20325.26004250
WEEKLY_TR_COST_STRESS_1P5X,2016-03-16,20289.26004250
WEEKLY_TR_COST_STRESS_1P5X,2016-03-17,20722.76004250
WEEKLY_TR_COST_STRESS_1P5X,2016-03-18,21210.26004250
WEEKLY_TR_COST_STRESS_1P5X,2016-03-21,21610.76004250
WEEKLY_TR_COST_STRESS_1P5X,2016-03-22,21499.76004250
WEEKLY_TR_COST_STRESS_1P5X,2016-03-23,21607.76004250
WEEKLY_TR_COST_STRESS_1P5X,2016-03-24,21267.26004250
WEEKLY_TR_COST_STRESS_1P5X,2016-03-25,21424.76004250
WEEKLY_TR_COST_STRESS_1P5X,2016-03-28,21147.70171750
WEEKLY_TR_COST_STRESS_1P5X,2016-03-29,20916.70171750
WEEKLY_TR_COST_STRESS_1P5X,2016-03-30,21602.20171750
WEEKLY_TR_COST_STRESS_1P5X,2016-03-31,21516.70171750
WEEKLY_TR_COST_STRESS_1P5X,2016-04-01,21447.70171750
WEEKLY_TR_COST_STRESS_1P5X,2016-04-05,21918.98440750
WEEKLY_TR_COST_STRESS_1P5X,2016-04-06,22038.78440750
WEEKLY_TR_COST_STRESS_1P5X,2016-04-07,21753.18440750
WEEKLY_TR_COST_STRESS_1P5X,2016-04-08,21572.68440750
WEEKLY_TR_COST_STRESS_1P5X,2016-04-11,21952.18440750
WEEKLY_TR_COST_STRESS_1P5X,2016-04-12,21868.88440750
WEEKLY_TR_COST_STRESS_1P5X,2016-04-13,22092.38440750
WEEKLY_TR_COST_STRESS_1P5X,2016-04-14,22319.38440750
WEEKLY_TR_COST_STRESS_1P5X,2016-04-15,22227.68440750
WEEKLY_TR_COST_STRESS_1P5X,2016-04-18,21895.68440750
WEEKLY_TR_COST_STRESS_1P5X,2016-04-19,21918.28440750
WEEKLY_TR_COST_STRESS_1P5X,2016-04-20,20883.68440750
WEEKLY_TR_COST_STRESS_1P5X,2016-04-21,20684.48440750
WEEKLY_TR_COST_STRESS_1P5X,2016-04-22,20900.98440750
WEEKLY_TR_COST_STRESS_1P5X,2016-04-25,20757.36080250
WEEKLY_TR_COST_STRESS_1P5X,2016-04-26,20931.06080250
WEEKLY_TR_COST_STRESS_1P5X,2016-04-27,20839.56080250
WEEKLY_TR_COST_STRESS_1P5X,2016-04-28,20757.26080250
WEEKLY_TR_COST_STRESS_1P5X,2016-04-29,20759.16080250
WEEKLY_TR_COST_STRESS_1P5X,2016-05-03,21234.56080250
WEEKLY_TR_COST_STRESS_1P5X,2016-05-04,21199.76080250
WEEKLY_TR_COST_STRESS_1P5X,2016-05-05,21267.26080250
WEEKLY_TR_COST_STRESS_1P5X,2016-05-06,20674.56080250
WEEKLY_TR_COST_STRESS_1P5X,2016-05-09,20149.96080250
WEEKLY_TR_COST_STRESS_1P5X,2016-05-10,20112.76080250
WEEKLY_TR_COST_STRESS_1P5X,2016-05-11,20131.06080250
WEEKLY_TR_COST_STRESS_1P5X,2016-05-12,20165.96080250
WEEKLY_TR_COST_STRESS_1P5X,2016-05-13,20104.06080250
WEEKLY_TR_COST_STRESS_1P5X,2016-05-16,20299.36080250
WEEKLY_TR_COST_STRESS_1P5X,2016-05-17,20271.36080250
WEEKLY_TR_COST_STRESS_1P5X,2016-05-18,19964.36080250
WEEKLY_TR_COST_STRESS_1P5X,2016-05-19,19990.46080250
WEEKLY_TR_COST_STRESS_1P5X,2016-05-20,20166.96080250
WEEKLY_TR_COST_STRESS_1P5X,2016-05-23,20279.35936250
WEEKLY_TR_COST_STRESS_1P5X,2016-05-24,20146.05936250
WEEKLY_TR_COST_STRESS_1P5X,2016-05-25,20094.25936250
WEEKLY_TR_COST_STRESS_1P5X,2016-05-26,20186.25936250
WEEKLY_TR_COST_STRESS_1P5X,2016-05-27,20113.85936250
WEEKLY_TR_COST_STRESS_1P5X,2016-05-30,20078.18033250
WEEKLY_TR_COST_STRESS_1P5X,2016-05-31,20781.48033250
WEEKLY_TR_COST_STRESS_1P5X,2016-06-01,20746.78033250
WEEKLY_TR_COST_STRESS_1P5X,2016-06-02,20831.98033250
WEEKLY_TR_COST_STRESS_1P5X,2016-06-03,20996.28033250
WEEKLY_TR_COST_STRESS_1P5X,2016-06-06,20882.45471250
WEEKLY_TR_COST_STRESS_1P5X,2016-06-07,20864.85471250
WEEKLY_TR_COST_STRESS_1P5X,2016-06-08,20826.85471250
WEEKLY_TR_COST_STRESS_1P5X,2016-06-13,19851.46671250
WEEKLY_TR_COST_STRESS_1P5X,2016-06-14,19891.96671250
WEEKLY_TR_COST_STRESS_1P5X,2016-06-15,20509.96671250
WEEKLY_TR_COST_STRESS_1P5X,2016-06-16,20334.46671250
WEEKLY_TR_COST_STRESS_1P5X,2016-06-17,20518.96671250
WEEKLY_TR_COST_STRESS_1P5X,2016-06-20,20512.96671250
WEEKLY_TR_COST_STRESS_1P5X,2016-06-21,20298.46671250
WEEKLY_TR_COST_STRESS_1P5X,2016-06-22,20689.96671250
WEEKLY_TR_COST_STRESS_1P5X,2016-06-23,20619.46671250
WEEKLY_TR_COST_STRESS_1P5X,2016-06-24,20446.96671250
WEEKLY_TR_COST_STRESS_1P5X,2016-06-27,21009.46671250
WEEKLY_TR_COST_STRESS_1P5X,2016-06-28,21183.46671250
WEEKLY_TR_COST_STRESS_1P5X,2016-06-29,21153.46671250
WEEKLY_TR_COST_STRESS_1P5X,2016-06-30,21208.96671250
WEEKLY_TR_COST_STRESS_1P5X,2016-07-01,21123.46671250
WEEKLY_TR_COST_STRESS_1P5X,2016-07-04,21480.46671250
WEEKLY_TR_COST_STRESS_1P5X,2016-07-05,21507.46671250
WEEKLY_TR_COST_STRESS_1P5X,2016-07-06,21565.96671250
WEEKLY_TR_COST_STRESS_1P5X,2016-07-07,21573.46671250
WEEKLY_TR_COST_STRESS_1P5X,2016-07-08,21552.46671250
WEEKLY_TR_COST_STRESS_1P5X,2016-07-11,21487.96671250
WEEKLY_TR_COST_STRESS_1P5X,2016-07-12,21747.46671250
WEEKLY_TR_COST_STRESS_1P5X,2016-07-13,21966.46671250
WEEKLY_TR_COST_STRESS_1P5X,2016-07-14,22009.96671250
WEEKLY_TR_COST_STRESS_1P5X,2016-07-15,21868.96671250
WEEKLY_TR_COST_STRESS_1P5X,2016-07-18,21775.45867250
WEEKLY_TR_COST_STRESS_1P5X,2016-07-19,21723.15867250
WEEKLY_TR_COST_STRESS_1P5X,2016-07-20,21686.35867250
WEEKLY_TR_COST_STRESS_1P5X,2016-07-21,21786.55867250
WEEKLY_TR_COST_STRESS_1P5X,2016-07-22,21637.95867250
WEEKLY_TR_COST_STRESS_1P5X,2016-07-25,21650.05867250
WEEKLY_TR_COST_STRESS_1P5X,2016-07-26,21914.35867250
WEEKLY_TR_COST_STRESS_1P5X,2016-07-27,21287.45867250
WEEKLY_TR_COST_STRESS_1P5X,2016-07-28,21360.05867250
WEEKLY_TR_COST_STRESS_1P5X,2016-07-29,21259.15867250
WEEKLY_TR_COST_STRESS_1P5X,2016-08-01,21035.35867250
WEEKLY_TR_COST_STRESS_1P5X,2016-08-02,21151.55867250
WEEKLY_TR_COST_STRESS_1P5X,2016-08-03,21196.15867250
WEEKLY_TR_COST_STRESS_1P5X,2016-08-04,21283.65867250
WEEKLY_TR_COST_STRESS_1P5X,2016-08-05,21289.85867250
WEEKLY_TR_COST_STRESS_1P5X,2016-08-08,21503.15867250
WEEKLY_TR_COST_STRESS_1P5X,2016-08-09,21645.65867250
WEEKLY_TR_COST_STRESS_1P5X,2016-08-10,21567.15867250
WEEKLY_TR_COST_STRESS_1P5X,2016-08-11,21392.05867250
WEEKLY_TR_COST_STRESS_1P5X,2016-08-12,21698.25867250
WEEKLY_TR_COST_STRESS_1P5X,2016-08-15,22190.85867250
WEEKLY_TR_COST_STRESS_1P5X,2016-08-16,22208.35867250
WEEKLY_TR_COST_STRESS_1P5X,2016-08-17,22209.15867250
WEEKLY_TR_COST_STRESS_1P5X,2016-08-18,22197.65867250
WEEKLY_TR_COST_STRESS_1P5X,2016-08-19,22187.55867250
WEEKLY_TR_COST_STRESS_1P5X,2016-08-22,22005.45867250
WEEKLY_TR_COST_STRESS_1P5X,2016-08-23,22035.25867250
WEEKLY_TR_COST_STRESS_1P5X,2016-08-24,22000.65867250
WEEKLY_TR_COST_STRESS_1P5X,2016-08-25,21880.95867250
WEEKLY_TR_COST_STRESS_1P5X,2016-08-26,21918.85867250
WEEKLY_TR_COST_STRESS_1P5X,2016-08-29,21933.95867250
WEEKLY_TR_COST_STRESS_1P5X,2016-08-30,21968.55867250
WEEKLY_TR_COST_STRESS_1P5X,2016-08-31,22025.65867250
WEEKLY_TR_COST_STRESS_1P5X,2016-09-01,21826.75867250
WEEKLY_TR_COST_STRESS_1P5X,2016-09-02,21822.25867250
WEEKLY_TR_COST_STRESS_1P5X,2016-09-05,21874.06860750
WEEKLY_TR_COST_STRESS_1P5X,2016-09-06,22146.16860750
WEEKLY_TR_COST_STRESS_1P5X,2016-09-07,22086.16860750
WEEKLY_TR_COST_STRESS_1P5X,2016-09-08,22137.46860750
WEEKLY_TR_COST_STRESS_1P5X,2016-09-09,21998.86860750
WEEKLY_TR_COST_STRESS_1P5X,2016-09-12,21499.81599750
WEEKLY_TR_COST_STRESS_1P5X,2016-09-13,21516.91599750
WEEKLY_TR_COST_STRESS_1P5X,2016-09-14,21439.31599750
WEEKLY_TR_COST_STRESS_1P5X,2016-09-19,21650.01599750
WEEKLY_TR_COST_STRESS_1P5X,2016-09-20,21603.61599750
WEEKLY_TR_COST_STRESS_1P5X,2016-09-21,21639.61599750
WEEKLY_TR_COST_STRESS_1P5X,2016-09-22,21708.81599750
WEEKLY_TR_COST_STRESS_1P5X,2016-09-23,21660.51599750
WEEKLY_TR_COST_STRESS_1P5X,2016-09-26,21288.00219750
WEEKLY_TR_COST_STRESS_1P5X,2016-09-27,21389.10219750
WEEKLY_TR_COST_STRESS_1P5X,2016-09-28,21363.40219750
WEEKLY_TR_COST_STRESS_1P5X,2016-09-29,21455.90219750
WEEKLY_TR_COST_STRESS_1P5X,2016-09-30,21522.70219750
WEEKLY_TR_COST_STRESS_1P5X,2016-10-10,21920.86957750
WEEKLY_TR_COST_STRESS_1P5X,2016-10-11,21945.66957750
WEEKLY_TR_COST_STRESS_1P5X,2016-10-12,21929.46957750
WEEKLY_TR_COST_STRESS_1P5X,2016-10-13,21926.86957750
WEEKLY_TR_COST_STRESS_1P5X,2016-10-14,21867.26957750
WEEKLY_TR_COST_STRESS_1P5X,2016-10-17,21679.46957750
WEEKLY_TR_COST_STRESS_1P5X,2016-10-18,21948.26957750
WEEKLY_TR_COST_STRESS_1P5X,2016-10-19,21837.26957750
WEEKLY_TR_COST_STRESS_1P5X,2016-10-20,21884.26957750
WEEKLY_TR_COST_STRESS_1P5X,2016-10-21,21819.66957750
WEEKLY_TR_COST_STRESS_1P5X,2016-10-24,21985.07061750
WEEKLY_TR_COST_STRESS_1P5X,2016-10-25,21994.87061750
WEEKLY_TR_COST_STRESS_1P5X,2016-10-26,21926.27061750
WEEKLY_TR_COST_STRESS_1P5X,2016-10-27,21894.07061750
WEEKLY_TR_COST_STRESS_1P5X,2016-10-28,21807.27061750
WEEKLY_TR_COST_STRESS_1P5X,2016-10-31,21754.07061750
WEEKLY_TR_COST_STRESS_1P5X,2016-11-01,21912.27061750
WEEKLY_TR_COST_STRESS_1P5X,2016-11-02,21752.67061750
WEEKLY_TR_COST_STRESS_1P5X,2016-11-03,21871.67061750
WEEKLY_TR_COST_STRESS_1P5X,2016-11-04,21811.47061750
WEEKLY_TR_COST_STRESS_1P5X,2016-11-07,21826.87061750
WEEKLY_TR_COST_STRESS_1P5X,2016-11-08,21940.27061750
WEEKLY_TR_COST_STRESS_1P5X,2016-11-09,21815.67061750
WEEKLY_TR_COST_STRESS_1P5X,2016-11-10,22053.67061750
WEEKLY_TR_COST_STRESS_1P5X,2016-11-11,22213.27061750
WEEKLY_TR_COST_STRESS_1P5X,2016-11-14,22246.87061750
WEEKLY_TR_COST_STRESS_1P5X,2016-11-15,22270.67061750
WEEKLY_TR_COST_STRESS_1P5X,2016-11-16,22283.27061750
WEEKLY_TR_COST_STRESS_1P5X,2016-11-17,22307.07061750
WEEKLY_TR_COST_STRESS_1P5X,2016-11-18,22228.67061750
WEEKLY_TR_COST_STRESS_1P5X,2016-11-21,22272.07061750
WEEKLY_TR_COST_STRESS_1P5X,2016-11-22,22456.87061750
WEEKLY_TR_COST_STRESS_1P5X,2016-11-23,22413.47061750
WEEKLY_TR_COST_STRESS_1P5X,2016-11-24,22423.27061750
WEEKLY_TR_COST_STRESS_1P5X,2016-11-25,22580.07061750
WEEKLY_TR_COST_STRESS_1P5X,2016-11-28,22651.47061750
WEEKLY_TR_COST_STRESS_1P5X,2016-11-29,22673.87061750
WEEKLY_TR_COST_STRESS_1P5X,2016-11-30,22522.67061750
WEEKLY_TR_COST_STRESS_1P5X,2016-12-01,22673.87061750
WEEKLY_TR_COST_STRESS_1P5X,2016-12-02,22407.87061750
WEEKLY_TR_COST_STRESS_1P5X,2016-12-05,22143.27061750
WEEKLY_TR_COST_STRESS_1P5X,2016-12-06,22139.07061750
WEEKLY_TR_COST_STRESS_1P5X,2016-12-07,22297.27061750
WEEKLY_TR_COST_STRESS_1P5X,2016-12-08,22272.07061750
WEEKLY_TR_COST_STRESS_1P5X,2016-12-09,22302.87061750
WEEKLY_TR_COST_STRESS_1P5X,2016-12-12,21654.67061750
WEEKLY_TR_COST_STRESS_1P5X,2016-12-13,21667.27061750
WEEKLY_TR_COST_STRESS_1P5X,2016-12-14,21544.07061750
WEEKLY_TR_COST_STRESS_1P5X,2016-12-15,21492.27061750
WEEKLY_TR_COST_STRESS_1P5X,2016-12-16,21551.07061750
WEEKLY_TR_COST_STRESS_1P5X,2016-12-19,21530.07061750
WEEKLY_TR_COST_STRESS_1P5X,2016-12-20,21420.87061750
WEEKLY_TR_COST_STRESS_1P5X,2016-12-21,21600.07061750
WEEKLY_TR_COST_STRESS_1P5X,2016-12-22,21567.87061750
WEEKLY_TR_COST_STRESS_1P5X,2016-12-23,21426.47061750
WEEKLY_TR_COST_STRESS_1P5X,2016-12-26,21464.27061750
WEEKLY_TR_COST_STRESS_1P5X,2016-12-27,21467.07061750
WEEKLY_TR_COST_STRESS_1P5X,2016-12-28,21374.67061750
WEEKLY_TR_COST_STRESS_1P5X,2016-12-29,21374.67061750
WEEKLY_TR_COST_STRESS_1P5X,2016-12-30,21380.27061750
WEEKLY_TR_COST_STRESS_1P5X,2017-01-03,21566.47061750
WEEKLY_TR_COST_STRESS_1P5X,2017-01-04,21763.87061750
WEEKLY_TR_COST_STRESS_1P5X,2017-01-05,21740.07061750
WEEKLY_TR_COST_STRESS_1P5X,2017-01-06,21665.87061750
WEEKLY_TR_COST_STRESS_1P5X,2017-01-09,21770.87061750
WEEKLY_TR_COST_STRESS_1P5X,2017-01-10,21710.67061750
WEEKLY_TR_COST_STRESS_1P5X,2017-01-11,21566.47061750
WEEKLY_TR_COST_STRESS_1P5X,2017-01-12,21405.47061750
WEEKLY_TR_COST_STRESS_1P5X,2017-01-13,21321.47061750
WEEKLY_TR_COST_STRESS_1P5X,2017-01-16,21052.67061750
WEEKLY_TR_COST_STRESS_1P5X,2017-01-17,21143.67061750
WEEKLY_TR_COST_STRESS_1P5X,2017-01-18,21210.87061750
WEEKLY_TR_COST_STRESS_1P5X,2017-01-19,21146.47061750
WEEKLY_TR_COST_STRESS_1P5X,2017-01-20,21341.07061750
WEEKLY_TR_COST_STRESS_1P5X,2017-01-23,21430.67061750
WEEKLY_TR_COST_STRESS_1P5X,2017-01-24,21397.07061750
WEEKLY_TR_COST_STRESS_1P5X,2017-01-25,21460.07061750
WEEKLY_TR_COST_STRESS_1P5X,2017-01-26,21560.87061750
WEEKLY_TR_COST_STRESS_1P5X,2017-02-03,21475.47061750
WEEKLY_TR_COST_STRESS_1P5X,2017-02-06,21551.07061750
WEEKLY_TR_COST_STRESS_1P5X,2017-02-07,21520.27061750
WEEKLY_TR_COST_STRESS_1P5X,2017-02-08,21646.27061750
WEEKLY_TR_COST_STRESS_1P5X,2017-02-09,21724.67061750
WEEKLY_TR_COST_STRESS_1P5X,2017-02-10,21794.67061750
WEEKLY_TR_COST_STRESS_1P5X,2017-02-13,21881.47061750
WEEKLY_TR_COST_STRESS_1P5X,2017-02-14,21899.67061750
WEEKLY_TR_COST_STRESS_1P5X,2017-02-15,21779.27061750
WEEKLY_TR_COST_STRESS_1P5X,2017-02-16,21881.47061750
WEEKLY_TR_COST_STRESS_1P5X,2017-02-17,21761.07061750
WEEKLY_TR_COST_STRESS_1P5X,2017-02-20,22038.27061750
WEEKLY_TR_COST_STRESS_1P5X,2017-02-21,22111.07061750
WEEKLY_TR_COST_STRESS_1P5X,2017-02-22,22185.27061750
WEEKLY_TR_COST_STRESS_1P5X,2017-02-23,22157.27061750
WEEKLY_TR_COST_STRESS_1P5X,2017-02-24,22151.67061750
WEEKLY_TR_COST_STRESS_1P5X,2017-02-27,21988.66722250
WEEKLY_TR_COST_STRESS_1P5X,2017-02-28,22015.56722250
WEEKLY_TR_COST_STRESS_1P5X,2017-03-01,22067.56722250
WEEKLY_TR_COST_STRESS_1P5X,2017-03-02,21975.06722250
WEEKLY_TR_COST_STRESS_1P5X,2017-03-03,22037.06722250
WEEKLY_TR_COST_STRESS_1P5X,2017-03-06,22306.86722250
WEEKLY_TR_COST_STRESS_1P5X,2017-03-07,22395.66722250
WEEKLY_TR_COST_STRESS_1P5X,2017-03-08,22302.36722250
WEEKLY_TR_COST_STRESS_1P5X,2017-03-09,22109.46722250
WEEKLY_TR_COST_STRESS_1P5X,2017-03-10,22133.56722250
WEEKLY_TR_COST_STRESS_1P5X,2017-03-13,22352.36722250
WEEKLY_TR_COST_STRESS_1P5X,2017-03-14,22228.06722250
WEEKLY_TR_COST_STRESS_1P5X,2017-03-15,22224.96722250
WEEKLY_TR_COST_STRESS_1P5X,2017-03-16,22342.16722250
WEEKLY_TR_COST_STRESS_1P5X,2017-03-17,22140.96722250
WEEKLY_TR_COST_STRESS_1P5X,2017-03-20,22214.16722250
WEEKLY_TR_COST_STRESS_1P5X,2017-03-21,22302.46722250
WEEKLY_TR_COST_STRESS_1P5X,2017-03-22,22187.96722250
WEEKLY_TR_COST_STRESS_1P5X,2017-03-23,22212.86722250
WEEKLY_TR_COST_STRESS_1P5X,2017-03-24,22363.16722250
WEEKLY_TR_COST_STRESS_1P5X,2017-03-27,22210.36722250
WEEKLY_TR_COST_STRESS_1P5X,2017-03-28,22184.06722250
WEEKLY_TR_COST_STRESS_1P5X,2017-03-29,22056.46722250
WEEKLY_TR_COST_STRESS_1P5X,2017-03-30,21744.06722250
WEEKLY_TR_COST_STRESS_1P5X,2017-03-31,21831.16722250
WEEKLY_TR_COST_STRESS_1P5X,2017-04-05,22178.32304750
WEEKLY_TR_COST_STRESS_1P5X,2017-04-06,22164.32304750
WEEKLY_TR_COST_STRESS_1P5X,2017-04-07,22200.72304750
WEEKLY_TR_COST_STRESS_1P5X,2017-04-10,22165.72304750
WEEKLY_TR_COST_STRESS_1P5X,2017-04-11,22298.72304750
WEEKLY_TR_COST_STRESS_1P5X,2017-04-12,22186.72304750
WEEKLY_TR_COST_STRESS_1P5X,2017-04-13,22279.12304750
WEEKLY_TR_COST_STRESS_1P5X,2017-04-14,22069.12304750
WEEKLY_TR_COST_STRESS_1P5X,2017-04-17,21927.72304750
WEEKLY_TR_COST_STRESS_1P5X,2017-04-18,21861.92304750
WEEKLY_TR_COST_STRESS_1P5X,2017-04-19,21675.72304750
WEEKLY_TR_COST_STRESS_1P5X,2017-04-20,21724.72304750
WEEKLY_TR_COST_STRESS_1P5X,2017-04-21,21675.72304750
WEEKLY_TR_COST_STRESS_1P5X,2017-04-24,21322.92304750
WEEKLY_TR_COST_STRESS_1P5X,2017-04-25,21381.72304750
WEEKLY_TR_COST_STRESS_1P5X,2017-04-26,21420.92304750
WEEKLY_TR_COST_STRESS_1P5X,2017-04-27,21458.72304750
WEEKLY_TR_COST_STRESS_1P5X,2017-04-28,21453.12304750
WEEKLY_TR_COST_STRESS_1P5X,2017-05-02,21403.51479750
WEEKLY_TR_COST_STRESS_1P5X,2017-05-03,21301.91479750
WEEKLY_TR_COST_STRESS_1P5X,2017-05-04,21297.91479750
WEEKLY_TR_COST_STRESS_1P5X,2017-05-05,21095.91479750
WEEKLY_TR_COST_STRESS_1P5X,2017-05-08,20868.91479750
WEEKLY_TR_COST_STRESS_1P5X,2017-05-09,20931.31479750
WEEKLY_TR_COST_STRESS_1P5X,2017-05-10,20757.31479750
WEEKLY_TR_COST_STRESS_1P5X,2017-05-11,20783.31479750
WEEKLY_TR_COST_STRESS_1P5X,2017-05-12,20869.71479750
WEEKLY_TR_COST_STRESS_1P5X,2017-05-15,20941.31479750
WEEKLY_TR_COST_STRESS_1P5X,2017-05-16,21253.11479750
WEEKLY_TR_COST_STRESS_1P5X,2017-05-17,21199.51479750
WEEKLY_TR_COST_STRESS_1P5X,2017-05-18,21130.51479750
WEEKLY_TR_COST_STRESS_1P5X,2017-05-19,21077.11479750
WEEKLY_TR_COST_STRESS_1P5X,2017-05-22,21009.91479750
WEEKLY_TR_COST_STRESS_1P5X,2017-05-23,20889.91479750
WEEKLY_TR_COST_STRESS_1P5X,2017-05-24,21008.71479750
WEEKLY_TR_COST_STRESS_1P5X,2017-05-25,21213.11479750
WEEKLY_TR_COST_STRESS_1P5X,2017-05-26,21120.71479750
WEEKLY_TR_COST_STRESS_1P5X,2017-05-31,21142.51479750
WEEKLY_TR_COST_STRESS_1P5X,2017-06-01,20997.51479750
WEEKLY_TR_COST_STRESS_1P5X,2017-06-02,21064.11479750
WEEKLY_TR_COST_STRESS_1P5X,2017-06-05,21059.11479750
WEEKLY_TR_COST_STRESS_1P5X,2017-06-06,21150.91479750
WEEKLY_TR_COST_STRESS_1P5X,2017-06-07,21490.51479750
WEEKLY_TR_COST_STRESS_1P5X,2017-06-08,21517.31479750
WEEKLY_TR_COST_STRESS_1P5X,2017-06-09,21595.11479750
WEEKLY_TR_COST_STRESS_1P5X,2017-06-12,21409.47154750
WEEKLY_TR_COST_STRESS_1P5X,2017-06-13,21560.37154750
WEEKLY_TR_COST_STRESS_1P5X,2017-06-14,21431.67154750
WEEKLY_TR_COST_STRESS_1P5X,2017-06-15,21483.27154750
WEEKLY_TR_COST_STRESS_1P5X,2017-06-16,21461.07154750
WEEKLY_TR_COST_STRESS_1P5X,2017-06-19,21638.07154750
WEEKLY_TR_COST_STRESS_1P5X,2017-06-20,21636.87154750
WEEKLY_TR_COST_STRESS_1P5X,2017-06-21,21774.87154750
WEEKLY_TR_COST_STRESS_1P5X,2017-06-22,21649.17154750
WEEKLY_TR_COST_STRESS_1P5X,2017-06-23,21772.17154750
WEEKLY_TR_COST_STRESS_1P5X,2017-06-26,22066.17154750
WEEKLY_TR_COST_STRESS_1P5X,2017-06-27,22046.07154750
WEEKLY_TR_COST_STRESS_1P5X,2017-06-28,21948.57154750
WEEKLY_TR_COST_STRESS_1P5X,2017-06-29,22064.97154750
WEEKLY_TR_COST_STRESS_1P5X,2017-06-30,22078.77154750
WEEKLY_TR_COST_STRESS_1P5X,2017-07-03,22100.07154750
WEEKLY_TR_COST_STRESS_1P5X,2017-07-04,21978.57154750
WEEKLY_TR_COST_STRESS_1P5X,2017-07-05,22165.47154750
WEEKLY_TR_COST_STRESS_1P5X,2017-07-06,22157.37154750
WEEKLY_TR_COST_STRESS_1P5X,2017-07-07,22213.47154750
WEEKLY_TR_COST_STRESS_1P5X,2017-07-10,22191.27154750
WEEKLY_TR_COST_STRESS_1P5X,2017-07-11,22164.27154750
WEEKLY_TR_COST_STRESS_1P5X,2017-07-12,22091.37154750
WEEKLY_TR_COST_STRESS_1P5X,2017-07-13,22204.47154750
WEEKLY_TR_COST_STRESS_1P5X,2017-07-14,22246.47154750
WEEKLY_TR_COST_STRESS_1P5X,2017-07-17,21730.77154750
WEEKLY_TR_COST_STRESS_1P5X,2017-07-18,21820.17154750
WEEKLY_TR_COST_STRESS_1P5X,2017-07-19,22238.07154750
WEEKLY_TR_COST_STRESS_1P5X,2017-07-20,22331.67154750
WEEKLY_TR_COST_STRESS_1P5X,2017-07-21,22314.87154750
WEEKLY_TR_COST_STRESS_1P5X,2017-07-24,22441.17154750
WEEKLY_TR_COST_STRESS_1P5X,2017-07-25,22359.87154750
WEEKLY_TR_COST_STRESS_1P5X,2017-07-26,22285.17154750
WEEKLY_TR_COST_STRESS_1P5X,2017-07-27,22376.37154750
WEEKLY_TR_COST_STRESS_1P5X,2017-07-28,22468.17154750
WEEKLY_TR_COST_STRESS_1P5X,2017-07-31,22640.97154750
WEEKLY_TR_COST_STRESS_1P5X,2017-08-01,22694.97154750
WEEKLY_TR_COST_STRESS_1P5X,2017-08-02,22649.97154750
WEEKLY_TR_COST_STRESS_1P5X,2017-08-03,22551.87154750
WEEKLY_TR_COST_STRESS_1P5X,2017-08-04,22432.77154750
WEEKLY_TR_COST_STRESS_1P5X,2017-08-07,22634.37154750
WEEKLY_TR_COST_STRESS_1P5X,2017-08-08,22626.57154750
WEEKLY_TR_COST_STRESS_1P5X,2017-08-09,22684.47154750
WEEKLY_TR_COST_STRESS_1P5X,2017-08-10,22580.37154750
WEEKLY_TR_COST_STRESS_1P5X,2017-08-11,22199.97154750
WEEKLY_TR_COST_STRESS_1P5X,2017-08-14,22604.68203250
WEEKLY_TR_COST_STRESS_1P5X,2017-08-15,22634.68203250
WEEKLY_TR_COST_STRESS_1P5X,2017-08-16,22820.68203250
WEEKLY_TR_COST_STRESS_1P5X,2017-08-17,22985.68203250
WEEKLY_TR_COST_STRESS_1P5X,2017-08-18,22864.18203250
WEEKLY_TR_COST_STRESS_1P5X,2017-08-21,22985.68203250
WEEKLY_TR_COST_STRESS_1P5X,2017-08-22,22879.18203250
WEEKLY_TR_COST_STRESS_1P5X,2017-08-23,22747.18203250
WEEKLY_TR_COST_STRESS_1P5X,2017-08-24,22601.68203250
WEEKLY_TR_COST_STRESS_1P5X,2017-08-25,22814.68203250
WEEKLY_TR_COST_STRESS_1P5X,2017-08-28,23120.68203250
WEEKLY_TR_COST_STRESS_1P5X,2017-08-29,23014.18203250
WEEKLY_TR_COST_STRESS_1P5X,2017-08-30,23162.68203250
WEEKLY_TR_COST_STRESS_1P5X,2017-08-31,23251.18203250
WEEKLY_TR_COST_STRESS_1P5X,2017-09-01,23422.18203250
WEEKLY_TR_COST_STRESS_1P5X,2017-09-04,23584.18203250
WEEKLY_TR_COST_STRESS_1P5X,2017-09-05,23591.68203250
WEEKLY_TR_COST_STRESS_1P5X,2017-09-06,23750.68203250
WEEKLY_TR_COST_STRESS_1P5X,2017-09-07,23596.18203250
WEEKLY_TR_COST_STRESS_1P5X,2017-09-08,23575.18203250
WEEKLY_TR_COST_STRESS_1P5X,2017-09-11,23797.18203250
WEEKLY_TR_COST_STRESS_1P5X,2017-09-12,23689.18203250
WEEKLY_TR_COST_STRESS_1P5X,2017-09-13,23783.68203250
WEEKLY_TR_COST_STRESS_1P5X,2017-09-14,23701.18203250
WEEKLY_TR_COST_STRESS_1P5X,2017-09-15,23590.18203250
WEEKLY_TR_COST_STRESS_1P5X,2017-09-18,23713.24063750
WEEKLY_TR_COST_STRESS_1P5X,2017-09-19,23555.74063750
WEEKLY_TR_COST_STRESS_1P5X,2017-09-20,23712.34063750
WEEKLY_TR_COST_STRESS_1P5X,2017-09-21,23592.04063750
WEEKLY_TR_COST_STRESS_1P5X,2017-09-22,23484.34063750
WEEKLY_TR_COST_STRESS_1P5X,2017-09-25,23202.41615250
WEEKLY_TR_COST_STRESS_1P5X,2017-09-26,23223.81615250
WEEKLY_TR_COST_STRESS_1P5X,2017-09-27,23381.71615250
WEEKLY_TR_COST_STRESS_1P5X,2017-09-28,23408.31615250
WEEKLY_TR_COST_STRESS_1P5X,2017-09-29,23583.41615250
WEEKLY_TR_COST_STRESS_1P5X,2017-10-09,23693.39787750
WEEKLY_TR_COST_STRESS_1P5X,2017-10-10,23740.89787750
WEEKLY_TR_COST_STRESS_1P5X,2017-10-11,23721.39787750
WEEKLY_TR_COST_STRESS_1P5X,2017-10-12,23746.09787750
WEEKLY_TR_COST_STRESS_1P5X,2017-10-13,23849.39787750
WEEKLY_TR_COST_STRESS_1P5X,2017-10-16,23540.72322750
WEEKLY_TR_COST_STRESS_1P5X,2017-10-17,23477.52322750
WEEKLY_TR_COST_STRESS_1P5X,2017-10-18,23493.52322750
WEEKLY_TR_COST_STRESS_1P5X,2017-10-19,23447.52322750
WEEKLY_TR_COST_STRESS_1P5X,2017-10-20,23552.52322750
WEEKLY_TR_COST_STRESS_1P5X,2017-10-23,23653.32322750
WEEKLY_TR_COST_STRESS_1P5X,2017-10-24,23755.72322750
WEEKLY_TR_COST_STRESS_1P5X,2017-10-25,23824.32322750
WEEKLY_TR_COST_STRESS_1P5X,2017-10-26,23928.72322750
WEEKLY_TR_COST_STRESS_1P5X,2017-10-27,23853.12322750
WEEKLY_TR_COST_STRESS_1P5X,2017-10-30,23591.72322750
WEEKLY_TR_COST_STRESS_1P5X,2017-10-31,23636.12322750
WEEKLY_TR_COST_STRESS_1P5X,2017-11-01,23576.52322750
WEEKLY_TR_COST_STRESS_1P5X,2017-11-02,23455.52322750
WEEKLY_TR_COST_STRESS_1P5X,2017-11-03,23351.52322750
WEEKLY_TR_COST_STRESS_1P5X,2017-11-06,23572.72322750
WEEKLY_TR_COST_STRESS_1P5X,2017-11-07,23711.52322750
WEEKLY_TR_COST_STRESS_1P5X,2017-11-08,23717.12322750
WEEKLY_TR_COST_STRESS_1P5X,2017-11-09,23878.92322750
WEEKLY_TR_COST_STRESS_1P5X,2017-11-10,24096.92322750
WEEKLY_TR_COST_STRESS_1P5X,2017-11-13,24132.11431250
WEEKLY_TR_COST_STRESS_1P5X,2017-11-14,23972.41431250
WEEKLY_TR_COST_STRESS_1P5X,2017-11-15,23766.91431250
WEEKLY_TR_COST_STRESS_1P5X,2017-11-16,23895.31431250
WEEKLY_TR_COST_STRESS_1P5X,2017-11-17,23633.81431250
WEEKLY_TR_COST_STRESS_1P5X,2017-11-20,23796.11431250
WEEKLY_TR_COST_STRESS_1P5X,2017-11-21,24053.91431250
WEEKLY_TR_COST_STRESS_1P5X,2017-11-22,24007.81431250
WEEKLY_TR_COST_STRESS_1P5X,2017-11-23,23402.21431250
WEEKLY_TR_COST_STRESS_1P5X,2017-11-24,23432.11431250
WEEKLY_TR_COST_STRESS_1P5X,2017-11-27,23125.91431250
WEEKLY_TR_COST_STRESS_1P5X,2017-11-28,23329.81431250
WEEKLY_TR_COST_STRESS_1P5X,2017-11-29,23350.91431250
WEEKLY_TR_COST_STRESS_1P5X,2017-11-30,23161.21431250
WEEKLY_TR_COST_STRESS_1P5X,2017-12-01,23236.51431250
WEEKLY_TR_COST_STRESS_1P5X,2017-12-04,23223.71431250
WEEKLY_TR_COST_STRESS_1P5X,2017-12-05,23072.71431250
WEEKLY_TR_COST_STRESS_1P5X,2017-12-06,23035.61431250
WEEKLY_TR_COST_STRESS_1P5X,2017-12-07,22857.51431250
WEEKLY_TR_COST_STRESS_1P5X,2017-12-08,23065.41431250
WEEKLY_TR_COST_STRESS_1P5X,2017-12-11,23383.61431250
WEEKLY_TR_COST_STRESS_1P5X,2017-12-12,23129.11431250
WEEKLY_TR_COST_STRESS_1P5X,2017-12-13,23290.01431250
WEEKLY_TR_COST_STRESS_1P5X,2017-12-14,23278.71431250
WEEKLY_TR_COST_STRESS_1P5X,2017-12-15,23058.81431250
WEEKLY_TR_COST_STRESS_1P5X,2017-12-18,22930.70916750
WEEKLY_TR_COST_STRESS_1P5X,2017-12-19,23104.80916750
WEEKLY_TR_COST_STRESS_1P5X,2017-12-20,22895.60916750
WEEKLY_TR_COST_STRESS_1P5X,2017-12-21,22993.80916750
WEEKLY_TR_COST_STRESS_1P5X,2017-12-22,22963.30916750
WEEKLY_TR_COST_STRESS_1P5X,2017-12-25,22745.20916750
WEEKLY_TR_COST_STRESS_1P5X,2017-12-26,22821.90916750
WEEKLY_TR_COST_STRESS_1P5X,2017-12-27,22646.50916750
WEEKLY_TR_COST_STRESS_1P5X,2017-12-28,22740.20916750
WEEKLY_TR_COST_STRESS_1P5X,2017-12-29,22881.90916750
WEEKLY_TR_COST_STRESS_1P5X,2018-01-02,23151.38316750
WEEKLY_TR_COST_STRESS_1P5X,2018-01-03,23270.88316750
WEEKLY_TR_COST_STRESS_1P5X,2018-01-04,23342.38316750
WEEKLY_TR_COST_STRESS_1P5X,2018-01-05,23400.38316750
WEEKLY_TR_COST_STRESS_1P5X,2018-01-08,23489.38316750
WEEKLY_TR_COST_STRESS_1P5X,2018-01-09,23565.38316750
WEEKLY_TR_COST_STRESS_1P5X,2018-01-10,23559.38316750
WEEKLY_TR_COST_STRESS_1P5X,2018-01-11,23568.38316750
WEEKLY_TR_COST_STRESS_1P5X,2018-01-12,23574.88316750
WEEKLY_TR_COST_STRESS_1P5X,2018-01-15,23338.88316750
WEEKLY_TR_COST_STRESS_1P5X,2018-01-16,23498.88316750
WEEKLY_TR_COST_STRESS_1P5X,2018-01-17,23409.38316750
WEEKLY_TR_COST_STRESS_1P5X,2018-01-18,23516.88316750
WEEKLY_TR_COST_STRESS_1P5X,2018-01-19,23518.38316750
WEEKLY_TR_COST_STRESS_1P5X,2018-01-22,23781.88316750
WEEKLY_TR_COST_STRESS_1P5X,2018-01-23,23905.38316750
WEEKLY_TR_COST_STRESS_1P5X,2018-01-24,23989.38316750
WEEKLY_TR_COST_STRESS_1P5X,2018-01-25,23904.38316750
WEEKLY_TR_COST_STRESS_1P5X,2018-01-26,23968.38316750
WEEKLY_TR_COST_STRESS_1P5X,2018-01-29,23611.24499250
WEEKLY_TR_COST_STRESS_1P5X,2018-01-30,23414.44499250
WEEKLY_TR_COST_STRESS_1P5X,2018-01-31,23112.14499250
WEEKLY_TR_COST_STRESS_1P5X,2018-02-01,22851.14499250
WEEKLY_TR_COST_STRESS_1P5X,2018-02-02,22940.94499250
WEEKLY_TR_COST_STRESS_1P5X,2018-02-05,22850.34499250
WEEKLY_TR_COST_STRESS_1P5X,2018-02-06,21998.54499250
WEEKLY_TR_COST_STRESS_1P5X,2018-02-07,21865.14499250
WEEKLY_TR_COST_STRESS_1P5X,2018-02-08,21937.64499250
WEEKLY_TR_COST_STRESS_1P5X,2018-02-09,21189.94499250
WEEKLY_TR_COST_STRESS_1P5X,2018-02-12,21643.64499250
WEEKLY_TR_COST_STRESS_1P5X,2018-02-13,21785.94499250
WEEKLY_TR_COST_STRESS_1P5X,2018-02-14,21823.84499250
WEEKLY_TR_COST_STRESS_1P5X,2018-02-22,22221.04499250
WEEKLY_TR_COST_STRESS_1P5X,2018-02-23,22226.44499250
WEEKLY_TR_COST_STRESS_1P5X,2018-02-26,22716.04499250
WEEKLY_TR_COST_STRESS_1P5X,2018-02-27,22624.34499250
WEEKLY_TR_COST_STRESS_1P5X,2018-02-28,22596.24499250
WEEKLY_TR_COST_STRESS_1P5X,2018-03-01,22891.94499250
WEEKLY_TR_COST_STRESS_1P5X,2018-03-02,22712.84499250
WEEKLY_TR_COST_STRESS_1P5X,2018-03-05,22804.84631750
WEEKLY_TR_COST_STRESS_1P5X,2018-03-06,22960.74631750
WEEKLY_TR_COST_STRESS_1P5X,2018-03-07,22777.74631750
WEEKLY_TR_COST_STRESS_1P5X,2018-03-08,22913.24631750
WEEKLY_TR_COST_STRESS_1P5X,2018-03-09,23473.34631750
WEEKLY_TR_COST_STRESS_1P5X,2018-03-12,23721.14631750
WEEKLY_TR_COST_STRESS_1P5X,2018-03-13,23610.54631750
WEEKLY_TR_COST_STRESS_1P5X,2018-03-14,23317.54631750
WEEKLY_TR_COST_STRESS_1P5X,2018-03-15,23304.44631750
WEEKLY_TR_COST_STRESS_1P5X,2018-03-16,23088.24631750
WEEKLY_TR_COST_STRESS_1P5X,2018-03-19,23250.24631750
WEEKLY_TR_COST_STRESS_1P5X,2018-03-20,23401.44631750
WEEKLY_TR_COST_STRESS_1P5X,2018-03-21,23072.64631750
WEEKLY_TR_COST_STRESS_1P5X,2018-03-22,23016.14631750
WEEKLY_TR_COST_STRESS_1P5X,2018-03-23,21938.84631750
WEEKLY_TR_COST_STRESS_1P5X,2018-03-26,22445.14631750
WEEKLY_TR_COST_STRESS_1P5X,2018-03-27,23067.24631750
WEEKLY_TR_COST_STRESS_1P5X,2018-03-28,22903.24631750
WEEKLY_TR_COST_STRESS_1P5X,2018-03-29,23063.74631750
WEEKLY_TR_COST_STRESS_1P5X,2018-03-30,23515.34631750
WEEKLY_TR_COST_STRESS_1P5X,2018-04-02,23482.64631750
WEEKLY_TR_COST_STRESS_1P5X,2018-04-03,23254.64631750
WEEKLY_TR_COST_STRESS_1P5X,2018-04-04,22976.24631750
WEEKLY_TR_COST_STRESS_1P5X,2018-04-09,23022.74631750
WEEKLY_TR_COST_STRESS_1P5X,2018-04-10,23070.64631750
WEEKLY_TR_COST_STRESS_1P5X,2018-04-11,23069.94631750
WEEKLY_TR_COST_STRESS_1P5X,2018-04-12,22960.64631750
WEEKLY_TR_COST_STRESS_1P5X,2018-04-13,22933.14631750
WEEKLY_TR_COST_STRESS_1P5X,2018-04-16,22994.24631750
WEEKLY_TR_COST_STRESS_1P5X,2018-04-17,22490.14631750
WEEKLY_TR_COST_STRESS_1P5X,2018-04-18,22812.44631750
WEEKLY_TR_COST_STRESS_1P5X,2018-04-19,22842.14631750
WEEKLY_TR_COST_STRESS_1P5X,2018-04-20,22475.44631750
WEEKLY_TR_COST_STRESS_1P5X,2018-04-23,22179.14631750
WEEKLY_TR_COST_STRESS_1P5X,2018-04-24,22704.34631750
WEEKLY_TR_COST_STRESS_1P5X,2018-04-25,22774.94631750
WEEKLY_TR_COST_STRESS_1P5X,2018-04-26,22388.34631750
WEEKLY_TR_COST_STRESS_1P5X,2018-04-27,22590.14631750
WEEKLY_TR_COST_STRESS_1P5X,2018-05-02,22527.94631750
WEEKLY_TR_COST_STRESS_1P5X,2018-05-03,22776.44631750
WEEKLY_TR_COST_STRESS_1P5X,2018-05-04,22684.64631750
WEEKLY_TR_COST_STRESS_1P5X,2018-05-07,23031.34531250
WEEKLY_TR_COST_STRESS_1P5X,2018-05-08,23214.34531250
WEEKLY_TR_COST_STRESS_1P5X,2018-05-09,23144.64531250
WEEKLY_TR_COST_STRESS_1P5X,2018-05-10,23256.44531250
WEEKLY_TR_COST_STRESS_1P5X,2018-05-11,23114.34531250
WEEKLY_TR_COST_STRESS_1P5X,2018-05-14,23039.55349750
WEEKLY_TR_COST_STRESS_1P5X,2018-05-15,23303.55349750
WEEKLY_TR_COST_STRESS_1P5X,2018-05-16,23211.95349750
WEEKLY_TR_COST_STRESS_1P5X,2018-05-17,23051.95349750
WEEKLY_TR_COST_STRESS_1P5X,2018-05-18,23127.95349750
WEEKLY_TR_COST_STRESS_1P5X,2018-05-21,23265.05784750
WEEKLY_TR_COST_STRESS_1P5X,2018-05-22,23265.05784750
WEEKLY_TR_COST_STRESS_1P5X,2018-05-23,22996.45784750
WEEKLY_TR_COST_STRESS_1P5X,2018-05-24,22883.85784750
WEEKLY_TR_COST_STRESS_1P5X,2018-05-25,22726.05784750
WEEKLY_TR_COST_STRESS_1P5X,2018-05-28,22769.25784750
WEEKLY_TR_COST_STRESS_1P5X,2018-05-29,22550.85784750
WEEKLY_TR_COST_STRESS_1P5X,2018-05-30,22138.05784750
WEEKLY_TR_COST_STRESS_1P5X,2018-05-31,22449.25784750
WEEKLY_TR_COST_STRESS_1P5X,2018-06-01,22268.05784750
WEEKLY_TR_COST_STRESS_1P5X,2018-06-04,22362.65784750
WEEKLY_TR_COST_STRESS_1P5X,2018-06-05,22609.05784750
WEEKLY_TR_COST_STRESS_1P5X,2018-06-06,22581.25784750
WEEKLY_TR_COST_STRESS_1P5X,2018-06-07,22525.85784750
WEEKLY_TR_COST_STRESS_1P5X,2018-06-08,22274.85784750
WEEKLY_TR_COST_STRESS_1P5X,2018-06-11,22241.65784750
WEEKLY_TR_COST_STRESS_1P5X,2018-06-12,22418.85784750
WEEKLY_TR_COST_STRESS_1P5X,2018-06-13,22181.45784750
WEEKLY_TR_COST_STRESS_1P5X,2018-06-14,22139.45784750
WEEKLY_TR_COST_STRESS_1P5X,2018-06-15,21955.85784750
WEEKLY_TR_COST_STRESS_1P5X,2018-06-19,21029.05784750
WEEKLY_TR_COST_STRESS_1P5X,2018-06-20,21105.85784750
WEEKLY_TR_COST_STRESS_1P5X,2018-06-21,20872.65784750
WEEKLY_TR_COST_STRESS_1P5X,2018-06-22,21026.25784750
WEEKLY_TR_COST_STRESS_1P5X,2018-06-25,20813.65784750
WEEKLY_TR_COST_STRESS_1P5X,2018-06-26,20797.85784750
WEEKLY_TR_COST_STRESS_1P5X,2018-06-27,20461.05784750
WEEKLY_TR_COST_STRESS_1P5X,2018-06-28,20345.05784750
WEEKLY_TR_COST_STRESS_1P5X,2018-06-29,20882.45784750
WEEKLY_TR_COST_STRESS_1P5X,2018-07-02,20497.39835750
WEEKLY_TR_COST_STRESS_1P5X,2018-07-03,20567.29835750
WEEKLY_TR_COST_STRESS_1P5X,2018-07-04,20266.29835750
WEEKLY_TR_COST_STRESS_1P5X,2018-07-05,19986.09835750
WEEKLY_TR_COST_STRESS_1P5X,2018-07-06,20134.69835750
WEEKLY_TR_COST_STRESS_1P5X,2018-07-09,20636.09835750
WEEKLY_TR_COST_STRESS_1P5X,2018-07-10,20732.69835750
WEEKLY_TR_COST_STRESS_1P5X,2018-07-11,20411.09835750
WEEKLY_TR_COST_STRESS_1P5X,2018-07-12,20944.09835750
WEEKLY_TR_COST_STRESS_1P5X,2018-07-13,20971.89835750
WEEKLY_TR_COST_STRESS_1P5X,2018-07-16,20932.89835750
WEEKLY_TR_COST_STRESS_1P5X,2018-07-17,20881.79835750
WEEKLY_TR_COST_STRESS_1P5X,2018-07-18,20773.09835750
WEEKLY_TR_COST_STRESS_1P5X,2018-07-19,20668.49835750
WEEKLY_TR_COST_STRESS_1P5X,2018-07-20,20970.79835750
WEEKLY_TR_COST_STRESS_1P5X,2018-07-23,21041.58447250
WEEKLY_TR_COST_STRESS_1P5X,2018-07-24,21254.58447250
WEEKLY_TR_COST_STRESS_1P5X,2018-07-25,21268.48447250
WEEKLY_TR_COST_STRESS_1P5X,2018-07-26,21108.68447250
WEEKLY_TR_COST_STRESS_1P5X,2018-07-27,20961.78447250
WEEKLY_TR_COST_STRESS_1P5X,2018-07-30,20721.83877250
WEEKLY_TR_COST_STRESS_1P5X,2018-07-31,20776.03877250
WEEKLY_TR_COST_STRESS_1P5X,2018-08-01,20421.83877250
WEEKLY_TR_COST_STRESS_1P5X,2018-08-02,20006.53877250
WEEKLY_TR_COST_STRESS_1P5X,2018-08-03,19795.03877250
WEEKLY_TR_COST_STRESS_1P5X,2018-08-06,19517.03877250
WEEKLY_TR_COST_STRESS_1P5X,2018-08-07,19974.73877250
WEEKLY_TR_COST_STRESS_1P5X,2018-08-08,19730.83877250
WEEKLY_TR_COST_STRESS_1P5X,2018-08-09,20164.13877250
WEEKLY_TR_COST_STRESS_1P5X,2018-08-10,20217.13877250
WEEKLY_TR_COST_STRESS_1P5X,2018-08-13,20234.23877250
WEEKLY_TR_COST_STRESS_1P5X,2018-08-14,20149.33877250
WEEKLY_TR_COST_STRESS_1P5X,2018-08-15,19755.93877250
WEEKLY_TR_COST_STRESS_1P5X,2018-08-16,19641.33877250
WEEKLY_TR_COST_STRESS_1P5X,2018-08-17,19350.63877250
WEEKLY_TR_COST_STRESS_1P5X,2018-08-20,19490.93877250
WEEKLY_TR_COST_STRESS_1P5X,2018-08-21,19727.53877250
WEEKLY_TR_COST_STRESS_1P5X,2018-08-22,19654.13877250
WEEKLY_TR_COST_STRESS_1P5X,2018-08-23,19722.63877250
WEEKLY_TR_COST_STRESS_1P5X,2018-08-24,19703.33877250
WEEKLY_TR_COST_STRESS_1P5X,2018-08-27,20141.93877250
WEEKLY_TR_COST_STRESS_1P5X,2018-08-28,20126.13877250
WEEKLY_TR_COST_STRESS_1P5X,2018-08-29,20046.43877250
WEEKLY_TR_COST_STRESS_1P5X,2018-08-30,19823.73877250
WEEKLY_TR_COST_STRESS_1P5X,2018-08-31,19659.23877250
WEEKLY_TR_COST_STRESS_1P5X,2018-09-03,19681.83877250
WEEKLY_TR_COST_STRESS_1P5X,2018-09-04,19848.73877250
WEEKLY_TR_COST_STRESS_1P5X,2018-09-05,19552.83877250
WEEKLY_TR_COST_STRESS_1P5X,2018-09-06,19438.33877250
WEEKLY_TR_COST_STRESS_1P5X,2018-09-07,19481.93877250
WEEKLY_TR_COST_STRESS_1P5X,2018-09-10,19224.53877250
WEEKLY_TR_COST_STRESS_1P5X,2018-09-11,19181.43877250
WEEKLY_TR_COST_STRESS_1P5X,2018-09-12,19094.43877250
WEEKLY_TR_COST_STRESS_1P5X,2018-09-13,19233.03877250
WEEKLY_TR_COST_STRESS_1P5X,2018-09-14,19155.93877250
WEEKLY_TR_COST_STRESS_1P5X,2018-09-17,18973.33877250
WEEKLY_TR_COST_STRESS_1P5X,2018-09-18,19259.53877250
WEEKLY_TR_COST_STRESS_1P5X,2018-09-19,19476.83877250
WEEKLY_TR_COST_STRESS_1P5X,2018-09-20,19469.93877250
WEEKLY_TR_COST_STRESS_1P5X,2018-09-21,19908.73877250
WEEKLY_TR_COST_STRESS_1P5X,2018-09-25,19770.13877250
WEEKLY_TR_COST_STRESS_1P5X,2018-09-26,19885.93877250
WEEKLY_TR_COST_STRESS_1P5X,2018-09-27,19756.83877250
WEEKLY_TR_COST_STRESS_1P5X,2018-09-28,19964.33877250
WEEKLY_TR_COST_STRESS_1P5X,2018-10-08,19224.13877250
WEEKLY_TR_COST_STRESS_1P5X,2018-10-09,19216.83877250
WEEKLY_TR_COST_STRESS_1P5X,2018-10-10,19209.93877250
WEEKLY_TR_COST_STRESS_1P5X,2018-10-11,18130.33877250
WEEKLY_TR_COST_STRESS_1P5X,2018-10-12,18253.13877250
WEEKLY_TR_COST_STRESS_1P5X,2018-10-15,17998.33877250
WEEKLY_TR_COST_STRESS_1P5X,2018-10-16,17802.63877250
WEEKLY_TR_COST_STRESS_1P5X,2018-10-17,17863.53877250
WEEKLY_TR_COST_STRESS_1P5X,2018-10-18,17516.63877250
WEEKLY_TR_COST_STRESS_1P5X,2018-10-19,17873.33877250
WEEKLY_TR_COST_STRESS_1P5X,2018-10-22,18723.98152250
WEEKLY_TR_COST_STRESS_1P5X,2018-10-23,18252.98152250
WEEKLY_TR_COST_STRESS_1P5X,2018-10-24,18232.98152250
WEEKLY_TR_COST_STRESS_1P5X,2018-10-25,18207.98152250
WEEKLY_TR_COST_STRESS_1P5X,2018-10-26,18040.98152250
WEEKLY_TR_COST_STRESS_1P5X,2018-10-29,17726.98152250
WEEKLY_TR_COST_STRESS_1P5X,2018-10-30,17897.48152250
WEEKLY_TR_COST_STRESS_1P5X,2018-10-31,18067.98152250
WEEKLY_TR_COST_STRESS_1P5X,2018-11-01,18196.98152250
WEEKLY_TR_COST_STRESS_1P5X,2018-11-02,18950.48152250
WEEKLY_TR_COST_STRESS_1P5X,2018-11-05,18816.98152250
WEEKLY_TR_COST_STRESS_1P5X,2018-11-06,18757.98152250
WEEKLY_TR_COST_STRESS_1P5X,2018-11-07,18664.48152250
WEEKLY_TR_COST_STRESS_1P5X,2018-11-08,18546.48152250
WEEKLY_TR_COST_STRESS_1P5X,2018-11-09,18411.48152250
WEEKLY_TR_COST_STRESS_1P5X,2018-11-12,18884.50024250
WEEKLY_TR_COST_STRESS_1P5X,2018-11-13,19182.50024250
WEEKLY_TR_COST_STRESS_1P5X,2018-11-14,19106.10024250
WEEKLY_TR_COST_STRESS_1P5X,2018-11-15,19356.30024250
WEEKLY_TR_COST_STRESS_1P5X,2018-11-16,19381.30024250
WEEKLY_TR_COST_STRESS_1P5X,2018-11-19,19339.20024250
WEEKLY_TR_COST_STRESS_1P5X,2018-11-20,18893.80024250
WEEKLY_TR_COST_STRESS_1P5X,2018-11-21,18932.00024250
WEEKLY_TR_COST_STRESS_1P5X,2018-11-22,18873.50024250
WEEKLY_TR_COST_STRESS_1P5X,2018-11-23,18282.80024250
WEEKLY_TR_COST_STRESS_1P5X,2018-11-26,18272.10024250
WEEKLY_TR_COST_STRESS_1P5X,2018-11-27,18371.40024250
WEEKLY_TR_COST_STRESS_1P5X,2018-11-28,18644.70024250
WEEKLY_TR_COST_STRESS_1P5X,2018-11-29,18286.50024250
WEEKLY_TR_COST_STRESS_1P5X,2018-11-30,18441.20024250
WEEKLY_TR_COST_STRESS_1P5X,2018-12-03,18993.50024250
WEEKLY_TR_COST_STRESS_1P5X,2018-12-04,19058.30024250
WEEKLY_TR_COST_STRESS_1P5X,2018-12-05,19003.90024250
WEEKLY_TR_COST_STRESS_1P5X,2018-12-06,18599.60024250
WEEKLY_TR_COST_STRESS_1P5X,2018-12-07,18568.80024250
WEEKLY_TR_COST_STRESS_1P5X,2018-12-10,18398.70024250
WEEKLY_TR_COST_STRESS_1P5X,2018-12-11,18568.20024250
WEEKLY_TR_COST_STRESS_1P5X,2018-12-12,18543.00024250
WEEKLY_TR_COST_STRESS_1P5X,2018-12-13,18727.00024250
WEEKLY_TR_COST_STRESS_1P5X,2018-12-14,18304.90024250
WEEKLY_TR_COST_STRESS_1P5X,2018-12-17,18206.14376750
WEEKLY_TR_COST_STRESS_1P5X,2018-12-18,18048.34376750
WEEKLY_TR_COST_STRESS_1P5X,2018-12-19,17851.94376750
WEEKLY_TR_COST_STRESS_1P5X,2018-12-20,17842.04376750
WEEKLY_TR_COST_STRESS_1P5X,2018-12-21,17703.74376750
WEEKLY_TR_COST_STRESS_1P5X,2018-12-24,17811.53704250
WEEKLY_TR_COST_STRESS_1P5X,2018-12-25,17651.03704250
WEEKLY_TR_COST_STRESS_1P5X,2018-12-26,17584.83704250
WEEKLY_TR_COST_STRESS_1P5X,2018-12-27,17366.13704250
WEEKLY_TR_COST_STRESS_1P5X,2018-12-28,17389.33704250
WEEKLY_TR_COST_STRESS_1P5X,2019-01-02,17189.47914250
WEEKLY_TR_COST_STRESS_1P5X,2019-01-03,17170.77914250
WEEKLY_TR_COST_STRESS_1P5X,2019-01-04,17567.27914250
WEEKLY_TR_COST_STRESS_1P5X,2019-01-07,17732.37914250
WEEKLY_TR_COST_STRESS_1P5X,2019-01-08,17715.37914250
WEEKLY_TR_COST_STRESS_1P5X,2019-01-09,17767.77914250
WEEKLY_TR_COST_STRESS_1P5X,2019-01-10,17788.87914250
WEEKLY_TR_COST_STRESS_1P5X,2019-01-11,17887.17914250
WEEKLY_TR_COST_STRESS_1P5X,2019-01-14,17778.87914250
WEEKLY_TR_COST_STRESS_1P5X,2019-01-15,18035.17914250
WEEKLY_TR_COST_STRESS_1P5X,2019-01-16,18021.57914250
WEEKLY_TR_COST_STRESS_1P5X,2019-01-17,17916.17914250
WEEKLY_TR_COST_STRESS_1P5X,2019-01-18,18134.47914250
WEEKLY_TR_COST_STRESS_1P5X,2019-01-21,18205.87914250
WEEKLY_TR_COST_STRESS_1P5X,2019-01-22,17990.27914250
WEEKLY_TR_COST_STRESS_1P5X,2019-01-23,17978.77914250
WEEKLY_TR_COST_STRESS_1P5X,2019-01-24,18093.17914250
WEEKLY_TR_COST_STRESS_1P5X,2019-01-25,18114.07914250
WEEKLY_TR_COST_STRESS_1P5X,2019-01-28,18076.87914250
WEEKLY_TR_COST_STRESS_1P5X,2019-01-29,18008.17914250
WEEKLY_TR_COST_STRESS_1P5X,2019-01-30,17899.57914250
WEEKLY_TR_COST_STRESS_1P5X,2019-01-31,17925.27914250
WEEKLY_TR_COST_STRESS_1P5X,2019-02-01,18287.27914250
WEEKLY_TR_COST_STRESS_1P5X,2019-02-11,18569.77914250
WEEKLY_TR_COST_STRESS_1P5X,2019-02-12,18672.27914250
WEEKLY_TR_COST_STRESS_1P5X,2019-02-13,18992.67914250
WEEKLY_TR_COST_STRESS_1P5X,2019-02-14,19036.67914250
WEEKLY_TR_COST_STRESS_1P5X,2019-02-15,18838.87914250
WEEKLY_TR_COST_STRESS_1P5X,2019-02-18,19400.50374250
WEEKLY_TR_COST_STRESS_1P5X,2019-02-19,19307.60374250
WEEKLY_TR_COST_STRESS_1P5X,2019-02-20,19342.90374250
WEEKLY_TR_COST_STRESS_1P5X,2019-02-21,19377.70374250
WEEKLY_TR_COST_STRESS_1P5X,2019-02-22,19934.10374250
WEEKLY_TR_COST_STRESS_1P5X,2019-02-25,21107.00374250
WEEKLY_TR_COST_STRESS_1P5X,2019-02-26,20811.30374250
WEEKLY_TR_COST_STRESS_1P5X,2019-02-27,20626.90374250
WEEKLY_TR_COST_STRESS_1P5X,2019-02-28,20686.20374250
WEEKLY_TR_COST_STRESS_1P5X,2019-03-01,21065.70374250
WEEKLY_TR_COST_STRESS_1P5X,2019-03-04,21562.25590250
WEEKLY_TR_COST_STRESS_1P5X,2019-03-05,22200.05590250
WEEKLY_TR_COST_STRESS_1P5X,2019-03-06,22512.75590250
WEEKLY_TR_COST_STRESS_1P5X,2019-03-07,22505.85590250
WEEKLY_TR_COST_STRESS_1P5X,2019-03-08,21950.05590250
WEEKLY_TR_COST_STRESS_1P5X,2019-03-11,22759.05590250
WEEKLY_TR_COST_STRESS_1P5X,2019-03-12,23156.15590250
WEEKLY_TR_COST_STRESS_1P5X,2019-03-13,22434.55590250
WEEKLY_TR_COST_STRESS_1P5X,2019-03-14,21988.05590250
WEEKLY_TR_COST_STRESS_1P5X,2019-03-15,22130.65590250
WEEKLY_TR_COST_STRESS_1P5X,2019-03-18,22720.75590250
WEEKLY_TR_COST_STRESS_1P5X,2019-03-19,22695.85590250
WEEKLY_TR_COST_STRESS_1P5X,2019-03-20,22573.55590250
WEEKLY_TR_COST_STRESS_1P5X,2019-03-21,22770.85590250
WEEKLY_TR_COST_STRESS_1P5X,2019-03-22,22842.45590250
WEEKLY_TR_COST_STRESS_1P5X,2019-03-25,22551.95590250
WEEKLY_TR_COST_STRESS_1P5X,2019-03-26,21988.95590250
WEEKLY_TR_COST_STRESS_1P5X,2019-03-27,22184.05590250
WEEKLY_TR_COST_STRESS_1P5X,2019-03-28,21970.25590250
WEEKLY_TR_COST_STRESS_1P5X,2019-03-29,22725.05590250
WEEKLY_TR_COST_STRESS_1P5X,2019-04-01,23558.55590250
WEEKLY_TR_COST_STRESS_1P5X,2019-04-02,23475.65590250
WEEKLY_TR_COST_STRESS_1P5X,2019-04-03,23709.65590250
WEEKLY_TR_COST_STRESS_1P5X,2019-04-04,23812.75590250
WEEKLY_TR_COST_STRESS_1P5X,2019-04-08,23555.89313250
WEEKLY_TR_COST_STRESS_1P5X,2019-04-09,23664.19313250
WEEKLY_TR_COST_STRESS_1P5X,2019-04-10,23654.29313250
WEEKLY_TR_COST_STRESS_1P5X,2019-04-11,23292.09313250
WEEKLY_TR_COST_STRESS_1P5X,2019-04-12,23228.49313250
WEEKLY_TR_COST_STRESS_1P5X,2019-04-15,23025.79313250
WEEKLY_TR_COST_STRESS_1P5X,2019-04-16,23580.89313250
WEEKLY_TR_COST_STRESS_1P5X,2019-04-17,23573.59313250
WEEKLY_TR_COST_STRESS_1P5X,2019-04-18,23519.69313250
WEEKLY_TR_COST_STRESS_1P5X,2019-04-19,23765.79313250
WEEKLY_TR_COST_STRESS_1P5X,2019-04-22,23324.59313250
WEEKLY_TR_COST_STRESS_1P5X,2019-04-23,23110.89313250
WEEKLY_TR_COST_STRESS_1P5X,2019-04-24,23226.79313250
WEEKLY_TR_COST_STRESS_1P5X,2019-04-25,22643.79313250
WEEKLY_TR_COST_STRESS_1P5X,2019-04-26,22411.59313250
WEEKLY_TR_COST_STRESS_1P5X,2019-04-29,22179.75131750
WEEKLY_TR_COST_STRESS_1P5X,2019-04-30,22210.15131750
WEEKLY_TR_COST_STRESS_1P5X,2019-05-06,20892.99484750
WEEKLY_TR_COST_STRESS_1P5X,2019-05-07,21064.19484750
WEEKLY_TR_COST_STRESS_1P5X,2019-05-08,20897.99484750
WEEKLY_TR_COST_STRESS_1P5X,2019-05-09,20694.39484750
WEEKLY_TR_COST_STRESS_1P5X,2019-05-10,21306.79484750
WEEKLY_TR_COST_STRESS_1P5X,2019-05-13,20907.17617750
WEEKLY_TR_COST_STRESS_1P5X,2019-05-14,20794.37617750
WEEKLY_TR_COST_STRESS_1P5X,2019-05-15,21201.77617750
WEEKLY_TR_COST_STRESS_1P5X,2019-05-16,21288.17617750
WEEKLY_TR_COST_STRESS_1P5X,2019-05-17,20726.57617750
WEEKLY_TR_COST_STRESS_1P5X,2019-05-20,20563.17617750
WEEKLY_TR_COST_STRESS_1P5X,2019-05-21,20831.97617750
WEEKLY_TR_COST_STRESS_1P5X,2019-05-22,20788.77617750
WEEKLY_TR_COST_STRESS_1P5X,2019-05-23,20406.97617750
WEEKLY_TR_COST_STRESS_1P5X,2019-05-24,20369.77617750
WEEKLY_TR_COST_STRESS_1P5X,2019-05-27,20661.87572750
WEEKLY_TR_COST_STRESS_1P5X,2019-05-28,20687.37572750
WEEKLY_TR_COST_STRESS_1P5X,2019-05-29,20695.97572750
WEEKLY_TR_COST_STRESS_1P5X,2019-05-30,20663.57572750
WEEKLY_TR_COST_STRESS_1P5X,2019-05-31,20572.57572750
WEEKLY_TR_COST_STRESS_1P5X,2019-06-03,20523.67572750
WEEKLY_TR_COST_STRESS_1P5X,2019-06-04,20318.87572750
WEEKLY_TR_COST_STRESS_1P5X,2019-06-05,20267.47572750
WEEKLY_TR_COST_STRESS_1P5X,2019-06-06,19991.37572750
WEEKLY_TR_COST_STRESS_1P5X,2019-06-10,20180.57544750
WEEKLY_TR_COST_STRESS_1P5X,2019-06-11,20814.07544750
WEEKLY_TR_COST_STRESS_1P5X,2019-06-12,20627.07544750
WEEKLY_TR_COST_STRESS_1P5X,2019-06-13,20674.57544750
WEEKLY_TR_COST_STRESS_1P5X,2019-06-14,20457.07544750
WEEKLY_TR_COST_STRESS_1P5X,2019-06-17,20419.07544750
WEEKLY_TR_COST_STRESS_1P5X,2019-06-18,20504.07544750
WEEKLY_TR_COST_STRESS_1P5X,2019-06-19,20749.57544750
WEEKLY_TR_COST_STRESS_1P5X,2019-06-20,21182.07544750
WEEKLY_TR_COST_STRESS_1P5X,2019-06-21,21401.07544750
WEEKLY_TR_COST_STRESS_1P5X,2019-06-24,21331.57544750
WEEKLY_TR_COST_STRESS_1P5X,2019-06-25,21117.07544750
WEEKLY_TR_COST_STRESS_1P5X,2019-06-26,21158.57544750
WEEKLY_TR_COST_STRESS_1P5X,2019-06-27,21400.07544750
WEEKLY_TR_COST_STRESS_1P5X,2019-06-28,21319.57544750
WEEKLY_TR_COST_STRESS_1P5X,2019-07-01,21908.07544750
WEEKLY_TR_COST_STRESS_1P5X,2019-07-02,21923.07544750
WEEKLY_TR_COST_STRESS_1P5X,2019-07-03,21691.07544750
WEEKLY_TR_COST_STRESS_1P5X,2019-07-04,21548.07544750
WEEKLY_TR_COST_STRESS_1P5X,2019-07-05,21702.07544750
WEEKLY_TR_COST_STRESS_1P5X,2019-07-08,21204.07544750
WEEKLY_TR_COST_STRESS_1P5X,2019-07-09,21259.57544750
WEEKLY_TR_COST_STRESS_1P5X,2019-07-10,21223.07544750
WEEKLY_TR_COST_STRESS_1P5X,2019-07-11,21238.57544750
WEEKLY_TR_COST_STRESS_1P5X,2019-07-12,21361.57544750
WEEKLY_TR_COST_STRESS_1P5X,2019-07-15,21552.57544750
WEEKLY_TR_COST_STRESS_1P5X,2019-07-16,21512.57544750
WEEKLY_TR_COST_STRESS_1P5X,2019-07-17,21517.07544750
WEEKLY_TR_COST_STRESS_1P5X,2019-07-18,21311.57544750
WEEKLY_TR_COST_STRESS_1P5X,2019-07-19,21515.57544750
WEEKLY_TR_COST_STRESS_1P5X,2019-07-22,21278.07544750
WEEKLY_TR_COST_STRESS_1P5X,2019-07-23,21430.57544750
WEEKLY_TR_COST_STRESS_1P5X,2019-07-24,21618.57544750
WEEKLY_TR_COST_STRESS_1P5X,2019-07-25,21758.07544750
WEEKLY_TR_COST_STRESS_1P5X,2019-07-26,21770.57544750
WEEKLY_TR_COST_STRESS_1P5X,2019-07-29,21775.07544750
WEEKLY_TR_COST_STRESS_1P5X,2019-07-30,21904.57544750
WEEKLY_TR_COST_STRESS_1P5X,2019-07-31,21769.57544750
WEEKLY_TR_COST_STRESS_1P5X,2019-08-01,21705.57544750
WEEKLY_TR_COST_STRESS_1P5X,2019-08-02,21460.57544750
WEEKLY_TR_COST_STRESS_1P5X,2019-08-05,21113.57544750
WEEKLY_TR_COST_STRESS_1P5X,2019-08-06,20873.07544750
WEEKLY_TR_COST_STRESS_1P5X,2019-08-07,20787.07544750
WEEKLY_TR_COST_STRESS_1P5X,2019-08-08,21058.57544750
WEEKLY_TR_COST_STRESS_1P5X,2019-08-09,20869.07544750
WEEKLY_TR_COST_STRESS_1P5X,2019-08-12,21250.57544750
WEEKLY_TR_COST_STRESS_1P5X,2019-08-13,21066.57544750
WEEKLY_TR_COST_STRESS_1P5X,2019-08-14,21147.07544750
WEEKLY_TR_COST_STRESS_1P5X,2019-08-15,21321.07544750
WEEKLY_TR_COST_STRESS_1P5X,2019-08-16,21452.07544750
WEEKLY_TR_COST_STRESS_1P5X,2019-08-19,22041.07544750
WEEKLY_TR_COST_STRESS_1P5X,2019-08-20,21903.57544750
WEEKLY_TR_COST_STRESS_1P5X,2019-08-21,21875.07544750
WEEKLY_TR_COST_STRESS_1P5X,2019-08-22,21927.57544750
WEEKLY_TR_COST_STRESS_1P5X,2019-08-23,22001.57544750
WEEKLY_TR_COST_STRESS_1P5X,2019-08-26,21790.18598250
WEEKLY_TR_COST_STRESS_1P5X,2019-08-27,22103.38598250
WEEKLY_TR_COST_STRESS_1P5X,2019-08-28,22086.98598250
WEEKLY_TR_COST_STRESS_1P5X,2019-08-29,22069.18598250
WEEKLY_TR_COST_STRESS_1P5X,2019-08-30,21932.38598250
WEEKLY_TR_COST_STRESS_1P5X,2019-09-02,22428.98598250
WEEKLY_TR_COST_STRESS_1P5X,2019-09-03,22502.18598250
WEEKLY_TR_COST_STRESS_1P5X,2019-09-04,22724.78598250
WEEKLY_TR_COST_STRESS_1P5X,2019-09-05,22915.78598250
WEEKLY_TR_COST_STRESS_1P5X,2019-09-06,22970.18598250
WEEKLY_TR_COST_STRESS_1P5X,2019-09-09,23410.58598250
WEEKLY_TR_COST_STRESS_1P5X,2019-09-10,23343.98598250
WEEKLY_TR_COST_STRESS_1P5X,2019-09-11,23155.38598250
WEEKLY_TR_COST_STRESS_1P5X,2019-09-12,23233.58598250
WEEKLY_TR_COST_STRESS_1P5X,2019-09-16,23262.78598250
WEEKLY_TR_COST_STRESS_1P5X,2019-09-17,22845.58598250
WEEKLY_TR_COST_STRESS_1P5X,2019-09-18,22846.38598250
WEEKLY_TR_COST_STRESS_1P5X,2019-09-19,23096.38598250
WEEKLY_TR_COST_STRESS_1P5X,2019-09-20,23086.98598250
WEEKLY_TR_COST_STRESS_1P5X,2019-09-23,22930.38598250
WEEKLY_TR_COST_STRESS_1P5X,2019-09-24,22991.58598250
WEEKLY_TR_COST_STRESS_1P5X,2019-09-25,22717.98598250
WEEKLY_TR_COST_STRESS_1P5X,2019-09-26,22172.98598250
WEEKLY_TR_COST_STRESS_1P5X,2019-09-27,22384.38598250
WEEKLY_TR_COST_STRESS_1P5X,2019-09-30,22149.31242250
WEEKLY_TR_COST_STRESS_1P5X,2019-10-08,22033.45645750
WEEKLY_TR_COST_STRESS_1P5X,2019-10-09,22149.55645750
WEEKLY_TR_COST_STRESS_1P5X,2019-10-10,22526.65645750
WEEKLY_TR_COST_STRESS_1P5X,2019-10-11,22589.65645750
WEEKLY_TR_COST_STRESS_1P5X,2019-10-14,22700.00244750
WEEKLY_TR_COST_STRESS_1P5X,2019-10-15,22541.50244750
WEEKLY_TR_COST_STRESS_1P5X,2019-10-16,22475.00244750
WEEKLY_TR_COST_STRESS_1P5X,2019-10-17,22508.90244750
WEEKLY_TR_COST_STRESS_1P5X,2019-10-18,22326.10244750
WEEKLY_TR_COST_STRESS_1P5X,2019-10-21,22323.40244750
WEEKLY_TR_COST_STRESS_1P5X,2019-10-22,22493.20244750
WEEKLY_TR_COST_STRESS_1P5X,2019-10-23,22333.60244750
WEEKLY_TR_COST_STRESS_1P5X,2019-10-24,22371.30244750
WEEKLY_TR_COST_STRESS_1P5X,2019-10-25,22576.20244750
WEEKLY_TR_COST_STRESS_1P5X,2019-10-28,22822.70244750
WEEKLY_TR_COST_STRESS_1P5X,2019-10-29,22651.60244750
WEEKLY_TR_COST_STRESS_1P5X,2019-10-30,22555.10244750
WEEKLY_TR_COST_STRESS_1P5X,2019-10-31,22480.80244750
WEEKLY_TR_COST_STRESS_1P5X,2019-11-01,22790.40244750
WEEKLY_TR_COST_STRESS_1P5X,2019-11-04,22879.60244750
WEEKLY_TR_COST_STRESS_1P5X,2019-11-05,23031.60244750
WEEKLY_TR_COST_STRESS_1P5X,2019-11-06,22919.80244750
WEEKLY_TR_COST_STRESS_1P5X,2019-11-07,23014.20244750
WEEKLY_TR_COST_STRESS_1P5X,2019-11-08,22936.40244750
WEEKLY_TR_COST_STRESS_1P5X,2019-11-11,22548.40244750
WEEKLY_TR_COST_STRESS_1P5X,2019-11-12,22542.20244750
WEEKLY_TR_COST_STRESS_1P5X,2019-11-13,22591.40244750
WEEKLY_TR_COST_STRESS_1P5X,2019-11-14,22661.90244750
WEEKLY_TR_COST_STRESS_1P5X,2019-11-15,22513.60244750
WEEKLY_TR_COST_STRESS_1P5X,2019-11-18,22627.70244750
WEEKLY_TR_COST_STRESS_1P5X,2019-11-19,23011.20244750
WEEKLY_TR_COST_STRESS_1P5X,2019-11-20,22839.40244750
WEEKLY_TR_COST_STRESS_1P5X,2019-11-21,22757.90244750
WEEKLY_TR_COST_STRESS_1P5X,2019-11-22,22426.10244750
WEEKLY_TR_COST_STRESS_1P5X,2019-11-25,22401.60244750
WEEKLY_TR_COST_STRESS_1P5X,2019-11-26,22473.30244750
WEEKLY_TR_COST_STRESS_1P5X,2019-11-27,22477.20244750
WEEKLY_TR_COST_STRESS_1P5X,2019-11-28,22462.20244750
WEEKLY_TR_COST_STRESS_1P5X,2019-11-29,22285.40244750
WEEKLY_TR_COST_STRESS_1P5X,2019-12-02,22312.65903750
WEEKLY_TR_COST_STRESS_1P5X,2019-12-03,22397.45903750
WEEKLY_TR_COST_STRESS_1P5X,2019-12-04,22371.45903750
WEEKLY_TR_COST_STRESS_1P5X,2019-12-05,22684.65903750
WEEKLY_TR_COST_STRESS_1P5X,2019-12-06,22865.05903750
WEEKLY_TR_COST_STRESS_1P5X,2019-12-09,22849.45903750
WEEKLY_TR_COST_STRESS_1P5X,2019-12-10,22981.25903750
WEEKLY_TR_COST_STRESS_1P5X,2019-12-11,22838.05903750
WEEKLY_TR_COST_STRESS_1P5X,2019-12-12,22843.05903750
WEEKLY_TR_COST_STRESS_1P5X,2019-12-13,23199.45903750
WEEKLY_TR_COST_STRESS_1P5X,2019-12-16,23492.45903750
WEEKLY_TR_COST_STRESS_1P5X,2019-12-17,23793.45903750
WEEKLY_TR_COST_STRESS_1P5X,2019-12-18,23703.85903750
WEEKLY_TR_COST_STRESS_1P5X,2019-12-19,23722.85903750
WEEKLY_TR_COST_STRESS_1P5X,2019-12-20,23522.85903750
WEEKLY_TR_COST_STRESS_1P5X,2019-12-23,23061.25903750
WEEKLY_TR_COST_STRESS_1P5X,2019-12-24,23415.25903750
WEEKLY_TR_COST_STRESS_1P5X,2019-12-25,23547.05903750
WEEKLY_TR_COST_STRESS_1P5X,2019-12-26,23672.25903750
WEEKLY_TR_COST_STRESS_1P5X,2019-12-27,23417.65903750
WEEKLY_TR_COST_STRESS_1P5X,2019-12-30,23737.85903750
WEEKLY_TR_COST_STRESS_1P5X,2019-12-31,23797.85903750
WEEKLY_TR_COST_STRESS_1P5X,2020-01-02,24209.25903750
WEEKLY_TR_COST_STRESS_1P5X,2020-01-03,24222.85903750
WEEKLY_TR_COST_STRESS_1P5X,2020-01-06,24490.45903750
WEEKLY_TR_COST_STRESS_1P5X,2020-01-07,24838.05903750
WEEKLY_TR_COST_STRESS_1P5X,2020-01-08,24502.65903750
WEEKLY_TR_COST_STRESS_1P5X,2020-01-09,24927.25903750
WEEKLY_TR_COST_STRESS_1P5X,2020-01-10,24832.65903750
WEEKLY_TR_COST_STRESS_1P5X,2020-01-13,25203.05903750
WEEKLY_TR_COST_STRESS_1P5X,2020-01-14,25081.85903750
WEEKLY_TR_COST_STRESS_1P5X,2020-01-15,25030.85903750
WEEKLY_TR_COST_STRESS_1P5X,2020-01-16,25101.05903750
WEEKLY_TR_COST_STRESS_1P5X,2020-01-17,25052.25903750
WEEKLY_TR_COST_STRESS_1P5X,2020-01-20,25523.65903750
WEEKLY_TR_COST_STRESS_1P5X,2020-01-21,25315.25903750
WEEKLY_TR_COST_STRESS_1P5X,2020-01-22,25559.25903750
WEEKLY_TR_COST_STRESS_1P5X,2020-01-23,24751.25903750
WEEKLY_TR_COST_STRESS_1P5X,2020-02-03,23002.65903750
WEEKLY_TR_COST_STRESS_1P5X,2020-02-04,23834.25903750
WEEKLY_TR_COST_STRESS_1P5X,2020-02-05,24385.85903750
WEEKLY_TR_COST_STRESS_1P5X,2020-02-06,25048.65903750
WEEKLY_TR_COST_STRESS_1P5X,2020-02-07,25209.65903750
WEEKLY_TR_COST_STRESS_1P5X,2020-02-10,25440.65903750
WEEKLY_TR_COST_STRESS_1P5X,2020-02-11,25307.05903750
WEEKLY_TR_COST_STRESS_1P5X,2020-02-12,25885.25903750
WEEKLY_TR_COST_STRESS_1P5X,2020-02-13,25678.25903750
WEEKLY_TR_COST_STRESS_1P5X,2020-02-14,25684.65903750
WEEKLY_TR_COST_STRESS_1P5X,2020-02-17,26563.65903750
WEEKLY_TR_COST_STRESS_1P5X,2020-02-18,26769.65903750
WEEKLY_TR_COST_STRESS_1P5X,2020-02-19,26458.25903750
WEEKLY_TR_COST_STRESS_1P5X,2020-02-20,26979.65903750
WEEKLY_TR_COST_STRESS_1P5X,2020-02-21,27404.05903750
WEEKLY_TR_COST_STRESS_1P5X,2020-02-24,27713.05903750
WEEKLY_TR_COST_STRESS_1P5X,2020-02-25,27887.85903750
WEEKLY_TR_COST_STRESS_1P5X,2020-02-26,27025.85903750
WEEKLY_TR_COST_STRESS_1P5X,2020-02-27,27078.05903750
WEEKLY_TR_COST_STRESS_1P5X,2020-02-28,25802.65903750
WEEKLY_TR_COST_STRESS_1P5X,2020-03-02,26557.25903750
WEEKLY_TR_COST_STRESS_1P5X,2020-03-03,26868.45903750
WEEKLY_TR_COST_STRESS_1P5X,2020-03-04,26879.65903750
WEEKLY_TR_COST_STRESS_1P5X,2020-03-05,27226.45903750
WEEKLY_TR_COST_STRESS_1P5X,2020-03-06,27099.65903750
WEEKLY_TR_COST_STRESS_1P5X,2020-03-09,26078.05903750
WEEKLY_TR_COST_STRESS_1P5X,2020-03-10,26627.45903750
WEEKLY_TR_COST_STRESS_1P5X,2020-03-11,26223.65903750
WEEKLY_TR_COST_STRESS_1P5X,2020-03-12,25754.65903750
WEEKLY_TR_COST_STRESS_1P5X,2020-03-13,25559.45903750
WEEKLY_TR_COST_STRESS_1P5X,2020-03-16,24298.85903750
WEEKLY_TR_COST_STRESS_1P5X,2020-03-17,24380.65903750
WEEKLY_TR_COST_STRESS_1P5X,2020-03-18,24078.85903750
WEEKLY_TR_COST_STRESS_1P5X,2020-03-19,24212.25903750
WEEKLY_TR_COST_STRESS_1P5X,2020-03-20,24422.45903750
WEEKLY_TR_COST_STRESS_1P5X,2020-03-23,23578.47913750
WEEKLY_TR_COST_STRESS_1P5X,2020-03-24,23988.27913750
WEEKLY_TR_COST_STRESS_1P5X,2020-03-25,24535.47913750
WEEKLY_TR_COST_STRESS_1P5X,2020-03-26,24361.57913750
WEEKLY_TR_COST_STRESS_1P5X,2020-03-27,24368.67913750
WEEKLY_TR_COST_STRESS_1P5X,2020-03-30,24059.97913750
WEEKLY_TR_COST_STRESS_1P5X,2020-03-31,24069.27913750
WEEKLY_TR_COST_STRESS_1P5X,2020-04-01,24043.67913750
WEEKLY_TR_COST_STRESS_1P5X,2020-04-02,24504.57913750
WEEKLY_TR_COST_STRESS_1P5X,2020-04-03,24296.67913750
WEEKLY_TR_COST_STRESS_1P5X,2020-04-07,24865.57913750
WEEKLY_TR_COST_STRESS_1P5X,2020-04-08,24851.37913750
WEEKLY_TR_COST_STRESS_1P5X,2020-04-09,24986.17913750
WEEKLY_TR_COST_STRESS_1P5X,2020-04-10,24751.37913750
WEEKLY_TR_COST_STRESS_1P5X,2020-04-13,24464.54282250
WEEKLY_TR_COST_STRESS_1P5X,2020-04-14,24980.94282250
WEEKLY_TR_COST_STRESS_1P5X,2020-04-15,24855.94282250
WEEKLY_TR_COST_STRESS_1P5X,2020-04-16,25056.64282250
WEEKLY_TR_COST_STRESS_1P5X,2020-04-17,25223.54282250
WEEKLY_TR_COST_STRESS_1P5X,2020-04-20,25424.94282250
WEEKLY_TR_COST_STRESS_1P5X,2020-04-21,25186.94282250
WEEKLY_TR_COST_STRESS_1P5X,2020-04-22,25395.14282250
WEEKLY_TR_COST_STRESS_1P5X,2020-04-23,25279.74282250
WEEKLY_TR_COST_STRESS_1P5X,2020-04-24,25059.84282250
WEEKLY_TR_COST_STRESS_1P5X,2020-04-27,25163.94282250
WEEKLY_TR_COST_STRESS_1P5X,2020-04-28,25306.74282250
WEEKLY_TR_COST_STRESS_1P5X,2020-04-29,25372.64282250
WEEKLY_TR_COST_STRESS_1P5X,2020-04-30,25785.54282250
WEEKLY_TR_COST_STRESS_1P5X,2020-05-06,26097.53207250
WEEKLY_TR_COST_STRESS_1P5X,2020-05-07,26059.93207250
WEEKLY_TR_COST_STRESS_1P5X,2020-05-08,26310.23207250
WEEKLY_TR_COST_STRESS_1P5X,2020-05-11,26158.03207250
WEEKLY_TR_COST_STRESS_1P5X,2020-05-12,26300.13207250
WEEKLY_TR_COST_STRESS_1P5X,2020-05-13,26450.63207250
WEEKLY_TR_COST_STRESS_1P5X,2020-05-14,26258.83207250
WEEKLY_TR_COST_STRESS_1P5X,2020-05-15,26316.23207250
WEEKLY_TR_COST_STRESS_1P5X,2020-05-18,26236.53207250
WEEKLY_TR_COST_STRESS_1P5X,2020-05-19,26500.33207250
WEEKLY_TR_COST_STRESS_1P5X,2020-05-20,26288.33207250
WEEKLY_TR_COST_STRESS_1P5X,2020-05-21,26022.43207250
WEEKLY_TR_COST_STRESS_1P5X,2020-05-22,25537.23207250
WEEKLY_TR_COST_STRESS_1P5X,2020-05-25,25530.29351250
WEEKLY_TR_COST_STRESS_1P5X,2020-05-26,26033.69351250
WEEKLY_TR_COST_STRESS_1P5X,2020-05-27,25741.89351250
WEEKLY_TR_COST_STRESS_1P5X,2020-05-28,25669.89351250
WEEKLY_TR_COST_STRESS_1P5X,2020-05-29,25857.09351250
WEEKLY_TR_COST_STRESS_1P5X,2020-06-01,26659.19477750
WEEKLY_TR_COST_STRESS_1P5X,2020-06-02,26562.29477750
WEEKLY_TR_COST_STRESS_1P5X,2020-06-03,26503.39477750
WEEKLY_TR_COST_STRESS_1P5X,2020-06-04,26598.39477750
WEEKLY_TR_COST_STRESS_1P5X,2020-06-05,26704.79477750
WEEKLY_TR_COST_STRESS_1P5X,2020-06-08,26600.29477750
WEEKLY_TR_COST_STRESS_1P5X,2020-06-09,26833.99477750
WEEKLY_TR_COST_STRESS_1P5X,2020-06-10,26963.19477750
WEEKLY_TR_COST_STRESS_1P5X,2020-06-11,26925.19477750
WEEKLY_TR_COST_STRESS_1P5X,2020-06-12,27052.49477750
WEEKLY_TR_COST_STRESS_1P5X,2020-06-15,26937.51640250
WEEKLY_TR_COST_STRESS_1P5X,2020-06-16,27362.91640250
WEEKLY_TR_COST_STRESS_1P5X,2020-06-17,27403.41640250
WEEKLY_TR_COST_STRESS_1P5X,2020-06-18,27530.61640250
WEEKLY_TR_COST_STRESS_1P5X,2020-06-19,27937.41640250
WEEKLY_TR_COST_STRESS_1P5X,2020-06-22,28042.78451750
WEEKLY_TR_COST_STRESS_1P5X,2020-06-23,28342.38451750
WEEKLY_TR_COST_STRESS_1P5X,2020-06-24,28344.28451750
WEEKLY_TR_COST_STRESS_1P5X,2020-06-29,28223.88451750
WEEKLY_TR_COST_STRESS_1P5X,2020-06-30,28758.98451750
WEEKLY_TR_COST_STRESS_1P5X,2020-07-01,28716.98451750
WEEKLY_TR_COST_STRESS_1P5X,2020-07-02,28980.28451750
WEEKLY_TR_COST_STRESS_1P5X,2020-07-03,29313.58451750
WEEKLY_TR_COST_STRESS_1P5X,2020-07-06,30503.16237750
WEEKLY_TR_COST_STRESS_1P5X,2020-07-07,30655.46237750
WEEKLY_TR_COST_STRESS_1P5X,2020-07-08,31225.76237750
WEEKLY_TR_COST_STRESS_1P5X,2020-07-09,31990.36237750
WEEKLY_TR_COST_STRESS_1P5X,2020-07-10,31798.56237750
WEEKLY_TR_COST_STRESS_1P5X,2020-07-13,32805.70636250
WEEKLY_TR_COST_STRESS_1P5X,2020-07-14,32430.20636250
WEEKLY_TR_COST_STRESS_1P5X,2020-07-15,31895.30636250
WEEKLY_TR_COST_STRESS_1P5X,2020-07-16,30332.60636250
WEEKLY_TR_COST_STRESS_1P5X,2020-07-17,30474.60636250
WEEKLY_TR_COST_STRESS_1P5X,2020-07-20,30959.92202750
WEEKLY_TR_COST_STRESS_1P5X,2020-07-21,31161.12202750
WEEKLY_TR_COST_STRESS_1P5X,2020-07-22,31496.82202750
WEEKLY_TR_COST_STRESS_1P5X,2020-07-23,31567.02202750
WEEKLY_TR_COST_STRESS_1P5X,2020-07-24,30073.42202750
WEEKLY_TR_COST_STRESS_1P5X,2020-07-27,30170.22202750
WEEKLY_TR_COST_STRESS_1P5X,2020-07-28,30443.32202750
WEEKLY_TR_COST_STRESS_1P5X,2020-07-29,31382.52202750
WEEKLY_TR_COST_STRESS_1P5X,2020-07-30,31135.42202750
WEEKLY_TR_COST_STRESS_1P5X,2020-07-31,31531.02202750
WEEKLY_TR_COST_STRESS_1P5X,2020-08-03,32209.75693750
WEEKLY_TR_COST_STRESS_1P5X,2020-08-04,31938.95693750
WEEKLY_TR_COST_STRESS_1P5X,2020-08-05,32201.95693750
WEEKLY_TR_COST_STRESS_1P5X,2020-08-06,32009.25693750
WEEKLY_TR_COST_STRESS_1P5X,2020-08-07,31510.15693750
WEEKLY_TR_COST_STRESS_1P5X,2020-08-10,31605.30043250
WEEKLY_TR_COST_STRESS_1P5X,2020-08-11,31216.30043250
WEEKLY_TR_COST_STRESS_1P5X,2020-08-12,30948.70043250
WEEKLY_TR_COST_STRESS_1P5X,2020-08-13,30967.90043250
WEEKLY_TR_COST_STRESS_1P5X,2020-08-14,31425.60043250
WEEKLY_TR_COST_STRESS_1P5X,2020-08-17,31910.30043250
WEEKLY_TR_COST_STRESS_1P5X,2020-08-18,31990.70043250
WEEKLY_TR_COST_STRESS_1P5X,2020-08-19,31530.90043250
WEEKLY_TR_COST_STRESS_1P5X,2020-08-20,31246.20043250
WEEKLY_TR_COST_STRESS_1P5X,2020-08-21,31443.90043250
WEEKLY_TR_COST_STRESS_1P5X,2020-08-24,31605.00043250
WEEKLY_TR_COST_STRESS_1P5X,2020-08-25,31560.80043250
WEEKLY_TR_COST_STRESS_1P5X,2020-08-26,31156.00043250
WEEKLY_TR_COST_STRESS_1P5X,2020-08-27,31382.00043250
WEEKLY_TR_COST_STRESS_1P5X,2020-08-28,31957.90043250
WEEKLY_TR_COST_STRESS_1P5X,2020-08-31,31762.90043250
WEEKLY_TR_COST_STRESS_1P5X,2020-09-01,31960.30043250
WEEKLY_TR_COST_STRESS_1P5X,2020-09-02,31939.20043250
WEEKLY_TR_COST_STRESS_1P5X,2020-09-03,31805.20043250
WEEKLY_TR_COST_STRESS_1P5X,2020-09-04,31550.70043250
WEEKLY_TR_COST_STRESS_1P5X,2020-09-07,30779.10367250
WEEKLY_TR_COST_STRESS_1P5X,2020-09-08,30929.70367250
WEEKLY_TR_COST_STRESS_1P5X,2020-09-09,29938.20367250
WEEKLY_TR_COST_STRESS_1P5X,2020-09-10,29750.00367250
WEEKLY_TR_COST_STRESS_1P5X,2020-09-11,30102.80367250
WEEKLY_TR_COST_STRESS_1P5X,2020-09-14,30320.82165750
WEEKLY_TR_COST_STRESS_1P5X,2020-09-15,30475.52165750
WEEKLY_TR_COST_STRESS_1P5X,2020-09-16,30352.52165750
WEEKLY_TR_COST_STRESS_1P5X,2020-09-17,30296.92165750
WEEKLY_TR_COST_STRESS_1P5X,2020-09-18,30889.12165750
WEEKLY_TR_COST_STRESS_1P5X,2020-09-21,30492.89840750
WEEKLY_TR_COST_STRESS_1P5X,2020-09-22,30267.09840750
WEEKLY_TR_COST_STRESS_1P5X,2020-09-23,30522.19840750
WEEKLY_TR_COST_STRESS_1P5X,2020-09-24,30001.89840750
WEEKLY_TR_COST_STRESS_1P5X,2020-09-25,30027.09840750
WEEKLY_TR_COST_STRESS_1P5X,2020-09-28,29921.10658250
WEEKLY_TR_COST_STRESS_1P5X,2020-09-29,30048.00658250
WEEKLY_TR_COST_STRESS_1P5X,2020-09-30,29918.10658250
WEEKLY_TR_COST_STRESS_1P5X,2020-10-09,30582.93617750
WEEKLY_TR_COST_STRESS_1P5X,2020-10-12,31552.73617750
WEEKLY_TR_COST_STRESS_1P5X,2020-10-13,31625.63617750
WEEKLY_TR_COST_STRESS_1P5X,2020-10-14,31450.03617750
WEEKLY_TR_COST_STRESS_1P5X,2020-10-15,31319.83617750
WEEKLY_TR_COST_STRESS_1P5X,2020-10-16,31194.43617750
WEEKLY_TR_COST_STRESS_1P5X,2020-10-19,30924.33617750
WEEKLY_TR_COST_STRESS_1P5X,2020-10-20,31249.83617750
WEEKLY_TR_COST_STRESS_1P5X,2020-10-21,31092.33617750
WEEKLY_TR_COST_STRESS_1P5X,2020-10-22,30886.93617750
WEEKLY_TR_COST_STRESS_1P5X,2020-10-23,30374.73617750
WEEKLY_TR_COST_STRESS_1P5X,2020-10-26,30360.43617750
WEEKLY_TR_COST_STRESS_1P5X,2020-10-27,30544.13617750
WEEKLY_TR_COST_STRESS_1P5X,2020-10-28,30750.23617750
WEEKLY_TR_COST_STRESS_1P5X,2020-10-29,31036.83617750
WEEKLY_TR_COST_STRESS_1P5X,2020-10-30,30539.73617750
WEEKLY_TR_COST_STRESS_1P5X,2020-11-02,30907.13617750
WEEKLY_TR_COST_STRESS_1P5X,2020-11-03,31224.63617750
WEEKLY_TR_COST_STRESS_1P5X,2020-11-04,31379.63617750
WEEKLY_TR_COST_STRESS_1P5X,2020-11-05,31769.63617750
WEEKLY_TR_COST_STRESS_1P5X,2020-11-06,31494.53617750
WEEKLY_TR_COST_STRESS_1P5X,2020-11-09,32210.43617750
WEEKLY_TR_COST_STRESS_1P5X,2020-11-10,31893.63617750
WEEKLY_TR_COST_STRESS_1P5X,2020-11-11,31338.63617750
WEEKLY_TR_COST_STRESS_1P5X,2020-11-12,31393.53617750
WEEKLY_TR_COST_STRESS_1P5X,2020-11-13,31309.23617750
WEEKLY_TR_COST_STRESS_1P5X,2020-11-16,31468.23617750
WEEKLY_TR_COST_STRESS_1P5X,2020-11-17,31187.73617750
WEEKLY_TR_COST_STRESS_1P5X,2020-11-18,30966.03617750
WEEKLY_TR_COST_STRESS_1P5X,2020-11-19,31204.43617750
WEEKLY_TR_COST_STRESS_1P5X,2020-11-20,31353.93617750
WEEKLY_TR_COST_STRESS_1P5X,2020-11-23,31595.80038250
WEEKLY_TR_COST_STRESS_1P5X,2020-11-24,31502.40038250
WEEKLY_TR_COST_STRESS_1P5X,2020-11-25,31112.20038250
WEEKLY_TR_COST_STRESS_1P5X,2020-11-26,31091.90038250
WEEKLY_TR_COST_STRESS_1P5X,2020-11-27,31345.80038250
WEEKLY_TR_COST_STRESS_1P5X,2020-11-30,31177.00038250
WEEKLY_TR_COST_STRESS_1P5X,2020-12-01,31700.60038250
WEEKLY_TR_COST_STRESS_1P5X,2020-12-02,31681.20038250
WEEKLY_TR_COST_STRESS_1P5X,2020-12-03,31721.20038250
WEEKLY_TR_COST_STRESS_1P5X,2020-12-04,31801.40038250
WEEKLY_TR_COST_STRESS_1P5X,2020-12-07,31579.40038250
WEEKLY_TR_COST_STRESS_1P5X,2020-12-08,31517.50038250
WEEKLY_TR_COST_STRESS_1P5X,2020-12-09,31140.50038250
WEEKLY_TR_COST_STRESS_1P5X,2020-12-10,31135.30038250
WEEKLY_TR_COST_STRESS_1P5X,2020-12-11,30761.90038250
WEEKLY_TR_COST_STRESS_1P5X,2020-12-14,31075.32382250
WEEKLY_TR_COST_STRESS_1P5X,2020-12-15,31255.12382250
WEEKLY_TR_COST_STRESS_1P5X,2020-12-16,31283.12382250
WEEKLY_TR_COST_STRESS_1P5X,2020-12-17,31625.02382250
WEEKLY_TR_COST_STRESS_1P5X,2020-12-18,31512.02382250
WEEKLY_TR_COST_STRESS_1P5X,2020-12-21,32115.02382250
WEEKLY_TR_COST_STRESS_1P5X,2020-12-22,31581.42382250
WEEKLY_TR_COST_STRESS_1P5X,2020-12-23,31839.32382250
WEEKLY_TR_COST_STRESS_1P5X,2020-12-24,31738.62382250
WEEKLY_TR_COST_STRESS_1P5X,2020-12-25,31978.12382250
WEEKLY_TR_COST_STRESS_1P5X,2020-12-28,31996.12382250
WEEKLY_TR_COST_STRESS_1P5X,2020-12-29,31802.92382250
WEEKLY_TR_COST_STRESS_1P5X,2020-12-30,32416.72382250
WEEKLY_TR_COST_STRESS_1P5X,2020-12-31,33077.02382250
WEEKLY_TR_COST_STRESS_1P5X,2021-01-04,33791.62382250
WEEKLY_TR_COST_STRESS_1P5X,2021-01-05,34132.42382250
WEEKLY_TR_COST_STRESS_1P5X,2021-01-06,34349.12382250
WEEKLY_TR_COST_STRESS_1P5X,2021-01-07,34957.62382250
WEEKLY_TR_COST_STRESS_1P5X,2021-01-08,34773.22382250
WEEKLY_TR_COST_STRESS_1P5X,2021-01-11,34347.72382250
WEEKLY_TR_COST_STRESS_1P5X,2021-01-12,35256.82382250
WEEKLY_TR_COST_STRESS_1P5X,2021-01-13,34924.92382250
WEEKLY_TR_COST_STRESS_1P5X,2021-01-14,34435.12382250
WEEKLY_TR_COST_STRESS_1P5X,2021-01-15,34403.42382250
WEEKLY_TR_COST_STRESS_1P5X,2021-01-18,34865.42382250
WEEKLY_TR_COST_STRESS_1P5X,2021-01-19,34284.42382250
WEEKLY_TR_COST_STRESS_1P5X,2021-01-20,35004.42382250
WEEKLY_TR_COST_STRESS_1P5X,2021-01-21,35691.62382250
WEEKLY_TR_COST_STRESS_1P5X,2021-01-22,36044.52382250
WEEKLY_TR_COST_STRESS_1P5X,2021-01-25,36234.62382250
WEEKLY_TR_COST_STRESS_1P5X,2021-01-26,35421.62382250
WEEKLY_TR_COST_STRESS_1P5X,2021-01-27,35523.82382250
WEEKLY_TR_COST_STRESS_1P5X,2021-01-28,34565.32382250
WEEKLY_TR_COST_STRESS_1P5X,2021-01-29,34313.32382250
WEEKLY_TR_COST_STRESS_1P5X,2021-02-01,34632.82382250
WEEKLY_TR_COST_STRESS_1P5X,2021-02-02,35185.42382250
WEEKLY_TR_COST_STRESS_1P5X,2021-02-03,35105.02382250
WEEKLY_TR_COST_STRESS_1P5X,2021-02-04,35031.82382250
WEEKLY_TR_COST_STRESS_1P5X,2021-02-05,34980.02382250
WEEKLY_TR_COST_STRESS_1P5X,2021-02-08,35181.62382250
WEEKLY_TR_COST_STRESS_1P5X,2021-02-09,36299.42382250
WEEKLY_TR_COST_STRESS_1P5X,2021-02-10,36997.72382250
WEEKLY_TR_COST_STRESS_1P5X,2021-02-18,36395.02382250
WEEKLY_TR_COST_STRESS_1P5X,2021-02-19,36315.02382250
WEEKLY_TR_COST_STRESS_1P5X,2021-02-22,35004.02382250
WEEKLY_TR_COST_STRESS_1P5X,2021-02-23,34840.12382250
WEEKLY_TR_COST_STRESS_1P5X,2021-02-24,33872.02382250
WEEKLY_TR_COST_STRESS_1P5X,2021-02-25,33877.02382250
WEEKLY_TR_COST_STRESS_1P5X,2021-02-26,33120.62382250
WEEKLY_TR_COST_STRESS_1P5X,2021-03-01,33744.23597250
WEEKLY_TR_COST_STRESS_1P5X,2021-03-02,33433.43597250
WEEKLY_TR_COST_STRESS_1P5X,2021-03-03,33926.93597250
WEEKLY_TR_COST_STRESS_1P5X,2021-03-04,33203.13597250
WEEKLY_TR_COST_STRESS_1P5X,2021-03-05,33167.43597250
WEEKLY_TR_COST_STRESS_1P5X,2021-03-08,32289.63597250
WEEKLY_TR_COST_STRESS_1P5X,2021-03-09,31679.23597250
WEEKLY_TR_COST_STRESS_1P5X,2021-03-10,31588.93597250
WEEKLY_TR_COST_STRESS_1P5X,2021-03-11,32328.13597250
WEEKLY_TR_COST_STRESS_1P5X,2021-03-12,32375.03597250
WEEKLY_TR_COST_STRESS_1P5X,2021-03-15,31994.93597250
WEEKLY_TR_COST_STRESS_1P5X,2021-03-16,32093.63597250
WEEKLY_TR_COST_STRESS_1P5X,2021-03-17,32242.03597250
WEEKLY_TR_COST_STRESS_1P5X,2021-03-18,32461.13597250
WEEKLY_TR_COST_STRESS_1P5X,2021-03-19,31952.23597250
WEEKLY_TR_COST_STRESS_1P5X,2021-03-22,32298.73597250
WEEKLY_TR_COST_STRESS_1P5X,2021-03-23,32004.73597250
WEEKLY_TR_COST_STRESS_1P5X,2021-03-24,31634.43597250
WEEKLY_TR_COST_STRESS_1P5X,2021-03-25,31656.83597250
WEEKLY_TR_COST_STRESS_1P5X,2021-03-26,32134.93597250
WEEKLY_TR_COST_STRESS_1P5X,2021-03-29,32162.93597250
WEEKLY_TR_COST_STRESS_1P5X,2021-03-30,32338.63597250
WEEKLY_TR_COST_STRESS_1P5X,2021-03-31,32214.03597250
WEEKLY_TR_COST_STRESS_1P5X,2021-04-01,32488.43597250
WEEKLY_TR_COST_STRESS_1P5X,2021-04-02,32659.23597250
WEEKLY_TR_COST_STRESS_1P5X,2021-04-06,32524.53062250
WEEKLY_TR_COST_STRESS_1P5X,2021-04-07,32425.73062250
WEEKLY_TR_COST_STRESS_1P5X,2021-04-08,32581.13062250
WEEKLY_TR_COST_STRESS_1P5X,2021-04-09,32329.33062250
WEEKLY_TR_COST_STRESS_1P5X,2021-04-12,31756.03062250
WEEKLY_TR_COST_STRESS_1P5X,2021-04-13,31826.43062250
WEEKLY_TR_COST_STRESS_1P5X,2021-04-14,32266.13062250
WEEKLY_TR_COST_STRESS_1P5X,2021-04-15,32233.13062250
WEEKLY_TR_COST_STRESS_1P5X,2021-04-16,32362.83062250
WEEKLY_TR_COST_STRESS_1P5X,2021-04-19,33097.03062250
WEEKLY_TR_COST_STRESS_1P5X,2021-04-20,33089.33062250
WEEKLY_TR_COST_STRESS_1P5X,2021-04-21,33171.33062250
WEEKLY_TR_COST_STRESS_1P5X,2021-04-22,33347.83062250
WEEKLY_TR_COST_STRESS_1P5X,2021-04-23,33707.53062250
WEEKLY_TR_COST_STRESS_1P5X,2021-04-26,33496.13062250
WEEKLY_TR_COST_STRESS_1P5X,2021-04-27,33603.23062250
WEEKLY_TR_COST_STRESS_1P5X,2021-04-28,34056.93062250
WEEKLY_TR_COST_STRESS_1P5X,2021-04-29,34077.03062250
WEEKLY_TR_COST_STRESS_1P5X,2021-04-30,34296.23062250
WEEKLY_TR_COST_STRESS_1P5X,2021-05-06,33797.43062250
WEEKLY_TR_COST_STRESS_1P5X,2021-05-07,33281.83062250
WEEKLY_TR_COST_STRESS_1P5X,2021-05-10,33370.43062250
WEEKLY_TR_COST_STRESS_1P5X,2021-05-11,33307.23062250
WEEKLY_TR_COST_STRESS_1P5X,2021-05-12,33695.73062250
WEEKLY_TR_COST_STRESS_1P5X,2021-05-13,33421.73062250
WEEKLY_TR_COST_STRESS_1P5X,2021-05-14,34142.43062250
WEEKLY_TR_COST_STRESS_1P5X,2021-05-17,34591.13062250
WEEKLY_TR_COST_STRESS_1P5X,2021-05-18,34532.43062250
WEEKLY_TR_COST_STRESS_1P5X,2021-05-19,34634.43062250
WEEKLY_TR_COST_STRESS_1P5X,2021-05-20,34742.03062250
WEEKLY_TR_COST_STRESS_1P5X,2021-05-21,34518.93062250
WEEKLY_TR_COST_STRESS_1P5X,2021-05-24,34690.23062250
WEEKLY_TR_COST_STRESS_1P5X,2021-05-25,35293.93062250
WEEKLY_TR_COST_STRESS_1P5X,2021-05-26,35189.83062250
WEEKLY_TR_COST_STRESS_1P5X,2021-05-27,35439.83062250
WEEKLY_TR_COST_STRESS_1P5X,2021-05-28,35449.43062250
WEEKLY_TR_COST_STRESS_1P5X,2021-05-31,35824.27322750
WEEKLY_TR_COST_STRESS_1P5X,2021-06-01,35811.77322750
WEEKLY_TR_COST_STRESS_1P5X,2021-06-02,35406.57322750
WEEKLY_TR_COST_STRESS_1P5X,2021-06-03,35114.27322750
WEEKLY_TR_COST_STRESS_1P5X,2021-06-04,35424.17322750
WEEKLY_TR_COST_STRESS_1P5X,2021-06-07,35309.87322750
WEEKLY_TR_COST_STRESS_1P5X,2021-06-08,35101.37322750
WEEKLY_TR_COST_STRESS_1P5X,2021-06-09,35099.07322750
WEEKLY_TR_COST_STRESS_1P5X,2021-06-10,35600.57322750
WEEKLY_TR_COST_STRESS_1P5X,2021-06-11,35540.07322750
WEEKLY_TR_COST_STRESS_1P5X,2021-06-15,35111.99542750
WEEKLY_TR_COST_STRESS_1P5X,2021-06-16,34267.99542750
WEEKLY_TR_COST_STRESS_1P5X,2021-06-17,34682.49542750
WEEKLY_TR_COST_STRESS_1P5X,2021-06-18,35082.89542750
WEEKLY_TR_COST_STRESS_1P5X,2021-06-21,35288.79542750
WEEKLY_TR_COST_STRESS_1P5X,2021-06-22,35421.19542750
WEEKLY_TR_COST_STRESS_1P5X,2021-06-23,35764.29542750
WEEKLY_TR_COST_STRESS_1P5X,2021-06-24,35492.59542750
WEEKLY_TR_COST_STRESS_1P5X,2021-06-25,35963.59542750
WEEKLY_TR_COST_STRESS_1P5X,2021-06-28,36284.09542750
WEEKLY_TR_COST_STRESS_1P5X,2021-06-29,36122.29542750
WEEKLY_TR_COST_STRESS_1P5X,2021-06-30,36579.99542750
WEEKLY_TR_COST_STRESS_1P5X,2021-07-01,36236.49542750
WEEKLY_TR_COST_STRESS_1P5X,2021-07-02,35537.09542750
WEEKLY_TR_COST_STRESS_1P5X,2021-07-05,35746.59542750
WEEKLY_TR_COST_STRESS_1P5X,2021-07-06,35474.49542750
WEEKLY_TR_COST_STRESS_1P5X,2021-07-07,36162.29542750
WEEKLY_TR_COST_STRESS_1P5X,2021-07-08,36224.19542750
WEEKLY_TR_COST_STRESS_1P5X,2021-07-09,36265.69542750
WEEKLY_TR_COST_STRESS_1P5X,2021-07-12,37112.49542750
WEEKLY_TR_COST_STRESS_1P5X,2021-07-13,37185.79542750
WEEKLY_TR_COST_STRESS_1P5X,2021-07-14,36933.69542750
WEEKLY_TR_COST_STRESS_1P5X,2021-07-15,37206.49542750
WEEKLY_TR_COST_STRESS_1P5X,2021-07-16,36724.59542750
WEEKLY_TR_COST_STRESS_1P5X,2021-07-19,36742.19542750
WEEKLY_TR_COST_STRESS_1P5X,2021-07-20,36791.09542750
WEEKLY_TR_COST_STRESS_1P5X,2021-07-21,37491.89542750
WEEKLY_TR_COST_STRESS_1P5X,2021-07-22,37478.29542750
WEEKLY_TR_COST_STRESS_1P5X,2021-07-23,37091.79542750
WEEKLY_TR_COST_STRESS_1P5X,2021-07-26,36302.29542750
WEEKLY_TR_COST_STRESS_1P5X,2021-07-27,35343.59542750
WEEKLY_TR_COST_STRESS_1P5X,2021-07-28,35319.19542750
WEEKLY_TR_COST_STRESS_1P5X,2021-07-29,36460.89542750
WEEKLY_TR_COST_STRESS_1P5X,2021-07-30,36361.29542750
WEEKLY_TR_COST_STRESS_1P5X,2021-08-02,36902.59542750
WEEKLY_TR_COST_STRESS_1P5X,2021-08-03,36639.19542750
WEEKLY_TR_COST_STRESS_1P5X,2021-08-04,37291.49542750
WEEKLY_TR_COST_STRESS_1P5X,2021-08-05,37137.59542750
WEEKLY_TR_COST_STRESS_1P5X,2021-08-06,37048.19542750
WEEKLY_TR_COST_STRESS_1P5X,2021-08-09,36923.29542750
WEEKLY_TR_COST_STRESS_1P5X,2021-08-10,37124.59542750
WEEKLY_TR_COST_STRESS_1P5X,2021-08-11,37050.59542750
WEEKLY_TR_COST_STRESS_1P5X,2021-08-12,36885.69542750
WEEKLY_TR_COST_STRESS_1P5X,2021-08-13,36734.89542750
WEEKLY_TR_COST_STRESS_1P5X,2021-08-16,36435.89542750
WEEKLY_TR_COST_STRESS_1P5X,2021-08-17,35668.39542750
WEEKLY_TR_COST_STRESS_1P5X,2021-08-18,35907.69542750
WEEKLY_TR_COST_STRESS_1P5X,2021-08-19,36028.39542750
WEEKLY_TR_COST_STRESS_1P5X,2021-08-20,35571.99542750
WEEKLY_TR_COST_STRESS_1P5X,2021-08-23,36007.61732250
WEEKLY_TR_COST_STRESS_1P5X,2021-08-24,36353.51732250
WEEKLY_TR_COST_STRESS_1P5X,2021-08-25,36534.11732250
WEEKLY_TR_COST_STRESS_1P5X,2021-08-26,36182.21732250
WEEKLY_TR_COST_STRESS_1P5X,2021-08-27,36353.21732250
WEEKLY_TR_COST_STRESS_1P5X,2021-08-30,36411.41732250
WEEKLY_TR_COST_STRESS_1P5X,2021-08-31,36472.01732250
WEEKLY_TR_COST_STRESS_1P5X,2021-09-01,36558.11732250
WEEKLY_TR_COST_STRESS_1P5X,2021-09-02,36851.51732250
WEEKLY_TR_COST_STRESS_1P5X,2021-09-03,36674.21732250
WEEKLY_TR_COST_STRESS_1P5X,2021-09-06,37100.51732250
WEEKLY_TR_COST_STRESS_1P5X,2021-09-07,37688.51732250
WEEKLY_TR_COST_STRESS_1P5X,2021-09-08,37732.61732250
WEEKLY_TR_COST_STRESS_1P5X,2021-09-09,37881.41732250
WEEKLY_TR_COST_STRESS_1P5X,2021-09-10,38036.81732250
WEEKLY_TR_COST_STRESS_1P5X,2021-09-13,38008.61732250
WEEKLY_TR_COST_STRESS_1P5X,2021-09-14,37591.31732250
WEEKLY_TR_COST_STRESS_1P5X,2021-09-15,37492.01732250
WEEKLY_TR_COST_STRESS_1P5X,2021-09-16,36981.71732250
WEEKLY_TR_COST_STRESS_1P5X,2021-09-17,36967.61732250
WEEKLY_TR_COST_STRESS_1P5X,2021-09-22,37030.91732250
WEEKLY_TR_COST_STRESS_1P5X,2021-09-23,37223.21732250
WEEKLY_TR_COST_STRESS_1P5X,2021-09-24,36983.81732250
WEEKLY_TR_COST_STRESS_1P5X,2021-09-27,36608.51732250
WEEKLY_TR_COST_STRESS_1P5X,2021-09-28,36589.31732250
WEEKLY_TR_COST_STRESS_1P5X,2021-09-29,36098.21732250
WEEKLY_TR_COST_STRESS_1P5X,2021-09-30,36293.51732250
WEEKLY_TR_COST_STRESS_1P5X,2021-10-08,36505.73910750
WEEKLY_TR_COST_STRESS_1P5X,2021-10-11,36288.23910750
WEEKLY_TR_COST_STRESS_1P5X,2021-10-12,35841.23910750
WEEKLY_TR_COST_STRESS_1P5X,2021-10-13,36367.73910750
WEEKLY_TR_COST_STRESS_1P5X,2021-10-14,36293.93910750
WEEKLY_TR_COST_STRESS_1P5X,2021-10-15,36699.53910750
WEEKLY_TR_COST_STRESS_1P5X,2021-10-18,36487.73910750
WEEKLY_TR_COST_STRESS_1P5X,2021-10-19,36739.73910750
WEEKLY_TR_COST_STRESS_1P5X,2021-10-20,36662.93910750
WEEKLY_TR_COST_STRESS_1P5X,2021-10-21,36679.43910750
WEEKLY_TR_COST_STRESS_1P5X,2021-10-22,36844.43910750
WEEKLY_TR_COST_STRESS_1P5X,2021-10-25,37160.63910750
WEEKLY_TR_COST_STRESS_1P5X,2021-10-26,37028.03910750
WEEKLY_TR_COST_STRESS_1P5X,2021-10-27,36728.63910750
WEEKLY_TR_COST_STRESS_1P5X,2021-10-28,36521.63910750
WEEKLY_TR_COST_STRESS_1P5X,2021-10-29,36989.33910750
WEEKLY_TR_COST_STRESS_1P5X,2021-11-01,36809.03910750
WEEKLY_TR_COST_STRESS_1P5X,2021-11-02,36657.83910750
WEEKLY_TR_COST_STRESS_1P5X,2021-11-03,36561.23910750
WEEKLY_TR_COST_STRESS_1P5X,2021-11-04,36910.13910750
WEEKLY_TR_COST_STRESS_1P5X,2021-11-05,36792.83910750
WEEKLY_TR_COST_STRESS_1P5X,2021-11-08,36996.51087750
WEEKLY_TR_COST_STRESS_1P5X,2021-11-09,37213.71087750
WEEKLY_TR_COST_STRESS_1P5X,2021-11-10,37151.31087750
WEEKLY_TR_COST_STRESS_1P5X,2021-11-11,37432.71087750
WEEKLY_TR_COST_STRESS_1P5X,2021-11-12,37525.11087750
WEEKLY_TR_COST_STRESS_1P5X,2021-11-15,37253.31087750
WEEKLY_TR_COST_STRESS_1P5X,2021-11-16,37073.61087750
WEEKLY_TR_COST_STRESS_1P5X,2021-11-17,37350.81087750
WEEKLY_TR_COST_STRESS_1P5X,2021-11-18,37129.41087750
WEEKLY_TR_COST_STRESS_1P5X,2021-11-19,37527.81087750
WEEKLY_TR_COST_STRESS_1P5X,2021-11-22,38082.81087750
WEEKLY_TR_COST_STRESS_1P5X,2021-11-23,38056.41087750
WEEKLY_TR_COST_STRESS_1P5X,2021-11-24,37949.91087750
WEEKLY_TR_COST_STRESS_1P5X,2021-11-25,37970.01087750
WEEKLY_TR_COST_STRESS_1P5X,2021-11-26,37901.31087750
WEEKLY_TR_COST_STRESS_1P5X,2021-11-29,38045.61087750
WEEKLY_TR_COST_STRESS_1P5X,2021-11-30,38063.91087750
WEEKLY_TR_COST_STRESS_1P5X,2021-12-01,38045.01087750
WEEKLY_TR_COST_STRESS_1P5X,2021-12-02,37891.11087750
WEEKLY_TR_COST_STRESS_1P5X,2021-12-03,38127.21087750
WEEKLY_TR_COST_STRESS_1P5X,2021-12-06,37603.11087750
WEEKLY_TR_COST_STRESS_1P5X,2021-12-07,37355.31087750
WEEKLY_TR_COST_STRESS_1P5X,2021-12-08,37850.01087750
WEEKLY_TR_COST_STRESS_1P5X,2021-12-09,38065.71087750
WEEKLY_TR_COST_STRESS_1P5X,2021-12-10,38146.11087750
WEEKLY_TR_COST_STRESS_1P5X,2021-12-13,38076.42209250
WEEKLY_TR_COST_STRESS_1P5X,2021-12-14,37932.12209250
WEEKLY_TR_COST_STRESS_1P5X,2021-12-15,37759.32209250
WEEKLY_TR_COST_STRESS_1P5X,2021-12-16,38005.92209250
WEEKLY_TR_COST_STRESS_1P5X,2021-12-17,37643.22209250
WEEKLY_TR_COST_STRESS_1P5X,2021-12-20,37124.82209250
WEEKLY_TR_COST_STRESS_1P5X,2021-12-21,37322.22209250
WEEKLY_TR_COST_STRESS_1P5X,2021-12-22,37403.52209250
WEEKLY_TR_COST_STRESS_1P5X,2021-12-23,37625.52209250
WEEKLY_TR_COST_STRESS_1P5X,2021-12-24,37448.82209250
WEEKLY_TR_COST_STRESS_1P5X,2021-12-27,37424.22209250
WEEKLY_TR_COST_STRESS_1P5X,2021-12-28,37522.62209250
WEEKLY_TR_COST_STRESS_1P5X,2021-12-29,37257.42209250
WEEKLY_TR_COST_STRESS_1P5X,2021-12-30,37500.12209250
WEEKLY_TR_COST_STRESS_1P5X,2021-12-31,37627.92209250
WEEKLY_TR_COST_STRESS_1P5X,2022-01-04,37583.22209250
WEEKLY_TR_COST_STRESS_1P5X,2022-01-05,37087.92209250
WEEKLY_TR_COST_STRESS_1P5X,2022-01-06,36924.12209250
WEEKLY_TR_COST_STRESS_1P5X,2022-01-07,36877.62209250
WEEKLY_TR_COST_STRESS_1P5X,2022-01-10,36922.62209250
WEEKLY_TR_COST_STRESS_1P5X,2022-01-11,36675.42209250
WEEKLY_TR_COST_STRESS_1P5X,2022-01-12,36962.52209250
WEEKLY_TR_COST_STRESS_1P5X,2022-01-13,36506.22209250
WEEKLY_TR_COST_STRESS_1P5X,2022-01-14,36281.22209250
WEEKLY_TR_COST_STRESS_1P5X,2022-01-17,36582.42209250
WEEKLY_TR_COST_STRESS_1P5X,2022-01-18,36763.62209250
WEEKLY_TR_COST_STRESS_1P5X,2022-01-19,36581.22209250
WEEKLY_TR_COST_STRESS_1P5X,2022-01-20,36574.32209250
WEEKLY_TR_COST_STRESS_1P5X,2022-01-21,36285.72209250
WEEKLY_TR_COST_STRESS_1P5X,2022-01-24,36271.32209250
WEEKLY_TR_COST_STRESS_1P5X,2022-01-25,35381.82209250
WEEKLY_TR_COST_STRESS_1P5X,2022-01-26,35526.42209250
WEEKLY_TR_COST_STRESS_1P5X,2022-01-27,34876.92209250
WEEKLY_TR_COST_STRESS_1P5X,2022-01-28,34535.52209250
WEEKLY_TR_COST_STRESS_1P5X,2022-02-07,34995.72209250
WEEKLY_TR_COST_STRESS_1P5X,2022-02-08,35110.02209250
WEEKLY_TR_COST_STRESS_1P5X,2022-02-09,35457.12209250
WEEKLY_TR_COST_STRESS_1P5X,2022-02-10,35418.72209250
WEEKLY_TR_COST_STRESS_1P5X,2022-02-11,35106.72209250
WEEKLY_TR_COST_STRESS_1P5X,2022-02-14,34808.52209250
WEEKLY_TR_COST_STRESS_1P5X,2022-02-15,35085.72209250
WEEKLY_TR_COST_STRESS_1P5X,2022-02-16,35188.62209250
WEEKLY_TR_COST_STRESS_1P5X,2022-02-17,35225.82209250
WEEKLY_TR_COST_STRESS_1P5X,2022-02-18,35447.82209250
WEEKLY_TR_COST_STRESS_1P5X,2022-02-21,35463.12209250
WEEKLY_TR_COST_STRESS_1P5X,2022-02-22,35084.52209250
WEEKLY_TR_COST_STRESS_1P5X,2022-02-23,35480.22209250
WEEKLY_TR_COST_STRESS_1P5X,2022-02-24,34920.42209250
WEEKLY_TR_COST_STRESS_1P5X,2022-02-25,35149.32209250
WEEKLY_TR_COST_STRESS_1P5X,2022-02-28,35251.02209250
WEEKLY_TR_COST_STRESS_1P5X,2022-03-01,35418.42209250
WEEKLY_TR_COST_STRESS_1P5X,2022-03-02,35309.22209250
WEEKLY_TR_COST_STRESS_1P5X,2022-03-03,35194.62209250
WEEKLY_TR_COST_STRESS_1P5X,2022-03-04,34915.02209250
WEEKLY_TR_COST_STRESS_1P5X,2022-03-07,34059.12209250
WEEKLY_TR_COST_STRESS_1P5X,2022-03-08,33206.82209250
WEEKLY_TR_COST_STRESS_1P5X,2022-03-09,32812.32209250
WEEKLY_TR_COST_STRESS_1P5X,2022-03-10,33247.62209250
WEEKLY_TR_COST_STRESS_1P5X,2022-03-11,33554.22209250
WEEKLY_TR_COST_STRESS_1P5X,2022-03-14,32584.14855750
WEEKLY_TR_COST_STRESS_1P5X,2022-03-15,31297.14855750
WEEKLY_TR_COST_STRESS_1P5X,2022-03-16,32563.54855750
WEEKLY_TR_COST_STRESS_1P5X,2022-03-17,33225.64855750
WEEKLY_TR_COST_STRESS_1P5X,2022-03-18,33441.74855750
WEEKLY_TR_COST_STRESS_1P5X,2022-03-21,33504.34855750
WEEKLY_TR_COST_STRESS_1P5X,2022-03-22,33307.94855750
WEEKLY_TR_COST_STRESS_1P5X,2022-03-23,33568.04855750
WEEKLY_TR_COST_STRESS_1P5X,2022-03-24,33399.44855750
WEEKLY_TR_COST_STRESS_1P5X,2022-03-25,32883.84855750
WEEKLY_TR_COST_STRESS_1P5X,2022-03-28,32621.54855750
WEEKLY_TR_COST_STRESS_1P5X,2022-03-29,32535.84855750
WEEKLY_TR_COST_STRESS_1P5X,2022-03-30,33439.14855750
WEEKLY_TR_COST_STRESS_1P5X,2022-03-31,33096.54855750
WEEKLY_TR_COST_STRESS_1P5X,2022-04-01,33234.84855750
WEEKLY_TR_COST_STRESS_1P5X,2022-04-06,33051.39361250
WEEKLY_TR_COST_STRESS_1P5X,2022-04-07,32556.19361250
WEEKLY_TR_COST_STRESS_1P5X,2022-04-08,32625.19361250
WEEKLY_TR_COST_STRESS_1P5X,2022-04-11,31554.19361250
WEEKLY_TR_COST_STRESS_1P5X,2022-04-12,32112.39361250
WEEKLY_TR_COST_STRESS_1P5X,2022-04-13,31733.59361250
WEEKLY_TR_COST_STRESS_1P5X,2022-04-14,31858.59361250
WEEKLY_TR_COST_STRESS_1P5X,2022-04-15,31828.39361250
WEEKLY_TR_COST_STRESS_1P5X,2022-04-18,31732.34320250
WEEKLY_TR_COST_STRESS_1P5X,2022-04-19,31684.04320250
WEEKLY_TR_COST_STRESS_1P5X,2022-04-20,31107.24320250
WEEKLY_TR_COST_STRESS_1P5X,2022-04-21,30436.64320250
WEEKLY_TR_COST_STRESS_1P5X,2022-04-22,30389.74320250
WEEKLY_TR_COST_STRESS_1P5X,2022-04-25,28830.14320250
WEEKLY_TR_COST_STRESS_1P5X,2022-04-26,28494.14320250
WEEKLY_TR_COST_STRESS_1P5X,2022-04-27,29283.04320250
WEEKLY_TR_COST_STRESS_1P5X,2022-04-28,29338.34320250
WEEKLY_TR_COST_STRESS_1P5X,2022-04-29,30213.34320250
WEEKLY_TR_COST_STRESS_1P5X,2022-05-05,30253.24320250
WEEKLY_TR_COST_STRESS_1P5X,2022-05-06,29613.44320250
WEEKLY_TR_COST_STRESS_1P5X,2022-05-09,29616.94320250
WEEKLY_TR_COST_STRESS_1P5X,2022-05-10,29997.04320250
WEEKLY_TR_COST_STRESS_1P5X,2022-05-11,30279.84320250
WEEKLY_TR_COST_STRESS_1P5X,2022-05-12,30220.34320250
WEEKLY_TR_COST_STRESS_1P5X,2022-05-13,30484.24320250
WEEKLY_TR_COST_STRESS_1P5X,2022-05-16,30333.74320250
WEEKLY_TR_COST_STRESS_1P5X,2022-05-17,30578.74320250
WEEKLY_TR_COST_STRESS_1P5X,2022-05-18,30483.54320250
WEEKLY_TR_COST_STRESS_1P5X,2022-05-19,30643.14320250
WEEKLY_TR_COST_STRESS_1P5X,2022-05-20,31151.34320250
WEEKLY_TR_COST_STRESS_1P5X,2022-05-23,30946.09686250
WEEKLY_TR_COST_STRESS_1P5X,2022-05-24,30159.89686250
WEEKLY_TR_COST_STRESS_1P5X,2022-05-25,30258.99686250
WEEKLY_TR_COST_STRESS_1P5X,2022-05-26,30269.39686250
WEEKLY_TR_COST_STRESS_1P5X,2022-05-27,30315.19686250
WEEKLY_TR_COST_STRESS_1P5X,2022-05-30,30534.53247250
WEEKLY_TR_COST_STRESS_1P5X,2022-05-31,31092.53247250
WEEKLY_TR_COST_STRESS_1P5X,2022-06-01,31198.53247250
WEEKLY_TR_COST_STRESS_1P5X,2022-06-02,31554.53247250
WEEKLY_TR_COST_STRESS_1P5X,2022-06-06,32318.53247250
WEEKLY_TR_COST_STRESS_1P5X,2022-06-07,32316.53247250
WEEKLY_TR_COST_STRESS_1P5X,2022-06-08,32510.53247250
WEEKLY_TR_COST_STRESS_1P5X,2022-06-09,31914.53247250
WEEKLY_TR_COST_STRESS_1P5X,2022-06-10,32510.53247250
WEEKLY_TR_COST_STRESS_1P5X,2022-06-13,32402.53247250
WEEKLY_TR_COST_STRESS_1P5X,2022-06-14,32582.53247250
WEEKLY_TR_COST_STRESS_1P5X,2022-06-15,32654.53247250
WEEKLY_TR_COST_STRESS_1P5X,2022-06-16,32736.53247250
WEEKLY_TR_COST_STRESS_1P5X,2022-06-17,33334.53247250
WEEKLY_TR_COST_STRESS_1P5X,2022-06-20,33586.53247250
WEEKLY_TR_COST_STRESS_1P5X,2022-06-21,33416.53247250
WEEKLY_TR_COST_STRESS_1P5X,2022-06-22,33080.53247250
WEEKLY_TR_COST_STRESS_1P5X,2022-06-23,33894.53247250
WEEKLY_TR_COST_STRESS_1P5X,2022-06-24,34408.53247250
WEEKLY_TR_COST_STRESS_1P5X,2022-06-27,34527.02242250
WEEKLY_TR_COST_STRESS_1P5X,2022-06-28,34776.62242250
WEEKLY_TR_COST_STRESS_1P5X,2022-06-29,34192.02242250
WEEKLY_TR_COST_STRESS_1P5X,2022-06-30,34625.22242250
WEEKLY_TR_COST_STRESS_1P5X,2022-07-01,34400.62242250
WEEKLY_TR_COST_STRESS_1P5X,2022-07-04,34781.42242250
WEEKLY_TR_COST_STRESS_1P5X,2022-07-05,34685.82242250
WEEKLY_TR_COST_STRESS_1P5X,2022-07-06,34406.82242250
WEEKLY_TR_COST_STRESS_1P5X,2022-07-07,34707.62242250
WEEKLY_TR_COST_STRESS_1P5X,2022-07-08,34481.22242250
WEEKLY_TR_COST_STRESS_1P5X,2022-07-11,33993.22242250
WEEKLY_TR_COST_STRESS_1P5X,2022-07-12,33490.02242250
WEEKLY_TR_COST_STRESS_1P5X,2022-07-13,33754.62242250
WEEKLY_TR_COST_STRESS_1P5X,2022-07-14,34150.02242250
WEEKLY_TR_COST_STRESS_1P5X,2022-07-15,33621.02242250
WEEKLY_TR_COST_STRESS_1P5X,2022-07-18,33984.62242250
WEEKLY_TR_COST_STRESS_1P5X,2022-07-19,33646.62242250
WEEKLY_TR_COST_STRESS_1P5X,2022-07-20,33743.42242250
WEEKLY_TR_COST_STRESS_1P5X,2022-07-21,33534.42242250
WEEKLY_TR_COST_STRESS_1P5X,2022-07-22,33438.22242250
WEEKLY_TR_COST_STRESS_1P5X,2022-07-25,33189.39715750
WEEKLY_TR_COST_STRESS_1P5X,2022-07-26,33462.89715750
WEEKLY_TR_COST_STRESS_1P5X,2022-07-27,33440.89715750
WEEKLY_TR_COST_STRESS_1P5X,2022-07-28,33489.39715750
WEEKLY_TR_COST_STRESS_1P5X,2022-07-29,33166.89715750
WEEKLY_TR_COST_STRESS_1P5X,2022-08-01,33652.55500750
WEEKLY_TR_COST_STRESS_1P5X,2022-08-02,32994.15500750
WEEKLY_TR_COST_STRESS_1P5X,2022-08-03,32579.75500750
WEEKLY_TR_COST_STRESS_1P5X,2022-08-04,32696.15500750
WEEKLY_TR_COST_STRESS_1P5X,2022-08-05,33221.85500750
WEEKLY_TR_COST_STRESS_1P5X,2022-08-08,33244.85500750
WEEKLY_TR_COST_STRESS_1P5X,2022-08-09,33389.45500750
WEEKLY_TR_COST_STRESS_1P5X,2022-08-10,33161.95500750
WEEKLY_TR_COST_STRESS_1P5X,2022-08-11,33835.55500750
WEEKLY_TR_COST_STRESS_1P5X,2022-08-12,33615.75500750
WEEKLY_TR_COST_STRESS_1P5X,2022-08-15,33577.98946750
WEEKLY_TR_COST_STRESS_1P5X,2022-08-16,33580.98946750
WEEKLY_TR_COST_STRESS_1P5X,2022-08-17,33820.48946750
WEEKLY_TR_COST_STRESS_1P5X,2022-08-18,33636.98946750
WEEKLY_TR_COST_STRESS_1P5X,2022-08-19,33335.98946750
WEEKLY_TR_COST_STRESS_1P5X,2022-08-22,33734.59646750
WEEKLY_TR_COST_STRESS_1P5X,2022-08-23,33727.39646750
WEEKLY_TR_COST_STRESS_1P5X,2022-08-24,32760.19646750
WEEKLY_TR_COST_STRESS_1P5X,2022-08-25,32782.19646750
WEEKLY_TR_COST_STRESS_1P5X,2022-08-26,32615.79646750
WEEKLY_TR_COST_STRESS_1P5X,2022-08-29,32472.67107250
WEEKLY_TR_COST_STRESS_1P5X,2022-08-30,32420.55207250
WEEKLY_TR_COST_STRESS_1P5X,2022-08-31,32113.55807250
WEEKLY_TR_COST_STRESS_1P5X,2022-09-01,31944.15607250
WEEKLY_TR_COST_STRESS_1P5X,2022-09-02,31888.85707250
WEEKLY_TR_COST_STRESS_1P5X,2022-09-05,31952.87807250
WEEKLY_TR_COST_STRESS_1P5X,2022-09-06,32297.22407250
WEEKLY_TR_COST_STRESS_1P5X,2022-09-07,32361.88007250
WEEKLY_TR_COST_STRESS_1P5X,2022-09-08,32248.47807250
WEEKLY_TR_COST_STRESS_1P5X,2022-09-09,32538.53607250
WEEKLY_TR_COST_STRESS_1P5X,2022-09-13,32550.88007250
WEEKLY_TR_COST_STRESS_1P5X,2022-09-14,32279.91207250
WEEKLY_TR_COST_STRESS_1P5X,2022-09-15,31822.79907250
WEEKLY_TR_COST_STRESS_1P5X,2022-09-16,31159.56707250
WEEKLY_TR_COST_STRESS_1P5X,2022-09-19,31036.30007250
WEEKLY_TR_COST_STRESS_1P5X,2022-09-20,31112.03007250
WEEKLY_TR_COST_STRESS_1P5X,2022-09-21,31075.76007250
WEEKLY_TR_COST_STRESS_1P5X,2022-09-22,30953.64107250
WEEKLY_TR_COST_STRESS_1P5X,2022-09-23,30762.98007250
WEEKLY_TR_COST_STRESS_1P5X,2022-09-26,30462.41707250
WEEKLY_TR_COST_STRESS_1P5X,2022-09-27,30887.13607250
WEEKLY_TR_COST_STRESS_1P5X,2022-09-28,30372.68707250
WEEKLY_TR_COST_STRESS_1P5X,2022-09-29,30410.55207250
WEEKLY_TR_COST_STRESS_1P5X,2022-09-30,30140.85407250
WEEKLY_TR_COST_STRESS_1P5X,2022-10-10,29713.14807250
WEEKLY_TR_COST_STRESS_1P5X,2022-10-11,29782.83307250
WEEKLY_TR_COST_STRESS_1P5X,2022-10-12,30311.40907250
WEEKLY_TR_COST_STRESS_1P5X,2022-10-13,30230.27407250
WEEKLY_TR_COST_STRESS_1P5X,2022-10-14,30877.34207250
WEEKLY_TR_COST_STRESS_1P5X,2022-10-17,30960.52785250
WEEKLY_TR_COST_STRESS_1P5X,2022-10-18,31087.28485250
WEEKLY_TR_COST_STRESS_1P5X,2022-10-19,30864.24385250
WEEKLY_TR_COST_STRESS_1P5X,2022-10-20,30712.22385250
WEEKLY_TR_COST_STRESS_1P5X,2022-10-21,30617.82385250
WEEKLY_TR_COST_STRESS_1P5X,2022-10-24,30176.48285250
WEEKLY_TR_COST_STRESS_1P5X,2022-10-25,29921.30585250
WEEKLY_TR_COST_STRESS_1P5X,2022-10-26,30558.41685250
WEEKLY_TR_COST_STRESS_1P5X,2022-10-27,30298.87885250
WEEKLY_TR_COST_STRESS_1P5X,2022-10-28,29403.38885250
WEEKLY_TR_COST_STRESS_1P5X,2022-10-31,29572.07385250
WEEKLY_TR_COST_STRESS_1P5X,2022-11-01,30334.96885250
WEEKLY_TR_COST_STRESS_1P5X,2022-11-02,30610.48185250
WEEKLY_TR_COST_STRESS_1P5X,2022-11-03,30640.95485250
WEEKLY_TR_COST_STRESS_1P5X,2022-11-04,31425.78685250
WEEKLY_TR_COST_STRESS_1P5X,2022-11-07,31365.53085250
WEEKLY_TR_COST_STRESS_1P5X,2022-11-08,31284.87685250
WEEKLY_TR_COST_STRESS_1P5X,2022-11-09,31027.62985250
WEEKLY_TR_COST_STRESS_1P5X,2022-11-10,30755.31885250
WEEKLY_TR_COST_STRESS_1P5X,2022-11-11,31085.59485250
WEEKLY_TR_COST_STRESS_1P5X,2022-11-14,30885.05138750
WEEKLY_TR_COST_STRESS_1P5X,2022-11-15,31390.39738750
WEEKLY_TR_COST_STRESS_1P5X,2022-11-16,31222.45838750
WEEKLY_TR_COST_STRESS_1P5X,2022-11-17,31192.74138750
WEEKLY_TR_COST_STRESS_1P5X,2022-11-18,31119.74938750
WEEKLY_TR_COST_STRESS_1P5X,2022-11-21,30988.21238750
WEEKLY_TR_COST_STRESS_1P5X,2022-11-22,30830.00638750
WEEKLY_TR_COST_STRESS_1P5X,2022-11-23,30815.30538750
WEEKLY_TR_COST_STRESS_1P5X,2022-11-24,30754.59638750
WEEKLY_TR_COST_STRESS_1P5X,2022-11-25,30754.78438750
WEEKLY_TR_COST_STRESS_1P5X,2022-11-28,30535.42738750
WEEKLY_TR_COST_STRESS_1P5X,2022-11-29,31170.52738750
WEEKLY_TR_COST_STRESS_1P5X,2022-11-30,31148.95338750
WEEKLY_TR_COST_STRESS_1P5X,2022-12-01,31382.05638750
WEEKLY_TR_COST_STRESS_1P5X,2022-12-02,31267.19138750
WEEKLY_TR_COST_STRESS_1P5X,2022-12-05,31614.20438750
WEEKLY_TR_COST_STRESS_1P5X,2022-12-06,31687.83138750
WEEKLY_TR_COST_STRESS_1P5X,2022-12-07,31627.50338750
WEEKLY_TR_COST_STRESS_1P5X,2022-12-08,31636.09338750
WEEKLY_TR_COST_STRESS_1P5X,2022-12-09,31775.71238750
WEEKLY_TR_COST_STRESS_1P5X,2022-12-12,31576.01938750
WEEKLY_TR_COST_STRESS_1P5X,2022-12-13,31459.62538750
WEEKLY_TR_COST_STRESS_1P5X,2022-12-14,31435.05938750
WEEKLY_TR_COST_STRESS_1P5X,2022-12-15,31425.76838750
WEEKLY_TR_COST_STRESS_1P5X,2022-12-16,31387.07538750
WEEKLY_TR_COST_STRESS_1P5X,2022-12-19,30962.01329820
WEEKLY_TR_COST_STRESS_1P5X,2022-12-20,30552.41329820
WEEKLY_TR_COST_STRESS_1P5X,2022-12-21,30523.61329820
WEEKLY_TR_COST_STRESS_1P5X,2022-12-22,30521.11329820
WEEKLY_TR_COST_STRESS_1P5X,2022-12-23,30406.81329820
WEEKLY_TR_COST_STRESS_1P5X,2022-12-26,30682.31329820
WEEKLY_TR_COST_STRESS_1P5X,2022-12-27,31035.91329820
WEEKLY_TR_COST_STRESS_1P5X,2022-12-28,30831.81329820
WEEKLY_TR_COST_STRESS_1P5X,2022-12-29,30850.81329820
WEEKLY_TR_COST_STRESS_1P5X,2022-12-30,30919.01329820
WEEKLY_TR_COST_STRESS_1P5X,2023-01-03,31018.51329820
WEEKLY_TR_COST_STRESS_1P5X,2023-01-04,30901.81329820
WEEKLY_TR_COST_STRESS_1P5X,2023-01-05,31548.61329820
WEEKLY_TR_COST_STRESS_1P5X,2023-01-06,31726.61329820
WEEKLY_TR_COST_STRESS_1P5X,2023-01-09,31905.61329820
WEEKLY_TR_COST_STRESS_1P5X,2023-01-10,32146.21329820
WEEKLY_TR_COST_STRESS_1P5X,2023-01-11,31981.51329820
WEEKLY_TR_COST_STRESS_1P5X,2023-01-12,32051.31329820
WEEKLY_TR_COST_STRESS_1P5X,2023-01-13,32481.81329820
WEEKLY_TR_COST_STRESS_1P5X,2023-01-16,32976.81329820
WEEKLY_TR_COST_STRESS_1P5X,2023-01-17,33011.61329820
WEEKLY_TR_COST_STRESS_1P5X,2023-01-18,32967.91329820
WEEKLY_TR_COST_STRESS_1P5X,2023-01-19,33236.71329820
WEEKLY_TR_COST_STRESS_1P5X,2023-01-20,33384.31329820
WEEKLY_TR_COST_STRESS_1P5X,2023-01-30,33626.91329820
WEEKLY_TR_COST_STRESS_1P5X,2023-01-31,33307.31329820
WEEKLY_TR_COST_STRESS_1P5X,2023-02-01,33598.81329820
WEEKLY_TR_COST_STRESS_1P5X,2023-02-02,33484.51329820
WEEKLY_TR_COST_STRESS_1P5X,2023-02-03,33187.61329820
WEEKLY_TR_COST_STRESS_1P5X,2023-02-06,32821.18144320
WEEKLY_TR_COST_STRESS_1P5X,2023-02-07,32786.08144320
WEEKLY_TR_COST_STRESS_1P5X,2023-02-08,32596.28144320
WEEKLY_TR_COST_STRESS_1P5X,2023-02-09,33081.58144320
WEEKLY_TR_COST_STRESS_1P5X,2023-02-10,32867.58144320
WEEKLY_TR_COST_STRESS_1P5X,2023-02-13,33134.98144320
WEEKLY_TR_COST_STRESS_1P5X,2023-02-14,33144.08144320
WEEKLY_TR_COST_STRESS_1P5X,2023-02-15,32984.48144320
WEEKLY_TR_COST_STRESS_1P5X,2023-02-16,32596.98144320
WEEKLY_TR_COST_STRESS_1P5X,2023-02-17,32124.78144320
WEEKLY_TR_COST_STRESS_1P5X,2023-02-20,32636.42349320
WEEKLY_TR_COST_STRESS_1P5X,2023-02-21,32739.02349320
WEEKLY_TR_COST_STRESS_1P5X,2023-02-22,32585.22349320
WEEKLY_TR_COST_STRESS_1P5X,2023-02-23,32559.92349320
WEEKLY_TR_COST_STRESS_1P5X,2023-02-24,32391.22349320
WEEKLY_TR_COST_STRESS_1P5X,2023-02-27,32262.82349320
WEEKLY_TR_COST_STRESS_1P5X,2023-02-28,32448.12349320
WEEKLY_TR_COST_STRESS_1P5X,2023-03-01,32709.32349320
WEEKLY_TR_COST_STRESS_1P5X,2023-03-02,32675.72349320
WEEKLY_TR_COST_STRESS_1P5X,2023-03-03,32700.32349320
WEEKLY_TR_COST_STRESS_1P5X,2023-03-06,32617.42349320
WEEKLY_TR_COST_STRESS_1P5X,2023-03-07,32187.92349320
WEEKLY_TR_COST_STRESS_1P5X,2023-03-08,32154.92349320
WEEKLY_TR_COST_STRESS_1P5X,2023-03-09,32103.82349320
WEEKLY_TR_COST_STRESS_1P5X,2023-03-10,31727.32349320
WEEKLY_TR_COST_STRESS_1P5X,2023-03-13,31961.82349320
WEEKLY_TR_COST_STRESS_1P5X,2023-03-14,31757.02349320
WEEKLY_TR_COST_STRESS_1P5X,2023-03-15,31827.12349320
WEEKLY_TR_COST_STRESS_1P5X,2023-03-16,31489.02349320
WEEKLY_TR_COST_STRESS_1P5X,2023-03-17,31645.32349320
WEEKLY_TR_COST_STRESS_1P5X,2023-03-20,31524.62349320
WEEKLY_TR_COST_STRESS_1P5X,2023-03-21,31824.62349320
WEEKLY_TR_COST_STRESS_1P5X,2023-03-22,31965.82349320
WEEKLY_TR_COST_STRESS_1P5X,2023-03-23,32179.32349320
WEEKLY_TR_COST_STRESS_1P5X,2023-03-24,32180.22349320
WEEKLY_TR_COST_STRESS_1P5X,2023-03-27,32099.82349320
WEEKLY_TR_COST_STRESS_1P5X,2023-03-28,32035.02349320
WEEKLY_TR_COST_STRESS_1P5X,2023-03-29,31975.22349320
WEEKLY_TR_COST_STRESS_1P5X,2023-03-30,32201.62349320
WEEKLY_TR_COST_STRESS_1P5X,2023-03-31,32344.72349320
WEEKLY_TR_COST_STRESS_1P5X,2023-04-03,32705.85241320
WEEKLY_TR_COST_STRESS_1P5X,2023-04-04,32615.85241320
WEEKLY_TR_COST_STRESS_1P5X,2023-04-06,32638.35241320
WEEKLY_TR_COST_STRESS_1P5X,2023-04-07,32844.05241320
WEEKLY_TR_COST_STRESS_1P5X,2023-04-10,32738.95241320
WEEKLY_TR_COST_STRESS_1P5X,2023-04-11,32699.45241320
WEEKLY_TR_COST_STRESS_1P5X,2023-04-12,32694.25241320
WEEKLY_TR_COST_STRESS_1P5X,2023-04-13,32499.65241320
WEEKLY_TR_COST_STRESS_1P5X,2023-04-14,32676.75241320
WEEKLY_TR_COST_STRESS_1P5X,2023-04-17,32806.15241320
WEEKLY_TR_COST_STRESS_1P5X,2023-04-18,32714.25241320
WEEKLY_TR_COST_STRESS_1P5X,2023-04-19,32552.25241320
WEEKLY_TR_COST_STRESS_1P5X,2023-04-20,32381.15241320
WEEKLY_TR_COST_STRESS_1P5X,2023-04-21,31750.25241320
WEEKLY_TR_COST_STRESS_1P5X,2023-04-24,31438.58180820
WEEKLY_TR_COST_STRESS_1P5X,2023-04-25,31155.88180820
WEEKLY_TR_COST_STRESS_1P5X,2023-04-26,31184.18180820
WEEKLY_TR_COST_STRESS_1P5X,2023-04-27,31366.48180820
WEEKLY_TR_COST_STRESS_1P5X,2023-04-28,31714.58180820
WEEKLY_TR_COST_STRESS_1P5X,2023-05-04,31716.88180820
WEEKLY_TR_COST_STRESS_1P5X,2023-05-05,31532.08180820
WEEKLY_TR_COST_STRESS_1P5X,2023-05-08,31779.28180820
WEEKLY_TR_COST_STRESS_1P5X,2023-05-09,31525.68180820
WEEKLY_TR_COST_STRESS_1P5X,2023-05-10,31391.88180820
WEEKLY_TR_COST_STRESS_1P5X,2023-05-11,31330.68180820
WEEKLY_TR_COST_STRESS_1P5X,2023-05-12,31014.18180820
WEEKLY_TR_COST_STRESS_1P5X,2023-05-15,31391.08180820
WEEKLY_TR_COST_STRESS_1P5X,2023-05-16,31237.28180820
WEEKLY_TR_COST_STRESS_1P5X,2023-05-17,31147.38180820
WEEKLY_TR_COST_STRESS_1P5X,2023-05-18,31166.88180820
WEEKLY_TR_COST_STRESS_1P5X,2023-05-19,31157.38180820
WEEKLY_TR_COST_STRESS_1P5X,2023-05-22,31206.68180820
WEEKLY_TR_COST_STRESS_1P5X,2023-05-23,30857.68180820
WEEKLY_TR_COST_STRESS_1P5X,2023-05-24,30566.38180820
WEEKLY_TR_COST_STRESS_1P5X,2023-05-25,30493.48180820
WEEKLY_TR_COST_STRESS_1P5X,2023-05-26,30632.88180820
WEEKLY_TR_COST_STRESS_1P5X,2023-05-29,30441.15067320
WEEKLY_TR_COST_STRESS_1P5X,2023-05-30,30592.65067320
WEEKLY_TR_COST_STRESS_1P5X,2023-05-31,30425.35067320
WEEKLY_TR_COST_STRESS_1P5X,2023-06-01,30555.45067320
WEEKLY_TR_COST_STRESS_1P5X,2023-06-02,30845.15067320
WEEKLY_TR_COST_STRESS_1P5X,2023-06-05,30613.65067320
WEEKLY_TR_COST_STRESS_1P5X,2023-06-06,30118.35067320
WEEKLY_TR_COST_STRESS_1P5X,2023-06-07,29932.25067320
WEEKLY_TR_COST_STRESS_1P5X,2023-06-08,29877.15067320
WEEKLY_TR_COST_STRESS_1P5X,2023-06-09,30088.95067320
WEEKLY_TR_COST_STRESS_1P5X,2023-06-12,30084.63249820
WEEKLY_TR_COST_STRESS_1P5X,2023-06-13,30225.73249820
WEEKLY_TR_COST_STRESS_1P5X,2023-06-14,30241.13249820
WEEKLY_TR_COST_STRESS_1P5X,2023-06-15,30587.43249820
WEEKLY_TR_COST_STRESS_1P5X,2023-06-16,30811.53249820
WEEKLY_TR_COST_STRESS_1P5X,2023-06-19,30688.93249820
WEEKLY_TR_COST_STRESS_1P5X,2023-06-20,30657.83249820
WEEKLY_TR_COST_STRESS_1P5X,2023-06-21,30190.33249820
WEEKLY_TR_COST_STRESS_1P5X,2023-06-26,29814.13249820
WEEKLY_TR_COST_STRESS_1P5X,2023-06-27,30004.13249820
WEEKLY_TR_COST_STRESS_1P5X,2023-06-28,30062.93249820
WEEKLY_TR_COST_STRESS_1P5X,2023-06-29,29980.13249820
WEEKLY_TR_COST_STRESS_1P5X,2023-06-30,30221.23249820
WEEKLY_TR_COST_STRESS_1P5X,2023-07-03,30390.04081820
WEEKLY_TR_COST_STRESS_1P5X,2023-07-04,30433.14081820
WEEKLY_TR_COST_STRESS_1P5X,2023-07-05,30227.04081820
WEEKLY_TR_COST_STRESS_1P5X,2023-07-06,30011.24081820
WEEKLY_TR_COST_STRESS_1P5X,2023-07-07,29854.94081820
WEEKLY_TR_COST_STRESS_1P5X,2023-07-10,30078.34081820
WEEKLY_TR_COST_STRESS_1P5X,2023-07-11,30268.54081820
WEEKLY_TR_COST_STRESS_1P5X,2023-07-12,30065.64081820
WEEKLY_TR_COST_STRESS_1P5X,2023-07-13,30552.74081820
WEEKLY_TR_COST_STRESS_1P5X,2023-07-14,30465.14081820
WEEKLY_TR_COST_STRESS_1P5X,2023-07-17,30261.74081820
WEEKLY_TR_COST_STRESS_1P5X,2023-07-18,30209.74081820
WEEKLY_TR_COST_STRESS_1P5X,2023-07-19,30066.34081820
WEEKLY_TR_COST_STRESS_1P5X,2023-07-20,29831.94081820
WEEKLY_TR_COST_STRESS_1P5X,2023-07-21,29882.34081820
WEEKLY_TR_COST_STRESS_1P5X,2023-07-24,29778.04181820
WEEKLY_TR_COST_STRESS_1P5X,2023-07-25,30385.64181820
WEEKLY_TR_COST_STRESS_1P5X,2023-07-26,30329.94181820
WEEKLY_TR_COST_STRESS_1P5X,2023-07-27,30223.54181820
WEEKLY_TR_COST_STRESS_1P5X,2023-07-28,30761.94181820
WEEKLY_TR_COST_STRESS_1P5X,2023-07-31,30903.74181820
WEEKLY_TR_COST_STRESS_1P5X,2023-08-01,30851.74181820
WEEKLY_TR_COST_STRESS_1P5X,2023-08-02,30701.84181820
WEEKLY_TR_COST_STRESS_1P5X,2023-08-03,30874.04181820
WEEKLY_TR_COST_STRESS_1P5X,2023-08-04,31037.74181820
WEEKLY_TR_COST_STRESS_1P5X,2023-08-07,30798.15540820
WEEKLY_TR_COST_STRESS_1P5X,2023-08-08,30696.75540820
WEEKLY_TR_COST_STRESS_1P5X,2023-08-09,30650.65540820
WEEKLY_TR_COST_STRESS_1P5X,2023-08-10,30730.65540820
WEEKLY_TR_COST_STRESS_1P5X,2023-08-11,30061.15540820
WEEKLY_TR_COST_STRESS_1P5X,2023-08-14,29947.55758820
WEEKLY_TR_COST_STRESS_1P5X,2023-08-15,29861.35758820
WEEKLY_TR_COST_STRESS_1P5X,2023-08-16,29664.75758820
WEEKLY_TR_COST_STRESS_1P5X,2023-08-17,29788.15758820
WEEKLY_TR_COST_STRESS_1P5X,2023-08-18,29413.55758820
WEEKLY_TR_COST_STRESS_1P5X,2023-08-21,29006.20961820
WEEKLY_TR_COST_STRESS_1P5X,2023-08-22,29103.60961820
WEEKLY_TR_COST_STRESS_1P5X,2023-08-23,28590.20961820
WEEKLY_TR_COST_STRESS_1P5X,2023-08-24,28841.20961820
WEEKLY_TR_COST_STRESS_1P5X,2023-08-25,28670.20961820
WEEKLY_TR_COST_STRESS_1P5X,2023-08-28,29274.53734320
WEEKLY_TR_COST_STRESS_1P5X,2023-08-29,29607.43734320
WEEKLY_TR_COST_STRESS_1P5X,2023-08-30,29606.33734320
WEEKLY_TR_COST_STRESS_1P5X,2023-08-31,29484.63734320
WEEKLY_TR_COST_STRESS_1P5X,2023-09-01,29570.83734320
WEEKLY_TR_COST_STRESS_1P5X,2023-09-04,29932.83734320
WEEKLY_TR_COST_STRESS_1P5X,2023-09-05,29756.13734320
WEEKLY_TR_COST_STRESS_1P5X,2023-09-06,29719.93734320
WEEKLY_TR_COST_STRESS_1P5X,2023-09-07,29378.13734320
WEEKLY_TR_COST_STRESS_1P5X,2023-09-08,29306.73734320
WEEKLY_TR_COST_STRESS_1P5X,2023-09-11,29537.03734320
WEEKLY_TR_COST_STRESS_1P5X,2023-09-12,29525.23734320
WEEKLY_TR_COST_STRESS_1P5X,2023-09-13,29321.33734320
WEEKLY_TR_COST_STRESS_1P5X,2023-09-14,29301.23734320
WEEKLY_TR_COST_STRESS_1P5X,2023-09-15,29248.93734320
WEEKLY_TR_COST_STRESS_1P5X,2023-09-18,29315.73734320
WEEKLY_TR_COST_STRESS_1P5X,2023-09-19,29247.23734320
WEEKLY_TR_COST_STRESS_1P5X,2023-09-20,29103.53734320
WEEKLY_TR_COST_STRESS_1P5X,2023-09-21,28894.93734320
WEEKLY_TR_COST_STRESS_1P5X,2023-09-22,29340.73734320
WEEKLY_TR_COST_STRESS_1P5X,2023-09-25,29181.83734320
WEEKLY_TR_COST_STRESS_1P5X,2023-09-26,29074.73734320
WEEKLY_TR_COST_STRESS_1P5X,2023-09-27,29159.23734320
WEEKLY_TR_COST_STRESS_1P5X,2023-09-28,29131.23734320
WEEKLY_TR_COST_STRESS_1P5X,2023-10-09,29032.03734320
WEEKLY_TR_COST_STRESS_1P5X,2023-10-10,28886.83734320
WEEKLY_TR_COST_STRESS_1P5X,2023-10-11,28901.93734320
WEEKLY_TR_COST_STRESS_1P5X,2023-10-12,29107.43734320
WEEKLY_TR_COST_STRESS_1P5X,2023-10-13,28932.43734320
WEEKLY_TR_COST_STRESS_1P5X,2023-10-16,28675.13734320
WEEKLY_TR_COST_STRESS_1P5X,2023-10-17,28736.63734320
WEEKLY_TR_COST_STRESS_1P5X,2023-10-18,28504.23734320
WEEKLY_TR_COST_STRESS_1P5X,2023-10-19,28121.33734320
WEEKLY_TR_COST_STRESS_1P5X,2023-10-20,27983.93734320
WEEKLY_TR_COST_STRESS_1P5X,2023-10-23,27379.60581820
WEEKLY_TR_COST_STRESS_1P5X,2023-10-24,27636.00581820
WEEKLY_TR_COST_STRESS_1P5X,2023-10-25,27579.80581820
WEEKLY_TR_COST_STRESS_1P5X,2023-10-26,27727.80581820
WEEKLY_TR_COST_STRESS_1P5X,2023-10-27,28310.20581820
WEEKLY_TR_COST_STRESS_1P5X,2023-10-30,28715.20581820
WEEKLY_TR_COST_STRESS_1P5X,2023-10-31,28618.60581820
WEEKLY_TR_COST_STRESS_1P5X,2023-11-01,28537.80581820
WEEKLY_TR_COST_STRESS_1P5X,2023-11-02,28303.20581820
WEEKLY_TR_COST_STRESS_1P5X,2023-11-03,28583.80581820
WEEKLY_TR_COST_STRESS_1P5X,2023-11-06,29138.71261820
WEEKLY_TR_COST_STRESS_1P5X,2023-11-07,29007.51261820
WEEKLY_TR_COST_STRESS_1P5X,2023-11-08,28996.91261820
WEEKLY_TR_COST_STRESS_1P5X,2023-11-09,28980.31261820
WEEKLY_TR_COST_STRESS_1P5X,2023-11-10,28808.11261820
WEEKLY_TR_COST_STRESS_1P5X,2023-11-13,28861.50272320
WEEKLY_TR_COST_STRESS_1P5X,2023-11-14,28881.30272320
WEEKLY_TR_COST_STRESS_1P5X,2023-11-15,29028.70272320
WEEKLY_TR_COST_STRESS_1P5X,2023-11-16,28650.30272320
WEEKLY_TR_COST_STRESS_1P5X,2023-11-17,28751.50272320
WEEKLY_TR_COST_STRESS_1P5X,2023-11-20,28874.70272320
WEEKLY_TR_COST_STRESS_1P5X,2023-11-21,28764.70272320
WEEKLY_TR_COST_STRESS_1P5X,2023-11-22,28392.90272320
WEEKLY_TR_COST_STRESS_1P5X,2023-11-23,28584.30272320
WEEKLY_TR_COST_STRESS_1P5X,2023-11-24,28331.30272320
WEEKLY_TR_COST_STRESS_1P5X,2023-11-27,28234.50272320
WEEKLY_TR_COST_STRESS_1P5X,2023-11-28,28370.90272320
WEEKLY_TR_COST_STRESS_1P5X,2023-11-29,28155.30272320
WEEKLY_TR_COST_STRESS_1P5X,2023-11-30,28159.70272320
WEEKLY_TR_COST_STRESS_1P5X,2023-12-01,28265.30272320
WEEKLY_TR_COST_STRESS_1P5X,2023-12-04,28087.10272320
WEEKLY_TR_COST_STRESS_1P5X,2023-12-05,27664.70272320
WEEKLY_TR_COST_STRESS_1P5X,2023-12-06,27763.70272320
WEEKLY_TR_COST_STRESS_1P5X,2023-12-07,27741.70272320
WEEKLY_TR_COST_STRESS_1P5X,2023-12-08,27860.50272320
WEEKLY_TR_COST_STRESS_1P5X,2023-12-11,28086.67700320
WEEKLY_TR_COST_STRESS_1P5X,2023-12-12,28137.47700320
WEEKLY_TR_COST_STRESS_1P5X,2023-12-13,27798.87700320
WEEKLY_TR_COST_STRESS_1P5X,2023-12-14,27699.47700320
WEEKLY_TR_COST_STRESS_1P5X,2023-12-15,27577.47700320
WEEKLY_TR_COST_STRESS_1P5X,2023-12-18,27392.87700320
WEEKLY_TR_COST_STRESS_1P5X,2023-12-19,27380.27700320
WEEKLY_TR_COST_STRESS_1P5X,2023-12-20,27132.27700320
WEEKLY_TR_COST_STRESS_1P5X,2023-12-21,27274.67700320
WEEKLY_TR_COST_STRESS_1P5X,2023-12-22,27261.07700320
WEEKLY_TR_COST_STRESS_1P5X,2023-12-25,27278.07700320
WEEKLY_TR_COST_STRESS_1P5X,2023-12-26,27102.67700320
WEEKLY_TR_COST_STRESS_1P5X,2023-12-27,27173.87700320
WEEKLY_TR_COST_STRESS_1P5X,2023-12-28,27702.87700320
WEEKLY_TR_COST_STRESS_1P5X,2023-12-29,27835.67700320
WEEKLY_TR_COST_STRESS_1P5X,2024-01-02,27413.85461320
WEEKLY_TR_COST_STRESS_1P5X,2024-01-03,27250.55461320
WEEKLY_TR_COST_STRESS_1P5X,2024-01-04,26921.45461320
WEEKLY_TR_COST_STRESS_1P5X,2024-01-05,26686.05461320
WEEKLY_TR_COST_STRESS_1P5X,2024-01-08,26216.69685820
WEEKLY_TR_COST_STRESS_1P5X,2024-01-09,26271.09685820
WEEKLY_TR_COST_STRESS_1P5X,2024-01-10,26186.49685820
WEEKLY_TR_COST_STRESS_1P5X,2024-01-11,26391.59685820
WEEKLY_TR_COST_STRESS_1P5X,2024-01-12,26309.09685820
WEEKLY_TR_COST_STRESS_1P5X,2024-01-15,26266.49685820
WEEKLY_TR_COST_STRESS_1P5X,2024-01-16,26332.49685820
WEEKLY_TR_COST_STRESS_1P5X,2024-01-17,25777.39685820
WEEKLY_TR_COST_STRESS_1P5X,2024-01-18,25945.89685820
WEEKLY_TR_COST_STRESS_1P5X,2024-01-19,25882.39685820
WEEKLY_TR_COST_STRESS_1P5X,2024-01-22,25121.69685820
WEEKLY_TR_COST_STRESS_1P5X,2024-01-23,25370.29685820
WEEKLY_TR_COST_STRESS_1P5X,2024-01-24,25702.79685820
WEEKLY_TR_COST_STRESS_1P5X,2024-01-25,26224.39685820
WEEKLY_TR_COST_STRESS_1P5X,2024-01-26,26077.99685820
WEEKLY_TR_COST_STRESS_1P5X,2024-01-29,25761.79685820
WEEKLY_TR_COST_STRESS_1P5X,2024-01-30,25341.39685820
WEEKLY_TR_COST_STRESS_1P5X,2024-01-31,24986.29685820
WEEKLY_TR_COST_STRESS_1P5X,2024-02-01,24932.69685820
WEEKLY_TR_COST_STRESS_1P5X,2024-02-02,24546.09685820
WEEKLY_TR_COST_STRESS_1P5X,2024-02-05,24820.55802820
WEEKLY_TR_COST_STRESS_1P5X,2024-02-06,25891.45802820
WEEKLY_TR_COST_STRESS_1P5X,2024-02-07,26266.75802820
WEEKLY_TR_COST_STRESS_1P5X,2024-02-08,26499.15802820
WEEKLY_TR_COST_STRESS_1P5X,2024-02-19,26550.93670820
WEEKLY_TR_COST_STRESS_1P5X,2024-02-20,26592.93670820
WEEKLY_TR_COST_STRESS_1P5X,2024-02-21,26754.33670820
WEEKLY_TR_COST_STRESS_1P5X,2024-02-22,26944.33670820
WEEKLY_TR_COST_STRESS_1P5X,2024-02-23,27007.63670820
WEEKLY_TR_COST_STRESS_1P5X,2024-02-26,26863.13670820
WEEKLY_TR_COST_STRESS_1P5X,2024-02-27,27286.03670820
WEEKLY_TR_COST_STRESS_1P5X,2024-02-28,26854.23670820
WEEKLY_TR_COST_STRESS_1P5X,2024-02-29,27425.13670820
WEEKLY_TR_COST_STRESS_1P5X,2024-03-01,27598.83670820
WEEKLY_TR_COST_STRESS_1P5X,2024-03-04,27619.14536820
WEEKLY_TR_COST_STRESS_1P5X,2024-03-05,27699.64536820
WEEKLY_TR_COST_STRESS_1P5X,2024-03-06,27664.64536820
WEEKLY_TR_COST_STRESS_1P5X,2024-03-07,27318.14536820
WEEKLY_TR_COST_STRESS_1P5X,2024-03-08,27451.14536820
WEEKLY_TR_COST_STRESS_1P5X,2024-03-11,28235.00636320
WEEKLY_TR_COST_STRESS_1P5X,2024-03-12,28243.80636320
WEEKLY_TR_COST_STRESS_1P5X,2024-03-13,28156.20636320
WEEKLY_TR_COST_STRESS_1P5X,2024-03-14,28042.60636320
WEEKLY_TR_COST_STRESS_1P5X,2024-03-15,28214.60636320
WEEKLY_TR_COST_STRESS_1P5X,2024-03-18,28587.51805820
WEEKLY_TR_COST_STRESS_1P5X,2024-03-19,28355.21805820
WEEKLY_TR_COST_STRESS_1P5X,2024-03-20,28386.41805820
WEEKLY_TR_COST_STRESS_1P5X,2024-03-21,28310.41805820
WEEKLY_TR_COST_STRESS_1P5X,2024-03-22,28001.81805820
WEEKLY_TR_COST_STRESS_1P5X,2024-03-25,27523.20824320
WEEKLY_TR_COST_STRESS_1P5X,2024-03-26,27543.90824320
WEEKLY_TR_COST_STRESS_1P5X,2024-03-27,26913.70824320
WEEKLY_TR_COST_STRESS_1P5X,2024-03-28,27178.20824320
WEEKLY_TR_COST_STRESS_1P5X,2024-03-29,27403.60824320
WEEKLY_TR_COST_STRESS_1P5X,2024-04-01,27936.61649820
WEEKLY_TR_COST_STRESS_1P5X,2024-04-02,27799.21649820
WEEKLY_TR_COST_STRESS_1P5X,2024-04-03,27627.41649820
WEEKLY_TR_COST_STRESS_1P5X,2024-04-08,27302.41882320
WEEKLY_TR_COST_STRESS_1P5X,2024-04-09,27380.41882320
WEEKLY_TR_COST_STRESS_1P5X,2024-04-10,27150.81882320
WEEKLY_TR_COST_STRESS_1P5X,2024-04-11,27195.31882320
WEEKLY_TR_COST_STRESS_1P5X,2024-04-12,27033.51882320
WEEKLY_TR_COST_STRESS_1P5X,2024-04-15,27445.21882320
WEEKLY_TR_COST_STRESS_1P5X,2024-04-16,27007.61882320
WEEKLY_TR_COST_STRESS_1P5X,2024-04-17,27478.81882320
WEEKLY_TR_COST_STRESS_1P5X,2024-04-18,27521.81882320
WEEKLY_TR_COST_STRESS_1P5X,2024-04-19,27342.41882320
WEEKLY_TR_COST_STRESS_1P5X,2024-04-22,27218.91882320
WEEKLY_TR_COST_STRESS_1P5X,2024-04-23,26995.01882320
WEEKLY_TR_COST_STRESS_1P5X,2024-04-24,27180.41882320
WEEKLY_TR_COST_STRESS_1P5X,2024-04-25,27197.81882320
WEEKLY_TR_COST_STRESS_1P5X,2024-04-26,27636.81882320
WEEKLY_TR_COST_STRESS_1P5X,2024-04-29,28020.51882320
WEEKLY_TR_COST_STRESS_1P5X,2024-04-30,27873.91882320
WEEKLY_TR_COST_STRESS_1P5X,2024-05-06,28188.30204320
WEEKLY_TR_COST_STRESS_1P5X,2024-05-07,28166.00204320
WEEKLY_TR_COST_STRESS_1P5X,2024-05-08,27815.50204320
WEEKLY_TR_COST_STRESS_1P5X,2024-05-09,28272.20204320
WEEKLY_TR_COST_STRESS_1P5X,2024-05-10,28121.00204320
WEEKLY_TR_COST_STRESS_1P5X,2024-05-13,27951.65314820
WEEKLY_TR_COST_STRESS_1P5X,2024-05-14,27918.05314820
WEEKLY_TR_COST_STRESS_1P5X,2024-05-15,27721.85314820
WEEKLY_TR_COST_STRESS_1P5X,2024-05-16,27705.45314820
WEEKLY_TR_COST_STRESS_1P5X,2024-05-17,28016.45314820
WEEKLY_TR_COST_STRESS_1P5X,2024-05-20,28075.02600820
WEEKLY_TR_COST_STRESS_1P5X,2024-05-21,27898.62600820
WEEKLY_TR_COST_STRESS_1P5X,2024-05-22,28028.22600820
WEEKLY_TR_COST_STRESS_1P5X,2024-05-23,27628.82600820
WEEKLY_TR_COST_STRESS_1P5X,2024-05-24,27310.42600820
WEEKLY_TR_COST_STRESS_1P5X,2024-05-27,27482.01880820
WEEKLY_TR_COST_STRESS_1P5X,2024-05-28,27247.41880820
WEEKLY_TR_COST_STRESS_1P5X,2024-05-29,27271.21880820
WEEKLY_TR_COST_STRESS_1P5X,2024-05-30,27257.61880820
WEEKLY_TR_COST_STRESS_1P5X,2024-05-31,27176.01880820
WEEKLY_TR_COST_STRESS_1P5X,2024-06-03,27069.92995820
WEEKLY_TR_COST_STRESS_1P5X,2024-06-04,27311.12995820
WEEKLY_TR_COST_STRESS_1P5X,2024-06-05,27139.32995820
WEEKLY_TR_COST_STRESS_1P5X,2024-06-06,27055.72995820
WEEKLY_TR_COST_STRESS_1P5X,2024-06-07,26922.52995820
WEEKLY_TR_COST_STRESS_1P5X,2024-06-11,26891.86805320
WEEKLY_TR_COST_STRESS_1P5X,2024-06-12,26816.16805320
WEEKLY_TR_COST_STRESS_1P5X,2024-06-13,26765.06805320
WEEKLY_TR_COST_STRESS_1P5X,2024-06-14,26929.66805320
WEEKLY_TR_COST_STRESS_1P5X,2024-06-17,26978.46805320
WEEKLY_TR_COST_STRESS_1P5X,2024-06-18,27071.06805320
WEEKLY_TR_COST_STRESS_1P5X,2024-06-19,26878.36805320
WEEKLY_TR_COST_STRESS_1P5X,2024-06-20,26627.66805320
WEEKLY_TR_COST_STRESS_1P5X,2024-06-21,26572.76805320
WEEKLY_TR_COST_STRESS_1P5X,2024-06-24,26192.63549820
WEEKLY_TR_COST_STRESS_1P5X,2024-06-25,26020.03549820
WEEKLY_TR_COST_STRESS_1P5X,2024-06-26,26250.13549820
WEEKLY_TR_COST_STRESS_1P5X,2024-06-27,25992.33549820
WEEKLY_TR_COST_STRESS_1P5X,2024-06-28,26034.53549820
WEEKLY_TR_COST_STRESS_1P5X,2024-07-01,26217.83549820
WEEKLY_TR_COST_STRESS_1P5X,2024-07-02,26095.03549820
WEEKLY_TR_COST_STRESS_1P5X,2024-07-03,25975.73549820
WEEKLY_TR_COST_STRESS_1P5X,2024-07-04,25761.43549820
WEEKLY_TR_COST_STRESS_1P5X,2024-07-05,25784.13549820
WEEKLY_TR_COST_STRESS_1P5X,2024-07-08,25513.93549820
WEEKLY_TR_COST_STRESS_1P5X,2024-07-09,25842.13549820
WEEKLY_TR_COST_STRESS_1P5X,2024-07-10,25750.53549820
WEEKLY_TR_COST_STRESS_1P5X,2024-07-11,26134.63549820
WEEKLY_TR_COST_STRESS_1P5X,2024-07-12,26118.03549820
WEEKLY_TR_COST_STRESS_1P5X,2024-07-15,26059.03549820
WEEKLY_TR_COST_STRESS_1P5X,2024-07-16,26183.13549820
WEEKLY_TR_COST_STRESS_1P5X,2024-07-17,26119.63549820
WEEKLY_TR_COST_STRESS_1P5X,2024-07-18,26243.93549820
WEEKLY_TR_COST_STRESS_1P5X,2024-07-19,26303.73549820
WEEKLY_TR_COST_STRESS_1P5X,2024-07-22,26179.09577820
WEEKLY_TR_COST_STRESS_1P5X,2024-07-23,25582.39577820
WEEKLY_TR_COST_STRESS_1P5X,2024-07-24,25364.89577820
WEEKLY_TR_COST_STRESS_1P5X,2024-07-25,25264.39577820
WEEKLY_TR_COST_STRESS_1P5X,2024-07-26,25403.59577820
WEEKLY_TR_COST_STRESS_1P5X,2024-07-29,25178.89577820
WEEKLY_TR_COST_STRESS_1P5X,2024-07-30,25082.29577820
WEEKLY_TR_COST_STRESS_1P5X,2024-07-31,25729.69577820
WEEKLY_TR_COST_STRESS_1P5X,2024-08-01,25495.39577820
WEEKLY_TR_COST_STRESS_1P5X,2024-08-02,25190.29577820
WEEKLY_TR_COST_STRESS_1P5X,2024-08-05,24833.89577820
WEEKLY_TR_COST_STRESS_1P5X,2024-08-06,24978.79577820
WEEKLY_TR_COST_STRESS_1P5X,2024-08-07,24900.49577820
WEEKLY_TR_COST_STRESS_1P5X,2024-08-08,24865.39577820
WEEKLY_TR_COST_STRESS_1P5X,2024-08-09,24715.39577820
WEEKLY_TR_COST_STRESS_1P5X,2024-08-12,24686.57569820
WEEKLY_TR_COST_STRESS_1P5X,2024-08-13,24726.07569820
WEEKLY_TR_COST_STRESS_1P5X,2024-08-14,24492.77569820
WEEKLY_TR_COST_STRESS_1P5X,2024-08-15,24703.27569820
WEEKLY_TR_COST_STRESS_1P5X,2024-08-16,24645.47569820
WEEKLY_TR_COST_STRESS_1P5X,2024-08-19,24693.57569820
WEEKLY_TR_COST_STRESS_1P5X,2024-08-20,24452.17569820
WEEKLY_TR_COST_STRESS_1P5X,2024-08-21,24381.97569820
WEEKLY_TR_COST_STRESS_1P5X,2024-08-22,24223.47569820
WEEKLY_TR_COST_STRESS_1P5X,2024-08-23,24271.97569820
WEEKLY_TR_COST_STRESS_1P5X,2024-08-26,24286.77569820
WEEKLY_TR_COST_STRESS_1P5X,2024-08-27,24124.87569820
WEEKLY_TR_COST_STRESS_1P5X,2024-08-28,24061.17569820
WEEKLY_TR_COST_STRESS_1P5X,2024-08-29,24175.37569820
WEEKLY_TR_COST_STRESS_1P5X,2024-08-30,24507.87569820
WEEKLY_TR_COST_STRESS_1P5X,2024-09-02,24091.37569820
WEEKLY_TR_COST_STRESS_1P5X,2024-09-03,24243.67569820
WEEKLY_TR_COST_STRESS_1P5X,2024-09-04,24146.77569820
WEEKLY_TR_COST_STRESS_1P5X,2024-09-05,24218.17569820
WEEKLY_TR_COST_STRESS_1P5X,2024-09-06,23978.57569820
WEEKLY_TR_COST_STRESS_1P5X,2024-09-09,23885.72219820
WEEKLY_TR_COST_STRESS_1P5X,2024-09-10,23878.62219820
WEEKLY_TR_COST_STRESS_1P5X,2024-09-11,23969.12219820
WEEKLY_TR_COST_STRESS_1P5X,2024-09-12,23911.52219820
WEEKLY_TR_COST_STRESS_1P5X,2024-09-13,23748.42219820
WEEKLY_TR_COST_STRESS_1P5X,2024-09-18,23708.14465820
WEEKLY_TR_COST_STRESS_1P5X,2024-09-19,23959.54465820
WEEKLY_TR_COST_STRESS_1P5X,2024-09-20,23807.84465820
WEEKLY_TR_COST_STRESS_1P5X,2024-09-23,23755.84465820
WEEKLY_TR_COST_STRESS_1P5X,2024-09-24,24854.04465820
WEEKLY_TR_COST_STRESS_1P5X,2024-09-25,25095.54465820
WEEKLY_TR_COST_STRESS_1P5X,2024-09-26,26205.54465820
WEEKLY_TR_COST_STRESS_1P5X,2024-09-27,28434.54465820
WEEKLY_TR_COST_STRESS_1P5X,2024-09-30,32230.34465820
WEEKLY_TR_COST_STRESS_1P5X,2024-10-08,35974.24465820
WEEKLY_TR_COST_STRESS_1P5X,2024-10-09,31997.74465820
WEEKLY_TR_COST_STRESS_1P5X,2024-10-10,31344.74465820
WEEKLY_TR_COST_STRESS_1P5X,2024-10-11,29999.44465820
WEEKLY_TR_COST_STRESS_1P5X,2024-10-14,30546.59795320
WEEKLY_TR_COST_STRESS_1P5X,2024-10-15,29725.39795320
WEEKLY_TR_COST_STRESS_1P5X,2024-10-16,29350.39795320
WEEKLY_TR_COST_STRESS_1P5X,2024-10-17,29175.99795320
WEEKLY_TR_COST_STRESS_1P5X,2024-10-18,30727.39795320
WEEKLY_TR_COST_STRESS_1P5X,2024-10-21,30840.77278320
WEEKLY_TR_COST_STRESS_1P5X,2024-10-22,31013.87278320
WEEKLY_TR_COST_STRESS_1P5X,2024-10-23,30983.57278320
WEEKLY_TR_COST_STRESS_1P5X,2024-10-24,30674.27278320
WEEKLY_TR_COST_STRESS_1P5X,2024-10-25,31288.57278320
WEEKLY_TR_COST_STRESS_1P5X,2024-10-28,31393.77278320
WEEKLY_TR_COST_STRESS_1P5X,2024-10-29,30918.87278320
WEEKLY_TR_COST_STRESS_1P5X,2024-10-30,30806.67278320
WEEKLY_TR_COST_STRESS_1P5X,2024-10-31,31028.87278320
WEEKLY_TR_COST_STRESS_1P5X,2024-11-01,30661.47278320
WEEKLY_TR_COST_STRESS_1P5X,2024-11-04,31251.97278320
WEEKLY_TR_COST_STRESS_1P5X,2024-11-05,32338.47278320
WEEKLY_TR_COST_STRESS_1P5X,2024-11-06,32188.17278320
WEEKLY_TR_COST_STRESS_1P5X,2024-11-07,32995.37278320
WEEKLY_TR_COST_STRESS_1P5X,2024-11-08,32802.67278320
WEEKLY_TR_COST_STRESS_1P5X,2024-11-11,33475.27278320
WEEKLY_TR_COST_STRESS_1P5X,2024-11-12,33311.67278320
WEEKLY_TR_COST_STRESS_1P5X,2024-11-13,33440.77278320
WEEKLY_TR_COST_STRESS_1P5X,2024-11-14,32507.57278320
WEEKLY_TR_COST_STRESS_1P5X,2024-11-15,31601.97278320
WEEKLY_TR_COST_STRESS_1P5X,2024-11-18,31042.97278320
WEEKLY_TR_COST_STRESS_1P5X,2024-11-19,31679.27278320
WEEKLY_TR_COST_STRESS_1P5X,2024-11-20,31870.77278320
WEEKLY_TR_COST_STRESS_1P5X,2024-11-21,31859.27278320
WEEKLY_TR_COST_STRESS_1P5X,2024-11-22,30750.47278320
WEEKLY_TR_COST_STRESS_1P5X,2024-11-25,30632.75843320
WEEKLY_TR_COST_STRESS_1P5X,2024-11-26,30513.55843320
WEEKLY_TR_COST_STRESS_1P5X,2024-11-27,30986.45843320
WEEKLY_TR_COST_STRESS_1P5X,2024-11-28,30800.45843320
WEEKLY_TR_COST_STRESS_1P5X,2024-11-29,31144.45843320
WEEKLY_TR_COST_STRESS_1P5X,2024-12-02,31468.96909820
WEEKLY_TR_COST_STRESS_1P5X,2024-12-03,31399.76909820
WEEKLY_TR_COST_STRESS_1P5X,2024-12-04,31147.06909820
WEEKLY_TR_COST_STRESS_1P5X,2024-12-05,31167.36909820
WEEKLY_TR_COST_STRESS_1P5X,2024-12-06,31643.16909820
WEEKLY_TR_COST_STRESS_1P5X,2024-12-09,31517.46909820
WEEKLY_TR_COST_STRESS_1P5X,2024-12-10,31721.96909820
WEEKLY_TR_COST_STRESS_1P5X,2024-12-11,31667.76909820
WEEKLY_TR_COST_STRESS_1P5X,2024-12-12,32006.76909820
WEEKLY_TR_COST_STRESS_1P5X,2024-12-13,31315.26909820
WEEKLY_TR_COST_STRESS_1P5X,2024-12-16,30861.13759820
WEEKLY_TR_COST_STRESS_1P5X,2024-12-17,30720.33759820
WEEKLY_TR_COST_STRESS_1P5X,2024-12-18,30801.33759820
WEEKLY_TR_COST_STRESS_1P5X,2024-12-19,30925.93759820
WEEKLY_TR_COST_STRESS_1P5X,2024-12-20,30940.73759820
WEEKLY_TR_COST_STRESS_1P5X,2024-12-23,30675.76214820
WEEKLY_TR_COST_STRESS_1P5X,2024-12-24,30989.66214820
WEEKLY_TR_COST_STRESS_1P5X,2024-12-25,30884.86214820
WEEKLY_TR_COST_STRESS_1P5X,2024-12-26,30991.76214820
WEEKLY_TR_COST_STRESS_1P5X,2024-12-27,31003.56214820
WEEKLY_TR_COST_STRESS_1P5X,2024-12-30,31063.56214820
WEEKLY_TR_COST_STRESS_1P5X,2024-12-31,30436.56214820
WEEKLY_TR_COST_STRESS_1P5X,2025-01-02,29652.16214820
WEEKLY_TR_COST_STRESS_1P5X,2025-01-03,29253.96214820
WEEKLY_TR_COST_STRESS_1P5X,2025-01-06,29169.66214820
WEEKLY_TR_COST_STRESS_1P5X,2025-01-07,29394.86214820
WEEKLY_TR_COST_STRESS_1P5X,2025-01-08,29321.56214820
WEEKLY_TR_COST_STRESS_1P5X,2025-01-09,29285.16214820
WEEKLY_TR_COST_STRESS_1P5X,2025-01-10,28950.36214820
WEEKLY_TR_COST_STRESS_1P5X,2025-01-13,28920.06214820
WEEKLY_TR_COST_STRESS_1P5X,2025-01-14,29683.36214820
WEEKLY_TR_COST_STRESS_1P5X,2025-01-15,29501.66214820
WEEKLY_TR_COST_STRESS_1P5X,2025-01-16,29549.86214820
WEEKLY_TR_COST_STRESS_1P5X,2025-01-17,29695.26214820
WEEKLY_TR_COST_STRESS_1P5X,2025-01-20,29821.96214820
WEEKLY_TR_COST_STRESS_1P5X,2025-01-21,29884.96214820
WEEKLY_TR_COST_STRESS_1P5X,2025-01-22,29714.26214820
WEEKLY_TR_COST_STRESS_1P5X,2025-01-23,29698.76214820
WEEKLY_TR_COST_STRESS_1P5X,2025-01-24,29963.96214820
WEEKLY_TR_COST_STRESS_1P5X,2025-01-27,29507.19740320
WEEKLY_TR_COST_STRESS_1P5X,2025-02-05,29439.47823320
WEEKLY_TR_COST_STRESS_1P5X,2025-02-06,29896.07823320
WEEKLY_TR_COST_STRESS_1P5X,2025-02-07,30295.77823320
WEEKLY_TR_COST_STRESS_1P5X,2025-02-10,30401.90816320
WEEKLY_TR_COST_STRESS_1P5X,2025-02-11,30166.30816320
WEEKLY_TR_COST_STRESS_1P5X,2025-02-12,30576.50816320
WEEKLY_TR_COST_STRESS_1P5X,2025-02-13,30415.30816320
WEEKLY_TR_COST_STRESS_1P5X,2025-02-14,30766.80816320
WEEKLY_TR_COST_STRESS_1P5X,2025-02-17,30796.50816320
WEEKLY_TR_COST_STRESS_1P5X,2025-02-18,30301.90816320
WEEKLY_TR_COST_STRESS_1P5X,2025-02-19,30799.30816320
WEEKLY_TR_COST_STRESS_1P5X,2025-02-20,30827.50816320
WEEKLY_TR_COST_STRESS_1P5X,2025-02-21,31408.60816320
WEEKLY_TR_COST_STRESS_1P5X,2025-02-24,31253.80816320
WEEKLY_TR_COST_STRESS_1P5X,2025-02-25,30957.70816320
WEEKLY_TR_COST_STRESS_1P5X,2025-02-26,31287.10816320
WEEKLY_TR_COST_STRESS_1P5X,2025-02-27,31181.00816320
WEEKLY_TR_COST_STRESS_1P5X,2025-02-28,30279.20816320
WEEKLY_TR_COST_STRESS_1P5X,2025-03-03,30466.00816320
WEEKLY_TR_COST_STRESS_1P5X,2025-03-04,30554.10816320
WEEKLY_TR_COST_STRESS_1P5X,2025-03-05,30588.60816320
WEEKLY_TR_COST_STRESS_1P5X,2025-03-06,31071.70816320
WEEKLY_TR_COST_STRESS_1P5X,2025-03-07,30816.60816320
WEEKLY_TR_COST_STRESS_1P5X,2025-03-10,30794.20816320
WEEKLY_TR_COST_STRESS_1P5X,2025-03-11,30863.20816320
WEEKLY_TR_COST_STRESS_1P5X,2025-03-12,30809.40816320
WEEKLY_TR_COST_STRESS_1P5X,2025-03-13,30540.90816320
WEEKLY_TR_COST_STRESS_1P5X,2025-03-14,31175.90816320
WEEKLY_TR_COST_STRESS_1P5X,2025-03-17,31084.00464320
WEEKLY_TR_COST_STRESS_1P5X,2025-03-18,31174.40464320
WEEKLY_TR_COST_STRESS_1P5X,2025-03-19,31139.60464320
WEEKLY_TR_COST_STRESS_1P5X,2025-03-20,30930.80464320
WEEKLY_TR_COST_STRESS_1P5X,2025-03-21,30494.80464320
WEEKLY_TR_COST_STRESS_1P5X,2025-03-24,30536.50464320
WEEKLY_TR_COST_STRESS_1P5X,2025-03-25,30497.30464320
WEEKLY_TR_COST_STRESS_1P5X,2025-03-26,30442.90464320
WEEKLY_TR_COST_STRESS_1P5X,2025-03-27,30525.00464320
WEEKLY_TR_COST_STRESS_1P5X,2025-03-28,30352.30464320
WEEKLY_TR_COST_STRESS_1P5X,2025-03-31,30144.20464320
WEEKLY_TR_COST_STRESS_1P5X,2025-04-01,30211.00464320
WEEKLY_TR_COST_STRESS_1P5X,2025-04-02,30216.90464320
WEEKLY_TR_COST_STRESS_1P5X,2025-04-03,30031.60464320
WEEKLY_TR_COST_STRESS_1P5X,2025-04-07,27841.40464320
WEEKLY_TR_COST_STRESS_1P5X,2025-04-08,28036.30464320
WEEKLY_TR_COST_STRESS_1P5X,2025-04-09,28423.20464320
WEEKLY_TR_COST_STRESS_1P5X,2025-04-10,28883.50464320
WEEKLY_TR_COST_STRESS_1P5X,2025-04-11,29008.30464320
WEEKLY_TR_COST_STRESS_1P5X,2025-04-14,29136.70464320
WEEKLY_TR_COST_STRESS_1P5X,2025-04-15,29094.00464320
WEEKLY_TR_COST_STRESS_1P5X,2025-04-16,29011.90464320
WEEKLY_TR_COST_STRESS_1P5X,2025-04-17,29029.00464320
WEEKLY_TR_COST_STRESS_1P5X,2025-04-18,29067.60464320
WEEKLY_TR_COST_STRESS_1P5X,2025-04-21,29263.00464320
WEEKLY_TR_COST_STRESS_1P5X,2025-04-22,29238.70464320
WEEKLY_TR_COST_STRESS_1P5X,2025-04-23,29277.60464320
WEEKLY_TR_COST_STRESS_1P5X,2025-04-24,29224.70464320
WEEKLY_TR_COST_STRESS_1P5X,2025-04-25,29261.50464320
WEEKLY_TR_COST_STRESS_1P5X,2025-04-28,29181.30464320
WEEKLY_TR_COST_STRESS_1P5X,2025-04-29,29164.40464320
WEEKLY_TR_COST_STRESS_1P5X,2025-04-30,29218.60464320
WEEKLY_TR_COST_STRESS_1P5X,2025-05-06,29590.50464320
WEEKLY_TR_COST_STRESS_1P5X,2025-05-07,29695.10464320
WEEKLY_TR_COST_STRESS_1P5X,2025-05-08,29828.50464320
WEEKLY_TR_COST_STRESS_1P5X,2025-05-09,29703.40464320
WEEKLY_TR_COST_STRESS_1P5X,2025-05-12,30061.56264320
WEEKLY_TR_COST_STRESS_1P5X,2025-05-13,29983.16264320
WEEKLY_TR_COST_STRESS_1P5X,2025-05-14,30187.56264320
WEEKLY_TR_COST_STRESS_1P5X,2025-05-15,29733.26264320
WEEKLY_TR_COST_STRESS_1P5X,2025-05-16,29683.86264320
WEEKLY_TR_COST_STRESS_1P5X,2025-05-19,29611.83655320
WEEKLY_TR_COST_STRESS_1P5X,2025-05-20,29783.43655320
WEEKLY_TR_COST_STRESS_1P5X,2025-05-21,29941.83655320
WEEKLY_TR_COST_STRESS_1P5X,2025-05-22,29816.43655320
WEEKLY_TR_COST_STRESS_1P5X,2025-05-23,29575.53655320
WEEKLY_TR_COST_STRESS_1P5X,2025-05-26,29394.03655320
WEEKLY_TR_COST_STRESS_1P5X,2025-05-27,29258.73655320
WEEKLY_TR_COST_STRESS_1P5X,2025-05-28,29192.73655320
WEEKLY_TR_COST_STRESS_1P5X,2025-05-29,29469.93655320
WEEKLY_TR_COST_STRESS_1P5X,2025-05-30,29334.63655320
WEEKLY_TR_COST_STRESS_1P5X,2025-06-03,29361.03655320
WEEKLY_TR_COST_STRESS_1P5X,2025-06-04,29568.93655320
WEEKLY_TR_COST_STRESS_1P5X,2025-06-05,29753.73655320
WEEKLY_TR_COST_STRESS_1P5X,2025-06-06,29720.73655320
WEEKLY_TR_COST_STRESS_1P5X,2025-06-09,29862.63655320
WEEKLY_TR_COST_STRESS_1P5X,2025-06-10,29641.53655320
WEEKLY_TR_COST_STRESS_1P5X,2025-06-11,29918.73655320
WEEKLY_TR_COST_STRESS_1P5X,2025-06-12,29938.53655320
WEEKLY_TR_COST_STRESS_1P5X,2025-06-13,29720.73655320
WEEKLY_TR_COST_STRESS_1P5X,2025-06-16,29882.87873820
WEEKLY_TR_COST_STRESS_1P5X,2025-06-17,29795.87873820
WEEKLY_TR_COST_STRESS_1P5X,2025-06-18,29814.77873820
WEEKLY_TR_COST_STRESS_1P5X,2025-06-19,29489.97873820
WEEKLY_TR_COST_STRESS_1P5X,2025-06-20,29288.07873820
WEEKLY_TR_COST_STRESS_1P5X,2025-06-23,29359.17856820
WEEKLY_TR_COST_STRESS_1P5X,2025-06-24,29723.77856820
WEEKLY_TR_COST_STRESS_1P5X,2025-06-25,30195.47856820
WEEKLY_TR_COST_STRESS_1P5X,2025-06-26,30086.97856820
WEEKLY_TR_COST_STRESS_1P5X,2025-06-27,30059.37856820
WEEKLY_TR_COST_STRESS_1P5X,2025-06-30,30294.54143820
WEEKLY_TR_COST_STRESS_1P5X,2025-07-01,30293.44143820
WEEKLY_TR_COST_STRESS_1P5X,2025-07-02,30072.14143820
WEEKLY_TR_COST_STRESS_1P5X,2025-07-03,30364.14143820
WEEKLY_TR_COST_STRESS_1P5X,2025-07-04,30294.54143820
WEEKLY_TR_COST_STRESS_1P5X,2025-07-07,30066.79733320
WEEKLY_TR_COST_STRESS_1P5X,2025-07-08,30492.59733320
WEEKLY_TR_COST_STRESS_1P5X,2025-07-09,30508.29733320
WEEKLY_TR_COST_STRESS_1P5X,2025-07-10,30612.69733320
WEEKLY_TR_COST_STRESS_1P5X,2025-07-11,30761.29733320
WEEKLY_TR_COST_STRESS_1P5X,2025-07-14,30652.61628320
WEEKLY_TR_COST_STRESS_1P5X,2025-07-15,30868.71628320
WEEKLY_TR_COST_STRESS_1P5X,2025-07-16,30828.71628320
WEEKLY_TR_COST_STRESS_1P5X,2025-07-17,31241.01628320
WEEKLY_TR_COST_STRESS_1P5X,2025-07-18,31314.31628320
WEEKLY_TR_COST_STRESS_1P5X,2025-07-21,31593.41628320
WEEKLY_TR_COST_STRESS_1P5X,2025-07-22,31826.81628320
WEEKLY_TR_COST_STRESS_1P5X,2025-07-23,31765.81628320
WEEKLY_TR_COST_STRESS_1P5X,2025-07-24,32209.81628320
WEEKLY_TR_COST_STRESS_1P5X,2025-07-25,32170.11628320
WEEKLY_TR_COST_STRESS_1P5X,2025-07-28,32378.51628320
WEEKLY_TR_COST_STRESS_1P5X,2025-07-29,32724.81628320
WEEKLY_TR_COST_STRESS_1P5X,2025-07-30,32393.01628320
WEEKLY_TR_COST_STRESS_1P5X,2025-07-31,31913.41628320
WEEKLY_TR_COST_STRESS_1P5X,2025-08-01,31904.01628320
WEEKLY_TR_COST_STRESS_1P5X,2025-08-04,32072.61628320
WEEKLY_TR_COST_STRESS_1P5X,2025-08-05,32206.91628320
WEEKLY_TR_COST_STRESS_1P5X,2025-08-06,32422.11628320
WEEKLY_TR_COST_STRESS_1P5X,2025-08-07,32277.31628320
WEEKLY_TR_COST_STRESS_1P5X,2025-08-08,32202.71628320
WEEKLY_TR_COST_STRESS_1P5X,2025-08-11,32633.61628320
WEEKLY_TR_COST_STRESS_1P5X,2025-08-12,32882.61628320
WEEKLY_TR_COST_STRESS_1P5X,2025-08-13,33624.01628320
WEEKLY_TR_COST_STRESS_1P5X,2025-08-14,33304.31628320
WEEKLY_TR_COST_STRESS_1P5X,2025-08-15,34018.01628320
WEEKLY_TR_COST_STRESS_1P5X,2025-08-18,34675.91628320
WEEKLY_TR_COST_STRESS_1P5X,2025-08-19,34598.81628320
WEEKLY_TR_COST_STRESS_1P5X,2025-08-20,34880.91628320
WEEKLY_TR_COST_STRESS_1P5X,2025-08-21,34696.51628320
WEEKLY_TR_COST_STRESS_1P5X,2025-08-22,35547.31628320
WEEKLY_TR_COST_STRESS_1P5X,2025-08-25,36288.21628320
WEEKLY_TR_COST_STRESS_1P5X,2025-08-26,36180.11628320
WEEKLY_TR_COST_STRESS_1P5X,2025-08-27,35845.11628320
WEEKLY_TR_COST_STRESS_1P5X,2025-08-28,36870.31628320
WEEKLY_TR_COST_STRESS_1P5X,2025-08-29,37323.41628320
WEEKLY_TR_COST_STRESS_1P5X,2025-09-01,37857.01628320
WEEKLY_TR_COST_STRESS_1P5X,2025-09-02,37027.11628320
WEEKLY_TR_COST_STRESS_1P5X,2025-09-03,36912.71628320
WEEKLY_TR_COST_STRESS_1P5X,2025-09-04,35808.81628320
WEEKLY_TR_COST_STRESS_1P5X,2025-09-05,37535.11628320
WEEKLY_TR_COST_STRESS_1P5X,2025-09-08,37444.71628320
WEEKLY_TR_COST_STRESS_1P5X,2025-09-09,36900.41628320
WEEKLY_TR_COST_STRESS_1P5X,2025-09-10,37082.81628320
WEEKLY_TR_COST_STRESS_1P5X,2025-09-11,38514.01628320
WEEKLY_TR_COST_STRESS_1P5X,2025-09-12,38364.61628320
WEEKLY_TR_COST_STRESS_1P5X,2025-09-15,38594.01628320
WEEKLY_TR_COST_STRESS_1P5X,2025-09-16,38855.81628320
WEEKLY_TR_COST_STRESS_1P5X,2025-09-17,39398.81628320
WEEKLY_TR_COST_STRESS_1P5X,2025-09-18,38928.21628320
WEEKLY_TR_COST_STRESS_1P5X,2025-09-19,38828.51628320
WEEKLY_TR_COST_STRESS_1P5X,2025-09-22,39079.91628320
WEEKLY_TR_COST_STRESS_1P5X,2025-09-23,39059.01628320
WEEKLY_TR_COST_STRESS_1P5X,2025-09-24,39822.11628320
WEEKLY_TR_COST_STRESS_1P5X,2025-09-25,40163.21628320
WEEKLY_TR_COST_STRESS_1P5X,2025-09-26,39415.61628320
WEEKLY_TR_COST_STRESS_1P5X,2025-09-29,40222.01628320
WEEKLY_TR_COST_STRESS_1P5X,2025-09-30,40372.61628320
WEEKLY_TR_COST_STRESS_1P5X,2025-10-09,40772.01628320
WEEKLY_TR_COST_STRESS_1P5X,2025-10-10,39573.21628320
WEEKLY_TR_COST_STRESS_1P5X,2025-10-13,39235.71628320
WEEKLY_TR_COST_STRESS_1P5X,2025-10-14,38083.71628320
WEEKLY_TR_COST_STRESS_1P5X,2025-10-15,38747.21628320
WEEKLY_TR_COST_STRESS_1P5X,2025-10-16,38691.11628320
WEEKLY_TR_COST_STRESS_1P5X,2025-10-17,37579.01628320
WEEKLY_TR_COST_STRESS_1P5X,2025-10-20,37984.72187320
WEEKLY_TR_COST_STRESS_1P5X,2025-10-21,38512.72187320
WEEKLY_TR_COST_STRESS_1P5X,2025-10-22,38329.92187320
WEEKLY_TR_COST_STRESS_1P5X,2025-10-23,38452.22187320
WEEKLY_TR_COST_STRESS_1P5X,2025-10-24,38933.42187320
WEEKLY_TR_COST_STRESS_1P5X,2025-10-27,39251.73084820
WEEKLY_TR_COST_STRESS_1P5X,2025-10-28,39143.73084820
WEEKLY_TR_COST_STRESS_1P5X,2025-10-29,39872.73084820
WEEKLY_TR_COST_STRESS_1P5X,2025-10-30,39402.93084820
WEEKLY_TR_COST_STRESS_1P5X,2025-10-31,38767.53084820
WEEKLY_TR_COST_STRESS_1P5X,2025-11-03,38714.38454320
WEEKLY_TR_COST_STRESS_1P5X,2025-11-04,38302.18454320
WEEKLY_TR_COST_STRESS_1P5X,2025-11-05,38362.88454320
WEEKLY_TR_COST_STRESS_1P5X,2025-11-06,38893.18454320
WEEKLY_TR_COST_STRESS_1P5X,2025-11-07,38831.88454320
WEEKLY_TR_COST_STRESS_1P5X,2025-11-10,38698.27191820
WEEKLY_TR_COST_STRESS_1P5X,2025-11-11,38296.87191820
WEEKLY_TR_COST_STRESS_1P5X,2025-11-12,38277.07191820
WEEKLY_TR_COST_STRESS_1P5X,2025-11-13,38845.87191820
WEEKLY_TR_COST_STRESS_1P5X,2025-11-14,38109.67191820
WEEKLY_TR_COST_STRESS_1P5X,2025-11-17,37989.18029820
WEEKLY_TR_COST_STRESS_1P5X,2025-11-18,37637.48029820
WEEKLY_TR_COST_STRESS_1P5X,2025-11-19,37589.98029820
WEEKLY_TR_COST_STRESS_1P5X,2025-11-20,37288.38029820
WEEKLY_TR_COST_STRESS_1P5X,2025-11-21,36046.98029820
WEEKLY_TR_COST_STRESS_1P5X,2025-11-24,36166.42899820
WEEKLY_TR_COST_STRESS_1P5X,2025-11-25,36499.62899820
WEEKLY_TR_COST_STRESS_1P5X,2025-11-26,36626.42899820
WEEKLY_TR_COST_STRESS_1P5X,2025-11-27,36577.92899820
WEEKLY_TR_COST_STRESS_1P5X,2025-11-28,36818.92899820
WEEKLY_TR_COST_STRESS_1P5X,2025-12-01,37155.02899820
WEEKLY_TR_COST_STRESS_1P5X,2025-12-02,36941.22899820
WEEKLY_TR_COST_STRESS_1P5X,2025-12-03,36780.32899820
WEEKLY_TR_COST_STRESS_1P5X,2025-12-04,36872.92899820
WEEKLY_TR_COST_STRESS_1P5X,2025-12-05,37225.72899820
WEEKLY_TR_COST_STRESS_1P5X,2025-12-08,37487.32899820
WEEKLY_TR_COST_STRESS_1P5X,2025-12-09,37279.12899820
WEEKLY_TR_COST_STRESS_1P5X,2025-12-10,37347.82899820
WEEKLY_TR_COST_STRESS_1P5X,2025-12-11,37086.22899820
WEEKLY_TR_COST_STRESS_1P5X,2025-12-12,37370.42899820
WEEKLY_TR_COST_STRESS_1P5X,2025-12-15,37051.87854820
WEEKLY_TR_COST_STRESS_1P5X,2025-12-16,36480.87854820
WEEKLY_TR_COST_STRESS_1P5X,2025-12-17,37337.97854820
WEEKLY_TR_COST_STRESS_1P5X,2025-12-18,36868.97854820
WEEKLY_TR_COST_STRESS_1P5X,2025-12-19,37097.97854820
WEEKLY_TR_COST_STRESS_1P5X,2025-12-22,37646.97854820
WEEKLY_TR_COST_STRESS_1P5X,2025-12-23,37713.77854820
WEEKLY_TR_COST_STRESS_1P5X,2025-12-24,38077.67854820
WEEKLY_TR_COST_STRESS_1P5X,2025-12-25,38277.87854820
WEEKLY_TR_COST_STRESS_1P5X,2025-12-26,38404.87854820
WEEKLY_TR_COST_STRESS_1P5X,2025-12-29,38219.97854820
WEEKLY_TR_COST_STRESS_1P5X,2025-12-30,38423.07854820
WEEKLY_TR_COST_STRESS_1P5X,2025-12-31,38211.27854820
WEEKLY_TR_COST_STRESS_1P5X,2026-01-05,39183.97854820
WEEKLY_TR_COST_STRESS_1P5X,2026-01-06,39689.27854820
WEEKLY_TR_COST_STRESS_1P5X,2026-01-07,39819.07854820
WEEKLY_TR_COST_STRESS_1P5X,2026-01-08,39749.37854820
WEEKLY_TR_COST_STRESS_1P5X,2026-01-09,40334.07854820
WEEKLY_TR_COST_STRESS_1P5X,2026-01-12,40814.55566320
WEEKLY_TR_COST_STRESS_1P5X,2026-01-13,40509.65566320
WEEKLY_TR_COST_STRESS_1P5X,2026-01-14,40528.45566320
WEEKLY_TR_COST_STRESS_1P5X,2026-01-15,40504.55566320
WEEKLY_TR_COST_STRESS_1P5X,2026-01-16,40484.95566320
WEEKLY_TR_COST_STRESS_1P5X,2026-01-19,40525.68394820
WEEKLY_TR_COST_STRESS_1P5X,2026-01-20,40175.88394820
WEEKLY_TR_COST_STRESS_1P5X,2026-01-21,40510.68394820
WEEKLY_TR_COST_STRESS_1P5X,2026-01-22,40775.68394820
WEEKLY_TR_COST_STRESS_1P5X,2026-01-23,41444.48394820
WEEKLY_TR_COST_STRESS_1P5X,2026-01-26,40930.68394820
WEEKLY_TR_COST_STRESS_1P5X,2026-01-27,41170.48394820
WEEKLY_TR_COST_STRESS_1P5X,2026-01-28,41220.88394820
WEEKLY_TR_COST_STRESS_1P5X,2026-01-29,40919.88394820
WEEKLY_TR_COST_STRESS_1P5X,2026-01-30,40819.88394820
WEEKLY_TR_COST_STRESS_1P5X,2026-02-02,39511.48394820
WEEKLY_TR_COST_STRESS_1P5X,2026-02-03,40538.28394820
WEEKLY_TR_COST_STRESS_1P5X,2026-02-04,40500.28394820
WEEKLY_TR_COST_STRESS_1P5X,2026-02-05,39805.48394820
WEEKLY_TR_COST_STRESS_1P5X,2026-02-06,39748.08394820
WEEKLY_TR_COST_STRESS_1P5X,2026-02-09,40545.28990820
WEEKLY_TR_COST_STRESS_1P5X,2026-02-10,40530.28990820
WEEKLY_TR_COST_STRESS_1P5X,2026-02-11,40563.68990820
WEEKLY_TR_COST_STRESS_1P5X,2026-02-12,40795.18990820
WEEKLY_TR_COST_STRESS_1P5X,2026-02-13,40286.28990820
WEEKLY_TR_COST_STRESS_1P5X,2026-02-24,40658.88990820
WEEKLY_TR_COST_STRESS_1P5X,2026-02-25,41067.38990820
WEEKLY_TR_COST_STRESS_1P5X,2026-02-26,41069.18990820
WEEKLY_TR_COST_STRESS_1P5X,2026-02-27,41255.88990820
WEEKLY_TR_COST_STRESS_1P5X,2026-03-02,41300.68990820
WEEKLY_TR_COST_STRESS_1P5X,2026-03-03,40317.08990820
WEEKLY_TR_COST_STRESS_1P5X,2026-03-04,39936.88990820
WEEKLY_TR_COST_STRESS_1P5X,2026-03-05,40217.48990820
WEEKLY_TR_COST_STRESS_1P5X,2026-03-06,40371.88990820
WEEKLY_TR_COST_STRESS_1P5X,2026-03-09,40139.72018320
WEEKLY_TR_COST_STRESS_1P5X,2026-03-10,40943.72018320
WEEKLY_TR_COST_STRESS_1P5X,2026-03-11,41138.72018320
WEEKLY_TR_COST_STRESS_1P5X,2026-03-12,40896.62018320
WEEKLY_TR_COST_STRESS_1P5X,2026-03-13,40609.52018320
WEEKLY_TR_COST_STRESS_1P5X,2026-03-16,40779.62018320
WEEKLY_TR_COST_STRESS_1P5X,2026-03-17,39966.32018320
WEEKLY_TR_COST_STRESS_1P5X,2026-03-18,40500.62018320
WEEKLY_TR_COST_STRESS_1P5X,2026-03-19,39858.02018320
WEEKLY_TR_COST_STRESS_1P5X,2026-03-20,39795.32018320
WEEKLY_TR_COST_STRESS_1P5X,2026-03-23,38519.35059820
WEEKLY_TR_COST_STRESS_1P5X,2026-03-24,38759.05059820
WEEKLY_TR_COST_STRESS_1P5X,2026-03-25,39390.55059820
WEEKLY_TR_COST_STRESS_1P5X,2026-03-26,38934.55059820
WEEKLY_TR_COST_STRESS_1P5X,2026-03-27,39174.55059820
WEEKLY_TR_COST_STRESS_1P5X,2026-03-30,38986.75059820
WEEKLY_TR_COST_STRESS_1P5X,2026-03-31,38399.65059820
WEEKLY_TR_COST_STRESS_1P5X,2026-04-01,38946.55059820
WEEKLY_TR_COST_STRESS_1P5X,2026-04-02,38403.85059820
WEEKLY_TR_COST_STRESS_1P5X,2026-04-03,38143.15059820
WEEKLY_TR_COST_STRESS_1P5X,2026-04-07,38165.95059820
WEEKLY_TR_COST_STRESS_1P5X,2026-04-08,39821.95059820
WEEKLY_TR_COST_STRESS_1P5X,2026-04-09,39569.95059820
WEEKLY_TR_COST_STRESS_1P5X,2026-04-10,40474.75059820
WEEKLY_TR_COST_STRESS_1P5X,2026-04-13,40681.15059820
WEEKLY_TR_COST_STRESS_1P5X,2026-04-14,41357.95059820
WEEKLY_TR_COST_STRESS_1P5X,2026-04-15,41077.15059820
WEEKLY_TR_COST_STRESS_1P5X,2026-04-16,41890.15059820
WEEKLY_TR_COST_STRESS_1P5X,2026-04-17,42111.25059820
WEEKLY_TR_COST_STRESS_1P5X,2026-04-20,42226.91335320
WEEKLY_TR_COST_STRESS_1P5X,2026-04-21,42220.91335320
WEEKLY_TR_COST_STRESS_1P5X,2026-04-22,42894.11335320
WEEKLY_TR_COST_STRESS_1P5X,2026-04-23,42562.11335320
WEEKLY_TR_COST_STRESS_1P5X,2026-04-24,42166.91335320
WEEKLY_TR_COST_STRESS_1P5X,2026-04-27,42151.51335320
WEEKLY_TR_COST_STRESS_1P5X,2026-04-28,41682.51335320
WEEKLY_TR_COST_STRESS_1P5X,2026-04-29,42488.71335320
WEEKLY_TR_COST_STRESS_1P5X,2026-04-30,42480.31335320
WEEKLY_TR_COST_STRESS_1P5X,2026-05-06,43486.31335320
WEEKLY_TR_COST_STRESS_1P5X,2026-05-07,44041.71335320
WEEKLY_TR_COST_STRESS_1P5X,2026-05-08,43834.51335320
WEEKLY_TR_COST_STRESS_1P5X,2026-05-11,44882.31335320
WEEKLY_TR_COST_STRESS_1P5X,2026-05-12,44735.91335320
WEEKLY_TR_COST_STRESS_1P5X,2026-05-13,45620.91335320
WEEKLY_TR_COST_STRESS_1P5X,2026-05-14,44647.11335320
WEEKLY_TR_COST_STRESS_1P5X,2026-05-15,44341.91335320
WEEKLY_TR_COST_STRESS_1P5X,2026-05-18,44139.31335320
WEEKLY_TR_COST_STRESS_1P5X,2026-05-19,44292.51335320
WEEKLY_TR_COST_STRESS_1P5X,2026-05-20,44443.51335320
WEEKLY_TR_COST_STRESS_1P5X,2026-05-21,43457.31335320
WEEKLY_TR_COST_STRESS_1P5X,2026-05-22,44318.31335320
WEEKLY_TR_COST_STRESS_1P5X,2026-05-25,45057.51335320
WEEKLY_TR_COST_STRESS_1P5X,2026-05-26,45091.91335320
WEEKLY_TR_COST_STRESS_1P5X,2026-05-27,44793.51335320
WEEKLY_TR_COST_STRESS_1P5X,2026-05-28,45296.91335320
WEEKLY_TR_COST_STRESS_1P5X,2026-05-29,44401.71335320
WEEKLY_TR_COST_STRESS_1P5X,2026-06-01,43683.75594820
WEEKLY_TR_COST_STRESS_1P5X,2026-06-02,44480.05594820
WEEKLY_TR_COST_STRESS_1P5X,2026-06-03,44958.65594820
WEEKLY_TR_COST_STRESS_1P5X,2026-06-04,44582.15594820
WEEKLY_TR_COST_STRESS_1P5X,2026-06-05,43647.45594820
WEEKLY_TR_COST_STRESS_1P5X,2026-06-08,42496.45594820
WEEKLY_TR_COST_STRESS_1P5X,2026-06-09,43554.95594820
WEEKLY_TR_COST_STRESS_1P5X,2026-06-10,42887.15594820
WEEKLY_TR_COST_STRESS_1P5X,2026-06-11,42559.15594820
WEEKLY_TR_COST_STRESS_1P5X,2026-06-12,42905.55594820
WEEKLY_TR_COST_STRESS_1P5X,2026-06-15,44284.65594820
WEEKLY_TR_COST_STRESS_1P5X,2026-06-16,44572.05594820
WEEKLY_TR_COST_STRESS_1P5X,2026-06-17,45116.85594820
WEEKLY_TR_COST_STRESS_1P5X,2026-06-18,45642.25594820
WEEKLY_TR_COST_STRESS_1P5X,2026-06-22,46511.74405320
WEEKLY_TR_COST_STRESS_1P5X,2026-06-23,45258.94405320
WEEKLY_TR_COST_STRESS_1P5X,2026-06-24,45880.34405320
WEEKLY_TR_COST_STRESS_1P5X,2026-06-25,46767.94405320
WEEKLY_TR_COST_STRESS_1P5X,2026-06-26,45388.74405320
WEEKLY_TR_COST_STRESS_1P5X,2026-06-29,45749.44405320
WEEKLY_TR_COST_STRESS_1P5X,2026-06-30,46869.84405320
WEEKLY_TR_COST_STRESS_1P5X,2026-07-01,46405.64405320
WEEKLY_TR_COST_STRESS_1P5X,2026-07-02,44501.94405320
WEEKLY_TR_COST_STRESS_1P5X,2026-07-03,44626.34405320
WEEKLY_TR_COST_STRESS_1P5X,2026-07-06,44363.77204320
WEEKLY_TR_COST_STRESS_1P5X,2026-07-07,43823.17204320
WEEKLY_TR_COST_STRESS_1P5X,2026-07-08,43477.97204320
WEEKLY_TR_COST_STRESS_1P5X,2026-07-09,44506.57204320
WEEKLY_TR_COST_STRESS_1P5X,2026-07-10,43925.37204320
WEEKLY_TR_COST_STRESS_1P5X,2026-07-13,42692.17204320
WEEKLY_TR_COST_STRESS_1P5X,2026-07-14,43330.37204320
WEEKLY_TR_COST_STRESS_1P5X,2026-07-15,43085.77204320
WEEKLY_TR_COST_STRESS_1P5X,2026-07-16,42316.77204320
WEEKLY_TR_COST_STRESS_1P5X,2026-07-17,40668.57204320
WEEKLY_TR_COST_STRESS_1P5X,2026-07-20,40738.77204320
WEEKLY_TR_COST_STRESS_1P5X,2026-07-21,42091.97204320
WEEKLY_TR_COST_STRESS_1P5X,2026-07-22,41889.57204320
WEEKLY_TR_COST_STRESS_1P5X,2026-07-23,41970.97204320
WEEKLY_TR_COST_STRESS_1P5X,2026-07-24,41204.57204320
WEEKLY_TR_COST_STRESS_1P5X,2026-07-27,41810.77204320
WEEKLY_TR_COST_STRESS_1P5X,2026-07-28,40728.17204320
WEEKLY_TR_COST_STRESS_1P5X,2026-07-29,41017.57204320
WEEKLY_TR_COST_STRESS_1P5X,2026-07-30,40360.77204320
WEEKLY_TR_COST_STRESS_1P5X,2026-07-31,40913.57204320
WEEKLY_TR_COST_STRESS_1P5X,2026-08-03,40521.57204320
WEEKLY_TR_COST_STRESS_1P5X,2026-08-04,41127.77204320
WEEKLY_TR_COST_STRESS_1P5X,2026-08-05,41850.57204320
WEEKLY_TR_COST_STRESS_1P5X,2026-08-06,41867.97204320
WEEKLY_TR_COST_STRESS_1P5X,2026-08-07,42376.97204320
WEEKLY_TR_COST_STRESS_1P5X,2026-08-10,42518.97204320
WEEKLY_TR_COST_STRESS_1P5X,2026-08-11,42289.37204320
WEEKLY_TR_COST_STRESS_1P5X,2026-08-12,42510.17204320
WEEKLY_TR_COST_STRESS_1P5X,2026-08-13,42273.57204320
WEEKLY_TR_COST_STRESS_1P5X,2026-08-14,42301.17204320
WEEKLY_TR_COST_STRESS_1P5X,2026-08-17,43285.45681820
WEEKLY_TR_COST_STRESS_1P5X,2026-08-18,43086.25681820
WEEKLY_TR_COST_STRESS_1P5X,2026-08-19,41039.95681820
WEEKLY_TR_COST_STRESS_1P5X,2026-08-20,41248.45681820
WEEKLY_TR_COST_STRESS_1P5X,2026-08-21,41504.95681820
WEEKLY_TR_COST_STRESS_1P5X,2026-08-24,40679.55681820
WEEKLY_TR_COST_STRESS_1P5X,2026-08-25,40449.75681820
WEEKLY_TR_COST_STRESS_1P5X,2026-08-26,40662.25681820
WEEKLY_TR_COST_STRESS_1P5X,2026-08-27,41407.85681820
WEEKLY_TR_COST_STRESS_1P5X,2026-08-28,41027.65681820
WEEKLY_TR_COST_STRESS_1P5X,2026-08-31,41196.45681820
WEEKLY_TR_COST_STRESS_1P5X,2026-09-01,40769.85681820
WEEKLY_TR_COST_STRESS_1P5X,2026-09-02,40070.45681820
WEEKLY_TR_COST_STRESS_1P5X,2026-09-03,40113.45681820
WEEKLY_TR_COST_STRESS_1P5X,2026-09-04,39735.05681820
WEEKLY_TR_COST_STRESS_1P5X,2026-09-07,40097.52004820
WEEKLY_TR_COST_STRESS_1P5X,2026-09-08,40098.62004820
WEEKLY_TR_COST_STRESS_1P5X,2026-09-09,40141.12004820
WEEKLY_TR_COST_STRESS_1P5X,2026-09-10,39966.22004820
WEEKLY_TR_COST_STRESS_1P5X,2026-09-11,39520.52004820
WEEKLY_TR_COST_STRESS_1P5X,2026-09-14,39388.02004820
WEEKLY_TR_COST_STRESS_1P5X,2026-09-15,39254.82004820
