symbol,name,group,type,pool,data_start,data_end,row_count,return_20d,return_60d,return_120d,volatility_20d,volatility_60d,volatility_120d,beta_60d,beta_120d,max_drawdown_60d,max_drawdown_120d,downside_volatility_60d,up_capture_60d,down_capture_60d,is_broad_base,is_quasi_broad_base,is_sector,is_theme,is_bond,is_dividend,is_low_vol,is_growth,is_high_beta,concentration_profile,style_profile,realized_risk_score,realized_risk_profile,realized_risk_percentile,structural_risk_score,structural_risk_profile,structural_risk_percentile,risk_score,risk_profile,risk_reasons,data_quality,missing_feature_count,style_classification_override,style_classification_reason,classification_override,override_reason,structural_classification_override,structural_override_reason,structural_risk_reason,asset_class_score,style_attribute_score,long_cycle_risk_score,concentration_adjustment_score,research_only,execution_allowed
159001,货币ETF,债券货币观察,bond_cash,observe_pool,2025-03-03,2026-07-06,327,-1e-05,-1e-05,0.0,0.00015,0.000206,0.000171,-0.000175,-8e-05,-7e-05,-8e-05,0.000189,-0.000203,-0.000322,False,False,False,False,True,False,True,False,False,bond_cash,BOND,4.5902,DEFENSIVE,0.8197,9.75,DEFENSIVE,4.0984,4.5902,DEFENSIVE,risk_score=4.59; 60d volatility=0.0002; 60d beta=-0.0002; 120d max drawdown=-0.0001; 60d downside vol=0.0002; 60d down capture=-0.0003; bond/cash structural low-risk constraint,ok,0,False,bond/cash asset type,False,,False,,asset=8.0; style=8.0; long_cycle=13.0; concentration=8.0; weights=30/25/35/10,8,8,13.0,8,True,False
159301,公用事业ETF华夏,防御、红利、质量,unknown,research_only,2025-03-03,2026-07-06,327,-0.105362,-0.027607,0.008484,0.179442,0.224345,0.206208,0.419875,0.39901,-0.157754,-0.157754,0.159928,0.173484,0.35238,False,False,True,False,False,True,True,False,False,sector_concentrated,DIVIDEND,39.4262,CORE,30.6011,38.7125,CORE,13.1148,39.4262,CORE,risk_score=39.43; 60d volatility=0.2243; 60d beta=0.4199; 120d max drawdown=-0.1578; 60d downside vol=0.1599; 60d down capture=0.3524,ok,0,False,dividend keyword,False,,False,,asset=28.0; style=30.0; long_cycle=45.8; concentration=68.0; weights=30/25/35/10,28,30,45.75,68,True,False
159302,港股高股息ETF银华,防御、红利、质量,unknown,research_only,2025-03-03,2026-07-06,327,-0.073764,-0.08764,-0.040945,0.198803,0.144195,0.154188,0.087733,0.292443,-0.147661,-0.147661,0.10511,-0.086878,0.174392,False,False,False,False,False,True,True,False,False,qdii_observation,QDII_OBSERVATION,16.9672,DEFENSIVE,9.2896,40.975,CORE,18.5792,16.9672,DEFENSIVE,risk_score=16.97; 60d volatility=0.1442; 60d beta=0.0877; 120d max drawdown=-0.1477; 60d downside vol=0.1051; 60d down capture=0.1744,ok,0,False,QDII or cross-border name/group,False,,False,,asset=58.0; style=35.0; long_cycle=29.5; concentration=45.0; weights=30/25/35/10,58,35,29.5,45,True,False
159315,黄金股ETF工银,周期、资源、商品,unknown,research_only,2025-03-03,2026-07-06,327,-0.045394,-0.214286,-0.145759,0.637345,0.483192,0.55406,1.317553,1.511907,-0.337755,-0.495531,0.27122,0.875455,1.88822,False,False,False,False,False,False,False,False,True,unknown,COMMODITY_CYCLICAL,81.5301,HIGH_BETA,92.3497,78.45,OFFENSIVE,84.153,81.5301,HIGH_BETA,risk_score=81.53; 60d volatility=0.4832; 60d beta=1.3176; 120d max drawdown=-0.4955; 60d downside vol=0.2712; 60d down capture=1.8882; high_beta flag,ok,0,False,resource/commodity cyclical keyword,False,,False,,asset=72.0; style=82.0; long_cycle=91.0; concentration=45.0; weights=30/25/35/10,72,82,91.0,45,True,False
159321,黄金股ETF华安,周期、资源、商品,unknown,research_only,2025-03-03,2026-07-06,327,-0.050426,-0.215836,-0.146232,0.631539,0.477593,0.554817,1.247457,1.480369,-0.33842,-0.502663,0.270867,0.790388,1.787336,False,False,False,False,False,False,False,False,True,unknown,COMMODITY_CYCLICAL,80.6284,HIGH_BETA,91.8033,78.45,OFFENSIVE,84.153,80.6284,HIGH_BETA,risk_score=80.63; 60d volatility=0.4776; 60d beta=1.2475; 120d max drawdown=-0.5027; 60d downside vol=0.2709; 60d down capture=1.7873; high_beta flag,ok,0,False,resource/commodity cyclical keyword,False,,False,,asset=72.0; style=82.0; long_cycle=91.0; concentration=45.0; weights=30/25/35/10,72,82,91.0,45,True,False
159327,半导体设备ETF万家,科技与新质生产力,unknown,research_only,2025-03-03,2026-07-06,327,0.436218,1.146494,1.24932,0.720169,0.60086,0.52744,1.583197,1.481465,-0.153083,-0.188115,0.375796,2.659006,0.7471,False,False,False,True,False,False,False,True,True,theme_concentrated,HIGH_BETA_THEME,78.4426,HIGH_BETA,87.4317,83.95,HIGH_BETA,95.3552,78.4426,HIGH_BETA,risk_score=78.44; 60d volatility=0.6009; 60d beta=1.5832; 120d max drawdown=-0.1881; 60d downside vol=0.3758; 60d down capture=0.7471; high_beta flag,ok,0,False,growth/high-beta theme keyword,False,,False,,asset=86.0; style=90.0; long_cycle=79.0; concentration=80.0; weights=30/25/35/10,86,90,79.0,80,True,False
159332,央企红利ETF富国,防御、红利、质量,unknown,research_only,2025-03-03,2026-07-06,327,-0.057143,-0.100241,-0.058725,0.183621,0.137214,0.163422,0.069722,0.195691,-0.142173,-0.18327,0.082059,-0.126895,0.189532,False,False,True,False,False,True,True,False,False,sector_concentrated,DIVIDEND,23.8798,DEFENSIVE,14.7541,36.9625,CORE,12.0219,23.8798,DEFENSIVE,risk_score=23.88; 60d volatility=0.1372; 60d beta=0.0697; 120d max drawdown=-0.1833; 60d downside vol=0.0821; 60d down capture=0.1895,ok,0,False,dividend keyword,False,,False,,asset=28.0; style=30.0; long_cycle=40.8; concentration=68.0; weights=30/25/35/10,28,30,40.75,68,True,False
159333,港股央企红利ETF万家,防御、红利、质量,unknown,research_only,2025-03-03,2026-07-06,327,-0.080175,-0.108127,-0.092086,0.201268,0.14624,0.158074,0.156058,0.335273,-0.161512,-0.185037,0.11099,-0.05002,0.299904,False,False,False,False,False,True,True,False,False,qdii_observation,QDII_OBSERVATION,21.6667,DEFENSIVE,13.1148,42.725,CORE,22.4044,21.6667,DEFENSIVE,risk_score=21.67; 60d volatility=0.1462; 60d beta=0.1561; 120d max drawdown=-0.1850; 60d downside vol=0.1110; 60d down capture=0.2999,ok,0,False,QDII or cross-border name/group,False,,False,,asset=58.0; style=35.0; long_cycle=34.5; concentration=45.0; weights=30/25/35/10,58,35,34.5,45,True,False
159336,央企红利ETF融通,防御、红利、质量,unknown,research_only,2025-03-03,2026-07-06,327,-0.058326,-0.103781,-0.011535,0.219981,0.156173,0.204187,0.348003,0.43502,-0.146614,-0.200746,0.109761,0.14453,0.581405,False,False,True,False,False,True,True,False,False,sector_concentrated,DIVIDEND,33.6339,CORE,21.8579,40.4625,CORE,15.847,33.6339,CORE,risk_score=33.63; 60d volatility=0.1562; 60d beta=0.3480; 120d max drawdown=-0.2007; 60d downside vol=0.1098; 60d down capture=0.5814,ok,0,False,dividend keyword,False,,False,,asset=28.0; style=30.0; long_cycle=50.8; concentration=68.0; weights=30/25/35/10,28,30,50.75,68,True,False
159338,国泰中证A500ETF,新宽基与新风格,broad_index,trade_pool,2025-03-03,2026-07-06,327,0.017241,0.113208,0.087102,0.288187,0.223825,0.201875,1.094469,0.975187,-0.071001,-0.083004,0.147967,1.119877,1.112472,True,False,False,False,False,False,False,False,False,broad_base,CORE_LARGE_CAP,41.1202,CORE,35.5191,44.525,CORE,28.1421,41.1202,CORE,risk_score=41.12; 60d volatility=0.2238; 60d beta=1.0945; 120d max drawdown=-0.0830; 60d downside vol=0.1480; 60d down capture=1.1125,ok,0,False,traditional large/core broad keyword,False,,False,,asset=35.0; style=38.0; long_cycle=61.5; concentration=30.0; weights=30/25/35/10,35,38,61.5,30,True,False
159352,南方中证A500ETF,新宽基与新风格,broad_index,trade_pool,2025-03-03,2026-07-06,327,0.018113,0.113036,0.085278,0.294312,0.227389,0.204967,1.10744,0.982423,-0.071172,-0.085866,0.145956,1.127595,1.122841,True,False,False,False,False,False,False,False,False,broad_base,CORE_LARGE_CAP,42.2678,CORE,36.612,44.525,CORE,28.1421,42.2678,CORE,risk_score=42.27; 60d volatility=0.2274; 60d beta=1.1074; 120d max drawdown=-0.0859; 60d downside vol=0.1460; 60d down capture=1.1228,ok,0,False,traditional large/core broad keyword,False,,False,,asset=35.0; style=38.0; long_cycle=61.5; concentration=30.0; weights=30/25/35/10,35,38,61.5,30,True,False
159363,创业板人工智能ETF华宝,科技与新质生产力,unknown,research_only,2025-03-03,2026-07-06,327,-0.014873,0.320988,0.406471,0.608082,0.517631,0.476968,2.163007,1.772719,-0.126805,-0.126805,0.265403,2.265511,2.012812,False,True,False,True,False,False,False,True,True,quasi_broad_base,GROWTH_BROAD,79.3716,HIGH_BETA,89.6175,71.575,OFFENSIVE,68.8525,79.3716,HIGH_BETA,risk_score=79.37; 60d volatility=0.5176; 60d beta=2.1630; 120d max drawdown=-0.1268; 60d downside vol=0.2654; 60d down capture=2.0128; high_beta flag,ok,0,False,growth broad index keyword,False,,False,,asset=58.0; style=82.0; long_cycle=82.5; concentration=48.0; weights=30/25/35/10,58,82,82.5,48,True,False
159395,信用债ETF大成,债券货币,unknown,research_only,2025-03-03,2026-07-06,327,0.000281,0.008289,0.020086,0.007767,0.005576,0.005992,0.004426,-0.001965,-0.002919,-0.002919,0.00595,0.020992,-0.004576,False,False,False,False,True,False,True,False,False,bond_cash,BOND,7.377,DEFENSIVE,5.4645,9.75,DEFENSIVE,4.0984,7.377,DEFENSIVE,risk_score=7.38; 60d volatility=0.0056; 60d beta=0.0044; 120d max drawdown=-0.0029; 60d downside vol=0.0060; 60d down capture=-0.0046; bond/cash structural low-risk constraint,ok,0,False,bond/cash asset type,False,,False,,asset=8.0; style=8.0; long_cycle=13.0; concentration=8.0; weights=30/25/35/10,8,8,13.0,8,True,False
159396,信用债ETF博时,债券货币,unknown,research_only,2025-03-03,2026-07-06,327,0.0,0.008042,0.020321,0.008025,0.005686,0.006123,0.004303,0.000287,-0.00297,-0.00297,0.005858,0.019157,-0.003039,False,False,False,False,True,False,True,False,False,bond_cash,BOND,7.541,DEFENSIVE,6.5574,9.75,DEFENSIVE,4.0984,7.541,DEFENSIVE,risk_score=7.54; 60d volatility=0.0057; 60d beta=0.0043; 120d max drawdown=-0.0030; 60d downside vol=0.0059; 60d down capture=-0.0030; bond/cash structural low-risk constraint,ok,0,False,bond/cash asset type,False,,False,,asset=8.0; style=8.0; long_cycle=13.0; concentration=8.0; weights=30/25/35/10,8,8,13.0,8,True,False
159398,信用债ETF天弘,债券货币,unknown,research_only,2025-03-03,2026-07-06,327,0.000176,0.007567,0.016944,0.007792,0.005419,0.006846,0.001825,-0.006084,-0.002699,-0.002699,0.005502,0.016283,-0.006821,False,False,False,False,True,False,True,False,False,bond_cash,BOND,6.4208,DEFENSIVE,3.8251,9.75,DEFENSIVE,4.0984,6.4208,DEFENSIVE,risk_score=6.42; 60d volatility=0.0054; 60d beta=0.0018; 120d max drawdown=-0.0027; 60d downside vol=0.0055; 60d down capture=-0.0068; bond/cash structural low-risk constraint,ok,0,False,bond/cash asset type,False,,False,,asset=8.0; style=8.0; long_cycle=13.0; concentration=8.0; weights=30/25/35/10,8,8,13.0,8,True,False
159516,半导体设备ETF国泰,科技与新质生产力,unknown,research_only,2025-03-03,2026-07-06,327,0.422407,1.126551,1.220207,0.722369,0.594915,1.650974,1.56706,1.686361,-0.153333,-0.570894,0.371437,2.612999,0.70812,False,False,False,True,False,False,False,True,True,theme_concentrated,HIGH_BETA_THEME,87.8962,HIGH_BETA,96.1749,85.175,HIGH_BETA,97.2678,87.8962,HIGH_BETA,risk_score=87.90; 60d volatility=0.5949; 60d beta=1.5671; 120d max drawdown=-0.5709; 60d downside vol=0.3714; 60d down capture=0.7081; high_beta flag,ok,0,False,growth/high-beta theme keyword,False,,False,,asset=86.0; style=90.0; long_cycle=82.5; concentration=80.0; weights=30/25/35/10,86,90,82.5,80,True,False
159518,标普油气ETF嘉实,周期、资源、商品,unknown,research_only,2025-03-03,2026-07-06,327,-0.098701,-0.236244,0.165733,0.348934,0.458314,0.597501,-0.962939,-0.794113,-0.212451,-0.332454,0.308002,-1.103796,-0.597175,False,False,False,False,False,False,False,False,True,qdii_observation,QDII_OBSERVATION,56.6393,OFFENSIVE,60.6557,60.95,OFFENSIVE,48.6339,56.6393,OFFENSIVE,risk_score=56.64; 60d volatility=0.4583; 60d beta=-0.9629; 120d max drawdown=-0.3325; 60d downside vol=0.3080; 60d down capture=-0.5972; high_beta flag,ok,0,False,QDII or cross-border name/group,False,,False,,asset=58.0; style=82.0; long_cycle=53.0; concentration=45.0; weights=30/25/35/10,58,82,53.0,45,True,False
159531,中证2000ETF南方,新宽基与新风格,unknown,research_only,2025-03-03,2026-07-06,327,-0.00584,0.081921,0.098208,0.303317,0.262705,0.268409,0.867254,0.884735,-0.103762,-0.142225,0.165818,0.82362,0.914161,True,False,False,False,False,False,False,True,False,broad_base,CORE_MID_CAP,45.4918,BALANCED,43.7158,49.525,BALANCED,30.3279,45.4918,BALANCED,risk_score=45.49; 60d volatility=0.2627; 60d beta=0.8673; 120d max drawdown=-0.1422; 60d downside vol=0.1658; 60d down capture=0.9142,ok,0,False,mid/small broad index keyword,False,,False,,asset=45.0; style=46.0; long_cycle=61.5; concentration=30.0; weights=30/25/35/10,45,46,61.5,30,True,False
159532,中证2000ETF易方达,新宽基与新风格,unknown,research_only,2025-03-03,2026-07-06,327,-0.010084,0.096154,0.127632,0.263959,0.244565,0.256417,0.806056,0.846744,-0.096842,-0.138858,0.16242,0.796624,0.796807,True,False,False,False,False,False,False,True,False,broad_base,CORE_MID_CAP,43.224,CORE,39.8907,49.525,BALANCED,30.3279,43.224,CORE,risk_score=43.22; 60d volatility=0.2446; 60d beta=0.8061; 120d max drawdown=-0.1389; 60d downside vol=0.1624; 60d down capture=0.7968,ok,0,False,mid/small broad index keyword,False,,False,,asset=45.0; style=46.0; long_cycle=61.5; concentration=30.0; weights=30/25/35/10,45,46,61.5,30,True,False
159536,中证2000ETF汇添富,新宽基与新风格,unknown,research_only,2025-03-03,2026-07-06,327,-0.008575,0.058451,0.059944,0.315991,0.266811,0.268645,0.882884,0.880992,-0.107993,-0.151156,0.164867,0.800576,0.938833,True,False,False,False,False,False,False,True,False,broad_base,CORE_MID_CAP,47.2951,BALANCED,46.4481,51.275,BALANCED,34.6995,47.2951,BALANCED,risk_score=47.30; 60d volatility=0.2668; 60d beta=0.8829; 120d max drawdown=-0.1512; 60d downside vol=0.1649; 60d down capture=0.9388,ok,0,False,mid/small broad index keyword,False,,False,,asset=45.0; style=46.0; long_cycle=66.5; concentration=30.0; weights=30/25/35/10,45,46,66.5,30,True,False
159538,信创ETF富国,科技与新质生产力,unknown,research_only,2025-03-03,2026-07-06,327,0.202512,0.563265,0.521854,0.603514,0.508899,0.444129,1.998645,1.647038,-0.152275,-0.194812,0.30836,2.670934,1.919468,False,False,False,False,False,False,False,True,True,unknown,HIGH_BETA_THEME,79.918,HIGH_BETA,90.1639,83.425,HIGH_BETA,92.623,79.918,HIGH_BETA,risk_score=79.92; 60d volatility=0.5089; 60d beta=1.9986; 120d max drawdown=-0.1948; 60d downside vol=0.3084; 60d down capture=1.9195; high_beta flag,ok,0,False,growth/high-beta theme keyword,False,,False,,asset=86.0; style=90.0; long_cycle=87.5; concentration=45.0; weights=30/25/35/10,86,90,87.5,45,True,False
159539,信创ETF广发,科技与新质生产力,unknown,research_only,2025-03-03,2026-07-06,327,0.21254,0.578147,0.534633,0.60439,0.542476,0.463876,2.087467,1.694589,-0.189725,-0.192588,0.303178,2.776553,1.980759,False,False,False,False,False,False,False,True,True,unknown,HIGH_BETA_THEME,80.3552,HIGH_BETA,91.2568,83.425,HIGH_BETA,92.623,80.3552,HIGH_BETA,risk_score=80.36; 60d volatility=0.5425; 60d beta=2.0875; 120d max drawdown=-0.1926; 60d downside vol=0.3032; 60d down capture=1.9808; high_beta flag,ok,0,False,growth/high-beta theme keyword,False,,False,,asset=86.0; style=90.0; long_cycle=87.5; concentration=45.0; weights=30/25/35/10,86,90,87.5,45,True,False
159540,信创ETF易方达,科技与新质生产力,unknown,research_only,2025-03-03,2026-07-06,327,0.218797,0.592593,0.558169,0.603232,0.517038,0.447639,2.021651,1.658419,-0.150243,-0.190678,0.286337,2.715558,1.90677,False,False,False,False,False,False,False,True,True,unknown,HIGH_BETA_THEME,78.8525,HIGH_BETA,88.5246,83.425,HIGH_BETA,92.623,78.8525,HIGH_BETA,risk_score=78.85; 60d volatility=0.5170; 60d beta=2.0217; 120d max drawdown=-0.1907; 60d downside vol=0.2863; 60d down capture=1.9068; high_beta flag,ok,0,False,growth/high-beta theme keyword,False,,False,,asset=86.0; style=90.0; long_cycle=87.5; concentration=45.0; weights=30/25/35/10,86,90,87.5,45,True,False
159545,恒生红利低波ETF易方达,防御、红利、质量,unknown,research_only,2025-03-03,2026-07-06,327,-0.09614,-0.116726,-0.109117,0.197981,0.147182,0.152525,0.100006,0.286077,-0.177564,-0.211221,0.112202,-0.117276,0.270876,False,False,False,False,False,True,True,False,False,qdii_observation,QDII_OBSERVATION,24.6448,DEFENSIVE,15.847,42.725,CORE,22.4044,24.6448,DEFENSIVE,risk_score=24.64; 60d volatility=0.1472; 60d beta=0.1000; 120d max drawdown=-0.2112; 60d downside vol=0.1122; 60d down capture=0.2709,ok,0,False,QDII or cross-border name/group,False,,False,,asset=58.0; style=35.0; long_cycle=34.5; concentration=45.0; weights=30/25/35/10,58,35,34.5,45,True,False
159547,红利低波ETF华夏,防御、红利、质量,unknown,research_only,2025-03-03,2026-07-06,327,-0.048414,-0.06327,-0.053156,0.185648,0.13558,0.135681,-0.047341,0.107756,-0.116317,-0.124099,0.088182,-0.142245,0.000493,False,False,True,False,False,True,True,False,False,sector_concentrated,DIVIDEND,17.3224,DEFENSIVE,10.3825,33.025,CORE,9.2896,17.3224,DEFENSIVE,risk_score=17.32; 60d volatility=0.1356; 60d beta=-0.0473; 120d max drawdown=-0.1241; 60d downside vol=0.0882; 60d down capture=0.0005,ok,0,False,dividend keyword,False,,False,,asset=28.0; style=30.0; long_cycle=29.5; concentration=68.0; weights=30/25/35/10,28,30,29.5,68,True,False
159549,红利低波ETF天弘,防御、红利、质量,unknown,research_only,2025-03-03,2026-07-06,327,-0.044277,-0.053763,-0.045075,0.176794,0.131642,0.131608,-0.006027,0.157541,-0.109935,-0.126997,0.075529,-0.109008,0.01919,False,False,True,False,False,True,True,False,False,sector_concentrated,DIVIDEND,17.0765,DEFENSIVE,9.8361,33.025,CORE,9.2896,17.0765,DEFENSIVE,risk_score=17.08; 60d volatility=0.1316; 60d beta=-0.0060; 120d max drawdown=-0.1270; 60d downside vol=0.0755; 60d down capture=0.0192,ok,0,False,dividend keyword,False,,False,,asset=28.0; style=30.0; long_cycle=29.5; concentration=68.0; weights=30/25/35/10,28,30,29.5,68,True,False
159551,机器人ETF国泰,科技与新质生产力,unknown,research_only,2025-03-03,2026-07-06,327,-0.00929,0.270638,0.134498,0.495186,0.383182,0.330278,0.882424,0.868071,-0.10828,-0.196294,0.221081,1.22522,0.771634,False,False,False,True,False,False,False,True,True,theme_concentrated,HIGH_BETA_THEME,65.4372,OFFENSIVE,69.9454,79.575,OFFENSIVE,86.3388,65.4372,OFFENSIVE,risk_score=65.44; 60d volatility=0.3832; 60d beta=0.8824; 120d max drawdown=-0.1963; 60d downside vol=0.2211; 60d down capture=0.7716; high_beta flag,ok,0,False,growth/high-beta theme keyword,False,,False,,asset=86.0; style=90.0; long_cycle=66.5; concentration=80.0; weights=30/25/35/10,86,90,66.5,80,True,False
159558,半导体设备ETF易方达,科技与新质生产力,unknown,research_only,2025-03-03,2026-07-06,327,0.440552,1.152829,1.247929,0.712605,0.596383,0.528997,1.584703,1.490918,-0.153361,-0.19697,0.371468,2.674953,0.755361,False,False,False,True,False,False,False,True,True,theme_concentrated,HIGH_BETA_THEME,80.1366,HIGH_BETA,90.7104,83.95,HIGH_BETA,95.3552,80.1366,HIGH_BETA,risk_score=80.14; 60d volatility=0.5964; 60d beta=1.5847; 120d max drawdown=-0.1970; 60d downside vol=0.3715; 60d down capture=0.7554; high_beta flag,ok,0,False,growth/high-beta theme keyword,False,,False,,asset=86.0; style=90.0; long_cycle=79.0; concentration=80.0; weights=30/25/35/10,86,90,79.0,80,True,False
159559,机器人ETF景顺,科技与新质生产力,unknown,research_only,2025-03-03,2026-07-06,327,0.023891,0.246883,0.052632,0.616461,0.459308,0.380389,0.723238,0.728173,-0.142857,-0.211664,0.267564,1.102973,0.581163,False,False,False,True,False,False,False,True,True,theme_concentrated,HIGH_BETA_THEME,68.6066,OFFENSIVE,76.5027,77.125,OFFENSIVE,81.4208,68.6066,OFFENSIVE,risk_score=68.61; 60d volatility=0.4593; 60d beta=0.7232; 120d max drawdown=-0.2117; 60d downside vol=0.2676; 60d down capture=0.5812; high_beta flag,ok,0,False,growth/high-beta theme keyword,False,,False,,asset=86.0; style=90.0; long_cycle=59.5; concentration=80.0; weights=30/25/35/10,86,90,59.5,80,True,False
159562,黄金股ETF华夏,周期、资源、商品,unknown,research_only,2025-03-03,2026-07-06,327,-0.042843,-0.215289,-0.148812,0.636097,0.487188,0.552601,1.296987,1.509345,-0.34151,-0.496188,0.270065,0.871732,1.899429,False,False,False,False,False,False,False,False,True,unknown,COMMODITY_CYCLICAL,81.8306,HIGH_BETA,92.8962,78.45,OFFENSIVE,84.153,81.8306,HIGH_BETA,risk_score=81.83; 60d volatility=0.4872; 60d beta=1.2970; 120d max drawdown=-0.4962; 60d downside vol=0.2701; 60d down capture=1.8994; high_beta flag,ok,0,False,resource/commodity cyclical keyword,False,,False,,asset=72.0; style=82.0; long_cycle=91.0; concentration=45.0; weights=30/25/35/10,72,82,91.0,45,True,False
159593,中证A50ETF,新宽基与新风格,broad_index,trade_pool,2025-03-03,2026-07-06,327,-0.015097,0.062839,0.021626,0.245739,0.194634,0.177973,0.906193,0.850187,-0.062932,-0.080402,0.12705,0.87518,0.940565,True,False,False,False,False,False,False,False,False,broad_base,CORE_LARGE_CAP,33.9891,CORE,23.224,42.775,CORE,24.5902,33.9891,CORE,risk_score=33.99; 60d volatility=0.1946; 60d beta=0.9062; 120d max drawdown=-0.0804; 60d downside vol=0.1270; 60d down capture=0.9406,ok,0,False,traditional large/core broad keyword,False,,False,,asset=35.0; style=38.0; long_cycle=56.5; concentration=30.0; weights=30/25/35/10,35,38,56.5,30,True,False
159595,中证A50ETF大成,新宽基与新风格,unknown,research_only,2025-03-03,2026-07-06,327,-0.014358,0.066822,0.025392,0.246784,0.196548,0.176838,0.923257,0.84576,-0.059474,-0.076314,0.12743,0.889321,0.950457,True,False,False,False,False,False,False,False,False,broad_base,CORE_LARGE_CAP,34.5082,CORE,25.1366,40.7625,CORE,18.0328,34.5082,CORE,risk_score=34.51; 60d volatility=0.1965; 60d beta=0.9233; 120d max drawdown=-0.0763; 60d downside vol=0.1274; 60d down capture=0.9505,ok,0,False,traditional large/core broad keyword,False,,False,,asset=35.0; style=38.0; long_cycle=50.8; concentration=30.0; weights=30/25/35/10,35,38,50.75,30,True,False
159608,稀有金属ETF广发,周期、资源、商品,unknown,research_only,2025-03-03,2026-07-06,327,0.034195,0.083916,0.162137,0.555575,0.450481,0.449228,1.616844,1.497748,-0.180115,-0.237446,0.25785,1.546503,1.753896,False,False,False,False,False,False,False,False,True,unknown,COMMODITY_CYCLICAL,76.2295,HIGH_BETA,84.6995,77.225,OFFENSIVE,82.2404,76.2295,HIGH_BETA,risk_score=76.23; 60d volatility=0.4505; 60d beta=1.6168; 120d max drawdown=-0.2374; 60d downside vol=0.2579; 60d down capture=1.7539; high_beta flag,ok,0,False,resource/commodity cyclical keyword,False,,False,,asset=72.0; style=82.0; long_cycle=87.5; concentration=45.0; weights=30/25/35/10,72,82,87.5,45,True,False
159611,电力ETF广发,防御、红利、质量,unknown,research_only,2025-03-03,2026-07-06,327,-0.122241,-0.029108,0.032967,0.224548,0.273709,0.250965,0.533741,0.493532,-0.178998,-0.178998,0.192378,0.237342,0.439969,False,False,True,False,False,True,True,False,False,sector_concentrated,DIVIDEND,47.5956,BALANCED,47.541,42.2125,CORE,19.6721,47.5956,BALANCED,risk_score=47.60; 60d volatility=0.2737; 60d beta=0.5337; 120d max drawdown=-0.1790; 60d downside vol=0.1924; 60d down capture=0.4400,ok,0,False,dividend keyword,False,,False,,asset=28.0; style=30.0; long_cycle=55.8; concentration=68.0; weights=30/25/35/10,28,30,55.75,68,True,False
159613,信息安全ETF嘉实,科技与新质生产力,unknown,research_only,2025-03-03,2026-07-06,327,-0.022422,-0.039648,-0.103803,0.413931,0.369942,0.372461,1.403376,1.236102,-0.215094,-0.257143,0.22907,1.170001,1.760683,False,False,False,False,False,False,False,True,True,unknown,HIGH_BETA_THEME,74.1257,HIGH_BETA,81.4208,83.3375,HIGH_BETA,90.7104,74.1257,HIGH_BETA,risk_score=74.13; 60d volatility=0.3699; 60d beta=1.4034; 120d max drawdown=-0.2571; 60d downside vol=0.2291; 60d down capture=1.7607; high_beta flag,ok,0,False,growth/high-beta theme keyword,False,,False,,asset=86.0; style=90.0; long_cycle=87.2; concentration=45.0; weights=30/25/35/10,86,90,87.25,45,True,False
159615,恒生生物科技ETF南方,医药与消费升级,unknown,research_only,2025-03-03,2026-07-06,327,0.142546,-0.090909,-0.038462,0.427092,0.328685,0.3616,0.210353,0.753359,-0.266779,-0.316119,0.159389,0.293768,0.568433,False,False,False,False,False,False,False,True,False,qdii_observation,QDII_OBSERVATION,50.9563,BALANCED,53.0055,58.95,BALANCED,47.541,50.9563,BALANCED,risk_score=50.96; 60d volatility=0.3287; 60d beta=0.2104; 120d max drawdown=-0.3161; 60d downside vol=0.1594; 60d down capture=0.5684,ok,0,False,QDII or cross-border name/group,False,,False,,asset=58.0; style=60.0; long_cycle=63.0; concentration=45.0; weights=30/25/35/10,58,60,63.0,45,True,False
159625,绿色电力ETF嘉实,防御、红利、质量,unknown,research_only,2025-03-03,2026-07-06,327,-0.111686,-0.038431,0.027374,0.210962,0.243776,0.231959,0.530292,0.463812,-0.159664,-0.159664,0.172865,0.256534,0.494497,False,False,True,False,False,True,True,False,False,sector_concentrated,DIVIDEND,44.5355,BALANCED,41.5301,40.4625,CORE,15.847,44.5355,BALANCED,risk_score=44.54; 60d volatility=0.2438; 60d beta=0.5303; 120d max drawdown=-0.1597; 60d downside vol=0.1729; 60d down capture=0.4945,ok,0,False,dividend keyword,False,,False,,asset=28.0; style=30.0; long_cycle=50.8; concentration=68.0; weights=30/25/35/10,28,30,50.75,68,True,False
159638,高端装备ETF嘉实,科技与新质生产力,unknown,research_only,2025-03-03,2026-07-06,327,-0.018888,-0.033092,-0.121241,0.332707,0.331032,0.411088,1.031849,1.014919,-0.200177,-0.323596,0.245968,0.921024,1.419441,False,False,False,False,False,False,False,True,False,unknown,GROWTH_THEME,69.2077,OFFENSIVE,77.5956,73.2625,OFFENSIVE,71.0383,69.2077,OFFENSIVE,risk_score=69.21; 60d volatility=0.3310; 60d beta=1.0318; 120d max drawdown=-0.3236; 60d downside vol=0.2460; 60d down capture=1.4194,ok,0,False,growth/high-beta theme keyword,False,,False,,asset=74.0; style=76.0; long_cycle=78.8; concentration=45.0; weights=30/25/35/10,74,76,78.75,45,True,False
159658,数字经济ETF华安,科技与新质生产力,unknown,research_only,2025-03-03,2026-07-06,327,0.155787,0.503926,0.386184,0.552067,0.441275,0.378199,1.770511,1.465555,-0.135282,-0.191949,0.280426,2.373296,1.705575,False,False,False,False,False,False,False,True,True,unknown,HIGH_BETA_THEME,74.1803,HIGH_BETA,81.9672,83.425,HIGH_BETA,92.623,74.1803,HIGH_BETA,risk_score=74.18; 60d volatility=0.4413; 60d beta=1.7705; 120d max drawdown=-0.1919; 60d downside vol=0.2804; 60d down capture=1.7056; high_beta flag,ok,0,False,growth/high-beta theme keyword,False,,False,,asset=86.0; style=90.0; long_cycle=87.5; concentration=45.0; weights=30/25/35/10,86,90,87.5,45,True,False
159663,机床ETF华夏,科技与新质生产力,unknown,research_only,2025-03-03,2026-07-06,327,0.06399,0.512485,0.61319,0.505209,0.422859,0.382736,1.424099,1.221291,-0.098119,-0.172022,0.211449,1.922141,1.061137,False,False,False,False,False,False,False,True,True,unknown,HIGH_BETA_THEME,65.6011,OFFENSIVE,71.5847,79.1375,OFFENSIVE,85.2459,65.6011,OFFENSIVE,risk_score=65.60; 60d volatility=0.4229; 60d beta=1.4241; 120d max drawdown=-0.1720; 60d downside vol=0.2114; 60d down capture=1.0611; high_beta flag,ok,0,False,growth/high-beta theme keyword,False,,False,,asset=86.0; style=90.0; long_cycle=75.2; concentration=45.0; weights=30/25/35/10,86,90,75.25,45,True,False
159667,工业母机ETF国泰,科技与新质生产力,unknown,research_only,2025-03-03,2026-07-06,327,-0.645911,-0.498825,-0.464196,2.458136,1.458078,1.05466,2.117474,1.565369,-0.680765,-0.680765,2.270916,1.912826,3.707409,False,False,False,False,False,False,False,True,True,unknown,HIGH_BETA_THEME,93.8798,HIGH_BETA,97.8142,84.65,HIGH_BETA,96.1749,93.8798,HIGH_BETA,risk_score=93.88; 60d volatility=1.4581; 60d beta=2.1175; 120d max drawdown=-0.6808; 60d downside vol=2.2709; 60d down capture=3.7074; high_beta flag,ok,0,False,growth/high-beta theme keyword,False,,False,,asset=86.0; style=90.0; long_cycle=91.0; concentration=45.0; weights=30/25/35/10,86,90,91.0,45,True,False
159669,绿色电力ETF国泰,防御、红利、质量,unknown,research_only,2025-03-03,2026-07-06,327,-0.109677,-0.034121,0.033708,0.210875,0.241953,0.232355,0.536116,0.478349,-0.155318,-0.155318,0.182442,0.2835,0.52499,False,False,True,False,False,True,True,False,False,sector_concentrated,DIVIDEND,44.6175,BALANCED,42.0765,40.4625,CORE,15.847,44.6175,BALANCED,risk_score=44.62; 60d volatility=0.2420; 60d beta=0.5361; 120d max drawdown=-0.1553; 60d downside vol=0.1824; 60d down capture=0.5250,ok,0,False,dividend keyword,False,,False,,asset=28.0; style=30.0; long_cycle=50.8; concentration=68.0; weights=30/25/35/10,28,30,50.75,68,True,False
159671,稀有金属ETF工银,周期、资源、商品,unknown,research_only,2025-03-03,2026-07-06,327,0.037543,0.088046,0.167435,0.550945,0.454887,0.455205,1.638328,1.531037,-0.17834,-0.237647,0.265225,1.567121,1.785825,False,False,False,False,False,False,False,False,True,unknown,COMMODITY_CYCLICAL,76.8852,HIGH_BETA,85.7923,77.225,OFFENSIVE,82.2404,76.8852,HIGH_BETA,risk_score=76.89; 60d volatility=0.4549; 60d beta=1.6383; 120d max drawdown=-0.2376; 60d downside vol=0.2652; 60d down capture=1.7858; high_beta flag,ok,0,False,resource/commodity cyclical keyword,False,,False,,asset=72.0; style=82.0; long_cycle=87.5; concentration=45.0; weights=30/25/35/10,72,82,87.5,45,True,False
159697,石油ETF鹏华,周期、资源、商品,unknown,research_only,2025-03-03,2026-07-06,327,-0.059443,-0.161074,0.053963,0.252964,0.200434,0.344381,0.126105,0.181307,-0.192673,-0.326923,0.123805,-0.125543,0.548562,False,False,False,False,False,False,False,False,False,unknown,COMMODITY_CYCLICAL,37.4863,CORE,27.8689,63.8375,OFFENSIVE,56.2842,37.4863,CORE,risk_score=37.49; 60d volatility=0.2004; 60d beta=0.1261; 120d max drawdown=-0.3269; 60d downside vol=0.1238; 60d down capture=0.5486,ok,0,False,resource/commodity cyclical keyword,False,,False,,asset=72.0; style=75.0; long_cycle=54.2; concentration=45.0; weights=30/25/35/10,72,75,54.25,45,True,False
159699,恒生消费ETF广发,跨境与港股,unknown,research_only,2025-03-03,2026-07-06,327,-0.025698,-0.084995,-0.119192,0.224539,0.18508,0.20437,0.16972,0.403892,-0.139202,-0.244385,0.109843,0.03328,0.352839,False,False,False,False,False,False,False,False,False,qdii_observation,QDII_OBSERVATION,30.1093,DEFENSIVE,18.0328,54.6625,BALANCED,42.623,30.1093,DEFENSIVE,risk_score=30.11; 60d volatility=0.1851; 60d beta=0.1697; 120d max drawdown=-0.2444; 60d downside vol=0.1098; 60d down capture=0.3528,ok,0,False,QDII or cross-border name/group,False,,False,,asset=58.0; style=60.0; long_cycle=50.8; concentration=45.0; weights=30/25/35/10,58,60,50.75,45,True,False
159703,新材料ETF天弘,周期、资源、商品,unknown,research_only,2025-03-03,2026-07-06,327,0.106029,0.263658,0.281928,0.477004,0.346332,0.311297,1.339133,1.178496,-0.106238,-0.113006,0.228154,1.463461,1.176201,False,False,False,False,False,False,False,False,True,unknown,COMMODITY_CYCLICAL,57.8962,OFFENSIVE,63.9344,71.625,OFFENSIVE,69.9454,57.8962,OFFENSIVE,risk_score=57.90; 60d volatility=0.3463; 60d beta=1.3391; 120d max drawdown=-0.1130; 60d downside vol=0.2282; 60d down capture=1.1762; high_beta flag,ok,0,False,resource/commodity cyclical keyword,False,,False,,asset=72.0; style=82.0; long_cycle=71.5; concentration=45.0; weights=30/25/35/10,72,82,71.5,45,True,False
159717,ESGETF鹏华,防御、红利、质量,unknown,research_only,2025-03-03,2026-07-06,327,-0.01275,0.054475,0.016886,0.270652,0.205282,0.188018,0.956004,0.870479,-0.064685,-0.08047,0.143503,0.895332,0.987482,False,False,True,False,False,True,True,False,False,sector_concentrated,DIVIDEND,39.8361,CORE,32.2404,42.475,CORE,21.0383,39.8361,CORE,risk_score=39.84; 60d volatility=0.2053; 60d beta=0.9560; 120d max drawdown=-0.0805; 60d downside vol=0.1435; 60d down capture=0.9875,ok,0,False,dividend keyword,False,,False,,asset=28.0; style=30.0; long_cycle=56.5; concentration=68.0; weights=30/25/35/10,28,30,56.5,68,True,False
159726,港股通高股息ETF华夏,防御、红利、质量,unknown,research_only,2025-03-03,2026-07-06,327,-0.073692,-0.058427,-0.03084,0.198366,0.15781,0.167142,0.164756,0.378271,-0.131089,-0.135424,0.10028,0.036475,0.212646,False,False,False,False,False,True,True,False,False,qdii_observation,QDII_OBSERVATION,17.8689,DEFENSIVE,11.4754,43.1625,CORE,26.2295,17.8689,DEFENSIVE,risk_score=17.87; 60d volatility=0.1578; 60d beta=0.1648; 120d max drawdown=-0.1354; 60d downside vol=0.1003; 60d down capture=0.2126,ok,0,False,QDII or cross-border name/group,False,,False,,asset=58.0; style=35.0; long_cycle=35.8; concentration=45.0; weights=30/25/35/10,58,35,35.75,45,True,False
159732,消费电子ETF华夏,科技与新质生产力,unknown,research_only,2025-03-03,2026-07-06,327,0.084184,0.594747,0.532913,0.655347,0.496619,0.416396,1.943576,1.597577,-0.114583,-0.132184,0.282731,2.489911,1.582819,False,False,True,False,False,False,False,True,True,sector_concentrated,SECTOR_DEFENSIVE,76.0929,HIGH_BETA,84.153,71.175,OFFENSIVE,68.306,76.0929,HIGH_BETA,risk_score=76.09; 60d volatility=0.4966; 60d beta=1.9436; 120d max drawdown=-0.1322; 60d downside vol=0.2827; 60d down capture=1.5828; high_beta flag,ok,0,False,consumer/healthcare defensive sector keyword,False,,False,,asset=50.0; style=82.0; long_cycle=82.5; concentration=68.0; weights=30/25/35/10,50,82,82.5,68,True,False
159735,港股消费ETF银华,跨境与港股,unknown,research_only,2025-03-03,2026-07-06,327,-0.042336,-0.109905,-0.160051,0.26953,0.199981,0.22192,0.19558,0.41855,-0.173052,-0.282932,0.10651,0.06718,0.510364,False,False,False,False,False,False,False,False,False,qdii_observation,QDII_OBSERVATION,34.0437,CORE,24.0437,55.8875,BALANCED,43.7158,34.0437,CORE,risk_score=34.04; 60d volatility=0.2000; 60d beta=0.1956; 120d max drawdown=-0.2829; 60d downside vol=0.1065; 60d down capture=0.5104,ok,0,False,QDII or cross-border name/group,False,,False,,asset=58.0; style=60.0; long_cycle=54.2; concentration=45.0; weights=30/25/35/10,58,60,54.25,45,True,False
159736,食品ETF,消费医药,sector,trade_pool,2025-03-03,2026-07-06,327,-0.03413,-0.119751,-0.174927,0.180896,0.158604,0.195629,0.230011,0.382225,-0.165391,-0.237762,0.091992,-0.038786,0.343737,False,False,True,False,False,False,False,False,False,sector_concentrated,SECTOR_DEFENSIVE,33.0874,CORE,21.3115,49.8125,BALANCED,31.694,33.0874,CORE,risk_score=33.09; 60d volatility=0.1586; 60d beta=0.2300; 120d max drawdown=-0.2378; 60d downside vol=0.0920; 60d down capture=0.3437,ok,0,False,consumer/healthcare defensive sector keyword,False,,False,,asset=50.0; style=48.0; long_cycle=45.8; concentration=68.0; weights=30/25/35/10,50,48,45.75,68,True,False
159745,建材ETF国泰,周期、资源、商品,unknown,research_only,2025-03-03,2026-07-06,327,-0.070117,-0.137771,-0.144393,0.223855,0.1889,0.257707,0.50901,0.727888,-0.173913,-0.272127,0.127915,0.07992,0.716399,False,False,False,False,False,False,False,False,False,unknown,COMMODITY_CYCLICAL,39.9454,CORE,32.7869,67.6,OFFENSIVE,62.2951,39.9454,CORE,risk_score=39.95; 60d volatility=0.1889; 60d beta=0.5090; 120d max drawdown=-0.2721; 60d downside vol=0.1279; 60d down capture=0.7164,ok,0,False,resource/commodity cyclical keyword,False,,False,,asset=72.0; style=75.0; long_cycle=65.0; concentration=45.0; weights=30/25/35/10,72,75,65.0,45,True,False
159755,电池ETF,新能源制造,commodity_resource,trade_pool,2025-03-03,2026-07-06,327,-0.009302,0.014286,-0.004673,0.412015,0.354976,0.301604,1.256506,0.963409,-0.181102,-0.181102,0.207424,1.091434,1.426902,False,False,True,True,False,False,False,True,True,theme_concentrated,COMMODITY_CYCLICAL,68.2514,OFFENSIVE,75.4098,75.125,OFFENSIVE,74.8634,68.2514,OFFENSIVE,risk_score=68.25; 60d volatility=0.3550; 60d beta=1.2565; 120d max drawdown=-0.1811; 60d downside vol=0.2074; 60d down capture=1.4269; high_beta flag,ok,0,False,resource/commodity cyclical keyword,False,,False,,asset=72.0; style=82.0; long_cycle=71.5; concentration=80.0; weights=30/25/35/10,72,82,71.5,80,True,False
159758,红利质量ETF华夏,防御、红利、质量,unknown,research_only,2025-03-03,2026-07-06,327,0.037629,0.054493,0.077148,0.21299,0.190716,0.204255,0.679571,0.811831,-0.103596,-0.103596,0.111113,0.688413,0.797305,False,False,True,False,False,True,True,False,False,sector_concentrated,DIVIDEND,33.9891,CORE,23.224,42.475,CORE,21.0383,33.9891,CORE,risk_score=33.99; 60d volatility=0.1907; 60d beta=0.6796; 120d max drawdown=-0.1036; 60d downside vol=0.1111; 60d down capture=0.7973,ok,0,False,dividend keyword,False,,False,,asset=28.0; style=30.0; long_cycle=56.5; concentration=68.0; weights=30/25/35/10,28,30,56.5,68,True,False
159763,新材料ETF建信,周期、资源、商品,unknown,research_only,2025-03-03,2026-07-06,327,0.104516,0.264402,0.285285,0.477642,0.343647,0.309567,1.33898,1.177573,-0.105327,-0.11421,0.224015,1.45892,1.135563,False,False,False,False,False,False,False,False,True,unknown,COMMODITY_CYCLICAL,57.4317,OFFENSIVE,62.2951,71.625,OFFENSIVE,69.9454,57.4317,OFFENSIVE,risk_score=57.43; 60d volatility=0.3436; 60d beta=1.3390; 120d max drawdown=-0.1142; 60d downside vol=0.2240; 60d down capture=1.1356; high_beta flag,ok,0,False,resource/commodity cyclical keyword,False,,False,,asset=72.0; style=82.0; long_cycle=71.5; concentration=45.0; weights=30/25/35/10,72,82,71.5,45,True,False
159766,旅游ETF,消费医药,sector,trade_pool,2025-03-03,2026-07-06,327,-0.055838,-0.168405,-0.31026,0.276914,0.246021,0.258406,0.46442,0.468146,-0.225392,-0.351254,0.112751,0.025445,0.676795,False,False,True,False,False,False,False,False,False,sector_concentrated,SECTOR_DEFENSIVE,50.3825,BALANCED,50.8197,54.5375,BALANCED,42.0765,50.3825,BALANCED,risk_score=50.38; 60d volatility=0.2460; 60d beta=0.4644; 120d max drawdown=-0.3513; 60d downside vol=0.1128; 60d down capture=0.6768,ok,0,False,consumer/healthcare defensive sector keyword,False,,False,,asset=50.0; style=48.0; long_cycle=59.2; concentration=68.0; weights=30/25/35/10,50,48,59.25,68,True,False
159770,机器人ETF,科技与新质生产力,theme,observe_pool,2025-03-03,2026-07-06,327,-0.004988,0.272051,0.134597,0.470742,0.378974,0.328356,0.878224,0.864449,-0.10899,-0.196918,0.217232,1.24793,0.820305,False,False,False,True,False,False,False,True,True,theme_concentrated,HIGH_BETA_THEME,65.0,OFFENSIVE,68.306,79.575,OFFENSIVE,86.3388,65.0,OFFENSIVE,risk_score=65.00; 60d volatility=0.3790; 60d beta=0.8782; 120d max drawdown=-0.1969; 60d downside vol=0.2172; 60d down capture=0.8203; high_beta flag,ok,0,False,growth/high-beta theme keyword,False,,False,,asset=86.0; style=90.0; long_cycle=66.5; concentration=80.0; weights=30/25/35/10,86,90,66.5,80,True,False
159787,建材ETF易方达,周期、资源、商品,unknown,research_only,2025-03-03,2026-07-06,327,-0.069803,-0.135402,-0.142657,0.237126,0.194667,0.252289,0.501565,0.708362,-0.173261,-0.266344,0.122945,0.042398,0.626306,False,False,False,False,False,False,False,False,False,unknown,COMMODITY_CYCLICAL,38.4973,CORE,28.9617,65.5875,OFFENSIVE,58.4699,38.4973,CORE,risk_score=38.50; 60d volatility=0.1947; 60d beta=0.5016; 120d max drawdown=-0.2663; 60d downside vol=0.1229; 60d down capture=0.6263,ok,0,False,resource/commodity cyclical keyword,False,,False,,asset=72.0; style=75.0; long_cycle=59.2; concentration=45.0; weights=30/25/35/10,72,75,59.25,45,True,False
159791,300ESGETF华夏,防御、红利、质量,unknown,research_only,2025-03-03,2026-07-06,327,0.011364,0.098765,0.056621,0.249062,0.18435,0.166065,0.876961,0.793442,-0.047264,-0.071681,0.144059,0.863456,0.795839,False,False,True,False,False,True,True,False,False,sector_concentrated,DIVIDEND,35.2732,CORE,25.6831,38.7125,CORE,13.1148,35.2732,CORE,risk_score=35.27; 60d volatility=0.1844; 60d beta=0.8770; 120d max drawdown=-0.0717; 60d downside vol=0.1441; 60d down capture=0.7958,ok,0,False,dividend keyword,False,,False,,asset=28.0; style=30.0; long_cycle=45.8; concentration=68.0; weights=30/25/35/10,28,30,45.75,68,True,False
159795,智能汽车ETF汇添富,科技与新质生产力,unknown,research_only,2025-03-03,2026-07-06,327,-0.012922,0.025826,-0.090659,0.3754,0.305635,0.287272,1.110476,1.062097,-0.14,-0.212323,0.186371,1.057302,1.380847,False,False,False,False,False,False,False,True,False,unknown,GROWTH_THEME,59.8907,OFFENSIVE,65.5738,70.725,OFFENSIVE,67.2131,59.8907,OFFENSIVE,risk_score=59.89; 60d volatility=0.3056; 60d beta=1.1105; 120d max drawdown=-0.2123; 60d downside vol=0.1864; 60d down capture=1.3808,ok,0,False,growth/high-beta theme keyword,False,,False,,asset=74.0; style=76.0; long_cycle=71.5; concentration=45.0; weights=30/25/35/10,74,76,71.5,45,True,False
159797,医疗器械ETF汇添富,医药与消费升级,unknown,research_only,2025-03-03,2026-07-06,327,-0.02071,-0.100543,-0.113788,0.302703,0.214167,0.241642,0.474243,0.733832,-0.192358,-0.278824,0.138656,0.222256,0.653178,False,False,True,False,False,False,False,False,False,sector_concentrated,SECTOR_DEFENSIVE,47.7869,BALANCED,48.0874,52.7875,BALANCED,38.2514,47.7869,BALANCED,risk_score=47.79; 60d volatility=0.2142; 60d beta=0.4742; 120d max drawdown=-0.2788; 60d downside vol=0.1387; 60d down capture=0.6532,ok,0,False,consumer/healthcare defensive sector keyword,False,,False,,asset=50.0; style=48.0; long_cycle=54.2; concentration=68.0; weights=30/25/35/10,50,48,54.25,68,True,False
159806,新能源车电池ETF,新能源制造,commodity_resource,trade_pool,2025-03-03,2026-07-06,327,-0.017073,0.029374,-0.011043,0.415203,0.348201,0.300074,1.160051,0.966924,-0.190031,-0.190031,0.21155,1.071791,1.345018,False,False,True,True,False,False,False,True,False,theme_concentrated,COMMODITY_CYCLICAL,67.7322,OFFENSIVE,74.8634,73.375,OFFENSIVE,72.4044,67.7322,OFFENSIVE,risk_score=67.73; 60d volatility=0.3482; 60d beta=1.1601; 120d max drawdown=-0.1900; 60d downside vol=0.2115; 60d down capture=1.3450,ok,0,False,resource/commodity cyclical keyword,False,,False,,asset=72.0; style=75.0; long_cycle=71.5; concentration=80.0; weights=30/25/35/10,72,75,71.5,80,True,False
159819,人工智能ETF,科技成长,theme,trade_pool,2025-03-03,2026-07-06,327,0.035348,0.384247,0.319191,0.574349,0.457166,0.3962,1.951915,1.564676,-0.09927,-0.158451,0.253199,2.345949,1.973579,False,False,False,True,False,False,False,True,True,theme_concentrated,HIGH_BETA_THEME,78.6612,HIGH_BETA,87.9781,86.925,HIGH_BETA,98.0874,78.6612,HIGH_BETA,risk_score=78.66; 60d volatility=0.4572; 60d beta=1.9519; 120d max drawdown=-0.1585; 60d downside vol=0.2532; 60d down capture=1.9736; high_beta flag,ok,0,False,growth/high-beta theme keyword,False,,False,,asset=86.0; style=90.0; long_cycle=87.5; concentration=80.0; weights=30/25/35/10,86,90,87.5,80,True,False
159825,农业ETF,周期资源,commodity_resource,trade_pool,2025-03-03,2026-07-06,327,0.009943,-0.150538,-0.146459,0.294248,0.22832,0.237959,0.256047,0.435622,-0.24478,-0.29316,0.100595,0.057827,0.618953,False,False,True,False,False,False,False,False,False,sector_concentrated,COMMODITY_CYCLICAL,44.3169,BALANCED,40.9836,66.1375,OFFENSIVE,59.0164,44.3169,BALANCED,risk_score=44.32; 60d volatility=0.2283; 60d beta=0.2560; 120d max drawdown=-0.2932; 60d downside vol=0.1006; 60d down capture=0.6190,ok,0,False,resource/commodity cyclical keyword,False,,False,,asset=72.0; style=75.0; long_cycle=54.2; concentration=68.0; weights=30/25/35/10,72,75,54.25,68,True,False
159835,建信创新药ETF,医药与消费升级,theme,observe_pool,2025-03-03,2026-07-06,327,0.202487,0.028875,0.043143,0.410096,0.298859,0.289581,0.319907,0.638007,-0.188791,-0.225352,0.119096,0.390403,0.299762,False,False,True,True,False,False,False,True,False,theme_concentrated,SECTOR_DEFENSIVE,47.4044,BALANCED,46.9945,52.7625,BALANCED,36.612,47.4044,BALANCED,risk_score=47.40; 60d volatility=0.2989; 60d beta=0.3199; 120d max drawdown=-0.2254; 60d downside vol=0.1191; 60d down capture=0.2998,ok,0,False,consumer/healthcare defensive sector keyword,False,,False,,asset=50.0; style=48.0; long_cycle=50.8; concentration=80.0; weights=30/25/35/10,50,48,50.75,80,True,False
159840,锂电池ETF工银,周期、资源、商品,unknown,research_only,2025-03-03,2026-07-06,327,-0.012731,0.014269,-0.002339,0.429088,0.356218,0.30573,1.266019,0.989106,-0.179764,-0.179764,0.210584,1.098343,1.433276,False,False,False,True,False,False,False,False,True,theme_concentrated,COMMODITY_CYCLICAL,67.6503,OFFENSIVE,74.3169,75.125,OFFENSIVE,74.8634,67.6503,OFFENSIVE,risk_score=67.65; 60d volatility=0.3562; 60d beta=1.2660; 120d max drawdown=-0.1798; 60d downside vol=0.2106; 60d down capture=1.4333; high_beta flag,ok,0,False,resource/commodity cyclical keyword,False,,False,,asset=72.0; style=82.0; long_cycle=71.5; concentration=80.0; weights=30/25/35/10,72,82,71.5,80,True,False
159857,光伏ETF,新能源制造,commodity_resource,trade_pool,2025-03-03,2026-07-06,327,-0.100451,-0.046651,-0.025672,0.394456,0.316992,0.349278,1.209428,0.944613,-0.182564,-0.206965,0.238406,0.94276,1.456062,False,False,True,True,False,False,False,True,True,theme_concentrated,COMMODITY_CYCLICAL,71.3661,HIGH_BETA,80.3279,75.125,OFFENSIVE,74.8634,71.3661,HIGH_BETA,risk_score=71.37; 60d volatility=0.3170; 60d beta=1.2094; 120d max drawdown=-0.2070; 60d downside vol=0.2384; 60d down capture=1.4561; high_beta flag,ok,0,False,resource/commodity cyclical keyword,False,,False,,asset=72.0; style=82.0; long_cycle=71.5; concentration=80.0; weights=30/25/35/10,72,82,71.5,80,True,False
159858,南方创新药ETF,医药与消费升级,theme,observe_pool,2025-03-03,2026-07-06,327,0.205527,0.041791,0.055976,0.428966,0.313568,0.295338,0.343947,0.636054,-0.185879,-0.215278,0.135264,0.465661,0.33357,False,False,True,True,False,False,False,True,False,theme_concentrated,SECTOR_DEFENSIVE,50.6284,BALANCED,51.9126,54.5125,BALANCED,40.7104,50.6284,BALANCED,risk_score=50.63; 60d volatility=0.3136; 60d beta=0.3439; 120d max drawdown=-0.2153; 60d downside vol=0.1353; 60d down capture=0.3336,ok,0,False,consumer/healthcare defensive sector keyword,False,,False,,asset=50.0; style=48.0; long_cycle=55.8; concentration=80.0; weights=30/25/35/10,50,48,55.75,80,True,False
159865,养殖ETF,周期资源,commodity_resource,trade_pool,2025-03-03,2026-07-06,327,0.034749,-0.12275,-0.150555,0.33065,0.255304,0.244844,0.120045,0.328775,-0.246057,-0.283358,0.104252,0.018346,0.466162,False,False,True,False,False,False,False,False,False,sector_concentrated,COMMODITY_CYCLICAL,43.1694,CORE,39.3443,64.3875,OFFENSIVE,56.8306,43.1694,CORE,risk_score=43.17; 60d volatility=0.2553; 60d beta=0.1200; 120d max drawdown=-0.2834; 60d downside vol=0.1043; 60d down capture=0.4662,ok,0,False,resource/commodity cyclical keyword,False,,False,,asset=72.0; style=75.0; long_cycle=49.2; concentration=68.0; weights=30/25/35/10,72,75,49.25,68,True,False
159869,游戏ETF,科技成长,theme,trade_pool,2025-03-03,2026-07-06,327,-0.018717,-0.138498,-0.235417,0.323874,0.312113,0.352658,0.861686,0.97847,-0.228381,-0.385882,0.155745,0.485499,1.218613,False,False,False,True,False,False,False,True,False,theme_concentrated,GROWTH_THEME,66.5847,OFFENSIVE,72.6776,76.7625,OFFENSIVE,80.0546,66.5847,OFFENSIVE,risk_score=66.58; 60d volatility=0.3121; 60d beta=0.8617; 120d max drawdown=-0.3859; 60d downside vol=0.1557; 60d down capture=1.2186,ok,0,False,growth/high-beta theme keyword,False,,False,,asset=74.0; style=76.0; long_cycle=78.8; concentration=80.0; weights=30/25/35/10,74,76,78.75,80,True,False
159870,化工ETF,周期、资源、商品,commodity_resource,observe_pool,2025-03-03,2026-07-06,327,0.055147,-0.026018,0.044903,0.422707,0.311947,0.318851,0.848414,0.835871,-0.182851,-0.19368,0.17439,0.643074,0.944069,False,False,True,False,False,False,False,False,False,sector_concentrated,COMMODITY_CYCLICAL,56.4208,BALANCED,59.0164,70.425,OFFENSIVE,65.847,56.4208,BALANCED,risk_score=56.42; 60d volatility=0.3119; 60d beta=0.8484; 120d max drawdown=-0.1937; 60d downside vol=0.1744; 60d down capture=0.9441,ok,0,False,resource/commodity cyclical keyword,False,,False,,asset=72.0; style=75.0; long_cycle=66.5; concentration=68.0; weights=30/25/35/10,72,75,66.5,68,True,False
159876,有色金属ETF,周期资源,commodity_resource,trade_pool,2025-03-03,2026-07-06,327,-0.026183,-0.061165,-0.029116,0.562444,0.441648,0.480839,1.648886,1.664781,-0.191176,-0.303797,0.304488,1.383825,2.017931,False,False,True,False,False,False,False,False,True,sector_concentrated,COMMODITY_CYCLICAL,87.1038,HIGH_BETA,95.6284,80.75,HIGH_BETA,88.2514,87.1038,HIGH_BETA,risk_score=87.10; 60d volatility=0.4416; 60d beta=1.6489; 120d max drawdown=-0.3038; 60d downside vol=0.3045; 60d down capture=2.0179; high_beta flag,ok,0,False,resource/commodity cyclical keyword,False,,False,,asset=72.0; style=82.0; long_cycle=91.0; concentration=68.0; weights=30/25/35/10,72,82,91.0,68,True,False
159883,医疗器械ETF永赢,医药与消费升级,unknown,research_only,2025-03-03,2026-07-06,327,-0.013699,-0.098121,-0.112936,0.261924,0.200351,0.237657,0.444016,0.734709,-0.186235,-0.274368,0.114364,0.234939,0.655492,False,False,True,False,False,False,False,False,False,sector_concentrated,SECTOR_DEFENSIVE,43.9344,BALANCED,40.4372,52.7875,BALANCED,38.2514,43.9344,BALANCED,risk_score=43.93; 60d volatility=0.2004; 60d beta=0.4440; 120d max drawdown=-0.2744; 60d downside vol=0.1144; 60d down capture=0.6555,ok,0,False,consumer/healthcare defensive sector keyword,False,,False,,asset=50.0; style=48.0; long_cycle=54.2; concentration=68.0; weights=30/25/35/10,50,48,54.25,68,True,False
159888,智能汽车ETF华夏,科技与新质生产力,unknown,research_only,2025-03-03,2026-07-06,327,-0.011054,0.030115,-0.090696,0.370088,0.300124,0.28594,1.085788,1.06557,-0.137178,-0.211538,0.175812,1.027095,1.335805,False,False,False,False,False,False,False,True,False,unknown,GROWTH_THEME,57.5956,OFFENSIVE,62.8415,70.725,OFFENSIVE,67.2131,57.5956,OFFENSIVE,risk_score=57.60; 60d volatility=0.3001; 60d beta=1.0858; 120d max drawdown=-0.2115; 60d downside vol=0.1758; 60d down capture=1.3358,ok,0,False,growth/high-beta theme keyword,False,,False,,asset=74.0; style=76.0; long_cycle=71.5; concentration=45.0; weights=30/25/35/10,74,76,71.5,45,True,False
159889,智能汽车ETF国泰,科技与新质生产力,unknown,research_only,2025-03-03,2026-07-06,327,-0.009901,0.02459,-0.093382,0.354909,0.292214,0.284201,0.991417,1.027239,-0.138211,-0.212221,0.169836,0.939975,1.240863,False,False,False,False,False,False,False,True,False,unknown,GROWTH_THEME,55.4918,BALANCED,57.377,70.725,OFFENSIVE,67.2131,55.4918,BALANCED,risk_score=55.49; 60d volatility=0.2922; 60d beta=0.9914; 120d max drawdown=-0.2122; 60d downside vol=0.1698; 60d down capture=1.2409,ok,0,False,growth/high-beta theme keyword,False,,False,,asset=74.0; style=76.0; long_cycle=71.5; concentration=45.0; weights=30/25/35/10,74,76,71.5,45,True,False
159898,医疗器械ETF招商,医药与消费升级,unknown,research_only,2025-03-03,2026-07-06,327,-0.014403,-0.087619,-0.104673,0.275998,0.208677,0.237831,0.505655,0.740335,-0.18315,-0.265239,0.126903,0.284063,0.675159,False,False,True,False,False,False,False,False,False,sector_concentrated,SECTOR_DEFENSIVE,46.2842,BALANCED,45.3552,52.7875,BALANCED,38.2514,46.2842,BALANCED,risk_score=46.28; 60d volatility=0.2087; 60d beta=0.5057; 120d max drawdown=-0.2652; 60d downside vol=0.1269; 60d down capture=0.6752,ok,0,False,consumer/healthcare defensive sector keyword,False,,False,,asset=50.0; style=48.0; long_cycle=54.2; concentration=68.0; weights=30/25/35/10,50,48,54.25,68,True,False
159901,深100ETF,宽基,broad_index,trade_pool,2025-03-03,2026-07-06,327,-0.013812,0.165974,0.137601,0.371389,0.289604,0.238534,1.359258,1.09057,-0.067744,-0.067744,0.181804,1.411817,1.362848,True,False,False,False,False,False,False,True,True,broad_base,CORE_MID_CAP,51.612,BALANCED,54.0984,56.5125,BALANCED,45.9016,51.612,BALANCED,risk_score=51.61; 60d volatility=0.2896; 60d beta=1.3593; 120d max drawdown=-0.0677; 60d downside vol=0.1818; 60d down capture=1.3628; high_beta flag,ok,0,False,mid/small broad index keyword,False,,False,,asset=45.0; style=82.0; long_cycle=55.8; concentration=30.0; weights=30/25/35/10,45,82,55.75,30,True,False
159905,深红利ETF,防御风格,sector,trade_pool,2025-03-03,2026-07-06,327,-0.01879,-0.056998,-0.074238,0.187755,0.157504,0.175265,0.570131,0.63658,-0.127957,-0.163918,0.108411,0.376187,0.682042,False,False,True,False,False,True,False,False,False,sector_concentrated,DIVIDEND,34.2896,CORE,24.5902,40.4625,CORE,15.847,34.2896,CORE,risk_score=34.29; 60d volatility=0.1575; 60d beta=0.5701; 120d max drawdown=-0.1639; 60d downside vol=0.1084; 60d down capture=0.6820,ok,0,False,dividend keyword,False,,False,,asset=28.0; style=30.0; long_cycle=50.8; concentration=68.0; weights=30/25/35/10,28,30,50.75,68,True,False
159915,创业板ETF,宽基,broad_index,trade_pool,2022-01-04,2026-07-06,1089,-0.00176,0.259917,0.246077,0.47551,0.37833,0.315238,1.718303,1.36573,-0.096701,-0.096701,0.217812,1.844432,1.625203,True,False,False,False,False,False,False,True,True,broad_base,CORE_MID_CAP,63.8251,OFFENSIVE,66.6667,63.25,OFFENSIVE,53.5519,63.8251,OFFENSIVE,risk_score=63.83; 60d volatility=0.3783; 60d beta=1.7183; 120d max drawdown=-0.0967; 60d downside vol=0.2178; 60d down capture=1.6252; high_beta flag,ok,0,False,mid/small broad index keyword,False,,False,,asset=45.0; style=82.0; long_cycle=75.0; concentration=30.0; weights=30/25/35/10,45,82,75.0,30,True,False
159920,恒生ETF,QDII观察,qdii,observe_pool,2025-03-03,2026-07-06,327,-0.053705,-0.066398,-0.10367,0.212143,0.176017,0.194111,0.469735,0.648031,-0.14377,-0.204748,0.088823,0.363449,0.711918,False,False,False,False,False,False,False,False,False,qdii_observation,QDII_OBSERVATION,30.2732,DEFENSIVE,18.5792,56.675,BALANCED,46.4481,30.2732,DEFENSIVE,risk_score=30.27; 60d volatility=0.1760; 60d beta=0.4697; 120d max drawdown=-0.2047; 60d downside vol=0.0888; 60d down capture=0.7119,ok,0,False,QDII or cross-border name/group,False,,False,,asset=58.0; style=60.0; long_cycle=56.5; concentration=45.0; weights=30/25/35/10,58,60,56.5,45,True,False
159928,消费ETF,消费医药,sector,trade_pool,2025-03-03,2026-07-06,327,-0.027356,-0.14094,-0.192938,0.233567,0.184629,0.19625,0.234723,0.366702,-0.203435,-0.254635,0.092222,-0.049188,0.42336,False,False,True,False,False,False,False,False,False,sector_concentrated,SECTOR_DEFENSIVE,36.4754,CORE,26.2295,51.0375,BALANCED,33.3333,36.4754,CORE,risk_score=36.48; 60d volatility=0.1846; 60d beta=0.2347; 120d max drawdown=-0.2546; 60d downside vol=0.0922; 60d down capture=0.4234,ok,0,False,consumer/healthcare defensive sector keyword,False,,False,,asset=50.0; style=48.0; long_cycle=49.2; concentration=68.0; weights=30/25/35/10,50,48,49.25,68,True,False
159929,医药ETF,消费医药,sector,trade_pool,2025-03-03,2026-07-06,327,0.105085,-0.019549,-0.022489,0.329707,0.235194,0.230294,0.321189,0.593602,-0.146972,-0.202899,0.111575,0.277673,0.350458,False,False,True,False,False,False,False,False,False,sector_concentrated,SECTOR_DEFENSIVE,39.3443,CORE,29.5082,51.5625,BALANCED,35.7923,39.3443,CORE,risk_score=39.34; 60d volatility=0.2352; 60d beta=0.3212; 120d max drawdown=-0.2029; 60d downside vol=0.1116; 60d down capture=0.3505,ok,0,False,consumer/healthcare defensive sector keyword,False,,False,,asset=50.0; style=48.0; long_cycle=50.8; concentration=68.0; weights=30/25/35/10,50,48,50.75,68,True,False
159930,能源ETF,周期资源,commodity_resource,trade_pool,2025-03-03,2026-07-06,327,-0.108866,-0.094641,0.085441,0.306931,0.266709,0.323781,-0.193764,-0.062007,-0.190187,-0.237675,0.170577,-0.35352,-0.079324,False,False,True,False,False,False,False,False,False,sector_concentrated,COMMODITY_CYCLICAL,41.0383,CORE,34.9727,63.1625,OFFENSIVE,53.0055,41.0383,CORE,risk_score=41.04; 60d volatility=0.2667; 60d beta=-0.1938; 120d max drawdown=-0.2377; 60d downside vol=0.1706; 60d down capture=-0.0793,ok,0,False,resource/commodity cyclical keyword,False,,False,,asset=72.0; style=75.0; long_cycle=45.8; concentration=68.0; weights=30/25/35/10,72,75,45.75,68,True,False
159940,金融ETF,金融地产,sector,trade_pool,2025-03-03,2026-07-06,327,0.02698,0.012876,-0.090909,0.278471,0.187996,0.174818,0.377241,0.471449,-0.063584,-0.153731,0.118119,0.238034,0.200803,False,False,True,False,False,False,False,False,False,sector_concentrated,SECTOR_CYCLICAL,31.4481,CORE,20.2186,59.6125,BALANCED,48.0874,31.4481,CORE,risk_score=31.45; 60d volatility=0.1880; 60d beta=0.3772; 120d max drawdown=-0.1537; 60d downside vol=0.1181; 60d down capture=0.2008,ok,0,False,sector flag fallback,False,,False,,asset=66.0; style=68.0; long_cycle=45.8; concentration=68.0; weights=30/25/35/10,66,68,45.75,68,True,False
159941,纳指ETF,QDII观察,qdii,observe_pool,2025-03-03,2026-07-06,327,-0.00975,0.265576,0.150035,0.367666,0.316268,0.268939,0.943271,0.86324,-0.110544,-0.125175,0.186029,0.968871,0.434544,False,False,False,False,False,False,False,False,False,qdii_observation,QDII_OBSERVATION,45.0,BALANCED,43.1694,56.4125,BALANCED,44.8087,45.0,BALANCED,risk_score=45.00; 60d volatility=0.3163; 60d beta=0.9433; 120d max drawdown=-0.1252; 60d downside vol=0.1860; 60d down capture=0.4345,ok,0,False,QDII or cross-border name/group,False,,False,,asset=58.0; style=60.0; long_cycle=55.8; concentration=45.0; weights=30/25/35/10,58,60,55.75,45,True,False
159949,创业板50ETF,宽基,broad_index,trade_pool,2025-03-03,2026-07-06,327,-0.025947,0.258887,0.233246,0.506189,0.405466,0.335863,1.826577,1.43097,-0.11253,-0.11253,0.236875,1.933537,1.739669,True,False,False,False,False,False,False,True,True,broad_base,CORE_MID_CAP,67.5683,OFFENSIVE,73.7705,64.5625,OFFENSIVE,57.377,67.5683,OFFENSIVE,risk_score=67.57; 60d volatility=0.4055; 60d beta=1.8266; 120d max drawdown=-0.1125; 60d downside vol=0.2369; 60d down capture=1.7397; high_beta flag,ok,0,False,mid/small broad index keyword,False,,False,,asset=45.0; style=82.0; long_cycle=78.8; concentration=30.0; weights=30/25/35/10,45,82,78.75,30,True,False
159954,恒生中国企业ETF南方,防御、红利、质量,unknown,research_only,2025-03-03,2026-07-06,327,-0.075922,-0.087794,-0.154762,0.258247,0.21778,0.217595,0.534501,0.694229,-0.176234,-0.241187,0.121854,0.376393,0.819582,False,False,False,False,False,True,True,False,False,qdii_observation,QDII_OBSERVATION,41.0109,CORE,34.4262,50.425,BALANCED,32.7869,41.0109,CORE,risk_score=41.01; 60d volatility=0.2178; 60d beta=0.5345; 120d max drawdown=-0.2412; 60d downside vol=0.1219; 60d down capture=0.8196,ok,0,False,QDII or cross-border name/group,False,,False,,asset=58.0; style=35.0; long_cycle=56.5; concentration=45.0; weights=30/25/35/10,58,35,56.5,45,True,False
159992,银华创新药ETF,医药与消费升级,theme,trade_pool,2025-03-03,2026-07-06,327,0.201657,0.032028,0.046931,0.424328,0.310531,0.29672,0.373153,0.66852,-0.188289,-0.221366,0.129525,0.465264,0.386687,False,False,True,True,False,False,False,True,False,theme_concentrated,SECTOR_DEFENSIVE,51.0656,BALANCED,53.5519,54.5125,BALANCED,40.7104,51.0656,BALANCED,risk_score=51.07; 60d volatility=0.3105; 60d beta=0.3732; 120d max drawdown=-0.2214; 60d downside vol=0.1295; 60d down capture=0.3867,ok,0,False,consumer/healthcare defensive sector keyword,False,,False,,asset=50.0; style=48.0; long_cycle=55.8; concentration=80.0; weights=30/25/35/10,50,48,55.75,80,True,False
159995,芯片ETF,科技成长,theme,trade_pool,2025-03-03,2026-07-06,327,0.252185,0.832521,0.737298,0.64703,0.554854,0.47437,2.02468,1.672887,-0.159149,-0.217118,0.351795,2.972555,1.747649,False,False,False,True,False,False,False,True,True,theme_concentrated,HIGH_BETA_THEME,87.9781,HIGH_BETA,96.7213,86.925,HIGH_BETA,98.0874,87.9781,HIGH_BETA,risk_score=87.98; 60d volatility=0.5549; 60d beta=2.0247; 120d max drawdown=-0.2171; 60d downside vol=0.3518; 60d down capture=1.7476; high_beta flag,ok,0,False,growth/high-beta theme keyword,False,,False,,asset=86.0; style=90.0; long_cycle=87.5; concentration=80.0; weights=30/25/35/10,86,90,87.5,80,True,False
159996,家电ETF,消费医药,sector,trade_pool,2025-03-03,2026-07-06,327,-0.004051,0.052068,-0.057508,0.178622,0.173837,0.182816,0.519214,0.566296,-0.101716,-0.147311,0.083635,0.555054,0.544801,False,False,True,False,False,False,False,False,False,sector_concentrated,SECTOR_DEFENSIVE,30.3552,DEFENSIVE,19.1257,49.8125,BALANCED,31.694,30.3552,DEFENSIVE,risk_score=30.36; 60d volatility=0.1738; 60d beta=0.5192; 120d max drawdown=-0.1473; 60d downside vol=0.0836; 60d down capture=0.5448,ok,0,False,consumer/healthcare defensive sector keyword,False,,False,,asset=50.0; style=48.0; long_cycle=45.8; concentration=68.0; weights=30/25/35/10,50,48,45.75,68,True,False
159997,电子ETF天弘,科技与新质生产力,unknown,research_only,2025-03-03,2026-07-06,327,0.140737,0.645266,0.555487,0.605104,0.486635,0.41528,1.98093,1.61748,-0.114176,-0.15708,0.299689,2.638475,1.724944,False,False,False,False,False,False,False,True,True,unknown,HIGH_BETA_THEME,75.0,HIGH_BETA,83.0601,83.425,HIGH_BETA,92.623,75.0,HIGH_BETA,risk_score=75.00; 60d volatility=0.4866; 60d beta=1.9809; 120d max drawdown=-0.1571; 60d downside vol=0.2997; 60d down capture=1.7249; high_beta flag,ok,0,False,growth/high-beta theme keyword,False,,False,,asset=86.0; style=90.0; long_cycle=87.5; concentration=45.0; weights=30/25/35/10,86,90,87.5,45,True,False
510050,上证50ETF,宽基,broad_index,trade_pool,2025-03-03,2026-07-06,327,0.036054,0.050345,-0.019002,0.241542,0.178798,0.166894,0.761469,0.748698,-0.071085,-0.113447,0.116754,0.742265,0.782968,True,False,False,False,False,False,False,False,False,broad_base,CORE_LARGE_CAP,30.9563,DEFENSIVE,19.6721,41.025,CORE,19.1257,30.9563,DEFENSIVE,risk_score=30.96; 60d volatility=0.1788; 60d beta=0.7615; 120d max drawdown=-0.1134; 60d downside vol=0.1168; 60d down capture=0.7830,ok,0,False,traditional large/core broad keyword,False,,False,,asset=35.0; style=38.0; long_cycle=51.5; concentration=30.0; weights=30/25/35/10,35,38,51.5,30,True,False
510060,央企ETF,防御、红利、质量,unknown,research_only,2025-03-03,2026-07-06,327,-0.015947,-0.007843,-0.054559,0.149655,0.108094,0.11235,0.307317,0.340836,-0.06333,-0.095238,0.070376,0.229578,0.33048,False,False,True,False,False,True,True,False,False,sector_concentrated,DIVIDEND,19.8361,DEFENSIVE,12.0219,34.775,CORE,10.6557,19.8361,DEFENSIVE,risk_score=19.84; 60d volatility=0.1081; 60d beta=0.3073; 120d max drawdown=-0.0952; 60d downside vol=0.0704; 60d down capture=0.3305,ok,0,False,dividend keyword,False,,False,,asset=28.0; style=30.0; long_cycle=34.5; concentration=68.0; weights=30/25/35/10,28,30,34.5,68,True,False
510180,上证180ETF,宽基,broad_index,trade_pool,2026-01-05,2026-07-06,120,0.025961,0.061193,,0.229885,0.180586,0.17263,0.839215,0.864473,-0.07431,-0.104142,0.122779,0.821647,0.868873,True,False,False,False,False,False,False,False,False,broad_base,CORE_LARGE_CAP,32.2131,CORE,20.765,42.775,CORE,24.5902,32.2131,CORE,risk_score=32.21; 60d volatility=0.1806; 60d beta=0.8392; 120d max drawdown=-0.1041; 60d downside vol=0.1228; 60d down capture=0.8689,ok,0,False,traditional large/core broad keyword,False,,False,,asset=35.0; style=38.0; long_cycle=56.5; concentration=30.0; weights=30/25/35/10,35,38,56.5,30,True,False
510230,金融ETF,金融地产,sector,trade_pool,2025-03-03,2026-07-06,327,0.012759,-0.001572,-0.10374,0.265582,0.180542,0.17196,0.223872,0.370599,-0.067939,-0.165984,0.115108,0.093714,0.047791,True,False,False,False,False,False,False,False,False,broad_base,CORE_MID_CAP,25.9563,DEFENSIVE,16.9399,42.2625,CORE,20.2186,25.9563,DEFENSIVE,risk_score=25.96; 60d volatility=0.1805; 60d beta=0.2239; 120d max drawdown=-0.1660; 60d downside vol=0.1151; 60d down capture=0.0478,ok,0,False,mid/small broad index keyword,False,,False,,asset=45.0; style=46.0; long_cycle=40.8; concentration=30.0; weights=30/25/35/10,45,46,40.75,30,True,False
510270,国企ETF,防御、红利、质量,unknown,research_only,2025-03-03,2026-07-06,327,0.018392,0.010818,-0.009934,0.206199,0.153106,0.160755,0.507189,0.594875,-0.050327,-0.093575,0.080304,0.404161,0.438535,False,False,True,False,False,True,True,False,False,sector_concentrated,DIVIDEND,24.5628,DEFENSIVE,15.3005,38.7125,CORE,13.1148,24.5628,DEFENSIVE,risk_score=24.56; 60d volatility=0.1531; 60d beta=0.5072; 120d max drawdown=-0.0936; 60d downside vol=0.0803; 60d down capture=0.4385,ok,0,False,dividend keyword,False,,False,,asset=28.0; style=30.0; long_cycle=45.8; concentration=68.0; weights=30/25/35/10,28,30,45.75,68,True,False
510300,沪深300ETF,宽基,broad_index,trade_pool,2022-01-04,2026-07-06,1089,0.00702,0.096941,0.053348,0.263944,0.201918,0.193393,1.0,1.0,-0.055412,-0.09941,0.141156,1.0,1.0,True,False,False,False,False,False,False,False,False,broad_base,CORE_LARGE_CAP,38.0328,CORE,28.4153,42.775,CORE,24.5902,38.0328,CORE,risk_score=38.03; 60d volatility=0.2019; 60d beta=1.0000; 120d max drawdown=-0.0994; 60d downside vol=0.1412; 60d down capture=1.0000,ok,0,False,traditional large/core broad keyword,False,,False,,asset=35.0; style=38.0; long_cycle=56.5; concentration=30.0; weights=30/25/35/10,35,38,56.5,30,True,False
510410,资源ETF,周期资源,commodity_resource,trade_pool,2025-03-03,2026-07-06,327,-0.031931,-0.047382,0.049451,0.329845,0.258518,0.350103,0.904557,1.035448,-0.108808,-0.201688,0.189602,0.735568,1.152973,False,False,True,False,False,False,False,False,False,sector_concentrated,COMMODITY_CYCLICAL,56.5574,OFFENSIVE,60.1093,73.4875,OFFENSIVE,73.7705,56.5574,OFFENSIVE,risk_score=56.56; 60d volatility=0.2585; 60d beta=0.9046; 120d max drawdown=-0.2017; 60d downside vol=0.1896; 60d down capture=1.1530,ok,0,False,resource/commodity cyclical keyword,False,,False,,asset=72.0; style=75.0; long_cycle=75.2; concentration=68.0; weights=30/25/35/10,72,75,75.25,68,True,False
510500,中证500ETF,宽基,broad_index,trade_pool,2026-01-05,2026-07-06,120,0.056482,0.154804,,0.320863,0.269489,0.270816,1.20001,1.213894,-0.104451,-0.140208,0.166115,1.273109,1.195926,True,False,False,False,False,False,False,False,True,broad_base,CORE_MID_CAP,52.1038,BALANCED,55.1913,62.025,OFFENSIVE,50.2732,52.1038,BALANCED,risk_score=52.10; 60d volatility=0.2695; 60d beta=1.2000; 120d max drawdown=-0.1402; 60d downside vol=0.1661; 60d down capture=1.1959; high_beta flag,ok,0,False,mid/small broad index keyword,False,,False,,asset=45.0; style=82.0; long_cycle=71.5; concentration=30.0; weights=30/25/35/10,45,82,71.5,30,True,False
510880,红利ETF,防御风格,sector,trade_pool,2026-01-05,2026-07-06,120,-0.069858,-0.043061,,0.210923,0.162493,0.184334,0.004662,0.154177,-0.128772,-0.137533,0.1051,-0.0928,0.029552,False,False,True,False,False,True,False,False,False,sector_concentrated,DIVIDEND,22.623,DEFENSIVE,14.2077,35.2125,CORE,11.4754,22.623,DEFENSIVE,risk_score=22.62; 60d volatility=0.1625; 60d beta=0.0047; 120d max drawdown=-0.1375; 60d downside vol=0.1051; 60d down capture=0.0296,ok,0,False,dividend keyword,False,,False,,asset=28.0; style=30.0; long_cycle=35.8; concentration=68.0; weights=30/25/35/10,28,30,35.75,68,True,False
511010,国债ETF,债券货币观察,bond_cash,observe_pool,2025-03-03,2026-07-06,327,-0.005279,0.002093,0.004688,0.022115,0.014267,0.01277,-0.008439,-0.01208,-0.006134,-0.006134,0.019723,-0.002121,-0.013862,False,False,False,False,True,False,True,False,False,bond_cash,BOND,6.4754,DEFENSIVE,4.3716,9.75,DEFENSIVE,4.0984,6.4754,DEFENSIVE,risk_score=6.48; 60d volatility=0.0143; 60d beta=-0.0084; 120d max drawdown=-0.0061; 60d downside vol=0.0197; 60d down capture=-0.0139; bond/cash structural low-risk constraint,ok,0,False,bond/cash asset type,False,,False,,asset=8.0; style=8.0; long_cycle=13.0; concentration=8.0; weights=30/25/35/10,8,8,13.0,8,True,False
511030,公司债ETF,债券货币,bond_cash,observe_pool,2025-03-03,2026-07-06,327,-0.000213,0.005274,0.01138,0.00752,0.005069,0.005583,0.002294,-0.003848,-0.002701,-0.002701,0.006295,0.012033,-0.004726,False,False,False,False,True,False,True,False,False,bond_cash,BOND,6.8033,DEFENSIVE,4.918,9.75,DEFENSIVE,4.0984,6.8033,DEFENSIVE,risk_score=6.80; 60d volatility=0.0051; 60d beta=0.0023; 120d max drawdown=-0.0027; 60d downside vol=0.0063; 60d down capture=-0.0047; bond/cash structural low-risk constraint,ok,0,False,bond/cash asset type,False,,False,,asset=8.0; style=8.0; long_cycle=13.0; concentration=8.0; weights=30/25/35/10,8,8,13.0,8,True,False
511090,30年国债ETF,债券货币,bond_cash,observe_pool,2025-03-03,2026-07-06,327,-0.003517,0.018373,0.022459,0.040231,0.042776,0.045733,0.044926,0.016934,-0.015812,-0.02272,0.02641,0.075307,0.009294,False,False,False,False,True,False,True,False,False,bond_cash,BOND,9.6448,DEFENSIVE,7.6503,9.75,DEFENSIVE,4.0984,9.6448,DEFENSIVE,risk_score=9.64; 60d volatility=0.0428; 60d beta=0.0449; 120d max drawdown=-0.0227; 60d downside vol=0.0264; 60d down capture=0.0093; bond/cash structural low-risk constraint,ok,0,False,bond/cash asset type,False,,False,,asset=8.0; style=8.0; long_cycle=13.0; concentration=8.0; weights=30/25/35/10,8,8,13.0,8,True,False
511260,十年国债ETF,债券货币观察,bond_cash,observe_pool,2025-03-03,2026-07-06,327,-0.009032,0.002073,0.00758,0.033768,0.022257,0.019423,-0.004925,-0.010175,-0.010864,-0.010864,0.028794,0.001707,-0.009183,False,False,False,False,True,False,True,False,False,bond_cash,BOND,7.4044,DEFENSIVE,6.0109,9.75,DEFENSIVE,4.0984,7.4044,DEFENSIVE,risk_score=7.40; 60d volatility=0.0223; 60d beta=-0.0049; 120d max drawdown=-0.0109; 60d downside vol=0.0288; 60d down capture=-0.0092; bond/cash structural low-risk constraint,ok,0,False,bond/cash asset type,False,,False,,asset=8.0; style=8.0; long_cycle=13.0; concentration=8.0; weights=30/25/35/10,8,8,13.0,8,True,False
511360,短融ETF,债券货币观察,bond_cash,observe_pool,2025-03-03,2026-07-06,327,0.000801,0.003001,0.007152,0.001518,0.001261,0.001283,-0.001514,-0.001953,-0.000194,-0.000194,0.000895,0.003522,-0.006856,False,False,False,False,True,False,True,False,False,bond_cash,BOND,4.5902,DEFENSIVE,0.8197,9.75,DEFENSIVE,4.0984,4.5902,DEFENSIVE,risk_score=4.59; 60d volatility=0.0013; 60d beta=-0.0015; 120d max drawdown=-0.0002; 60d downside vol=0.0009; 60d down capture=-0.0069; bond/cash structural low-risk constraint,ok,0,False,bond/cash asset type,False,,False,,asset=8.0; style=8.0; long_cycle=13.0; concentration=8.0; weights=30/25/35/10,8,8,13.0,8,True,False
511380,可转债ETF,债券货币,bond_cash,observe_pool,2025-03-03,2026-07-06,327,0.005592,0.02402,0.026568,0.119304,0.133993,0.149698,0.412118,0.470965,-0.052566,-0.090536,0.054851,0.376039,0.468763,False,False,False,False,True,False,True,False,False,bond_cash,BOND,17.6776,DEFENSIVE,10.929,19.025,DEFENSIVE,8.1967,17.6776,DEFENSIVE,risk_score=17.68; 60d volatility=0.1340; 60d beta=0.4121; 120d max drawdown=-0.0905; 60d downside vol=0.0549; 60d down capture=0.4688; bond/cash structural low-risk constraint,ok,0,False,bond/cash asset type,False,,False,,asset=8.0; style=8.0; long_cycle=39.5; concentration=8.0; weights=30/25/35/10,8,8,39.5,8,True,False
511520,政金债ETF,债券货币,bond_cash,observe_pool,2025-03-03,2026-07-06,327,0.00084,0.011303,0.028279,0.016497,0.019667,0.016454,0.011063,0.000881,-0.006826,-0.006826,0.0118,0.027098,-0.016815,False,False,False,False,True,False,True,False,False,bond_cash,BOND,8.1148,DEFENSIVE,7.1038,9.75,DEFENSIVE,4.0984,8.1148,DEFENSIVE,risk_score=8.11; 60d volatility=0.0197; 60d beta=0.0111; 120d max drawdown=-0.0068; 60d downside vol=0.0118; 60d down capture=-0.0168; bond/cash structural low-risk constraint,ok,0,False,bond/cash asset type,False,,False,,asset=8.0; style=8.0; long_cycle=13.0; concentration=8.0; weights=30/25/35/10,8,8,13.0,8,True,False
511600,货币ETF,债券货币,bond_cash,research_only,2025-03-03,2026-07-06,327,-5e-05,0.0,-0.00011,0.000784,0.001999,0.003931,-0.000213,-0.002438,-0.000739,-0.001608,0.001712,-0.000405,-0.003064,False,False,False,False,True,False,True,False,False,bond_cash,BOND,5.9016,DEFENSIVE,3.2787,9.75,DEFENSIVE,4.0984,5.9016,DEFENSIVE,risk_score=5.90; 60d volatility=0.0020; 60d beta=-0.0002; 120d max drawdown=-0.0016; 60d downside vol=0.0017; 60d down capture=-0.0031; bond/cash structural low-risk constraint,ok,0,False,bond/cash asset type,False,,False,,asset=8.0; style=8.0; long_cycle=13.0; concentration=8.0; weights=30/25/35/10,8,8,13.0,8,True,False
511690,交易货币ETF大成,债券货币,bond_cash,research_only,2025-03-03,2026-07-06,327,-3e-05,0.0,-0.0001,0.000754,0.000706,0.000971,-0.000828,-0.000993,-0.00017,-0.00038,0.000591,-0.000608,-0.001008,False,False,False,False,True,False,True,False,False,bond_cash,BOND,4.7541,DEFENSIVE,1.9126,9.75,DEFENSIVE,4.0984,4.7541,DEFENSIVE,risk_score=4.75; 60d volatility=0.0007; 60d beta=-0.0008; 120d max drawdown=-0.0004; 60d downside vol=0.0006; 60d down capture=-0.0010; bond/cash structural low-risk constraint,ok,0,False,bond/cash asset type,False,,False,,asset=8.0; style=8.0; long_cycle=13.0; concentration=8.0; weights=30/25/35/10,8,8,13.0,8,True,False
511880,银华日利ETF,债券货币观察,bond_cash,observe_pool,2025-03-03,2026-07-06,327,0.000816,0.002521,0.005296,0.001601,0.001384,0.001619,-0.002968,-0.003798,-0.000109,-0.000418,0.001026,0.002074,-0.007383,False,False,False,False,True,False,True,False,False,bond_cash,BOND,4.7541,DEFENSIVE,1.9126,9.75,DEFENSIVE,4.0984,4.7541,DEFENSIVE,risk_score=4.75; 60d volatility=0.0014; 60d beta=-0.0030; 120d max drawdown=-0.0004; 60d downside vol=0.0010; 60d down capture=-0.0074; bond/cash structural low-risk constraint,ok,0,False,bond/cash asset type,False,,False,,asset=8.0; style=8.0; long_cycle=13.0; concentration=8.0; weights=30/25/35/10,8,8,13.0,8,True,False
511990,华宝添益ETF,债券货币观察,bond_cash,observe_pool,2025-03-03,2026-07-06,327,-5e-05,2e-05,-0.0002,0.000878,0.000917,0.001234,-0.001756,-0.002332,-0.00026,-0.00055,0.000662,-0.001563,-0.00254,False,False,False,False,True,False,True,False,False,bond_cash,BOND,4.918,DEFENSIVE,2.7322,9.75,DEFENSIVE,4.0984,4.918,DEFENSIVE,risk_score=4.92; 60d volatility=0.0009; 60d beta=-0.0018; 120d max drawdown=-0.0006; 60d downside vol=0.0007; 60d down capture=-0.0025; bond/cash structural low-risk constraint,ok,0,False,bond/cash asset type,False,,False,,asset=8.0; style=8.0; long_cycle=13.0; concentration=8.0; weights=30/25/35/10,8,8,13.0,8,True,False
512010,医药ETF,消费医药,sector,trade_pool,2025-03-03,2026-07-06,327,0.122324,-0.00542,-0.029101,0.313834,0.243143,0.23451,0.284573,0.555036,-0.151194,-0.219512,0.109343,0.236578,0.231009,False,False,True,False,False,False,False,False,False,sector_concentrated,SECTOR_DEFENSIVE,39.7541,CORE,31.694,49.8125,BALANCED,31.694,39.7541,CORE,risk_score=39.75; 60d volatility=0.2431; 60d beta=0.2846; 120d max drawdown=-0.2195; 60d downside vol=0.1093; 60d down capture=0.2310,ok,0,False,consumer/healthcare defensive sector keyword,False,,False,,asset=50.0; style=48.0; long_cycle=45.8; concentration=68.0; weights=30/25/35/10,50,48,45.75,68,True,False
512050,华夏中证A500ETF,新宽基与新风格,broad_index,trade_pool,2025-03-03,2026-07-06,327,0.018125,0.114754,0.087542,0.29106,0.226744,0.206777,1.103931,0.993152,-0.070624,-0.086577,0.147709,1.132665,1.127327,True,False,False,False,False,False,False,False,False,broad_base,CORE_LARGE_CAP,42.2951,CORE,37.1585,44.525,CORE,28.1421,42.2951,CORE,risk_score=42.30; 60d volatility=0.2267; 60d beta=1.1039; 120d max drawdown=-0.0866; 60d downside vol=0.1477; 60d down capture=1.1273,ok,0,False,traditional large/core broad keyword,False,,False,,asset=35.0; style=38.0; long_cycle=61.5; concentration=30.0; weights=30/25/35/10,35,38,61.5,30,True,False
512070,非银ETF,金融地产,high_beta,trade_pool,2025-03-03,2026-07-06,327,0.092246,0.06658,-0.115801,0.427125,0.295567,0.265872,0.823498,0.87863,-0.096224,-0.253521,0.162151,0.640354,0.505898,False,False,True,False,False,False,False,False,True,sector_concentrated,SECTOR_CYCLICAL,56.5301,BALANCED,59.5628,76.7875,HIGH_BETA,80.8743,56.5301,BALANCED,risk_score=56.53; 60d volatility=0.2956; 60d beta=0.8235; 120d max drawdown=-0.2535; 60d downside vol=0.1622; 60d down capture=0.5059; high_beta flag,ok,0,False,financial beta/cyclical keyword,False,,True,securities ETF structural high-beta floor,asset=82.0; style=86.0; long_cycle=64.2; concentration=82.0; weights=30/25/35/10,82,86,64.25,82,True,False
512100,中证1000ETF,宽基,broad_index,trade_pool,2026-01-05,2026-07-06,120,0.02293,0.128079,,0.29589,0.254017,0.260881,1.026215,1.131025,-0.094497,-0.135238,0.148247,1.062351,1.019507,True,False,False,False,False,False,False,False,False,broad_base,CORE_MID_CAP,44.9727,BALANCED,42.623,51.275,BALANCED,34.6995,44.9727,BALANCED,risk_score=44.97; 60d volatility=0.2540; 60d beta=1.0262; 120d max drawdown=-0.1352; 60d downside vol=0.1482; 60d down capture=1.0195,ok,0,False,mid/small broad index keyword,False,,False,,asset=45.0; style=46.0; long_cycle=66.5; concentration=30.0; weights=30/25/35/10,45,46,66.5,30,True,False
512170,医疗ETF,消费医药,sector,trade_pool,2025-03-03,2026-07-06,327,0.056667,-0.045181,-0.067647,0.269022,0.206287,0.237359,0.358938,0.678044,-0.144118,-0.253846,0.090451,0.2591,0.440239,False,False,True,False,False,False,False,False,False,sector_concentrated,SECTOR_DEFENSIVE,39.5355,CORE,31.1475,52.7875,BALANCED,38.2514,39.5355,CORE,risk_score=39.54; 60d volatility=0.2063; 60d beta=0.3589; 120d max drawdown=-0.2538; 60d downside vol=0.0905; 60d down capture=0.4402,ok,0,False,consumer/healthcare defensive sector keyword,False,,False,,asset=50.0; style=48.0; long_cycle=54.2; concentration=68.0; weights=30/25/35/10,50,48,54.25,68,True,False
512200,房地产ETF,金融地产,sector,trade_pool,2025-03-03,2026-07-06,327,-0.077101,-0.081351,-0.201468,0.188995,0.225996,0.252688,0.578319,0.734497,-0.215894,-0.262305,0.137387,0.301334,0.764969,False,False,True,False,False,False,False,False,False,sector_concentrated,SECTOR_CYCLICAL,50.4372,BALANCED,51.3661,66.35,OFFENSIVE,60.1093,50.4372,BALANCED,risk_score=50.44; 60d volatility=0.2260; 60d beta=0.5783; 120d max drawdown=-0.2623; 60d downside vol=0.1374; 60d down capture=0.7650,ok,0,False,sector flag fallback,False,,False,,asset=66.0; style=68.0; long_cycle=65.0; concentration=68.0; weights=30/25/35/10,66,68,65.0,68,True,False
512400,有色ETF,周期资源,commodity_resource,trade_pool,2025-03-03,2026-07-06,327,-0.031672,-0.063755,-0.032174,0.539541,0.437637,0.483844,1.578066,1.648659,-0.176098,-0.298651,0.294448,1.324917,1.931921,False,False,True,False,False,False,False,False,True,sector_concentrated,COMMODITY_CYCLICAL,85.2459,HIGH_BETA,95.082,80.75,HIGH_BETA,88.2514,85.2459,HIGH_BETA,risk_score=85.25; 60d volatility=0.4376; 60d beta=1.5781; 120d max drawdown=-0.2987; 60d downside vol=0.2944; 60d down capture=1.9319; high_beta flag,ok,0,False,resource/commodity cyclical keyword,False,,False,,asset=72.0; style=82.0; long_cycle=91.0; concentration=68.0; weights=30/25/35/10,72,82,91.0,68,True,False
512480,半导体ETF,科技成长,theme,trade_pool,2025-03-03,2026-07-06,327,-0.362028,-0.071677,-0.088798,1.950871,1.191442,0.879313,1.747723,1.510018,-0.557072,-0.557072,1.665756,1.474091,1.633483,False,False,False,True,False,False,False,True,True,theme_concentrated,HIGH_BETA_THEME,94.3169,HIGH_BETA,98.3607,88.15,HIGH_BETA,99.4536,94.3169,HIGH_BETA,risk_score=94.32; 60d volatility=1.1914; 60d beta=1.7477; 120d max drawdown=-0.5571; 60d downside vol=1.6658; 60d down capture=1.6335; high_beta flag,ok,0,False,growth/high-beta theme keyword,False,,False,,asset=86.0; style=90.0; long_cycle=91.0; concentration=80.0; weights=30/25/35/10,86,90,91.0,80,True,False
512660,军工ETF,新能源制造,commodity_resource,trade_pool,2025-03-03,2026-07-06,327,0.007849,0.01182,-0.064822,0.333405,0.304605,0.372496,1.061295,1.024983,-0.18078,-0.275268,0.214937,0.97556,1.322527,False,False,True,True,False,False,False,True,False,theme_concentrated,COMMODITY_CYCLICAL,69.8087,OFFENSIVE,78.6885,75.9125,OFFENSIVE,77.3224,69.8087,OFFENSIVE,risk_score=69.81; 60d volatility=0.3046; 60d beta=1.0613; 120d max drawdown=-0.2753; 60d downside vol=0.2149; 60d down capture=1.3225,ok,0,False,resource/commodity cyclical keyword,False,,False,,asset=72.0; style=75.0; long_cycle=78.8; concentration=80.0; weights=30/25/35/10,72,75,78.75,80,True,False
512670,国防ETF,新能源制造,commodity_resource,trade_pool,2025-03-03,2026-07-06,327,-0.012881,-0.019767,-0.067478,0.334483,0.312494,0.373601,1.059743,0.996005,-0.168871,-0.261302,0.219716,0.888771,1.335677,False,False,True,True,False,False,False,True,False,theme_concentrated,COMMODITY_CYCLICAL,70.8197,OFFENSIVE,79.235,75.9125,OFFENSIVE,77.3224,70.8197,OFFENSIVE,risk_score=70.82; 60d volatility=0.3125; 60d beta=1.0597; 120d max drawdown=-0.2613; 60d downside vol=0.2197; 60d down capture=1.3357,ok,0,False,resource/commodity cyclical keyword,False,,False,,asset=72.0; style=75.0; long_cycle=78.8; concentration=80.0; weights=30/25/35/10,72,75,78.75,80,True,False
512690,酒ETF,消费医药,sector,trade_pool,2025-03-03,2026-07-06,327,-0.073903,-0.183299,-0.251866,0.224463,0.205679,0.250591,0.223436,0.393612,-0.220884,-0.316901,0.121013,-0.195212,0.360166,False,False,True,False,False,False,False,False,False,sector_concentrated,SECTOR_DEFENSIVE,42.4863,CORE,38.2514,52.7875,BALANCED,38.2514,42.4863,CORE,risk_score=42.49; 60d volatility=0.2057; 60d beta=0.2234; 120d max drawdown=-0.3169; 60d downside vol=0.1210; 60d down capture=0.3602,ok,0,False,consumer/healthcare defensive sector keyword,False,,False,,asset=50.0; style=48.0; long_cycle=54.2; concentration=68.0; weights=30/25/35/10,50,48,54.25,68,True,False
512760,芯片ETF,科技成长,theme,trade_pool,2025-03-03,2026-07-06,327,0.25959,0.81258,-0.127318,0.632366,0.54518,0.867397,1.977637,1.549376,-0.158392,-0.603822,0.350475,2.908203,1.723473,False,False,False,True,False,False,False,True,True,theme_concentrated,HIGH_BETA_THEME,93.8251,HIGH_BETA,97.2678,88.15,HIGH_BETA,99.4536,93.8251,HIGH_BETA,risk_score=93.83; 60d volatility=0.5452; 60d beta=1.9776; 120d max drawdown=-0.6038; 60d downside vol=0.3505; 60d down capture=1.7235; high_beta flag,ok,0,False,growth/high-beta theme keyword,False,,False,,asset=86.0; style=90.0; long_cycle=91.0; concentration=80.0; weights=30/25/35/10,86,90,91.0,80,True,False
512800,银行ETF,金融地产,sector,trade_pool,2025-03-03,2026-07-06,327,-0.030612,-0.035533,-0.076549,0.213514,0.153894,0.149213,-0.139062,0.032979,-0.09828,-0.110303,0.093854,-0.190817,-0.177705,False,False,True,False,False,False,False,False,False,sector_concentrated,SECTOR_DEFENSIVE,16.5574,DEFENSIVE,8.7432,44.125,CORE,26.776,16.5574,DEFENSIVE,risk_score=16.56; 60d volatility=0.1539; 60d beta=-0.1391; 120d max drawdown=-0.1103; 60d downside vol=0.0939; 60d down capture=-0.1777,ok,0,False,defensive sector keyword,False,,False,,asset=50.0; style=48.0; long_cycle=29.5; concentration=68.0; weights=30/25/35/10,50,48,29.5,68,True,False
512880,证券ETF,金融地产,high_beta,trade_pool,2025-03-03,2026-07-06,327,0.141732,0.142857,-0.042114,0.429824,0.303484,0.262265,0.884878,0.865739,-0.091652,-0.221617,0.144537,0.812456,0.468514,False,False,True,False,False,False,False,False,True,sector_concentrated,SECTOR_CYCLICAL,55.6011,BALANCED,58.1967,75.5625,HIGH_BETA,76.2295,55.6011,BALANCED,risk_score=55.60; 60d volatility=0.3035; 60d beta=0.8849; 120d max drawdown=-0.2216; 60d downside vol=0.1445; 60d down capture=0.4685; high_beta flag,ok,0,True,证券 ETF 具有长期高 beta 情绪弹性；保留为结构性高风险观察，不影响近期实现风险。,False,,True,securities ETF structural high-beta floor; 证券 ETF 具有长期高 beta 情绪弹性；保留为结构性高风险观察，不影响近期实现风险。,asset=82.0; style=86.0; long_cycle=60.8; concentration=82.0; weights=30/25/35/10,82,86,60.75,82,True,False
512890,红利低波ETF,防御风格,sector,trade_pool,2025-03-03,2026-07-06,327,-0.040552,-0.057627,-0.054422,0.179972,0.130299,0.128875,-0.060141,0.083144,-0.109349,-0.118182,0.08521,-0.149357,-0.028172,False,False,True,False,False,True,True,False,False,sector_concentrated,DIVIDEND,15.7104,DEFENSIVE,8.1967,33.025,CORE,9.2896,15.7104,DEFENSIVE,risk_score=15.71; 60d volatility=0.1303; 60d beta=-0.0601; 120d max drawdown=-0.1182; 60d downside vol=0.0852; 60d down capture=-0.0282,ok,0,False,dividend keyword,False,,False,,asset=28.0; style=30.0; long_cycle=29.5; concentration=68.0; weights=30/25/35/10,28,30,29.5,68,True,False
512980,传媒ETF,科技成长,theme,trade_pool,2025-03-03,2026-07-06,327,-0.074371,-0.159044,-0.189379,0.299183,0.336669,0.406664,0.967559,1.084762,-0.238322,-0.395613,0.172195,0.507792,1.296122,False,False,False,True,False,False,False,True,False,theme_concentrated,GROWTH_THEME,71.2022,OFFENSIVE,79.7814,76.7625,OFFENSIVE,80.0546,71.2022,OFFENSIVE,risk_score=71.20; 60d volatility=0.3367; 60d beta=0.9676; 120d max drawdown=-0.3956; 60d downside vol=0.1722; 60d down capture=1.2961,ok,0,False,growth/high-beta theme keyword,False,,False,,asset=74.0; style=76.0; long_cycle=78.8; concentration=80.0; weights=30/25/35/10,74,76,78.75,80,True,False
513030,德国ETF,跨境与港股,qdii,research_only,2025-03-03,2026-07-06,327,0.020613,0.071972,-0.021368,0.231362,0.220737,0.258026,0.571312,0.773691,-0.075936,-0.200884,0.11173,0.719846,0.668513,False,False,False,False,False,False,False,False,False,qdii_observation,QDII_OBSERVATION,37.2131,CORE,26.776,56.4125,BALANCED,44.8087,37.2131,CORE,risk_score=37.21; 60d volatility=0.2207; 60d beta=0.5713; 120d max drawdown=-0.2009; 60d downside vol=0.1117; 60d down capture=0.6685,ok,0,False,QDII or cross-border name/group,False,,False,,asset=58.0; style=60.0; long_cycle=55.8; concentration=45.0; weights=30/25/35/10,58,60,55.75,45,True,False
513050,中概互联网ETF,QDII观察,qdii,observe_pool,2025-03-03,2026-07-06,327,-0.091231,-0.123826,-0.300613,0.323978,0.311461,0.302845,0.663276,0.805595,-0.257301,-0.401018,0.160171,0.458435,0.981448,False,False,False,False,False,False,False,False,False,qdii_observation,QDII_OBSERVATION,56.8033,OFFENSIVE,61.2022,61.4,OFFENSIVE,49.4536,56.8033,OFFENSIVE,risk_score=56.80; 60d volatility=0.3115; 60d beta=0.6633; 120d max drawdown=-0.4010; 60d downside vol=0.1602; 60d down capture=0.9814,ok,0,False,QDII or cross-border name/group,False,,False,,asset=58.0; style=60.0; long_cycle=70.0; concentration=45.0; weights=30/25/35/10,58,60,70.0,45,True,False
513060,恒生医疗ETF,QDII观察,qdii,observe_pool,2025-03-03,2026-07-06,327,0.116183,-0.109272,-0.077187,0.414283,0.308851,0.331381,0.31967,0.757337,-0.256452,-0.32106,0.150835,0.280047,0.644755,False,False,False,False,False,False,False,False,False,qdii_observation,QDII_OBSERVATION,49.0164,BALANCED,49.7268,57.6375,BALANCED,46.9945,49.0164,BALANCED,risk_score=49.02; 60d volatility=0.3089; 60d beta=0.3197; 120d max drawdown=-0.3211; 60d downside vol=0.1508; 60d down capture=0.6448,ok,0,False,QDII or cross-border name/group,False,,False,,asset=58.0; style=60.0; long_cycle=59.2; concentration=45.0; weights=30/25/35/10,58,60,59.25,45,True,False
513100,纳指ETF,QDII观察,qdii,observe_pool,2025-03-03,2026-07-06,327,-0.01542,0.253464,0.140231,0.345576,0.311151,0.267237,0.89537,0.847834,-0.106131,-0.132642,0.174015,0.881092,0.333204,False,False,False,False,False,False,False,False,False,qdii_observation,QDII_OBSERVATION,42.5956,CORE,38.7978,56.4125,BALANCED,44.8087,42.5956,CORE,risk_score=42.60; 60d volatility=0.3112; 60d beta=0.8954; 120d max drawdown=-0.1326; 60d downside vol=0.1740; 60d down capture=0.3332,ok,0,False,QDII or cross-border name/group,False,,False,,asset=58.0; style=60.0; long_cycle=55.8; concentration=45.0; weights=30/25/35/10,58,60,55.75,45,True,False
513120,港股创新药ETF,医药与消费升级,qdii,observe_pool,2025-03-03,2026-07-06,327,0.161133,-0.079721,-0.004188,0.4689,0.355976,0.373068,0.361139,0.80824,-0.270412,-0.299281,0.170345,0.361531,0.624715,False,False,False,False,False,False,False,True,True,qdii_observation,QDII_OBSERVATION,56.9126,OFFENSIVE,61.7486,66.2,OFFENSIVE,59.5628,56.9126,OFFENSIVE,risk_score=56.91; 60d volatility=0.3560; 60d beta=0.3611; 120d max drawdown=-0.2993; 60d downside vol=0.1703; 60d down capture=0.6247; high_beta flag,ok,0,False,QDII or cross-border name/group,False,,False,,asset=58.0; style=82.0; long_cycle=68.0; concentration=45.0; weights=30/25/35/10,58,82,68.0,45,True,False
513130,恒生科技ETF,跨境与港股,qdii,observe_pool,2025-03-03,2026-07-06,327,-0.072131,-0.042301,-0.211699,0.295365,0.27735,0.272084,0.86364,0.903291,-0.168224,-0.301047,0.144511,0.752904,1.199372,False,False,False,False,False,False,False,True,False,qdii_observation,QDII_OBSERVATION,55.3279,BALANCED,56.8306,63.15,OFFENSIVE,51.9126,55.3279,BALANCED,risk_score=55.33; 60d volatility=0.2773; 60d beta=0.8636; 120d max drawdown=-0.3010; 60d downside vol=0.1445; 60d down capture=1.1994,ok,0,False,QDII or cross-border name/group,False,,False,,asset=58.0; style=60.0; long_cycle=75.0; concentration=45.0; weights=30/25/35/10,58,60,75.0,45,True,False
513150,港股科技ETF,跨境与港股,qdii,observe_pool,2025-03-03,2026-07-06,327,-0.069347,-0.066532,-0.175423,0.336956,0.290925,0.283894,0.991162,0.999876,-0.176526,-0.278189,0.168795,0.830285,1.39706,False,False,False,False,False,False,False,True,False,qdii_observation,QDII_OBSERVATION,59.3716,OFFENSIVE,65.0273,63.15,OFFENSIVE,51.9126,59.3716,OFFENSIVE,risk_score=59.37; 60d volatility=0.2909; 60d beta=0.9912; 120d max drawdown=-0.2782; 60d downside vol=0.1688; 60d down capture=1.3971,ok,0,False,QDII or cross-border name/group,False,,False,,asset=58.0; style=60.0; long_cycle=75.0; concentration=45.0; weights=30/25/35/10,58,60,75.0,45,True,False
513180,恒生科技ETF,QDII观察,qdii,observe_pool,2025-03-03,2026-07-06,327,-0.075684,-0.046512,-0.215847,0.306399,0.280398,0.27445,0.898189,0.916133,-0.171254,-0.306018,0.152376,0.788314,1.265372,False,False,False,False,False,False,False,True,False,qdii_observation,QDII_OBSERVATION,58.0055,OFFENSIVE,64.4809,63.15,OFFENSIVE,51.9126,58.0055,OFFENSIVE,risk_score=58.01; 60d volatility=0.2804; 60d beta=0.8982; 120d max drawdown=-0.3060; 60d downside vol=0.1524; 60d down capture=1.2654,ok,0,False,QDII or cross-border name/group,False,,False,,asset=58.0; style=60.0; long_cycle=75.0; concentration=45.0; weights=30/25/35/10,58,60,75.0,45,True,False
513330,恒生互联网ETF,跨境与港股,qdii,observe_pool,2025-03-03,2026-07-06,327,-0.089552,-0.11165,-0.290698,0.320894,0.301108,0.291733,0.696725,0.818423,-0.248879,-0.400716,0.155768,0.487845,1.004035,False,False,False,False,False,False,False,False,False,qdii_observation,QDII_OBSERVATION,55.6011,BALANCED,58.1967,61.4,OFFENSIVE,49.4536,55.6011,BALANCED,risk_score=55.60; 60d volatility=0.3011; 60d beta=0.6967; 120d max drawdown=-0.4007; 60d downside vol=0.1558; 60d down capture=1.0040,ok,0,False,QDII or cross-border name/group,False,,False,,asset=58.0; style=60.0; long_cycle=70.0; concentration=45.0; weights=30/25/35/10,58,60,70.0,45,True,False
513500,标普500ETF,QDII观察,qdii,observe_pool,2025-03-03,2026-07-06,327,-0.022196,0.137744,0.032484,0.180005,0.174599,0.181223,0.491875,0.572829,-0.056,-0.129254,0.100231,0.530564,0.207451,False,False,False,False,False,False,False,False,False,qdii_observation,QDII_OBSERVATION,21.5027,DEFENSIVE,12.5683,51.1625,BALANCED,33.8798,21.5027,DEFENSIVE,risk_score=21.50; 60d volatility=0.1746; 60d beta=0.4919; 120d max drawdown=-0.1293; 60d downside vol=0.1002; 60d down capture=0.2075,ok,0,False,QDII or cross-border name/group,False,,False,,asset=58.0; style=60.0; long_cycle=40.8; concentration=45.0; weights=30/25/35/10,58,60,40.75,45,True,False
513520,日经ETF,跨境与港股,qdii,research_only,2025-03-03,2026-07-06,327,0.078603,0.348253,0.376812,0.533928,0.407915,0.36783,1.473949,1.316022,-0.084037,-0.159738,0.217612,1.652663,1.029992,False,False,False,False,False,False,False,False,True,qdii_observation,QDII_OBSERVATION,64.1257,OFFENSIVE,67.2131,68.7375,OFFENSIVE,64.7541,64.1257,OFFENSIVE,risk_score=64.13; 60d volatility=0.4079; 60d beta=1.4739; 120d max drawdown=-0.1597; 60d downside vol=0.2176; 60d down capture=1.0300; high_beta flag,ok,0,False,QDII or cross-border name/group,False,,False,,asset=58.0; style=82.0; long_cycle=75.2; concentration=45.0; weights=30/25/35/10,58,82,75.25,45,True,False
513880,日经225ETF,跨境与港股,qdii,research_only,2025-03-03,2026-07-06,327,0.069206,0.350147,0.371054,0.508497,0.39918,0.364802,1.391283,1.309926,-0.08354,-0.16076,0.221411,1.589813,0.918137,False,False,False,False,False,False,False,False,True,qdii_observation,QDII_OBSERVATION,63.0055,OFFENSIVE,66.1202,68.7375,OFFENSIVE,64.7541,63.0055,OFFENSIVE,risk_score=63.01; 60d volatility=0.3992; 60d beta=1.3913; 120d max drawdown=-0.1608; 60d downside vol=0.2214; 60d down capture=0.9181; high_beta flag,ok,0,False,QDII or cross-border name/group,False,,False,,asset=58.0; style=82.0; long_cycle=75.2; concentration=45.0; weights=30/25/35/10,58,82,75.25,45,True,False
515000,科技ETF,科技成长,unknown,trade_pool,2022-01-04,2026-07-06,1089,0.116667,0.582136,0.547189,0.546685,0.435862,0.372542,1.888118,1.529535,-0.100467,-0.117864,0.268323,2.435616,1.576018,False,False,False,False,False,False,False,True,True,unknown,GROWTH_THEME,68.5519,OFFENSIVE,75.9563,76.075,OFFENSIVE,78.1421,68.5519,OFFENSIVE,risk_score=68.55; 60d volatility=0.4359; 60d beta=1.8881; 120d max drawdown=-0.1179; 60d downside vol=0.2683; 60d down capture=1.5760; high_beta flag,ok,0,True,科技 ETF 名称明确但上游分类为 unknown；按成长主题处理，不影响近期实现风险。,False,,False,,asset=74.0; style=82.0; long_cycle=82.5; concentration=45.0; weights=30/25/35/10,74,82,82.5,45,True,False
515050,5GETF,科技成长,theme,trade_pool,2025-03-03,2026-07-06,327,-0.025142,-0.493468,-0.472112,0.673516,1.456123,1.055455,1.531336,1.313028,-0.671772,-0.671772,2.084943,0.546505,1.91935,False,False,False,True,False,False,False,True,True,theme_concentrated,GROWTH_THEME,94.9454,HIGH_BETA,98.9071,81.2375,HIGH_BETA,89.3443,94.9454,HIGH_BETA,risk_score=94.95; 60d volatility=1.4561; 60d beta=1.5313; 120d max drawdown=-0.6718; 60d downside vol=2.0849; 60d down capture=1.9193; high_beta flag,ok,0,False,theme flag fallback,False,,False,,asset=74.0; style=82.0; long_cycle=87.2; concentration=80.0; weights=30/25/35/10,74,82,87.25,80,True,False
515070,AIETF,科技成长,theme,trade_pool,2025-03-03,2026-07-06,327,-0.482842,-0.309061,-0.341727,1.884319,1.138108,0.831585,1.999929,1.535978,-0.544614,-0.544614,1.549541,0.877824,1.942633,False,False,False,True,False,False,False,True,True,theme_concentrated,HIGH_BETA_THEME,96.4754,HIGH_BETA,99.4536,88.15,HIGH_BETA,99.4536,96.4754,HIGH_BETA,risk_score=96.48; 60d volatility=1.1381; 60d beta=1.9999; 120d max drawdown=-0.5446; 60d downside vol=1.5495; 60d down capture=1.9426; high_beta flag,ok,0,False,growth/high-beta theme keyword,False,,False,,asset=86.0; style=90.0; long_cycle=91.0; concentration=80.0; weights=30/25/35/10,86,90,91.0,80,True,False
515080,中证红利ETF,防御风格,sector,trade_pool,2025-03-03,2026-07-06,327,-0.06875,-0.06053,-0.038667,0.217557,0.156654,0.157712,0.101389,0.232485,-0.142336,-0.164197,0.106335,-0.058142,0.138627,False,False,True,False,False,True,False,False,False,sector_concentrated,DIVIDEND,25.6831,DEFENSIVE,16.3934,34.775,CORE,10.6557,25.6831,DEFENSIVE,risk_score=25.68; 60d volatility=0.1567; 60d beta=0.1014; 120d max drawdown=-0.1642; 60d downside vol=0.1063; 60d down capture=0.1386,ok,0,False,dividend keyword,False,,False,,asset=28.0; style=30.0; long_cycle=34.5; concentration=68.0; weights=30/25/35/10,28,30,34.5,68,True,False
515120,广发创新药ETF,医药与消费升级,theme,trade_pool,2025-03-03,2026-07-06,327,0.202952,0.031646,0.0432,0.429,0.314321,0.297072,0.371802,0.658907,-0.187117,-0.220588,0.135228,0.467938,0.382505,False,False,True,True,False,False,False,True,False,theme_concentrated,SECTOR_DEFENSIVE,52.0492,BALANCED,54.6448,54.5125,BALANCED,40.7104,52.0492,BALANCED,risk_score=52.05; 60d volatility=0.3143; 60d beta=0.3718; 120d max drawdown=-0.2206; 60d downside vol=0.1352; 60d down capture=0.3825,ok,0,False,consumer/healthcare defensive sector keyword,False,,False,,asset=50.0; style=48.0; long_cycle=55.8; concentration=80.0; weights=30/25/35/10,50,48,55.75,80,True,False
515170,食品饮料ETF,消费医药,sector,trade_pool,2025-03-03,2026-07-06,327,-0.036717,-0.133981,-0.186131,0.185041,0.16572,0.20764,0.233252,0.403308,-0.179389,-0.244288,0.09067,-0.070336,0.337583,False,False,True,False,False,False,False,False,False,sector_concentrated,SECTOR_DEFENSIVE,33.7978,CORE,22.4044,51.5625,BALANCED,35.7923,33.7978,CORE,risk_score=33.80; 60d volatility=0.1657; 60d beta=0.2333; 120d max drawdown=-0.2443; 60d downside vol=0.0907; 60d down capture=0.3376,ok,0,False,consumer/healthcare defensive sector keyword,False,,False,,asset=50.0; style=48.0; long_cycle=50.8; concentration=68.0; weights=30/25/35/10,50,48,50.75,68,True,False
515210,钢铁ETF,周期、资源、商品,unknown,research_only,2025-03-03,2026-07-06,327,-0.074367,-0.173729,-0.19366,0.25275,0.212239,0.272199,0.568047,0.736711,-0.232119,-0.321002,0.135919,0.161416,0.936779,False,False,False,False,False,False,False,False,False,unknown,COMMODITY_CYCLICAL,46.1749,BALANCED,44.8087,67.6,OFFENSIVE,62.2951,46.1749,BALANCED,risk_score=46.17; 60d volatility=0.2122; 60d beta=0.5680; 120d max drawdown=-0.3210; 60d downside vol=0.1359; 60d down capture=0.9368,ok,0,False,resource/commodity cyclical keyword,False,,False,,asset=72.0; style=75.0; long_cycle=65.0; concentration=45.0; weights=30/25/35/10,72,75,65.0,45,True,False
515220,煤炭ETF,周期资源,commodity_resource,trade_pool,2025-03-03,2026-07-06,327,-0.167025,-0.052202,0.13035,0.387222,0.365937,0.375309,-0.122903,0.047938,-0.253846,-0.253846,0.200216,-0.317375,-0.197494,False,False,True,False,False,False,False,False,True,sector_concentrated,COMMODITY_CYCLICAL,50.8743,BALANCED,52.459,67.45,OFFENSIVE,61.2022,50.8743,BALANCED,risk_score=50.87; 60d volatility=0.3659; 60d beta=-0.1229; 120d max drawdown=-0.2538; 60d downside vol=0.2002; 60d down capture=-0.1975; high_beta flag,ok,0,False,resource/commodity cyclical keyword,False,,False,,asset=72.0; style=82.0; long_cycle=53.0; concentration=68.0; weights=30/25/35/10,72,82,53.0,68,True,False
515230,软件ETF,科技成长,theme,trade_pool,2025-03-03,2026-07-06,327,-0.08445,-0.111834,-0.237723,0.405232,0.368184,0.378881,1.218068,1.191355,-0.23322,-0.385036,0.205169,0.802686,1.516044,False,False,False,True,False,False,False,True,True,theme_concentrated,GROWTH_THEME,78.224,HIGH_BETA,86.8852,81.2375,HIGH_BETA,89.3443,78.224,HIGH_BETA,risk_score=78.22; 60d volatility=0.3682; 60d beta=1.2181; 120d max drawdown=-0.3850; 60d downside vol=0.2052; 60d down capture=1.5160; high_beta flag,ok,0,False,theme flag fallback,False,,False,,asset=74.0; style=82.0; long_cycle=87.2; concentration=80.0; weights=30/25/35/10,74,82,87.25,80,True,False
515260,电子ETF,科技与新质生产力,unknown,research_only,2025-03-03,2026-07-06,327,0.114719,0.655949,0.567732,0.623448,0.496148,0.419227,2.004289,1.624642,-0.113597,-0.155862,0.297167,2.684227,1.797499,False,False,False,False,False,False,False,True,True,unknown,HIGH_BETA_THEME,75.9563,HIGH_BETA,83.6066,83.425,HIGH_BETA,92.623,75.9563,HIGH_BETA,risk_score=75.96; 60d volatility=0.4961; 60d beta=2.0043; 120d max drawdown=-0.1559; 60d downside vol=0.2972; 60d down capture=1.7975; high_beta flag,ok,0,False,growth/high-beta theme keyword,False,,False,,asset=86.0; style=90.0; long_cycle=87.5; concentration=45.0; weights=30/25/35/10,86,90,87.5,45,True,False
515630,保险证券,金融地产,unknown,research_only,2025-03-03,2026-07-06,327,0.107926,0.08595,-0.093168,0.430337,0.299305,0.262499,0.814537,0.851119,-0.097617,-0.245016,0.148687,0.655904,0.45291,False,False,True,False,False,False,False,False,True,sector_concentrated,SECTOR_CYCLICAL,55.2459,BALANCED,56.2842,75.5625,HIGH_BETA,76.2295,55.2459,BALANCED,risk_score=55.25; 60d volatility=0.2993; 60d beta=0.8145; 120d max drawdown=-0.2450; 60d downside vol=0.1487; 60d down capture=0.4529; high_beta flag,ok,0,False,financial beta/cyclical keyword,False,,True,securities ETF structural high-beta floor,asset=82.0; style=86.0; long_cycle=60.8; concentration=82.0; weights=30/25/35/10,82,86,60.75,82,True,False
515650,消费50ETF,消费医药,sector,trade_pool,2025-03-03,2026-07-06,327,-0.005888,-0.08574,-0.142252,0.20389,0.164458,0.171859,0.093351,0.257906,-0.150356,-0.210091,0.076554,-0.097045,0.110279,False,False,True,False,False,False,False,False,False,sector_concentrated,SECTOR_DEFENSIVE,28.5792,DEFENSIVE,17.4863,48.0625,BALANCED,29.5082,28.5792,DEFENSIVE,risk_score=28.58; 60d volatility=0.1645; 60d beta=0.0934; 120d max drawdown=-0.2101; 60d downside vol=0.0766; 60d down capture=0.1103,ok,0,False,consumer/healthcare defensive sector keyword,False,,False,,asset=50.0; style=48.0; long_cycle=40.8; concentration=68.0; weights=30/25/35/10,50,48,40.75,68,True,False
515700,新能源车ETF,新能源制造,commodity_resource,trade_pool,2025-03-03,2026-07-06,327,-0.016433,0.020374,-0.0184,0.4082,0.344334,0.297775,1.151146,0.963202,-0.196205,-0.196205,0.216453,1.040714,1.336416,False,False,True,True,False,False,False,True,False,theme_concentrated,COMMODITY_CYCLICAL,68.7705,OFFENSIVE,77.0492,73.375,OFFENSIVE,72.4044,68.7705,OFFENSIVE,risk_score=68.77; 60d volatility=0.3443; 60d beta=1.1511; 120d max drawdown=-0.1962; 60d downside vol=0.2165; 60d down capture=1.3364,ok,0,False,resource/commodity cyclical keyword,False,,False,,asset=72.0; style=75.0; long_cycle=71.5; concentration=80.0; weights=30/25/35/10,72,75,71.5,80,True,False
515790,光伏ETF,新能源制造,commodity_resource,trade_pool,2025-03-03,2026-07-06,327,-0.1,-0.04878,-0.027027,0.377805,0.311891,0.345021,1.186749,0.963425,-0.183246,-0.208791,0.222274,0.935127,1.452146,False,False,True,True,False,False,False,True,False,theme_concentrated,COMMODITY_CYCLICAL,69.4536,OFFENSIVE,78.1421,73.375,OFFENSIVE,72.4044,69.4536,OFFENSIVE,risk_score=69.45; 60d volatility=0.3119; 60d beta=1.1867; 120d max drawdown=-0.2088; 60d downside vol=0.2223; 60d down capture=1.4521,ok,0,False,resource/commodity cyclical keyword,False,,False,,asset=72.0; style=75.0; long_cycle=71.5; concentration=80.0; weights=30/25/35/10,72,75,71.5,80,True,False
515880,证券公司ETF,金融地产,high_beta,trade_pool,2026-01-05,2026-07-06,120,-0.544799,-0.319856,,1.953544,1.211762,1.310198,2.183234,1.234008,-0.597982,-0.768572,1.547378,0.806099,1.92277,False,False,True,False,False,False,False,False,True,sector_concentrated,SECTOR_CYCLICAL,96.776,HIGH_BETA,100.0,84.8375,HIGH_BETA,96.7213,96.776,HIGH_BETA,risk_score=96.78; 60d volatility=1.2118; 60d beta=2.1832; 120d max drawdown=-0.7686; 60d downside vol=1.5474; 60d down capture=1.9228; high_beta flag,ok,0,False,financial beta/cyclical keyword,False,,False,,asset=82.0; style=86.0; long_cycle=87.2; concentration=82.0; weights=30/25/35/10,82,86,87.25,82,True,False
516020,化工ETF,周期、资源、商品,commodity_resource,trade_pool,2025-03-03,2026-07-06,327,0.06099,-0.019149,0.053714,0.404735,0.306866,0.315095,0.792573,0.814533,-0.180934,-0.193487,0.167377,0.606436,0.85841,False,False,True,False,False,False,False,False,False,sector_concentrated,COMMODITY_CYCLICAL,53.9071,BALANCED,55.7377,70.425,OFFENSIVE,65.847,53.9071,BALANCED,risk_score=53.91; 60d volatility=0.3069; 60d beta=0.7926; 120d max drawdown=-0.1935; 60d downside vol=0.1674; 60d down capture=0.8584,ok,0,False,resource/commodity cyclical keyword,False,,False,,asset=72.0; style=75.0; long_cycle=66.5; concentration=68.0; weights=30/25/35/10,72,75,66.5,68,True,False
516080,易方达创新药ETF,医药与消费升级,theme,trade_pool,2025-03-03,2026-07-06,327,0.201389,0.035928,0.053272,0.412615,0.301915,0.295022,0.350396,0.651864,-0.185507,-0.219444,0.129827,0.468004,0.393766,False,False,True,True,False,False,False,True,False,theme_concentrated,SECTOR_DEFENSIVE,49.6175,BALANCED,50.2732,54.5125,BALANCED,40.7104,49.6175,BALANCED,risk_score=49.62; 60d volatility=0.3019; 60d beta=0.3504; 120d max drawdown=-0.2194; 60d downside vol=0.1298; 60d down capture=0.3938,ok,0,False,consumer/healthcare defensive sector keyword,False,,False,,asset=50.0; style=48.0; long_cycle=55.8; concentration=80.0; weights=30/25/35/10,50,48,55.75,80,True,False
516110,汽车ETF,消费医药,sector,trade_pool,2025-03-03,2026-07-06,327,-0.050571,-0.083465,-0.187151,0.287766,0.222696,0.199832,0.547811,0.564897,-0.204596,-0.269571,0.119966,0.410777,0.845638,False,False,True,False,False,False,False,False,False,sector_concentrated,SECTOR_DEFENSIVE,48.9617,BALANCED,49.1803,54.8,BALANCED,43.1694,48.9617,BALANCED,risk_score=48.96; 60d volatility=0.2227; 60d beta=0.5478; 120d max drawdown=-0.2696; 60d downside vol=0.1200; 60d down capture=0.8456,ok,0,False,consumer/healthcare defensive sector keyword,False,,False,,asset=50.0; style=48.0; long_cycle=60.0; concentration=68.0; weights=30/25/35/10,50,48,60.0,68,True,False
516160,新能源ETF,新能源制造,commodity_resource,trade_pool,2025-03-03,2026-07-06,327,-0.047311,-0.023037,-0.020986,0.395847,0.32173,0.299783,1.27265,1.008269,-0.172628,-0.172628,0.193654,1.042652,1.508676,False,False,True,True,False,False,False,True,True,theme_concentrated,COMMODITY_CYCLICAL,66.4208,OFFENSIVE,72.1311,76.35,OFFENSIVE,78.6885,66.4208,OFFENSIVE,risk_score=66.42; 60d volatility=0.3217; 60d beta=1.2727; 120d max drawdown=-0.1726; 60d downside vol=0.1937; 60d down capture=1.5087; high_beta flag,ok,0,False,resource/commodity cyclical keyword,False,,False,,asset=72.0; style=82.0; long_cycle=75.0; concentration=80.0; weights=30/25/35/10,72,82,75.0,80,True,False
516360,新材料ETF,周期、资源、商品,unknown,research_only,2025-03-03,2026-07-06,327,0.108478,0.265349,0.286772,0.480624,0.348657,0.309203,1.363702,1.167255,-0.102916,-0.113084,0.218713,1.478041,1.177147,False,False,False,False,False,False,False,False,True,unknown,COMMODITY_CYCLICAL,57.8142,OFFENSIVE,63.388,71.625,OFFENSIVE,69.9454,57.8142,OFFENSIVE,risk_score=57.81; 60d volatility=0.3487; 60d beta=1.3637; 120d max drawdown=-0.1131; 60d downside vol=0.2187; 60d down capture=1.1771; high_beta flag,ok,0,False,resource/commodity cyclical keyword,False,,False,,asset=72.0; style=82.0; long_cycle=71.5; concentration=45.0; weights=30/25/35/10,72,82,71.5,45,True,False
516390,新能源汽车ETF,新能源制造,commodity_resource,trade_pool,2025-03-03,2026-07-06,327,-0.020854,0.013361,-0.025692,0.393816,0.33527,0.290264,1.130009,0.924356,-0.196128,-0.196128,0.203446,1.005391,1.318207,False,False,True,True,False,False,False,True,False,theme_concentrated,COMMODITY_CYCLICAL,67.2404,OFFENSIVE,73.224,73.375,OFFENSIVE,72.4044,67.2404,OFFENSIVE,risk_score=67.24; 60d volatility=0.3353; 60d beta=1.1300; 120d max drawdown=-0.1961; 60d downside vol=0.2034; 60d down capture=1.3182,ok,0,False,resource/commodity cyclical keyword,False,,False,,asset=72.0; style=75.0; long_cycle=71.5; concentration=80.0; weights=30/25/35/10,72,75,71.5,80,True,False
516510,云计算ETF,科技成长,theme,trade_pool,2025-03-03,2026-07-06,327,-0.024798,0.049007,0.0,0.456191,0.40634,0.405758,1.638805,1.380111,-0.182093,-0.209028,0.225876,1.50788,1.861329,False,False,False,True,False,False,False,True,True,theme_concentrated,GROWTH_THEME,79.1803,HIGH_BETA,89.071,80.0125,HIGH_BETA,87.4317,79.1803,HIGH_BETA,risk_score=79.18; 60d volatility=0.4063; 60d beta=1.6388; 120d max drawdown=-0.2090; 60d downside vol=0.2259; 60d down capture=1.8613; high_beta flag,ok,0,False,theme flag fallback,False,,False,,asset=74.0; style=82.0; long_cycle=83.8; concentration=80.0; weights=30/25/35/10,74,82,83.75,80,True,False
516720,ESGETF,防御、红利、质量,unknown,research_only,2025-03-03,2026-07-06,327,0.006803,0.112782,0.071493,0.275773,0.209684,0.184946,1.003252,0.861581,-0.058682,-0.072056,0.14983,1.027139,0.944103,False,False,True,False,False,True,True,False,False,sector_concentrated,DIVIDEND,41.4754,CORE,36.0656,40.4625,CORE,15.847,41.4754,CORE,risk_score=41.48; 60d volatility=0.2097; 60d beta=1.0033; 120d max drawdown=-0.0721; 60d downside vol=0.1498; 60d down capture=0.9441,ok,0,False,dividend keyword,False,,False,,asset=28.0; style=30.0; long_cycle=50.8; concentration=68.0; weights=30/25/35/10,28,30,50.75,68,True,False
516750,建材ETF,周期、资源、商品,unknown,research_only,2025-03-03,2026-07-06,327,-0.070229,-0.137394,-0.142254,0.215218,0.187231,0.251949,0.514186,0.727438,-0.177839,-0.274155,0.124542,0.101368,0.706614,False,False,False,False,False,False,False,False,False,unknown,COMMODITY_CYCLICAL,39.3989,CORE,30.0546,67.6,OFFENSIVE,62.2951,39.3989,CORE,risk_score=39.40; 60d volatility=0.1872; 60d beta=0.5142; 120d max drawdown=-0.2742; 60d downside vol=0.1245; 60d down capture=0.7066,ok,0,False,resource/commodity cyclical keyword,False,,False,,asset=72.0; style=75.0; long_cycle=65.0; concentration=45.0; weights=30/25/35/10,72,75,65.0,45,True,False
516780,稀土ETF,周期资源,commodity_resource,trade_pool,2025-03-03,2026-07-06,327,0.0,-0.463346,-0.456066,0.478871,1.096742,0.833101,0.589568,0.898778,-0.564802,-0.591562,1.533097,-0.133374,1.544454,False,False,True,False,False,False,False,False,True,sector_concentrated,COMMODITY_CYCLICAL,83.3333,HIGH_BETA,93.9891,77.6875,OFFENSIVE,83.0601,83.3333,HIGH_BETA,risk_score=83.33; 60d volatility=1.0967; 60d beta=0.5896; 120d max drawdown=-0.5916; 60d downside vol=1.5331; 60d down capture=1.5445; high_beta flag,ok,0,False,resource/commodity cyclical keyword,False,,False,,asset=72.0; style=82.0; long_cycle=82.2; concentration=68.0; weights=30/25/35/10,72,82,82.25,68,True,False
516800,智能制造ETF,新能源制造,commodity_resource,trade_pool,2025-03-03,2026-07-06,327,0.096929,0.476744,0.445006,0.531346,0.419799,0.37129,1.64893,1.373211,-0.10564,-0.147287,0.244939,2.170754,1.475144,False,False,True,True,False,False,False,True,True,theme_concentrated,COMMODITY_CYCLICAL,73.4153,HIGH_BETA,80.8743,76.4375,OFFENSIVE,79.235,73.4153,HIGH_BETA,risk_score=73.42; 60d volatility=0.4198; 60d beta=1.6489; 120d max drawdown=-0.1473; 60d downside vol=0.2449; 60d down capture=1.4751; high_beta flag,ok,0,False,resource/commodity cyclical keyword,False,,False,,asset=72.0; style=82.0; long_cycle=75.2; concentration=80.0; weights=30/25/35/10,72,82,75.25,80,True,False
518880,黄金ETF,防御风格,commodity_resource,trade_pool,2025-03-03,2026-07-06,327,-0.067121,-0.122598,-0.072035,0.304489,0.228257,0.372277,0.306972,0.925767,-0.182142,-0.305192,0.147646,0.120239,0.606739,False,False,True,False,False,False,False,False,False,sector_concentrated,SECTOR_CYCLICAL,48.7705,BALANCED,48.6339,67.4,OFFENSIVE,60.6557,48.7705,BALANCED,risk_score=48.77; 60d volatility=0.2283; 60d beta=0.3070; 120d max drawdown=-0.3052; 60d downside vol=0.1476; 60d down capture=0.6067,ok,0,False,sector flag fallback,False,,False,,asset=66.0; style=68.0; long_cycle=68.0; concentration=68.0; weights=30/25/35/10,66,68,68.0,68,True,False
520550,港股红利低波ETF,防御、红利、质量,qdii,observe_pool,2025-03-03,2026-07-06,327,-0.09913,-0.12426,-0.108434,0.187113,0.134206,0.143537,0.089502,0.266017,-0.169295,-0.207443,0.102378,-0.148375,0.253051,False,False,False,False,False,True,True,False,False,qdii_observation,QDII_OBSERVATION,22.1038,DEFENSIVE,13.6612,42.725,CORE,22.4044,22.1038,DEFENSIVE,risk_score=22.10; 60d volatility=0.1342; 60d beta=0.0895; 120d max drawdown=-0.2074; 60d downside vol=0.1024; 60d down capture=0.2531,ok,0,False,QDII or cross-border name/group,False,,False,,asset=58.0; style=35.0; long_cycle=34.5; concentration=45.0; weights=30/25/35/10,58,35,34.5,45,True,False
560510,泰康中证A500ETF,新宽基与新风格,broad_index,observe_pool,2025-03-03,2026-07-06,327,0.017614,0.113935,0.091924,0.290386,0.219494,0.193562,1.070995,0.935092,-0.069572,-0.080841,0.152078,1.090882,1.057949,True,False,False,False,False,False,False,False,False,broad_base,CORE_LARGE_CAP,40.4098,CORE,33.3333,42.775,CORE,24.5902,40.4098,CORE,risk_score=40.41; 60d volatility=0.2195; 60d beta=1.0710; 120d max drawdown=-0.0808; 60d downside vol=0.1521; 60d down capture=1.0579,ok,0,False,traditional large/core broad keyword,False,,False,,asset=35.0; style=38.0; long_cycle=56.5; concentration=30.0; weights=30/25/35/10,35,38,56.5,30,True,False
561360,石油ETF,周期、资源、商品,unknown,research_only,2025-03-03,2026-07-06,327,-0.025892,-0.138614,0.12987,0.290377,0.207754,0.352347,0.232614,0.335373,-0.169882,-0.291932,0.115925,0.002468,0.612565,False,False,False,False,False,False,False,False,False,unknown,COMMODITY_CYCLICAL,37.2678,CORE,27.3224,65.15,OFFENSIVE,57.9235,37.2678,CORE,risk_score=37.27; 60d volatility=0.2078; 60d beta=0.2326; 120d max drawdown=-0.2919; 60d downside vol=0.1159; 60d down capture=0.6126,ok,0,False,resource/commodity cyclical keyword,False,,False,,asset=72.0; style=75.0; long_cycle=58.0; concentration=45.0; weights=30/25/35/10,72,75,58.0,45,True,False
561560,电力ETF,防御、红利、质量,unknown,research_only,2025-03-03,2026-07-06,327,-0.123603,-0.028638,0.034625,0.219022,0.263165,0.246203,0.50756,0.482202,-0.179554,-0.179554,0.184018,0.219045,0.419157,False,False,True,False,False,True,True,False,False,sector_concentrated,DIVIDEND,45.929,BALANCED,44.2623,40.4625,CORE,15.847,45.929,BALANCED,risk_score=45.93; 60d volatility=0.2632; 60d beta=0.5076; 120d max drawdown=-0.1796; 60d downside vol=0.1840; 60d down capture=0.4192,ok,0,False,dividend keyword,False,,False,,asset=28.0; style=30.0; long_cycle=50.8; concentration=68.0; weights=30/25/35/10,28,30,50.75,68,True,False
562500,机器人ETF华夏,科技与新质生产力,theme,trade_pool,2025-03-03,2026-07-06,327,-0.010318,0.266227,0.129539,0.471285,0.376084,0.325065,0.896491,0.862676,-0.106086,-0.195575,0.219431,1.24067,0.823116,False,False,False,True,False,False,False,True,True,theme_concentrated,HIGH_BETA_THEME,65.2186,OFFENSIVE,68.8525,79.575,OFFENSIVE,86.3388,65.2186,OFFENSIVE,risk_score=65.22; 60d volatility=0.3761; 60d beta=0.8965; 120d max drawdown=-0.1956; 60d downside vol=0.2194; 60d down capture=0.8231; high_beta flag,ok,0,False,growth/high-beta theme keyword,False,,False,,asset=86.0; style=90.0; long_cycle=66.5; concentration=80.0; weights=30/25/35/10,86,90,66.5,80,True,False
562550,绿电ETF,防御、红利、质量,unknown,research_only,2025-03-03,2026-07-06,327,-0.122957,-0.019147,0.035846,0.211127,0.267429,0.24952,0.505378,0.431818,-0.180556,-0.180556,0.193914,0.264772,0.465421,False,False,True,False,False,True,True,False,False,sector_concentrated,DIVIDEND,47.1038,BALANCED,45.9016,40.4625,CORE,15.847,47.1038,BALANCED,risk_score=47.10; 60d volatility=0.2674; 60d beta=0.5054; 120d max drawdown=-0.1806; 60d downside vol=0.1939; 60d down capture=0.4654,ok,0,False,dividend keyword,False,,False,,asset=28.0; style=30.0; long_cycle=50.8; concentration=68.0; weights=30/25/35/10,28,30,50.75,68,True,False
562920,信息安全,科技与新质生产力,unknown,research_only,2025-03-03,2026-07-06,327,-0.026427,-0.044606,-0.107558,0.417381,0.371013,0.363307,1.409858,1.218732,-0.213333,-0.245524,0.233949,1.196035,1.796167,False,False,False,False,False,False,False,True,True,unknown,HIGH_BETA_THEME,74.4536,HIGH_BETA,82.5137,82.1125,HIGH_BETA,90.1639,74.4536,HIGH_BETA,risk_score=74.45; 60d volatility=0.3710; 60d beta=1.4099; 120d max drawdown=-0.2455; 60d downside vol=0.2339; 60d down capture=1.7962; high_beta flag,ok,0,False,growth/high-beta theme keyword,False,,False,,asset=86.0; style=90.0; long_cycle=83.8; concentration=45.0; weights=30/25/35/10,86,90,83.75,45,True,False
563360,华泰柏瑞中证A500ETF,新宽基与新风格,broad_index,trade_pool,2025-03-03,2026-07-06,327,0.017062,0.113729,0.086371,0.295417,0.226531,0.205612,1.10607,0.988641,-0.070771,-0.084454,0.151851,1.129675,1.123254,True,False,False,False,False,False,False,False,False,broad_base,CORE_LARGE_CAP,42.377,CORE,37.7049,44.525,CORE,28.1421,42.377,CORE,risk_score=42.38; 60d volatility=0.2265; 60d beta=1.1061; 120d max drawdown=-0.0845; 60d downside vol=0.1519; 60d down capture=1.1233,ok,0,False,traditional large/core broad keyword,False,,False,,asset=35.0; style=38.0; long_cycle=61.5; concentration=30.0; weights=30/25/35/10,35,38,61.5,30,True,False
563800,广发中证A500ETF,新宽基与新风格,broad_index,trade_pool,2025-03-03,2026-07-06,327,0.018068,0.117241,0.089076,0.284105,0.223336,0.203054,1.089686,0.980623,-0.069767,-0.085646,0.14474,1.123811,1.091239,True,False,False,False,False,False,False,False,False,broad_base,CORE_LARGE_CAP,40.6557,CORE,33.8798,42.775,CORE,24.5902,40.6557,CORE,risk_score=40.66; 60d volatility=0.2233; 60d beta=1.0897; 120d max drawdown=-0.0856; 60d downside vol=0.1447; 60d down capture=1.0912,ok,0,False,traditional large/core broad keyword,False,,False,,asset=35.0; style=38.0; long_cycle=56.5; concentration=30.0; weights=30/25/35/10,35,38,56.5,30,True,False
588000,科创50ETF,宽基,broad_index,trade_pool,2025-03-03,2026-07-06,327,0.200227,0.576751,0.493296,0.553847,0.485804,0.411554,1.823504,1.520763,-0.157658,-0.192683,0.281424,2.523653,1.783701,True,False,False,False,False,False,False,True,True,broad_base,CORE_MID_CAP,77.2951,HIGH_BETA,86.3388,67.625,OFFENSIVE,63.6612,77.2951,HIGH_BETA,risk_score=77.30; 60d volatility=0.4858; 60d beta=1.8235; 120d max drawdown=-0.1927; 60d downside vol=0.2814; 60d down capture=1.7837; high_beta flag,ok,0,False,mid/small broad index keyword,False,,False,,asset=45.0; style=82.0; long_cycle=87.5; concentration=30.0; weights=30/25/35/10,45,82,87.5,30,True,False
588030,博时科创100ETF,新宽基与新风格,broad_index,trade_pool,2025-03-03,2026-07-06,327,0.170512,0.474132,0.49748,0.443491,0.382505,0.360182,1.379058,1.257646,-0.083113,-0.147783,0.231448,1.897016,1.170265,True,False,False,False,False,False,False,True,True,broad_base,CORE_MID_CAP,64.4262,OFFENSIVE,67.7596,63.3375,OFFENSIVE,54.918,64.4262,OFFENSIVE,risk_score=64.43; 60d volatility=0.3825; 60d beta=1.3791; 120d max drawdown=-0.1478; 60d downside vol=0.2314; 60d down capture=1.1703; high_beta flag,ok,0,False,mid/small broad index keyword,False,,False,,asset=45.0; style=82.0; long_cycle=75.2; concentration=30.0; weights=30/25/35/10,45,82,75.25,30,True,False
588080,科创创业50ETF,宽基,broad_index,trade_pool,2025-03-03,2026-07-06,327,0.203281,0.577573,0.497085,0.550177,0.482664,0.40717,1.812478,1.50051,-0.155992,-0.190296,0.293727,2.527101,1.783161,True,False,False,False,False,False,False,True,True,broad_base,CORE_MID_CAP,76.6667,HIGH_BETA,85.2459,67.625,OFFENSIVE,63.6612,76.6667,HIGH_BETA,risk_score=76.67; 60d volatility=0.4827; 60d beta=1.8125; 120d max drawdown=-0.1903; 60d downside vol=0.2937; 60d down capture=1.7832; high_beta flag,ok,0,False,mid/small broad index keyword,False,,False,,asset=45.0; style=82.0; long_cycle=87.5; concentration=30.0; weights=30/25/35/10,45,82,87.5,30,True,False
588120,国泰科创100ETF,新宽基与新风格,broad_index,observe_pool,2025-03-03,2026-07-06,327,-0.413639,-0.259181,-0.246949,1.792585,1.073302,0.791264,1.133213,1.092865,-0.492985,-0.492985,1.626222,0.358703,1.093741,True,False,False,False,False,False,False,True,True,broad_base,CORE_MID_CAP,82.8415,HIGH_BETA,93.4426,62.8125,OFFENSIVE,50.8197,82.8415,HIGH_BETA,risk_score=82.84; 60d volatility=1.0733; 60d beta=1.1332; 120d max drawdown=-0.4930; 60d downside vol=1.6262; 60d down capture=1.0937; high_beta flag,ok,0,False,mid/small broad index keyword,False,,False,,asset=45.0; style=82.0; long_cycle=73.8; concentration=30.0; weights=30/25/35/10,45,82,73.75,30,True,False
588190,银华科创100ETF,新宽基与新风格,broad_index,observe_pool,2025-03-03,2026-07-06,327,0.165158,0.468282,0.492754,0.441741,0.383515,0.360103,1.408004,1.279021,-0.084087,-0.143211,0.237951,1.902819,1.198955,True,False,False,False,False,False,False,True,True,broad_base,CORE_MID_CAP,65.4645,OFFENSIVE,70.765,63.3375,OFFENSIVE,54.918,65.4645,OFFENSIVE,risk_score=65.46; 60d volatility=0.3835; 60d beta=1.4080; 120d max drawdown=-0.1432; 60d downside vol=0.2380; 60d down capture=1.1990; high_beta flag,ok,0,False,mid/small broad index keyword,False,,False,,asset=45.0; style=82.0; long_cycle=75.2; concentration=30.0; weights=30/25/35/10,45,82,75.25,30,True,False
588200,科创芯片ETF,科技成长,theme,trade_pool,2025-03-03,2026-07-06,327,0.273727,0.865254,0.87959,0.612121,0.558191,0.482417,1.955862,1.659465,-0.154969,-0.192958,0.340269,2.939934,1.709431,False,True,False,True,False,False,False,True,True,quasi_broad_base,HIGH_BETA_THEME,84.1257,HIGH_BETA,94.5355,83.725,HIGH_BETA,94.5355,84.1257,HIGH_BETA,risk_score=84.13; 60d volatility=0.5582; 60d beta=1.9559; 120d max drawdown=-0.1930; 60d downside vol=0.3403; 60d down capture=1.7094; high_beta flag,ok,0,False,growth/high-beta theme keyword,False,,False,,asset=86.0; style=90.0; long_cycle=87.5; concentration=48.0; weights=30/25/35/10,86,90,87.5,48,True,False
588220,科创100ETF基金,新宽基与新风格,broad_index,trade_pool,2025-03-03,2026-07-06,327,0.174504,0.475445,0.501086,0.434064,0.38397,0.363944,1.389178,1.281294,-0.083555,-0.148423,0.231845,1.906307,1.191377,True,False,False,False,False,False,False,True,True,broad_base,CORE_MID_CAP,65.4645,OFFENSIVE,70.765,63.3375,OFFENSIVE,54.918,65.4645,OFFENSIVE,risk_score=65.46; 60d volatility=0.3840; 60d beta=1.3892; 120d max drawdown=-0.1484; 60d downside vol=0.2318; 60d down capture=1.1914; high_beta flag,ok,0,False,mid/small broad index keyword,False,,False,,asset=45.0; style=82.0; long_cycle=75.2; concentration=30.0; weights=30/25/35/10,45,82,75.25,30,True,False
588800,华夏科创100ETF,新宽基与新风格,broad_index,observe_pool,2025-03-03,2026-07-06,327,0.174112,0.481214,0.512915,0.441326,0.385945,0.363105,1.396928,1.274273,-0.082302,-0.148055,0.225185,1.910525,1.189143,True,False,False,False,False,False,False,True,True,broad_base,CORE_MID_CAP,65.2459,OFFENSIVE,69.3989,63.3375,OFFENSIVE,54.918,65.2459,OFFENSIVE,risk_score=65.25; 60d volatility=0.3859; 60d beta=1.3969; 120d max drawdown=-0.1481; 60d downside vol=0.2252; 60d down capture=1.1891; high_beta flag,ok,0,False,mid/small broad index keyword,False,,False,,asset=45.0; style=82.0; long_cycle=75.2; concentration=30.0; weights=30/25/35/10,45,82,75.25,30,True,False
