symbol,code,name,group,pool,etf_type,risk_profile,rule,event_count,win_rate_after_exit,avg_forward_return_10d,avg_forward_return_20d,max_drawdown_after_exit,avg_holding_days,turnover_proxy,profit_loss_ratio,false_exit_count,late_exit_count,evidence_level,suggestion,insufficient_reason
159001,159001,货币ETF,债券货币观察,observe_pool,bond_cash,low_volatility,rank_score_decline_2d_proxy,49,0.3695652173913043,4.130558701573668e-06,6.8183136419299535e-06,-5.999999999994898e-05,10,0.15030674846625766,0.8529568242893015,0,0,sample_limited,research_only_not_online,
159001,159001,货币ETF,债券货币观察,observe_pool,bond_cash,low_volatility,rank_score_decline_3d_proxy,14,0.5,5.000391688131378e-06,1.0000358351932212e-05,-5.999999999994898e-05,10,0.04294478527607362,0.8750289078196616,0,0,hypothesis_only,need_more_data,event_count_below_30
159001,159001,货币ETF,债券货币观察,observe_pool,bond_cash,low_volatility,rank_score_below_70_proxy,213,0.3140096618357488,2.367205315619477e-06,2.9648809059615716e-06,-6.9999300007062e-05,10,0.6533742331288344,1.0666823349752317,0,0,evidence_supported,research_only_not_online,
159001,159001,货币ETF,债券货币观察,observe_pool,bond_cash,low_volatility,top_decile_drop_proxy,31,0.23333333333333334,-9.999700002409165e-07,-1.3792827587499507e-06,-6.9999300007062e-05,10,0.0950920245398773,1.0000094285803889,0,0,hypothesis_only,candidate_for_simulation_review,
159001,159001,货币ETF,债券货币观察,observe_pool,bond_cash,low_volatility,short_swing_buy_to_watch_proxy,0,,,,,10,0.0,,0,0,hypothesis_only,need_more_data,event_count_below_30
159001,159001,货币ETF,债券货币观察,observe_pool,bond_cash,low_volatility,short_swing_buy_to_sell_proxy,0,,,,,10,0.0,,0,0,hypothesis_only,need_more_data,event_count_below_30
159001,159001,货币ETF,债券货币观察,observe_pool,bond_cash,low_volatility,volume_heat_decay_proxy,9,0.3333333333333333,4.444477778130383e-06,4.4444888893411e-06,-5.999999999994898e-05,10,0.027607361963190184,,0,0,hypothesis_only,need_more_data,event_count_below_30
159001,159001,货币ETF,债券货币观察,observe_pool,bond_cash,low_volatility,type_stop_loss_proxy,0,,,,,10,0.0,,0,0,hypothesis_only,need_more_data,event_count_below_30
159301,159301,159301,expanded_formal_data,research_only,unknown,manual_review,rank_score_decline_2d_proxy,79,0.5277777777777778,0.000261115482649439,0.008450507374390105,-0.13855970829535103,10,0.24233128834355827,0.8603170751200118,10,3,sample_limited,research_only_not_online,
159301,159301,159301,expanded_formal_data,research_only,unknown,manual_review,rank_score_decline_3d_proxy,39,0.45454545454545453,-0.003941592115578947,0.011064057915654946,-0.059615384615384626,10,0.1196319018404908,0.9089470248776388,6,0,hypothesis_only,candidate_for_simulation_review,
159301,159301,159301,expanded_formal_data,research_only,unknown,manual_review,rank_score_below_70_proxy,195,0.6324324324324324,0.008827406837069727,0.023456689683349644,-0.07714285714285718,10,0.598159509202454,1.2694670186495167,34,1,sample_limited,research_only_not_online,
159301,159301,159301,expanded_formal_data,research_only,unknown,manual_review,top_decile_drop_proxy,19,0.5263157894736842,-0.007858170837767199,-0.010256871354757403,-0.13855970829535103,10,0.05828220858895705,0.4761137221905348,1,2,hypothesis_only,need_more_data,event_count_below_30
159301,159301,159301,expanded_formal_data,research_only,unknown,manual_review,short_swing_buy_to_watch_proxy,9,0.4444444444444444,-0.010283854395739707,-0.030463533825887193,-0.13855970829535103,10,0.027607361963190184,0.6756579896343647,1,3,hypothesis_only,need_more_data,event_count_below_30
159301,159301,159301,expanded_formal_data,research_only,unknown,manual_review,short_swing_buy_to_sell_proxy,0,,,,,10,0.0,,0,0,hypothesis_only,need_more_data,event_count_below_30
159301,159301,159301,expanded_formal_data,research_only,unknown,manual_review,volume_heat_decay_proxy,23,0.4,0.0046275465245804006,0.021951091906897608,-0.05242334322453013,10,0.0705521472392638,2.274214729044442,3,0,hypothesis_only,need_more_data,event_count_below_30
159301,159301,159301,expanded_formal_data,research_only,unknown,manual_review,type_stop_loss_proxy,34,0.4583333333333333,-0.014099504311624928,0.04956371332073496,-0.03359683794466406,10,0.10429447852760736,0.5707635582150548,4,0,hypothesis_only,candidate_for_simulation_review,
159302,159302,159302,expanded_formal_data,research_only,unknown,manual_review,rank_score_decline_2d_proxy,85,0.4878048780487805,-0.0025829237342295183,0.0035630770348347106,-0.09805653710247353,10,0.2607361963190184,0.7978110180601503,13,9,sample_limited,candidate_for_simulation_review,
159302,159302,159302,expanded_formal_data,research_only,unknown,manual_review,rank_score_decline_3d_proxy,44,0.4186046511627907,-0.006062375653766524,0.003131086786968188,-0.0842349304482225,10,0.13496932515337423,0.8814368769803035,7,3,sample_limited,candidate_for_simulation_review,
159302,159302,159302,expanded_formal_data,research_only,unknown,manual_review,rank_score_below_70_proxy,227,0.5069124423963134,0.0019248428261939023,0.007755408316772418,-0.12132629992464206,10,0.696319018404908,1.0739920402366754,48,14,evidence_supported,research_only_not_online,
159302,159302,159302,expanded_formal_data,research_only,unknown,manual_review,top_decile_drop_proxy,9,0.4444444444444444,0.0022974270229515234,0.007667626286750415,-0.07946554149085794,10,0.027607361963190184,1.2788128560790983,1,1,hypothesis_only,need_more_data,event_count_below_30
159302,159302,159302,expanded_formal_data,research_only,unknown,manual_review,short_swing_buy_to_watch_proxy,11,0.5454545454545454,0.002712252092484965,0.024503868148994544,-0.07946554149085794,10,0.03374233128834356,1.0572772937087762,1,1,hypothesis_only,need_more_data,event_count_below_30
159302,159302,159302,expanded_formal_data,research_only,unknown,manual_review,short_swing_buy_to_sell_proxy,0,,,,,10,0.0,,0,0,hypothesis_only,need_more_data,event_count_below_30
159302,159302,159302,expanded_formal_data,research_only,unknown,manual_review,volume_heat_decay_proxy,30,0.4666666666666667,-0.0026377407124644945,0.00918361012218601,-0.06633380884450779,10,0.09202453987730061,0.7967881138278475,5,2,hypothesis_only,candidate_for_simulation_review,
159302,159302,159302,expanded_formal_data,research_only,unknown,manual_review,type_stop_loss_proxy,24,0.4666666666666667,0.011551174267774626,0.02436637749711931,-0.04589917231000751,10,0.0736196319018405,2.7679576011302687,5,0,hypothesis_only,need_more_data,event_count_below_30
159315,159315,159315,expanded_formal_data,research_only,unknown,manual_review,rank_score_decline_2d_proxy,78,0.6621621621621622,0.014577790586775021,0.02507987933835461,-0.22488262910798118,10,0.2392638036809816,0.8726899047782023,30,26,sample_limited,research_only_not_online,
159315,159315,159315,expanded_formal_data,research_only,unknown,manual_review,rank_score_decline_3d_proxy,43,0.675,0.020797426161855252,0.032168787675470954,-0.21118012422360244,10,0.13190184049079753,1.0719074726084896,17,12,sample_limited,research_only_not_online,
159315,159315,159315,expanded_formal_data,research_only,unknown,manual_review,rank_score_below_70_proxy,212,0.5247524752475248,-0.00029723830568530873,0.014924891806912269,-0.293236301369863,10,0.6503067484662577,0.8863233391900237,59,66,evidence_supported,candidate_for_simulation_review,
159315,159315,159315,expanded_formal_data,research_only,unknown,manual_review,top_decile_drop_proxy,9,0.5555555555555556,0.05618013821998592,0.032044299703226295,-0.1154071470415935,10,0.027607361963190184,3.5701835460910734,4,1,hypothesis_only,need_more_data,event_count_below_30
159315,159315,159315,expanded_formal_data,research_only,unknown,manual_review,short_swing_buy_to_watch_proxy,15,0.4666666666666667,-0.020146792514283404,0.01558239440675014,-0.250907441016334,10,0.046012269938650305,0.5445496745973452,4,6,hypothesis_only,need_more_data,event_count_below_30
159315,159315,159315,expanded_formal_data,research_only,unknown,manual_review,short_swing_buy_to_sell_proxy,5,0.5,-0.003180041482518048,-0.02001575599227018,-0.12399786210582575,10,0.015337423312883436,0.8309720602633526,1,1,hypothesis_only,need_more_data,event_count_below_30
159315,159315,159315,expanded_formal_data,research_only,unknown,manual_review,volume_heat_decay_proxy,25,0.8260869565217391,0.0226527392059125,0.028013081852943933,-0.22488262910798118,10,0.07668711656441718,0.6367323849840426,12,5,hypothesis_only,need_more_data,event_count_below_30
159315,159315,159315,expanded_formal_data,research_only,unknown,manual_review,type_stop_loss_proxy,127,0.39316239316239315,-0.013810434004569022,-0.031678674380473254,-0.293236301369863,10,0.3895705521472393,0.9438577311607276,29,54,sample_limited,candidate_for_simulation_review,
159321,159321,159321,expanded_formal_data,research_only,unknown,manual_review,rank_score_decline_2d_proxy,77,0.6164383561643836,0.009310457061096358,0.01881358057767168,-0.22645290581162325,10,0.2361963190184049,0.8834232027406913,28,27,sample_limited,research_only_not_online,
159321,159321,159321,expanded_formal_data,research_only,unknown,manual_review,rank_score_decline_3d_proxy,37,0.6176470588235294,0.011863033948748358,0.03057960168257002,-0.21464903357070186,10,0.11349693251533742,0.9412153873078434,14,12,hypothesis_only,research_only_not_online,
159321,159321,159321,expanded_formal_data,research_only,unknown,manual_review,rank_score_below_70_proxy,213,0.5221674876847291,-0.000585802598519757,0.01562691636512452,-0.29497716894977166,10,0.6533742331288344,0.8767920385879595,64,66,evidence_supported,candidate_for_simulation_review,
159321,159321,159321,expanded_formal_data,research_only,unknown,manual_review,top_decile_drop_proxy,9,0.5555555555555556,0.03246723511312574,0.016288733160753126,-0.11257861635220123,10,0.027607361963190184,2.151547787845978,4,2,hypothesis_only,need_more_data,event_count_below_30
159321,159321,159321,expanded_formal_data,research_only,unknown,manual_review,short_swing_buy_to_watch_proxy,16,0.5,-0.01839925661183233,-0.007461100446273704,-0.25230024213075053,10,0.049079754601226995,0.5023198369469887,5,7,hypothesis_only,need_more_data,event_count_below_30
159321,159321,159321,expanded_formal_data,research_only,unknown,manual_review,short_swing_buy_to_sell_proxy,3,0.5,-0.007549375963110727,0.011049393607886038,-0.04046535154274156,10,0.009202453987730062,0.49277630247849763,0,0,hypothesis_only,need_more_data,event_count_below_30
159321,159321,159321,expanded_formal_data,research_only,unknown,manual_review,volume_heat_decay_proxy,20,0.7368421052631579,0.025097312719912182,0.03166749140252686,-0.2260651629072682,10,0.06134969325153374,0.86191768049022,11,6,hypothesis_only,need_more_data,event_count_below_30
159321,159321,159321,expanded_formal_data,research_only,unknown,manual_review,type_stop_loss_proxy,129,0.4117647058823529,-0.015522709462103707,-0.032222702678695946,-0.29497716894977166,10,0.39570552147239263,0.8202266741596256,29,54,sample_limited,candidate_for_simulation_review,
159327,159327,159327,expanded_formal_data,research_only,unknown,manual_review,rank_score_decline_2d_proxy,65,0.5396825396825397,0.03267570895283538,0.06869464779624627,-0.1472833408172428,10,0.19938650306748465,3.082979882308679,24,21,sample_limited,research_only_not_online,
159327,159327,159327,expanded_formal_data,research_only,unknown,manual_review,rank_score_decline_3d_proxy,30,0.5517241379310345,0.02700346335379412,0.06738440370653806,-0.13208409506398544,10,0.09202453987730061,2.9662624796838246,11,9,hypothesis_only,research_only_not_online,
159327,159327,159327,expanded_formal_data,research_only,unknown,manual_review,rank_score_below_70_proxy,148,0.5743243243243243,0.04462226847570936,0.08231619743349769,-0.18111254851228975,10,0.4539877300613497,3.0458228579042745,68,35,sample_limited,research_only_not_online,
159327,159327,159327,expanded_formal_data,research_only,unknown,manual_review,top_decile_drop_proxy,14,0.7692307692307693,0.08357046471847523,0.12672742322660407,-0.10276338514680483,10,0.04294478527607362,3.389253804019116,8,2,hypothesis_only,need_more_data,event_count_below_30
159327,159327,159327,expanded_formal_data,research_only,unknown,manual_review,short_swing_buy_to_watch_proxy,16,0.625,0.04307546673767277,0.14725634254565967,-0.1472833408172428,10,0.049079754601226995,2.636144869253974,6,5,hypothesis_only,need_more_data,event_count_below_30
159327,159327,159327,expanded_formal_data,research_only,unknown,manual_review,short_swing_buy_to_sell_proxy,3,0.5,0.009793733296168172,-0.01565052714423909,-0.06286379511059359,10,0.009202453987730062,5.807323943662092,0,1,hypothesis_only,need_more_data,event_count_below_30
159327,159327,159327,expanded_formal_data,research_only,unknown,manual_review,volume_heat_decay_proxy,23,0.5652173913043478,0.04451025751084739,0.04404540854911772,-0.08422026839426189,10,0.0705521472392638,4.373540460633052,9,8,hypothesis_only,need_more_data,event_count_below_30
159327,159327,159327,expanded_formal_data,research_only,unknown,manual_review,type_stop_loss_proxy,87,0.6705882352941176,0.04674328809625915,0.08745884180452676,-0.11053864168618255,10,0.2668711656441718,2.613749247499396,39,28,sample_limited,risk_control_candidate_requires_backtest,
159332,159332,159332,expanded_formal_data,research_only,unknown,manual_review,rank_score_decline_2d_proxy,86,0.38271604938271603,-0.004704570771715769,-0.001075058813644499,-0.11019055509527753,10,0.26380368098159507,0.9435939899854797,6,6,sample_limited,candidate_for_simulation_review,
159332,159332,159332,expanded_formal_data,research_only,unknown,manual_review,rank_score_decline_3d_proxy,45,0.36585365853658536,-0.007633667550616479,-0.0006421003086492208,-0.09747899159663853,10,0.13803680981595093,0.6272866476198349,1,2,sample_limited,candidate_for_simulation_review,
159332,159332,159332,expanded_formal_data,research_only,unknown,manual_review,rank_score_below_70_proxy,205,0.49230769230769234,0.0014286840219396655,0.005841007347905149,-0.11894995898277272,10,0.6288343558282209,1.1499562888670367,17,7,evidence_supported,research_only_not_online,
159332,159332,159332,expanded_formal_data,research_only,unknown,manual_review,top_decile_drop_proxy,7,0.2857142857142857,0.0001494828675555298,0.004263398137975193,-0.04754481683554168,10,0.02147239263803681,2.5451278747133235,1,0,hypothesis_only,need_more_data,event_count_below_30
159332,159332,159332,expanded_formal_data,research_only,unknown,manual_review,short_swing_buy_to_watch_proxy,4,0.25,0.006884911221620604,0.0025143116031784707,-0.02491408934707895,10,0.012269938650306749,9.932937854899619,1,0,hypothesis_only,need_more_data,event_count_below_30
159332,159332,159332,expanded_formal_data,research_only,unknown,manual_review,short_swing_buy_to_sell_proxy,0,,,,,10,0.0,,0,0,hypothesis_only,need_more_data,event_count_below_30
159332,159332,159332,expanded_formal_data,research_only,unknown,manual_review,volume_heat_decay_proxy,31,0.37037037037037035,0.0011459537010958378,-0.0034187090079699717,-0.07476635514018692,10,0.0950920245398773,2.0291952732326424,2,1,hypothesis_only,research_only_not_online,
159332,159332,159332,expanded_formal_data,research_only,unknown,manual_review,type_stop_loss_proxy,13,0.6666666666666666,0.020156606941022764,0.03820420699709903,0.0,10,0.03987730061349693,2.122606858752339,1,0,hypothesis_only,need_more_data,event_count_below_30
159333,159333,159333,expanded_formal_data,research_only,unknown,manual_review,rank_score_decline_2d_proxy,86,0.5647058823529412,-0.0008996585632127554,0.003397482970686789,-0.11812961443806413,10,0.26380368098159507,0.7033334493024632,16,14,sample_limited,candidate_for_simulation_review,
159333,159333,159333,expanded_formal_data,research_only,unknown,manual_review,rank_score_decline_3d_proxy,39,0.5128205128205128,-0.0033058252786674638,-0.0009967178905997468,-0.11083540115798185,10,0.1196319018404908,0.7195118364185094,8,9,hypothesis_only,candidate_for_simulation_review,
159333,159333,159333,expanded_formal_data,research_only,unknown,manual_review,rank_score_below_70_proxy,226,0.5509259259259259,0.002667149183307049,0.007873220962827946,-0.1223021582733812,10,0.6932515337423313,0.9662329473320298,46,12,evidence_supported,research_only_not_online,
159333,159333,159333,expanded_formal_data,research_only,unknown,manual_review,top_decile_drop_proxy,9,0.6666666666666666,0.00390099426164445,0.015176395796752389,-0.05854956753160334,10,0.027607361963190184,0.9280586128675955,0,0,hypothesis_only,need_more_data,event_count_below_30
159333,159333,159333,expanded_formal_data,research_only,unknown,manual_review,short_swing_buy_to_watch_proxy,13,0.38461538461538464,-0.004151373469260781,0.007144904433403893,-0.11812961443806413,10,0.03987730061349693,1.077778706264813,1,2,hypothesis_only,need_more_data,event_count_below_30
159333,159333,159333,expanded_formal_data,research_only,unknown,manual_review,short_swing_buy_to_sell_proxy,0,,,,,10,0.0,,0,0,hypothesis_only,need_more_data,event_count_below_30
159333,159333,159333,expanded_formal_data,research_only,unknown,manual_review,volume_heat_decay_proxy,29,0.4827586206896552,-0.004250846495354994,0.007088949454486554,-0.07819225251076045,10,0.08895705521472393,0.7729650663635351,3,1,hypothesis_only,need_more_data,event_count_below_30
159333,159333,159333,expanded_formal_data,research_only,unknown,manual_review,type_stop_loss_proxy,23,0.6923076923076923,0.017539919411479844,0.04898618659912499,-0.07964601769911506,10,0.0705521472392638,2.2192605515815593,4,1,hypothesis_only,need_more_data,event_count_below_30
159336,159336,159336,expanded_formal_data,research_only,unknown,manual_review,rank_score_decline_2d_proxy,85,0.5365853658536586,0.0026118819159398755,0.003965252812705197,-0.11633663366336633,10,0.2607361963190184,1.0411027915287538,12,17,sample_limited,research_only_not_online,
159336,159336,159336,expanded_formal_data,research_only,unknown,manual_review,rank_score_decline_3d_proxy,44,0.5476190476190477,-0.0023706907366318514,0.004128664378568216,-0.10151006711409394,10,0.13496932515337423,0.5853586641227724,3,8,sample_limited,candidate_for_simulation_review,
159336,159336,159336,expanded_formal_data,research_only,unknown,manual_review,rank_score_below_70_proxy,192,0.5439560439560439,0.0044671693189014625,0.009362680145516318,-0.12213114754098364,10,0.588957055214724,1.1935420996543378,26,19,sample_limited,research_only_not_online,
159336,159336,159336,expanded_formal_data,research_only,unknown,manual_review,top_decile_drop_proxy,13,0.6153846153846154,0.009564453173119518,0.01662399366986295,-0.0632228218966846,10,0.03987730061349693,1.3165155689361712,3,1,hypothesis_only,need_more_data,event_count_below_30
159336,159336,159336,expanded_formal_data,research_only,unknown,manual_review,short_swing_buy_to_watch_proxy,7,0.5714285714285714,0.013333849244933875,0.036303930061862576,-0.049350649350649256,10,0.02147239263803681,1.7395099851304094,2,0,hypothesis_only,need_more_data,event_count_below_30
159336,159336,159336,expanded_formal_data,research_only,unknown,manual_review,short_swing_buy_to_sell_proxy,0,,,,,10,0.0,,0,0,hypothesis_only,need_more_data,event_count_below_30
159336,159336,159336,expanded_formal_data,research_only,unknown,manual_review,volume_heat_decay_proxy,26,0.5769230769230769,0.004683319406551896,0.0024698134532216234,-0.11633663366336633,10,0.07975460122699386,1.1152096414763177,4,4,hypothesis_only,need_more_data,event_count_below_30
159336,159336,159336,expanded_formal_data,research_only,unknown,manual_review,type_stop_loss_proxy,25,0.4375,-0.003203116106687512,0.010917802742778194,-0.03418124006359291,10,0.07668711656441718,0.8610618291858796,1,0,hypothesis_only,need_more_data,event_count_below_30
159338,159338,国泰中证A500ETF,新宽基与新风格,trade_pool,broad_index,core_beta,rank_score_decline_2d_proxy,72,0.676056338028169,0.012110333766307298,0.024126468448481916,-0.09968847352024923,10,0.22085889570552147,1.400909827118102,20,6,sample_limited,research_only_not_online,
159338,159338,国泰中证A500ETF,新宽基与新风格,trade_pool,broad_index,core_beta,rank_score_decline_3d_proxy,27,0.7777777777777778,0.019771050784393757,0.03648331675944564,-0.04531490015360984,10,0.08282208588957055,3.915606042197446,10,0,hypothesis_only,need_more_data,event_count_below_30
159338,159338,国泰中证A500ETF,新宽基与新风格,trade_pool,broad_index,core_beta,rank_score_below_70_proxy,186,0.6179775280898876,0.010130177455152444,0.022474791652717936,-0.08300395256916993,10,0.5705521472392638,1.383519928755387,52,15,sample_limited,research_only_not_online,
159338,159338,国泰中证A500ETF,新宽基与新风格,trade_pool,broad_index,core_beta,top_decile_drop_proxy,14,0.8571428571428571,0.022416266833869904,0.03397326676580331,-0.051868802440884654,10,0.04294478527607362,4.237701595626268,4,0,hypothesis_only,need_more_data,event_count_below_30
159338,159338,国泰中证A500ETF,新宽基与新风格,trade_pool,broad_index,core_beta,short_swing_buy_to_watch_proxy,20,0.6842105263157895,0.015506646308765526,0.02533532964617328,-0.05611390284757112,10,0.06134969325153374,3.6050447293914822,6,0,hypothesis_only,need_more_data,event_count_below_30
159338,159338,国泰中证A500ETF,新宽基与新风格,trade_pool,broad_index,core_beta,short_swing_buy_to_sell_proxy,0,,,,,10,0.0,,0,0,hypothesis_only,need_more_data,event_count_below_30
159338,159338,国泰中证A500ETF,新宽基与新风格,trade_pool,broad_index,core_beta,volume_heat_decay_proxy,27,0.5769230769230769,0.014111704482589343,0.02236361495388435,-0.06259426847662142,10,0.08282208588957055,3.8874142995056977,8,1,hypothesis_only,need_more_data,event_count_below_30
159338,159338,国泰中证A500ETF,新宽基与新风格,trade_pool,broad_index,core_beta,type_stop_loss_proxy,5,1.0,0.03236795418569662,0.07144556983488667,0.0,10,0.015337423312883436,,3,0,hypothesis_only,need_more_data,event_count_below_30
159352,159352,南方中证A500ETF,新宽基与新风格,trade_pool,broad_index,core_beta,rank_score_decline_2d_proxy,77,0.6666666666666666,0.010421390416803985,0.02121330054181532,-0.1258603736479842,10,0.2361963190184049,1.2298729950657008,18,8,sample_limited,research_only_not_online,
159352,159352,南方中证A500ETF,新宽基与新风格,trade_pool,broad_index,core_beta,rank_score_decline_3d_proxy,29,0.7586206896551724,0.014670613345905435,0.031141165663754865,-0.11188811188811176,10,0.08895705521472393,1.291549131868619,9,1,hypothesis_only,need_more_data,event_count_below_30
159352,159352,南方中证A500ETF,新宽基与新风格,trade_pool,broad_index,core_beta,rank_score_below_70_proxy,184,0.6193181818181818,0.01018084140827742,0.02264716709697612,-0.08586626139817632,10,0.5644171779141104,1.3834122066546382,51,16,sample_limited,research_only_not_online,
159352,159352,南方中证A500ETF,新宽基与新风格,trade_pool,broad_index,core_beta,top_decile_drop_proxy,15,0.8571428571428571,0.02278826314249747,0.032087873483511574,-0.052090975788701366,10,0.046012269938650305,5.711731043522582,4,0,hypothesis_only,need_more_data,event_count_below_30
159352,159352,南方中证A500ETF,新宽基与新风格,trade_pool,broad_index,core_beta,short_swing_buy_to_watch_proxy,20,0.6842105263157895,0.01580221304341649,0.02379421911493199,-0.057924376508447395,10,0.06134969325153374,4.423763094403048,6,0,hypothesis_only,need_more_data,event_count_below_30
159352,159352,南方中证A500ETF,新宽基与新风格,trade_pool,broad_index,core_beta,short_swing_buy_to_sell_proxy,0,,,,,10,0.0,,0,0,hypothesis_only,need_more_data,event_count_below_30
159352,159352,南方中证A500ETF,新宽基与新风格,trade_pool,broad_index,core_beta,volume_heat_decay_proxy,31,0.6451612903225806,0.013168283937702372,0.01092280666695942,-0.06308919506889044,10,0.0950920245398773,2.319004881352746,7,1,hypothesis_only,research_only_not_online,
159352,159352,南方中证A500ETF,新宽基与新风格,trade_pool,broad_index,core_beta,type_stop_loss_proxy,5,1.0,0.0369576499957065,0.07559429467554528,0.0,10,0.015337423312883436,,3,0,hypothesis_only,need_more_data,event_count_below_30
159363,159363,159363,expanded_formal_data,research_only,unknown,manual_review,rank_score_decline_2d_proxy,80,0.7532467532467533,0.041712848288618314,0.08105235896880791,-0.27071823204419887,10,0.24539877300613497,1.001227560934602,50,19,sample_limited,research_only_not_online,
159363,159363,159363,expanded_formal_data,research_only,unknown,manual_review,rank_score_decline_3d_proxy,37,0.7027027027027027,0.036679602561493295,0.08833706192093214,-0.2556390977443609,10,0.11349693251533742,1.1092753510581104,24,11,hypothesis_only,research_only_not_online,
159363,159363,159363,expanded_formal_data,research_only,unknown,manual_review,rank_score_below_70_proxy,174,0.6626506024096386,0.04161442778531726,0.07252722348151593,-0.14048672566371678,10,0.5337423312883436,2.068931435734741,95,37,sample_limited,research_only_not_online,
159363,159363,159363,expanded_formal_data,research_only,unknown,manual_review,top_decile_drop_proxy,18,0.8823529411764706,0.07785147939347875,0.1191791848771351,-0.09756097560975607,10,0.05521472392638037,41.18262798367508,12,2,hypothesis_only,need_more_data,event_count_below_30
159363,159363,159363,expanded_formal_data,research_only,unknown,manual_review,short_swing_buy_to_watch_proxy,18,0.8333333333333334,0.05268073106720177,0.10713491617546142,-0.11098398169336376,10,0.05521472392638037,1.4705043267486755,13,3,hypothesis_only,need_more_data,event_count_below_30
159363,159363,159363,expanded_formal_data,research_only,unknown,manual_review,short_swing_buy_to_sell_proxy,3,0.3333333333333333,0.011228244683872513,0.037122642203633406,-0.07027649769585242,10,0.009202453987730062,3.1275298499727455,1,1,hypothesis_only,need_more_data,event_count_below_30
159363,159363,159363,expanded_formal_data,research_only,unknown,manual_review,volume_heat_decay_proxy,29,0.7241379310344828,0.04689590224247087,0.09312710874731664,-0.1885245901639344,10,0.08895705521472393,1.530523174163076,20,7,hypothesis_only,need_more_data,event_count_below_30
159363,159363,159363,expanded_formal_data,research_only,unknown,manual_review,type_stop_loss_proxy,82,0.8227848101265823,0.06394963127977844,0.08751824815809492,-0.19675456389452328,10,0.25153374233128833,1.522070848916539,58,13,sample_limited,risk_control_candidate_requires_backtest,
159395,159395,159395,expanded_formal_data,research_only,unknown,manual_review,rank_score_decline_2d_proxy,86,0.7564102564102564,0.0011358480263391564,0.0020805076425066695,-0.007210776545166331,10,0.26380368098159507,1.0693963369301784,0,0,sample_limited,research_only_not_online,
159395,159395,159395,expanded_formal_data,research_only,unknown,manual_review,rank_score_decline_3d_proxy,49,0.7380952380952381,0.0010551857141464888,0.0020489247821392064,-0.00623630541041631,10,0.15030674846625766,1.04050532583892,0,0,sample_limited,research_only_not_online,
159395,159395,159395,expanded_formal_data,research_only,unknown,manual_review,rank_score_below_70_proxy,198,0.7074468085106383,0.0008924183691623343,0.0017835527019498297,-0.008869859288631377,10,0.6073619631901841,0.935971219133361,0,0,sample_limited,research_only_not_online,
159395,159395,159395,expanded_formal_data,research_only,unknown,manual_review,top_decile_drop_proxy,11,0.9090909090909091,0.0010888085701620557,0.00212533653767899,-0.003981465930309458,10,0.03374233128834356,0.4008161938698722,0,0,hypothesis_only,need_more_data,event_count_below_30
159395,159395,159395,expanded_formal_data,research_only,unknown,manual_review,short_swing_buy_to_watch_proxy,0,,,,,10,0.0,,0,0,hypothesis_only,need_more_data,event_count_below_30
159395,159395,159395,expanded_formal_data,research_only,unknown,manual_review,short_swing_buy_to_sell_proxy,0,,,,,10,0.0,,0,0,hypothesis_only,need_more_data,event_count_below_30
159395,159395,159395,expanded_formal_data,research_only,unknown,manual_review,volume_heat_decay_proxy,32,0.7586206896551724,0.0009336248263440475,0.0012257119267743216,-0.005151313634604193,10,0.09815950920245399,0.9869757240011497,0,0,hypothesis_only,research_only_not_online,
159395,159395,159395,expanded_formal_data,research_only,unknown,manual_review,type_stop_loss_proxy,0,,,,,10,0.0,,0,0,hypothesis_only,need_more_data,event_count_below_30
159396,159396,159396,expanded_formal_data,research_only,unknown,manual_review,rank_score_decline_2d_proxy,94,0.7333333333333333,0.001046392492856744,0.0020287759705497764,-0.007555775904809159,10,0.2883435582822086,1.186082236320129,0,0,sample_limited,research_only_not_online,
159396,159396,159396,expanded_formal_data,research_only,unknown,manual_review,rank_score_decline_3d_proxy,56,0.7592592592592593,0.001267469666604186,0.00225929891264551,-0.006385228968775691,10,0.17177914110429449,1.3316639453994645,0,0,sample_limited,research_only_not_online,
159396,159396,159396,expanded_formal_data,research_only,unknown,manual_review,rank_score_below_70_proxy,195,0.7027027027027027,0.0008858436127036854,0.001729094159831288,-0.009029702970297038,10,0.598159509202454,0.9127474903833396,0,0,sample_limited,research_only_not_online,
159396,159396,159396,expanded_formal_data,research_only,unknown,manual_review,top_decile_drop_proxy,9,0.8888888888888888,0.001211237630409275,0.0023888960667901027,-0.00212843891380321,10,0.027607361963190184,2.58774891202971,0,0,hypothesis_only,need_more_data,event_count_below_30
159396,159396,159396,expanded_formal_data,research_only,unknown,manual_review,short_swing_buy_to_watch_proxy,0,,,,,10,0.0,,0,0,hypothesis_only,need_more_data,event_count_below_30
159396,159396,159396,expanded_formal_data,research_only,unknown,manual_review,short_swing_buy_to_sell_proxy,0,,,,,10,0.0,,0,0,hypothesis_only,need_more_data,event_count_below_30
159396,159396,159396,expanded_formal_data,research_only,unknown,manual_review,volume_heat_decay_proxy,22,0.8571428571428571,0.0015122064278622219,0.0029578005005364586,-0.007555775904809159,10,0.06748466257668712,1.7749745079991162,0,0,hypothesis_only,need_more_data,event_count_below_30
159396,159396,159396,expanded_formal_data,research_only,unknown,manual_review,type_stop_loss_proxy,0,,,,,10,0.0,,0,0,hypothesis_only,need_more_data,event_count_below_30
159398,159398,159398,expanded_formal_data,research_only,unknown,manual_review,rank_score_decline_2d_proxy,88,0.7228915662650602,0.001140631759041761,0.001828720843588727,-0.006430868167202619,10,0.26993865030674846,1.3982316425869352,0,0,sample_limited,research_only_not_online,
159398,159398,159398,expanded_formal_data,research_only,unknown,manual_review,rank_score_decline_3d_proxy,51,0.75,0.0012460504778710121,0.0017882966130152915,-0.0063797286368945105,10,0.15644171779141106,1.2757310707345113,0,0,sample_limited,research_only_not_online,
159398,159398,159398,expanded_formal_data,research_only,unknown,manual_review,rank_score_below_70_proxy,193,0.6994535519125683,0.0008905273507406243,0.0017211165486213107,-0.008152282240382669,10,0.5920245398773006,0.9860065152296372,0,0,sample_limited,research_only_not_online,
159398,159398,159398,expanded_formal_data,research_only,unknown,manual_review,top_decile_drop_proxy,9,0.7777777777777778,0.0009335655197180159,0.002223810369499868,-0.0034606205250596878,10,0.027607361963190184,3.1203439151338563,0,0,hypothesis_only,need_more_data,event_count_below_30
159398,159398,159398,expanded_formal_data,research_only,unknown,manual_review,short_swing_buy_to_watch_proxy,0,,,,,10,0.0,,0,0,hypothesis_only,need_more_data,event_count_below_30
159398,159398,159398,expanded_formal_data,research_only,unknown,manual_review,short_swing_buy_to_sell_proxy,0,,,,,10,0.0,,0,0,hypothesis_only,need_more_data,event_count_below_30
159398,159398,159398,expanded_formal_data,research_only,unknown,manual_review,volume_heat_decay_proxy,34,0.7272727272727273,0.0010366172446738845,0.001003425759127754,-0.006430868167202619,10,0.10429447852760736,1.150873283959823,0,0,hypothesis_only,research_only_not_online,
159398,159398,159398,expanded_formal_data,research_only,unknown,manual_review,type_stop_loss_proxy,0,,,,,10,0.0,,0,0,hypothesis_only,need_more_data,event_count_below_30
159516,159516,159516,expanded_formal_data,research_only,unknown,manual_review,rank_score_decline_2d_proxy,66,0.578125,0.042572933724798714,0.09756051841141467,-0.5351872871736663,10,0.20245398773006135,1.6661899755213627,27,19,sample_limited,research_only_not_online,
159516,159516,159516,expanded_formal_data,research_only,unknown,manual_review,rank_score_decline_3d_proxy,28,0.5925925925925926,0.0439542834207666,0.12447286043948183,-0.5274012964054213,10,0.08588957055214724,1.7427808659193176,11,7,hypothesis_only,need_more_data,event_count_below_30
159516,159516,159516,expanded_formal_data,research_only,unknown,manual_review,rank_score_below_70_proxy,141,0.7194244604316546,0.1345694963190411,0.22655079862219152,-0.10671936758893275,10,0.4325153374233129,8.206386163299534,84,15,sample_limited,research_only_not_online,
159516,159516,159516,expanded_formal_data,research_only,unknown,manual_review,top_decile_drop_proxy,15,0.5714285714285714,0.019613887059367927,0.035644934452439374,-0.516867469879518,10,0.046012269938650305,1.0502654386284687,7,4,hypothesis_only,need_more_data,event_count_below_30
159516,159516,159516,expanded_formal_data,research_only,unknown,manual_review,short_swing_buy_to_watch_proxy,15,0.6,0.04222817770913762,0.14651952899091286,-0.0904392764857882,10,0.046012269938650305,3.1336060787644375,5,5,hypothesis_only,need_more_data,event_count_below_30
159516,159516,159516,expanded_formal_data,research_only,unknown,manual_review,short_swing_buy_to_sell_proxy,3,0.5,0.012679192608512635,-0.012433622109469078,-0.06611570247933873,10,0.009202453987730062,7.1367292225201355,0,1,hypothesis_only,need_more_data,event_count_below_30
159516,159516,159516,expanded_formal_data,research_only,unknown,manual_review,volume_heat_decay_proxy,21,0.47619047619047616,0.04856629555809614,0.041237864297958324,-0.5351872871736663,10,0.06441717791411043,2.0874924209108343,8,5,hypothesis_only,need_more_data,event_count_below_30
159516,159516,159516,expanded_formal_data,research_only,unknown,manual_review,type_stop_loss_proxy,99,0.7216494845360825,0.0696964900269184,0.17244958576687353,-0.5393452039058013,10,0.30368098159509205,0.8411829721400608,56,27,sample_limited,risk_control_candidate_requires_backtest,
159518,159518,159518,expanded_formal_data,research_only,unknown,manual_review,rank_score_decline_2d_proxy,75,0.5205479452054794,0.004403366672848366,0.020293190766158528,-0.22765957446808505,10,0.23006134969325154,1.0449047388611619,24,19,sample_limited,research_only_not_online,
159518,159518,159518,expanded_formal_data,research_only,unknown,manual_review,rank_score_decline_3d_proxy,32,0.5161290322580645,0.007216052891393709,0.02412005818097444,-0.21598272138228947,10,0.09815950920245399,1.227345878870958,10,8,hypothesis_only,research_only_not_online,
159518,159518,159518,expanded_formal_data,research_only,unknown,manual_review,rank_score_below_70_proxy,194,0.5380434782608695,0.0038650114000285023,0.0113527557471546,-0.17901687454145265,10,0.5950920245398773,1.0417567663792346,53,34,sample_limited,research_only_not_online,
159518,159518,159518,expanded_formal_data,research_only,unknown,manual_review,top_decile_drop_proxy,11,0.5454545454545454,0.03551196613769842,0.042693576250649845,-0.22020905923344947,10,0.03374233128834356,2.0260664056254325,4,2,hypothesis_only,need_more_data,event_count_below_30
159518,159518,159518,expanded_formal_data,research_only,unknown,manual_review,short_swing_buy_to_watch_proxy,17,0.4117647058823529,0.011450236985198693,0.06206335921361216,-0.2226980728051392,10,0.05214723926380368,1.9972072375768295,6,4,hypothesis_only,need_more_data,event_count_below_30
159518,159518,159518,expanded_formal_data,research_only,unknown,manual_review,short_swing_buy_to_sell_proxy,5,1.0,0.10195879121899658,0.05396911755002494,-0.04824561403508776,10,0.015337423312883436,,3,0,hypothesis_only,need_more_data,event_count_below_30
159518,159518,159518,expanded_formal_data,research_only,unknown,manual_review,volume_heat_decay_proxy,38,0.4444444444444444,-0.0026299663401744494,0.0067421389587947415,-0.2260127931769722,10,0.1165644171779141,1.081623739455069,10,10,hypothesis_only,candidate_for_simulation_review,
159518,159518,159518,expanded_formal_data,research_only,unknown,manual_review,type_stop_loss_proxy,123,0.6194690265486725,0.018106632399712917,0.02612613085714161,-0.18440233236151615,10,0.3773006134969325,1.1609199992943968,42,28,sample_limited,risk_control_candidate_requires_backtest,
159531,159531,159531,expanded_formal_data,research_only,unknown,manual_review,rank_score_decline_2d_proxy,82,0.6049382716049383,0.012124112339122464,0.025908045468986184,-0.1815812337098176,10,0.25153374233128833,1.3172767160165026,30,17,sample_limited,research_only_not_online,
159531,159531,159531,expanded_formal_data,research_only,unknown,manual_review,rank_score_decline_3d_proxy,36,0.6666666666666666,0.014696161476411769,0.026362883811697595,-0.16784452296819785,10,0.11042944785276074,1.2489781142951148,13,6,hypothesis_only,research_only_not_online,
159531,159531,159531,expanded_formal_data,research_only,unknown,manual_review,rank_score_below_70_proxy,187,0.6440677966101694,0.01422545828307847,0.0299544726377773,-0.14222503160556266,10,0.5736196319018405,1.3231014981716056,70,34,sample_limited,research_only_not_online,
159531,159531,159531,expanded_formal_data,research_only,unknown,manual_review,top_decile_drop_proxy,12,0.8333333333333334,0.018477479048991358,0.020733677855298293,-0.0871446229913474,10,0.03680981595092025,1.1390799185611253,4,1,hypothesis_only,need_more_data,event_count_below_30
159531,159531,159531,expanded_formal_data,research_only,unknown,manual_review,short_swing_buy_to_watch_proxy,26,0.64,0.015670876447696797,0.025591684127585147,-0.12620734063103667,10,0.07975460122699386,1.5644637326890654,10,3,hypothesis_only,need_more_data,event_count_below_30
159531,159531,159531,expanded_formal_data,research_only,unknown,manual_review,short_swing_buy_to_sell_proxy,0,,,,,10,0.0,,0,0,hypothesis_only,need_more_data,event_count_below_30
159531,159531,159531,expanded_formal_data,research_only,unknown,manual_review,volume_heat_decay_proxy,26,0.6538461538461539,0.01723529122035033,0.04221976705383038,-0.12939001848428844,10,0.07975460122699386,1.4296275519170718,11,3,hypothesis_only,need_more_data,event_count_below_30
159531,159531,159531,expanded_formal_data,research_only,unknown,manual_review,type_stop_loss_proxy,46,0.8043478260869565,0.0339136991632933,0.06624653555981697,-0.13893967093235848,10,0.1411042944785276,1.148807818469448,32,7,sample_limited,risk_control_candidate_requires_backtest,
159532,159532,159532,expanded_formal_data,research_only,unknown,manual_review,rank_score_decline_2d_proxy,74,0.6438356164383562,0.017111580177994277,0.03999162894635548,-0.13655287260616167,10,0.22699386503067484,1.3555043122069939,34,13,sample_limited,research_only_not_online,
159532,159532,159532,expanded_formal_data,research_only,unknown,manual_review,rank_score_decline_3d_proxy,30,0.6666666666666666,0.02078099890977346,0.04468200493766972,-0.12563237774030356,10,0.09202453987730061,1.6138442238486537,15,3,hypothesis_only,research_only_not_online,
159532,159532,159532,expanded_formal_data,research_only,unknown,manual_review,rank_score_below_70_proxy,188,0.6404494382022472,0.016153614673069173,0.03422098313415028,-0.13885778275475924,10,0.5766871165644172,1.5173788492643188,67,27,sample_limited,research_only_not_online,
159532,159532,159532,expanded_formal_data,research_only,unknown,manual_review,top_decile_drop_proxy,10,0.7,0.024703288037376637,0.033861906735905965,-0.07989276139410184,10,0.03067484662576687,3.981107244316705,5,1,hypothesis_only,need_more_data,event_count_below_30
159532,159532,159532,expanded_formal_data,research_only,unknown,manual_review,short_swing_buy_to_watch_proxy,23,0.5454545454545454,0.01536123089661091,0.02778192322410686,-0.12464428002276595,10,0.0705521472392638,2.156561444575565,9,4,hypothesis_only,need_more_data,event_count_below_30
159532,159532,159532,expanded_formal_data,research_only,unknown,manual_review,short_swing_buy_to_sell_proxy,1,1.0,0.053201082055906124,0.08025247971145166,0.0,10,0.003067484662576687,,1,0,hypothesis_only,need_more_data,event_count_below_30
159532,159532,159532,expanded_formal_data,research_only,unknown,manual_review,volume_heat_decay_proxy,14,0.7857142857142857,0.01506265284814837,0.04041890929353109,-0.11761331038439471,10,0.04294478527607362,0.7912490725608017,4,3,hypothesis_only,need_more_data,event_count_below_30
159532,159532,159532,expanded_formal_data,research_only,unknown,manual_review,type_stop_loss_proxy,41,0.8536585365853658,0.03495254408959072,0.07234703145490484,-0.11819727891156462,10,0.12576687116564417,1.1394057397887383,25,4,sample_limited,risk_control_candidate_requires_backtest,
159536,159536,159536,expanded_formal_data,research_only,unknown,manual_review,rank_score_decline_2d_proxy,83,0.6097560975609756,0.00949195846568204,0.026692101593996022,-0.15451388888888884,10,0.254601226993865,1.026420181080402,33,19,sample_limited,research_only_not_online,
159536,159536,159536,expanded_formal_data,research_only,unknown,manual_review,rank_score_decline_3d_proxy,43,0.6046511627906976,0.01024053304837893,0.025318782052519095,-0.1456140350877192,10,0.13190184049079753,1.0788206330582097,19,10,sample_limited,research_only_not_online,
159536,159536,159536,expanded_formal_data,research_only,unknown,manual_review,rank_score_below_70_proxy,190,0.65,0.014204445593252544,0.029213660654321953,-0.1511555277951281,10,0.5828220858895705,1.2587054714991153,70,26,sample_limited,research_only_not_online,
159536,159536,159536,expanded_formal_data,research_only,unknown,manual_review,top_decile_drop_proxy,10,0.7,0.011831699586117062,0.005143798677571376,-0.09248913718187468,10,0.03067484662576687,0.7147565571984178,3,2,hypothesis_only,need_more_data,event_count_below_30
159536,159536,159536,expanded_formal_data,research_only,unknown,manual_review,short_swing_buy_to_watch_proxy,23,0.5454545454545454,0.005876999363231974,0.011035947513446604,-0.12152553329023918,10,0.0705521472392638,1.116242884538766,6,3,hypothesis_only,need_more_data,event_count_below_30
159536,159536,159536,expanded_formal_data,research_only,unknown,manual_review,short_swing_buy_to_sell_proxy,1,0.0,-0.14249146757679187,-0.09385665529010234,-0.16894197952218426,10,0.003067484662576687,,0,1,hypothesis_only,need_more_data,event_count_below_30
159536,159536,159536,expanded_formal_data,research_only,unknown,manual_review,volume_heat_decay_proxy,24,0.5416666666666666,0.0038009569890287837,0.027569790047023285,-0.1511555277951281,10,0.0736196319018405,0.9963297019612927,10,8,hypothesis_only,need_more_data,event_count_below_30
159536,159536,159536,expanded_formal_data,research_only,unknown,manual_review,type_stop_loss_proxy,47,0.8297872340425532,0.031894765825192725,0.06383664585812025,-0.1365248226950354,10,0.1441717791411043,0.9351465062840031,30,7,sample_limited,risk_control_candidate_requires_backtest,
159538,159538,159538,expanded_formal_data,research_only,unknown,manual_review,rank_score_decline_2d_proxy,70,0.5507246376811594,0.013602629037180519,0.034815796582387946,-0.18222222222222217,10,0.2147239263803681,1.4021865492840724,28,27,sample_limited,research_only_not_online,
159538,159538,159538,expanded_formal_data,research_only,unknown,manual_review,rank_score_decline_3d_proxy,31,0.5161290322580645,0.004251401873775585,0.024951827916050842,-0.15981735159817345,10,0.0950920245398773,1.078352267811594,11,14,hypothesis_only,research_only_not_online,
159538,159538,159538,expanded_formal_data,research_only,unknown,manual_review,rank_score_below_70_proxy,167,0.5460122699386503,0.02138529275373546,0.034651444966617234,-0.14721104082806213,10,0.5122699386503068,1.8155812593430172,62,48,sample_limited,research_only_not_online,
159538,159538,159538,expanded_formal_data,research_only,unknown,manual_review,top_decile_drop_proxy,22,0.65,0.04172788400037898,0.06910780277207777,-0.11534216335540848,10,0.06748466257668712,2.107875807232297,11,6,hypothesis_only,need_more_data,event_count_below_30
159538,159538,159538,expanded_formal_data,research_only,unknown,manual_review,short_swing_buy_to_watch_proxy,22,0.5909090909090909,0.02596594931265066,0.059917997844043065,-0.14178240740740733,10,0.06748466257668712,1.854445279913109,8,6,hypothesis_only,need_more_data,event_count_below_30
159538,159538,159538,expanded_formal_data,research_only,unknown,manual_review,short_swing_buy_to_sell_proxy,3,0.0,-0.028311252610318027,-0.047979071810847485,-0.10155763239875393,10,0.009202453987730062,,0,2,hypothesis_only,need_more_data,event_count_below_30
159538,159538,159538,expanded_formal_data,research_only,unknown,manual_review,volume_heat_decay_proxy,37,0.5675675675675675,0.018960872905213852,0.039339734820818914,-0.14178240740740733,10,0.11349693251533742,1.7453516107660947,18,12,hypothesis_only,research_only_not_online,
159538,159538,159538,expanded_formal_data,research_only,unknown,manual_review,type_stop_loss_proxy,97,0.5789473684210527,0.038824130321919025,0.04486475572955365,-0.12815990593768367,10,0.29754601226993865,3.0086155654844946,43,26,sample_limited,risk_control_candidate_requires_backtest,
159539,159539,159539,expanded_formal_data,research_only,unknown,manual_review,rank_score_decline_2d_proxy,76,0.5333333333333333,0.012245801176254806,0.0369767696301532,-0.19015151515151518,10,0.2331288343558282,1.4475454085672275,31,31,sample_limited,research_only_not_online,
159539,159539,159539,expanded_formal_data,research_only,unknown,manual_review,rank_score_decline_3d_proxy,36,0.5,0.00573686725315629,0.03019082612959075,-0.16874027993779162,10,0.11042944785276074,1.299829552072534,15,16,hypothesis_only,research_only_not_online,
159539,159539,159539,expanded_formal_data,research_only,unknown,manual_review,rank_score_below_70_proxy,166,0.5493827160493827,0.021786466470219923,0.03605546736387047,-0.1475218658892129,10,0.50920245398773,1.824952873645848,62,47,sample_limited,research_only_not_online,
159539,159539,159539,expanded_formal_data,research_only,unknown,manual_review,top_decile_drop_proxy,22,0.65,0.04289278815757535,0.07930544568944317,-0.11776251226692824,10,0.06748466257668712,2.338065649359036,11,5,hypothesis_only,need_more_data,event_count_below_30
159539,159539,159539,expanded_formal_data,research_only,unknown,manual_review,short_swing_buy_to_watch_proxy,21,0.5714285714285714,0.02546060879419007,0.057112228003769694,-0.14302461899179364,10,0.06441717791411043,1.8982854785961443,6,6,hypothesis_only,need_more_data,event_count_below_30
159539,159539,159539,expanded_formal_data,research_only,unknown,manual_review,short_swing_buy_to_sell_proxy,4,0.6666666666666666,-0.015472954171720824,-0.02269518515159219,-0.1033608116677236,10,0.012269938650306749,0.06427055841421794,0,2,hypothesis_only,need_more_data,event_count_below_30
159539,159539,159539,expanded_formal_data,research_only,unknown,manual_review,volume_heat_decay_proxy,31,0.5483870967741935,0.0259618788750476,0.041393250647664116,-0.1465265615878576,10,0.0950920245398773,2.176898993718446,16,11,hypothesis_only,research_only_not_online,
159539,159539,159539,expanded_formal_data,research_only,unknown,manual_review,type_stop_loss_proxy,96,0.5957446808510638,0.03974192860197085,0.052997808864201856,-0.11776251226692824,10,0.294478527607362,2.7331446506764316,45,28,sample_limited,risk_control_candidate_requires_backtest,
159540,159540,159540,expanded_formal_data,research_only,unknown,manual_review,rank_score_decline_2d_proxy,80,0.5641025641025641,0.017212847264195568,0.043184166170946704,-0.186029411764706,10,0.24539877300613497,1.6167463521838488,33,26,sample_limited,research_only_not_online,
159540,159540,159540,expanded_formal_data,research_only,unknown,manual_review,rank_score_decline_3d_proxy,41,0.55,0.010966518579322982,0.036595699341729016,-0.1657874905802562,10,0.12576687116564417,1.4292478005029503,17,15,sample_limited,research_only_not_online,
159540,159540,159540,expanded_formal_data,research_only,unknown,manual_review,rank_score_below_70_proxy,164,0.56875,0.0231383427899177,0.03876820478719887,-0.14356435643564358,10,0.5030674846625767,1.787144498046864,62,46,sample_limited,research_only_not_online,
159540,159540,159540,expanded_formal_data,research_only,unknown,manual_review,top_decile_drop_proxy,21,0.631578947368421,0.0332104145581196,0.06674831923877246,-0.1109570041608876,10,0.06441717791411043,1.371784487526226,10,6,hypothesis_only,need_more_data,event_count_below_30
159540,159540,159540,expanded_formal_data,research_only,unknown,manual_review,short_swing_buy_to_watch_proxy,19,0.5789473684210527,0.02663601325486493,0.055721461389650444,-0.1393034825870647,10,0.05828220858895705,1.9897732583307668,7,4,hypothesis_only,need_more_data,event_count_below_30
159540,159540,159540,expanded_formal_data,research_only,unknown,manual_review,short_swing_buy_to_sell_proxy,4,0.0,-0.03142552786414721,0.054082308490700025,-0.10282621767889355,10,0.012269938650306749,,0,3,hypothesis_only,need_more_data,event_count_below_30
159540,159540,159540,expanded_formal_data,research_only,unknown,manual_review,volume_heat_decay_proxy,32,0.65625,0.03318335521923431,0.03068445927626326,-0.1393034825870647,10,0.09815950920245399,2.1452817197286227,18,7,hypothesis_only,research_only_not_online,
159540,159540,159540,expanded_formal_data,research_only,unknown,manual_review,type_stop_loss_proxy,92,0.6222222222222222,0.04123115764225996,0.04851014368208345,-0.11471610660486675,10,0.2822085889570552,2.688660603276283,43,25,sample_limited,risk_control_candidate_requires_backtest,
159545,159545,159545,expanded_formal_data,research_only,unknown,manual_review,rank_score_decline_2d_proxy,85,0.45121951219512196,-0.006100236131906012,-0.003508821686992445,-0.13217138707334786,10,0.2607361963190184,0.7745161700745334,11,14,sample_limited,candidate_for_simulation_review,
159545,159545,159545,expanded_formal_data,research_only,unknown,manual_review,rank_score_decline_3d_proxy,42,0.34146341463414637,-0.012722379442567657,-0.010493498383538562,-0.08866995073891615,10,0.12883435582822086,0.7258090708917034,4,7,sample_limited,candidate_for_simulation_review,
159545,159545,159545,expanded_formal_data,research_only,unknown,manual_review,rank_score_below_70_proxy,219,0.5119617224880383,4.617242732768237e-05,0.004244695799191259,-0.1390489913544668,10,0.6717791411042945,0.9567443027284367,40,16,evidence_supported,research_only_not_online,
159545,159545,159545,expanded_formal_data,research_only,unknown,manual_review,top_decile_drop_proxy,7,0.5714285714285714,0.008541358681116051,0.013190731878092499,-0.05518617021276595,10,0.02147239263803681,1.7052137033311998,2,0,hypothesis_only,need_more_data,event_count_below_30
159545,159545,159545,expanded_formal_data,research_only,unknown,manual_review,short_swing_buy_to_watch_proxy,11,0.6363636363636364,0.00508874549397412,0.025647130350864997,-0.05518617021276595,10,0.03374233128834356,0.9857669042023594,1,0,hypothesis_only,need_more_data,event_count_below_30
159545,159545,159545,expanded_formal_data,research_only,unknown,manual_review,short_swing_buy_to_sell_proxy,0,,,,,10,0.0,,0,0,hypothesis_only,need_more_data,event_count_below_30
159545,159545,159545,expanded_formal_data,research_only,unknown,manual_review,volume_heat_decay_proxy,26,0.5384615384615384,-0.006199178249120183,0.012906649677532257,-0.13217138707334786,10,0.07975460122699386,0.5527946559866631,3,2,hypothesis_only,need_more_data,event_count_below_30
159545,159545,159545,expanded_formal_data,research_only,unknown,manual_review,type_stop_loss_proxy,26,0.6875,0.008735234234398197,0.05117814676522619,-0.09164818920916473,10,0.07975460122699386,0.754642122765821,5,1,hypothesis_only,need_more_data,event_count_below_30
159547,159547,159547,expanded_formal_data,research_only,unknown,manual_review,rank_score_decline_2d_proxy,77,0.43243243243243246,-0.004133533464606661,-0.001214470603286192,-0.08604845446950704,10,0.2361963190184049,0.8348370145657285,4,2,sample_limited,candidate_for_simulation_review,
159547,159547,159547,expanded_formal_data,research_only,unknown,manual_review,rank_score_decline_3d_proxy,40,0.41025641025641024,-0.005124223099690964,0.003220297136414674,-0.04933920704845818,10,0.12269938650306748,0.7717329573050337,1,0,sample_limited,candidate_for_simulation_review,
159547,159547,159547,expanded_formal_data,research_only,unknown,manual_review,rank_score_below_70_proxy,207,0.4416243654822335,-0.002334159275882016,-0.00163727202318051,-0.10401310401310404,10,0.6349693251533742,0.966941067156156,17,6,evidence_supported,candidate_for_simulation_review,
159547,159547,159547,expanded_formal_data,research_only,unknown,manual_review,top_decile_drop_proxy,10,0.4,-0.002520325362463016,-0.008846336327016568,-0.053459119496855445,10,0.03067484662576687,0.9178031761028851,0,0,hypothesis_only,need_more_data,event_count_below_30
159547,159547,159547,expanded_formal_data,research_only,unknown,manual_review,short_swing_buy_to_watch_proxy,6,0.5,0.0007489931338031663,0.020221153208644,-0.020177562550444006,10,0.018404907975460124,1.2256248803424858,0,0,hypothesis_only,need_more_data,event_count_below_30
159547,159547,159547,expanded_formal_data,research_only,unknown,manual_review,short_swing_buy_to_sell_proxy,0,,,,,10,0.0,,0,0,hypothesis_only,need_more_data,event_count_below_30
159547,159547,159547,expanded_formal_data,research_only,unknown,manual_review,volume_heat_decay_proxy,11,0.7272727272727273,0.004124752063960699,0.01200315126985132,-0.02079866888519133,10,0.03374233128834356,0.6468336661352122,0,0,hypothesis_only,need_more_data,event_count_below_30
159547,159547,159547,expanded_formal_data,research_only,unknown,manual_review,type_stop_loss_proxy,13,0.6666666666666666,0.030148566293144774,0.0662650602409639,0.0,10,0.03987730061349693,2.3476764199656035,2,0,hypothesis_only,need_more_data,event_count_below_30
159549,159549,159549,expanded_formal_data,research_only,unknown,manual_review,rank_score_decline_2d_proxy,88,0.4588235294117647,-0.00263175452677706,-0.0005245097362222284,-0.09669421487603302,10,0.26993865030674846,0.8116337859301213,4,2,sample_limited,candidate_for_simulation_review,
159549,159549,159549,expanded_formal_data,research_only,unknown,manual_review,rank_score_decline_3d_proxy,53,0.45098039215686275,-0.0030902792916009335,0.001298113444068834,-0.08764607679465775,10,0.16257668711656442,0.7456887959377114,2,1,sample_limited,candidate_for_simulation_review,
159549,159549,159549,expanded_formal_data,research_only,unknown,manual_review,rank_score_below_70_proxy,214,0.5049019607843137,-0.0005601572653689476,0.002881362591609017,-0.10336341263330606,10,0.656441717791411,0.8729454251929929,6,6,evidence_supported,candidate_for_simulation_review,
159549,159549,159549,expanded_formal_data,research_only,unknown,manual_review,top_decile_drop_proxy,7,0.42857142857142855,-0.0024472389446246823,-0.002668397931587796,-0.045527156549520664,10,0.02147239263803681,0.790381422045658,0,0,hypothesis_only,need_more_data,event_count_below_30
159549,159549,159549,expanded_formal_data,research_only,unknown,manual_review,short_swing_buy_to_watch_proxy,2,0.0,-0.015503633570559394,-0.0053128037539245665,-0.02861815208503693,10,0.006134969325153374,,0,0,hypothesis_only,need_more_data,event_count_below_30
159549,159549,159549,expanded_formal_data,research_only,unknown,manual_review,short_swing_buy_to_sell_proxy,0,,,,,10,0.0,,0,0,hypothesis_only,need_more_data,event_count_below_30
159549,159549,159549,expanded_formal_data,research_only,unknown,manual_review,volume_heat_decay_proxy,14,0.5714285714285714,-0.0036655310470431308,-0.001723408926578535,-0.04213036565977735,10,0.04294478527607362,0.4484636459884622,0,0,hypothesis_only,need_more_data,event_count_below_30
159549,159549,159549,expanded_formal_data,research_only,unknown,manual_review,type_stop_loss_proxy,11,0.5,0.014374814663574875,0.05106778087279484,0.0,10,0.03374233128834356,3.059192200557104,1,0,hypothesis_only,need_more_data,event_count_below_30
159551,159551,159551,expanded_formal_data,research_only,unknown,manual_review,rank_score_decline_2d_proxy,84,0.5487804878048781,0.008467198016246244,0.014744196416534263,-0.23589341692789967,10,0.25766871165644173,1.1367762001391455,31,28,sample_limited,research_only_not_online,
159551,159551,159551,expanded_formal_data,research_only,unknown,manual_review,rank_score_decline_3d_proxy,41,0.5365853658536586,0.0071365152621959225,0.016730198745459692,-0.20473083197389885,10,0.12576687116564417,1.1456229996916691,15,11,sample_limited,research_only_not_online,
159551,159551,159551,expanded_formal_data,research_only,unknown,manual_review,rank_score_below_70_proxy,183,0.5517241379310345,0.00827626878719781,0.0198534591637162,-0.1647646219686162,10,0.5613496932515337,1.1579429167759658,61,48,sample_limited,research_only_not_online,
159551,159551,159551,expanded_formal_data,research_only,unknown,manual_review,top_decile_drop_proxy,11,0.6363636363636364,0.029702035337808252,0.041513529821979894,-0.10141206675224657,10,0.03374233128834356,2.1687926261448442,6,2,hypothesis_only,need_more_data,event_count_below_30
159551,159551,159551,expanded_formal_data,research_only,unknown,manual_review,short_swing_buy_to_watch_proxy,21,0.65,0.01649337631486017,0.03348424269835471,-0.15755395683453233,10,0.06441717791411043,1.1080210487271709,9,8,hypothesis_only,need_more_data,event_count_below_30
159551,159551,159551,expanded_formal_data,research_only,unknown,manual_review,short_swing_buy_to_sell_proxy,1,1.0,0.02998379254457051,0.14343598055105344,-0.030794165316045397,10,0.003067484662576687,,0,0,hypothesis_only,need_more_data,event_count_below_30
159551,159551,159551,expanded_formal_data,research_only,unknown,manual_review,volume_heat_decay_proxy,33,0.5151515151515151,0.012583890962641679,0.01726640585982477,-0.15437987857762359,10,0.10122699386503067,1.6048912681969232,13,10,hypothesis_only,research_only_not_online,
159551,159551,159551,expanded_formal_data,research_only,unknown,manual_review,type_stop_loss_proxy,102,0.59,0.00841414467462447,0.01995046963180452,-0.17582417582417587,10,0.3128834355828221,1.023680336606654,34,24,sample_limited,risk_control_candidate_requires_backtest,
159558,159558,159558,expanded_formal_data,research_only,unknown,manual_review,rank_score_decline_2d_proxy,64,0.5806451612903226,0.03147662405508095,0.07998735776094089,-0.15489749430523914,10,0.19631901840490798,2.752490291304854,23,20,sample_limited,research_only_not_online,
159558,159558,159558,expanded_formal_data,research_only,unknown,manual_review,rank_score_decline_3d_proxy,30,0.5517241379310345,0.024907425797697214,0.07452402460602518,-0.1368078175895766,10,0.09202453987730061,2.669637987010358,10,9,hypothesis_only,research_only_not_online,
159558,159558,159558,expanded_formal_data,research_only,unknown,manual_review,rank_score_below_70_proxy,149,0.5771812080536913,0.044510207858599,0.08263697935984049,-0.18711656441717794,10,0.4570552147239264,2.9713031724789336,68,36,sample_limited,research_only_not_online,
159558,159558,159558,expanded_formal_data,research_only,unknown,manual_review,top_decile_drop_proxy,15,0.7142857142857143,0.0788443894987377,0.11353417528207209,-0.11538461538461542,10,0.046012269938650305,3.753283435215437,8,3,hypothesis_only,need_more_data,event_count_below_30
159558,159558,159558,expanded_formal_data,research_only,unknown,manual_review,short_swing_buy_to_watch_proxy,17,0.5882352941176471,0.03641784063617387,0.1389049371850244,-0.15489749430523914,10,0.05214723926380368,2.336159543174377,6,6,hypothesis_only,need_more_data,event_count_below_30
159558,159558,159558,expanded_formal_data,research_only,unknown,manual_review,short_swing_buy_to_sell_proxy,4,0.6666666666666666,0.015498136502905028,0.10920155906245743,-0.09388720027017905,10,0.012269938650306749,6.132465609055819,0,2,hypothesis_only,need_more_data,event_count_below_30
159558,159558,159558,expanded_formal_data,research_only,unknown,manual_review,volume_heat_decay_proxy,17,0.6470588235294118,0.04987365042604252,0.04235664518924885,-0.1368078175895766,10,0.05214723926380368,4.254344721917972,7,4,hypothesis_only,need_more_data,event_count_below_30
159558,159558,159558,expanded_formal_data,research_only,unknown,manual_review,type_stop_loss_proxy,86,0.6547619047619048,0.04658635075005485,0.08673951833279832,-0.1368078175895766,10,0.26380368098159507,2.6041090372728264,40,30,sample_limited,risk_control_candidate_requires_backtest,
159559,159559,159559,expanded_formal_data,research_only,unknown,manual_review,rank_score_decline_2d_proxy,89,0.5113636363636364,0.006558996885094753,0.009601731558976147,-0.23896499238964997,10,0.27300613496932513,1.2175089416103024,34,35,sample_limited,research_only_not_online,
159559,159559,159559,expanded_formal_data,research_only,unknown,manual_review,rank_score_decline_3d_proxy,46,0.5,0.005866307120791146,0.015349551814846641,-0.20948616600790504,10,0.1411042944785276,1.275830238942606,17,16,sample_limited,research_only_not_online,
159559,159559,159559,expanded_formal_data,research_only,unknown,manual_review,rank_score_below_70_proxy,183,0.5287356321839081,0.008685187733071873,0.01616012383839784,-0.1605281445448229,10,0.5613496932515337,1.2605171896009895,63,58,sample_limited,research_only_not_online,
159559,159559,159559,expanded_formal_data,research_only,unknown,manual_review,top_decile_drop_proxy,19,0.47368421052631576,-0.00022020655389845106,0.0007585245153759702,-0.12419562419562424,10,0.05828220858895705,1.0994673552972667,7,10,hypothesis_only,need_more_data,event_count_below_30
159559,159559,159559,expanded_formal_data,research_only,unknown,manual_review,short_swing_buy_to_watch_proxy,18,0.5555555555555556,0.006109510356366939,0.018534349397834025,-0.1605281445448229,10,0.05521472392638037,1.0006285697994561,7,9,hypothesis_only,need_more_data,event_count_below_30
159559,159559,159559,expanded_formal_data,research_only,unknown,manual_review,short_swing_buy_to_sell_proxy,3,0.5,0.004058574469578191,0.17204301075268824,-0.03379416282642089,10,0.009202453987730062,1.2433380084151444,1,0,hypothesis_only,need_more_data,event_count_below_30
159559,159559,159559,expanded_formal_data,research_only,unknown,manual_review,volume_heat_decay_proxy,36,0.5,0.007887915923519472,0.017265073934975377,-0.1582491582491582,10,0.11042944785276074,1.3790181702216555,12,13,hypothesis_only,research_only_not_online,
159559,159559,159559,expanded_formal_data,research_only,unknown,manual_review,type_stop_loss_proxy,132,0.5118110236220472,0.004307824247371713,0.009702470145627695,-0.17218543046357615,10,0.4049079754601227,1.1467078889513258,42,44,sample_limited,risk_control_candidate_requires_backtest,
159562,159562,159562,expanded_formal_data,research_only,unknown,manual_review,rank_score_decline_2d_proxy,81,0.6883116883116883,0.021805493558978865,0.0322638829903625,-0.23014472290857746,10,0.24846625766871167,0.9637100094679802,38,22,sample_limited,research_only_not_online,
159562,159562,159562,expanded_formal_data,research_only,unknown,manual_review,rank_score_decline_3d_proxy,44,0.7317073170731707,0.0363998814948736,0.039418105778724,-0.21631333093783678,10,0.13496932515337423,1.22378045705714,24,9,sample_limited,research_only_not_online,
159562,159562,159562,expanded_formal_data,research_only,unknown,manual_review,rank_score_below_70_proxy,214,0.5098039215686274,0.0007236837983951453,0.01628583276566665,-0.29440310579100615,10,0.656441717791411,0.9677639473584192,65,67,evidence_supported,research_only_not_online,
159562,159562,159562,expanded_formal_data,research_only,unknown,manual_review,top_decile_drop_proxy,9,0.5555555555555556,0.0607100655938699,0.026196072364896836,-0.10949227373068438,10,0.027607361963190184,3.148558989276844,4,2,hypothesis_only,need_more_data,event_count_below_30
159562,159562,159562,expanded_formal_data,research_only,unknown,manual_review,short_swing_buy_to_watch_proxy,16,0.5625,0.0008664321033001882,0.03779284029303185,-0.2391573729863692,10,0.049079754601226995,0.8010583713243066,4,5,hypothesis_only,need_more_data,event_count_below_30
159562,159562,159562,expanded_formal_data,research_only,unknown,manual_review,short_swing_buy_to_sell_proxy,5,0.25,-0.036174713557737354,-0.04799754777681159,-0.23014472290857746,10,0.015337423312883436,0.4686923680723907,0,2,hypothesis_only,need_more_data,event_count_below_30
159562,159562,159562,expanded_formal_data,research_only,unknown,manual_review,volume_heat_decay_proxy,25,0.9166666666666666,0.03320179470179075,0.05862066609381526,-0.21631333093783678,10,0.07668711656441718,0.3359875161067728,16,2,hypothesis_only,need_more_data,event_count_below_30
159562,159562,159562,expanded_formal_data,research_only,unknown,manual_review,type_stop_loss_proxy,131,0.39669421487603307,-0.013807289576512203,-0.028795611796591538,-0.29440310579100615,10,0.401840490797546,0.9366751667962963,30,55,sample_limited,candidate_for_simulation_review,
159593,159593,中证A50ETF,新宽基与新风格,trade_pool,broad_index,core_beta,rank_score_decline_2d_proxy,74,0.6438356164383562,0.005193412429797037,0.017882401467331235,-0.08628127696289911,10,0.22699386503067484,0.9570514782655494,9,4,sample_limited,research_only_not_online,
159593,159593,中证A50ETF,新宽基与新风格,trade_pool,broad_index,core_beta,rank_score_decline_3d_proxy,31,0.7096774193548387,0.0073126531525971004,0.027396333022540402,-0.041884816753926746,10,0.0950920245398773,1.088049785594331,3,0,hypothesis_only,research_only_not_online,
159593,159593,中证A50ETF,新宽基与新风格,trade_pool,broad_index,core_beta,rank_score_below_70_proxy,201,0.6145833333333334,0.007863291986134358,0.01664122846030837,-0.05670103092783518,10,0.6165644171779141,1.3782147500233952,34,0,evidence_supported,research_only_not_online,
159593,159593,中证A50ETF,新宽基与新风格,trade_pool,broad_index,core_beta,top_decile_drop_proxy,10,0.6,0.009679545673871592,0.020266143668982106,-0.047652417659425406,10,0.03067484662576687,1.5419962963511449,1,0,hypothesis_only,need_more_data,event_count_below_30
159593,159593,中证A50ETF,新宽基与新风格,trade_pool,broad_index,core_beta,short_swing_buy_to_watch_proxy,14,0.35714285714285715,-0.004706561097232442,0.006053838460095311,-0.09795570698466782,10,0.04294478527607362,0.9853990710331031,0,1,hypothesis_only,need_more_data,event_count_below_30
159593,159593,中证A50ETF,新宽基与新风格,trade_pool,broad_index,core_beta,short_swing_buy_to_sell_proxy,1,,,,,10,0.003067484662576687,,0,0,hypothesis_only,need_more_data,event_count_below_30
159593,159593,中证A50ETF,新宽基与新风格,trade_pool,broad_index,core_beta,volume_heat_decay_proxy,28,0.6071428571428571,0.004131958693451898,0.01497518277641525,-0.044742729306487705,10,0.08588957055214724,1.1017254798267895,3,0,hypothesis_only,need_more_data,event_count_below_30
159593,159593,中证A50ETF,新宽基与新风格,trade_pool,broad_index,core_beta,type_stop_loss_proxy,3,1.0,0.03953405607647283,0.06435882268508115,0.0,10,0.009202453987730062,,3,0,hypothesis_only,need_more_data,event_count_below_30
159595,159595,159595,expanded_formal_data,research_only,unknown,manual_review,rank_score_decline_2d_proxy,70,0.6956521739130435,0.009467439605775263,0.01982242183980511,-0.08658008658008665,10,0.2147239263803681,1.083647791256625,14,4,sample_limited,research_only_not_online,
159595,159595,159595,expanded_formal_data,research_only,unknown,manual_review,rank_score_decline_3d_proxy,22,0.8181818181818182,0.016400037205445864,0.03064348085524675,-0.03340440653873489,10,0.06748466257668712,1.7820465287331064,6,0,hypothesis_only,need_more_data,event_count_below_30
159595,159595,159595,expanded_formal_data,research_only,unknown,manual_review,rank_score_below_70_proxy,202,0.616580310880829,0.007858344237075585,0.01669120110566287,-0.05313653136531371,10,0.6196319018404908,1.432011946741789,32,0,evidence_supported,research_only_not_online,
159595,159595,159595,expanded_formal_data,research_only,unknown,manual_review,top_decile_drop_proxy,10,0.6,0.011295762708321366,0.01849449155035604,-0.04628330995792418,10,0.03067484662576687,2.1023499401752743,1,0,hypothesis_only,need_more_data,event_count_below_30
159595,159595,159595,expanded_formal_data,research_only,unknown,manual_review,short_swing_buy_to_watch_proxy,12,0.4166666666666667,0.003856855945523846,0.011544515095997632,-0.10136286201022149,10,0.03680981595092025,1.7872495605028165,1,1,hypothesis_only,need_more_data,event_count_below_30
159595,159595,159595,expanded_formal_data,research_only,unknown,manual_review,short_swing_buy_to_sell_proxy,1,,,,,10,0.003067484662576687,,0,0,hypothesis_only,need_more_data,event_count_below_30
159595,159595,159595,expanded_formal_data,research_only,unknown,manual_review,volume_heat_decay_proxy,17,0.9411764705882353,0.01912433802906411,0.024705983750223433,-0.026485325697924056,10,0.05214723926380368,,4,0,hypothesis_only,need_more_data,event_count_below_30
159595,159595,159595,expanded_formal_data,research_only,unknown,manual_review,type_stop_loss_proxy,8,1.0,0.022723046166855637,0.05676901133353268,-0.0009033423667569318,10,0.024539877300613498,,3,0,hypothesis_only,need_more_data,event_count_below_30
159608,159608,159608,expanded_formal_data,research_only,unknown,manual_review,rank_score_decline_2d_proxy,69,0.7205882352941176,0.028629455732958026,0.058972185899179776,-0.1841903300076746,10,0.2116564417177914,0.9869537297254907,33,19,sample_limited,research_only_not_online,
159608,159608,159608,expanded_formal_data,research_only,unknown,manual_review,rank_score_decline_3d_proxy,36,0.6666666666666666,0.016156558608717408,0.05982514374353276,-0.1841903300076746,10,0.11042944785276074,0.8460563010756487,17,12,hypothesis_only,research_only_not_online,
159608,159608,159608,expanded_formal_data,research_only,unknown,manual_review,rank_score_below_70_proxy,167,0.7278481012658228,0.03968743836086696,0.07002011991790064,-0.1977358490566038,10,0.5122699386503068,1.4330216878862112,92,39,sample_limited,research_only_not_online,
159608,159608,159608,expanded_formal_data,research_only,unknown,manual_review,top_decile_drop_proxy,17,0.7647058823529411,0.035566339380447586,0.05874491983580347,-0.1765557163531114,10,0.05214723926380368,1.2838078961064874,7,4,hypothesis_only,need_more_data,event_count_below_30
159608,159608,159608,expanded_formal_data,research_only,unknown,manual_review,short_swing_buy_to_watch_proxy,21,0.55,0.03529399975256875,0.07642772893043985,-0.1607669616519175,10,0.06441717791411043,2.7222428405860035,8,5,hypothesis_only,need_more_data,event_count_below_30
159608,159608,159608,expanded_formal_data,research_only,unknown,manual_review,short_swing_buy_to_sell_proxy,5,0.8,0.027007669678348202,0.08197288238101116,-0.07704785077047871,10,0.015337423312883436,0.9555181507076959,3,2,hypothesis_only,need_more_data,event_count_below_30
159608,159608,159608,expanded_formal_data,research_only,unknown,manual_review,volume_heat_decay_proxy,17,0.9411764705882353,0.06585357503372402,0.0893720039475843,-0.15095846645367417,10,0.05214723926380368,0.7522773085717429,12,1,hypothesis_only,need_more_data,event_count_below_30
159608,159608,159608,expanded_formal_data,research_only,unknown,manual_review,type_stop_loss_proxy,100,0.7096774193548387,0.03490146688413639,0.0660094907121521,-0.1841903300076746,10,0.3067484662576687,1.1966051341294446,53,28,sample_limited,risk_control_candidate_requires_backtest,
159611,159611,159611,expanded_formal_data,research_only,unknown,manual_review,rank_score_decline_2d_proxy,83,0.5657894736842105,0.0029030107555815007,0.0069848758693349736,-0.17373899119295444,10,0.254601226993865,0.8943134466378053,15,9,sample_limited,research_only_not_online,
159611,159611,159611,expanded_formal_data,research_only,unknown,manual_review,rank_score_decline_3d_proxy,40,0.4117647058823529,-0.0045838320325987895,-0.0008964696735622481,-0.1596091205211726,10,0.12269938650306748,0.9983112004243616,7,5,sample_limited,candidate_for_simulation_review,
159611,159611,159611,expanded_formal_data,research_only,unknown,manual_review,rank_score_below_70_proxy,187,0.6384180790960452,0.011298696082825847,0.030319137188851517,-0.09479077711357808,10,0.5736196319018405,1.3372253590591916,46,3,sample_limited,research_only_not_online,
159611,159611,159611,expanded_formal_data,research_only,unknown,manual_review,top_decile_drop_proxy,19,0.3684210526315789,-0.008802360596572707,-0.012177517304176459,-0.17373899119295444,10,0.05828220858895705,0.7393462961812454,1,4,hypothesis_only,need_more_data,event_count_below_30
159611,159611,159611,expanded_formal_data,research_only,unknown,manual_review,short_swing_buy_to_watch_proxy,9,0.6666666666666666,-0.001576101481663909,-0.0182958382167347,-0.1596091205211726,10,0.027607361963190184,0.46317053008668635,2,2,hypothesis_only,need_more_data,event_count_below_30
159611,159611,159611,expanded_formal_data,research_only,unknown,manual_review,short_swing_buy_to_sell_proxy,1,1.0,0.08138528138528156,-0.0216450216450218,-0.024242424242424288,10,0.003067484662576687,,1,0,hypothesis_only,need_more_data,event_count_below_30
159611,159611,159611,expanded_formal_data,research_only,unknown,manual_review,volume_heat_decay_proxy,26,0.6521739130434783,0.01129672002953056,0.034062374111157194,-0.050373134328358216,10,0.07975460122699386,1.8753564082318814,5,0,hypothesis_only,need_more_data,event_count_below_30
159611,159611,159611,expanded_formal_data,research_only,unknown,manual_review,type_stop_loss_proxy,42,0.59375,-0.007264808761527849,0.04135629079349154,-0.050892857142857295,10,0.12883435582822086,0.49430856267754614,11,0,sample_limited,candidate_for_simulation_review,
159613,159613,159613,expanded_formal_data,research_only,unknown,manual_review,rank_score_decline_2d_proxy,74,0.5342465753424658,-0.002138469902039402,0.002124993650204491,-0.1753875968992249,10,0.22699386503067484,0.7989724192239488,25,29,sample_limited,candidate_for_simulation_review,
159613,159613,159613,expanded_formal_data,research_only,unknown,manual_review,rank_score_decline_3d_proxy,32,0.5625,0.002523307142096337,0.004695265992556937,-0.1266666666666667,10,0.09815950920245399,0.8791561383376114,11,13,hypothesis_only,research_only_not_online,
159613,159613,159613,expanded_formal_data,research_only,unknown,manual_review,rank_score_below_70_proxy,193,0.5245901639344263,0.0014354333326821577,0.0017642692247647161,-0.197685631629701,10,0.5920245398773006,0.9438909285721924,60,57,sample_limited,research_only_not_online,
159613,159613,159613,expanded_formal_data,research_only,unknown,manual_review,top_decile_drop_proxy,12,0.6666666666666666,0.008066128317448249,0.008859215477213392,-0.1872015281757402,10,0.03680981595092025,0.7727338506367983,2,3,hypothesis_only,need_more_data,event_count_below_30
159613,159613,159613,expanded_formal_data,research_only,unknown,manual_review,short_swing_buy_to_watch_proxy,16,0.5333333333333333,-0.007738471623953373,0.013240807352093927,-0.1037549407114624,10,0.049079754601226995,0.6182250878954424,3,5,hypothesis_only,need_more_data,event_count_below_30
159613,159613,159613,expanded_formal_data,research_only,unknown,manual_review,short_swing_buy_to_sell_proxy,3,0.0,-0.04033162342932909,-0.06665952953927445,-0.18351324828262994,10,0.009202453987730062,,0,1,hypothesis_only,need_more_data,event_count_below_30
159613,159613,159613,expanded_formal_data,research_only,unknown,manual_review,volume_heat_decay_proxy,29,0.6551724137931034,0.011760922476867813,0.009589796717121034,-0.11086226203807392,10,0.08895705521472393,0.9157053108121267,13,8,hypothesis_only,need_more_data,event_count_below_30
159613,159613,159613,expanded_formal_data,research_only,unknown,manual_review,type_stop_loss_proxy,108,0.6116504854368932,0.006474038622306627,0.005951807178760309,-0.16465863453815266,10,0.3312883435582822,0.8528369092873778,41,29,sample_limited,risk_control_candidate_requires_backtest,
159615,159615,159615,expanded_formal_data,research_only,unknown,manual_review,rank_score_decline_2d_proxy,92,0.5217391304347826,0.018702632537614082,0.03737461817881267,-0.17016574585635358,10,0.2822085889570552,1.6562650541540889,39,41,sample_limited,research_only_not_online,
159615,159615,159615,expanded_formal_data,research_only,unknown,manual_review,rank_score_decline_3d_proxy,49,0.5714285714285714,0.03274144972713119,0.06606078230108783,-0.1601005867560772,10,0.15030674846625766,2.0605200799767887,24,18,sample_limited,research_only_not_online,
159615,159615,159615,expanded_formal_data,research_only,unknown,manual_review,rank_score_below_70_proxy,207,0.4120603015075377,-0.0004424361843285376,-0.0020448617620173193,-0.19100091827364551,10,0.6349693251533742,1.3681675977264396,58,101,evidence_supported,candidate_for_simulation_review,
159615,159615,159615,expanded_formal_data,research_only,unknown,manual_review,top_decile_drop_proxy,9,0.6666666666666666,0.026612381708809293,0.06423059804874896,-0.12880765883376866,10,0.027607361963190184,1.661393298827369,3,2,hypothesis_only,need_more_data,event_count_below_30
159615,159615,159615,expanded_formal_data,research_only,unknown,manual_review,short_swing_buy_to_watch_proxy,13,0.4166666666666667,0.009025460644817471,-0.0015022336580225077,-0.1601005867560772,10,0.03987730061349693,1.8118318958156345,5,6,hypothesis_only,need_more_data,event_count_below_30
159615,159615,159615,expanded_formal_data,research_only,unknown,manual_review,short_swing_buy_to_sell_proxy,2,1.0,0.02686607782004491,0.08498263632114822,-0.07852760736196318,10,0.006134969325153374,,0,1,hypothesis_only,need_more_data,event_count_below_30
159615,159615,159615,expanded_formal_data,research_only,unknown,manual_review,volume_heat_decay_proxy,37,0.5405405405405406,0.028186365170234796,0.04071219140851999,-0.1601005867560772,10,0.11349693251533742,2.1112955454687348,18,13,hypothesis_only,research_only_not_online,
159615,159615,159615,expanded_formal_data,research_only,unknown,manual_review,type_stop_loss_proxy,141,0.4852941176470588,0.005461614538432248,0.009079987058110058,-0.19100091827364551,10,0.4325153374233129,1.274710890082254,44,60,sample_limited,risk_control_candidate_requires_backtest,
159625,159625,159625,expanded_formal_data,research_only,unknown,manual_review,rank_score_decline_2d_proxy,79,0.5,0.002462094491116256,0.009684818571637254,-0.14407988587731813,10,0.24233128834355827,1.1942041323146428,13,8,sample_limited,research_only_not_online,
159625,159625,159625,expanded_formal_data,research_only,unknown,manual_review,rank_score_decline_3d_proxy,35,0.40625,0.0009576045618757342,0.0096553269597246,-0.06929955290611023,10,0.10736196319018405,1.4930932992702892,7,4,hypothesis_only,research_only_not_online,
159625,159625,159625,expanded_formal_data,research_only,unknown,manual_review,rank_score_below_70_proxy,188,0.6573033707865169,0.01198301506757995,0.028612124003211812,-0.14407988587731813,10,0.5766871165644172,1.3076596632197248,45,4,sample_limited,research_only_not_online,
159625,159625,159625,expanded_formal_data,research_only,unknown,manual_review,top_decile_drop_proxy,18,0.3333333333333333,-0.014296007066131286,-0.016042567415189963,-0.1567111735769502,10,0.05521472392638037,0.5150763166300081,1,5,hypothesis_only,need_more_data,event_count_below_30
159625,159625,159625,expanded_formal_data,research_only,unknown,manual_review,short_swing_buy_to_watch_proxy,10,0.5,-0.010182138743161295,-0.026920045455672927,-0.14407988587731813,10,0.03067484662576687,0.42903197996120046,1,4,hypothesis_only,need_more_data,event_count_below_30
159625,159625,159625,expanded_formal_data,research_only,unknown,manual_review,short_swing_buy_to_sell_proxy,0,,,,,10,0.0,,0,0,hypothesis_only,need_more_data,event_count_below_30
159625,159625,159625,expanded_formal_data,research_only,unknown,manual_review,volume_heat_decay_proxy,27,0.5,0.0002541681770250091,0.018009690475465176,-0.14407988587731813,10,0.08282208588957055,0.9451924037096131,4,1,hypothesis_only,need_more_data,event_count_below_30
159625,159625,159625,expanded_formal_data,research_only,unknown,manual_review,type_stop_loss_proxy,52,0.42857142857142855,-0.004711035885097015,0.025174107576340064,-0.058779201205727105,10,0.15950920245398773,0.9934806048932686,9,0,sample_limited,candidate_for_simulation_review,
159638,159638,159638,expanded_formal_data,research_only,unknown,manual_review,rank_score_decline_2d_proxy,87,0.49411764705882355,0.0030961235727511947,0.0071885973105442185,-0.19804618117229122,10,0.2668711656441718,1.1687772084260053,26,27,sample_limited,research_only_not_online,
159638,159638,159638,expanded_formal_data,research_only,unknown,manual_review,rank_score_decline_3d_proxy,43,0.5116279069767442,-0.0006151008540653199,0.0027478078904642307,-0.19804618117229122,10,0.13190184049079753,0.9274431553654578,11,15,sample_limited,candidate_for_simulation_review,
159638,159638,159638,expanded_formal_data,research_only,unknown,manual_review,rank_score_below_70_proxy,188,0.5977653631284916,0.006651167669363204,0.021870061594090287,-0.21048321048321061,10,0.5766871165644172,0.9101081347824995,61,45,sample_limited,research_only_not_online,
159638,159638,159638,expanded_formal_data,research_only,unknown,manual_review,top_decile_drop_proxy,11,0.6363636363636364,0.03779441413059923,0.0335736621136069,-0.0664451827242526,10,0.03374233128834356,3.6784916563861234,4,2,hypothesis_only,need_more_data,event_count_below_30
159638,159638,159638,expanded_formal_data,research_only,unknown,manual_review,short_swing_buy_to_watch_proxy,16,0.5714285714285714,0.02815472350955423,0.05552043184196761,-0.12004175365344472,10,0.049079754601226995,2.0886232938680527,7,4,hypothesis_only,need_more_data,event_count_below_30
159638,159638,159638,expanded_formal_data,research_only,unknown,manual_review,short_swing_buy_to_sell_proxy,5,0.0,-0.035463176189783785,-0.06617220197345097,-0.1544943820224719,10,0.015337423312883436,,0,2,hypothesis_only,need_more_data,event_count_below_30
159638,159638,159638,expanded_formal_data,research_only,unknown,manual_review,volume_heat_decay_proxy,26,0.5769230769230769,0.031327402373488175,0.038319739460088334,-0.10852713178294582,10,0.07975460122699386,3.3476083446267997,11,3,hypothesis_only,need_more_data,event_count_below_30
159638,159638,159638,expanded_formal_data,research_only,unknown,manual_review,type_stop_loss_proxy,123,0.5378151260504201,-0.004072317724029796,-0.0011593403325789024,-0.1573426573426573,10,0.3773006134969325,0.6827955575969606,27,39,sample_limited,candidate_for_simulation_review,
159658,159658,159658,expanded_formal_data,research_only,unknown,manual_review,rank_score_decline_2d_proxy,79,0.5384615384615384,0.009308855166069167,0.026868845964500496,-0.16741405082212257,10,0.24233128834355827,1.2261960790308757,24,30,sample_limited,research_only_not_online,
159658,159658,159658,expanded_formal_data,research_only,unknown,manual_review,rank_score_decline_3d_proxy,42,0.5714285714285714,0.0169807299245139,0.03566423855667346,-0.1476664116296862,10,0.12883435582822086,1.520391499167438,15,13,sample_limited,research_only_not_online,
159658,159658,159658,expanded_formal_data,research_only,unknown,manual_review,rank_score_below_70_proxy,168,0.5644171779141104,0.015407792137112877,0.022015463293229415,-0.14727272727272722,10,0.5153374233128835,1.3901167993868477,55,46,sample_limited,research_only_not_online,
159658,159658,159658,expanded_formal_data,research_only,unknown,manual_review,top_decile_drop_proxy,15,0.6428571428571429,0.03946838040008079,0.07568983835802798,-0.10832907511497192,10,0.046012269938650305,2.1415757895842127,6,3,hypothesis_only,need_more_data,event_count_below_30
159658,159658,159658,expanded_formal_data,research_only,unknown,manual_review,short_swing_buy_to_watch_proxy,18,0.7222222222222222,0.03549162147113406,0.07465746279770827,-0.13733905579399142,10,0.05521472392638037,1.4998658293330958,7,3,hypothesis_only,need_more_data,event_count_below_30
159658,159658,159658,expanded_formal_data,research_only,unknown,manual_review,short_swing_buy_to_sell_proxy,4,0.0,-0.0359151255971906,0.02979101073464278,-0.1031894934333959,10,0.012269938650306749,,0,2,hypothesis_only,need_more_data,event_count_below_30
159658,159658,159658,expanded_formal_data,research_only,unknown,manual_review,volume_heat_decay_proxy,32,0.5,0.004050131700483933,0.021025402363971026,-0.10832907511497192,10,0.09815950920245399,1.0764232063116475,6,12,hypothesis_only,research_only_not_online,
159658,159658,159658,expanded_formal_data,research_only,unknown,manual_review,type_stop_loss_proxy,95,0.5913978494623656,0.027975555265031742,0.0364558692067749,-0.10989717223650386,10,0.29141104294478526,1.829526713389288,36,28,sample_limited,risk_control_candidate_requires_backtest,
159663,159663,159663,expanded_formal_data,research_only,unknown,manual_review,rank_score_decline_2d_proxy,80,0.7051282051282052,0.027605247991746323,0.0643604478572147,-0.20715474209650586,10,0.24539877300613497,1.0314090484298017,38,20,sample_limited,research_only_not_online,
159663,159663,159663,expanded_formal_data,research_only,unknown,manual_review,rank_score_decline_3d_proxy,38,0.6842105263157895,0.025268218530690244,0.06769603609846855,-0.1756055363321799,10,0.1165644171779141,1.0154254828975133,17,9,hypothesis_only,research_only_not_online,
159663,159663,159663,expanded_formal_data,research_only,unknown,manual_review,rank_score_below_70_proxy,158,0.75,0.04019643473958195,0.07063733719334339,-0.13837448559670773,10,0.48466257668711654,1.4676872542408783,83,31,sample_limited,research_only_not_online,
159663,159663,159663,expanded_formal_data,research_only,unknown,manual_review,top_decile_drop_proxy,17,0.75,0.033599566312499614,0.0856535020366235,-0.15017757483510907,10,0.05214723926380368,1.1271664371778307,8,5,hypothesis_only,need_more_data,event_count_below_30
159663,159663,159663,expanded_formal_data,research_only,unknown,manual_review,short_swing_buy_to_watch_proxy,24,0.625,0.03434386364405628,0.08529508223020678,-0.15017757483510907,10,0.0736196319018405,1.8537225279760847,12,6,hypothesis_only,need_more_data,event_count_below_30
159663,159663,159663,expanded_formal_data,research_only,unknown,manual_review,short_swing_buy_to_sell_proxy,2,0.5,-0.06913331409545603,0.02849280996541581,-0.18824531516183984,10,0.006134969325153374,0.10317667681695682,0,1,hypothesis_only,need_more_data,event_count_below_30
159663,159663,159663,expanded_formal_data,research_only,unknown,manual_review,volume_heat_decay_proxy,18,0.8235294117647058,0.045020997839187206,0.07342986330179174,-0.06326530612244896,10,0.05521472392638037,1.8005155012735354,9,1,hypothesis_only,need_more_data,event_count_below_30
159663,159663,159663,expanded_formal_data,research_only,unknown,manual_review,type_stop_loss_proxy,70,0.7428571428571429,0.04206052139620949,0.08928469733493871,-0.1566371681415929,10,0.2147239263803681,1.3217004275932684,43,11,sample_limited,risk_control_candidate_requires_backtest,
159667,159667,159667,expanded_formal_data,research_only,unknown,manual_review,rank_score_decline_2d_proxy,78,0.6710526315789473,0.0070204602960953506,0.0018823344019946863,-0.677618069815195,10,0.2392638036809816,0.5655525924706574,33,24,sample_limited,research_only_not_online,
159667,159667,159667,expanded_formal_data,research_only,unknown,manual_review,rank_score_decline_3d_proxy,38,0.6578947368421053,0.006059470030982544,0.025002909051649626,-0.6652452025586354,10,0.1165644171779141,0.5616712921689744,16,11,hypothesis_only,research_only_not_online,
159667,159667,159667,expanded_formal_data,research_only,unknown,manual_review,rank_score_below_70_proxy,167,0.6942675159235668,0.0028631073746698274,0.04405781033979894,-0.6722338204592901,10,0.5122699386503068,0.4500662327422432,78,37,sample_limited,research_only_not_online,
159667,159667,159667,expanded_formal_data,research_only,unknown,manual_review,top_decile_drop_proxy,16,0.6875,-0.003991468512872479,-0.007902685649459285,-0.6652452025586354,10,0.049079754601226995,0.4214374036082984,8,6,hypothesis_only,need_more_data,event_count_below_30
159667,159667,159667,expanded_formal_data,research_only,unknown,manual_review,short_swing_buy_to_watch_proxy,23,0.6956521739130435,0.03423485698396337,0.019922034768379,-0.6693344566133108,10,0.0705521472392638,1.6779107319792064,11,7,hypothesis_only,need_more_data,event_count_below_30
159667,159667,159667,expanded_formal_data,research_only,unknown,manual_review,short_swing_buy_to_sell_proxy,3,0.3333333333333333,-0.21973716593299852,-0.36008934511928525,-0.6642429426860564,10,0.009202453987730062,0.37591957515136915,1,2,hypothesis_only,need_more_data,event_count_below_30
159667,159667,159667,expanded_formal_data,research_only,unknown,manual_review,volume_heat_decay_proxy,31,0.7096774193548387,0.03491384177237539,0.08138218919691279,-0.15061295971978983,10,0.0950920245398773,1.2059451727280615,14,5,hypothesis_only,research_only_not_online,
159667,159667,159667,expanded_formal_data,research_only,unknown,manual_review,type_stop_loss_proxy,88,0.7051282051282052,0.018024863853056534,0.05564997593105992,-0.6597312527091461,10,0.26993865030674846,0.5679233304169279,49,14,sample_limited,risk_control_candidate_requires_backtest,
159669,159669,159669,expanded_formal_data,research_only,unknown,manual_review,rank_score_decline_2d_proxy,76,0.527027027027027,0.0008483824891293995,0.007246783131921619,-0.13996889580093308,10,0.2331288343558282,0.9613672432881142,12,9,sample_limited,research_only_not_online,
159669,159669,159669,expanded_formal_data,research_only,unknown,manual_review,rank_score_decline_3d_proxy,35,0.4117647058823529,-0.003170086858771907,0.00574070194263639,-0.0708469055374592,10,0.10736196319018405,1.1154933099982864,6,5,hypothesis_only,candidate_for_simulation_review,
159669,159669,159669,expanded_formal_data,research_only,unknown,manual_review,rank_score_below_70_proxy,188,0.6797752808988764,0.0118154159481332,0.02812572658818303,-0.13996889580093308,10,0.5766871165644172,1.1256804845904793,45,7,sample_limited,research_only_not_online,
159669,159669,159669,expanded_formal_data,research_only,unknown,manual_review,top_decile_drop_proxy,16,0.375,-0.011455370877814501,-0.010254110301035353,-0.09228321400159101,10,0.049079754601226995,0.3984844819150563,0,4,hypothesis_only,need_more_data,event_count_below_30
159669,159669,159669,expanded_formal_data,research_only,unknown,manual_review,short_swing_buy_to_watch_proxy,10,0.7,-0.0027741595611504356,-0.019864639815618444,-0.13996889580093308,10,0.03067484662576687,0.36425818782678915,2,3,hypothesis_only,need_more_data,event_count_below_30
159669,159669,159669,expanded_formal_data,research_only,unknown,manual_review,short_swing_buy_to_sell_proxy,0,,,,,10,0.0,,0,0,hypothesis_only,need_more_data,event_count_below_30
159669,159669,159669,expanded_formal_data,research_only,unknown,manual_review,volume_heat_decay_proxy,22,0.7,0.011234981305059516,0.0337369516344721,-0.04973821989528793,10,0.06748466257668712,1.113775285189983,4,0,hypothesis_only,need_more_data,event_count_below_30
159669,159669,159669,expanded_formal_data,research_only,unknown,manual_review,type_stop_loss_proxy,51,0.43902439024390244,-0.005343292614719983,0.024553212269662783,-0.06244864420706664,10,0.15644171779141106,0.9149315431225878,9,1,sample_limited,candidate_for_simulation_review,
159671,159671,159671,expanded_formal_data,research_only,unknown,manual_review,rank_score_decline_2d_proxy,72,0.7323943661971831,0.034317015660089975,0.06687572614480032,-0.18592964824120606,10,0.22085889570552147,1.0453994519139942,38,19,sample_limited,research_only_not_online,
159671,159671,159671,expanded_formal_data,research_only,unknown,manual_review,rank_score_decline_3d_proxy,37,0.7567567567567568,0.03147506341436713,0.07759634874596193,-0.18592964824120606,10,0.11349693251533742,0.9044195441394405,22,9,hypothesis_only,research_only_not_online,
159671,159671,159671,expanded_formal_data,research_only,unknown,manual_review,rank_score_below_70_proxy,166,0.7388535031847133,0.041374217690874196,0.07218387551701143,-0.1970260223048328,10,0.50920245398773,1.4201677668749202,96,35,sample_limited,research_only_not_online,
159671,159671,159671,expanded_formal_data,research_only,unknown,manual_review,top_decile_drop_proxy,18,0.6666666666666666,0.030917960851369948,0.05531248710293314,-0.1729857819905214,10,0.05521472392638037,1.5507205401545847,7,5,hypothesis_only,need_more_data,event_count_below_30
159671,159671,159671,expanded_formal_data,research_only,unknown,manual_review,short_swing_buy_to_watch_proxy,22,0.5714285714285714,0.035152751639702266,0.08349043137960266,-0.15802171290711697,10,0.06748466257668712,2.321466690029559,9,6,hypothesis_only,need_more_data,event_count_below_30
159671,159671,159671,expanded_formal_data,research_only,unknown,manual_review,short_swing_buy_to_sell_proxy,5,0.6,0.026614516084965744,0.08167671646199999,-0.07304116865869859,10,0.015337423312883436,1.3303846075611554,3,2,hypothesis_only,need_more_data,event_count_below_30
159671,159671,159671,expanded_formal_data,research_only,unknown,manual_review,volume_heat_decay_proxy,24,0.9130434782608695,0.06159488868136356,0.09151414559550212,-0.16763005780346818,10,0.0736196319018405,1.0344286028129854,16,2,hypothesis_only,need_more_data,event_count_below_30
159671,159671,159671,expanded_formal_data,research_only,unknown,manual_review,type_stop_loss_proxy,97,0.7,0.03245639882048612,0.06263595623193258,-0.18592964824120606,10,0.29754601226993865,1.1404526533405184,52,28,sample_limited,risk_control_candidate_requires_backtest,
159697,159697,159697,expanded_formal_data,research_only,unknown,manual_review,rank_score_decline_2d_proxy,69,0.6515151515151515,0.00835232895201537,0.017558664751053908,-0.11970534069981587,10,0.2116564417177914,0.9114866316675183,17,12,sample_limited,research_only_not_online,
159697,159697,159697,expanded_formal_data,research_only,unknown,manual_review,rank_score_decline_3d_proxy,33,0.6774193548387096,0.0026505448566186383,0.007964517606937819,-0.10820895522388063,10,0.10122699386503067,0.576254362628442,7,6,hypothesis_only,research_only_not_online,
159697,159697,159697,expanded_formal_data,research_only,unknown,manual_review,rank_score_below_70_proxy,184,0.6149425287356322,0.0013359325715251275,0.00954728014111846,-0.11712379540400286,10,0.5644171779141104,0.6957954284781092,30,29,sample_limited,research_only_not_online,
159697,159697,159697,expanded_formal_data,research_only,unknown,manual_review,top_decile_drop_proxy,16,0.6875,0.04971294407808828,0.05065766778572977,-0.10820895522388063,10,0.049079754601226995,3.5978149593357807,7,1,hypothesis_only,need_more_data,event_count_below_30
159697,159697,159697,expanded_formal_data,research_only,unknown,manual_review,short_swing_buy_to_watch_proxy,13,0.46153846153846156,0.03538849454648005,0.037043820492127406,-0.1175889328063241,10,0.03987730061349693,3.5786918031950257,5,2,hypothesis_only,need_more_data,event_count_below_30
159697,159697,159697,expanded_formal_data,research_only,unknown,manual_review,short_swing_buy_to_sell_proxy,1,1.0,0.09769230769230774,0.18692307692307675,0.0,10,0.003067484662576687,,1,0,hypothesis_only,need_more_data,event_count_below_30
159697,159697,159697,expanded_formal_data,research_only,unknown,manual_review,volume_heat_decay_proxy,30,0.7241379310344828,0.015778497373383698,0.023542138197744214,-0.07883817427385886,10,0.09202453987730061,1.3534951378973397,6,2,hypothesis_only,research_only_not_online,
159697,159697,159697,expanded_formal_data,research_only,unknown,manual_review,type_stop_loss_proxy,68,0.32786885245901637,-0.019045835905888396,-0.02140472481588854,-0.11970534069981587,10,0.2085889570552147,0.5584797844458067,5,20,sample_limited,candidate_for_simulation_review,
159699,159699,159699,expanded_formal_data,research_only,unknown,manual_review,rank_score_decline_2d_proxy,85,0.40963855421686746,-0.009127320457184366,-0.015290849869383985,-0.12991765782250686,10,0.2607361963190184,0.8179487313914942,13,27,sample_limited,candidate_for_simulation_review,
159699,159699,159699,expanded_formal_data,research_only,unknown,manual_review,rank_score_decline_3d_proxy,36,0.38235294117647056,-0.01624030312753626,-0.026202242023856615,-0.12991765782250686,10,0.11042944785276074,0.6054530227915466,4,14,hypothesis_only,candidate_for_simulation_review,
159699,159699,159699,expanded_formal_data,research_only,unknown,manual_review,rank_score_below_70_proxy,230,0.45454545454545453,-0.002870312118009299,-0.004602571364687238,-0.1182495344506519,10,0.7055214723926381,0.9539424227915786,33,41,evidence_supported,candidate_for_simulation_review,
159699,159699,159699,expanded_formal_data,research_only,unknown,manual_review,top_decile_drop_proxy,8,0.5,-0.002284536438854165,-0.01088006914037025,-0.125114995400184,10,0.024539877300613498,0.8325677097119584,1,3,hypothesis_only,need_more_data,event_count_below_30
159699,159699,159699,expanded_formal_data,research_only,unknown,manual_review,short_swing_buy_to_watch_proxy,9,0.6666666666666666,0.007475904761044354,0.013341070143449466,-0.10018214936247727,10,0.027607361963190184,0.862927859869517,2,2,hypothesis_only,need_more_data,event_count_below_30
159699,159699,159699,expanded_formal_data,research_only,unknown,manual_review,short_swing_buy_to_sell_proxy,2,0.0,-0.07311173184357544,-0.04700000000000004,-0.10599999999999998,10,0.006134969325153374,,0,1,hypothesis_only,need_more_data,event_count_below_30
159699,159699,159699,expanded_formal_data,research_only,unknown,manual_review,volume_heat_decay_proxy,31,0.3448275862068966,-0.013165193752823212,-0.023507427537616928,-0.12991765782250686,10,0.0950920245398773,0.9799069979526301,4,12,hypothesis_only,candidate_for_simulation_review,
159699,159699,159699,expanded_formal_data,research_only,unknown,manual_review,type_stop_loss_proxy,64,0.5178571428571429,0.0017615873107749325,-0.003311837889500694,-0.09845559845559848,10,0.19631901840490798,1.0147483901123717,11,13,sample_limited,risk_control_candidate_requires_backtest,
159703,159703,159703,expanded_formal_data,research_only,unknown,manual_review,rank_score_decline_2d_proxy,77,0.6533333333333333,0.021224044910847277,0.051269899721156066,-0.13754045307443363,10,0.2361963190184049,1.7296641726586346,33,13,sample_limited,research_only_not_online,
159703,159703,159703,expanded_formal_data,research_only,unknown,manual_review,rank_score_decline_3d_proxy,34,0.6060606060606061,0.012793896213566847,0.04584236854568676,-0.10118406889128106,10,0.10429447852760736,1.5594186478039382,11,5,hypothesis_only,research_only_not_online,
159703,159703,159703,expanded_formal_data,research_only,unknown,manual_review,rank_score_below_70_proxy,177,0.6781609195402298,0.026023921942425376,0.04545425038623024,-0.10980810234541571,10,0.5429447852760736,1.8031863614731507,86,37,sample_limited,research_only_not_online,
159703,159703,159703,expanded_formal_data,research_only,unknown,manual_review,top_decile_drop_proxy,19,0.7058823529411765,0.03418348027658297,0.05702299975620578,-0.07280080889787655,10,0.05828220858895705,2.8345248185424343,9,2,hypothesis_only,need_more_data,event_count_below_30
159703,159703,159703,expanded_formal_data,research_only,unknown,manual_review,short_swing_buy_to_watch_proxy,26,0.5384615384615384,0.013613514899032888,0.038372758665657,-0.10407725321888417,10,0.07975460122699386,1.664227473766396,12,6,hypothesis_only,need_more_data,event_count_below_30
159703,159703,159703,expanded_formal_data,research_only,unknown,manual_review,short_swing_buy_to_sell_proxy,4,0.3333333333333333,-0.00021285905840336591,0.051238284569650995,-0.07186234817813764,10,0.012269938650306749,1.9199010090799942,0,2,hypothesis_only,need_more_data,event_count_below_30
159703,159703,159703,expanded_formal_data,research_only,unknown,manual_review,volume_heat_decay_proxy,29,0.7586206896551724,0.032475388077691396,0.06555747733925987,-0.10407725321888417,10,0.08895705521472393,3.0593938073192715,14,2,hypothesis_only,need_more_data,event_count_below_30
159703,159703,159703,expanded_formal_data,research_only,unknown,manual_review,type_stop_loss_proxy,54,0.9056603773584906,0.03989637440853543,0.06520660006579407,-0.04875518672199164,10,0.1656441717791411,2.0810112869983266,28,0,sample_limited,risk_control_candidate_requires_backtest,
159717,159717,159717,expanded_formal_data,research_only,unknown,manual_review,rank_score_decline_2d_proxy,71,0.7,0.012538479128296741,0.02410397532980628,-0.09502262443438914,10,0.21779141104294478,1.5423729446544967,17,3,sample_limited,research_only_not_online,
159717,159717,159717,expanded_formal_data,research_only,unknown,manual_review,rank_score_decline_3d_proxy,31,0.6774193548387096,0.0112645494436804,0.028878357476437383,-0.06118881118881103,10,0.0950920245398773,1.6740098048412126,9,1,hypothesis_only,research_only_not_online,
159717,159717,159717,expanded_formal_data,research_only,unknown,manual_review,rank_score_below_70_proxy,194,0.6216216216216216,0.008109587326350746,0.017047531904519065,-0.07713248638838488,10,0.5950920245398773,1.2884766399125354,35,10,sample_limited,research_only_not_online,
159717,159717,159717,expanded_formal_data,research_only,unknown,manual_review,top_decile_drop_proxy,12,0.9166666666666666,0.020561295498673738,0.02849910548763704,-0.035166816952209135,10,0.03680981595092025,6.5583711295827305,4,0,hypothesis_only,need_more_data,event_count_below_30
159717,159717,159717,expanded_formal_data,research_only,unknown,manual_review,short_swing_buy_to_watch_proxy,13,0.5,0.008583546629811136,0.010101573934876568,-0.05581395348837215,10,0.03987730061349693,2.921608024882207,1,0,hypothesis_only,need_more_data,event_count_below_30
159717,159717,159717,expanded_formal_data,research_only,unknown,manual_review,short_swing_buy_to_sell_proxy,0,,,,,10,0.0,,0,0,hypothesis_only,need_more_data,event_count_below_30
159717,159717,159717,expanded_formal_data,research_only,unknown,manual_review,volume_heat_decay_proxy,33,0.7575757575757576,0.015214854597600034,0.027792866449403358,-0.05833333333333346,10,0.10122699386503067,2.077596220568899,8,0,hypothesis_only,research_only_not_online,
159717,159717,159717,expanded_formal_data,research_only,unknown,manual_review,type_stop_loss_proxy,13,1.0,0.021774485920460204,0.049546222665072394,-0.0029469548133596035,10,0.03987730061349693,,5,0,hypothesis_only,need_more_data,event_count_below_30
159726,159726,159726,expanded_formal_data,research_only,unknown,manual_review,rank_score_decline_2d_proxy,85,0.4875,-0.00566477504260352,0.0055948293411324295,-0.11200585651537331,10,0.2607361963190184,0.6901111012059448,11,8,sample_limited,candidate_for_simulation_review,
159726,159726,159726,expanded_formal_data,research_only,unknown,manual_review,rank_score_decline_3d_proxy,40,0.3333333333333333,-0.01037045889360176,0.002828565251504807,-0.1015625,10,0.12269938650306748,0.9620451566399068,5,3,sample_limited,candidate_for_simulation_review,
159726,159726,159726,expanded_formal_data,research_only,unknown,manual_review,rank_score_below_70_proxy,216,0.6407766990291263,0.004986877009288203,0.013993475080816602,-0.1171761280931587,10,0.6625766871165644,0.8090615512099232,39,7,evidence_supported,research_only_not_online,
159726,159726,159726,expanded_formal_data,research_only,unknown,manual_review,top_decile_drop_proxy,8,0.625,0.0029871823856668783,0.013505560661236302,-0.05142857142857127,10,0.024539877300613498,0.9114206153221647,0,0,hypothesis_only,need_more_data,event_count_below_30
159726,159726,159726,expanded_formal_data,research_only,unknown,manual_review,short_swing_buy_to_watch_proxy,12,0.5,-0.008079051687293096,0.010376770132203617,-0.05547652916073953,10,0.03680981595092025,0.4475646055374893,0,0,hypothesis_only,need_more_data,event_count_below_30
159726,159726,159726,expanded_formal_data,research_only,unknown,manual_review,short_swing_buy_to_sell_proxy,1,0.0,-0.10078192875760217,-0.04604691572545605,-0.10078192875760217,10,0.003067484662576687,,0,1,hypothesis_only,need_more_data,event_count_below_30
159726,159726,159726,expanded_formal_data,research_only,unknown,manual_review,volume_heat_decay_proxy,28,0.44,-0.008365771291418609,0.012835781875149947,-0.11200585651537331,10,0.08588957055214724,0.6840262362329789,2,1,hypothesis_only,need_more_data,event_count_below_30
159726,159726,159726,expanded_formal_data,research_only,unknown,manual_review,type_stop_loss_proxy,22,0.75,0.02329334336140168,0.050612779971038725,-0.028464419475655478,10,0.06748466257668712,2.6941890146895573,5,0,hypothesis_only,need_more_data,event_count_below_30
159732,159732,159732,expanded_formal_data,research_only,unknown,manual_review,rank_score_decline_2d_proxy,59,0.631578947368421,0.021273936704825254,0.03771281842112225,-0.21590909090909094,10,0.18098159509202455,1.2865163896620586,28,14,sample_limited,research_only_not_online,
159732,159732,159732,expanded_formal_data,research_only,unknown,manual_review,rank_score_decline_3d_proxy,20,0.6,0.02471495605379717,0.05160307242171271,-0.19860627177700352,10,0.06134969325153374,1.9992627817959099,9,5,hypothesis_only,need_more_data,event_count_below_30
159732,159732,159732,expanded_formal_data,research_only,unknown,manual_review,rank_score_below_70_proxy,160,0.643312101910828,0.02724180912298688,0.03745215499317503,-0.16722689075630248,10,0.49079754601226994,1.545919144177819,78,40,sample_limited,research_only_not_online,
159732,159732,159732,expanded_formal_data,research_only,unknown,manual_review,top_decile_drop_proxy,21,0.7,0.033197211792530684,0.07635559716193195,-0.11735121542330273,10,0.06441717791411043,1.5581409441406866,10,3,hypothesis_only,need_more_data,event_count_below_30
159732,159732,159732,expanded_formal_data,research_only,unknown,manual_review,short_swing_buy_to_watch_proxy,19,0.5789473684210527,0.008017292149261501,0.04116968585286274,-0.10230179028133002,10,0.05828220858895705,1.0673853868982277,8,5,hypothesis_only,need_more_data,event_count_below_30
159732,159732,159732,expanded_formal_data,research_only,unknown,manual_review,short_swing_buy_to_sell_proxy,4,0.0,-0.062446763394373904,0.055731837778692804,-0.12378426171529622,10,0.012269938650306749,,0,2,hypothesis_only,need_more_data,event_count_below_30
159732,159732,159732,expanded_formal_data,research_only,unknown,manual_review,volume_heat_decay_proxy,22,0.5909090909090909,0.007688849662722627,0.020266305115046488,-0.1766109785202864,10,0.06748466257668712,0.8463667384878033,10,5,hypothesis_only,need_more_data,event_count_below_30
159732,159732,159732,expanded_formal_data,research_only,unknown,manual_review,type_stop_loss_proxy,85,0.7349397590361446,0.03579634321907533,0.05040444215319321,-0.18149466192170827,10,0.2607361963190184,1.1264887229351448,49,18,sample_limited,risk_control_candidate_requires_backtest,
159735,159735,159735,expanded_formal_data,research_only,unknown,manual_review,rank_score_decline_2d_proxy,80,0.4805194805194805,-0.010105606274097727,-0.012431046545223985,-0.18381502890173418,10,0.24539877300613497,0.5780035344789451,12,20,sample_limited,candidate_for_simulation_review,
159735,159735,159735,expanded_formal_data,research_only,unknown,manual_review,rank_score_decline_3d_proxy,36,0.5588235294117647,-0.010355369053967353,-0.00690423431353121,-0.18381502890173418,10,0.11042944785276074,0.44621854641347,7,8,hypothesis_only,candidate_for_simulation_review,
159735,159735,159735,expanded_formal_data,research_only,unknown,manual_review,rank_score_below_70_proxy,223,0.4413145539906103,-0.0014304781012556816,-0.006282050809953091,-0.11630695443645078,10,0.6840490797546013,1.0748255284015606,39,39,evidence_supported,candidate_for_simulation_review,
159735,159735,159735,expanded_formal_data,research_only,unknown,manual_review,top_decile_drop_proxy,4,0.25,-0.010419490621368072,-0.04174849808561487,-0.1316098707403055,10,0.012269938650306749,1.7002834226418975,1,1,hypothesis_only,need_more_data,event_count_below_30
159735,159735,159735,expanded_formal_data,research_only,unknown,manual_review,short_swing_buy_to_watch_proxy,14,0.21428571428571427,-0.003744216287159763,0.004444110531422392,-0.06404494382022474,10,0.04294478527607362,2.608727919253171,2,1,hypothesis_only,need_more_data,event_count_below_30
159735,159735,159735,expanded_formal_data,research_only,unknown,manual_review,short_swing_buy_to_sell_proxy,2,0.0,-0.11792808777940939,-0.13194444444444442,-0.18287037037037046,10,0.006134969325153374,,0,1,hypothesis_only,need_more_data,event_count_below_30
159735,159735,159735,expanded_formal_data,research_only,unknown,manual_review,volume_heat_decay_proxy,31,0.4482758620689655,-0.010731592865191913,-0.006924225957157397,-0.12946979038224427,10,0.0950920245398773,0.6278789229969749,4,5,hypothesis_only,candidate_for_simulation_review,
159735,159735,159735,expanded_formal_data,research_only,unknown,manual_review,type_stop_loss_proxy,83,0.5205479452054794,-0.0017879869948896259,-0.003571152348592878,-0.1635071090047393,10,0.254601226993865,0.7366924454976748,14,22,sample_limited,candidate_for_simulation_review,
159736,159736,食品ETF,消费医药,trade_pool,sector,sector_beta,rank_score_decline_2d_proxy,75,0.33783783783783783,-0.012816034854546217,-0.021502578345699908,-0.10387596899224816,10,0.23006134969325154,0.559165225135151,4,18,sample_limited,candidate_for_simulation_review,
159736,159736,食品ETF,消费医药,trade_pool,sector,sector_beta,rank_score_decline_3d_proxy,35,0.3142857142857143,-0.015598628959047156,-0.02348338358508682,-0.09561128526645779,10,0.10736196319018405,0.5437412757779782,2,8,hypothesis_only,candidate_for_simulation_review,
159736,159736,食品ETF,消费医药,trade_pool,sector,sector_beta,rank_score_below_70_proxy,230,0.37272727272727274,-0.008881791141866014,-0.01718272150608407,-0.11237785016286639,10,0.7055214723926381,0.6734363599405374,15,39,evidence_supported,candidate_for_simulation_review,
159736,159736,食品ETF,消费医药,trade_pool,sector,sector_beta,top_decile_drop_proxy,9,0.4444444444444444,0.0006463415723149741,-0.004306774884060739,-0.06708268330733236,10,0.027607361963190184,1.3518995703367918,1,1,hypothesis_only,need_more_data,event_count_below_30
159736,159736,食品ETF,消费医药,trade_pool,sector,sector_beta,short_swing_buy_to_watch_proxy,6,0.16666666666666666,-0.006064565867017739,-0.008340327665886715,-0.05676855895196509,10,0.018404907975460124,1.2988364167716449,0,0,hypothesis_only,need_more_data,event_count_below_30
159736,159736,食品ETF,消费医药,trade_pool,sector,sector_beta,short_swing_buy_to_sell_proxy,0,,,,,10,0.0,,0,0,hypothesis_only,need_more_data,event_count_below_30
159736,159736,食品ETF,消费医药,trade_pool,sector,sector_beta,volume_heat_decay_proxy,23,0.34782608695652173,-0.012201065346761754,-0.024244518579035184,-0.08710217755443872,10,0.0705521472392638,0.41993428940306715,0,4,hypothesis_only,need_more_data,event_count_below_30
159736,159736,食品ETF,消费医药,trade_pool,sector,sector_beta,type_stop_loss_proxy,45,0.3783783783783784,-0.013140405775987038,-0.016477290680862514,-0.1006600660066006,10,0.13803680981595093,0.5769937078423912,1,8,sample_limited,candidate_for_simulation_review,
159745,159745,159745,expanded_formal_data,research_only,unknown,manual_review,rank_score_decline_2d_proxy,77,0.4342105263157895,-0.005703225216063517,-0.0074280405782784715,-0.15902964959568733,10,0.2361963190184049,0.9022097889278891,13,26,sample_limited,candidate_for_simulation_review,
159745,159745,159745,expanded_formal_data,research_only,unknown,manual_review,rank_score_decline_3d_proxy,32,0.34375,-0.011984439103200142,-0.009367719634154122,-0.1416781292984869,10,0.09815950920245399,0.9248169370778747,4,15,hypothesis_only,candidate_for_simulation_review,
159745,159745,159745,expanded_formal_data,research_only,unknown,manual_review,rank_score_below_70_proxy,211,0.417910447761194,-0.007277115432009372,-0.004555326337290072,-0.15902964959568733,10,0.647239263803681,0.7865844880288547,23,35,evidence_supported,candidate_for_simulation_review,
159745,159745,159745,expanded_formal_data,research_only,unknown,manual_review,top_decile_drop_proxy,8,0.5,0.0031357631301523886,-0.01976177569358957,-0.15902964959568733,10,0.024539877300613498,0.9710425183773853,2,2,hypothesis_only,need_more_data,event_count_below_30
159745,159745,159745,expanded_formal_data,research_only,unknown,manual_review,short_swing_buy_to_watch_proxy,13,0.46153846153846156,0.010714233517850408,0.0058798980357173385,-0.1305007587253415,10,0.03987730061349693,1.9730116682181058,5,3,hypothesis_only,need_more_data,event_count_below_30
159745,159745,159745,expanded_formal_data,research_only,unknown,manual_review,short_swing_buy_to_sell_proxy,2,0.0,-0.02455933415251299,-0.055592185539909245,-0.1357340720221606,10,0.006134969325153374,,0,1,hypothesis_only,need_more_data,event_count_below_30
159745,159745,159745,expanded_formal_data,research_only,unknown,manual_review,volume_heat_decay_proxy,32,0.375,-0.01007878560683697,-0.023049129150780032,-0.1416781292984869,10,0.09815950920245399,0.8566302247658971,5,12,hypothesis_only,candidate_for_simulation_review,
159745,159745,159745,expanded_formal_data,research_only,unknown,manual_review,type_stop_loss_proxy,74,0.359375,-0.01581204557815566,-0.021385761111855525,-0.12112676056338023,10,0.22699386503067484,0.5951415209181261,6,20,sample_limited,candidate_for_simulation_review,
159755,159755,电池ETF,新能源制造,trade_pool,commodity_resource,commodity_cycle,rank_score_decline_2d_proxy,66,0.671875,0.02334155134430388,0.034472134803318726,-0.15804195804195809,10,0.20245398773006135,1.5210060594749462,31,12,sample_limited,research_only_not_online,
159755,159755,电池ETF,新能源制造,trade_pool,commodity_resource,commodity_cycle,rank_score_decline_3d_proxy,30,0.6666666666666666,0.03072519780912011,0.04716054568520989,-0.13978494623655913,10,0.09202453987730061,2.3325939185356015,16,6,hypothesis_only,research_only_not_online,
159755,159755,电池ETF,新能源制造,trade_pool,commodity_resource,commodity_cycle,rank_score_below_70_proxy,190,0.6722222222222223,0.01879428326184531,0.037978944417891396,-0.13978494623655913,10,0.5828220858895705,1.2622497606443015,77,38,sample_limited,research_only_not_online,
159755,159755,电池ETF,新能源制造,trade_pool,commodity_resource,commodity_cycle,top_decile_drop_proxy,9,0.2222222222222222,-0.012586634017412422,-0.0026715805511150124,-0.15515840779853785,10,0.027607361963190184,1.7414206099891498,1,1,hypothesis_only,need_more_data,event_count_below_30
159755,159755,电池ETF,新能源制造,trade_pool,commodity_resource,commodity_cycle,short_swing_buy_to_watch_proxy,22,0.6190476190476191,0.02784056630363055,0.06253158321388423,-0.07123534715960322,10,0.06748466257668712,2.833624607892804,8,2,hypothesis_only,need_more_data,event_count_below_30
159755,159755,电池ETF,新能源制造,trade_pool,commodity_resource,commodity_cycle,short_swing_buy_to_sell_proxy,4,0.75,0.013467609105669465,-0.013540890239804926,-0.08699633699633702,10,0.012269938650306749,0.6834911700807392,2,1,hypothesis_only,need_more_data,event_count_below_30
159755,159755,电池ETF,新能源制造,trade_pool,commodity_resource,commodity_cycle,volume_heat_decay_proxy,19,0.631578947368421,0.026245138287612785,0.036784316113206705,-0.11859443631039546,10,0.05828220858895705,2.0761042754334484,10,4,hypothesis_only,need_more_data,event_count_below_30
159755,159755,电池ETF,新能源制造,trade_pool,commodity_resource,commodity_cycle,type_stop_loss_proxy,93,0.7011494252873564,0.019463436103387827,0.03595734350331793,-0.13753581661891112,10,0.2852760736196319,1.0082498563443805,43,20,sample_limited,risk_control_candidate_requires_backtest,
159758,159758,159758,expanded_formal_data,research_only,unknown,manual_review,rank_score_decline_2d_proxy,67,0.6567164179104478,0.008588399929767334,0.013557110027751005,-0.10359589041095896,10,0.20552147239263804,0.9645572235112245,15,9,sample_limited,research_only_not_online,
159758,159758,159758,expanded_formal_data,research_only,unknown,manual_review,rank_score_decline_3d_proxy,29,0.7241379310344828,0.007538124368112542,0.015244792581261485,-0.09741379310344822,10,0.08895705521472393,0.6409726905681494,7,5,hypothesis_only,need_more_data,event_count_below_30
159758,159758,159758,expanded_formal_data,research_only,unknown,manual_review,rank_score_below_70_proxy,189,0.5359116022099447,0.0022460454678730514,0.009874740502727427,-0.08831400535236389,10,0.5797546012269938,0.9851755500526963,39,28,sample_limited,research_only_not_online,
159758,159758,159758,expanded_formal_data,research_only,unknown,manual_review,top_decile_drop_proxy,17,0.5882352941176471,0.014816166060930901,0.0194450812874851,-0.10359589041095896,10,0.05214723926380368,2.037658818134589,7,1,hypothesis_only,need_more_data,event_count_below_30
159758,159758,159758,expanded_formal_data,research_only,unknown,manual_review,short_swing_buy_to_watch_proxy,14,0.7142857142857143,0.009368204648424258,0.013853568010751926,-0.07725694444444442,10,0.04294478527607362,0.9291979539405049,5,1,hypothesis_only,need_more_data,event_count_below_30
159758,159758,159758,expanded_formal_data,research_only,unknown,manual_review,short_swing_buy_to_sell_proxy,0,,,,,10,0.0,,0,0,hypothesis_only,need_more_data,event_count_below_30
159758,159758,159758,expanded_formal_data,research_only,unknown,manual_review,volume_heat_decay_proxy,23,0.6086956521739131,0.0029149381486215085,0.008872289627744489,-0.10359589041095896,10,0.0705521472392638,0.7403777528142654,5,5,hypothesis_only,need_more_data,event_count_below_30
159758,159758,159758,expanded_formal_data,research_only,unknown,manual_review,type_stop_loss_proxy,24,0.5833333333333334,0.006868815455837123,0.012035478622255435,-0.04730368968779575,10,0.0736196319018405,1.4075956114688843,4,0,hypothesis_only,need_more_data,event_count_below_30
159763,159763,159763,expanded_formal_data,research_only,unknown,manual_review,rank_score_decline_2d_proxy,73,0.647887323943662,0.019691591517105114,0.04469627619054975,-0.13855421686746994,10,0.22392638036809817,1.8907362652767745,27,17,sample_limited,research_only_not_online,
159763,159763,159763,expanded_formal_data,research_only,unknown,manual_review,rank_score_decline_3d_proxy,37,0.6388888888888888,0.013682350887685867,0.0399706113917524,-0.10187667560321712,10,0.11349693251533742,1.5440410745755535,11,9,hypothesis_only,research_only_not_online,
159763,159763,159763,expanded_formal_data,research_only,unknown,manual_review,rank_score_below_70_proxy,175,0.6918604651162791,0.026146295032976316,0.04525808103306248,-0.1102257636122177,10,0.5368098159509203,1.7336992692523538,85,36,sample_limited,research_only_not_online,
159763,159763,159763,expanded_formal_data,research_only,unknown,manual_review,top_decile_drop_proxy,19,0.7058823529411765,0.03499092555498049,0.05601592039452819,-0.07393483709273185,10,0.05828220858895705,3.059997338007896,10,2,hypothesis_only,need_more_data,event_count_below_30
159763,159763,159763,expanded_formal_data,research_only,unknown,manual_review,short_swing_buy_to_watch_proxy,26,0.5384615384615384,0.014166134818511303,0.03850011442393126,-0.10547396528704933,10,0.07975460122699386,1.7186303514537924,13,5,hypothesis_only,need_more_data,event_count_below_30
159763,159763,159763,expanded_formal_data,research_only,unknown,manual_review,short_swing_buy_to_sell_proxy,4,0.3333333333333333,-0.0002882202262429745,0.0495687137761226,-0.07044025157232714,10,0.012269938650306749,1.8721189371614826,0,2,hypothesis_only,need_more_data,event_count_below_30
159763,159763,159763,expanded_formal_data,research_only,unknown,manual_review,volume_heat_decay_proxy,17,0.8823529411764706,0.040550966430147606,0.07701810248589049,-0.059796437659033086,10,0.05214723926380368,7.169958855576348,10,0,hypothesis_only,need_more_data,event_count_below_30
159763,159763,159763,expanded_formal_data,research_only,unknown,manual_review,type_stop_loss_proxy,58,0.9122807017543859,0.03926264282035668,0.06091874094938469,-0.04538341158059467,10,0.17791411042944785,2.199775282540182,32,0,sample_limited,risk_control_candidate_requires_backtest,
159766,159766,旅游ETF,消费医药,trade_pool,sector,sector_beta,rank_score_decline_2d_proxy,79,0.47297297297297297,-0.0024635097165211536,-0.006826661632259358,-0.14948453608247425,10,0.24233128834355827,0.9415032542089451,16,25,sample_limited,candidate_for_simulation_review,
159766,159766,旅游ETF,消费医药,trade_pool,sector,sector_beta,rank_score_decline_3d_proxy,38,0.5294117647058824,0.002129648491088974,0.004070641831895939,-0.13167701863354053,10,0.1165644171779141,1.0490127639192557,8,8,hypothesis_only,research_only_not_online,
159766,159766,旅游ETF,消费医药,trade_pool,sector,sector_beta,rank_score_below_70_proxy,212,0.4504950495049505,-0.008205866382992583,-0.016807095366357255,-0.17500000000000004,10,0.6503067484662577,0.6990397535890662,33,75,evidence_supported,candidate_for_simulation_review,
159766,159766,旅游ETF,消费医药,trade_pool,sector,sector_beta,top_decile_drop_proxy,16,0.375,-0.004591970938843587,0.009047800849990566,-0.06951871657754016,10,0.049079754601226995,0.9186191812562147,3,2,hypothesis_only,need_more_data,event_count_below_30
159766,159766,旅游ETF,消费医药,trade_pool,sector,sector_beta,short_swing_buy_to_watch_proxy,13,0.38461538461538464,-0.006847299349235806,0.0049093333920806614,-0.06951871657754016,10,0.03987730061349693,1.0362218250784079,3,3,hypothesis_only,need_more_data,event_count_below_30
159766,159766,旅游ETF,消费医药,trade_pool,sector,sector_beta,short_swing_buy_to_sell_proxy,2,0.5,0.006324348878918806,-0.07327792929832216,-0.08652657601977753,10,0.006134969325153374,1.5759373712402067,1,2,hypothesis_only,need_more_data,event_count_below_30
159766,159766,旅游ETF,消费医药,trade_pool,sector,sector_beta,volume_heat_decay_proxy,32,0.5172413793103449,-0.004979725382272227,-0.002291178063613111,-0.14355231143552316,10,0.09815950920245399,0.679891276351598,6,9,hypothesis_only,candidate_for_simulation_review,
159766,159766,旅游ETF,消费医药,trade_pool,sector,sector_beta,type_stop_loss_proxy,103,0.3333333333333333,-0.015137520217020287,-0.0208768371227485,-0.14948453608247425,10,0.3159509202453988,0.6542495766709427,10,43,sample_limited,candidate_for_simulation_review,
159770,159770,机器人ETF,科技与新质生产力,observe_pool,theme,theme_beta,rank_score_decline_2d_proxy,82,0.5375,0.0053895974355857145,0.007767967727355083,-0.235812133072407,10,0.25153374233128833,1.055383272283624,30,30,sample_limited,research_only_not_online,
159770,159770,机器人ETF,科技与新质生产力,observe_pool,theme,theme_beta,rank_score_decline_3d_proxy,41,0.5365853658536586,0.006349656954835559,0.011612202884487161,-0.2046843177189409,10,0.12576687116564417,1.1099244570301314,16,12,sample_limited,research_only_not_online,
159770,159770,机器人ETF,科技与新质生产力,observe_pool,theme,theme_beta,rank_score_below_70_proxy,183,0.5606936416184971,0.007831392720395906,0.019722337370900133,-0.16473731077471065,10,0.5613496932515337,1.1090734110344662,59,48,sample_limited,research_only_not_online,
159770,159770,机器人ETF,科技与新质生产力,observe_pool,theme,theme_beta,top_decile_drop_proxy,12,0.6666666666666666,0.030390499517746306,0.03536018592521322,-0.10184442662389737,10,0.03680981595092025,2.1091065436417624,6,2,hypothesis_only,need_more_data,event_count_below_30
159770,159770,机器人ETF,科技与新质生产力,observe_pool,theme,theme_beta,short_swing_buy_to_watch_proxy,22,0.5714285714285714,0.011288102414874688,0.025898214718421346,-0.16324710080285465,10,0.06748466257668712,1.0772296223962965,9,10,hypothesis_only,need_more_data,event_count_below_30
159770,159770,机器人ETF,科技与新质生产力,observe_pool,theme,theme_beta,short_swing_buy_to_sell_proxy,1,1.0,0.029322548028311468,0.1456016177957533,-0.03134479271991919,10,0.003067484662576687,,0,0,hypothesis_only,need_more_data,event_count_below_30
159770,159770,机器人ETF,科技与新质生产力,observe_pool,theme,theme_beta,volume_heat_decay_proxy,28,0.4642857142857143,-0.008745872052008266,0.003688781705052106,-0.16291532690246513,10,0.08588957055214724,0.8527036482055171,10,15,hypothesis_only,need_more_data,event_count_below_30
159770,159770,机器人ETF,科技与新质生产力,observe_pool,theme,theme_beta,type_stop_loss_proxy,131,0.5590551181102362,0.003949260565746059,0.013592938674209036,-0.17441860465116277,10,0.401840490797546,0.9478319567386408,39,34,sample_limited,risk_control_candidate_requires_backtest,
159787,159787,159787,expanded_formal_data,research_only,unknown,manual_review,rank_score_decline_2d_proxy,75,0.47297297297297297,-0.005298336712320024,-0.005919631110155911,-0.15375153751537518,10,0.23006134969325154,0.7568486817976448,12,21,sample_limited,candidate_for_simulation_review,
159787,159787,159787,expanded_formal_data,research_only,unknown,manual_review,rank_score_decline_3d_proxy,32,0.46875,-0.0074025073693929876,-0.004295292881036056,-0.14107365792759063,10,0.09815950920245399,0.6445090001037875,5,11,hypothesis_only,candidate_for_simulation_review,
159787,159787,159787,expanded_formal_data,research_only,unknown,manual_review,rank_score_below_70_proxy,210,0.415,-0.0068936873984378555,-0.004186479740892691,-0.15375153751537518,10,0.6441717791411042,0.8069821339689377,24,36,evidence_supported,candidate_for_simulation_review,
159787,159787,159787,expanded_formal_data,research_only,unknown,manual_review,top_decile_drop_proxy,9,0.6666666666666666,0.0155991925099959,0.02010671194892984,-0.1302149178255374,10,0.027607361963190184,2.1452721178103102,3,1,hypothesis_only,need_more_data,event_count_below_30
159787,159787,159787,expanded_formal_data,research_only,unknown,manual_review,short_swing_buy_to_watch_proxy,15,0.4,0.011717399401602813,0.004331321623453502,-0.13085399449035806,10,0.046012269938650305,2.7970661992861494,6,2,hypothesis_only,need_more_data,event_count_below_30
159787,159787,159787,expanded_formal_data,research_only,unknown,manual_review,short_swing_buy_to_sell_proxy,1,0.0,-0.04156171284634769,-0.08816120906801017,-0.1335012594458439,10,0.003067484662576687,,0,1,hypothesis_only,need_more_data,event_count_below_30
159787,159787,159787,expanded_formal_data,research_only,unknown,manual_review,volume_heat_decay_proxy,27,0.5,-5.0644422082293594e-05,-0.005151731531170553,-0.14107365792759063,10,0.08282208588957055,0.9184085852034578,3,4,hypothesis_only,need_more_data,event_count_below_30
159787,159787,159787,expanded_formal_data,research_only,unknown,manual_review,type_stop_loss_proxy,70,0.36065573770491804,-0.014264930969326921,-0.019666000574222887,-0.11111111111111116,10,0.2147239263803681,0.6036982968472329,5,17,sample_limited,candidate_for_simulation_review,
159791,159791,159791,expanded_formal_data,research_only,unknown,manual_review,rank_score_decline_2d_proxy,75,0.6351351351351351,0.007425962749215102,0.015949419132384096,-0.08253968253968247,10,0.23006134969325154,1.3337353334038011,10,6,sample_limited,research_only_not_online,
159791,159791,159791,expanded_formal_data,research_only,unknown,manual_review,rank_score_decline_3d_proxy,31,0.7419354838709677,0.009497019291592046,0.02628913182158538,-0.07470651013874074,10,0.0950920245398773,1.0359030971970145,6,3,hypothesis_only,research_only_not_online,
159791,159791,159791,expanded_formal_data,research_only,unknown,manual_review,rank_score_below_70_proxy,190,0.6648351648351648,0.009694052233642643,0.0174753831063855,-0.06171735241502696,10,0.5828220858895705,1.4385905963204098,34,2,sample_limited,research_only_not_online,
159791,159791,159791,expanded_formal_data,research_only,unknown,manual_review,top_decile_drop_proxy,12,0.8181818181818182,0.01785326727731884,0.02542002956984536,-0.025195482189400487,10,0.03680981595092025,3.670187631562871,3,0,hypothesis_only,need_more_data,event_count_below_30
159791,159791,159791,expanded_formal_data,research_only,unknown,manual_review,short_swing_buy_to_watch_proxy,11,0.7,0.007879544218482703,0.007425393722122142,-0.04510638297872338,10,0.03374233128834356,1.5539050710463336,1,0,hypothesis_only,need_more_data,event_count_below_30
159791,159791,159791,expanded_formal_data,research_only,unknown,manual_review,short_swing_buy_to_sell_proxy,0,,,,,10,0.0,,0,0,hypothesis_only,need_more_data,event_count_below_30
159791,159791,159791,expanded_formal_data,research_only,unknown,manual_review,volume_heat_decay_proxy,21,0.6190476190476191,0.009071565732255099,0.017390703925704742,-0.0566546762589929,10,0.06441717791411043,1.6698252677170098,3,0,hypothesis_only,need_more_data,event_count_below_30
159791,159791,159791,expanded_formal_data,research_only,unknown,manual_review,type_stop_loss_proxy,8,1.0,0.019084711105429003,0.053464883765123594,-0.0022346368715083775,10,0.024539877300613498,,2,0,hypothesis_only,need_more_data,event_count_below_30
159795,159795,159795,expanded_formal_data,research_only,unknown,manual_review,rank_score_decline_2d_proxy,82,0.55,0.0008203850426931738,0.004994097738661221,-0.17492416582406478,10,0.25153374233128833,0.780043231480154,24,28,sample_limited,research_only_not_online,
159795,159795,159795,expanded_formal_data,research_only,unknown,manual_review,rank_score_decline_3d_proxy,39,0.6153846153846154,0.006941281162226712,0.019057533449721584,-0.15702479338842978,10,0.1196319018404908,0.7677780129802265,12,11,hypothesis_only,research_only_not_online,
159795,159795,159795,expanded_formal_data,research_only,unknown,manual_review,rank_score_below_70_proxy,188,0.5337078651685393,-0.0006158621453096565,0.0006953397549449734,-0.1496062992125985,10,0.5766871165644172,0.8152809742135795,50,61,sample_limited,candidate_for_simulation_review,
159795,159795,159795,expanded_formal_data,research_only,unknown,manual_review,top_decile_drop_proxy,13,0.5384615384615384,0.025487949077768243,0.02507585156722525,-0.09751609935602579,10,0.03987730061349693,3.4821130667665816,4,4,hypothesis_only,need_more_data,event_count_below_30
159795,159795,159795,expanded_formal_data,research_only,unknown,manual_review,short_swing_buy_to_watch_proxy,22,0.5714285714285714,0.01661907848037122,0.019434025513972213,-0.14210061782877315,10,0.06748466257668712,1.6348205738948807,7,6,hypothesis_only,need_more_data,event_count_below_30
159795,159795,159795,expanded_formal_data,research_only,unknown,manual_review,short_swing_buy_to_sell_proxy,0,,,,,10,0.0,,0,0,hypothesis_only,need_more_data,event_count_below_30
159795,159795,159795,expanded_formal_data,research_only,unknown,manual_review,volume_heat_decay_proxy,23,0.6818181818181818,0.014030183752527424,0.001879200806961967,-0.10586011342155022,10,0.0705521472392638,1.2467087989486163,8,4,hypothesis_only,need_more_data,event_count_below_30
159795,159795,159795,expanded_formal_data,research_only,unknown,manual_review,type_stop_loss_proxy,101,0.5612244897959183,0.000707898129309551,-0.0004632961316191935,-0.16221765913757702,10,0.3098159509202454,0.7727113932958507,32,32,sample_limited,risk_control_candidate_requires_backtest,
159797,159797,159797,expanded_formal_data,research_only,unknown,manual_review,rank_score_decline_2d_proxy,74,0.391304347826087,-0.0026373553038175498,-0.001064217421995872,-0.11798561151079134,10,0.22699386503067484,1.2898286342565113,13,12,sample_limited,candidate_for_simulation_review,
159797,159797,159797,expanded_formal_data,research_only,unknown,manual_review,rank_score_decline_3d_proxy,34,0.4,-0.00347171485906013,0.0027016208766637373,-0.10901162790697672,10,0.10429447852760736,1.166537912549958,6,5,hypothesis_only,candidate_for_simulation_review,
159797,159797,159797,expanded_formal_data,research_only,unknown,manual_review,rank_score_below_70_proxy,207,0.3787878787878788,-0.005799455245424643,-0.007313738453242758,-0.134180790960452,10,0.6349693251533742,1.0414871395970697,26,44,evidence_supported,candidate_for_simulation_review,
159797,159797,159797,expanded_formal_data,research_only,unknown,manual_review,top_decile_drop_proxy,9,0.4444444444444444,-0.004614040939390625,-0.0007796699498447968,-0.05875152998776001,10,0.027607361963190184,0.8939529568220775,1,0,hypothesis_only,need_more_data,event_count_below_30
159797,159797,159797,expanded_formal_data,research_only,unknown,manual_review,short_swing_buy_to_watch_proxy,9,0.4444444444444444,-0.011920483576803025,-0.0038733523105092013,-0.07832898172323766,10,0.027607361963190184,0.5869515912400399,1,2,hypothesis_only,need_more_data,event_count_below_30
159797,159797,159797,expanded_formal_data,research_only,unknown,manual_review,short_swing_buy_to_sell_proxy,2,0.5,-0.012692427792091954,-0.017658521760475276,-0.05875152998776001,10,0.006134969325153374,0.3715325147794452,0,0,hypothesis_only,need_more_data,event_count_below_30
159797,159797,159797,expanded_formal_data,research_only,unknown,manual_review,volume_heat_decay_proxy,22,0.23809523809523808,-0.012055940034383155,-0.0041217868368003015,-0.10901162790697672,10,0.06748466257668712,0.7611087721524245,0,2,hypothesis_only,need_more_data,event_count_below_30
159797,159797,159797,expanded_formal_data,research_only,unknown,manual_review,type_stop_loss_proxy,62,0.43636363636363634,-0.004158586932639954,0.00621700702151446,-0.134180790960452,10,0.1901840490797546,0.8858333678902257,9,7,sample_limited,candidate_for_simulation_review,
159806,159806,新能源车电池ETF,新能源制造,trade_pool,commodity_resource,commodity_cycle,rank_score_decline_2d_proxy,62,0.6065573770491803,0.022985690740404983,0.03507491707382229,-0.16347826086956518,10,0.1901840490797546,1.9441489345237908,25,14,sample_limited,research_only_not_online,
159806,159806,新能源车电池ETF,新能源制造,trade_pool,commodity_resource,commodity_cycle,rank_score_decline_3d_proxy,27,0.5925925925925926,0.025396216192385242,0.03513745073243901,-0.1357220412595005,10,0.08282208588957055,2.2070153852462036,11,7,hypothesis_only,need_more_data,event_count_below_30
159806,159806,新能源车电池ETF,新能源制造,trade_pool,commodity_resource,commodity_cycle,rank_score_below_70_proxy,188,0.6179775280898876,0.014062279881566846,0.028710436384932585,-0.1357220412595005,10,0.5766871165644172,1.2345786536797678,75,44,sample_limited,research_only_not_online,
159806,159806,新能源车电池ETF,新能源制造,trade_pool,commodity_resource,commodity_cycle,top_decile_drop_proxy,11,0.2727272727272727,0.005310312432683892,0.02399847421123279,-0.1357220412595005,10,0.03374233128834356,2.7772155411618242,3,1,hypothesis_only,need_more_data,event_count_below_30
159806,159806,新能源车电池ETF,新能源制造,trade_pool,commodity_resource,commodity_cycle,short_swing_buy_to_watch_proxy,26,0.5384615384615384,0.0146307852683754,0.023413886218865747,-0.1522896698615548,10,0.07975460122699386,1.6530032387499263,10,7,hypothesis_only,need_more_data,event_count_below_30
159806,159806,新能源车电池ETF,新能源制造,trade_pool,commodity_resource,commodity_cycle,short_swing_buy_to_sell_proxy,2,1.0,0.036553524804177506,0.06788511749347248,-0.015665796344647487,10,0.006134969325153374,,1,0,hypothesis_only,need_more_data,event_count_below_30
159806,159806,新能源车电池ETF,新能源制造,trade_pool,commodity_resource,commodity_cycle,volume_heat_decay_proxy,15,0.6666666666666666,0.023060280985880664,0.041467882073667604,-0.10561797752808988,10,0.046012269938650305,1.9409871335335915,5,2,hypothesis_only,need_more_data,event_count_below_30
159806,159806,新能源车电池ETF,新能源制造,trade_pool,commodity_resource,commodity_cycle,type_stop_loss_proxy,92,0.6590909090909091,0.01251786578251392,0.0340149761740684,-0.12862318840579723,10,0.2822085889570552,0.9186770440588569,38,19,sample_limited,risk_control_candidate_requires_backtest,
159819,159819,人工智能ETF,科技成长,trade_pool,theme,theme_beta,rank_score_decline_2d_proxy,77,0.6933333333333334,0.02755157009430126,0.04145669078340264,-0.2122958693563881,10,0.2361963190184049,1.371880704279621,36,21,sample_limited,research_only_not_online,
159819,159819,人工智能ETF,科技成长,trade_pool,theme,theme_beta,rank_score_decline_3d_proxy,33,0.7272727272727273,0.020853386723060974,0.03296437664520284,-0.1921182266009852,10,0.10122699386503067,0.9926134094403476,15,6,hypothesis_only,research_only_not_online,
159819,159819,人工智能ETF,科技成长,trade_pool,theme,theme_beta,rank_score_below_70_proxy,181,0.6206896551724138,0.020222671684466235,0.03704230164824873,-0.14258555133079853,10,0.5552147239263804,1.3882198696033476,75,57,sample_limited,research_only_not_online,
159819,159819,人工智能ETF,科技成长,trade_pool,theme,theme_beta,top_decile_drop_proxy,16,0.7333333333333333,0.06143628186102657,0.11227231067905641,-0.07124937280481691,10,0.049079754601226995,10.74855090707301,9,2,hypothesis_only,need_more_data,event_count_below_30
159819,159819,人工智能ETF,科技成长,trade_pool,theme,theme_beta,short_swing_buy_to_watch_proxy,20,0.6,0.02469197058439117,0.050786300815985654,-0.0990228013029315,10,0.06134969325153374,1.851095510201828,9,6,hypothesis_only,need_more_data,event_count_below_30
159819,159819,人工智能ETF,科技成长,trade_pool,theme,theme_beta,short_swing_buy_to_sell_proxy,5,0.5,0.009790516364167196,0.07445461234982834,-0.09255533199195176,10,0.015337423312883436,1.323239969071197,2,1,hypothesis_only,need_more_data,event_count_below_30
159819,159819,人工智能ETF,科技成长,trade_pool,theme,theme_beta,volume_heat_decay_proxy,30,0.7,0.018691282755768843,0.04236538789965729,-0.138655462184874,10,0.09202453987730061,1.0126173017731315,15,8,hypothesis_only,research_only_not_online,
159819,159819,人工智能ETF,科技成长,trade_pool,theme,theme_beta,type_stop_loss_proxy,97,0.7052631578947368,0.03602926272346566,0.05169891993829524,-0.14046121593291405,10,0.29754601226993865,1.609362589109119,53,22,sample_limited,risk_control_candidate_requires_backtest,
159825,159825,农业ETF,周期资源,trade_pool,commodity_resource,commodity_cycle,rank_score_decline_2d_proxy,75,0.6351351351351351,0.0033765551063683215,0.003976807772056687,-0.1686746987951807,10,0.23006134969325154,0.6735563209168978,21,15,sample_limited,research_only_not_online,
159825,159825,农业ETF,周期资源,trade_pool,commodity_resource,commodity_cycle,rank_score_decline_3d_proxy,38,0.6578947368421053,-0.00011806004719427359,0.002227810883912227,-0.15601965601965595,10,0.1165644171779141,0.5167916597224087,10,9,hypothesis_only,candidate_for_simulation_review,
159825,159825,农业ETF,周期资源,trade_pool,commodity_resource,commodity_cycle,rank_score_below_70_proxy,213,0.5862068965517241,0.0007062502175534916,-0.0019712815285917265,-0.1686746987951807,10,0.6533742331288344,0.7240682341451236,39,36,evidence_supported,research_only_not_online,
159825,159825,农业ETF,周期资源,trade_pool,commodity_resource,commodity_cycle,top_decile_drop_proxy,9,0.4444444444444444,-0.005335461661073854,0.006337541986243848,-0.08826815642458108,10,0.027607361963190184,0.7793847533569648,1,1,hypothesis_only,need_more_data,event_count_below_30
159825,159825,农业ETF,周期资源,trade_pool,commodity_resource,commodity_cycle,short_swing_buy_to_watch_proxy,12,0.3333333333333333,0.00015230199359580107,-0.01147602567524685,-0.11111111111111116,10,0.03680981595092025,1.7679305934454659,4,1,hypothesis_only,need_more_data,event_count_below_30
159825,159825,农业ETF,周期资源,trade_pool,commodity_resource,commodity_cycle,short_swing_buy_to_sell_proxy,0,,,,,10,0.0,,0,0,hypothesis_only,need_more_data,event_count_below_30
159825,159825,农业ETF,周期资源,trade_pool,commodity_resource,commodity_cycle,volume_heat_decay_proxy,30,0.7586206896551724,0.015174577466657452,0.01873032100189489,-0.10206896551724132,10,0.09202453987730061,1.211104635521689,9,3,hypothesis_only,research_only_not_online,
159825,159825,农业ETF,周期资源,trade_pool,commodity_resource,commodity_cycle,type_stop_loss_proxy,53,0.30434782608695654,-0.0271587552030423,-0.04784470603315979,-0.15080346106304077,10,0.16257668711656442,0.43049680980452426,4,17,sample_limited,candidate_for_simulation_review,
159835,159835,建信创新药ETF,医药与消费升级,observe_pool,theme,theme_beta,rank_score_decline_2d_proxy,79,0.569620253164557,0.012086441678350398,0.022913444219913117,-0.12420382165605093,10,0.24233128834355827,1.3216381565080682,30,17,sample_limited,research_only_not_online,
159835,159835,建信创新药ETF,医药与消费升级,observe_pool,theme,theme_beta,rank_score_decline_3d_proxy,35,0.6857142857142857,0.023231174893931162,0.04477485890979369,-0.11290322580645151,10,0.10736196319018405,1.499548315653653,17,4,hypothesis_only,research_only_not_online,
159835,159835,建信创新药ETF,医药与消费升级,observe_pool,theme,theme_beta,rank_score_below_70_proxy,202,0.45,0.002665606107318375,0.004207092676369526,-0.16413373860182368,10,0.6196319018404908,1.3701019806511272,52,68,evidence_supported,research_only_not_online,
159835,159835,建信创新药ETF,医药与消费升级,observe_pool,theme,theme_beta,top_decile_drop_proxy,9,0.5555555555555556,0.013550731687055648,0.0246204940312222,-0.07810107197549776,10,0.027607361963190184,1.9773079940458165,3,2,hypothesis_only,need_more_data,event_count_below_30
159835,159835,建信创新药ETF,医药与消费升级,observe_pool,theme,theme_beta,short_swing_buy_to_watch_proxy,17,0.5,0.015469531361094989,0.01998729602175903,-0.11111111111111116,10,0.05214723926380368,1.8232779933630479,6,4,hypothesis_only,need_more_data,event_count_below_30
159835,159835,建信创新药ETF,医药与消费升级,observe_pool,theme,theme_beta,short_swing_buy_to_sell_proxy,1,0.0,-0.04262877442273516,-0.003552397868561097,-0.04262877442273516,10,0.003067484662576687,,0,0,hypothesis_only,need_more_data,event_count_below_30
159835,159835,建信创新药ETF,医药与消费升级,observe_pool,theme,theme_beta,volume_heat_decay_proxy,28,0.5714285714285714,0.008615641928861563,0.02768905708352238,-0.08709175738724739,10,0.08588957055214724,1.194918629663051,8,6,hypothesis_only,need_more_data,event_count_below_30
159835,159835,建信创新药ETF,医药与消费升级,observe_pool,theme,theme_beta,type_stop_loss_proxy,122,0.45081967213114754,0.003294645352120737,0.009492986365022457,-0.12577639751552805,10,0.37423312883435583,1.4096873769470186,27,36,sample_limited,risk_control_candidate_requires_backtest,
159840,159840,159840,expanded_formal_data,research_only,unknown,manual_review,rank_score_decline_2d_proxy,60,0.6551724137931034,0.024206786149304264,0.038979809805858245,-0.16202090592334495,10,0.18404907975460122,1.6527809979010981,28,11,sample_limited,research_only_not_online,
159840,159840,159840,expanded_formal_data,research_only,unknown,manual_review,rank_score_decline_3d_proxy,26,0.6538461538461539,0.025722332524758713,0.0391229074325869,-0.13917525773195882,10,0.07975460122699386,2.0031000724129355,13,6,hypothesis_only,need_more_data,event_count_below_30
159840,159840,159840,expanded_formal_data,research_only,unknown,manual_review,rank_score_below_70_proxy,189,0.664804469273743,0.019067995939698476,0.03854327544356047,-0.13917525773195882,10,0.5797546012269938,1.2994873185525824,75,38,sample_limited,research_only_not_online,
159840,159840,159840,expanded_formal_data,research_only,unknown,manual_review,top_decile_drop_proxy,10,0.4,-0.007284907099185123,0.006980755514312509,-0.15314401622718055,10,0.03067484662576687,0.9548466724583403,1,1,hypothesis_only,need_more_data,event_count_below_30
159840,159840,159840,expanded_formal_data,research_only,unknown,manual_review,short_swing_buy_to_watch_proxy,22,0.6190476190476191,0.024661244856571146,0.06219879909131836,-0.10579064587973275,10,0.06748466257668712,2.2024946213350076,8,2,hypothesis_only,need_more_data,event_count_below_30
159840,159840,159840,expanded_formal_data,research_only,unknown,manual_review,short_swing_buy_to_sell_proxy,4,0.75,0.012401104584348094,-0.01470249506604232,-0.08914285714285708,10,0.012269938650306749,0.6478541017769442,2,1,hypothesis_only,need_more_data,event_count_below_30
159840,159840,159840,expanded_formal_data,research_only,unknown,manual_review,volume_heat_decay_proxy,19,0.7777777777777778,0.035220978313655886,0.05964759514473707,-0.058285714285714385,10,0.05828220858895705,2.7197416883990893,10,0,hypothesis_only,need_more_data,event_count_below_30
159840,159840,159840,expanded_formal_data,research_only,unknown,manual_review,type_stop_loss_proxy,89,0.6987951807228916,0.020175013819424697,0.0370161442814221,-0.13644524236983857,10,0.27300613496932513,1.0539405440583318,40,19,sample_limited,risk_control_candidate_requires_backtest,
159857,159857,光伏ETF,新能源制造,trade_pool,commodity_resource,commodity_cycle,rank_score_decline_2d_proxy,66,0.625,0.009613611319747067,0.02187673103849455,-0.16815920398009943,10,0.20245398773006135,0.9825702680984202,20,18,sample_limited,research_only_not_online,
159857,159857,光伏ETF,新能源制造,trade_pool,commodity_resource,commodity_cycle,rank_score_decline_3d_proxy,26,0.64,0.008669659944167588,0.011717309928917112,-0.11158342189160464,10,0.07975460122699386,1.1347022441574433,5,7,hypothesis_only,need_more_data,event_count_below_30
159857,159857,光伏ETF,新能源制造,trade_pool,commodity_resource,commodity_cycle,rank_score_below_70_proxy,196,0.6397849462365591,0.015669509944348164,0.030715002838040125,-0.16815920398009943,10,0.6012269938650306,1.0861050544324649,72,45,sample_limited,research_only_not_online,
159857,159857,光伏ETF,新能源制造,trade_pool,commodity_resource,commodity_cycle,top_decile_drop_proxy,15,0.7333333333333333,0.02255445116671629,0.02153835837005813,-0.12513034410844626,10,0.046012269938650305,1.1438090413782631,7,4,hypothesis_only,need_more_data,event_count_below_30
159857,159857,光伏ETF,新能源制造,trade_pool,commodity_resource,commodity_cycle,short_swing_buy_to_watch_proxy,21,0.8,0.04099846612740028,0.08079340871904642,-0.12513034410844626,10,0.06441717791411043,5.229539896820615,11,1,hypothesis_only,need_more_data,event_count_below_30
159857,159857,光伏ETF,新能源制造,trade_pool,commodity_resource,commodity_cycle,short_swing_buy_to_sell_proxy,7,0.5,-0.02171558096459064,-0.023970798872129457,-0.13278008298755184,10,0.02147239263803681,0.38911060837903894,1,4,hypothesis_only,need_more_data,event_count_below_30
159857,159857,光伏ETF,新能源制造,trade_pool,commodity_resource,commodity_cycle,volume_heat_decay_proxy,26,0.6923076923076923,0.02663230342343608,0.038101839686846176,-0.09922822491730987,10,0.07975460122699386,2.280959109389563,10,2,hypothesis_only,need_more_data,event_count_below_30
159857,159857,光伏ETF,新能源制造,trade_pool,commodity_resource,commodity_cycle,type_stop_loss_proxy,91,0.6309523809523809,0.011268568029838773,0.031836289118831525,-0.12541254125412538,10,0.2791411042944785,1.0647817777238227,20,13,sample_limited,risk_control_candidate_requires_backtest,
159858,159858,南方创新药ETF,医药与消费升级,observe_pool,theme,theme_beta,rank_score_decline_2d_proxy,76,0.5131578947368421,0.004716888994110523,0.015045448484030187,-0.14781297134238325,10,0.2331288343558282,1.1980675913986047,25,18,sample_limited,research_only_not_online,
159858,159858,南方创新药ETF,医药与消费升级,observe_pool,theme,theme_beta,rank_score_decline_3d_proxy,33,0.6060606060606061,0.011122677526484218,0.026964062773770687,-0.12143928035982021,10,0.10122699386503067,1.1966017047352588,13,6,hypothesis_only,research_only_not_online,
159858,159858,南方创新药ETF,医药与消费升级,observe_pool,theme,theme_beta,rank_score_below_70_proxy,205,0.4630541871921182,0.0038537358428265634,0.005721520304086894,-0.16543574593796173,10,0.6288343558282209,1.376788854752934,56,66,evidence_supported,research_only_not_online,
159858,159858,南方创新药ETF,医药与消费升级,observe_pool,theme,theme_beta,top_decile_drop_proxy,10,0.6,0.01597321620893375,0.02810650352398757,-0.07646176911544234,10,0.03067484662576687,1.947668044613205,3,2,hypothesis_only,need_more_data,event_count_below_30
159858,159858,南方创新药ETF,医药与消费升级,observe_pool,theme,theme_beta,short_swing_buy_to_watch_proxy,16,0.4,0.007483449144238404,0.015432142792359835,-0.11403508771929838,10,0.049079754601226995,1.918875133414986,5,4,hypothesis_only,need_more_data,event_count_below_30
159858,159858,南方创新药ETF,医药与消费升级,observe_pool,theme,theme_beta,short_swing_buy_to_sell_proxy,1,0.0,-0.035211267605633645,-0.0035211267605633756,-0.04401408450704214,10,0.003067484662576687,,0,0,hypothesis_only,need_more_data,event_count_below_30
159858,159858,南方创新药ETF,医药与消费升级,observe_pool,theme,theme_beta,volume_heat_decay_proxy,24,0.5416666666666666,0.007689319218309958,0.00921853272225474,-0.12143928035982021,10,0.0736196319018405,1.1703275117716196,10,8,hypothesis_only,need_more_data,event_count_below_30
159858,159858,南方创新药ETF,医药与消费升级,observe_pool,theme,theme_beta,type_stop_loss_proxy,117,0.5042735042735043,0.007531340690322296,0.016737452566569812,-0.12291350531107748,10,0.3588957055214724,1.4144164199371185,28,29,sample_limited,risk_control_candidate_requires_backtest,
159865,159865,养殖ETF,周期资源,trade_pool,commodity_resource,commodity_cycle,rank_score_decline_2d_proxy,71,0.5352112676056338,-0.002176387576851243,-0.0065419912946344805,-0.16013071895424835,10,0.21779141104294478,0.6469125784638854,13,13,sample_limited,candidate_for_simulation_review,
159865,159865,养殖ETF,周期资源,trade_pool,commodity_resource,commodity_cycle,rank_score_decline_3d_proxy,34,0.6176470588235294,-0.000498649233935565,-0.006077909599038655,-0.1435726210350584,10,0.10429447852760736,0.5517760288556915,6,7,hypothesis_only,candidate_for_simulation_review,
159865,159865,养殖ETF,周期资源,trade_pool,commodity_resource,commodity_cycle,rank_score_below_70_proxy,219,0.5071090047393365,-0.0027686372779957,-0.008033618650357689,-0.16013071895424835,10,0.6717791411042945,0.7308557604728529,32,30,evidence_supported,candidate_for_simulation_review,
159865,159865,养殖ETF,周期资源,trade_pool,commodity_resource,commodity_cycle,top_decile_drop_proxy,10,0.2,-0.0285274286424431,-0.04043653038934338,-0.14380165289256197,10,0.03067484662576687,0.2280183179570468,0,4,hypothesis_only,need_more_data,event_count_below_30
159865,159865,养殖ETF,周期资源,trade_pool,commodity_resource,commodity_cycle,short_swing_buy_to_watch_proxy,11,0.09090909090909091,-0.024776237889694297,-0.038106280209946976,-0.1470588235294117,10,0.03374233128834356,0.1975414264276492,0,4,hypothesis_only,need_more_data,event_count_below_30
159865,159865,养殖ETF,周期资源,trade_pool,commodity_resource,commodity_cycle,short_swing_buy_to_sell_proxy,0,,,,,10,0.0,,0,0,hypothesis_only,need_more_data,event_count_below_30
159865,159865,养殖ETF,周期资源,trade_pool,commodity_resource,commodity_cycle,volume_heat_decay_proxy,19,0.631578947368421,-0.003963371885487747,-0.0030611355229221734,-0.1258865248226949,10,0.05828220858895705,0.4354559062371697,4,4,hypothesis_only,need_more_data,event_count_below_30
159865,159865,养殖ETF,周期资源,trade_pool,commodity_resource,commodity_cycle,type_stop_loss_proxy,50,0.37209302325581395,-0.024677306798353848,-0.05101499501854422,-0.14141414141414133,10,0.15337423312883436,0.4780737489701829,7,17,sample_limited,candidate_for_simulation_review,
159869,159869,游戏ETF,科技成长,trade_pool,theme,theme_beta,rank_score_decline_2d_proxy,67,0.4626865671641791,-0.0028323471837519935,-0.006450701711733947,-0.19518542615484702,10,0.20552147239263804,1.0384025346329375,19,28,sample_limited,candidate_for_simulation_review,
159869,159869,游戏ETF,科技成长,trade_pool,theme,theme_beta,rank_score_decline_3d_proxy,30,0.4,-0.01142681808157671,-0.008379892299461289,-0.1824190350297421,10,0.09202453987730061,0.9532523059327189,7,12,hypothesis_only,candidate_for_simulation_review,
159869,159869,游戏ETF,科技成长,trade_pool,theme,theme_beta,rank_score_below_70_proxy,200,0.4869109947643979,-0.005088454226317437,-0.010118334586679928,-0.23783117683302524,10,0.6134969325153374,0.8507165588378524,53,74,evidence_supported,candidate_for_simulation_review,
159869,159869,游戏ETF,科技成长,trade_pool,theme,theme_beta,top_decile_drop_proxy,15,0.7333333333333333,0.019690087381189745,0.04480415843568221,-0.13151364764268003,10,0.046012269938650305,0.8113712613827779,7,3,hypothesis_only,need_more_data,event_count_below_30
159869,159869,游戏ETF,科技成长,trade_pool,theme,theme_beta,short_swing_buy_to_watch_proxy,20,0.6666666666666666,0.02313186533527068,0.061836082029318104,-0.17717717717717718,10,0.06134969325153374,1.5431210098604309,9,2,hypothesis_only,need_more_data,event_count_below_30
159869,159869,游戏ETF,科技成长,trade_pool,theme,theme_beta,short_swing_buy_to_sell_proxy,3,0.3333333333333333,-0.03419371054632873,-0.03524295775479084,-0.1998706338939198,10,0.009202453987730062,0.931016861134625,1,2,hypothesis_only,need_more_data,event_count_below_30
159869,159869,游戏ETF,科技成长,trade_pool,theme,theme_beta,volume_heat_decay_proxy,25,0.32,-0.024472130889822363,-0.031320114448093385,-0.1824190350297421,10,0.07668711656441718,0.6444646893171019,2,15,hypothesis_only,need_more_data,event_count_below_30
159869,159869,游戏ETF,科技成长,trade_pool,theme,theme_beta,type_stop_loss_proxy,137,0.45038167938931295,-0.013176382124198568,-0.03166587345633593,-0.1998706338939198,10,0.42024539877300615,0.6700634283538841,27,61,sample_limited,candidate_for_simulation_review,
159870,159870,化工ETF,周期、资源、商品,observe_pool,commodity_resource,commodity_cycle,rank_score_decline_2d_proxy,71,0.6056338028169014,0.008423262515023828,0.02170218183357693,-0.14393939393939392,10,0.21779141104294478,0.9665269725817746,27,22,sample_limited,research_only_not_online,
159870,159870,化工ETF,周期、资源、商品,observe_pool,commodity_resource,commodity_cycle,rank_score_decline_3d_proxy,37,0.5945945945945946,0.001299851725682471,0.015147491667365664,-0.14393939393939392,10,0.11349693251533742,0.675006654019451,15,13,hypothesis_only,research_only_not_online,
159870,159870,化工ETF,周期、资源、商品,observe_pool,commodity_resource,commodity_cycle,rank_score_below_70_proxy,178,0.7142857142857143,0.018488492286256108,0.02739520244516056,-0.14780835881753318,10,0.5460122699386503,0.920720926789044,68,38,sample_limited,research_only_not_online,
159870,159870,化工ETF,周期、资源、商品,observe_pool,commodity_resource,commodity_cycle,top_decile_drop_proxy,15,0.6,0.016649796418398515,0.04535933245990258,-0.0777537796976242,10,0.046012269938650305,2.0594368010894386,6,3,hypothesis_only,need_more_data,event_count_below_30
159870,159870,化工ETF,周期、资源、商品,observe_pool,commodity_resource,commodity_cycle,short_swing_buy_to_watch_proxy,21,0.5,0.011053586803539022,0.01029887545101455,-0.13127001067235866,10,0.06441717791411043,1.6117725642671001,7,8,hypothesis_only,need_more_data,event_count_below_30
159870,159870,化工ETF,周期、资源、商品,observe_pool,commodity_resource,commodity_cycle,short_swing_buy_to_sell_proxy,1,0.0,-0.0014124293785310327,0.08757062146892669,-0.03389830508474567,10,0.003067484662576687,,0,0,hypothesis_only,need_more_data,event_count_below_30
159870,159870,化工ETF,周期、资源、商品,observe_pool,commodity_resource,commodity_cycle,volume_heat_decay_proxy,23,0.7391304347826086,0.018932420463350485,0.03538698602417441,-0.11974110032362473,10,0.0705521472392638,1.1460829005111417,11,3,hypothesis_only,need_more_data,event_count_below_30
159870,159870,化工ETF,周期、资源、商品,observe_pool,commodity_resource,commodity_cycle,type_stop_loss_proxy,74,0.7702702702702703,0.02337677499458016,0.0568918246056033,-0.1171875,10,0.22699386503067484,0.9600924724866688,34,11,sample_limited,risk_control_candidate_requires_backtest,
159876,159876,有色金属ETF,周期资源,trade_pool,commodity_resource,commodity_cycle,rank_score_decline_2d_proxy,72,0.704225352112676,0.021379010939329198,0.03689846224906546,-0.215702479338843,10,0.22085889570552147,0.8907898601215561,33,25,sample_limited,research_only_not_online,
159876,159876,有色金属ETF,周期资源,trade_pool,commodity_resource,commodity_cycle,rank_score_decline_3d_proxy,37,0.6756756756756757,0.015308481730669971,0.03196723452277418,-0.2111388196176227,10,0.11349693251533742,0.8591380901106466,15,13,hypothesis_only,research_only_not_online,
159876,159876,有色金属ETF,周期资源,trade_pool,commodity_resource,commodity_cycle,rank_score_below_70_proxy,179,0.6745562130177515,0.018423373545282618,0.03657584603970418,-0.2666151468315302,10,0.549079754601227,0.9043992182986776,74,51,sample_limited,research_only_not_online,
159876,159876,有色金属ETF,周期资源,trade_pool,commodity_resource,commodity_cycle,top_decile_drop_proxy,17,0.8235294117647058,0.02059261016944168,0.06801051094831886,-0.09967051070840194,10,0.05214723926380368,0.8846116007466578,6,2,hypothesis_only,need_more_data,event_count_below_30
159876,159876,有色金属ETF,周期资源,trade_pool,commodity_resource,commodity_cycle,short_swing_buy_to_watch_proxy,20,0.65,0.016304676711992157,0.04382015729883275,-0.18695652173913035,10,0.06134969325153374,1.147708065217697,4,6,hypothesis_only,need_more_data,event_count_below_30
159876,159876,有色金属ETF,周期资源,trade_pool,commodity_resource,commodity_cycle,short_swing_buy_to_sell_proxy,4,0.6666666666666666,-0.002906534402526084,0.05673819143404083,-0.10096153846153844,10,0.012269938650306749,0.45124522937698186,2,2,hypothesis_only,need_more_data,event_count_below_30
159876,159876,有色金属ETF,周期资源,trade_pool,commodity_resource,commodity_cycle,volume_heat_decay_proxy,20,0.75,0.021486571191896748,0.01886819179130852,-0.215702479338843,10,0.06134969325153374,0.7701186761923422,9,7,hypothesis_only,need_more_data,event_count_below_30
159876,159876,有色金属ETF,周期资源,trade_pool,commodity_resource,commodity_cycle,type_stop_loss_proxy,96,0.6781609195402298,0.01039932925606901,0.006776239086664981,-0.24019215372297853,10,0.294478527607362,0.6731813088610009,40,35,sample_limited,risk_control_candidate_requires_backtest,
159883,159883,159883,expanded_formal_data,research_only,unknown,manual_review,rank_score_decline_2d_proxy,80,0.4,-0.0030702647319278825,-0.0008387788426798419,-0.11061946902654862,10,0.24539877300613497,1.1741895721814852,13,12,sample_limited,candidate_for_simulation_review,
159883,159883,159883,expanded_formal_data,research_only,unknown,manual_review,rank_score_decline_3d_proxy,40,0.4166666666666667,-0.0029162152456057547,0.002237394842387951,-0.10126582278481011,10,0.12269938650306748,1.1169157814845048,6,5,sample_limited,candidate_for_simulation_review,
159883,159883,159883,expanded_formal_data,research_only,unknown,manual_review,rank_score_below_70_proxy,206,0.3604060913705584,-0.006244715610209324,-0.007709800034162294,-0.12608695652173907,10,0.6319018404907976,1.0460913000677312,25,44,evidence_supported,candidate_for_simulation_review,
159883,159883,159883,expanded_formal_data,research_only,unknown,manual_review,top_decile_drop_proxy,10,0.6,-0.00041033334251057153,-0.0004899763799160351,-0.0563909774436091,10,0.03067484662576687,0.6481058632859034,1,0,hypothesis_only,need_more_data,event_count_below_30
159883,159883,159883,expanded_formal_data,research_only,unknown,manual_review,short_swing_buy_to_watch_proxy,7,0.42857142857142855,-0.01346991068822924,-0.002167637008124707,-0.08383233532934131,10,0.02147239263803681,0.3314175709632434,0,1,hypothesis_only,need_more_data,event_count_below_30
159883,159883,159883,expanded_formal_data,research_only,unknown,manual_review,short_swing_buy_to_sell_proxy,2,0.5,-0.012383900928792602,-0.018022998673153545,-0.0563909774436091,10,0.006134969325153374,0.3725490196078417,0,0,hypothesis_only,need_more_data,event_count_below_30
159883,159883,159883,expanded_formal_data,research_only,unknown,manual_review,volume_heat_decay_proxy,28,0.32142857142857145,-0.005785063703472565,0.001547580408527637,-0.09865470852017932,10,0.08588957055214724,1.1581337733096988,2,3,hypothesis_only,need_more_data,event_count_below_30
159883,159883,159883,expanded_formal_data,research_only,unknown,manual_review,type_stop_loss_proxy,65,0.4482758620689655,-0.0025759672126035044,0.007361574233065944,-0.12608695652173907,10,0.19938650306748465,0.9287479985635555,11,8,sample_limited,candidate_for_simulation_review,
159888,159888,159888,expanded_formal_data,research_only,unknown,manual_review,rank_score_decline_2d_proxy,80,0.48717948717948717,-0.0033330566045030466,-0.005588260600317447,-0.2025,10,0.24539877300613497,0.8493499179238485,20,31,sample_limited,candidate_for_simulation_review,
159888,159888,159888,expanded_formal_data,research_only,unknown,manual_review,rank_score_decline_3d_proxy,38,0.47368421052631576,-0.0009887351684014047,0.00435708616412107,-0.1778350515463918,10,0.1165644171779141,0.949169061835864,9,14,hypothesis_only,candidate_for_simulation_review,
159888,159888,159888,expanded_formal_data,research_only,unknown,manual_review,rank_score_below_70_proxy,189,0.5418994413407822,-0.0011576093046569613,-0.0003166098860121091,-0.15321375186846042,10,0.5797546012269938,0.7761186053271697,51,61,sample_limited,candidate_for_simulation_review,
159888,159888,159888,expanded_formal_data,research_only,unknown,manual_review,top_decile_drop_proxy,12,0.5833333333333334,0.02879268424315708,0.02871188736552535,-0.09535066981875495,10,0.03680981595092025,3.232040087171178,4,4,hypothesis_only,need_more_data,event_count_below_30
159888,159888,159888,expanded_formal_data,research_only,unknown,manual_review,short_swing_buy_to_watch_proxy,20,0.5789473684210527,0.015204464009511027,0.02068737705810135,-0.14555052790346912,10,0.06134969325153374,1.5535647977668794,6,5,hypothesis_only,need_more_data,event_count_below_30
159888,159888,159888,expanded_formal_data,research_only,unknown,manual_review,short_swing_buy_to_sell_proxy,0,,,,,10,0.0,,0,0,hypothesis_only,need_more_data,event_count_below_30
159888,159888,159888,expanded_formal_data,research_only,unknown,manual_review,volume_heat_decay_proxy,21,0.65,0.010524183328534836,0.009956830356317307,-0.15084294587400182,10,0.06441717791411043,0.9752660597749679,7,8,hypothesis_only,need_more_data,event_count_below_30
159888,159888,159888,expanded_formal_data,research_only,unknown,manual_review,type_stop_loss_proxy,104,0.5643564356435643,0.0006648126758668447,-0.0007646681613796521,-0.162729658792651,10,0.31901840490797545,0.7983207616638698,33,33,sample_limited,risk_control_candidate_requires_backtest,
159889,159889,159889,expanded_formal_data,research_only,unknown,manual_review,rank_score_decline_2d_proxy,86,0.5421686746987951,-0.003099896251879363,-0.003915791871839908,-0.2028985507246377,10,0.26380368098159507,0.6889566954967226,22,34,sample_limited,candidate_for_simulation_review,
159889,159889,159889,expanded_formal_data,research_only,unknown,manual_review,rank_score_decline_3d_proxy,43,0.5476190476190477,-0.0038004832972887807,0.0013560874504896015,-0.18154761904761907,10,0.13190184049079753,0.6487040156163718,10,17,sample_limited,candidate_for_simulation_review,
159889,159889,159889,expanded_formal_data,research_only,unknown,manual_review,rank_score_below_70_proxy,189,0.553072625698324,-0.001641080442537895,0.0009223500729068832,-0.1520417028670722,10,0.5797546012269938,0.7318534023042057,48,63,sample_limited,candidate_for_simulation_review,
159889,159889,159889,expanded_formal_data,research_only,unknown,manual_review,top_decile_drop_proxy,13,0.6153846153846154,0.0295291128404712,0.019418773677898658,-0.09927140255009115,10,0.03987730061349693,3.148858925177364,4,4,hypothesis_only,need_more_data,event_count_below_30
159889,159889,159889,expanded_formal_data,research_only,unknown,manual_review,short_swing_buy_to_watch_proxy,19,0.5555555555555556,0.015043297038124633,0.01625901780616977,-0.14610673665791785,10,0.05828220858895705,1.6886279123164227,6,5,hypothesis_only,need_more_data,event_count_below_30
159889,159889,159889,expanded_formal_data,research_only,unknown,manual_review,short_swing_buy_to_sell_proxy,0,,,,,10,0.0,,0,0,hypothesis_only,need_more_data,event_count_below_30
159889,159889,159889,expanded_formal_data,research_only,unknown,manual_review,volume_heat_decay_proxy,29,0.5555555555555556,-0.00018998921129966242,0.0036287273730024735,-0.15210688591983557,10,0.08895705521472393,0.7269326836431546,8,12,hypothesis_only,need_more_data,event_count_below_30
159889,159889,159889,expanded_formal_data,research_only,unknown,manual_review,type_stop_loss_proxy,102,0.5656565656565656,0.0008001373724042168,-5.169175738808149e-05,-0.16158536585365857,10,0.3128834355828221,0.7808293854932616,31,33,sample_limited,risk_control_candidate_requires_backtest,
159898,159898,159898,expanded_formal_data,research_only,unknown,manual_review,rank_score_decline_2d_proxy,76,0.3972602739726027,-0.0055427357407694085,-0.0044893425388606075,-0.12377210216110024,10,0.2331288343558282,0.9963453168417135,12,14,sample_limited,candidate_for_simulation_review,
159898,159898,159898,expanded_formal_data,research_only,unknown,manual_review,rank_score_decline_3d_proxy,35,0.3939393939393939,-0.008136068888739486,-0.003623334392840482,-0.12377210216110024,10,0.10736196319018405,0.812879632866717,5,7,hypothesis_only,candidate_for_simulation_review,
159898,159898,159898,expanded_formal_data,research_only,unknown,manual_review,rank_score_below_70_proxy,210,0.3880597014925373,-0.004796055500595215,-0.005701793201455965,-0.12377210216110024,10,0.6441717791411042,1.009135206069055,25,41,evidence_supported,candidate_for_simulation_review,
159898,159898,159898,expanded_formal_data,research_only,unknown,manual_review,top_decile_drop_proxy,10,0.6,0.0030596487139867958,0.003261155249280001,-0.05660377358490554,10,0.03067484662576687,0.8378805720426001,2,0,hypothesis_only,need_more_data,event_count_below_30
159898,159898,159898,expanded_formal_data,research_only,unknown,manual_review,short_swing_buy_to_watch_proxy,9,0.2222222222222222,-0.021061391806278182,-0.013988353600316262,-0.11873840445269024,10,0.027607361963190184,0.6329920604336899,1,2,hypothesis_only,need_more_data,event_count_below_30
159898,159898,159898,expanded_formal_data,research_only,unknown,manual_review,short_swing_buy_to_sell_proxy,2,0.5,-0.009289380466999175,-0.012619690726392019,-0.05660377358490554,10,0.006134969325153374,0.5076628352490421,0,0,hypothesis_only,need_more_data,event_count_below_30
159898,159898,159898,expanded_formal_data,research_only,unknown,manual_review,volume_heat_decay_proxy,29,0.39285714285714285,-0.004287144080509913,-0.0005136558301570004,-0.08363636363636373,10,0.08895705521472393,1.035078368086659,3,2,hypothesis_only,need_more_data,event_count_below_30
159898,159898,159898,expanded_formal_data,research_only,unknown,manual_review,type_stop_loss_proxy,63,0.42857142857142855,-0.004171719734999393,0.005822775649868929,-0.12377210216110024,10,0.19325153374233128,0.9021486254511523,10,9,sample_limited,candidate_for_simulation_review,
159901,159901,深100ETF,宽基,trade_pool,broad_index,core_beta,rank_score_decline_2d_proxy,66,0.734375,0.020410058234129454,0.03357942492246014,-0.11197339246119731,10,0.20245398773006135,1.5040638779620201,27,5,sample_limited,research_only_not_online,
159901,159901,深100ETF,宽基,trade_pool,broad_index,core_beta,rank_score_decline_3d_proxy,23,0.782608695652174,0.029899196724511645,0.04153666408001569,-0.029001990332669814,10,0.0705521472392638,2.7454520279260595,12,0,hypothesis_only,need_more_data,event_count_below_30
159901,159901,深100ETF,宽基,trade_pool,broad_index,core_beta,rank_score_below_70_proxy,178,0.6686390532544378,0.015047423737632739,0.026701656892073405,-0.08890746934225191,10,0.5460122699386503,1.7344463808485413,49,11,sample_limited,research_only_not_online,
159901,159901,深100ETF,宽基,trade_pool,broad_index,core_beta,top_decile_drop_proxy,12,0.75,0.035318105154086114,0.0530349460400523,-0.04869006426099853,10,0.03680981595092025,2.395610363098373,6,0,hypothesis_only,need_more_data,event_count_below_30
159901,159901,深100ETF,宽基,trade_pool,broad_index,core_beta,short_swing_buy_to_watch_proxy,20,0.47368421052631576,0.004627720476706337,0.028722452857225553,-0.07280873704844593,10,0.06134969325153374,1.5132556213472599,5,2,hypothesis_only,need_more_data,event_count_below_30
159901,159901,深100ETF,宽基,trade_pool,broad_index,core_beta,short_swing_buy_to_sell_proxy,0,,,,,10,0.0,,0,0,hypothesis_only,need_more_data,event_count_below_30
159901,159901,深100ETF,宽基,trade_pool,broad_index,core_beta,volume_heat_decay_proxy,15,0.6,0.015928111487868983,0.026892908711107114,-0.08908263836239572,10,0.046012269938650305,1.8864241859535615,5,2,hypothesis_only,need_more_data,event_count_below_30
159901,159901,深100ETF,宽基,trade_pool,broad_index,core_beta,type_stop_loss_proxy,11,1.0,0.028630962344893506,0.05678588970290235,-0.006751389992057155,10,0.03374233128834356,,5,0,hypothesis_only,need_more_data,event_count_below_30
159905,159905,深红利ETF,防御风格,trade_pool,sector,sector_beta,rank_score_decline_2d_proxy,74,0.5753424657534246,-0.00047619645528011067,0.0005795094524662139,-0.09531332280147453,10,0.22699386503067484,0.7024104357153304,8,13,sample_limited,candidate_for_simulation_review,
159905,159905,深红利ETF,防御风格,trade_pool,sector,sector_beta,rank_score_decline_3d_proxy,33,0.5757575757575758,-0.001585174426987626,0.001305054479471107,-0.08664850136239788,10,0.10122699386503067,0.6175896754011608,4,5,hypothesis_only,candidate_for_simulation_review,
159905,159905,深红利ETF,防御风格,trade_pool,sector,sector_beta,rank_score_below_70_proxy,212,0.5643564356435643,-0.0001371910284895503,0.0016745770059146167,-0.09910854745673836,10,0.6503067484662577,0.7602810808387404,14,31,evidence_supported,candidate_for_simulation_review,
159905,159905,深红利ETF,防御风格,trade_pool,sector,sector_beta,top_decile_drop_proxy,16,0.6875,0.0032335971334081365,0.0025905305770951223,-0.07344940152339496,10,0.049079754601226995,0.6316199599479424,1,2,hypothesis_only,need_more_data,event_count_below_30
159905,159905,深红利ETF,防御风格,trade_pool,sector,sector_beta,short_swing_buy_to_watch_proxy,6,0.6666666666666666,0.0007191557340638551,0.0070516385511373665,-0.041825095057034245,10,0.018404907975460124,0.5337107537321057,0,0,hypothesis_only,need_more_data,event_count_below_30
159905,159905,深红利ETF,防御风格,trade_pool,sector,sector_beta,short_swing_buy_to_sell_proxy,0,,,,,10,0.0,,0,0,hypothesis_only,need_more_data,event_count_below_30
159905,159905,深红利ETF,防御风格,trade_pool,sector,sector_beta,volume_heat_decay_proxy,21,0.5714285714285714,-0.004613819614437752,-0.005615123115502008,-0.09531332280147453,10,0.06441717791411043,0.4880120215536001,1,6,hypothesis_only,need_more_data,event_count_below_30
159905,159905,深红利ETF,防御风格,trade_pool,sector,sector_beta,type_stop_loss_proxy,25,0.391304347826087,-0.0030799555649179953,-0.003937571160840098,-0.07155123068116775,10,0.07668711656441718,1.2125919762870385,4,4,hypothesis_only,need_more_data,event_count_below_30
159915,159915,创业板ETF,宽基,trade_pool,broad_index,core_beta,rank_score_decline_2d_proxy,245,0.5,0.012381964201700651,0.010267682021937076,-0.1778601204261232,10,0.22518382352941177,1.742274496650115,80,65,evidence_supported,research_only_not_online,
159915,159915,创业板ETF,宽基,trade_pool,broad_index,core_beta,rank_score_decline_3d_proxy,105,0.5047619047619047,0.013983511599597443,0.009728176487204625,-0.15956439393939403,10,0.09650735294117647,1.9082089792981778,36,24,sample_limited,research_only_not_online,
159915,159915,创业板ETF,宽基,trade_pool,broad_index,core_beta,rank_score_below_70_proxy,708,0.4550641940085592,0.001216431352894199,0.005065943542671765,-0.20076628352490422,10,0.6507352941176471,1.2663010288522227,180,232,evidence_supported,research_only_not_online,
159915,159915,创业板ETF,宽基,trade_pool,broad_index,core_beta,top_decile_drop_proxy,27,0.5,0.020292423749128784,0.04041040995956949,-0.09061784897025171,10,0.024816176470588234,2.4202301940961304,10,6,hypothesis_only,need_more_data,event_count_below_30
159915,159915,创业板ETF,宽基,trade_pool,broad_index,core_beta,short_swing_buy_to_watch_proxy,52,0.5098039215686274,0.006237160911356374,0.007773922932484058,-0.14704790196806528,10,0.04779411764705882,1.3924206753885815,16,14,sample_limited,research_only_not_online,
159915,159915,创业板ETF,宽基,trade_pool,broad_index,core_beta,short_swing_buy_to_sell_proxy,5,0.6,0.049017586514414034,0.02280448481773385,-0.11627906976744196,10,0.004595588235294118,4.761764431594654,3,2,hypothesis_only,need_more_data,event_count_below_30
159915,159915,创业板ETF,宽基,trade_pool,broad_index,core_beta,volume_heat_decay_proxy,76,0.39473684210526316,-0.00019700674175932896,-0.006326553169896021,-0.1778601204261232,10,0.06985294117647059,1.5199806871956156,21,26,sample_limited,candidate_for_simulation_review,
159915,159915,创业板ETF,宽基,trade_pool,broad_index,core_beta,type_stop_loss_proxy,164,0.6790123456790124,0.015520194234739914,0.02087962531214121,-0.18674463937621832,10,0.15073529411764705,0.9667549272873464,70,51,sample_limited,risk_control_candidate_requires_backtest,
159920,159920,恒生ETF,QDII观察,observe_pool,qdii,cross_border,rank_score_decline_2d_proxy,85,0.5061728395061729,-0.004413284616866253,-0.0015856717911735569,-0.1428571428571428,10,0.2607361963190184,0.7009122286045145,12,18,sample_limited,candidate_for_simulation_review,
159920,159920,恒生ETF,QDII观察,observe_pool,qdii,cross_border,rank_score_decline_3d_proxy,43,0.5476190476190477,-0.006989317779038799,0.00019303232704769512,-0.1428571428571428,10,0.13190184049079753,0.5325397432526521,7,10,sample_limited,candidate_for_simulation_review,
159920,159920,恒生ETF,QDII观察,observe_pool,qdii,cross_border,rank_score_below_70_proxy,214,0.5686274509803921,0.003514793666885603,0.006422966377799786,-0.11784068466096109,10,0.656441717791411,0.9870929266024998,46,29,evidence_supported,research_only_not_online,
159920,159920,恒生ETF,QDII观察,observe_pool,qdii,cross_border,top_decile_drop_proxy,8,0.25,-0.005408287473653919,-0.017847428442565177,-0.06825499034127491,10,0.024539877300613498,1.040733955703284,0,2,hypothesis_only,need_more_data,event_count_below_30
159920,159920,恒生ETF,QDII观察,observe_pool,qdii,cross_border,short_swing_buy_to_watch_proxy,15,0.7333333333333333,0.004673174107629545,0.0067422250735711545,-0.08925318761384338,10,0.046012269938650305,0.5916554385427757,3,2,hypothesis_only,need_more_data,event_count_below_30
159920,159920,恒生ETF,QDII观察,observe_pool,qdii,cross_border,short_swing_buy_to_sell_proxy,1,0.0,-0.1302864938608459,-0.08594815825375168,-0.14051841746248295,10,0.003067484662576687,,0,1,hypothesis_only,need_more_data,event_count_below_30
159920,159920,恒生ETF,QDII观察,observe_pool,qdii,cross_border,volume_heat_decay_proxy,20,0.5789473684210527,-0.0014493396210650353,0.0010103623603129658,-0.0870113493064314,10,0.06134969325153374,0.6658435464174914,4,4,hypothesis_only,need_more_data,event_count_below_30
159920,159920,恒生ETF,QDII观察,observe_pool,qdii,cross_border,type_stop_loss_proxy,30,0.7142857142857143,0.023872691923869416,0.057887256613883824,-0.1107974594213127,10,0.09202453987730061,1.2931911164096663,11,2,hypothesis_only,risk_control_candidate_requires_backtest,
159928,159928,消费ETF,消费医药,trade_pool,sector,sector_beta,rank_score_decline_2d_proxy,73,0.3194444444444444,-0.012322246936540097,-0.019312718664338226,-0.1222826086956521,10,0.22392638036809817,0.6808946940889414,5,11,sample_limited,candidate_for_simulation_review,
159928,159928,消费ETF,消费医药,trade_pool,sector,sector_beta,rank_score_decline_3d_proxy,28,0.32142857142857145,-0.017348351796569853,-0.021319688993342235,-0.11172413793103442,10,0.08588957055214724,0.47379983932302816,1,4,hypothesis_only,need_more_data,event_count_below_30
159928,159928,消费ETF,消费医药,trade_pool,sector,sector_beta,rank_score_below_70_proxy,238,0.34210526315789475,-0.009608036906534155,-0.0203961073833539,-0.12735166425470335,10,0.7300613496932515,0.7178556110524532,18,33,evidence_supported,candidate_for_simulation_review,
159928,159928,消费ETF,消费医药,trade_pool,sector,sector_beta,top_decile_drop_proxy,5,0.6,-0.012249690490020605,-0.010511575233196457,-0.10307898259705484,10,0.015337423312883436,0.27269342413285996,0,1,hypothesis_only,need_more_data,event_count_below_30
159928,159928,消费ETF,消费医药,trade_pool,sector,sector_beta,short_swing_buy_to_watch_proxy,11,0.1,-0.019952316089723966,-0.019734402344766255,-0.06435643564356441,10,0.03374233128834356,0.8104266783036309,0,2,hypothesis_only,need_more_data,event_count_below_30
159928,159928,消费ETF,消费医药,trade_pool,sector,sector_beta,short_swing_buy_to_sell_proxy,0,,,,,10,0.0,,0,0,hypothesis_only,need_more_data,event_count_below_30
159928,159928,消费ETF,消费医药,trade_pool,sector,sector_beta,volume_heat_decay_proxy,26,0.36,-0.01449955198711478,-0.021136955839337935,-0.1222826086956521,10,0.07975460122699386,0.45459665765812524,1,3,hypothesis_only,need_more_data,event_count_below_30
159928,159928,消费ETF,消费医药,trade_pool,sector,sector_beta,type_stop_loss_proxy,42,0.34285714285714286,-0.023018519647303625,-0.04755517326331574,-0.12735166425470335,10,0.12883435582822086,0.4192170742092011,3,14,sample_limited,candidate_for_simulation_review,
159929,159929,医药ETF,消费医药,trade_pool,sector,sector_beta,rank_score_decline_2d_proxy,74,0.5,0.0005473757156956695,0.004015087856444803,-0.108108108108108,10,0.22699386503067484,1.0364956228950533,19,10,sample_limited,research_only_not_online,
159929,159929,医药ETF,消费医药,trade_pool,sector,sector_beta,rank_score_decline_3d_proxy,33,0.5151515151515151,0.0018971200506856692,0.00993957156937441,-0.09976617303195623,10,0.10122699386503067,1.071564423261176,9,4,hypothesis_only,research_only_not_online,
159929,159929,医药ETF,消费医药,trade_pool,sector,sector_beta,rank_score_below_70_proxy,206,0.42786069651741293,-0.0015322679511035147,-0.004712823660795128,-0.13353338334583642,10,0.6319018404907976,1.2025859895578783,40,43,evidence_supported,candidate_for_simulation_review,
159929,159929,医药ETF,消费医药,trade_pool,sector,sector_beta,top_decile_drop_proxy,13,0.5,0.0003631706784665012,0.0002461134972164362,-0.06962509563886765,10,0.03987730061349693,1.031938235360667,1,2,hypothesis_only,need_more_data,event_count_below_30
159929,159929,医药ETF,消费医药,trade_pool,sector,sector_beta,short_swing_buy_to_watch_proxy,13,0.5384615384615384,-0.007832428477270375,0.00584085455098716,-0.07927677329624472,10,0.03987730061349693,0.5252456568290916,3,4,hypothesis_only,need_more_data,event_count_below_30
159929,159929,医药ETF,消费医药,trade_pool,sector,sector_beta,short_swing_buy_to_sell_proxy,1,,,,,10,0.003067484662576687,,0,0,hypothesis_only,need_more_data,event_count_below_30
159929,159929,医药ETF,消费医药,trade_pool,sector,sector_beta,volume_heat_decay_proxy,24,0.5,0.0031276893312482588,0.0059724437133297946,-0.07914201183431946,10,0.0736196319018405,1.2153788078761847,7,5,hypothesis_only,need_more_data,event_count_below_30
159929,159929,医药ETF,消费医药,trade_pool,sector,sector_beta,type_stop_loss_proxy,49,0.6326530612244898,0.006398868628956748,0.00782738140728507,-0.0826052422557585,10,0.15030674846625766,0.9173875674300161,10,7,sample_limited,risk_control_candidate_requires_backtest,
159930,159930,能源ETF,周期资源,trade_pool,commodity_resource,commodity_cycle,rank_score_decline_2d_proxy,74,0.5362318840579711,0.010149391992012882,0.016896454103481562,-0.09284028324154203,10,0.22699386503067484,1.4813290278665459,21,7,sample_limited,research_only_not_online,
159930,159930,能源ETF,周期资源,trade_pool,commodity_resource,commodity_cycle,rank_score_decline_3d_proxy,35,0.5483870967741935,0.01231705666402924,0.01721894748571247,-0.08925750394944709,10,0.10736196319018405,1.7087449551854177,10,2,hypothesis_only,research_only_not_online,
159930,159930,能源ETF,周期资源,trade_pool,commodity_resource,commodity_cycle,rank_score_below_70_proxy,188,0.5730337078651685,0.006071891953936973,0.02092431005775535,-0.17656950672645733,10,0.5766871165644172,1.06699870794867,38,14,sample_limited,research_only_not_online,
159930,159930,能源ETF,周期资源,trade_pool,commodity_resource,commodity_cycle,top_decile_drop_proxy,17,0.6470588235294118,0.03407672354086838,0.032008510316682524,-0.0539788536449638,10,0.05214723926380368,3.0785316094020416,7,0,hypothesis_only,need_more_data,event_count_below_30
159930,159930,能源ETF,周期资源,trade_pool,commodity_resource,commodity_cycle,short_swing_buy_to_watch_proxy,17,0.6470588235294118,0.022731805641309256,0.04400648540795147,-0.09284028324154203,10,0.05214723926380368,1.3456838825794613,7,2,hypothesis_only,need_more_data,event_count_below_30
159930,159930,能源ETF,周期资源,trade_pool,commodity_resource,commodity_cycle,short_swing_buy_to_sell_proxy,2,0.5,0.03087452253167,0.10669906198626822,-0.04629629629629639,10,0.006134969325153374,2.5925723861112173,1,0,hypothesis_only,need_more_data,event_count_below_30
159930,159930,能源ETF,周期资源,trade_pool,commodity_resource,commodity_cycle,volume_heat_decay_proxy,27,0.34782608695652173,0.0012567762844234635,0.02162750418274776,-0.08781645569620256,10,0.08282208588957055,2.0472752804064265,5,1,hypothesis_only,need_more_data,event_count_below_30
159930,159930,能源ETF,周期资源,trade_pool,commodity_resource,commodity_cycle,type_stop_loss_proxy,49,0.358974358974359,-0.0028347687622647675,-0.014329613793624268,-0.1124925991711071,10,0.15030674846625766,1.5284054407558143,8,6,sample_limited,candidate_for_simulation_review,
159940,159940,金融ETF,金融地产,trade_pool,sector,sector_beta,rank_score_decline_2d_proxy,87,0.5238095238095238,0.0010716706467039279,0.004551505394590792,-0.09090909090909094,10,0.2668711656441718,0.9474488092771618,12,8,sample_limited,research_only_not_online,
159940,159940,金融ETF,金融地产,trade_pool,sector,sector_beta,rank_score_decline_3d_proxy,42,0.5121951219512195,0.0022926231929689084,0.0032828731161379347,-0.0689102564102565,10,0.12883435582822086,1.1364011692199387,5,4,sample_limited,research_only_not_online,
159940,159940,金融ETF,金融地产,trade_pool,sector,sector_beta,rank_score_below_70_proxy,213,0.5480769230769231,0.0013976695092560235,-0.0004478904756452292,-0.0690172543135783,10,0.6533742331288344,0.9224667393269672,24,8,evidence_supported,research_only_not_online,
159940,159940,金融ETF,金融地产,trade_pool,sector,sector_beta,top_decile_drop_proxy,10,0.5,-0.010060207725692893,-0.0039011316406802146,-0.06686701728024036,10,0.03067484662576687,0.293411168055113,0,2,hypothesis_only,need_more_data,event_count_below_30
159940,159940,金融ETF,金融地产,trade_pool,sector,sector_beta,short_swing_buy_to_watch_proxy,7,0.42857142857142855,-0.005944680788122048,-0.0013280382566651094,-0.06686701728024036,10,0.02147239263803681,0.6727511892013265,1,1,hypothesis_only,need_more_data,event_count_below_30
159940,159940,金融ETF,金融地产,trade_pool,sector,sector_beta,short_swing_buy_to_sell_proxy,0,,,,,10,0.0,,0,0,hypothesis_only,need_more_data,event_count_below_30
159940,159940,金融ETF,金融地产,trade_pool,sector,sector_beta,volume_heat_decay_proxy,23,0.4782608695652174,-0.0013976171743028578,-0.002678629611709572,-0.0689102564102565,10,0.0705521472392638,0.8748939225058724,3,2,hypothesis_only,need_more_data,event_count_below_30
159940,159940,金融ETF,金融地产,trade_pool,sector,sector_beta,type_stop_loss_proxy,23,0.8695652173913043,0.019328507136461108,0.01936636001669745,-0.038919777601270744,10,0.0705521472392638,2.7059974292861293,5,0,hypothesis_only,need_more_data,event_count_below_30
159941,159941,纳指ETF,QDII观察,observe_pool,qdii,cross_border,rank_score_decline_2d_proxy,83,0.6410256410256411,0.020817832469628293,0.029083679312021483,-0.13681368136813687,10,0.254601226993865,2.6437187314950985,28,10,sample_limited,research_only_not_online,
159941,159941,纳指ETF,QDII观察,observe_pool,qdii,cross_border,rank_score_decline_3d_proxy,43,0.7,0.022885204147340583,0.03189671528060955,-0.11203703703703716,10,0.13190184049079753,2.5593378442350176,15,4,sample_limited,research_only_not_online,
159941,159941,纳指ETF,QDII观察,observe_pool,qdii,cross_border,rank_score_below_70_proxy,184,0.5428571428571428,0.010998075482561178,0.02243330308865527,-0.07776962582538527,10,0.5644171779141104,1.89283754824457,51,16,sample_limited,research_only_not_online,
159941,159941,纳指ETF,QDII观察,observe_pool,qdii,cross_border,top_decile_drop_proxy,9,0.5555555555555556,0.028332719053146358,0.02975508884656332,-0.08084358523725843,10,0.027607361963190184,3.098209311151899,3,2,hypothesis_only,need_more_data,event_count_below_30
159941,159941,纳指ETF,QDII观察,observe_pool,qdii,cross_border,short_swing_buy_to_watch_proxy,20,0.6,0.014138390275821621,0.03899249396706965,-0.14221824686940976,10,0.06134969325153374,1.3378076803937249,8,4,hypothesis_only,need_more_data,event_count_below_30
159941,159941,纳指ETF,QDII观察,observe_pool,qdii,cross_border,short_swing_buy_to_sell_proxy,1,,,,,10,0.003067484662576687,,0,0,hypothesis_only,need_more_data,event_count_below_30
159941,159941,纳指ETF,QDII观察,observe_pool,qdii,cross_border,volume_heat_decay_proxy,28,0.5833333333333334,0.012281459836378197,0.026997096225360895,-0.13681368136813687,10,0.08588957055214724,2.2425789244519865,5,3,hypothesis_only,need_more_data,event_count_below_30
159941,159941,纳指ETF,QDII观察,observe_pool,qdii,cross_border,type_stop_loss_proxy,20,1.0,0.04398326618113507,0.0974764334913354,-0.0995305164319249,10,0.06134969325153374,,11,1,hypothesis_only,need_more_data,event_count_below_30
159949,159949,创业板50ETF,宽基,trade_pool,broad_index,core_beta,rank_score_decline_2d_proxy,62,0.85,0.04349082918915112,0.06244827889987201,-0.17226890756302515,10,0.1901840490797546,1.1319717107467706,36,6,sample_limited,research_only_not_online,
159949,159949,创业板50ETF,宽基,trade_pool,broad_index,core_beta,rank_score_decline_3d_proxy,22,0.9090909090909091,0.05868476921385397,0.08008637995889871,-0.05798090040927695,10,0.06748466257668712,2.3039036781035858,16,0,hypothesis_only,need_more_data,event_count_below_30
159949,159949,创业板50ETF,宽基,trade_pool,broad_index,core_beta,rank_score_below_70_proxy,172,0.6787878787878788,0.028439906252289975,0.04750660414621379,-0.12955974842767304,10,0.5276073619631901,2.0160212885150846,73,19,sample_limited,research_only_not_online,
159949,159949,创业板50ETF,宽基,trade_pool,broad_index,core_beta,top_decile_drop_proxy,15,0.7142857142857143,0.050948172935040136,0.11445864525129619,-0.05085910652920966,10,0.046012269938650305,6.96903420921906,8,0,hypothesis_only,need_more_data,event_count_below_30
159949,159949,创业板50ETF,宽基,trade_pool,broad_index,core_beta,short_swing_buy_to_watch_proxy,20,0.6,0.02174323998081339,0.05354186671230829,-0.10499027867790012,10,0.06134969325153374,2.3777500500309037,7,3,hypothesis_only,need_more_data,event_count_below_30
159949,159949,创业板50ETF,宽基,trade_pool,broad_index,core_beta,short_swing_buy_to_sell_proxy,5,1.0,0.05795494878293731,0.09200335586570303,-0.03649635036496346,10,0.015337423312883436,,1,0,hypothesis_only,need_more_data,event_count_below_30
159949,159949,创业板50ETF,宽基,trade_pool,broad_index,core_beta,volume_heat_decay_proxy,16,0.9375,0.04332306399267561,0.06467495570631321,-0.05798090040927695,10,0.049079754601226995,0.8731633246128551,8,0,hypothesis_only,need_more_data,event_count_below_30
159949,159949,创业板50ETF,宽基,trade_pool,broad_index,core_beta,type_stop_loss_proxy,32,0.9666666666666667,0.06281806565865289,0.07424406112261044,-0.04879725085910669,10,0.09815950920245399,7.913817718391402,24,0,hypothesis_only,risk_control_candidate_requires_backtest,
159954,159954,159954,expanded_formal_data,research_only,unknown,manual_review,rank_score_decline_2d_proxy,87,0.4418604651162791,-0.006448908116341017,-0.008364375743416285,-0.15181194906953965,10,0.2668711656441718,0.7736629600280029,11,17,sample_limited,candidate_for_simulation_review,
159954,159954,159954,expanded_formal_data,research_only,unknown,manual_review,rank_score_decline_3d_proxy,45,0.4444444444444444,-0.004768056515530998,-0.007063652331091101,-0.15181194906953965,10,0.13803680981595093,0.8656756178033618,7,9,sample_limited,candidate_for_simulation_review,
159954,159954,159954,expanded_formal_data,research_only,unknown,manual_review,rank_score_below_70_proxy,219,0.4880382775119617,-0.0005817259475359303,-0.0019146037348287202,-0.12419700214132767,10,0.6717791411042945,0.9647170763631386,38,29,evidence_supported,candidate_for_simulation_review,
159954,159954,159954,expanded_formal_data,research_only,unknown,manual_review,top_decile_drop_proxy,9,0.3333333333333333,-0.008813590916533394,-0.015865078304493747,-0.07551020408163256,10,0.027607361963190184,0.494842513664634,0,2,hypothesis_only,need_more_data,event_count_below_30
159954,159954,159954,expanded_formal_data,research_only,unknown,manual_review,short_swing_buy_to_watch_proxy,16,0.4375,-0.004644773079392477,-0.0053837939583737185,-0.10256410256410253,10,0.049079754601226995,0.7011226411145434,2,3,hypothesis_only,need_more_data,event_count_below_30
159954,159954,159954,expanded_formal_data,research_only,unknown,manual_review,short_swing_buy_to_sell_proxy,1,0.0,-0.13359528487229866,-0.0952848722986247,-0.14931237721021617,10,0.003067484662576687,,0,1,hypothesis_only,need_more_data,event_count_below_30
159954,159954,159954,expanded_formal_data,research_only,unknown,manual_review,volume_heat_decay_proxy,35,0.38235294117647056,-0.005578849416036574,-0.008018135288312139,-0.09911894273127764,10,0.10736196319018405,1.011168194929937,4,6,hypothesis_only,candidate_for_simulation_review,
159954,159954,159954,expanded_formal_data,research_only,unknown,manual_review,type_stop_loss_proxy,57,0.425531914893617,-0.0049038531631131945,-0.0001815712480280973,-0.1278952668680765,10,0.17484662576687116,0.9732020425412192,11,13,sample_limited,candidate_for_simulation_review,
159992,159992,银华创新药ETF,医药与消费升级,trade_pool,theme,theme_beta,rank_score_decline_2d_proxy,76,0.5526315789473685,0.01005372532848654,0.023123916840343196,-0.11955168119551696,10,0.2331288343558282,1.3227336110361747,28,16,sample_limited,research_only_not_online,
159992,159992,银华创新药ETF,医药与消费升级,trade_pool,theme,theme_beta,rank_score_decline_3d_proxy,31,0.6451612903225806,0.020807289106446705,0.04618545139492022,-0.11403508771929838,10,0.0950920245398773,1.630212091003615,14,3,hypothesis_only,research_only_not_online,
159992,159992,银华创新药ETF,医药与消费升级,trade_pool,theme,theme_beta,rank_score_below_70_proxy,205,0.458128078817734,0.003458793913746098,0.004923953542115898,-0.1652892561983471,10,0.6288343558282209,1.3663466877269779,54,66,evidence_supported,research_only_not_online,
159992,159992,银华创新药ETF,医药与消费升级,trade_pool,theme,theme_beta,top_decile_drop_proxy,10,0.6,0.014499566766372762,0.027315256257740984,-0.07995226730310256,10,0.03067484662576687,1.7693912670654564,3,2,hypothesis_only,need_more_data,event_count_below_30
159992,159992,银华创新药ETF,医药与消费升级,trade_pool,theme,theme_beta,short_swing_buy_to_watch_proxy,17,0.375,0.0039729823591207886,0.008638436511511622,-0.11496531219028727,10,0.05214723926380368,1.9094357936159843,5,5,hypothesis_only,need_more_data,event_count_below_30
159992,159992,银华创新药ETF,医药与消费升级,trade_pool,theme,theme_beta,short_swing_buy_to_sell_proxy,1,0.0,-0.0498614958448752,-0.0041551246537395725,-0.0498614958448752,10,0.003067484662576687,,0,0,hypothesis_only,need_more_data,event_count_below_30
159992,159992,银华创新药ETF,医药与消费升级,trade_pool,theme,theme_beta,volume_heat_decay_proxy,22,0.6363636363636364,0.020139022893307802,0.027365835628656614,-0.10765550239234445,10,0.06748466257668712,1.740891903254556,9,4,hypothesis_only,need_more_data,event_count_below_30
159992,159992,银华创新药ETF,医药与消费升级,trade_pool,theme,theme_beta,type_stop_loss_proxy,115,0.5130434782608696,0.006303503747863522,0.014232856841571039,-0.12242424242424244,10,0.35276073619631904,1.2769510936587338,27,32,sample_limited,risk_control_candidate_requires_backtest,
159995,159995,芯片ETF,科技成长,trade_pool,theme,theme_beta,rank_score_decline_2d_proxy,83,0.6419753086419753,0.020847516008035714,0.05198128338557991,-0.16169895678092405,10,0.254601226993865,1.3138358590223977,30,28,sample_limited,research_only_not_online,
159995,159995,芯片ETF,科技成长,trade_pool,theme,theme_beta,rank_score_decline_3d_proxy,45,0.6363636363636364,0.019617229307720255,0.0541802751028861,-0.13923395445134568,10,0.13803680981595093,1.4315072273730862,17,15,sample_limited,research_only_not_online,
159995,159995,芯片ETF,科技成长,trade_pool,theme,theme_beta,rank_score_below_70_proxy,164,0.5652173913043478,0.024210793756492273,0.03912078518912218,-0.1588265048052605,10,0.5030674846625767,1.7942342073141173,59,45,sample_limited,research_only_not_online,
159995,159995,芯片ETF,科技成长,trade_pool,theme,theme_beta,top_decile_drop_proxy,14,0.7692307692307693,0.0701831534360149,0.1604603159358476,-0.13045127038301096,10,0.04294478527607362,1.5381738476875513,9,2,hypothesis_only,need_more_data,event_count_below_30
159995,159995,芯片ETF,科技成长,trade_pool,theme,theme_beta,short_swing_buy_to_watch_proxy,17,0.5294117647058824,0.019389224638863604,0.0835255320957244,-0.1523955147808358,10,0.05214723926380368,1.5609937688289695,7,7,hypothesis_only,need_more_data,event_count_below_30
159995,159995,芯片ETF,科技成长,trade_pool,theme,theme_beta,short_swing_buy_to_sell_proxy,4,0.3333333333333333,-0.026820277568936717,0.07683947079570834,-0.10198300283286121,10,0.012269938650306749,0.1737372957713836,0,3,hypothesis_only,need_more_data,event_count_below_30
159995,159995,芯片ETF,科技成长,trade_pool,theme,theme_beta,volume_heat_decay_proxy,28,0.5714285714285714,0.02341154357495071,0.02844252995784546,-0.14410705095213583,10,0.08588957055214724,1.8844143959649917,8,8,hypothesis_only,need_more_data,event_count_below_30
159995,159995,芯片ETF,科技成长,trade_pool,theme,theme_beta,type_stop_loss_proxy,118,0.5431034482758621,0.02878541928747902,0.032151208825613835,-0.1523955147808358,10,0.3619631901840491,2.0404546674221415,43,47,sample_limited,risk_control_candidate_requires_backtest,
159996,159996,家电ETF,消费医药,trade_pool,sector,sector_beta,rank_score_decline_2d_proxy,91,0.48314606741573035,0.0007810278750476214,0.002730706312408388,-0.1366855524079319,10,0.2791411042944785,1.1033602890578844,21,15,sample_limited,research_only_not_online,
159996,159996,家电ETF,消费医药,trade_pool,sector,sector_beta,rank_score_decline_3d_proxy,45,0.4888888888888889,0.001750198302247262,0.002764534173704101,-0.11931818181818188,10,0.13803680981595093,1.1417638604184863,9,6,sample_limited,research_only_not_online,
159996,159996,家电ETF,消费医药,trade_pool,sector,sector_beta,rank_score_below_70_proxy,202,0.546875,0.004066563149696859,0.011135560232786001,-0.12153652392947112,10,0.6196319018404908,1.1058969048173883,47,24,evidence_supported,research_only_not_online,
159996,159996,家电ETF,消费医药,trade_pool,sector,sector_beta,top_decile_drop_proxy,11,0.36363636363636365,-0.007317360298492463,-0.00372427154629008,-0.06346153846153846,10,0.03374233128834356,0.80646837068557,1,1,hypothesis_only,need_more_data,event_count_below_30
159996,159996,家电ETF,消费医药,trade_pool,sector,sector_beta,short_swing_buy_to_watch_proxy,13,0.46153846153846156,0.011440960468135449,0.011288865627938405,-0.05840821566110399,10,0.03987730061349693,3.126030627939078,4,0,hypothesis_only,need_more_data,event_count_below_30
159996,159996,家电ETF,消费医药,trade_pool,sector,sector_beta,short_swing_buy_to_sell_proxy,1,0.0,-0.1335227272727273,-0.08948863636363624,-0.13423295454545447,10,0.003067484662576687,,0,1,hypothesis_only,need_more_data,event_count_below_30
159996,159996,家电ETF,消费医药,trade_pool,sector,sector_beta,volume_heat_decay_proxy,27,0.37037037037037035,-0.0028900537021972956,-0.007990658613844372,-0.12153652392947112,10,0.08282208588957055,1.3765369770858906,5,4,hypothesis_only,need_more_data,event_count_below_30
159996,159996,家电ETF,消费医药,trade_pool,sector,sector_beta,type_stop_loss_proxy,42,0.7380952380952381,0.017942312644160574,0.04394937143702978,-0.10036900369003687,10,0.12883435582822086,1.0533213519978775,18,5,sample_limited,risk_control_candidate_requires_backtest,
159997,159997,159997,expanded_formal_data,research_only,unknown,manual_review,rank_score_decline_2d_proxy,73,0.6285714285714286,0.023932223280524724,0.05680824803203284,-0.1374449339207049,10,0.22392638036809817,1.5202384037872292,33,18,sample_limited,research_only_not_online,
159997,159997,159997,expanded_formal_data,research_only,unknown,manual_review,rank_score_decline_3d_proxy,29,0.5357142857142857,0.015914767147054594,0.04581487333210648,-0.13668430335096993,10,0.08895705521472393,1.7449893632169915,10,9,hypothesis_only,need_more_data,event_count_below_30
159997,159997,159997,expanded_formal_data,research_only,unknown,manual_review,rank_score_below_70_proxy,163,0.610062893081761,0.02527724397423924,0.03496694345955225,-0.16676056338028156,10,0.5,1.6789852084937726,69,40,sample_limited,research_only_not_online,
159997,159997,159997,expanded_formal_data,research_only,unknown,manual_review,top_decile_drop_proxy,15,0.7142857142857143,0.03396136577063523,0.10774365708059763,-0.10285714285714287,10,0.046012269938650305,1.3087308682346275,9,2,hypothesis_only,need_more_data,event_count_below_30
159997,159997,159997,expanded_formal_data,research_only,unknown,manual_review,short_swing_buy_to_watch_proxy,20,0.6,0.010094096147532705,0.05196738637192146,-0.12020606754436192,10,0.06134969325153374,1.126911957281993,7,6,hypothesis_only,need_more_data,event_count_below_30
159997,159997,159997,expanded_formal_data,research_only,unknown,manual_review,short_swing_buy_to_sell_proxy,3,0.0,-0.05204461113595893,0.06860224031426426,-0.11384062312762133,10,0.009202453987730062,,0,2,hypothesis_only,need_more_data,event_count_below_30
159997,159997,159997,expanded_formal_data,research_only,unknown,manual_review,volume_heat_decay_proxy,25,0.72,0.038090440081979364,0.054847022637594396,-0.1374449339207049,10,0.07668711656441718,1.5870514619690046,12,5,hypothesis_only,need_more_data,event_count_below_30
159997,159997,159997,expanded_formal_data,research_only,unknown,manual_review,type_stop_loss_proxy,90,0.6590909090909091,0.04030300128608248,0.05220266276928453,-0.14198071866783524,10,0.27607361963190186,1.9574031888473091,44,20,sample_limited,risk_control_candidate_requires_backtest,
300750,300750,宁德时代,个股观察,observe_pool,unknown,manual_review,all_rules,0,,,,,,,,,,hypothesis_only,need_more_data,price_sample_insufficient: missing
510050,510050,上证50ETF,宽基,trade_pool,broad_index,core_beta,rank_score_decline_2d_proxy,75,0.5540540540540541,0.002431960605698601,0.007892588438202104,-0.08047451106123771,10,0.23006134969325154,1.0076405072427745,11,4,sample_limited,research_only_not_online,
510050,510050,上证50ETF,宽基,trade_pool,broad_index,core_beta,rank_score_decline_3d_proxy,33,0.5454545454545454,0.0028825117555342328,0.007550306406554544,-0.08047451106123771,10,0.10122699386503067,1.1659500623585481,5,1,hypothesis_only,research_only_not_online,
510050,510050,上证50ETF,宽基,trade_pool,broad_index,core_beta,rank_score_below_70_proxy,198,0.6580310880829016,0.0064301316372392375,0.012377283602854349,-0.08487555839183158,10,0.6073619631901841,0.98337390806802,28,12,sample_limited,research_only_not_online,
510050,510050,上证50ETF,宽基,trade_pool,broad_index,core_beta,top_decile_drop_proxy,16,0.5,0.004304777205893014,0.010060953031832319,-0.056278464541314244,10,0.049079754601226995,1.6781521954480083,1,0,hypothesis_only,need_more_data,event_count_below_30
510050,510050,上证50ETF,宽基,trade_pool,broad_index,core_beta,short_swing_buy_to_watch_proxy,10,0.5,0.0003655073473566528,-0.0014493498447701993,-0.04288377874456184,10,0.03067484662576687,1.0494195233191737,0,0,hypothesis_only,need_more_data,event_count_below_30
510050,510050,上证50ETF,宽基,trade_pool,broad_index,core_beta,short_swing_buy_to_sell_proxy,0,,,,,10,0.0,,0,0,hypothesis_only,need_more_data,event_count_below_30
510050,510050,上证50ETF,宽基,trade_pool,broad_index,core_beta,volume_heat_decay_proxy,23,0.5454545454545454,-0.000209732606545226,0.008981741101967092,-0.08047451106123771,10,0.0705521472392638,0.8167321886902253,3,1,hypothesis_only,need_more_data,event_count_below_30
510050,510050,上证50ETF,宽基,trade_pool,broad_index,core_beta,type_stop_loss_proxy,2,1.0,0.03272450914071445,0.05719230994078783,0.0,10,0.006134969325153374,,1,0,hypothesis_only,need_more_data,event_count_below_30
510060,510060,510060,expanded_formal_data,research_only,unknown,manual_review,rank_score_decline_2d_proxy,67,0.515625,-0.0003127440432088603,0.002287718573333427,-0.05450500556173532,10,0.20552147239263804,0.8960095131958863,1,0,sample_limited,candidate_for_simulation_review,
510060,510060,510060,expanded_formal_data,research_only,unknown,manual_review,rank_score_decline_3d_proxy,28,0.48148148148148145,-0.0037427167246563264,0.0019701306193345256,-0.05063291139240511,10,0.08588957055214724,0.6097186212856942,0,0,hypothesis_only,need_more_data,event_count_below_30
510060,510060,510060,expanded_formal_data,research_only,unknown,manual_review,rank_score_below_70_proxy,202,0.515625,0.0022689594215668627,0.0048955474533283316,-0.05133928571428581,10,0.6196319018404908,1.234477630568468,10,0,evidence_supported,research_only_not_online,
510060,510060,510060,expanded_formal_data,research_only,unknown,manual_review,top_decile_drop_proxy,11,0.5454545454545454,0.004953587720005032,0.004231813488667544,-0.02840059790732441,10,0.03374233128834356,1.8125855336261483,0,0,hypothesis_only,need_more_data,event_count_below_30
510060,510060,510060,expanded_formal_data,research_only,unknown,manual_review,short_swing_buy_to_watch_proxy,2,1.0,0.012555646272046639,0.030799072968921037,-0.006961506961507102,10,0.006134969325153374,,0,0,hypothesis_only,need_more_data,event_count_below_30
510060,510060,510060,expanded_formal_data,research_only,unknown,manual_review,short_swing_buy_to_sell_proxy,0,,,,,10,0.0,,0,0,hypothesis_only,need_more_data,event_count_below_30
510060,510060,510060,expanded_formal_data,research_only,unknown,manual_review,volume_heat_decay_proxy,23,0.47619047619047616,-0.000777228032682172,0.004675837338012213,-0.05063291139240511,10,0.0705521472392638,0.9999028096227788,1,0,hypothesis_only,need_more_data,event_count_below_30
510060,510060,510060,expanded_formal_data,research_only,unknown,manual_review,type_stop_loss_proxy,0,,,,,10,0.0,,0,0,hypothesis_only,need_more_data,event_count_below_30
510180,510180,上证180ETF,宽基,trade_pool,broad_index,core_beta,rank_score_decline_2d_proxy,25,0.375,-0.003675664722748153,-0.004908206423047331,-0.08617808546192418,10,0.21008403361344538,1.235122000440285,5,6,hypothesis_only,need_more_data,event_count_below_30
510180,510180,上证180ETF,宽基,trade_pool,broad_index,core_beta,rank_score_decline_3d_proxy,10,0.4,-0.002272247891666579,0.0064568169830764716,-0.07132459970887917,10,0.08403361344537816,1.2390281126610543,2,1,hypothesis_only,need_more_data,event_count_below_30
510180,510180,上证180ETF,宽基,trade_pool,broad_index,core_beta,rank_score_below_70_proxy,58,0.5576923076923077,0.001703166003128956,0.0035720301510164584,-0.09203036053130942,10,0.48739495798319327,0.9073794827455485,10,15,sample_limited,research_only_not_online,
510180,510180,上证180ETF,宽基,trade_pool,broad_index,core_beta,top_decile_drop_proxy,4,0.0,-0.02845221357637891,-0.04221476139116679,-0.07980769230769236,10,0.03361344537815126,,0,2,hypothesis_only,need_more_data,event_count_below_30
510180,510180,上证180ETF,宽基,trade_pool,broad_index,core_beta,short_swing_buy_to_watch_proxy,5,0.5,0.004965874855168917,-0.024568112675104243,-0.06704707560627687,10,0.04201680672268908,2.061774415204159,0,1,hypothesis_only,need_more_data,event_count_below_30
510180,510180,上证180ETF,宽基,trade_pool,broad_index,core_beta,short_swing_buy_to_sell_proxy,0,,,,,10,0.0,,0,0,hypothesis_only,need_more_data,event_count_below_30
510180,510180,上证180ETF,宽基,trade_pool,broad_index,core_beta,volume_heat_decay_proxy,7,0.8333333333333334,0.025414024461943335,0.0017641584634337237,-0.08617808546192418,10,0.058823529411764705,3.1709585619836402,3,1,hypothesis_only,need_more_data,event_count_below_30
510180,510180,上证180ETF,宽基,trade_pool,broad_index,core_beta,type_stop_loss_proxy,3,1.0,0.021579632062562897,0.04374141178174229,-0.0041141681666236884,10,0.025210084033613446,,0,0,hypothesis_only,need_more_data,event_count_below_30
510230,510230,金融ETF,金融地产,trade_pool,sector,sector_beta,rank_score_decline_2d_proxy,85,0.5487804878048781,0.0036418924518666867,0.010378272530412581,-0.08919860627177711,10,0.2607361963190184,1.0386996123111691,14,5,sample_limited,research_only_not_online,
510230,510230,金融ETF,金融地产,trade_pool,sector,sector_beta,rank_score_decline_3d_proxy,37,0.6944444444444444,0.010069882286107397,0.023750020966235436,-0.07041251778093882,10,0.11349693251533742,1.1039472911499182,8,1,hypothesis_only,research_only_not_online,
510230,510230,金融ETF,金融地产,trade_pool,sector,sector_beta,rank_score_below_70_proxy,219,0.5,-0.0002407219812005352,-0.0023319361171194883,-0.09799861973775026,10,0.6717791411042945,0.9407127719184539,27,13,evidence_supported,candidate_for_simulation_review,
510230,510230,金融ETF,金融地产,trade_pool,sector,sector_beta,top_decile_drop_proxy,6,0.3333333333333333,-0.011783459353623996,0.01040859384577062,-0.08585164835164838,10,0.018404907975460124,0.6855309139971972,0,1,hypothesis_only,need_more_data,event_count_below_30
510230,510230,金融ETF,金融地产,trade_pool,sector,sector_beta,short_swing_buy_to_watch_proxy,6,0.3333333333333333,0.0003381733355830585,0.019027383691963197,-0.06477093206951035,10,0.018404907975460124,1.5661958048953881,1,1,hypothesis_only,need_more_data,event_count_below_30
510230,510230,金融ETF,金融地产,trade_pool,sector,sector_beta,short_swing_buy_to_sell_proxy,0,,,,,10,0.0,,0,0,hypothesis_only,need_more_data,event_count_below_30
510230,510230,金融ETF,金融地产,trade_pool,sector,sector_beta,volume_heat_decay_proxy,15,0.7333333333333333,0.016875270329355586,0.015211217593777438,-0.05082212257100149,10,0.046012269938650305,1.2876051232109875,4,0,hypothesis_only,need_more_data,event_count_below_30
510230,510230,金融ETF,金融地产,trade_pool,sector,sector_beta,type_stop_loss_proxy,30,0.6428571428571429,0.015444072321676558,0.0198335680000296,-0.04678362573099415,10,0.09202453987730061,2.4817525307813355,9,0,hypothesis_only,risk_control_candidate_requires_backtest,
510270,510270,510270,expanded_formal_data,research_only,unknown,manual_review,rank_score_decline_2d_proxy,78,0.6533333333333333,0.0064964622400932,0.015488833444625419,-0.0661577608142494,10,0.2392638036809816,0.9449337651187585,9,6,sample_limited,research_only_not_online,
510270,510270,510270,expanded_formal_data,research_only,unknown,manual_review,rank_score_decline_3d_proxy,38,0.6486486486486487,0.008184960165911888,0.02158801368356394,-0.0661577608142494,10,0.1165644171779141,1.1352261846934413,6,3,hypothesis_only,research_only_not_online,
510270,510270,510270,expanded_formal_data,research_only,unknown,manual_review,rank_score_below_70_proxy,208,0.6984924623115578,0.0072801438956816445,0.012429952494735719,-0.07614852108244174,10,0.6380368098159509,0.9986980168779118,23,10,evidence_supported,research_only_not_online,
510270,510270,510270,expanded_formal_data,research_only,unknown,manual_review,top_decile_drop_proxy,16,0.5625,0.00199239993509899,0.009460033131490278,-0.03627968337730869,10,0.049079754601226995,1.058996139070037,0,0,hypothesis_only,need_more_data,event_count_below_30
510270,510270,510270,expanded_formal_data,research_only,unknown,manual_review,short_swing_buy_to_watch_proxy,13,0.3076923076923077,-0.005525545094552873,-0.0017059821814583338,-0.07614852108244174,10,0.03987730061349693,0.6904766537943113,0,3,hypothesis_only,need_more_data,event_count_below_30
510270,510270,510270,expanded_formal_data,research_only,unknown,manual_review,short_swing_buy_to_sell_proxy,0,,,,,10,0.0,,0,0,hypothesis_only,need_more_data,event_count_below_30
510270,510270,510270,expanded_formal_data,research_only,unknown,manual_review,volume_heat_decay_proxy,24,0.7391304347826086,0.010404902710310322,0.016131643203974626,-0.0661577608142494,10,0.0736196319018405,0.8679116635133423,2,3,hypothesis_only,need_more_data,event_count_below_30
510270,510270,510270,expanded_formal_data,research_only,unknown,manual_review,type_stop_loss_proxy,7,1.0,0.020029414336789713,0.02953132842094156,-0.010702341137123761,10,0.02147239263803681,,1,0,hypothesis_only,need_more_data,event_count_below_30
510300,510300,沪深300ETF,宽基,trade_pool,broad_index,core_beta,rank_score_decline_2d_proxy,268,0.5205992509363296,0.004713153592775989,0.005351845301702568,-0.14065829978688138,10,0.24632352941176472,1.3058836864853518,56,42,evidence_supported,research_only_not_online,
510300,510300,沪深300ETF,宽基,trade_pool,broad_index,core_beta,rank_score_decline_3d_proxy,126,0.5317460317460317,0.00529354157597528,0.0052578932932783,-0.10091503267973856,10,0.11580882352941177,1.3469654386617165,27,18,sample_limited,research_only_not_online,
510300,510300,沪深300ETF,宽基,trade_pool,broad_index,core_beta,rank_score_below_70_proxy,717,0.4661016949152542,0.001608418563263556,0.004249346400073143,-0.15269670791501289,10,0.6590073529411765,1.275902478956321,119,118,evidence_supported,research_only_not_online,
510300,510300,沪深300ETF,宽基,trade_pool,broad_index,core_beta,top_decile_drop_proxy,21,0.5714285714285714,0.0031877007834392812,0.004945919748066188,-0.10372686995048219,10,0.019301470588235295,0.9386448783327164,7,4,hypothesis_only,need_more_data,event_count_below_30
510300,510300,沪深300ETF,宽基,trade_pool,broad_index,core_beta,short_swing_buy_to_watch_proxy,44,0.6744186046511628,0.010247224053197324,0.012792664885986047,-0.11096873398257312,10,0.04044117647058824,1.0685197283408208,12,5,sample_limited,research_only_not_online,
510300,510300,沪深300ETF,宽基,trade_pool,broad_index,core_beta,short_swing_buy_to_sell_proxy,1,0.0,-0.028350515463917536,0.01718213058419238,-0.0776059564719358,10,0.0009191176470588235,,0,1,hypothesis_only,need_more_data,event_count_below_30
510300,510300,沪深300ETF,宽基,trade_pool,broad_index,core_beta,volume_heat_decay_proxy,96,0.5104166666666666,0.003775733417564394,0.0027750780623829415,-0.14065829978688138,10,0.08823529411764706,1.3083919861539814,16,13,sample_limited,research_only_not_online,
510300,510300,沪深300ETF,宽基,trade_pool,broad_index,core_beta,type_stop_loss_proxy,52,0.7692307692307693,0.019376004080443463,0.012343745270640112,-0.11096873398257312,10,0.04779411764705882,1.7381781555905371,19,12,sample_limited,risk_control_candidate_requires_backtest,
510410,510410,资源ETF,周期资源,trade_pool,commodity_resource,commodity_cycle,rank_score_decline_2d_proxy,80,0.7066666666666667,0.016530960936841827,0.03271229384357569,-0.1583078935891845,10,0.24539877300613497,0.9296829209136636,29,15,sample_limited,research_only_not_online,
510410,510410,资源ETF,周期资源,trade_pool,commodity_resource,commodity_cycle,rank_score_decline_3d_proxy,41,0.7105263157894737,0.016143428973278667,0.031514612922262146,-0.15313734093900833,10,0.12576687116564417,0.9749913826823142,15,7,sample_limited,research_only_not_online,
510410,510410,资源ETF,周期资源,trade_pool,commodity_resource,commodity_cycle,rank_score_below_70_proxy,185,0.6534090909090909,0.01643168308772256,0.028702298246019192,-0.17096219931271472,10,0.5674846625766872,1.1510465868436863,64,31,sample_limited,research_only_not_online,
510410,510410,资源ETF,周期资源,trade_pool,commodity_resource,commodity_cycle,top_decile_drop_proxy,15,0.8666666666666667,0.02076913721690645,0.0433177215486347,-0.17096219931271472,10,0.046012269938650305,0.593411648065282,6,1,hypothesis_only,need_more_data,event_count_below_30
510410,510410,资源ETF,周期资源,trade_pool,commodity_resource,commodity_cycle,short_swing_buy_to_watch_proxy,24,0.7083333333333334,0.02751631648116368,0.04693074999966157,-0.11952554744525556,10,0.0736196319018405,2.619206494661375,8,3,hypothesis_only,need_more_data,event_count_below_30
510410,510410,资源ETF,周期资源,trade_pool,commodity_resource,commodity_cycle,short_swing_buy_to_sell_proxy,4,0.6666666666666666,0.007012571907212643,0.05435510360492202,-0.12866817155756205,10,0.012269938650306749,0.6063893614690137,1,1,hypothesis_only,need_more_data,event_count_below_30
510410,510410,资源ETF,周期资源,trade_pool,commodity_resource,commodity_cycle,volume_heat_decay_proxy,21,0.631578947368421,0.007276519152222365,0.023766507485775648,-0.09908409658617823,10,0.06441717791411043,1.1894441427222102,6,3,hypothesis_only,need_more_data,event_count_below_30
510410,510410,资源ETF,周期资源,trade_pool,commodity_resource,commodity_cycle,type_stop_loss_proxy,64,0.7192982456140351,0.02121745424789444,0.014880897591797471,-0.1310220621341739,10,0.19631901840490798,1.0448990142780625,25,11,sample_limited,risk_control_candidate_requires_backtest,
510500,510500,中证500ETF,宽基,trade_pool,broad_index,core_beta,rank_score_decline_2d_proxy,29,0.39285714285714285,-0.0008402185585718155,0.0012793111793056738,-0.11300035423308541,10,0.24369747899159663,1.4808681467336742,7,13,hypothesis_only,need_more_data,event_count_below_30
510500,510500,中证500ETF,宽基,trade_pool,broad_index,core_beta,rank_score_decline_3d_proxy,12,0.3333333333333333,-0.002692254655839212,-0.002926625290166918,-0.10261617488949959,10,0.10084033613445378,1.7723973050404267,3,5,hypothesis_only,need_more_data,event_count_below_30
510500,510500,中证500ETF,宽基,trade_pool,broad_index,core_beta,rank_score_below_70_proxy,52,0.6326530612244898,0.016342153156224205,0.03418831207994247,-0.1398144967365168,10,0.4369747899159664,1.1301786650233876,23,15,sample_limited,research_only_not_online,
510500,510500,中证500ETF,宽基,trade_pool,broad_index,core_beta,top_decile_drop_proxy,7,0.2,-0.02647545864620473,-0.05889426534317801,-0.1398144967365168,10,0.058823529411764705,0.9455029484253024,1,4,hypothesis_only,need_more_data,event_count_below_30
510500,510500,中证500ETF,宽基,trade_pool,broad_index,core_beta,short_swing_buy_to_watch_proxy,10,0.5,0.019490667173451506,0.0054500712948365865,-0.10283052669294157,10,0.08403361344537816,4.484453784040465,4,4,hypothesis_only,need_more_data,event_count_below_30
510500,510500,中证500ETF,宽基,trade_pool,broad_index,core_beta,short_swing_buy_to_sell_proxy,1,0.0,-0.035462686567164226,-0.08262686567164179,-0.10304477611940299,10,0.008403361344537815,,0,1,hypothesis_only,need_more_data,event_count_below_30
510500,510500,中证500ETF,宽基,trade_pool,broad_index,core_beta,volume_heat_decay_proxy,15,0.4,-0.005985832958927429,0.002046659571846976,-0.11300035423308541,10,0.12605042016806722,1.1478738021518413,4,8,hypothesis_only,need_more_data,event_count_below_30
510500,510500,中证500ETF,宽基,trade_pool,broad_index,core_beta,type_stop_loss_proxy,13,0.8461538461538461,0.04611862307420223,0.09801130922001976,-0.05449968533668981,10,0.1092436974789916,1.9654678809022905,8,0,hypothesis_only,need_more_data,event_count_below_30
510880,510880,红利ETF,防御风格,trade_pool,sector,sector_beta,rank_score_decline_2d_proxy,35,0.3,-0.012267644592011106,0.002077752568173862,-0.05537264292128108,10,0.29411764705882354,0.987597390386716,4,0,hypothesis_only,candidate_for_simulation_review,
510880,510880,红利ETF,防御风格,trade_pool,sector,sector_beta,rank_score_decline_3d_proxy,20,0.125,-0.02204292441306325,0.0022504050514054554,-0.044542032622333805,10,0.16806722689075632,0.8724856590129021,1,0,hypothesis_only,need_more_data,event_count_below_30
510880,510880,红利ETF,防御风格,trade_pool,sector,sector_beta,rank_score_below_70_proxy,65,0.45454545454545453,-0.004092237500710763,-0.007369724435958638,-0.1185006045949214,10,0.5462184873949579,0.9082715817918198,11,4,sample_limited,candidate_for_simulation_review,
510880,510880,红利ETF,防御风格,trade_pool,sector,sector_beta,top_decile_drop_proxy,2,0.5,-0.012743083268631827,-0.03145947692190748,-0.045184304399524255,10,0.01680672268907563,0.11612923472829924,0,0,hypothesis_only,need_more_data,event_count_below_30
510880,510880,红利ETF,防御风格,trade_pool,sector,sector_beta,short_swing_buy_to_watch_proxy,2,1.0,0.018639404255197056,0.008662027293971863,-0.02100456621004565,10,0.01680672268907563,,1,0,hypothesis_only,need_more_data,event_count_below_30
510880,510880,红利ETF,防御风格,trade_pool,sector,sector_beta,short_swing_buy_to_sell_proxy,0,,,,,10,0.0,,0,0,hypothesis_only,need_more_data,event_count_below_30
510880,510880,红利ETF,防御风格,trade_pool,sector,sector_beta,volume_heat_decay_proxy,10,0.2,-0.02212522591133894,-0.01103681927917019,-0.036881559220389715,10,0.08403361344537816,0.487795825115414,0,0,hypothesis_only,need_more_data,event_count_below_30
510880,510880,红利ETF,防御风格,trade_pool,sector,sector_beta,type_stop_loss_proxy,11,0.0,-0.023886378308586087,,,10,0.09243697478991597,,0,0,hypothesis_only,need_more_data,event_count_below_30
511010,511010,国债ETF,债券货币观察,observe_pool,bond_cash,low_volatility,rank_score_decline_2d_proxy,83,0.4810126582278481,0.000244541027480051,0.0006664894904915803,-0.006134102216191706,10,0.254601226993865,1.418472151984944,0,0,sample_limited,research_only_not_online,
511010,511010,国债ETF,债券货币观察,observe_pool,bond_cash,low_volatility,rank_score_decline_3d_proxy,46,0.5,0.00010100033403174931,0.000370457009986323,-0.0059655074922250195,10,0.1411042944785276,1.1298268311931157,0,0,sample_limited,research_only_not_online,
511010,511010,国债ETF,债券货币观察,observe_pool,bond_cash,low_volatility,rank_score_below_70_proxy,202,0.671875,0.0005093257084870413,0.001593482808435476,-0.004917643844677189,10,0.6196319018404908,0.8940953642145079,0,0,evidence_supported,research_only_not_online,
511010,511010,国债ETF,债券货币观察,observe_pool,bond_cash,low_volatility,top_decile_drop_proxy,7,0.42857142857142855,0.00016867362606179777,-0.0010189020006210153,-0.006134102216191706,10,0.02147239263803681,1.7873619759677595,0,0,hypothesis_only,need_more_data,event_count_below_30
511010,511010,国债ETF,债券货币观察,observe_pool,bond_cash,low_volatility,short_swing_buy_to_watch_proxy,0,,,,,10,0.0,,0,0,hypothesis_only,need_more_data,event_count_below_30
511010,511010,国债ETF,债券货币观察,observe_pool,bond_cash,low_volatility,short_swing_buy_to_sell_proxy,0,,,,,10,0.0,,0,0,hypothesis_only,need_more_data,event_count_below_30
511010,511010,国债ETF,债券货币观察,observe_pool,bond_cash,low_volatility,volume_heat_decay_proxy,22,0.36363636363636365,-0.0003172207544482684,0.0010608627542032178,-0.003068434738138448,10,0.06748466257668712,0.9771688352991207,0,0,hypothesis_only,need_more_data,event_count_below_30
511010,511010,国债ETF,债券货币观察,observe_pool,bond_cash,low_volatility,type_stop_loss_proxy,0,,,,,10,0.0,,0,0,hypothesis_only,need_more_data,event_count_below_30
511030,511030,公司债ETF,债券货币,observe_pool,bond_cash,low_volatility,rank_score_decline_2d_proxy,73,0.7536231884057971,0.0010165786744206384,0.0018585477962781947,-0.0030117647058822694,10,0.22392638036809817,1.698279887199409,0,0,sample_limited,research_only_not_online,
511030,511030,公司债ETF,债券货币,observe_pool,bond_cash,low_volatility,rank_score_decline_3d_proxy,34,0.78125,0.0009927007288546667,0.0018908958335683032,-0.0028616073949958576,10,0.10429447852760736,1.0847713959274776,0,0,hypothesis_only,research_only_not_online,
511030,511030,公司债ETF,债券货币,observe_pool,bond_cash,low_volatility,rank_score_below_70_proxy,189,0.7821229050279329,0.0009676291752123015,0.0017061178083976937,-0.0035744520741227692,10,0.5797546012269938,1.4568451446035238,0,0,sample_limited,research_only_not_online,
511030,511030,公司债ETF,债券货币,observe_pool,bond_cash,low_volatility,top_decile_drop_proxy,5,0.2,-0.00010941898605005828,0.0004851136927623845,-0.0030586795915484855,10,0.015337423312883436,3.0012879295368053,0,0,hypothesis_only,need_more_data,event_count_below_30
511030,511030,公司债ETF,债券货币,observe_pool,bond_cash,low_volatility,short_swing_buy_to_watch_proxy,0,,,,,10,0.0,,0,0,hypothesis_only,need_more_data,event_count_below_30
511030,511030,公司债ETF,债券货币,observe_pool,bond_cash,low_volatility,short_swing_buy_to_sell_proxy,0,,,,,10,0.0,,0,0,hypothesis_only,need_more_data,event_count_below_30
511030,511030,公司债ETF,债券货币,observe_pool,bond_cash,low_volatility,volume_heat_decay_proxy,22,0.7727272727272727,0.0009519230751547521,0.0017000600785974762,-0.0030117647058822694,10,0.06748466257668712,1.4835159281041177,0,0,hypothesis_only,need_more_data,event_count_below_30
511030,511030,公司债ETF,债券货币,observe_pool,bond_cash,low_volatility,type_stop_loss_proxy,0,,,,,10,0.0,,0,0,hypothesis_only,need_more_data,event_count_below_30
511090,511090,30年国债ETF,债券货币,observe_pool,bond_cash,low_volatility,rank_score_decline_2d_proxy,91,0.48863636363636365,-0.0008684223927278288,-0.0032737906285283456,-0.03736239579282008,10,0.2791411042944785,0.8791318782256442,2,0,sample_limited,candidate_for_simulation_review,
511090,511090,30年国债ETF,债券货币,observe_pool,bond_cash,low_volatility,rank_score_decline_3d_proxy,51,0.48,-0.0009549891187168292,-0.0054153641885071905,-0.033644356719899515,10,0.15644171779141106,0.9036997979408703,1,0,sample_limited,candidate_for_simulation_review,
511090,511090,30年国债ETF,债券货币,observe_pool,bond_cash,low_volatility,rank_score_below_70_proxy,201,0.515625,-0.0015376530841509906,-0.0016459467366870563,-0.03571488147863955,10,0.6165644171779141,0.6829473852594758,0,0,evidence_supported,candidate_for_simulation_review,
511090,511090,30年国债ETF,债券货币,observe_pool,bond_cash,low_volatility,top_decile_drop_proxy,7,0.2857142857142857,-0.004263869221211073,-0.01038787285861577,-0.03636840679802289,10,0.02147239263803681,0.7734500427752851,0,0,hypothesis_only,need_more_data,event_count_below_30
511090,511090,30年国债ETF,债券货币,observe_pool,bond_cash,low_volatility,short_swing_buy_to_watch_proxy,1,0.0,-0.008956392645643296,-0.006794786041731227,-0.008956392645643296,10,0.003067484662576687,,0,0,hypothesis_only,need_more_data,event_count_below_30
511090,511090,30年国债ETF,债券货币,observe_pool,bond_cash,low_volatility,short_swing_buy_to_sell_proxy,0,,,,,10,0.0,,0,0,hypothesis_only,need_more_data,event_count_below_30
511090,511090,30年国债ETF,债券货币,observe_pool,bond_cash,low_volatility,volume_heat_decay_proxy,33,0.45161290322580644,-0.002231919637128676,-0.0045412868671614905,-0.03736239579282008,10,0.10122699386503067,0.8403384029918375,2,0,hypothesis_only,candidate_for_simulation_review,
511090,511090,30年国债ETF,债券货币,observe_pool,bond_cash,low_volatility,type_stop_loss_proxy,55,0.5636363636363636,0.0021007387398248286,-0.00016980427093551408,-0.030655577053546823,10,0.1687116564417178,1.163982696756975,3,0,sample_limited,risk_control_candidate_requires_backtest,
511260,511260,十年国债ETF,债券货币观察,observe_pool,bond_cash,low_volatility,rank_score_decline_2d_proxy,82,0.569620253164557,0.0010700836839790022,0.0015403749692998406,-0.010812954977852618,10,0.25153374233128833,1.6607347040682858,0,0,sample_limited,research_only_not_online,
511260,511260,十年国债ETF,债券货币观察,observe_pool,bond_cash,low_volatility,rank_score_decline_3d_proxy,48,0.6041666666666666,0.0012861379122699492,0.0021729793169537564,-0.007619971639674761,10,0.147239263803681,1.5725089959155019,0,0,sample_limited,research_only_not_online,
511260,511260,十年国债ETF,债券货币观察,observe_pool,bond_cash,low_volatility,rank_score_below_70_proxy,196,0.5401069518716578,0.00023129466988985138,0.0012921507285447028,-0.008138147098314286,10,0.6012269938650306,1.0108906142047547,0,0,sample_limited,research_only_not_online,
511260,511260,十年国债ETF,债券货币观察,observe_pool,bond_cash,low_volatility,top_decile_drop_proxy,6,0.6666666666666666,0.0008820493836214823,-0.0015349259476142296,-0.010812954977852618,10,0.018404907975460124,1.3078522279182339,0,0,hypothesis_only,need_more_data,event_count_below_30
511260,511260,十年国债ETF,债券货币观察,observe_pool,bond_cash,low_volatility,short_swing_buy_to_watch_proxy,0,,,,,10,0.0,,0,0,hypothesis_only,need_more_data,event_count_below_30
511260,511260,十年国债ETF,债券货币观察,observe_pool,bond_cash,low_volatility,short_swing_buy_to_sell_proxy,0,,,,,10,0.0,,0,0,hypothesis_only,need_more_data,event_count_below_30
511260,511260,十年国债ETF,债券货币观察,observe_pool,bond_cash,low_volatility,volume_heat_decay_proxy,26,0.44,0.000733536166065174,0.0017819770495527054,-0.007368091014960165,10,0.07975460122699386,1.9576893235002983,0,0,hypothesis_only,need_more_data,event_count_below_30
511260,511260,十年国债ETF,债券货币观察,observe_pool,bond_cash,low_volatility,type_stop_loss_proxy,0,,,,,10,0.0,,0,0,hypothesis_only,need_more_data,event_count_below_30
511360,511360,短融ETF,债券货币观察,observe_pool,bond_cash,low_volatility,rank_score_decline_2d_proxy,77,1.0,0.000695916949504482,0.001344309138207906,-0.00013351610204193065,10,0.2361963190184049,,0,0,sample_limited,research_only_not_online,
511360,511360,短融ETF,债券货币观察,observe_pool,bond_cash,low_volatility,rank_score_decline_3d_proxy,31,1.0,0.0007396830450460099,0.001432832719152607,-8.011393982554349e-05,10,0.0950920245398773,,0,0,hypothesis_only,research_only_not_online,
511360,511360,短融ETF,债券货币观察,observe_pool,bond_cash,low_volatility,rank_score_below_70_proxy,234,1.0,0.0006152291538592655,0.0012105460683823977,-0.00040102662816809964,10,0.7177914110429447,,0,0,evidence_supported,research_only_not_online,
511360,511360,短融ETF,债券货币观察,observe_pool,bond_cash,low_volatility,top_decile_drop_proxy,9,1.0,0.0006402654515489628,0.0012677177965384602,-7.993747113366201e-05,10,0.027607361963190184,,0,0,hypothesis_only,need_more_data,event_count_below_30
511360,511360,短融ETF,债券货币观察,observe_pool,bond_cash,low_volatility,short_swing_buy_to_watch_proxy,0,,,,,10,0.0,,0,0,hypothesis_only,need_more_data,event_count_below_30
511360,511360,短融ETF,债券货币观察,observe_pool,bond_cash,low_volatility,short_swing_buy_to_sell_proxy,0,,,,,10,0.0,,0,0,hypothesis_only,need_more_data,event_count_below_30
511360,511360,短融ETF,债券货币观察,observe_pool,bond_cash,low_volatility,volume_heat_decay_proxy,17,1.0,0.0006087473182400824,0.001233079215288238,-0.00013351610204193065,10,0.05214723926380368,,0,0,hypothesis_only,need_more_data,event_count_below_30
511360,511360,短融ETF,债券货币观察,observe_pool,bond_cash,low_volatility,type_stop_loss_proxy,0,,,,,10,0.0,,0,0,hypothesis_only,need_more_data,event_count_below_30
511380,511380,可转债ETF,债券货币,observe_pool,bond_cash,low_volatility,rank_score_decline_2d_proxy,80,0.5974025974025974,0.004558863804052803,0.010997697893912901,-0.07877595331795362,10,0.24539877300613497,1.1138993326215147,7,3,sample_limited,research_only_not_online,
511380,511380,可转债ETF,债券货币,observe_pool,bond_cash,low_volatility,rank_score_decline_3d_proxy,32,0.53125,0.0006201765347314953,0.00853776515302368,-0.06584560341268753,10,0.09815950920245399,0.9440691347454752,2,1,hypothesis_only,research_only_not_online,
511380,511380,可转债ETF,债券货币,observe_pool,bond_cash,low_volatility,rank_score_below_70_proxy,189,0.6201117318435754,0.005103174514790646,0.0117035413730704,-0.07877595331795362,10,0.5797546012269938,1.1169840013304848,18,8,sample_limited,research_only_not_online,
511380,511380,可转债ETF,债券货币,observe_pool,bond_cash,low_volatility,top_decile_drop_proxy,12,0.8333333333333334,0.011281887014736832,0.021050451523173558,-0.02432787338447706,10,0.03680981595092025,2.6439541270192466,1,0,hypothesis_only,need_more_data,event_count_below_30
511380,511380,可转债ETF,债券货币,observe_pool,bond_cash,low_volatility,short_swing_buy_to_watch_proxy,5,0.6,0.0008009567711666721,-0.0037556822194716897,-0.051484198258723524,10,0.015337423312883436,0.7295879656427499,0,0,hypothesis_only,need_more_data,event_count_below_30
511380,511380,可转债ETF,债券货币,observe_pool,bond_cash,low_volatility,short_swing_buy_to_sell_proxy,0,,,,,10,0.0,,0,0,hypothesis_only,need_more_data,event_count_below_30
511380,511380,可转债ETF,债券货币,observe_pool,bond_cash,low_volatility,volume_heat_decay_proxy,18,0.7647058823529411,0.006033217121753583,0.013042979017795053,-0.07877595331795362,10,0.05521472392638037,0.7004342065702637,1,1,hypothesis_only,need_more_data,event_count_below_30
511380,511380,可转债ETF,债券货币,observe_pool,bond_cash,low_volatility,type_stop_loss_proxy,111,0.5981308411214953,0.0029418904338315787,0.012238161200778806,-0.06584560341268753,10,0.34049079754601225,0.9769989594146135,6,2,sample_limited,risk_control_candidate_requires_backtest,
511520,511520,政金债ETF,债券货币,observe_pool,bond_cash,low_volatility,rank_score_decline_2d_proxy,91,0.5681818181818182,0.0005253996378007424,0.000762465368651858,-0.011387020353110122,10,0.2791411042944785,1.1156837544165605,0,0,sample_limited,research_only_not_online,
511520,511520,政金债ETF,债券货币,observe_pool,bond_cash,low_volatility,rank_score_decline_3d_proxy,55,0.5636363636363636,0.0002298511662216729,-0.00010951656521430486,-0.011387020353110122,10,0.1687116564417178,0.9256661696964237,0,0,sample_limited,research_only_not_online,
511520,511520,政金债ETF,债券货币,observe_pool,bond_cash,low_volatility,rank_score_below_70_proxy,197,0.6149732620320856,0.0007276977767578257,0.0015335395453242966,-0.011387020353110122,10,0.6042944785276073,1.0369153404980807,0,0,sample_limited,research_only_not_online,
511520,511520,政金债ETF,债券货币,observe_pool,bond_cash,low_volatility,top_decile_drop_proxy,11,0.5454545454545454,0.0014347918136746538,0.00168593583433477,-0.006700341960457656,10,0.03374233128834356,3.8296575379892066,0,0,hypothesis_only,need_more_data,event_count_below_30
511520,511520,政金债ETF,债券货币,observe_pool,bond_cash,low_volatility,short_swing_buy_to_watch_proxy,0,,,,,10,0.0,,0,0,hypothesis_only,need_more_data,event_count_below_30
511520,511520,政金债ETF,债券货币,observe_pool,bond_cash,low_volatility,short_swing_buy_to_sell_proxy,0,,,,,10,0.0,,0,0,hypothesis_only,need_more_data,event_count_below_30
511520,511520,政金债ETF,债券货币,observe_pool,bond_cash,low_volatility,volume_heat_decay_proxy,38,0.5135135135135135,0.00028773139862100236,0.00021770574567366494,-0.010651368843664577,10,0.1165644171779141,1.167072715110161,0,0,hypothesis_only,research_only_not_online,
511520,511520,政金债ETF,债券货币,observe_pool,bond_cash,low_volatility,type_stop_loss_proxy,0,,,,,10,0.0,,0,0,hypothesis_only,need_more_data,event_count_below_30
511600,511600,511600,expanded_formal_data,research_only,bond_cash,low_volatility,rank_score_decline_2d_proxy,65,0.5714285714285714,0.00010349223174772639,5.803460000478181e-05,-0.00021997140371754487,10,0.19938650306748465,4.761856217461621,0,0,sample_limited,research_only_not_online,
511600,511600,511600,expanded_formal_data,research_only,bond_cash,low_volatility,rank_score_decline_3d_proxy,23,0.6521739130434783,7.782577400495188e-05,0.00010954889108645686,-0.00011999640010795787,10,0.0705521472392638,6.035651962624016,0,0,hypothesis_only,need_more_data,event_count_below_30
511600,511600,511600,expanded_formal_data,research_only,bond_cash,low_volatility,rank_score_below_70_proxy,205,0.53,7.385071537778676e-05,4.2924032200766865e-05,-0.0002699514087464161,10,0.6288343558282209,3.880856323380002,0,0,evidence_supported,research_only_not_online,
511600,511600,511600,expanded_formal_data,research_only,bond_cash,low_volatility,top_decile_drop_proxy,19,0.2777777777777778,0.00020111118869047754,0.0022143352664490412,-0.00021997140371754487,10,0.05828220858895705,14.812470588695877,0,0,hypothesis_only,need_more_data,event_count_below_30
511600,511600,511600,expanded_formal_data,research_only,bond_cash,low_volatility,short_swing_buy_to_watch_proxy,0,,,,,10,0.0,,0,0,hypothesis_only,need_more_data,event_count_below_30
511600,511600,511600,expanded_formal_data,research_only,bond_cash,low_volatility,short_swing_buy_to_sell_proxy,1,0.0,-4.999650024506419e-05,-6.999510034300105e-05,-0.00010999230053909681,10,0.003067484662576687,,0,0,hypothesis_only,need_more_data,event_count_below_30
511600,511600,511600,expanded_formal_data,research_only,bond_cash,low_volatility,volume_heat_decay_proxy,25,0.6956521739130435,8.434617411068324e-05,4.045535008136778e-05,-0.00013999440022405274,10,0.07668711656441718,5.364703305798159,0,0,hypothesis_only,need_more_data,event_count_below_30
511600,511600,511600,expanded_formal_data,research_only,bond_cash,low_volatility,type_stop_loss_proxy,19,0.3684210526315789,-7.367636887946703e-06,8.94805786984327e-06,-0.0001199904007679331,10,0.05828220858895705,0.7389582638848899,0,0,hypothesis_only,need_more_data,event_count_below_30
511690,511690,511690,expanded_formal_data,research_only,bond_cash,low_volatility,rank_score_decline_2d_proxy,55,0.5185185185185185,1.3703875901041709e-05,-2.1142808657597786e-06,-0.0001599824019357099,10,0.1687116564417178,1.8389938433040312,0,0,sample_limited,research_only_not_online,
511690,511690,511690,expanded_formal_data,research_only,bond_cash,low_volatility,rank_score_decline_3d_proxy,15,0.6,8.667286655324642e-06,1.071513568038204e-05,-0.0001599824019357099,10,0.046012269938650305,1.277867000503526,0,0,hypothesis_only,need_more_data,event_count_below_30
511690,511690,511690,expanded_formal_data,research_only,bond_cash,low_volatility,rank_score_below_70_proxy,224,0.481651376146789,9.862699050158872e-06,5.592991409666341e-06,-0.0001599824019357099,10,0.6871165644171779,1.5742731699684107,0,0,evidence_supported,research_only_not_online,
511690,511690,511690,expanded_formal_data,research_only,bond_cash,low_volatility,top_decile_drop_proxy,22,0.4,4.000719922331308e-06,-9.993950656927985e-07,-0.00012998960083188127,10,0.06748466257668712,1.6986077217757132,0,0,hypothesis_only,need_more_data,event_count_below_30
511690,511690,511690,expanded_formal_data,research_only,bond_cash,low_volatility,short_swing_buy_to_watch_proxy,0,,,,,10,0.0,,0,0,hypothesis_only,need_more_data,event_count_below_30
511690,511690,511690,expanded_formal_data,research_only,bond_cash,low_volatility,short_swing_buy_to_sell_proxy,0,,,,,10,0.0,,0,0,hypothesis_only,need_more_data,event_count_below_30
511690,511690,511690,expanded_formal_data,research_only,bond_cash,low_volatility,volume_heat_decay_proxy,19,0.4444444444444444,1.6111233254715678e-05,-3.887327969495955e-06,-0.00012998960083188127,10,0.05828220858895705,2.210667180402004,0,0,hypothesis_only,need_more_data,event_count_below_30
511690,511690,511690,expanded_formal_data,research_only,bond_cash,low_volatility,type_stop_loss_proxy,0,,,,,10,0.0,,0,0,hypothesis_only,need_more_data,event_count_below_30
511880,511880,银华日利ETF,债券货币观察,observe_pool,bond_cash,low_volatility,rank_score_decline_2d_proxy,75,1.0,0.0005034471160818181,0.0009421979496475961,-0.00018050360505816876,10,0.23006134969325154,,0,0,sample_limited,research_only_not_online,
511880,511880,银华日利ETF,债券货币观察,observe_pool,bond_cash,low_volatility,rank_score_decline_3d_proxy,30,1.0,0.0005319141981762643,0.0009598172846319116,-6.022282445050653e-05,10,0.09202453987730061,,0,0,hypothesis_only,research_only_not_online,
511880,511880,银华日利ETF,债券货币观察,observe_pool,bond_cash,low_volatility,rank_score_below_70_proxy,194,0.9946524064171123,0.0004956358467438638,0.0009268403869660252,-0.000310537229406771,10,0.5950920245398773,24.853631849627693,0,0,sample_limited,research_only_not_online,
511880,511880,银华日利ETF,债券货币观察,observe_pool,bond_cash,low_volatility,top_decile_drop_proxy,17,1.0,0.00038374252373644046,0.0008975607464634889,-0.00026905293367351923,10,0.05214723926380368,,0,0,hypothesis_only,need_more_data,event_count_below_30
511880,511880,银华日利ETF,债券货币观察,observe_pool,bond_cash,low_volatility,short_swing_buy_to_watch_proxy,0,,,,,10,0.0,,0,0,hypothesis_only,need_more_data,event_count_below_30
511880,511880,银华日利ETF,债券货币观察,observe_pool,bond_cash,low_volatility,short_swing_buy_to_sell_proxy,0,,,,,10,0.0,,0,0,hypothesis_only,need_more_data,event_count_below_30
511880,511880,银华日利ETF,债券货币观察,observe_pool,bond_cash,low_volatility,volume_heat_decay_proxy,17,1.0,0.00045816304296693555,0.0008784960816943505,-0.00011985736973008088,10,0.05214723926380368,,0,0,hypothesis_only,need_more_data,event_count_below_30
511880,511880,银华日利ETF,债券货币观察,observe_pool,bond_cash,low_volatility,type_stop_loss_proxy,0,,,,,10,0.0,,0,0,hypothesis_only,need_more_data,event_count_below_30
511990,511990,华宝添益ETF,债券货币观察,observe_pool,bond_cash,low_volatility,rank_score_decline_2d_proxy,49,0.6041666666666666,3.208601460513022e-05,2.3333875814741173e-05,-0.00027995240809053357,10,0.15030674846625766,1.700879596607619,0,0,sample_limited,research_only_not_online,
511990,511990,华宝添益ETF,债券货币观察,observe_pool,bond_cash,low_volatility,rank_score_decline_3d_proxy,6,0.5,-1.666750013525527e-06,3.600198001223465e-05,-0.00010999560017610488,10,0.018404907975460124,0.8749971867819386,0,0,hypothesis_only,need_more_data,event_count_below_30
511990,511990,华宝添益ETF,债券货币观察,observe_pool,bond_cash,low_volatility,rank_score_below_70_proxy,214,0.5217391304347826,2.2900356622994835e-05,1.8845654327252232e-05,-0.0001899848012157923,10,0.656441717791411,1.7745928015006052,0,0,evidence_supported,research_only_not_online,
511990,511990,华宝添益ETF,债券货币观察,observe_pool,bond_cash,low_volatility,top_decile_drop_proxy,21,0.42857142857142855,-7.616962012161703e-06,1.6190547759375478e-05,-0.00021997580266164274,10,0.06441717791411043,0.6981771105704231,0,0,hypothesis_only,need_more_data,event_count_below_30
511990,511990,华宝添益ETF,债券货币观察,observe_pool,bond_cash,low_volatility,short_swing_buy_to_watch_proxy,0,,,,,10,0.0,,0,0,hypothesis_only,need_more_data,event_count_below_30
511990,511990,华宝添益ETF,债券货币观察,observe_pool,bond_cash,low_volatility,short_swing_buy_to_sell_proxy,0,,,,,10,0.0,,0,0,hypothesis_only,need_more_data,event_count_below_30
511990,511990,华宝添益ETF,债券货币观察,observe_pool,bond_cash,low_volatility,volume_heat_decay_proxy,17,0.5625,3.250278149406066e-05,5.1335320130374563e-05,-0.00012000120001198766,10,0.05214723926380368,2.053450344835449,0,0,hypothesis_only,need_more_data,event_count_below_30
511990,511990,华宝添益ETF,债券货币观察,observe_pool,bond_cash,low_volatility,type_stop_loss_proxy,0,,,,,10,0.0,,0,0,hypothesis_only,need_more_data,event_count_below_30
512010,512010,医药ETF,消费医药,trade_pool,sector,sector_beta,rank_score_decline_2d_proxy,75,0.4864864864864865,-0.0024133690863580963,-0.001093170612112555,-0.12972972972972974,10,0.23006134969325154,0.8836481801323706,14,14,sample_limited,candidate_for_simulation_review,
512010,512010,医药ETF,消费医药,trade_pool,sector,sector_beta,rank_score_decline_3d_proxy,31,0.5483870967741935,0.0007359506139897386,0.01167686175920548,-0.10112359550561789,10,0.0950920245398773,0.8035943374308843,6,3,hypothesis_only,research_only_not_online,
512010,512010,医药ETF,消费医药,trade_pool,sector,sector_beta,rank_score_below_70_proxy,200,0.4393939393939394,-0.0008184705763236878,-0.00401087068653932,-0.12972972972972974,10,0.6134969325153374,1.189637394924706,41,49,evidence_supported,candidate_for_simulation_review,
512010,512010,医药ETF,消费医药,trade_pool,sector,sector_beta,top_decile_drop_proxy,12,0.5,-0.0021835285480913034,-0.013306938955853526,-0.09189189189189184,10,0.03680981595092025,0.8287009875694978,1,5,hypothesis_only,need_more_data,event_count_below_30
512010,512010,医药ETF,消费医药,trade_pool,sector,sector_beta,short_swing_buy_to_watch_proxy,17,0.4375,-0.004922259562012234,-0.004227796018236758,-0.1026785714285714,10,0.05214723926380368,0.9108802556797039,4,7,hypothesis_only,need_more_data,event_count_below_30
512010,512010,医药ETF,消费医药,trade_pool,sector,sector_beta,short_swing_buy_to_sell_proxy,0,,,,,10,0.0,,0,0,hypothesis_only,need_more_data,event_count_below_30
512010,512010,医药ETF,消费医药,trade_pool,sector,sector_beta,volume_heat_decay_proxy,21,0.42857142857142855,0.0004036550255540299,0.00117281342371357,-0.08900523560209428,10,0.06441717791411043,1.366910019993741,5,4,hypothesis_only,need_more_data,event_count_below_30
512010,512010,医药ETF,消费医药,trade_pool,sector,sector_beta,type_stop_loss_proxy,71,0.4788732394366197,0.0006598198626277248,-0.00211698238365882,-0.08309455587392545,10,0.21779141104294478,1.0784774325378168,12,11,sample_limited,risk_control_candidate_requires_backtest,
512050,512050,华夏中证A500ETF,新宽基与新风格,trade_pool,broad_index,core_beta,rank_score_decline_2d_proxy,76,0.6933333333333334,0.010746801998253048,0.021982250341808167,-0.10751565762004178,10,0.2331288343558282,1.0288422940910975,20,9,sample_limited,research_only_not_online,
512050,512050,华夏中证A500ETF,新宽基与新风格,trade_pool,broad_index,core_beta,rank_score_decline_3d_proxy,28,0.7857142857142857,0.01638728138381348,0.02960531818107912,-0.09619450317124734,10,0.08588957055214724,1.3661420094878352,9,2,hypothesis_only,need_more_data,event_count_below_30
512050,512050,华夏中证A500ETF,新宽基与新风格,trade_pool,broad_index,core_beta,rank_score_below_70_proxy,184,0.6306818181818182,0.01046381035610936,0.0230644178385016,-0.08657664813343924,10,0.5644171779141104,1.309160135692732,52,15,sample_limited,research_only_not_online,
512050,512050,华夏中证A500ETF,新宽基与新风格,trade_pool,broad_index,core_beta,top_decile_drop_proxy,15,0.8666666666666667,0.02377965064303454,0.034023941468054084,-0.0521072796934865,10,0.046012269938650305,4.502441475683783,5,0,hypothesis_only,need_more_data,event_count_below_30
512050,512050,华夏中证A500ETF,新宽基与新风格,trade_pool,broad_index,core_beta,short_swing_buy_to_watch_proxy,20,0.631578947368421,0.011907285024419225,0.01807457712848088,-0.05812973883740513,10,0.06134969325153374,2.4617259165963405,5,0,hypothesis_only,need_more_data,event_count_below_30
512050,512050,华夏中证A500ETF,新宽基与新风格,trade_pool,broad_index,core_beta,short_swing_buy_to_sell_proxy,0,,,,,10,0.0,,0,0,hypothesis_only,need_more_data,event_count_below_30
512050,512050,华夏中证A500ETF,新宽基与新风格,trade_pool,broad_index,core_beta,volume_heat_decay_proxy,31,0.7096774193548387,0.013499954665616067,0.023552901961452974,-0.08366533864541836,10,0.0950920245398773,1.5371742144572285,8,3,hypothesis_only,research_only_not_online,
512050,512050,华夏中证A500ETF,新宽基与新风格,trade_pool,broad_index,core_beta,type_stop_loss_proxy,5,1.0,0.036023962590071214,0.0756000639355637,0.0,10,0.015337423312883436,,3,0,hypothesis_only,need_more_data,event_count_below_30
512070,512070,非银ETF,金融地产,trade_pool,high_beta,high_beta,rank_score_decline_2d_proxy,85,0.5487804878048781,0.0019889766781721677,0.0010573366575306808,-0.1206703910614525,10,0.2607361963190184,0.9125534598304577,23,23,sample_limited,research_only_not_online,
512070,512070,非银ETF,金融地产,trade_pool,high_beta,high_beta,rank_score_decline_3d_proxy,42,0.5121951219512195,0.001959387453281091,0.0038510046786357074,-0.1206703910614525,10,0.12883435582822086,1.0565682701810084,12,9,sample_limited,research_only_not_online,
512070,512070,非银ETF,金融地产,trade_pool,high_beta,high_beta,rank_score_below_70_proxy,197,0.5867346938775511,0.004567749721287373,0.004347402681668055,-0.1206703910614525,10,0.6042944785276073,0.9223606961980976,56,41,sample_limited,research_only_not_online,
512070,512070,非银ETF,金融地产,trade_pool,high_beta,high_beta,top_decile_drop_proxy,12,0.8181818181818182,0.013212217097224694,0.01898866500237164,-0.06190975865687298,10,0.03680981595092025,0.7925128708178313,3,1,hypothesis_only,need_more_data,event_count_below_30
512070,512070,非银ETF,金融地产,trade_pool,high_beta,high_beta,short_swing_buy_to_watch_proxy,18,0.5625,0.004864553520927989,-0.00020386381032053703,-0.11959287531806628,10,0.05521472392638037,1.0576981824877718,4,3,hypothesis_only,need_more_data,event_count_below_30
512070,512070,非银ETF,金融地产,trade_pool,high_beta,high_beta,short_swing_buy_to_sell_proxy,1,0.0,-0.041530054644808745,-0.06775956284153006,-0.07540983606557383,10,0.003067484662576687,,0,1,hypothesis_only,need_more_data,event_count_below_30
512070,512070,非银ETF,金融地产,trade_pool,high_beta,high_beta,volume_heat_decay_proxy,23,0.6956521739130435,0.014481909363513462,0.023438569510349973,-0.1206703910614525,10,0.0705521472392638,0.8849675430414551,9,4,hypothesis_only,need_more_data,event_count_below_30
512070,512070,非银ETF,金融地产,trade_pool,high_beta,high_beta,type_stop_loss_proxy,106,0.5377358490566038,0.0003044086112734179,0.005706820303891847,-0.11060433295324967,10,0.32515337423312884,0.8763786463635957,24,26,sample_limited,risk_control_candidate_requires_backtest,
512100,512100,中证1000ETF,宽基,trade_pool,broad_index,core_beta,rank_score_decline_2d_proxy,30,0.5,0.011702720378242196,0.015586925158881826,-0.11114439784301977,10,0.25210084033613445,1.8505387691456092,10,7,hypothesis_only,research_only_not_online,
512100,512100,中证1000ETF,宽基,trade_pool,broad_index,core_beta,rank_score_decline_3d_proxy,14,0.5714285714285714,0.01670091521430347,0.018378955514503692,-0.09845031905195989,10,0.11764705882352941,1.9106579996099742,6,2,hypothesis_only,need_more_data,event_count_below_30
512100,512100,中证1000ETF,宽基,trade_pool,broad_index,core_beta,rank_score_below_70_proxy,52,0.6739130434782609,0.01996030986285528,0.040773108934027594,-0.12555260831122894,10,0.4369747899159664,1.247179143297583,24,13,sample_limited,research_only_not_online,
512100,512100,中证1000ETF,宽基,trade_pool,broad_index,core_beta,top_decile_drop_proxy,4,0.25,-0.01930593855555726,-0.04030937059144454,-0.12555260831122894,10,0.03361344537815126,1.2858872572550766,1,3,hypothesis_only,need_more_data,event_count_below_30
512100,512100,中证1000ETF,宽基,trade_pool,broad_index,core_beta,short_swing_buy_to_watch_proxy,9,0.625,0.009201154414989823,0.007304310666182284,-0.11114439784301977,10,0.07563025210084033,0.969836322773008,4,3,hypothesis_only,need_more_data,event_count_below_30
512100,512100,中证1000ETF,宽基,trade_pool,broad_index,core_beta,short_swing_buy_to_sell_proxy,1,0.0,-0.017135862913096545,-0.0664014687882496,-0.09210526315789469,10,0.008403361344537815,,0,1,hypothesis_only,need_more_data,event_count_below_30
512100,512100,中证1000ETF,宽基,trade_pool,broad_index,core_beta,volume_heat_decay_proxy,8,0.5714285714285714,0.004364676216280735,0.01968094100448124,-0.11114439784301977,10,0.06722689075630252,0.8734940733552824,3,4,hypothesis_only,need_more_data,event_count_below_30
512100,512100,中证1000ETF,宽基,trade_pool,broad_index,core_beta,type_stop_loss_proxy,11,0.9090909090909091,0.05309268955064102,0.10908508970087458,-0.04812319538017318,10,0.09243697478991597,1.976689738786419,8,0,hypothesis_only,need_more_data,event_count_below_30
512170,512170,医疗ETF,消费医药,trade_pool,sector,sector_beta,rank_score_decline_2d_proxy,80,0.45,-0.007746596596708048,-0.009630678232990176,-0.13823529411764712,10,0.24539877300613497,0.7297002675254473,14,29,sample_limited,candidate_for_simulation_review,
512170,512170,医疗ETF,消费医药,trade_pool,sector,sector_beta,rank_score_decline_3d_proxy,41,0.36585365853658536,-0.012685417492999706,-0.011659710606681925,-0.1339285714285715,10,0.12576687116564417,0.778497837980161,6,15,sample_limited,candidate_for_simulation_review,
512170,512170,医疗ETF,消费医药,trade_pool,sector,sector_beta,rank_score_below_70_proxy,200,0.44329896907216493,-0.0034946244663473782,-0.005079784151399222,-0.1339285714285715,10,0.6134969325153374,0.9880069944658756,40,68,evidence_supported,candidate_for_simulation_review,
512170,512170,医疗ETF,消费医药,trade_pool,sector,sector_beta,top_decile_drop_proxy,13,0.6923076923076923,0.015138870366945244,0.01318012699748759,-0.07200000000000006,10,0.03987730061349693,1.1557120151182674,4,1,hypothesis_only,need_more_data,event_count_below_30
512170,512170,医疗ETF,消费医药,trade_pool,sector,sector_beta,short_swing_buy_to_watch_proxy,14,0.6363636363636364,0.002477532984465534,0.013386834756330502,-0.08121827411167515,10,0.04294478527607362,0.6494558287980958,2,3,hypothesis_only,need_more_data,event_count_below_30
512170,512170,医疗ETF,消费医药,trade_pool,sector,sector_beta,short_swing_buy_to_sell_proxy,0,,,,,10,0.0,,0,0,hypothesis_only,need_more_data,event_count_below_30
512170,512170,医疗ETF,消费医药,trade_pool,sector,sector_beta,volume_heat_decay_proxy,15,0.4,-0.012981772237535612,-0.00901798070389525,-0.07777777777777772,10,0.046012269938650305,0.648687533248943,2,7,hypothesis_only,need_more_data,event_count_below_30
512170,512170,医疗ETF,消费医药,trade_pool,sector,sector_beta,type_stop_loss_proxy,93,0.5111111111111111,-0.00024033650808675194,0.0004945336995044736,-0.08235294117647063,10,0.2852760736196319,0.8965970153762265,16,28,sample_limited,candidate_for_simulation_review,
512200,512200,房地产ETF,金融地产,trade_pool,sector,sector_beta,rank_score_decline_2d_proxy,77,0.47297297297297297,-0.0034968640178810306,-0.0027270582677486424,-0.13461538461538458,10,0.2361963190184049,0.9162228278972938,14,23,sample_limited,candidate_for_simulation_review,
512200,512200,房地产ETF,金融地产,trade_pool,sector,sector_beta,rank_score_decline_3d_proxy,34,0.45454545454545453,-0.002563923995590013,-2.348660815627353e-05,-0.12072575017445919,10,0.10429447852760736,1.0399046996021992,8,9,hypothesis_only,candidate_for_simulation_review,
512200,512200,房地产ETF,金融地产,trade_pool,sector,sector_beta,rank_score_below_70_proxy,207,0.38071065989847713,-0.011089726770365965,-0.015349574428759739,-0.15652724968314324,10,0.6349693251533742,0.798752549125504,31,63,evidence_supported,candidate_for_simulation_review,
512200,512200,房地产ETF,金融地产,trade_pool,sector,sector_beta,top_decile_drop_proxy,15,0.5333333333333333,0.0028287667536227947,0.007719136449317491,-0.13461538461538458,10,0.046012269938650305,1.0660798319310865,5,2,hypothesis_only,need_more_data,event_count_below_30
512200,512200,房地产ETF,金融地产,trade_pool,sector,sector_beta,short_swing_buy_to_watch_proxy,18,0.6111111111111112,0.008339881912371857,0.004203616386776083,-0.153588195841717,10,0.05521472392638037,1.0642006513256026,6,2,hypothesis_only,need_more_data,event_count_below_30
512200,512200,房地产ETF,金融地产,trade_pool,sector,sector_beta,short_swing_buy_to_sell_proxy,2,1.0,0.027509345728966794,0.0694694519505854,-0.02251655629139071,10,0.006134969325153374,,1,0,hypothesis_only,need_more_data,event_count_below_30
512200,512200,房地产ETF,金融地产,trade_pool,sector,sector_beta,volume_heat_decay_proxy,30,0.3103448275862069,-0.011778438571735626,-0.010418493431814968,-0.11376021798365121,10,0.09202453987730061,1.0995475080820887,4,9,hypothesis_only,candidate_for_simulation_review,
512200,512200,房地产ETF,金融地产,trade_pool,sector,sector_beta,type_stop_loss_proxy,89,0.3291139240506329,-0.01985556119100372,-0.013975307827809863,-0.1274871039056743,10,0.27300613496932513,0.7714524872456267,11,35,sample_limited,candidate_for_simulation_review,
512400,512400,有色ETF,周期资源,trade_pool,commodity_resource,commodity_cycle,rank_score_decline_2d_proxy,78,0.7066666666666667,0.02844868550735883,0.04458083361510595,-0.22260127931769735,10,0.2392638036809816,1.0750457639847877,35,27,sample_limited,research_only_not_online,
512400,512400,有色ETF,周期资源,trade_pool,commodity_resource,commodity_cycle,rank_score_decline_3d_proxy,45,0.7441860465116279,0.033075869290350224,0.05136322067142559,-0.21625107480653483,10,0.13803680981595093,0.9648009505629106,19,15,sample_limited,research_only_not_online,
512400,512400,有色ETF,周期资源,trade_pool,commodity_resource,commodity_cycle,rank_score_below_70_proxy,178,0.6686390532544378,0.018793237846752027,0.03668840844595921,-0.27021617293835076,10,0.5460122699386503,0.9536945987008901,72,52,sample_limited,research_only_not_online,
512400,512400,有色ETF,周期资源,trade_pool,commodity_resource,commodity_cycle,top_decile_drop_proxy,18,0.8333333333333334,0.023711912598890564,0.07355417626120311,-0.10004275331338175,10,0.05521472392638037,0.987914511465899,7,2,hypothesis_only,need_more_data,event_count_below_30
512400,512400,有色ETF,周期资源,trade_pool,commodity_resource,commodity_cycle,short_swing_buy_to_watch_proxy,22,0.6818181818181818,0.014530995907675436,0.04368844163867466,-0.1760977818017202,10,0.06748466257668712,0.8831227124709924,5,8,hypothesis_only,need_more_data,event_count_below_30
512400,512400,有色ETF,周期资源,trade_pool,commodity_resource,commodity_cycle,short_swing_buy_to_sell_proxy,2,1.0,0.04289799809342254,-0.001429933269780581,-0.07197330791229739,10,0.006134969325153374,,1,1,hypothesis_only,need_more_data,event_count_below_30
512400,512400,有色ETF,周期资源,trade_pool,commodity_resource,commodity_cycle,volume_heat_decay_proxy,19,0.7894736842105263,0.013781470695581432,0.02337414462922013,-0.22260127931769735,10,0.05828220858895705,0.431134468753524,8,6,hypothesis_only,need_more_data,event_count_below_30
512400,512400,有色ETF,周期资源,trade_pool,commodity_resource,commodity_cycle,type_stop_loss_proxy,94,0.6588235294117647,0.012519570047135792,0.004863748810429775,-0.24356846473029048,10,0.2883435582822086,0.7873902972012894,38,35,sample_limited,risk_control_candidate_requires_backtest,
512480,512480,半导体ETF,科技成长,trade_pool,theme,theme_beta,rank_score_decline_2d_proxy,77,0.5866666666666667,0.021041294157755186,0.06255721417151308,-0.16312056737588654,10,0.2361963190184049,1.7141026308164071,24,24,sample_limited,research_only_not_online,
512480,512480,半导体ETF,科技成长,trade_pool,theme,theme_beta,rank_score_decline_3d_proxy,39,0.5526315789473685,0.0171773062239149,0.06558763306563986,-0.13897280966767367,10,0.1196319018404908,1.9646779616873538,11,13,hypothesis_only,research_only_not_online,
512480,512480,半导体ETF,科技成长,trade_pool,theme,theme_beta,rank_score_below_70_proxy,159,0.5668789808917197,0.028180323684059334,0.03926575713302458,-0.3930688554491565,10,0.48773006134969327,2.012676132704074,56,42,sample_limited,research_only_not_online,
512480,512480,半导体ETF,科技成长,trade_pool,theme,theme_beta,top_decile_drop_proxy,16,0.7333333333333333,0.060705040679907576,0.13497321511053365,-0.09106628242074932,10,0.049079754601226995,1.7929605043678836,10,3,hypothesis_only,need_more_data,event_count_below_30
512480,512480,半导体ETF,科技成长,trade_pool,theme,theme_beta,short_swing_buy_to_watch_proxy,20,0.45,0.011759893655425086,0.08409176535738885,-0.1543026706231454,10,0.06134969325153374,1.7570345289793343,7,8,hypothesis_only,need_more_data,event_count_below_30
512480,512480,半导体ETF,科技成长,trade_pool,theme,theme_beta,short_swing_buy_to_sell_proxy,3,0.0,-0.03468430034129705,0.14812365693338375,-0.09761092150170647,10,0.009202453987730062,,0,2,hypothesis_only,need_more_data,event_count_below_30
512480,512480,半导体ETF,科技成长,trade_pool,theme,theme_beta,volume_heat_decay_proxy,24,0.5416666666666666,0.031052212563541032,0.04686677073234519,-0.14208308248043344,10,0.0736196319018405,2.686792404048464,6,8,hypothesis_only,need_more_data,event_count_below_30
512480,512480,半导体ETF,科技成长,trade_pool,theme,theme_beta,type_stop_loss_proxy,116,0.5614035087719298,0.029778704249254842,0.03676501045365687,-0.3930688554491565,10,0.3558282208588957,2.0735270467167912,40,42,sample_limited,risk_control_candidate_requires_backtest,
512660,512660,军工ETF,新能源制造,trade_pool,commodity_resource,commodity_cycle,rank_score_decline_2d_proxy,83,0.524390243902439,0.0036453597648739445,0.011697226130665542,-0.1801075268817205,10,0.254601226993865,1.034984840666261,25,29,sample_limited,research_only_not_online,
512660,512660,军工ETF,新能源制造,trade_pool,commodity_resource,commodity_cycle,rank_score_decline_3d_proxy,40,0.5,-0.003666998089262313,0.0019786778670257106,-0.1801075268817205,10,0.12269938650306748,0.7944841874904833,8,18,sample_limited,candidate_for_simulation_review,
512660,512660,军工ETF,新能源制造,trade_pool,commodity_resource,commodity_cycle,rank_score_below_70_proxy,189,0.6201117318435754,0.009277566129148136,0.025216557380628175,-0.20717884130982378,10,0.5797546012269938,0.9465317583005107,64,40,sample_limited,research_only_not_online,
512660,512660,军工ETF,新能源制造,trade_pool,commodity_resource,commodity_cycle,top_decile_drop_proxy,11,0.5454545454545454,0.0007699713326898662,0.0036320264347360254,-0.17734322319622398,10,0.03374233128834356,0.8581583972380789,5,3,hypothesis_only,need_more_data,event_count_below_30
512660,512660,军工ETF,新能源制造,trade_pool,commodity_resource,commodity_cycle,short_swing_buy_to_watch_proxy,17,0.5882352941176471,0.008770476988206922,0.01268344382595056,-0.11060259344012202,10,0.05214723926380368,1.1314583827539393,7,2,hypothesis_only,need_more_data,event_count_below_30
512660,512660,军工ETF,新能源制造,trade_pool,commodity_resource,commodity_cycle,short_swing_buy_to_sell_proxy,6,0.0,-0.038398045509978516,-0.0636894110330463,-0.1487491548343477,10,0.018404907975460124,,0,2,hypothesis_only,need_more_data,event_count_below_30
512660,512660,军工ETF,新能源制造,trade_pool,commodity_resource,commodity_cycle,volume_heat_decay_proxy,27,0.5769230769230769,0.017275920892187893,0.02742018134988747,-0.10961810466760968,10,0.08282208588957055,1.7002787158822985,8,6,hypothesis_only,need_more_data,event_count_below_30
512660,512660,军工ETF,新能源制造,trade_pool,commodity_resource,commodity_cycle,type_stop_loss_proxy,108,0.5523809523809524,-0.0009727714325750338,0.012875239920676554,-0.15446608462055078,10,0.3312883435582822,0.7546435407866688,28,31,sample_limited,candidate_for_simulation_review,
512670,512670,国防ETF,新能源制造,trade_pool,commodity_resource,commodity_cycle,rank_score_decline_2d_proxy,80,0.5316455696202531,0.005775258696119509,0.010402467858699587,-0.16887080366225848,10,0.24539877300613497,1.0967358035243187,23,23,sample_limited,research_only_not_online,
512670,512670,国防ETF,新能源制造,trade_pool,commodity_resource,commodity_cycle,rank_score_decline_3d_proxy,40,0.575,0.0027910335220935416,0.0014763210942333516,-0.16887080366225848,10,0.12269938650306748,0.8618172644657381,8,12,sample_limited,research_only_not_online,
512670,512670,国防ETF,新能源制造,trade_pool,commodity_resource,commodity_cycle,rank_score_below_70_proxy,189,0.5810055865921788,0.0052799840453847564,0.01653673983489817,-0.209990749306198,10,0.5797546012269938,0.8823155007398116,63,48,sample_limited,research_only_not_online,
512670,512670,国防ETF,新能源制造,trade_pool,commodity_resource,commodity_cycle,top_decile_drop_proxy,9,0.6666666666666666,0.02590551127990907,0.032580680220911346,-0.07875894988066823,10,0.027607361963190184,1.7092431803698873,3,2,hypothesis_only,need_more_data,event_count_below_30
512670,512670,国防ETF,新能源制造,trade_pool,commodity_resource,commodity_cycle,short_swing_buy_to_watch_proxy,15,0.5333333333333333,0.021102140054459168,0.033557141351837044,-0.08747044917257674,10,0.046012269938650305,2.458052123112676,5,5,hypothesis_only,need_more_data,event_count_below_30
512670,512670,国防ETF,新能源制造,trade_pool,commodity_resource,commodity_cycle,short_swing_buy_to_sell_proxy,4,0.0,-0.04646292364551382,-0.09443799638279467,-0.14600000000000002,10,0.012269938650306749,,0,2,hypothesis_only,need_more_data,event_count_below_30
512670,512670,国防ETF,新能源制造,trade_pool,commodity_resource,commodity_cycle,volume_heat_decay_proxy,27,0.6923076923076923,0.02772804522616645,0.033163543195907356,-0.13211382113821135,10,0.08282208588957055,1.7958142104379857,12,2,hypothesis_only,need_more_data,event_count_below_30
512670,512670,国防ETF,新能源制造,trade_pool,commodity_resource,commodity_cycle,type_stop_loss_proxy,119,0.5508474576271186,0.0014614333777001629,0.008346916368983695,-0.15944881889763785,10,0.36503067484662577,0.8307781086266853,31,32,sample_limited,risk_control_candidate_requires_backtest,
512690,512690,酒ETF,消费医药,trade_pool,sector,sector_beta,rank_score_decline_2d_proxy,79,0.32051282051282054,-0.018863118163652215,-0.03406155713088947,-0.1339285714285714,10,0.24233128834355827,0.5861487689281111,7,30,sample_limited,candidate_for_simulation_review,
512690,512690,酒ETF,消费医药,trade_pool,sector,sector_beta,rank_score_decline_3d_proxy,38,0.23684210526315788,-0.026306113579246723,-0.04110619732763804,-0.12612612612612606,10,0.1165644171779141,0.5969248023933553,3,17,hypothesis_only,candidate_for_simulation_review,
512690,512690,酒ETF,消费医药,trade_pool,sector,sector_beta,rank_score_below_70_proxy,236,0.2831858407079646,-0.01691765021309239,-0.031457709971085546,-0.15098468271334797,10,0.7239263803680982,0.6837392207577975,17,75,evidence_supported,candidate_for_simulation_review,
512690,512690,酒ETF,消费医药,trade_pool,sector,sector_beta,top_decile_drop_proxy,7,0.5714285714285714,-0.005006526756576789,-0.010175339392777023,-0.08091286307053935,10,0.02147239263803681,0.4395802981725581,0,3,hypothesis_only,need_more_data,event_count_below_30
512690,512690,酒ETF,消费医药,trade_pool,sector,sector_beta,short_swing_buy_to_watch_proxy,5,0.2,-0.012351205951650134,-0.018416555324013716,-0.08049535603715174,10,0.015337423312883436,0.9639582010771249,0,2,hypothesis_only,need_more_data,event_count_below_30
512690,512690,酒ETF,消费医药,trade_pool,sector,sector_beta,short_swing_buy_to_sell_proxy,0,,,,,10,0.0,,0,0,hypothesis_only,need_more_data,event_count_below_30
512690,512690,酒ETF,消费医药,trade_pool,sector,sector_beta,volume_heat_decay_proxy,21,0.047619047619047616,-0.034877660395976756,-0.046843423850238715,-0.09009009009009006,10,0.06441717791411043,0.6899091906075043,0,11,hypothesis_only,need_more_data,event_count_below_30
512690,512690,酒ETF,消费医药,trade_pool,sector,sector_beta,type_stop_loss_proxy,88,0.3076923076923077,-0.02052458083097174,-0.03376128990030146,-0.15098468271334797,10,0.26993865030674846,0.40630445439474444,2,22,sample_limited,candidate_for_simulation_review,
512760,512760,芯片ETF,科技成长,trade_pool,theme,theme_beta,rank_score_decline_2d_proxy,77,0.5866666666666667,-0.004012295484477377,-0.005713512727991407,-0.5672451193058567,10,0.2361963190184049,0.6251230194276634,25,29,sample_limited,candidate_for_simulation_review,
512760,512760,芯片ETF,科技成长,trade_pool,theme,theme_beta,rank_score_decline_3d_proxy,42,0.5609756097560976,-0.008931527564373683,-0.007977712786082352,-0.5604638321369408,10,0.12883435582822086,0.5971430313072427,14,17,sample_limited,candidate_for_simulation_review,
512760,512760,芯片ETF,科技成长,trade_pool,theme,theme_beta,rank_score_below_70_proxy,168,0.5696969696969697,0.003870795892492875,-0.0069016870468785576,-0.5672451193058567,10,0.5153374233128835,0.8199840428921459,65,46,sample_limited,research_only_not_online,
512760,512760,芯片ETF,科技成长,trade_pool,theme,theme_beta,top_decile_drop_proxy,14,0.7692307692307693,0.05500913967369066,0.13246133099905438,-0.09329140461215935,10,0.04294478527607362,1.5704989114820638,8,3,hypothesis_only,need_more_data,event_count_below_30
512760,512760,芯片ETF,科技成长,trade_pool,theme,theme_beta,short_swing_buy_to_watch_proxy,19,0.47368421052631576,0.015393541336657426,0.06623159436346118,-0.5672451193058567,10,0.05828220858895705,1.7157604347253963,8,8,hypothesis_only,need_more_data,event_count_below_30
512760,512760,芯片ETF,科技成长,trade_pool,theme,theme_beta,short_swing_buy_to_sell_proxy,3,0.0,-0.04412148207968963,0.13188915107235855,-0.10159118727050176,10,0.009202453987730062,,0,2,hypothesis_only,need_more_data,event_count_below_30
512760,512760,芯片ETF,科技成长,trade_pool,theme,theme_beta,volume_heat_decay_proxy,29,0.6551724137931034,0.022501776298037676,-0.012393486440231099,-0.5504103165298945,10,0.08895705521472393,1.3850858299207762,9,11,hypothesis_only,need_more_data,event_count_below_30
512760,512760,芯片ETF,科技成长,trade_pool,theme,theme_beta,type_stop_loss_proxy,128,0.5873015873015873,0.002891559277523769,-0.014355619156721483,-0.5607101947308133,10,0.39263803680981596,0.74027775992377,53,49,sample_limited,risk_control_candidate_requires_backtest,
512800,512800,银行ETF,金融地产,trade_pool,sector,sector_beta,rank_score_decline_2d_proxy,78,0.4868421052631579,0.0011551388452411709,0.008252342791737132,-0.05672009864364991,10,0.2392638036809816,1.1584961404780703,15,0,sample_limited,research_only_not_online,
512800,512800,银行ETF,金融地产,trade_pool,sector,sector_beta,rank_score_decline_3d_proxy,40,0.45,0.0008667600469328795,0.016376099977736508,-0.0523038605230387,10,0.12269938650306748,1.3077112931628734,9,0,sample_limited,research_only_not_online,
512800,512800,银行ETF,金融地产,trade_pool,sector,sector_beta,rank_score_below_70_proxy,204,0.42783505154639173,-0.002844746156127034,-0.006693260904554234,-0.08624708624708621,10,0.6257668711656442,1.0281122858943423,24,25,evidence_supported,candidate_for_simulation_review,
512800,512800,银行ETF,金融地产,trade_pool,sector,sector_beta,top_decile_drop_proxy,13,0.6153846153846154,0.006051264732229782,0.02457455374359548,-0.04826038159371493,10,0.03987730061349693,0.9313569167153487,5,0,hypothesis_only,need_more_data,event_count_below_30
512800,512800,银行ETF,金融地产,trade_pool,sector,sector_beta,short_swing_buy_to_watch_proxy,12,0.4166666666666667,-0.004112735137356345,0.00495218662208235,-0.05057471264367819,10,0.03680981595092025,0.6739076516585334,1,0,hypothesis_only,need_more_data,event_count_below_30
512800,512800,银行ETF,金融地产,trade_pool,sector,sector_beta,short_swing_buy_to_sell_proxy,0,,,,,10,0.0,,0,0,hypothesis_only,need_more_data,event_count_below_30
512800,512800,银行ETF,金融地产,trade_pool,sector,sector_beta,volume_heat_decay_proxy,22,0.5909090909090909,0.008310410554089598,0.009813089501733567,-0.05491990846681927,10,0.06748466257668712,1.5131261951600934,6,0,hypothesis_only,need_more_data,event_count_below_30
512800,512800,银行ETF,金融地产,trade_pool,sector,sector_beta,type_stop_loss_proxy,27,0.8421052631578947,0.025991948188414216,0.03382702775888693,-0.034782608695652195,10,0.08282208588957055,1.910094984388043,8,0,hypothesis_only,need_more_data,event_count_below_30
512880,512880,证券ETF,金融地产,trade_pool,high_beta,high_beta,rank_score_decline_2d_proxy,78,0.5,0.004122586359233276,0.005974096812742879,-0.1412280701754386,10,0.2392638036809816,1.2428712014200214,21,21,sample_limited,research_only_not_online,
512880,512880,证券ETF,金融地产,trade_pool,high_beta,high_beta,rank_score_decline_3d_proxy,36,0.4722222222222222,0.007669162188667422,0.011191324717487702,-0.14047410008779637,10,0.11042944785276074,1.6952264731302698,10,8,hypothesis_only,research_only_not_online,
512880,512880,证券ETF,金融地产,trade_pool,high_beta,high_beta,rank_score_below_70_proxy,197,0.5076142131979695,0.0021161926474943383,0.0001673102403758978,-0.1212892281594572,10,0.6042944785276073,1.097140881973409,42,47,sample_limited,research_only_not_online,
512880,512880,证券ETF,金融地产,trade_pool,high_beta,high_beta,top_decile_drop_proxy,13,0.5833333333333334,0.012721718898519576,0.02478796780682625,-0.08734939759036153,10,0.03987730061349693,1.3548121467314955,5,2,hypothesis_only,need_more_data,event_count_below_30
512880,512880,证券ETF,金融地产,trade_pool,high_beta,high_beta,short_swing_buy_to_watch_proxy,17,0.5333333333333333,0.0002749674715142018,0.008022600064529787,-0.08744394618834084,10,0.05214723926380368,0.8935318723479652,2,2,hypothesis_only,need_more_data,event_count_below_30
512880,512880,证券ETF,金融地产,trade_pool,high_beta,high_beta,short_swing_buy_to_sell_proxy,1,0.0,-0.04230769230769227,-0.058461538461538565,-0.06769230769230772,10,0.003067484662576687,,0,1,hypothesis_only,need_more_data,event_count_below_30
512880,512880,证券ETF,金融地产,trade_pool,high_beta,high_beta,volume_heat_decay_proxy,21,0.6666666666666666,0.017920387054481686,0.017807230534285422,-0.11604095563139927,10,0.06441717791411043,1.2747254753294897,6,5,hypothesis_only,need_more_data,event_count_below_30
512880,512880,证券ETF,金融地产,trade_pool,high_beta,high_beta,type_stop_loss_proxy,115,0.5478260869565217,0.0033197238103986498,0.011458800108762915,-0.10167992926613612,10,0.35276073619631904,0.9961616621419309,31,24,sample_limited,risk_control_candidate_requires_backtest,
512890,512890,红利低波ETF,防御风格,trade_pool,sector,sector_beta,rank_score_decline_2d_proxy,72,0.42028985507246375,-0.0036945177337315395,-0.0003496746171052667,-0.0785837651122625,10,0.22085889570552147,0.8875116762852894,3,1,sample_limited,candidate_for_simulation_review,
512890,512890,红利低波ETF,防御风格,trade_pool,sector,sector_beta,rank_score_decline_3d_proxy,31,0.4,-0.005374138621717621,0.003469513981243741,-0.04166666666666663,10,0.0950920245398773,0.8178688306721162,1,0,hypothesis_only,candidate_for_simulation_review,
512890,512890,红利低波ETF,防御风格,trade_pool,sector,sector_beta,rank_score_below_70_proxy,213,0.458128078817734,-0.0018187771441964256,-0.0010995241230541924,-0.09652836579170199,10,0.6533742331288344,0.9349191336314626,16,4,evidence_supported,candidate_for_simulation_review,
512890,512890,红利低波ETF,防御风格,trade_pool,sector,sector_beta,top_decile_drop_proxy,9,0.5555555555555556,0.0034563975616195286,0.0030135810011064543,-0.053268765133171914,10,0.027607361963190184,1.2231278960641474,0,0,hypothesis_only,need_more_data,event_count_below_30
512890,512890,红利低波ETF,防御风格,trade_pool,sector,sector_beta,short_swing_buy_to_watch_proxy,5,0.6,0.002843955006932486,0.019659452538696675,-0.018363939899833093,10,0.015337423312883436,1.4212500038751892,0,0,hypothesis_only,need_more_data,event_count_below_30
512890,512890,红利低波ETF,防御风格,trade_pool,sector,sector_beta,short_swing_buy_to_sell_proxy,0,,,,,10,0.0,,0,0,hypothesis_only,need_more_data,event_count_below_30
512890,512890,红利低波ETF,防御风格,trade_pool,sector,sector_beta,volume_heat_decay_proxy,18,0.5,0.001001935608426695,-0.005669560090840809,-0.04026845637583898,10,0.05521472392638037,1.1432798567181004,1,0,hypothesis_only,need_more_data,event_count_below_30
512890,512890,红利低波ETF,防御风格,trade_pool,sector,sector_beta,type_stop_loss_proxy,8,,,,,10,0.024539877300613498,,0,0,hypothesis_only,need_more_data,event_count_below_30
512980,512980,传媒ETF,科技成长,trade_pool,theme,theme_beta,rank_score_decline_2d_proxy,64,0.4126984126984127,-0.002053313202726822,-0.011312554306894361,-0.18905047048759627,10,0.19631901840490798,1.3089557089331771,16,30,sample_limited,candidate_for_simulation_review,
512980,512980,传媒ETF,科技成长,trade_pool,theme,theme_beta,rank_score_decline_3d_proxy,26,0.34615384615384615,-0.015526209273163458,-0.03203888277584293,-0.17922077922077928,10,0.07975460122699386,0.8230082251016928,5,13,hypothesis_only,need_more_data,event_count_below_30
512980,512980,传媒ETF,科技成长,trade_pool,theme,theme_beta,rank_score_below_70_proxy,183,0.4277456647398844,-0.005154906999389322,-0.00033779756095312984,-0.21717588769611895,10,0.5613496932515337,1.0831694711015198,36,65,sample_limited,candidate_for_simulation_review,
512980,512980,传媒ETF,科技成长,trade_pool,theme,theme_beta,top_decile_drop_proxy,14,0.8571428571428571,0.027961088530194474,0.04011588798057508,-0.10726351351351349,10,0.04294478527607362,1.7598628363055127,6,2,hypothesis_only,need_more_data,event_count_below_30
512980,512980,传媒ETF,科技成长,trade_pool,theme,theme_beta,short_swing_buy_to_watch_proxy,17,0.5294117647058824,0.012918708669917034,0.01600901220509973,-0.1684518013631937,10,0.05214723926380368,1.4685829845644116,3,4,hypothesis_only,need_more_data,event_count_below_30
512980,512980,传媒ETF,科技成长,trade_pool,theme,theme_beta,short_swing_buy_to_sell_proxy,2,0.0,-0.07874404317901246,-0.09798095120211342,-0.19250425894378198,10,0.006134969325153374,,0,2,hypothesis_only,need_more_data,event_count_below_30
512980,512980,传媒ETF,科技成长,trade_pool,theme,theme_beta,volume_heat_decay_proxy,25,0.2916666666666667,-0.010607435678909002,-0.03575325005588001,-0.18905047048759627,10,0.07668711656441718,1.5108202227934577,5,16,hypothesis_only,need_more_data,event_count_below_30
512980,512980,传媒ETF,科技成长,trade_pool,theme,theme_beta,type_stop_loss_proxy,133,0.43902439024390244,-0.01084047506212773,-0.013871646790767357,-0.19250425894378198,10,0.40797546012269936,0.7481555972291319,27,54,sample_limited,candidate_for_simulation_review,
513030,513030,德国ETF,跨境与港股,research_only,qdii,cross_border,rank_score_decline_2d_proxy,80,0.5263157894736842,0.0020179411549611516,0.006325986875565158,-0.14930362116991647,10,0.24539877300613497,1.0364132203663494,13,8,sample_limited,research_only_not_online,
513030,513030,德国ETF,跨境与港股,research_only,qdii,cross_border,rank_score_decline_3d_proxy,39,0.5555555555555556,0.006703169189584006,0.007934094221408648,-0.13337116912599323,10,0.1196319018404908,1.4411780951590913,6,2,hypothesis_only,research_only_not_online,
513030,513030,德国ETF,跨境与港股,research_only,qdii,cross_border,rank_score_below_70_proxy,206,0.5380710659898477,0.005386358297926899,0.007531316272397602,-0.1690500510725229,10,0.6319018404907976,1.3311298787490535,34,18,evidence_supported,research_only_not_online,
513030,513030,德国ETF,跨境与港股,research_only,qdii,cross_border,top_decile_drop_proxy,11,0.7272727272727273,0.002889855086302573,-0.00678859263489252,-0.1690500510725229,10,0.03374233128834356,0.47541679536560666,2,1,hypothesis_only,need_more_data,event_count_below_30
513030,513030,德国ETF,跨境与港股,research_only,qdii,cross_border,short_swing_buy_to_watch_proxy,13,0.5384615384615384,-0.008500556767195104,-0.0015893738751040591,-0.1741116751269035,10,0.03987730061349693,0.5512497573204759,3,2,hypothesis_only,need_more_data,event_count_below_30
513030,513030,德国ETF,跨境与港股,research_only,qdii,cross_border,short_swing_buy_to_sell_proxy,0,,,,,10,0.0,,0,0,hypothesis_only,need_more_data,event_count_below_30
513030,513030,德国ETF,跨境与港股,research_only,qdii,cross_border,volume_heat_decay_proxy,35,0.5,0.007180225889082945,0.0071497739389560664,-0.11169284467713791,10,0.10736196319018405,1.7666617188726976,6,2,hypothesis_only,research_only_not_online,
513030,513030,德国ETF,跨境与港股,research_only,qdii,cross_border,type_stop_loss_proxy,33,0.5757575757575758,0.015676200875301166,0.05355673293433593,-0.12761394101876677,10,0.10122699386503067,1.2777859727460337,17,14,hypothesis_only,risk_control_candidate_requires_backtest,
513050,513050,中概互联网ETF,QDII观察,observe_pool,qdii,cross_border,rank_score_decline_2d_proxy,72,0.42857142857142855,-0.010543694835771814,-0.017531084601732434,-0.19710906701708286,10,0.22085889570552147,0.842499840383808,17,29,sample_limited,candidate_for_simulation_review,
513050,513050,中概互联网ETF,QDII观察,observe_pool,qdii,cross_border,rank_score_decline_3d_proxy,32,0.4375,-0.009820486019226096,-0.014330349649010492,-0.1692726036709722,10,0.09815950920245399,0.8662551858509134,9,13,hypothesis_only,candidate_for_simulation_review,
513050,513050,中概互联网ETF,QDII观察,observe_pool,qdii,cross_border,rank_score_below_70_proxy,209,0.39195979899497485,-0.009371350901897465,-0.02225152046924807,-0.19803921568627447,10,0.6411042944785276,0.9873625922121632,46,73,evidence_supported,candidate_for_simulation_review,
513050,513050,中概互联网ETF,QDII观察,observe_pool,qdii,cross_border,top_decile_drop_proxy,7,0.0,-0.030958783340669753,-0.037021613799171425,-0.09637561779242176,10,0.02147239263803681,,0,4,hypothesis_only,need_more_data,event_count_below_30
513050,513050,中概互联网ETF,QDII观察,observe_pool,qdii,cross_border,short_swing_buy_to_watch_proxy,23,0.30434782608695654,-0.01590178794555353,-0.03787280600679364,-0.20906148867313912,10,0.0705521472392638,0.9293469097432404,4,11,hypothesis_only,need_more_data,event_count_below_30
513050,513050,中概互联网ETF,QDII观察,observe_pool,qdii,cross_border,short_swing_buy_to_sell_proxy,0,,,,,10,0.0,,0,0,hypothesis_only,need_more_data,event_count_below_30
513050,513050,中概互联网ETF,QDII观察,observe_pool,qdii,cross_border,volume_heat_decay_proxy,14,0.42857142857142855,-0.01240108139273687,-0.024415551127303852,-0.19710906701708286,10,0.04294478527607362,0.6648117831423096,2,4,hypothesis_only,need_more_data,event_count_below_30
513050,513050,中概互联网ETF,QDII观察,observe_pool,qdii,cross_border,type_stop_loss_proxy,113,0.36893203883495146,-0.018851045874489283,-0.02095102784441283,-0.17019400352733682,10,0.34662576687116564,0.8163147937110589,26,39,sample_limited,candidate_for_simulation_review,
513060,513060,恒生医疗ETF,QDII观察,observe_pool,qdii,cross_border,rank_score_decline_2d_proxy,97,0.5104166666666666,0.012758902734544211,0.027361898243800115,-0.18388791593695264,10,0.29754601226993865,1.516224312148643,38,43,sample_limited,research_only_not_online,
513060,513060,恒生医疗ETF,QDII观察,observe_pool,qdii,cross_border,rank_score_decline_3d_proxy,49,0.5918367346938775,0.030078135027772564,0.06207236420079648,-0.1444444444444445,10,0.15030674846625766,2.0317269416440586,24,16,sample_limited,research_only_not_online,
513060,513060,恒生医疗ETF,QDII观察,observe_pool,qdii,cross_border,rank_score_below_70_proxy,210,0.400990099009901,-0.003090752398590999,-0.006828995507449003,-0.18771929824561395,10,0.6441717791411042,1.305291863260211,55,101,evidence_supported,candidate_for_simulation_review,
513060,513060,恒生医疗ETF,QDII观察,observe_pool,qdii,cross_border,top_decile_drop_proxy,10,0.7,0.03922038111765067,0.045256614615343624,-0.09793814432989678,10,0.03067484662576687,3.946185682782435,4,1,hypothesis_only,need_more_data,event_count_below_30
513060,513060,恒生医疗ETF,QDII观察,observe_pool,qdii,cross_border,short_swing_buy_to_watch_proxy,13,0.38461538461538464,0.004571600214697004,0.000613205507477779,-0.154320987654321,10,0.03987730061349693,1.839611087734465,5,7,hypothesis_only,need_more_data,event_count_below_30
513060,513060,恒生医疗ETF,QDII观察,observe_pool,qdii,cross_border,short_swing_buy_to_sell_proxy,1,1.0,0.02325581395348819,0.0894454382826475,-0.03220035778175312,10,0.003067484662576687,,0,0,hypothesis_only,need_more_data,event_count_below_30
513060,513060,恒生医疗ETF,QDII观察,observe_pool,qdii,cross_border,volume_heat_decay_proxy,33,0.5757575757575758,0.023694939578802976,0.03891600536586316,-0.1383537653239929,10,0.10122699386503067,1.7607225595362668,17,11,hypothesis_only,research_only_not_online,
513060,513060,恒生医疗ETF,QDII观察,observe_pool,qdii,cross_border,type_stop_loss_proxy,117,0.4642857142857143,0.002429842283606739,0.005305295072215991,-0.18771929824561395,10,0.3588957055214724,1.2410922610840762,36,49,sample_limited,risk_control_candidate_requires_backtest,
513100,513100,纳指ETF,QDII观察,observe_pool,qdii,cross_border,rank_score_decline_2d_proxy,75,0.6142857142857143,0.020613415509512758,0.027453830091688336,-0.11173184357541899,10,0.23006134969325154,2.4965478249184003,26,11,sample_limited,research_only_not_online,
513100,513100,纳指ETF,QDII观察,observe_pool,qdii,cross_border,rank_score_decline_3d_proxy,38,0.6285714285714286,0.02326158942079694,0.03392904264764457,-0.11173184357541899,10,0.1165644171779141,2.454938637052948,15,4,hypothesis_only,research_only_not_online,
513100,513100,纳指ETF,QDII观察,observe_pool,qdii,cross_border,rank_score_below_70_proxy,183,0.5375722543352601,0.011004242998099456,0.02380915722826546,-0.08296943231441056,10,0.5613496932515337,1.8260405624173741,53,18,sample_limited,research_only_not_online,
513100,513100,纳指ETF,QDII观察,observe_pool,qdii,cross_border,top_decile_drop_proxy,6,0.6666666666666666,0.034490631710801335,0.03115321668623013,-0.08046976946498485,10,0.018404907975460124,2.928557596797611,2,2,hypothesis_only,need_more_data,event_count_below_30
513100,513100,纳指ETF,QDII观察,observe_pool,qdii,cross_border,short_swing_buy_to_watch_proxy,22,0.5909090909090909,0.010930688534935078,0.033131576081557645,-0.1417004048582996,10,0.06748466257668712,1.221495058907362,8,4,hypothesis_only,need_more_data,event_count_below_30
513100,513100,纳指ETF,QDII观察,observe_pool,qdii,cross_border,short_swing_buy_to_sell_proxy,1,,,,,10,0.003067484662576687,,0,0,hypothesis_only,need_more_data,event_count_below_30
513100,513100,纳指ETF,QDII观察,observe_pool,qdii,cross_border,volume_heat_decay_proxy,24,0.55,0.014746025848255706,0.037397492930441055,-0.07085020242914974,10,0.0736196319018405,2.2900935740040547,6,2,hypothesis_only,need_more_data,event_count_below_30
513100,513100,纳指ETF,QDII观察,observe_pool,qdii,cross_border,type_stop_loss_proxy,24,1.0,0.04997518520959403,0.0947513613656352,-0.09851169383416014,10,0.0736196319018405,,15,1,hypothesis_only,need_more_data,event_count_below_30
513120,513120,港股创新药ETF,医药与消费升级,observe_pool,qdii,cross_border,rank_score_decline_2d_proxy,91,0.5555555555555556,0.026809544886385782,0.04699023911985314,-0.17248677248677247,10,0.2791411042944785,1.8218109022659001,41,41,sample_limited,research_only_not_online,
513120,513120,港股创新药ETF,医药与消费升级,observe_pool,qdii,cross_border,rank_score_decline_3d_proxy,48,0.6458333333333334,0.04562981045624503,0.07599368831639748,-0.1488250652741515,10,0.147239263803681,2.464797509239505,26,18,sample_limited,research_only_not_online,
513120,513120,港股创新药ETF,医药与消费升级,observe_pool,qdii,cross_border,rank_score_below_70_proxy,209,0.42857142857142855,0.0033923376250519907,0.0059938821978914305,-0.19641401792991042,10,0.6411042944785276,1.4807538622946064,63,107,evidence_supported,research_only_not_online,
513120,513120,港股创新药ETF,医药与消费升级,observe_pool,qdii,cross_border,top_decile_drop_proxy,8,0.625,0.03597348673609513,0.05879092781671767,-0.1269470404984424,10,0.024539877300613498,2.0453032914149785,4,2,hypothesis_only,need_more_data,event_count_below_30
513120,513120,港股创新药ETF,医药与消费升级,observe_pool,qdii,cross_border,short_swing_buy_to_watch_proxy,15,0.35714285714285715,0.008883439587741728,0.010953762013863286,-0.14687975646879758,10,0.046012269938650305,2.2813186695490515,5,9,hypothesis_only,need_more_data,event_count_below_30
513120,513120,港股创新药ETF,医药与消费升级,observe_pool,qdii,cross_border,short_swing_buy_to_sell_proxy,2,1.0,0.034581912432390616,0.08952068332996743,-0.08108108108108103,10,0.006134969325153374,,1,1,hypothesis_only,need_more_data,event_count_below_30
513120,513120,港股创新药ETF,医药与消费升级,observe_pool,qdii,cross_border,volume_heat_decay_proxy,34,0.6176470588235294,0.03118652254105211,0.051797598358997186,-0.16195372750642678,10,0.10429447852760736,1.5436446344437396,19,12,hypothesis_only,research_only_not_online,
513120,513120,港股创新药ETF,医药与消费升级,observe_pool,qdii,cross_border,type_stop_loss_proxy,127,0.5,0.009466592922906513,0.019152017503305568,-0.19641401792991042,10,0.3895705521472393,1.3520526999385412,45,54,sample_limited,risk_control_candidate_requires_backtest,
513130,513130,恒生科技ETF,跨境与港股,observe_pool,qdii,cross_border,rank_score_decline_2d_proxy,76,0.527027027027027,0.0019325625356866611,-0.00030862639008922974,-0.20891719745222936,10,0.2331288343558282,0.9530358583597718,23,23,sample_limited,research_only_not_online,
513130,513130,恒生科技ETF,跨境与港股,observe_pool,qdii,cross_border,rank_score_decline_3d_proxy,33,0.5757575757575758,0.012385792433162287,0.011394092268994127,-0.19350649350649352,10,0.10122699386503067,1.3034267968749236,14,8,hypothesis_only,research_only_not_online,
513130,513130,恒生科技ETF,跨境与港股,observe_pool,qdii,cross_border,rank_score_below_70_proxy,203,0.49740932642487046,-0.0039958681871533185,-0.011336213602623773,-0.18291054739652868,10,0.6226993865030674,0.8149199395157061,47,62,evidence_supported,candidate_for_simulation_review,
513130,513130,恒生科技ETF,跨境与港股,observe_pool,qdii,cross_border,top_decile_drop_proxy,10,0.3,-0.023022355578971664,-0.03510464031961117,-0.15103338632750396,10,0.03067484662576687,0.32359945389008055,0,4,hypothesis_only,need_more_data,event_count_below_30
513130,513130,恒生科技ETF,跨境与港股,observe_pool,qdii,cross_border,short_swing_buy_to_watch_proxy,22,0.36363636363636365,-0.014193872459815536,-0.01773495119670463,-0.20992366412213748,10,0.06748466257668712,0.6802966044316177,3,10,hypothesis_only,need_more_data,event_count_below_30
513130,513130,恒生科技ETF,跨境与港股,observe_pool,qdii,cross_border,short_swing_buy_to_sell_proxy,0,,,,,10,0.0,,0,0,hypothesis_only,need_more_data,event_count_below_30
513130,513130,恒生科技ETF,跨境与港股,observe_pool,qdii,cross_border,volume_heat_decay_proxy,16,0.5625,0.0014290338844102357,-0.00254809288490799,-0.13372093023255816,10,0.049079754601226995,0.8245294293642853,7,5,hypothesis_only,need_more_data,event_count_below_30
513130,513130,恒生科技ETF,跨境与港股,observe_pool,qdii,cross_border,type_stop_loss_proxy,101,0.38461538461538464,-0.016100827352326333,-0.016356478478596868,-0.1596752368064952,10,0.3098159509202454,0.7626487638949999,20,36,sample_limited,candidate_for_simulation_review,
513150,513150,港股科技ETF,跨境与港股,observe_pool,qdii,cross_border,rank_score_decline_2d_proxy,78,0.5,7.290417706012031e-05,8.500012953874372e-05,-0.19316239316239314,10,0.2392638036809816,1.0035586244543953,19,26,sample_limited,research_only_not_online,
513150,513150,港股科技ETF,跨境与港股,observe_pool,qdii,cross_border,rank_score_decline_3d_proxy,32,0.5161290322580645,0.008551646614968194,0.014219465760067074,-0.1225225225225226,10,0.09815950920245399,1.3964195443713603,10,9,hypothesis_only,research_only_not_online,
513150,513150,港股科技ETF,跨境与港股,observe_pool,qdii,cross_border,rank_score_below_70_proxy,202,0.4791666666666667,-0.0013130496974643792,-0.005943959847028035,-0.16312659303313515,10,0.6196319018404908,1.0057279547718827,49,61,evidence_supported,candidate_for_simulation_review,
513150,513150,港股科技ETF,跨境与港股,observe_pool,qdii,cross_border,top_decile_drop_proxy,12,0.4166666666666667,-0.01634971703248575,-0.027682146347248044,-0.14522417153996103,10,0.03680981595092025,0.4569350511520103,0,6,hypothesis_only,need_more_data,event_count_below_30
513150,513150,港股科技ETF,跨境与港股,observe_pool,qdii,cross_border,short_swing_buy_to_watch_proxy,20,0.25,-0.012730068864366516,-0.01385392172311221,-0.08508604206500958,10,0.06134969325153374,0.8579862436460294,2,6,hypothesis_only,need_more_data,event_count_below_30
513150,513150,港股科技ETF,跨境与港股,observe_pool,qdii,cross_border,short_swing_buy_to_sell_proxy,2,0.0,-0.09288087448324839,-0.10282342945547684,-0.19316239316239314,10,0.006134969325153374,,0,2,hypothesis_only,need_more_data,event_count_below_30
513150,513150,港股科技ETF,跨境与港股,observe_pool,qdii,cross_border,volume_heat_decay_proxy,20,0.631578947368421,0.01571434016091371,0.013973250951849127,-0.15523156089193824,10,0.06134969325153374,1.6531416516977249,5,5,hypothesis_only,need_more_data,event_count_below_30
513150,513150,港股科技ETF,跨境与港股,observe_pool,qdii,cross_border,type_stop_loss_proxy,92,0.32926829268292684,-0.013878687198933056,-0.012830463546691019,-0.18126626192541206,10,0.2822085889570552,1.055656476217329,14,29,sample_limited,candidate_for_simulation_review,
513180,513180,恒生科技ETF,QDII观察,observe_pool,qdii,cross_border,rank_score_decline_2d_proxy,78,0.5131578947368421,-0.0010592308044447755,-0.004678213921859199,-0.21223470661672916,10,0.2392638036809816,0.9018689118458864,23,24,sample_limited,candidate_for_simulation_review,
513180,513180,恒生科技ETF,QDII观察,observe_pool,qdii,cross_border,rank_score_decline_3d_proxy,37,0.5405405405405406,0.0052479464048794874,0.00494107409050334,-0.19720101781170485,10,0.11349693251533742,1.0958018214018537,12,9,hypothesis_only,research_only_not_online,
513180,513180,恒生科技ETF,QDII观察,observe_pool,qdii,cross_border,rank_score_below_70_proxy,201,0.5026178010471204,-0.004501498553284839,-0.0112088190059693,-0.1819371727748691,10,0.6165644171779141,0.7847477574033515,48,62,evidence_supported,candidate_for_simulation_review,
513180,513180,恒生科技ETF,QDII观察,observe_pool,qdii,cross_border,top_decile_drop_proxy,9,0.3333333333333333,-0.023127587953214606,-0.03834996905967888,-0.1544461778471139,10,0.027607361963190184,0.36245783791412167,1,4,hypothesis_only,need_more_data,event_count_below_30
513180,513180,恒生科技ETF,QDII观察,observe_pool,qdii,cross_border,short_swing_buy_to_watch_proxy,20,0.3,-0.018213258805671817,-0.02815696011034157,-0.21321695760598502,10,0.06134969325153374,0.702569432943621,3,9,hypothesis_only,need_more_data,event_count_below_30
513180,513180,恒生科技ETF,QDII观察,observe_pool,qdii,cross_border,short_swing_buy_to_sell_proxy,0,,,,,10,0.0,,0,0,hypothesis_only,need_more_data,event_count_below_30
513180,513180,恒生科技ETF,QDII观察,observe_pool,qdii,cross_border,volume_heat_decay_proxy,18,0.6111111111111112,0.005354993224355429,0.0037572725748843544,-0.12297734627831713,10,0.05521472392638037,0.8520868572621094,7,4,hypothesis_only,need_more_data,event_count_below_30
513180,513180,恒生科技ETF,QDII观察,observe_pool,qdii,cross_border,type_stop_loss_proxy,104,0.40425531914893614,-0.015264015807837008,-0.016830624764031576,-0.16644649933949807,10,0.31901840490797545,0.7359663830119589,22,37,sample_limited,candidate_for_simulation_review,
513330,513330,恒生互联网ETF,跨境与港股,observe_pool,qdii,cross_border,rank_score_decline_2d_proxy,70,0.42028985507246375,-0.007510234832403062,-0.008528604993123745,-0.19521178637200742,10,0.2147239263803681,0.9569794052451787,19,25,sample_limited,candidate_for_simulation_review,
513330,513330,恒生互联网ETF,跨境与港股,observe_pool,qdii,cross_border,rank_score_decline_3d_proxy,31,0.41935483870967744,-0.009721613169592972,-0.0072536199537877,-0.1752380952380953,10,0.0950920245398773,0.9809831158266963,10,11,hypothesis_only,candidate_for_simulation_review,
513330,513330,恒生互联网ETF,跨境与港股,observe_pool,qdii,cross_border,rank_score_below_70_proxy,211,0.43781094527363185,-0.005176875779682015,-0.012131583954880025,-0.19521178637200742,10,0.647239263803681,0.9700016263891676,53,69,evidence_supported,candidate_for_simulation_review,
513330,513330,恒生互联网ETF,跨境与港股,observe_pool,qdii,cross_border,top_decile_drop_proxy,13,0.38461538461538464,-0.002690484545353896,-0.00332916990103689,-0.10550458715596323,10,0.03987730061349693,1.094483203102917,1,3,hypothesis_only,need_more_data,event_count_below_30
513330,513330,恒生互联网ETF,跨境与港股,observe_pool,qdii,cross_border,short_swing_buy_to_watch_proxy,21,0.19047619047619047,-0.02426885476885659,-0.03877824394157124,-0.1921641791044777,10,0.06441717791411043,0.6618120186359193,1,11,hypothesis_only,need_more_data,event_count_below_30
513330,513330,恒生互联网ETF,跨境与港股,observe_pool,qdii,cross_border,short_swing_buy_to_sell_proxy,1,1.0,0.018595041322314154,0.006198347107438051,-0.02066115702479343,10,0.003067484662576687,,0,0,hypothesis_only,need_more_data,event_count_below_30
513330,513330,恒生互联网ETF,跨境与港股,observe_pool,qdii,cross_border,volume_heat_decay_proxy,18,0.5,-0.007776463455815224,-0.008834052471160614,-0.1475826972010178,10,0.05521472392638037,0.6979724477563644,5,6,hypothesis_only,need_more_data,event_count_below_30
513330,513330,恒生互联网ETF,跨境与港股,observe_pool,qdii,cross_border,type_stop_loss_proxy,117,0.35514018691588783,-0.023707231180378596,-0.03343342948005665,-0.1728395061728395,10,0.3588957055214724,0.6136127659594995,21,46,sample_limited,candidate_for_simulation_review,
513500,513500,标普500ETF,QDII观察,observe_pool,qdii,cross_border,rank_score_decline_2d_proxy,81,0.6447368421052632,0.011938832587632833,0.02241329064356026,-0.130412633723892,10,0.24846625766871167,1.5442686880257055,17,8,sample_limited,research_only_not_online,
513500,513500,标普500ETF,QDII观察,observe_pool,qdii,cross_border,rank_score_decline_3d_proxy,43,0.7,0.016621853042768624,0.02929761458807838,-0.11919504643962842,10,0.13190184049079753,2.3104533927691917,10,3,sample_limited,research_only_not_online,
513500,513500,标普500ETF,QDII观察,observe_pool,qdii,cross_border,rank_score_below_70_proxy,198,0.6137566137566137,0.010397275509259852,0.02096455718179878,-0.09970674486803521,10,0.6073619631901841,1.4950660403817666,47,15,sample_limited,research_only_not_online,
513500,513500,标普500ETF,QDII观察,observe_pool,qdii,cross_border,top_decile_drop_proxy,8,0.625,0.011688204824593831,0.005153607195102258,-0.05093833780160861,10,0.024539877300613498,2.7170094446850346,2,0,hypothesis_only,need_more_data,event_count_below_30
513500,513500,标普500ETF,QDII观察,observe_pool,qdii,cross_border,short_swing_buy_to_watch_proxy,16,0.625,0.012532942389795632,0.018986101477276217,-0.13918305597579428,10,0.049079754601226995,1.725358167608457,6,1,hypothesis_only,need_more_data,event_count_below_30
513500,513500,标普500ETF,QDII观察,observe_pool,qdii,cross_border,short_swing_buy_to_sell_proxy,0,,,,,10,0.0,,0,0,hypothesis_only,need_more_data,event_count_below_30
513500,513500,标普500ETF,QDII观察,observe_pool,qdii,cross_border,volume_heat_decay_proxy,29,0.7777777777777778,0.012314134353355962,0.026567463886123313,-0.05447154471544713,10,0.08895705521472393,1.1633149941498941,5,0,hypothesis_only,need_more_data,event_count_below_30
513500,513500,标普500ETF,QDII观察,observe_pool,qdii,cross_border,type_stop_loss_proxy,18,1.0,0.04607298881244615,0.09575957200271393,-0.03685897435897445,10,0.05521472392638037,,12,0,hypothesis_only,need_more_data,event_count_below_30
513520,513520,日经ETF,跨境与港股,research_only,qdii,cross_border,rank_score_decline_2d_proxy,75,0.6438356164383562,0.025808275351797062,0.04946121796439198,-0.1546052631578948,10,0.23006134969325154,1.5973263810264622,31,15,sample_limited,research_only_not_online,
513520,513520,日经ETF,跨境与港股,research_only,qdii,cross_border,rank_score_decline_3d_proxy,37,0.5945945945945946,0.028270235581554882,0.04794489932025365,-0.15021256495040158,10,0.11349693251533742,2.085573577405558,14,7,hypothesis_only,research_only_not_online,
513520,513520,日经ETF,跨境与港股,research_only,qdii,cross_border,rank_score_below_70_proxy,161,0.7564102564102564,0.030141899766212153,0.0502111480862349,-0.09959959959959963,10,0.4938650306748466,1.7901131930616119,72,12,sample_limited,research_only_not_online,
513520,513520,日经ETF,跨境与港股,research_only,qdii,cross_border,top_decile_drop_proxy,18,0.6875,0.017612568654862486,0.04575769370155616,-0.15261422515308543,10,0.05521472392638037,0.9934831725676565,5,3,hypothesis_only,need_more_data,event_count_below_30
513520,513520,日经ETF,跨境与港股,research_only,qdii,cross_border,short_swing_buy_to_watch_proxy,22,0.7727272727272727,0.0331685276167012,0.04532315357366687,-0.15261422515308543,10,0.06748466257668712,1.7874799585100298,11,2,hypothesis_only,need_more_data,event_count_below_30
513520,513520,日经ETF,跨境与港股,research_only,qdii,cross_border,short_swing_buy_to_sell_proxy,1,0.0,-0.06528497409326417,-0.059585492227979264,-0.07150259067357512,10,0.003067484662576687,,0,1,hypothesis_only,need_more_data,event_count_below_30
513520,513520,日经ETF,跨境与港股,research_only,qdii,cross_border,volume_heat_decay_proxy,30,0.5862068965517241,0.01430584443354773,0.061274903585544827,-0.12482269503546095,10,0.09202453987730061,1.4835466913816577,9,7,hypothesis_only,research_only_not_online,
513520,513520,日经ETF,跨境与港股,research_only,qdii,cross_border,type_stop_loss_proxy,35,0.5882352941176471,0.017785101204889058,0.05058097762226527,-0.09278870398386296,10,0.10736196319018405,1.406153751214252,14,10,hypothesis_only,risk_control_candidate_requires_backtest,
513880,513880,日经225ETF,跨境与港股,research_only,qdii,cross_border,rank_score_decline_2d_proxy,79,0.64,0.024641145062906485,0.037342756419020386,-0.1577319587628866,10,0.24233128834355827,1.585159721772289,32,18,sample_limited,research_only_not_online,
513880,513880,日经225ETF,跨境与港股,research_only,qdii,cross_border,rank_score_decline_3d_proxy,42,0.6153846153846154,0.02680036318653313,0.03791533600866459,-0.14584422373235761,10,0.12883435582822086,1.8147814105831568,17,10,sample_limited,research_only_not_online,
513880,513880,日经225ETF,跨境与港股,research_only,qdii,cross_border,rank_score_below_70_proxy,164,0.7610062893081762,0.030089901698606106,0.04720945087928,-0.10905125408942207,10,0.5030674846625767,1.7722156873340678,75,14,sample_limited,research_only_not_online,
513880,513880,日经225ETF,跨境与港股,research_only,qdii,cross_border,top_decile_drop_proxy,17,0.6666666666666666,0.025522084736563942,0.05784361360905633,-0.1568627450980392,10,0.05214723926380368,1.3020298312041694,6,2,hypothesis_only,need_more_data,event_count_below_30
513880,513880,日经225ETF,跨境与港股,research_only,qdii,cross_border,short_swing_buy_to_watch_proxy,23,0.7619047619047619,0.028039279141418735,0.04803775211249339,-0.1568627450980392,10,0.0705521472392638,1.1380006815734773,10,2,hypothesis_only,need_more_data,event_count_below_30
513880,513880,日经225ETF,跨境与港股,research_only,qdii,cross_border,short_swing_buy_to_sell_proxy,0,,,,,10,0.0,,0,0,hypothesis_only,need_more_data,event_count_below_30
513880,513880,日经225ETF,跨境与港股,research_only,qdii,cross_border,volume_heat_decay_proxy,28,0.5416666666666666,-0.002147443707324096,0.016202610367721772,-0.1577319587628866,10,0.08588957055214724,0.7472620333570528,5,7,hypothesis_only,need_more_data,event_count_below_30
513880,513880,日经225ETF,跨境与港股,research_only,qdii,cross_border,type_stop_loss_proxy,41,0.475,0.009107736787336026,0.029710339644114934,-0.0927262631871183,10,0.12576687116564417,1.6572253754475164,13,11,sample_limited,risk_control_candidate_requires_backtest,
515000,515000,科技ETF,科技成长,trade_pool,unknown,manual_review,rank_score_decline_2d_proxy,279,0.5323741007194245,0.007336235577266237,0.008404123076841866,-0.20797720797720787,10,0.25643382352941174,1.20574695848628,89,77,evidence_supported,research_only_not_online,
515000,515000,科技ETF,科技成长,trade_pool,unknown,manual_review,rank_score_decline_3d_proxy,130,0.5153846153846153,0.005490758416079208,0.003042535827823458,-0.20797720797720787,10,0.11948529411764706,1.1817559218646554,36,37,sample_limited,research_only_not_online,
515000,515000,科技ETF,科技成长,trade_pool,unknown,manual_review,rank_score_below_70_proxy,698,0.492816091954023,0.004496466263685381,0.009408838770041257,-0.21134751773049631,10,0.6415441176470589,1.2456966063636918,194,207,evidence_supported,research_only_not_online,
515000,515000,科技ETF,科技成长,trade_pool,unknown,manual_review,top_decile_drop_proxy,35,0.5757575757575758,0.02284124125623829,0.02634886758818753,-0.1171428571428571,10,0.03216911764705882,1.6285992539357825,15,8,hypothesis_only,research_only_not_online,
515000,515000,科技ETF,科技成长,trade_pool,unknown,manual_review,short_swing_buy_to_watch_proxy,51,0.5882352941176471,0.008960833996099099,0.018707940812508605,-0.15533980582524276,10,0.046875,1.0763491111510943,19,11,sample_limited,research_only_not_online,
515000,515000,科技ETF,科技成长,trade_pool,unknown,manual_review,short_swing_buy_to_sell_proxy,10,0.6666666666666666,0.03113380596020891,0.04380108402874742,-0.10878112712975097,10,0.009191176470588236,1.104695373725713,5,3,hypothesis_only,need_more_data,event_count_below_30
515000,515000,科技ETF,科技成长,trade_pool,unknown,manual_review,volume_heat_decay_proxy,103,0.5242718446601942,0.004052736195228101,-0.004933561107166808,-0.2027972027972028,10,0.09466911764705882,1.0957519599590917,27,31,sample_limited,research_only_not_online,
515000,515000,科技ETF,科技成长,trade_pool,unknown,manual_review,type_stop_loss_proxy,321,0.5141065830721003,0.0037334320941847295,0.007084533880671506,-0.21134751773049631,10,0.29503676470588236,1.093848569631352,90,113,evidence_supported,risk_control_candidate_requires_backtest,
515050,515050,5GETF,科技成长,trade_pool,theme,theme_beta,rank_score_decline_2d_proxy,68,0.7384615384615385,0.029149634088038976,0.051881230772083176,-0.6307432432432433,10,0.2085889570552147,0.7424914499224318,40,15,sample_limited,research_only_not_online,
515050,515050,5GETF,科技成长,trade_pool,theme,theme_beta,rank_score_decline_3d_proxy,30,0.7333333333333333,0.029802748002108737,0.06826362590284302,-0.1864864864864867,10,0.09202453987730061,0.935814367365094,18,7,hypothesis_only,research_only_not_online,
515050,515050,5GETF,科技成长,trade_pool,theme,theme_beta,rank_score_below_70_proxy,167,0.691358024691358,0.03631452983953098,0.06402151432308707,-0.19084967320261426,10,0.5122699386503068,1.818270170020258,81,32,sample_limited,research_only_not_online,
515050,515050,5GETF,科技成长,trade_pool,theme,theme_beta,top_decile_drop_proxy,15,1.0,0.09444713664755659,0.1658019219163557,-0.054498269896193774,10,0.046012269938650305,,13,0,hypothesis_only,need_more_data,event_count_below_30
515050,515050,5GETF,科技成长,trade_pool,theme,theme_beta,short_swing_buy_to_watch_proxy,16,0.75,0.013713743273879211,0.06249696073912513,-0.6307432432432433,10,0.049079754601226995,0.4335121762367862,10,2,hypothesis_only,need_more_data,event_count_below_30
515050,515050,5GETF,科技成长,trade_pool,theme,theme_beta,short_swing_buy_to_sell_proxy,9,0.5,0.025107917496121568,0.05010153122848714,-0.23214285714285732,10,0.027607361963190184,2.2988146162908123,4,2,hypothesis_only,need_more_data,event_count_below_30
515050,515050,5GETF,科技成长,trade_pool,theme,theme_beta,volume_heat_decay_proxy,30,0.7333333333333333,0.018367641006165725,0.05352728001640277,-0.1864864864864867,10,0.09202453987730061,0.7762824978953751,15,6,hypothesis_only,research_only_not_online,
515050,515050,5GETF,科技成长,trade_pool,theme,theme_beta,type_stop_loss_proxy,95,0.7666666666666667,0.05453865605423133,0.08084784393617214,-0.18867924528301883,10,0.29141104294478526,1.4421570956899534,62,22,sample_limited,risk_control_candidate_requires_backtest,
515070,515070,AIETF,科技成长,trade_pool,theme,theme_beta,rank_score_decline_2d_proxy,80,0.6923076923076923,0.026674622258596885,0.04172212290424017,-0.21477015825169554,10,0.24539877300613497,1.2679650059573242,37,23,sample_limited,research_only_not_online,
515070,515070,AIETF,科技成长,trade_pool,theme,theme_beta,rank_score_decline_3d_proxy,37,0.7297297297297297,0.022811431894099836,0.03719266762828994,-0.19412219644238193,10,0.11349693251533742,1.031305750497804,17,8,hypothesis_only,research_only_not_online,
515070,515070,AIETF,科技成长,trade_pool,theme,theme_beta,rank_score_below_70_proxy,181,0.6264367816091954,0.0200208755880915,0.0367146027960125,-0.14235764235764226,10,0.5552147239263804,1.3476134144981469,74,55,sample_limited,research_only_not_online,
515070,515070,AIETF,科技成长,trade_pool,theme,theme_beta,top_decile_drop_proxy,13,0.8461538461538461,0.07066343797096446,0.12653916236590376,-0.06933438985736917,10,0.03987730061349693,9.286409933166984,9,2,hypothesis_only,need_more_data,event_count_below_30
515070,515070,AIETF,科技成长,trade_pool,theme,theme_beta,short_swing_buy_to_watch_proxy,19,0.5789473684210527,0.021973143148103474,0.05443916704514282,-0.0994361865709893,10,0.05828220858895705,1.5881357334908686,8,6,hypothesis_only,need_more_data,event_count_below_30
515070,515070,AIETF,科技成长,trade_pool,theme,theme_beta,short_swing_buy_to_sell_proxy,4,0.3333333333333333,0.003185851317043705,0.05372571238444934,-0.09440928270042181,10,0.012269938650306749,2.1581025177087994,1,1,hypothesis_only,need_more_data,event_count_below_30
515070,515070,AIETF,科技成长,trade_pool,theme,theme_beta,volume_heat_decay_proxy,31,0.7096774193548387,0.027724575592302698,0.040570561761096934,-0.14026402640264024,10,0.0950920245398773,1.3236148508874874,15,10,hypothesis_only,research_only_not_online,
515070,515070,AIETF,科技成长,trade_pool,theme,theme_beta,type_stop_loss_proxy,96,0.7127659574468085,0.03684367649529304,0.05235845158337924,-0.14449917898193754,10,0.294478527607362,1.5690229669817168,53,21,sample_limited,risk_control_candidate_requires_backtest,
515080,515080,中证红利ETF,防御风格,trade_pool,sector,sector_beta,rank_score_decline_2d_proxy,84,0.4936708860759494,-0.003203162568462521,6.773307390739892e-05,-0.0625,10,0.25766871165644173,0.657584637037673,4,3,sample_limited,candidate_for_simulation_review,
515080,515080,中证红利ETF,防御风格,trade_pool,sector,sector_beta,rank_score_decline_3d_proxy,46,0.47619047619047616,-0.004679751984706033,-0.0009701074908880864,-0.062034739454094434,10,0.1411042944785276,0.5818394276597356,1,1,sample_limited,candidate_for_simulation_review,
515080,515080,中证红利ETF,防御风格,trade_pool,sector,sector_beta,rank_score_below_70_proxy,202,0.5416666666666666,-0.0003314778209911294,0.004452926108736367,-0.12313432835820903,10,0.6196319018404908,0.7797240243496453,14,7,evidence_supported,candidate_for_simulation_review,
515080,515080,中证红利ETF,防御风格,trade_pool,sector,sector_beta,top_decile_drop_proxy,10,0.5,-0.002605693526140029,0.00030674861607687953,-0.055222088835534144,10,0.03067484662576687,0.7133968702507902,0,0,hypothesis_only,need_more_data,event_count_below_30
515080,515080,中证红利ETF,防御风格,trade_pool,sector,sector_beta,short_swing_buy_to_watch_proxy,5,0.4,-0.011522756720834337,-0.004048644041478866,-0.04663840096910965,10,0.015337423312883436,0.3610803306048441,0,0,hypothesis_only,need_more_data,event_count_below_30
515080,515080,中证红利ETF,防御风格,trade_pool,sector,sector_beta,short_swing_buy_to_sell_proxy,0,,,,,10,0.0,,0,0,hypothesis_only,need_more_data,event_count_below_30
515080,515080,中证红利ETF,防御风格,trade_pool,sector,sector_beta,volume_heat_decay_proxy,23,0.5454545454545454,-0.0010183624482990594,0.001118821882989835,-0.05276225946617019,10,0.0705521472392638,0.6670606573933985,1,0,hypothesis_only,need_more_data,event_count_below_30
515080,515080,中证红利ETF,防御风格,trade_pool,sector,sector_beta,type_stop_loss_proxy,14,0.75,0.011277196149676871,0.032991747764650414,0.0,10,0.04294478527607362,1.2655815483732888,1,0,hypothesis_only,need_more_data,event_count_below_30
515120,515120,广发创新药ETF,医药与消费升级,trade_pool,theme,theme_beta,rank_score_decline_2d_proxy,73,0.5205479452054794,0.007001723795306696,0.022453201425672333,-0.12106135986732991,10,0.22392638036809817,1.3033130889498667,25,17,sample_limited,research_only_not_online,
515120,515120,广发创新药ETF,医药与消费升级,trade_pool,theme,theme_beta,rank_score_decline_3d_proxy,28,0.6071428571428571,0.015660850175847892,0.04644224732785466,-0.11371237458193972,10,0.08588957055214724,1.5096149832454242,12,4,hypothesis_only,need_more_data,event_count_below_30
515120,515120,广发创新药ETF,医药与消费升级,trade_pool,theme,theme_beta,rank_score_below_70_proxy,205,0.4630541871921182,0.0034937550215794074,0.004984807669924914,-0.16535433070866135,10,0.6288343558282209,1.365753427121672,56,71,evidence_supported,research_only_not_online,
515120,515120,广发创新药ETF,医药与消费升级,trade_pool,theme,theme_beta,top_decile_drop_proxy,10,0.6,0.014604256785346437,0.027190498219849913,-0.08267090620031803,10,0.03067484662576687,1.7982560507181145,3,2,hypothesis_only,need_more_data,event_count_below_30
515120,515120,广发创新药ETF,医药与消费升级,trade_pool,theme,theme_beta,short_swing_buy_to_watch_proxy,16,0.4666666666666667,0.01662871071711385,0.01584960501427903,-0.12005277044854878,10,0.049079754601226995,2.0753738598448037,7,4,hypothesis_only,need_more_data,event_count_below_30
515120,515120,广发创新药ETF,医药与消费升级,trade_pool,theme,theme_beta,short_swing_buy_to_sell_proxy,2,0.0,-0.027870849832470346,-0.024808240799712056,-0.047761194029850795,10,0.006134969325153374,,0,0,hypothesis_only,need_more_data,event_count_below_30
515120,515120,广发创新药ETF,医药与消费升级,trade_pool,theme,theme_beta,volume_heat_decay_proxy,16,0.4375,0.003232701175382706,-0.0011265574850410538,-0.10862619808306706,10,0.049079754601226995,1.5408258369427852,3,5,hypothesis_only,need_more_data,event_count_below_30
515120,515120,广发创新药ETF,医药与消费升级,trade_pool,theme,theme_beta,type_stop_loss_proxy,119,0.4957983193277311,0.006074313444868739,0.013561984683228645,-0.12297734627831713,10,0.36503067484662577,1.3791177464204378,29,35,sample_limited,risk_control_candidate_requires_backtest,
515170,515170,食品饮料ETF,消费医药,trade_pool,sector,sector_beta,rank_score_decline_2d_proxy,77,0.3026315789473684,-0.01011085435237021,-0.019360193318846634,-0.0986193293885601,10,0.2361963190184049,0.8320083955568014,8,14,sample_limited,candidate_for_simulation_review,
515170,515170,食品饮料ETF,消费医药,trade_pool,sector,sector_beta,rank_score_decline_3d_proxy,32,0.3125,-0.009798886689298267,-0.01693709733010249,-0.08704883227176219,10,0.09815950920245399,0.8802196327462072,5,5,hypothesis_only,candidate_for_simulation_review,
515170,515170,食品饮料ETF,消费医药,trade_pool,sector,sector_beta,rank_score_below_70_proxy,235,0.3333333333333333,-0.010048365578471358,-0.020493729832907762,-0.11157024793388426,10,0.7208588957055214,0.7426617910887721,19,44,evidence_supported,candidate_for_simulation_review,
515170,515170,食品饮料ETF,消费医药,trade_pool,sector,sector_beta,top_decile_drop_proxy,10,0.6,-0.0035123540217431694,-0.007640048981329162,-0.07086614173228356,10,0.03067484662576687,0.4001501318290729,0,1,hypothesis_only,need_more_data,event_count_below_30
515170,515170,食品饮料ETF,消费医药,trade_pool,sector,sector_beta,short_swing_buy_to_watch_proxy,9,0.2222222222222222,-0.012726799948597774,-0.018353907885321825,-0.0931458699472758,10,0.027607361963190184,0.5654608497441079,0,2,hypothesis_only,need_more_data,event_count_below_30
515170,515170,食品饮料ETF,消费医药,trade_pool,sector,sector_beta,short_swing_buy_to_sell_proxy,0,,,,,10,0.0,,0,0,hypothesis_only,need_more_data,event_count_below_30
515170,515170,食品饮料ETF,消费医药,trade_pool,sector,sector_beta,volume_heat_decay_proxy,19,0.2631578947368421,-0.013641679715067677,-0.024884529449044592,-0.0691823899371069,10,0.05828220858895705,0.3307277733746975,0,1,hypothesis_only,need_more_data,event_count_below_30
515170,515170,食品饮料ETF,消费医药,trade_pool,sector,sector_beta,type_stop_loss_proxy,43,0.37142857142857144,-0.012025303892630844,-0.022851325229756605,-0.0985324947589098,10,0.13190184049079753,0.6986450301426869,4,9,sample_limited,candidate_for_simulation_review,
515210,515210,515210,expanded_formal_data,research_only,unknown,manual_review,rank_score_decline_2d_proxy,88,0.4186046511627907,-0.005581481157201845,-0.0037157724670611914,-0.15360888340530532,10,0.26993865030674846,1.0074672215830647,15,30,sample_limited,candidate_for_simulation_review,
515210,515210,515210,expanded_formal_data,research_only,unknown,manual_review,rank_score_decline_3d_proxy,52,0.47058823529411764,-0.0048006170431952365,-0.0033140236074063697,-0.150990099009901,10,0.15950920245398773,0.8939415128899055,11,19,sample_limited,candidate_for_simulation_review,
515210,515210,515210,expanded_formal_data,research_only,unknown,manual_review,rank_score_below_70_proxy,216,0.5048543689320388,-0.00025361227524093216,0.005474188111748896,-0.15753424657534243,10,0.6625766871165644,0.9582555393444758,54,53,evidence_supported,candidate_for_simulation_review,
515210,515210,515210,expanded_formal_data,research_only,unknown,manual_review,top_decile_drop_proxy,8,0.125,-0.01666567746122867,-0.01892215054461001,-0.16034271725826177,10,0.024539877300613498,1.378313756970586,1,4,hypothesis_only,need_more_data,event_count_below_30
515210,515210,515210,expanded_formal_data,research_only,unknown,manual_review,short_swing_buy_to_watch_proxy,9,0.6666666666666666,0.027678386357035702,0.02760049291961153,-0.09319233311302033,10,0.027607361963190184,1.9140465750788949,4,2,hypothesis_only,need_more_data,event_count_below_30
515210,515210,515210,expanded_formal_data,research_only,unknown,manual_review,short_swing_buy_to_sell_proxy,2,0.0,-0.010385825314581765,-0.011097103997039226,-0.03552923760177651,10,0.006134969325153374,,0,0,hypothesis_only,need_more_data,event_count_below_30
515210,515210,515210,expanded_formal_data,research_only,unknown,manual_review,volume_heat_decay_proxy,28,0.6428571428571429,0.017891200597189256,0.028057183070215933,-0.10534591194968568,10,0.08588957055214724,1.8320279528690782,9,3,hypothesis_only,need_more_data,event_count_below_30
515210,515210,515210,expanded_formal_data,research_only,unknown,manual_review,type_stop_loss_proxy,84,0.4864864864864865,-0.00592839721982006,0.004264238143164182,-0.11919504643962864,10,0.25766871165644173,0.74800087322384,16,19,sample_limited,candidate_for_simulation_review,
515220,515220,煤炭ETF,周期资源,trade_pool,commodity_resource,commodity_cycle,rank_score_decline_2d_proxy,84,0.43037974683544306,-0.0042949351831686865,0.003925786451311762,-0.12184873949579833,10,0.25766871165644173,1.0837093987764979,20,17,sample_limited,candidate_for_simulation_review,
515220,515220,煤炭ETF,周期资源,trade_pool,commodity_resource,commodity_cycle,rank_score_decline_3d_proxy,44,0.375,-0.01045207377785105,-0.003909976099045738,-0.12184873949579833,10,0.13496932515337423,1.059230687418446,7,9,sample_limited,candidate_for_simulation_review,
515220,515220,煤炭ETF,周期资源,trade_pool,commodity_resource,commodity_cycle,rank_score_below_70_proxy,187,0.5084745762711864,0.009325258653305784,0.029354972590555948,-0.1580996884735203,10,0.5736196319018405,1.448264264131959,61,20,sample_limited,research_only_not_online,
515220,515220,煤炭ETF,周期资源,trade_pool,commodity_resource,commodity_cycle,top_decile_drop_proxy,15,0.6,0.007330347377530466,0.009270478487762468,-0.10961214165261379,10,0.046012269938650305,0.8950671846120147,5,2,hypothesis_only,need_more_data,event_count_below_30
515220,515220,煤炭ETF,周期资源,trade_pool,commodity_resource,commodity_cycle,short_swing_buy_to_watch_proxy,14,0.5,0.0006084344834919676,0.030439897491745325,-0.10815307820299491,10,0.04294478527607362,1.0229295269961145,6,4,hypothesis_only,need_more_data,event_count_below_30
515220,515220,煤炭ETF,周期资源,trade_pool,commodity_resource,commodity_cycle,short_swing_buy_to_sell_proxy,1,1.0,0.110065851364064,0.16086547507055515,0.0,10,0.003067484662576687,,1,0,hypothesis_only,need_more_data,event_count_below_30
515220,515220,煤炭ETF,周期资源,trade_pool,commodity_resource,commodity_cycle,volume_heat_decay_proxy,25,0.38095238095238093,-0.0026152777890419724,0.004701686937350885,-0.11402027027027029,10,0.07668711656441718,1.4571747504441797,5,5,hypothesis_only,need_more_data,event_count_below_30
515220,515220,煤炭ETF,周期资源,trade_pool,commodity_resource,commodity_cycle,type_stop_loss_proxy,84,0.43243243243243246,0.004622827542258639,0.011016771742415391,-0.09756097560975596,10,0.25766871165644173,1.5482130668497323,23,4,sample_limited,risk_control_candidate_requires_backtest,
515230,515230,软件ETF,科技成长,trade_pool,theme,theme_beta,rank_score_decline_2d_proxy,69,0.4411764705882353,-0.01528704771075206,-0.014877131175932378,-0.20171673819742497,10,0.2116564417177914,0.6942151619423604,18,33,sample_limited,candidate_for_simulation_review,
515230,515230,软件ETF,科技成长,trade_pool,theme,theme_beta,rank_score_decline_3d_proxy,31,0.3870967741935484,-0.02259686737011026,-0.02760300419795462,-0.1842105263157895,10,0.0950920245398773,0.6343551580931903,8,18,hypothesis_only,candidate_for_simulation_review,
515230,515230,软件ETF,科技成长,trade_pool,theme,theme_beta,rank_score_below_70_proxy,200,0.4631578947368421,-0.002163169298344723,-0.003835983014456076,-0.17485029940119767,10,0.6134969325153374,1.0468519860632712,50,69,evidence_supported,candidate_for_simulation_review,
515230,515230,软件ETF,科技成长,trade_pool,theme,theme_beta,top_decile_drop_proxy,13,0.5384615384615384,0.0035866700911709568,0.00827578445683149,-0.17633674630261664,10,0.03987730061349693,1.013856874754831,6,5,hypothesis_only,need_more_data,event_count_below_30
515230,515230,软件ETF,科技成长,trade_pool,theme,theme_beta,short_swing_buy_to_watch_proxy,15,0.35714285714285715,-0.02667951339917304,-0.027959239921607797,-0.17050691244239635,10,0.046012269938650305,0.4740437530319821,1,8,hypothesis_only,need_more_data,event_count_below_30
515230,515230,软件ETF,科技成长,trade_pool,theme,theme_beta,short_swing_buy_to_sell_proxy,1,0.0,-0.03124999999999989,-0.04062499999999991,-0.06145833333333328,10,0.003067484662576687,,0,1,hypothesis_only,need_more_data,event_count_below_30
515230,515230,软件ETF,科技成长,trade_pool,theme,theme_beta,volume_heat_decay_proxy,22,0.5454545454545454,-0.008000179401933448,-0.014686778211507712,-0.1556372549019608,10,0.06748466257668712,0.5633231169176109,4,8,hypothesis_only,need_more_data,event_count_below_30
515230,515230,软件ETF,科技成长,trade_pool,theme,theme_beta,type_stop_loss_proxy,179,0.39644970414201186,-0.015483131942027273,-0.020767962211975667,-0.17485029940119767,10,0.549079754601227,0.686672728822634,32,74,sample_limited,candidate_for_simulation_review,
515260,515260,515260,expanded_formal_data,research_only,unknown,manual_review,rank_score_decline_2d_proxy,74,0.6197183098591549,0.02081630643955161,0.04475643700226846,-0.18541666666666656,10,0.22699386503067484,1.419258455850787,31,21,sample_limited,research_only_not_online,
515260,515260,515260,expanded_formal_data,research_only,unknown,manual_review,rank_score_decline_3d_proxy,32,0.6129032258064516,0.025831378158528207,0.04952657291894275,-0.1716101694915253,10,0.09815950920245399,1.9497373501742639,15,8,hypothesis_only,research_only_not_online,
515260,515260,515260,expanded_formal_data,research_only,unknown,manual_review,rank_score_below_70_proxy,160,0.5859872611464968,0.019155210462817582,0.02615704230013744,-0.17012448132780078,10,0.49079754601226994,1.478438634366154,58,41,sample_limited,research_only_not_online,
515260,515260,515260,expanded_formal_data,research_only,unknown,manual_review,top_decile_drop_proxy,14,0.8461538461538461,0.05791052961506952,0.13237663753355522,-0.09062821833161683,10,0.04294478527607362,1.2802889993152637,10,1,hypothesis_only,need_more_data,event_count_below_30
515260,515260,515260,expanded_formal_data,research_only,unknown,manual_review,short_swing_buy_to_watch_proxy,20,0.6,0.01279728221322926,0.055372470254544184,-0.11334289813486365,10,0.06134969325153374,1.2596517022935434,7,5,hypothesis_only,need_more_data,event_count_below_30
515260,515260,515260,expanded_formal_data,research_only,unknown,manual_review,short_swing_buy_to_sell_proxy,3,0.0,-0.052471540339296796,0.059157376847930265,-0.11894273127753319,10,0.009202453987730062,,0,1,hypothesis_only,need_more_data,event_count_below_30
515260,515260,515260,expanded_formal_data,research_only,unknown,manual_review,volume_heat_decay_proxy,20,0.8,0.04129560322782366,0.05165530571244149,-0.13111111111111107,10,0.06134969325153374,3.1320033086647436,11,2,hypothesis_only,need_more_data,event_count_below_30
515260,515260,515260,expanded_formal_data,research_only,unknown,manual_review,type_stop_loss_proxy,91,0.651685393258427,0.037452484113152405,0.0484089975473896,-0.13495575221238942,10,0.2791411042944785,1.8290422998001326,41,23,sample_limited,risk_control_candidate_requires_backtest,
515630,515630,515630,expanded_formal_data,research_only,unknown,manual_review,rank_score_decline_2d_proxy,83,0.5,0.0015400361205734389,0.0023566638679563927,-0.12109375,10,0.254601226993865,1.0850170862132618,21,21,sample_limited,research_only_not_online,
515630,515630,515630,expanded_formal_data,research_only,unknown,manual_review,rank_score_decline_3d_proxy,39,0.47368421052631576,0.0059904625400396365,0.0034410515950147294,-0.11843971631205663,10,0.1196319018404908,1.5378743871555434,11,8,hypothesis_only,research_only_not_online,
515630,515630,515630,expanded_formal_data,research_only,unknown,manual_review,rank_score_below_70_proxy,194,0.5412371134020618,0.0038402359376996874,0.0030807005139849254,-0.11843971631205663,10,0.5950920245398773,1.0706342560438413,50,41,sample_limited,research_only_not_online,
515630,515630,515630,expanded_formal_data,research_only,unknown,manual_review,top_decile_drop_proxy,11,0.6666666666666666,0.009901581655176541,0.023576546712229664,-0.09761721752498076,10,0.03374233128834356,0.9287151206496199,3,1,hypothesis_only,need_more_data,event_count_below_30
515630,515630,515630,expanded_formal_data,research_only,unknown,manual_review,short_swing_buy_to_watch_proxy,21,0.5789473684210527,0.0077733702468003015,0.0009316674365645748,-0.13328197226502314,10,0.06441717791411043,1.0421542726767894,5,4,hypothesis_only,need_more_data,event_count_below_30
515630,515630,515630,expanded_formal_data,research_only,unknown,manual_review,short_swing_buy_to_sell_proxy,1,0.0,-0.0378890392422192,-0.06224627875507449,-0.0690121786197565,10,0.003067484662576687,,0,1,hypothesis_only,need_more_data,event_count_below_30
515630,515630,515630,expanded_formal_data,research_only,unknown,manual_review,volume_heat_decay_proxy,27,0.5185185185185185,0.0028439184186379134,0.001875608776699985,-0.11843971631205663,10,0.08282208588957055,1.098132993854342,7,6,hypothesis_only,need_more_data,event_count_below_30
515630,515630,515630,expanded_formal_data,research_only,unknown,manual_review,type_stop_loss_proxy,83,0.5783132530120482,0.003284230023846251,0.009266805749634852,-0.10276967930029157,10,0.254601226993865,0.8999510938561421,19,20,sample_limited,risk_control_candidate_requires_backtest,
515650,515650,消费50ETF,消费医药,trade_pool,sector,sector_beta,rank_score_decline_2d_proxy,85,0.36904761904761907,-0.00718872411451837,-0.012800668777885466,-0.08699808795411101,10,0.2607361963190184,0.8380950212127986,8,10,sample_limited,candidate_for_simulation_review,
515650,515650,消费50ETF,消费医药,trade_pool,sector,sector_beta,rank_score_decline_3d_proxy,40,0.35,-0.007534318303472789,-0.014842332854472883,-0.0790742526518804,10,0.12269938650306748,0.8400282965646216,4,5,sample_limited,candidate_for_simulation_review,
515650,515650,消费50ETF,消费医药,trade_pool,sector,sector_beta,rank_score_below_70_proxy,238,0.4366812227074236,-0.005056592870229891,-0.009273606729926201,-0.09306742640075971,10,0.7300613496932515,0.7488300034971932,18,27,evidence_supported,candidate_for_simulation_review,
515650,515650,消费50ETF,消费医药,trade_pool,sector,sector_beta,top_decile_drop_proxy,7,0.5714285714285714,-0.001824028765221237,-0.012902997722678824,-0.0596137699412258,10,0.02147239263803681,0.5570922561099527,0,0,hypothesis_only,need_more_data,event_count_below_30
515650,515650,消费50ETF,消费医药,trade_pool,sector,sector_beta,short_swing_buy_to_watch_proxy,6,0.16666666666666666,-0.023777144538464374,-0.022811825257481138,-0.07113316790736146,10,0.018404907975460124,0.5887269229120778,0,1,hypothesis_only,need_more_data,event_count_below_30
515650,515650,消费50ETF,消费医药,trade_pool,sector,sector_beta,short_swing_buy_to_sell_proxy,1,0.0,-0.06837606837606824,-0.011111111111111072,-0.06837606837606824,10,0.003067484662576687,,0,1,hypothesis_only,need_more_data,event_count_below_30
515650,515650,消费50ETF,消费医药,trade_pool,sector,sector_beta,volume_heat_decay_proxy,24,0.16666666666666666,-0.013717063278066896,-0.01837167750027716,-0.05612722170252582,10,0.0736196319018405,0.7620431033259751,0,0,hypothesis_only,need_more_data,event_count_below_30
515650,515650,消费50ETF,消费医药,trade_pool,sector,sector_beta,type_stop_loss_proxy,25,0.3888888888888889,-0.011031152452362377,-0.029750218719600527,-0.09134157944814458,10,0.07668711656441718,0.7105653686511264,2,8,hypothesis_only,need_more_data,event_count_below_30
515700,515700,新能源车ETF,新能源制造,trade_pool,commodity_resource,commodity_cycle,rank_score_decline_2d_proxy,64,0.6349206349206349,0.020715599310346448,0.034295884295654236,-0.16752136752136748,10,0.19631901840490798,1.6079753868667261,25,15,sample_limited,research_only_not_online,
515700,515700,新能源车ETF,新能源制造,trade_pool,commodity_resource,commodity_cycle,rank_score_decline_3d_proxy,28,0.6071428571428571,0.023003927488479254,0.03562978461690155,-0.14012061014544164,10,0.08588957055214724,2.186281144517709,11,7,hypothesis_only,need_more_data,event_count_below_30
515700,515700,新能源车ETF,新能源制造,trade_pool,commodity_resource,commodity_cycle,rank_score_below_70_proxy,188,0.6404494382022472,0.013591134109415488,0.02876215704244755,-0.14012061014544164,10,0.5766871165644172,1.1339709352903256,73,43,sample_limited,research_only_not_online,
515700,515700,新能源车ETF,新能源制造,trade_pool,commodity_resource,commodity_cycle,top_decile_drop_proxy,12,0.3333333333333333,0.0049359387103780255,0.026588559143706697,-0.14012061014544164,10,0.03680981595092025,2.6968033145284687,3,1,hypothesis_only,need_more_data,event_count_below_30
515700,515700,新能源车ETF,新能源制造,trade_pool,commodity_resource,commodity_cycle,short_swing_buy_to_watch_proxy,26,0.5769230769230769,0.015253392100157017,0.02543044589201133,-0.15598885793871864,10,0.07975460122699386,1.5985091030503962,9,6,hypothesis_only,need_more_data,event_count_below_30
515700,515700,新能源车ETF,新能源制造,trade_pool,commodity_resource,commodity_cycle,short_swing_buy_to_sell_proxy,2,1.0,0.035364294844482336,0.06263314870046877,-0.018321261184490956,10,0.006134969325153374,,1,0,hypothesis_only,need_more_data,event_count_below_30
515700,515700,新能源车ETF,新能源制造,trade_pool,commodity_resource,commodity_cycle,volume_heat_decay_proxy,22,0.7619047619047619,0.028962763324511216,0.04161669715063823,-0.15598885793871864,10,0.06748466257668712,1.4572852611527953,8,3,hypothesis_only,need_more_data,event_count_below_30
515700,515700,新能源车ETF,新能源制造,trade_pool,commodity_resource,commodity_cycle,type_stop_loss_proxy,96,0.6956521739130435,0.013392817756459594,0.035874003774886046,-0.13345195729537362,10,0.294478527607362,0.8198764359202879,39,19,sample_limited,risk_control_candidate_requires_backtest,
515790,515790,光伏ETF,新能源制造,trade_pool,commodity_resource,commodity_cycle,rank_score_decline_2d_proxy,72,0.6086956521739131,0.009136015593436842,0.022367624175566418,-0.16990701606086223,10,0.22085889570552147,0.9723244552565103,22,20,sample_limited,research_only_not_online,
515790,515790,光伏ETF,新能源制造,trade_pool,commodity_resource,commodity_cycle,rank_score_decline_3d_proxy,29,0.6071428571428571,0.00013755018217856012,0.014255642168602133,-0.15860215053763438,10,0.08895705521472393,0.652303830526764,5,8,hypothesis_only,need_more_data,event_count_below_30
515790,515790,光伏ETF,新能源制造,trade_pool,commodity_resource,commodity_cycle,rank_score_below_70_proxy,196,0.6451612903225806,0.015268643310559396,0.029857452394829655,-0.16990701606086223,10,0.6012269938650306,1.0935973380512096,73,46,sample_limited,research_only_not_online,
515790,515790,光伏ETF,新能源制造,trade_pool,commodity_resource,commodity_cycle,top_decile_drop_proxy,15,0.6,0.02224890076308074,0.021417278767112517,-0.12499999999999989,10,0.046012269938650305,1.382353911381331,7,4,hypothesis_only,need_more_data,event_count_below_30
515790,515790,光伏ETF,新能源制造,trade_pool,commodity_resource,commodity_cycle,short_swing_buy_to_watch_proxy,20,0.7368421052631579,0.05005978657951685,0.07900496757386022,-0.12499999999999989,10,0.06134969325153374,7.372370963339542,11,1,hypothesis_only,need_more_data,event_count_below_30
515790,515790,光伏ETF,新能源制造,trade_pool,commodity_resource,commodity_cycle,short_swing_buy_to_sell_proxy,9,0.625,-0.0060176764642387165,-0.007424819120111739,-0.13480176211453743,10,0.027607361963190184,0.4647672021307931,3,4,hypothesis_only,need_more_data,event_count_below_30
515790,515790,光伏ETF,新能源制造,trade_pool,commodity_resource,commodity_cycle,volume_heat_decay_proxy,28,0.6296296296296297,0.0170548198194032,0.025192158625416083,-0.11291779584462514,10,0.08588957055214724,1.690532627410723,8,4,hypothesis_only,need_more_data,event_count_below_30
515790,515790,光伏ETF,新能源制造,trade_pool,commodity_resource,commodity_cycle,type_stop_loss_proxy,89,0.6219512195121951,0.009978337684559564,0.030531686855085997,-0.12569832402234637,10,0.27300613496932513,1.0687949076198202,19,13,sample_limited,risk_control_candidate_requires_backtest,
515880,515880,证券公司ETF,金融地产,trade_pool,high_beta,high_beta,rank_score_decline_2d_proxy,20,0.8823529411764706,0.05685299994243761,0.07154533282876019,-0.6784698071451154,10,0.16806722689075632,0.16390084796134902,14,2,hypothesis_only,need_more_data,event_count_below_30
515880,515880,证券公司ETF,金融地产,trade_pool,high_beta,high_beta,rank_score_decline_3d_proxy,6,1.0,0.1126866993650852,0.13017039870236066,-0.032350142721217945,10,0.05042016806722689,,6,0,hypothesis_only,need_more_data,event_count_below_30
515880,515880,证券公司ETF,金融地产,trade_pool,high_beta,high_beta,rank_score_below_70_proxy,43,0.75,0.0596742388242985,0.14076729478195263,-0.0824372759856632,10,0.36134453781512604,3.4540449305589127,20,5,sample_limited,research_only_not_online,
515880,515880,证券公司ETF,金融地产,trade_pool,high_beta,high_beta,top_decile_drop_proxy,5,1.0,0.07776404882189764,0.08137344393675403,-0.07728337236533955,10,0.04201680672268908,,4,1,hypothesis_only,need_more_data,event_count_below_30
515880,515880,证券公司ETF,金融地产,trade_pool,high_beta,high_beta,short_swing_buy_to_watch_proxy,9,0.5555555555555556,-0.014375289070595328,0.04300172555598741,-0.6781645569620254,10,0.07563025210084033,0.6594002955633613,4,2,hypothesis_only,need_more_data,event_count_below_30
515880,515880,证券公司ETF,金融地产,trade_pool,high_beta,high_beta,short_swing_buy_to_sell_proxy,4,0.6666666666666666,0.08160916487404202,0.14774276224850247,-0.05882352941176472,10,0.03361344537815126,10.01329693388828,2,0,hypothesis_only,need_more_data,event_count_below_30
515880,515880,证券公司ETF,金融地产,trade_pool,high_beta,high_beta,volume_heat_decay_proxy,1,,,,,10,0.008403361344537815,,0,0,hypothesis_only,need_more_data,event_count_below_30
515880,515880,证券公司ETF,金融地产,trade_pool,high_beta,high_beta,type_stop_loss_proxy,38,0.7272727272727273,0.05294732658975447,0.08154014372280385,-0.0824372759856632,10,0.31932773109243695,3.450223406701683,17,5,hypothesis_only,risk_control_candidate_requires_backtest,
516020,516020,化工ETF,周期、资源、商品,trade_pool,commodity_resource,commodity_cycle,rank_score_decline_2d_proxy,62,0.6451612903225806,0.013393075349203474,0.0241906003632787,-0.14307931570762045,10,0.1901840490797546,1.0854395584717214,26,20,sample_limited,research_only_not_online,
516020,516020,化工ETF,周期、资源、商品,trade_pool,commodity_resource,commodity_cycle,rank_score_decline_3d_proxy,25,0.68,0.008433367244607975,0.024330319605803837,-0.14256619144602856,10,0.07668711656441718,0.6928776693612155,11,7,hypothesis_only,need_more_data,event_count_below_30
516020,516020,化工ETF,周期、资源、商品,trade_pool,commodity_resource,commodity_cycle,rank_score_below_70_proxy,176,0.7108433734939759,0.01887718805999364,0.027979374999716106,-0.14559386973180077,10,0.5398773006134969,0.9894225707820853,70,39,sample_limited,research_only_not_online,
516020,516020,化工ETF,周期、资源、商品,trade_pool,commodity_resource,commodity_cycle,top_decile_drop_proxy,15,0.5333333333333333,0.021029198388368423,0.04306084114810844,-0.08020304568527914,10,0.046012269938650305,3.5877260863517666,7,3,hypothesis_only,need_more_data,event_count_below_30
516020,516020,化工ETF,周期、资源、商品,trade_pool,commodity_resource,commodity_cycle,short_swing_buy_to_watch_proxy,19,0.5,0.009996944506806764,0.002684342408523462,-0.12964824120603013,10,0.05828220858895705,1.7137797050488144,6,7,hypothesis_only,need_more_data,event_count_below_30
516020,516020,化工ETF,周期、资源、商品,trade_pool,commodity_resource,commodity_cycle,short_swing_buy_to_sell_proxy,1,0.0,-0.005312084993359889,0.0863213811420982,-0.03585657370517936,10,0.003067484662576687,,0,0,hypothesis_only,need_more_data,event_count_below_30
516020,516020,化工ETF,周期、资源、商品,trade_pool,commodity_resource,commodity_cycle,volume_heat_decay_proxy,15,0.9333333333333333,0.03965439486148768,0.05164059228295574,-0.07564766839378234,10,0.046012269938650305,2.167446585535776,10,1,hypothesis_only,need_more_data,event_count_below_30
516020,516020,化工ETF,周期、资源、商品,trade_pool,commodity_resource,commodity_cycle,type_stop_loss_proxy,74,0.7837837837837838,0.023999974752615612,0.054101092506241656,-0.11740041928721179,10,0.22699386503067484,0.978773155601528,36,12,sample_limited,risk_control_candidate_requires_backtest,
516080,516080,易方达创新药ETF,医药与消费升级,trade_pool,theme,theme_beta,rank_score_decline_2d_proxy,75,0.5066666666666667,0.007937066059242255,0.02110150293185837,-0.12187499999999996,10,0.23006134969325154,1.4444039982018202,25,18,sample_limited,research_only_not_online,
516080,516080,易方达创新药ETF,医药与消费升级,trade_pool,theme,theme_beta,rank_score_decline_3d_proxy,31,0.5806451612903226,0.016208254941374515,0.04358689501882027,-0.11496062992125977,10,0.0950920245398773,1.780731450364042,12,3,hypothesis_only,research_only_not_online,
516080,516080,易方达创新药ETF,医药与消费升级,trade_pool,theme,theme_beta,rank_score_below_70_proxy,204,0.45544554455445546,0.003648376718201443,0.004891407617758964,-0.16369047619047616,10,0.6257668711656442,1.3936789643472496,55,70,evidence_supported,research_only_not_online,
516080,516080,易方达创新药ETF,医药与消费升级,trade_pool,theme,theme_beta,top_decile_drop_proxy,10,0.6,0.014999994464553435,0.029096225651535267,-0.07969924812030083,10,0.03067484662576687,1.8825692371795206,3,2,hypothesis_only,need_more_data,event_count_below_30
516080,516080,易方达创新药ETF,医药与消费升级,trade_pool,theme,theme_beta,short_swing_buy_to_watch_proxy,15,0.42857142857142855,0.00946286776829493,0.016359534433290523,-0.1163084702907713,10,0.046012269938650305,1.7971572257972481,5,5,hypothesis_only,need_more_data,event_count_below_30
516080,516080,易方达创新药ETF,医药与消费升级,trade_pool,theme,theme_beta,short_swing_buy_to_sell_proxy,1,0.0,-0.03743315508021394,-0.0017825311942959443,-0.04634581105169344,10,0.003067484662576687,,0,0,hypothesis_only,need_more_data,event_count_below_30
516080,516080,易方达创新药ETF,医药与消费升级,trade_pool,theme,theme_beta,volume_heat_decay_proxy,20,0.45,0.006703525448838061,-0.0063697600080071,-0.1057401812688823,10,0.06134969325153374,1.86997114051604,4,6,hypothesis_only,need_more_data,event_count_below_30
516080,516080,易方达创新药ETF,医药与消费升级,trade_pool,theme,theme_beta,type_stop_loss_proxy,110,0.509090909090909,0.006823409834118252,0.015286828200917606,-0.12187499999999996,10,0.3374233128834356,1.2960318430048314,27,32,sample_limited,risk_control_candidate_requires_backtest,
516110,516110,汽车ETF,消费医药,trade_pool,sector,sector_beta,rank_score_decline_2d_proxy,83,0.425,-0.005055231813705323,-0.00931537046645271,-0.1457006369426752,10,0.254601226993865,0.9337439989828146,12,29,sample_limited,candidate_for_simulation_review,
516110,516110,汽车ETF,消费医药,trade_pool,sector,sector_beta,rank_score_decline_3d_proxy,46,0.4318181818181818,-0.007631873291974244,-0.0110665817497006,-0.1318770226537217,10,0.1411042944785276,0.7457918299754478,6,17,sample_limited,candidate_for_simulation_review,
516110,516110,汽车ETF,消费医药,trade_pool,sector,sector_beta,rank_score_below_70_proxy,201,0.44502617801047123,-0.007864426499096624,-0.009792885486947029,-0.1486590038314176,10,0.6165644171779141,0.7040556711213243,26,50,evidence_supported,candidate_for_simulation_review,
516110,516110,汽车ETF,消费医药,trade_pool,sector,sector_beta,top_decile_drop_proxy,8,0.5,0.015169325579378529,-0.00011159655323789153,-0.09166040570999245,10,0.024539877300613498,2.180186993705804,4,2,hypothesis_only,need_more_data,event_count_below_30
516110,516110,汽车ETF,消费医药,trade_pool,sector,sector_beta,short_swing_buy_to_watch_proxy,13,0.38461538461538464,0.002467136093722545,-0.009628942211251913,-0.0976933514246946,10,0.03987730061349693,1.8858887568167912,4,4,hypothesis_only,need_more_data,event_count_below_30
516110,516110,汽车ETF,消费医药,trade_pool,sector,sector_beta,short_swing_buy_to_sell_proxy,1,0.0,-0.11526717557251909,-0.05038167938931304,-0.11526717557251909,10,0.003067484662576687,,0,1,hypothesis_only,need_more_data,event_count_below_30
516110,516110,汽车ETF,消费医药,trade_pool,sector,sector_beta,volume_heat_decay_proxy,20,0.42105263157894735,-0.0010807717121180847,0.0037008927685092206,-0.12408163265306138,10,0.06134969325153374,1.2812146566713882,4,7,hypothesis_only,need_more_data,event_count_below_30
516110,516110,汽车ETF,消费医药,trade_pool,sector,sector_beta,type_stop_loss_proxy,76,0.582089552238806,-0.002233446330222094,0.008720803307649728,-0.1457006369426752,10,0.2331288343558282,0.6282515658806823,13,10,sample_limited,candidate_for_simulation_review,
516160,516160,新能源ETF,新能源制造,trade_pool,commodity_resource,commodity_cycle,rank_score_decline_2d_proxy,65,0.5901639344262295,0.013048419923586869,0.024878952289214044,-0.15964125560538123,10,0.19938650306748465,1.3328274434564213,21,16,sample_limited,research_only_not_online,
516160,516160,新能源ETF,新能源制造,trade_pool,commodity_resource,commodity_cycle,rank_score_decline_3d_proxy,34,0.5,0.010467133650717678,0.012807467240238402,-0.1553485576923077,10,0.10429447852760736,1.7557044786199627,10,10,hypothesis_only,research_only_not_online,
516160,516160,新能源ETF,新能源制造,trade_pool,commodity_resource,commodity_cycle,rank_score_below_70_proxy,198,0.675531914893617,0.018322554934688085,0.0357131450078204,-0.12999071494893222,10,0.6073619631901841,1.197263472262082,82,40,sample_limited,research_only_not_online,
516160,516160,新能源ETF,新能源制造,trade_pool,commodity_resource,commodity_cycle,top_decile_drop_proxy,9,0.4444444444444444,0.013786823385067747,0.031799037970147874,-0.1553485576923077,10,0.027607361963190184,2.7228466460955922,3,1,hypothesis_only,need_more_data,event_count_below_30
516160,516160,新能源ETF,新能源制造,trade_pool,commodity_resource,commodity_cycle,short_swing_buy_to_watch_proxy,25,0.7083333333333334,0.0365644729366276,0.0515236220981539,-0.15964125560538123,10,0.07668711656441718,3.6467247804850094,15,3,hypothesis_only,need_more_data,event_count_below_30
516160,516160,新能源ETF,新能源制造,trade_pool,commodity_resource,commodity_cycle,short_swing_buy_to_sell_proxy,3,0.3333333333333333,-0.027361169568855332,0.020746975529429872,-0.08344030808729153,10,0.009202453987730062,0.28342936487892906,0,2,hypothesis_only,need_more_data,event_count_below_30
516160,516160,新能源ETF,新能源制造,trade_pool,commodity_resource,commodity_cycle,volume_heat_decay_proxy,24,0.6956521739130435,0.02630534537829381,0.03497736950353284,-0.15964125560538123,10,0.0736196319018405,2.008593087809534,10,4,hypothesis_only,need_more_data,event_count_below_30
516160,516160,新能源ETF,新能源制造,trade_pool,commodity_resource,commodity_cycle,type_stop_loss_proxy,81,0.7162162162162162,0.02456265872005602,0.0487104586900583,-0.11603773584905663,10,0.24846625766871167,1.279378708239573,37,10,sample_limited,risk_control_candidate_requires_backtest,
516360,516360,516360,expanded_formal_data,research_only,unknown,manual_review,rank_score_decline_2d_proxy,74,0.6805555555555556,0.02164141766779635,0.04620959743771224,-0.10169491525423735,10,0.22699386503067484,1.9604165601053494,31,15,sample_limited,research_only_not_online,
516360,516360,516360,expanded_formal_data,research_only,unknown,manual_review,rank_score_decline_3d_proxy,37,0.6666666666666666,0.014451565402273905,0.03684138842226528,-0.09659090909090917,10,0.11349693251533742,1.5970645438594644,12,8,hypothesis_only,research_only_not_online,
516360,516360,516360,expanded_formal_data,research_only,unknown,manual_review,rank_score_below_70_proxy,174,0.6783625730994152,0.02591837174340243,0.04528585583448175,-0.1084112149532711,10,0.5337423312883436,1.9038628863225953,83,37,sample_limited,research_only_not_online,
516360,516360,516360,expanded_formal_data,research_only,unknown,manual_review,top_decile_drop_proxy,17,0.7333333333333333,0.041622894371029145,0.05741788938129748,-0.07022222222222219,10,0.05214723926380368,3.3951279158409697,10,2,hypothesis_only,need_more_data,event_count_below_30
516360,516360,516360,expanded_formal_data,research_only,unknown,manual_review,short_swing_buy_to_watch_proxy,24,0.5833333333333334,0.018850774787775564,0.04559702855770018,-0.10169491525423735,10,0.0736196319018405,1.8968374826638168,13,4,hypothesis_only,need_more_data,event_count_below_30
516360,516360,516360,expanded_formal_data,research_only,unknown,manual_review,short_swing_buy_to_sell_proxy,4,0.3333333333333333,0.0013205838084557147,0.050725891086880304,-0.07022222222222219,10,0.012269938650306749,2.837485089549595,0,2,hypothesis_only,need_more_data,event_count_below_30
516360,516360,516360,expanded_formal_data,research_only,unknown,manual_review,volume_heat_decay_proxy,23,0.9130434782608695,0.04580805176154597,0.06377005676094108,-0.06188340807174886,10,0.0705521472392638,23.09719011526705,17,1,hypothesis_only,need_more_data,event_count_below_30
516360,516360,516360,expanded_formal_data,research_only,unknown,manual_review,type_stop_loss_proxy,52,0.9019607843137255,0.034936624265689074,0.06023690463976333,-0.04083885209713023,10,0.15950920245398773,2.4713148203837916,28,0,sample_limited,risk_control_candidate_requires_backtest,
516390,516390,新能源汽车ETF,新能源制造,trade_pool,commodity_resource,commodity_cycle,rank_score_decline_2d_proxy,64,0.6031746031746031,0.016491954464250315,0.027123447469841418,-0.16363636363636358,10,0.19631901840490798,1.4488271364387504,24,16,sample_limited,research_only_not_online,
516390,516390,新能源汽车ETF,新能源制造,trade_pool,commodity_resource,commodity_cycle,rank_score_decline_3d_proxy,26,0.5384615384615384,0.011513103325003335,0.01654991410386488,-0.14210526315789473,10,0.07975460122699386,1.4620410426911883,9,7,hypothesis_only,need_more_data,event_count_below_30
516390,516390,新能源汽车ETF,新能源制造,trade_pool,commodity_resource,commodity_cycle,rank_score_below_70_proxy,191,0.6408839779005525,0.014184635098550972,0.029594061994823524,-0.14210526315789473,10,0.5858895705521472,1.1563082497849995,74,44,sample_limited,research_only_not_online,
516390,516390,新能源汽车ETF,新能源制造,trade_pool,commodity_resource,commodity_cycle,top_decile_drop_proxy,12,0.5,0.008075623156921499,0.03284899811207009,-0.14210526315789473,10,0.03680981595092025,1.4377142739878264,3,2,hypothesis_only,need_more_data,event_count_below_30
516390,516390,新能源汽车ETF,新能源制造,trade_pool,commodity_resource,commodity_cycle,short_swing_buy_to_watch_proxy,25,0.56,0.014314368933928154,0.02728821203183727,-0.15689655172413786,10,0.07668711656441718,1.6161776797277554,8,6,hypothesis_only,need_more_data,event_count_below_30
516390,516390,新能源汽车ETF,新能源制造,trade_pool,commodity_resource,commodity_cycle,short_swing_buy_to_sell_proxy,2,1.0,0.030271398747390377,0.05845511482254695,-0.022964509394571953,10,0.006134969325153374,,1,0,hypothesis_only,need_more_data,event_count_below_30
516390,516390,新能源汽车ETF,新能源制造,trade_pool,commodity_resource,commodity_cycle,volume_heat_decay_proxy,25,0.56,0.011530964384004125,0.017402027985358632,-0.15689655172413786,10,0.07668711656441718,1.2767285633682481,8,7,hypothesis_only,need_more_data,event_count_below_30
516390,516390,新能源汽车ETF,新能源制造,trade_pool,commodity_resource,commodity_cycle,type_stop_loss_proxy,99,0.6736842105263158,0.011782407999705482,0.03343283748869046,-0.1308139534883721,10,0.30368098159509205,0.8513016715832896,39,20,sample_limited,risk_control_candidate_requires_backtest,
516510,516510,云计算ETF,科技成长,trade_pool,theme,theme_beta,rank_score_decline_2d_proxy,80,0.5443037974683544,0.012579294413441392,0.02707792530667333,-0.22424242424242424,10,0.24539877300613497,1.3095771887922663,33,36,sample_limited,research_only_not_online,
516510,516510,云计算ETF,科技成长,trade_pool,theme,theme_beta,rank_score_decline_3d_proxy,39,0.5384615384615384,0.011448648597516526,0.031417018329238315,-0.2062015503875969,10,0.1196319018404908,1.3398764386344888,17,15,hypothesis_only,research_only_not_online,
516510,516510,云计算ETF,科技成长,trade_pool,theme,theme_beta,rank_score_below_70_proxy,195,0.5945945945945946,0.014229058100279978,0.027013941452421954,-0.15576323987538943,10,0.598159509202454,1.1993955784059642,77,64,sample_limited,research_only_not_online,
516510,516510,云计算ETF,科技成长,trade_pool,theme,theme_beta,top_decile_drop_proxy,13,0.6923076923076923,0.03815933798629054,0.06468954238658414,-0.14824515453116827,10,0.03987730061349693,2.854823923820168,6,3,hypothesis_only,need_more_data,event_count_below_30
516510,516510,云计算ETF,科技成长,trade_pool,theme,theme_beta,short_swing_buy_to_watch_proxy,16,0.7333333333333333,0.011878179189529003,0.07081941816460254,-0.11037527593818985,10,0.049079754601226995,0.6095235936757487,5,4,hypothesis_only,need_more_data,event_count_below_30
516510,516510,云计算ETF,科技成长,trade_pool,theme,theme_beta,short_swing_buy_to_sell_proxy,1,1.0,0.00489662676822622,-0.09630032644178455,-0.1099020674646356,10,0.003067484662576687,,0,1,hypothesis_only,need_more_data,event_count_below_30
516510,516510,云计算ETF,科技成长,trade_pool,theme,theme_beta,volume_heat_decay_proxy,38,0.6842105263157895,0.03622344817841438,0.06965710763710589,-0.11876075731497415,10,0.1165644171779141,1.859939600359725,21,12,hypothesis_only,research_only_not_online,
516510,516510,云计算ETF,科技成长,trade_pool,theme,theme_beta,type_stop_loss_proxy,127,0.6229508196721312,0.012675784958059827,0.017122537761073496,-0.1329381879762913,10,0.3895705521472393,1.0351265084565058,53,43,sample_limited,risk_control_candidate_requires_backtest,
516720,516720,516720,expanded_formal_data,research_only,unknown,manual_review,rank_score_decline_2d_proxy,69,0.6911764705882353,0.01251709554206563,0.025906872613959808,-0.08680947012401352,10,0.2116564417177914,1.5329014071017353,18,4,sample_limited,research_only_not_online,
516720,516720,516720,expanded_formal_data,research_only,unknown,manual_review,rank_score_decline_3d_proxy,27,0.7407407407407407,0.014585585765754219,0.03135758562747532,-0.05376344086021512,10,0.08282208588957055,1.9014820910652752,7,0,hypothesis_only,need_more_data,event_count_below_30
516720,516720,516720,expanded_formal_data,research_only,unknown,manual_review,rank_score_below_70_proxy,187,0.6797752808988764,0.013066851987631833,0.02386808273856142,-0.06382978723404242,10,0.5736196319018405,1.8502443450131851,48,2,sample_limited,research_only_not_online,
516720,516720,516720,expanded_formal_data,research_only,unknown,manual_review,top_decile_drop_proxy,15,0.8571428571428571,0.019090552776850424,0.032777689163764535,-0.045330915684496875,10,0.046012269938650305,1.8813163039530583,6,0,hypothesis_only,need_more_data,event_count_below_30
516720,516720,516720,expanded_formal_data,research_only,unknown,manual_review,short_swing_buy_to_watch_proxy,13,0.6666666666666666,0.008061075943631174,0.009656317098381278,-0.045330915684496875,10,0.03987730061349693,1.9707905420829241,2,0,hypothesis_only,need_more_data,event_count_below_30
516720,516720,516720,expanded_formal_data,research_only,unknown,manual_review,short_swing_buy_to_sell_proxy,1,1.0,0.03184079601990053,0.0626865671641792,0.0,10,0.003067484662576687,,1,0,hypothesis_only,need_more_data,event_count_below_30
516720,516720,516720,expanded_formal_data,research_only,unknown,manual_review,volume_heat_decay_proxy,20,0.6,0.0035598458533682375,0.011793465071493153,-0.07322654462242562,10,0.06134969325153374,1.0288726201453242,2,1,hypothesis_only,need_more_data,event_count_below_30
516720,516720,516720,expanded_formal_data,research_only,unknown,manual_review,type_stop_loss_proxy,5,1.0,0.03408309967669787,0.07240137003597602,0.0,10,0.015337423312883436,,3,0,hypothesis_only,need_more_data,event_count_below_30
516750,516750,516750,expanded_formal_data,research_only,unknown,manual_review,rank_score_decline_2d_proxy,80,0.45569620253164556,-0.005915040188841306,-0.010453065625271651,-0.154320987654321,10,0.24539877300613497,0.819491248444473,14,25,sample_limited,candidate_for_simulation_review,
516750,516750,516750,expanded_formal_data,research_only,unknown,manual_review,rank_score_decline_3d_proxy,32,0.375,-0.01608273628256727,-0.022367649412493234,-0.1394472361809045,10,0.09815950920245399,0.5918797294855934,4,14,hypothesis_only,candidate_for_simulation_review,
516750,516750,516750,expanded_formal_data,research_only,unknown,manual_review,rank_score_below_70_proxy,210,0.42,-0.007028301345214809,-0.004003969872365843,-0.154320987654321,10,0.6441717791411042,0.7903219240351722,25,35,evidence_supported,candidate_for_simulation_review,
516750,516750,516750,expanded_formal_data,research_only,unknown,manual_review,top_decile_drop_proxy,7,0.5714285714285714,0.009603169007330445,-0.006138294407024736,-0.12960609911054632,10,0.02147239263803681,2.1008877341986927,2,1,hypothesis_only,need_more_data,event_count_below_30
516750,516750,516750,expanded_formal_data,research_only,unknown,manual_review,short_swing_buy_to_watch_proxy,15,0.4,0.0092348337800493,0.0007003160797692439,-0.13278008298755184,10,0.046012269938650305,2.506527530294614,5,2,hypothesis_only,need_more_data,event_count_below_30
516750,516750,516750,expanded_formal_data,research_only,unknown,manual_review,short_swing_buy_to_sell_proxy,1,0.0,-0.045454545454545525,-0.09343434343434354,-0.13510101010101006,10,0.003067484662576687,,0,1,hypothesis_only,need_more_data,event_count_below_30
516750,516750,516750,expanded_formal_data,research_only,unknown,manual_review,volume_heat_decay_proxy,31,0.45161290322580644,-0.0057656933335869754,-0.02359939883660101,-0.1394472361809045,10,0.0950920245398773,0.839927872350596,5,11,hypothesis_only,candidate_for_simulation_review,
516750,516750,516750,expanded_formal_data,research_only,unknown,manual_review,type_stop_loss_proxy,75,0.3384615384615385,-0.017273576469580474,-0.024120664795853928,-0.11953727506426726,10,0.23006134969325154,0.5560660475268915,5,21,sample_limited,candidate_for_simulation_review,
516780,516780,稀土ETF,周期资源,trade_pool,commodity_resource,commodity_cycle,rank_score_decline_2d_proxy,62,0.639344262295082,-0.010122722874192957,0.0023681829168084364,-0.5648015303682449,10,0.1901840490797546,0.4382808449861179,29,21,sample_limited,candidate_for_simulation_review,
516780,516780,稀土ETF,周期资源,trade_pool,commodity_resource,commodity_cycle,rank_score_decline_3d_proxy,25,0.72,-0.02669341527148582,0.015689677810040888,-0.5508390918065152,10,0.07668711656441718,0.23475821387108292,14,7,hypothesis_only,need_more_data,event_count_below_30
516780,516780,稀土ETF,周期资源,trade_pool,commodity_resource,commodity_cycle,rank_score_below_70_proxy,184,0.6494252873563219,0.008261830789915181,0.00961562589045412,-0.5420231504781077,10,0.5644171779141104,0.6564521284086126,86,44,sample_limited,research_only_not_online,
516780,516780,稀土ETF,周期资源,trade_pool,commodity_resource,commodity_cycle,top_decile_drop_proxy,15,0.7333333333333333,0.01901332619616205,0.06777630011520488,-0.5648015303682449,10,0.046012269938650305,0.4123988065210702,6,2,hypothesis_only,need_more_data,event_count_below_30
516780,516780,稀土ETF,周期资源,trade_pool,commodity_resource,commodity_cycle,short_swing_buy_to_watch_proxy,20,0.631578947368421,0.010740097933261958,0.028162820239888964,-0.5508390918065152,10,0.06134969325153374,0.7439302380416153,10,5,hypothesis_only,need_more_data,event_count_below_30
516780,516780,稀土ETF,周期资源,trade_pool,commodity_resource,commodity_cycle,short_swing_buy_to_sell_proxy,4,1.0,0.0625496268162013,-0.04825819345214292,-0.48598625066102596,10,0.012269938650306749,,3,1,hypothesis_only,need_more_data,event_count_below_30
516780,516780,稀土ETF,周期资源,trade_pool,commodity_resource,commodity_cycle,volume_heat_decay_proxy,21,0.7142857142857143,0.054892996335032904,0.06678234208436302,-0.08863636363636362,10,0.06441717791411043,2.956844901195022,12,5,hypothesis_only,need_more_data,event_count_below_30
516780,516780,稀土ETF,周期资源,trade_pool,commodity_resource,commodity_cycle,type_stop_loss_proxy,119,0.5803571428571429,-0.005698381880603555,0.0075786559267031,-0.532133676092545,10,0.36503067484662577,0.6086045088401401,46,28,sample_limited,candidate_for_simulation_review,
516800,516800,智能制造ETF,新能源制造,trade_pool,commodity_resource,commodity_cycle,rank_score_decline_2d_proxy,77,0.581081081081081,0.014670427996500262,0.0315468943698868,-0.18571428571428572,10,0.2361963190184049,1.3643781618926436,28,22,sample_limited,research_only_not_online,
516800,516800,智能制造ETF,新能源制造,trade_pool,commodity_resource,commodity_cycle,rank_score_decline_3d_proxy,40,0.5641025641025641,0.01575916168775668,0.02758057441789354,-0.16039279869067102,10,0.12269938650306748,1.5145683992683063,15,10,sample_limited,research_only_not_online,
516800,516800,智能制造ETF,新能源制造,trade_pool,commodity_resource,commodity_cycle,rank_score_below_70_proxy,170,0.6,0.020205887184496948,0.029000020015348342,-0.13912009512485135,10,0.5214723926380368,1.5741070765954808,66,40,sample_limited,research_only_not_online,
516800,516800,智能制造ETF,新能源制造,trade_pool,commodity_resource,commodity_cycle,top_decile_drop_proxy,14,0.8461538461538461,0.06591838751994593,0.13634161899459374,-0.0544815465729348,10,0.04294478527607362,1.8410240012316943,10,0,hypothesis_only,need_more_data,event_count_below_30
516800,516800,智能制造ETF,新能源制造,trade_pool,commodity_resource,commodity_cycle,short_swing_buy_to_watch_proxy,21,0.6190476190476191,0.02472737158698096,0.06124514263525366,-0.1283783783783784,10,0.06441717791411043,1.4537014813701221,11,6,hypothesis_only,need_more_data,event_count_below_30
516800,516800,智能制造ETF,新能源制造,trade_pool,commodity_resource,commodity_cycle,short_swing_buy_to_sell_proxy,4,0.0,-0.030929662835033733,0.02684161178406704,-0.10062111801242246,10,0.012269938650306749,,0,2,hypothesis_only,need_more_data,event_count_below_30
516800,516800,智能制造ETF,新能源制造,trade_pool,commodity_resource,commodity_cycle,volume_heat_decay_proxy,28,0.5555555555555556,0.004019192919204849,0.01328797898694338,-0.11855670103092775,10,0.08588957055214724,0.9952410895548727,7,7,hypothesis_only,need_more_data,event_count_below_30
516800,516800,智能制造ETF,新能源制造,trade_pool,commodity_resource,commodity_cycle,type_stop_loss_proxy,80,0.6538461538461539,0.03089185242120798,0.045166735910161876,-0.1215753424657533,10,0.24539877300613497,1.7571187750457533,36,17,sample_limited,risk_control_candidate_requires_backtest,
518880,518880,黄金ETF,防御风格,trade_pool,commodity_resource,commodity_cycle,rank_score_decline_2d_proxy,65,0.5714285714285714,0.006173459814336802,0.017480664340791374,-0.18570127504553735,10,0.19938650306748465,1.048014168031484,17,17,sample_limited,research_only_not_online,
518880,518880,黄金ETF,防御风格,trade_pool,commodity_resource,commodity_cycle,rank_score_decline_3d_proxy,25,0.5,0.003111824692084685,0.0018142354697341472,-0.18451295147756286,10,0.07668711656441718,1.1865321316489676,6,10,hypothesis_only,need_more_data,event_count_below_30
518880,518880,黄金ETF,防御风格,trade_pool,commodity_resource,commodity_cycle,rank_score_below_70_proxy,220,0.4857142857142857,-0.0021165733475355464,-0.0012953072800700315,-0.21686958045020577,10,0.6748466257668712,0.9152206882690862,43,53,evidence_supported,candidate_for_simulation_review,
518880,518880,黄金ETF,防御风格,trade_pool,commodity_resource,commodity_cycle,top_decile_drop_proxy,6,0.5,0.034286583384865045,0.02526650549910664,-0.06367453018792468,10,0.018404907975460124,4.112368643194676,2,1,hypothesis_only,need_more_data,event_count_below_30
518880,518880,黄金ETF,防御风格,trade_pool,commodity_resource,commodity_cycle,short_swing_buy_to_watch_proxy,13,0.8333333333333334,0.0406606810082012,0.0735101836783373,-0.20587974065192283,10,0.03987730061349693,1.8843028091369798,5,1,hypothesis_only,need_more_data,event_count_below_30
518880,518880,黄金ETF,防御风格,trade_pool,commodity_resource,commodity_cycle,short_swing_buy_to_sell_proxy,4,0.75,0.054085433001925864,0.060326197452817115,-0.055378529831886736,10,0.012269938650306749,1.9948743485249798,3,0,hypothesis_only,need_more_data,event_count_below_30
518880,518880,黄金ETF,防御风格,trade_pool,commodity_resource,commodity_cycle,volume_heat_decay_proxy,20,0.6842105263157895,-0.002905455313579336,-0.005382236865489624,-0.1825745108795026,10,0.06134969325153374,0.3922139555577942,5,5,hypothesis_only,need_more_data,event_count_below_30
518880,518880,黄金ETF,防御风格,trade_pool,commodity_resource,commodity_cycle,type_stop_loss_proxy,82,0.6111111111111112,0.005068407544772617,-0.005439058813331071,-0.18570127504553735,10,0.25153374233128833,0.8698147472638383,19,17,sample_limited,risk_control_candidate_requires_backtest,
520550,520550,港股红利低波ETF,防御、红利、质量,observe_pool,qdii,cross_border,rank_score_decline_2d_proxy,93,0.3977272727272727,-0.008253585473572066,-0.010094982385200369,-0.13258232235701906,10,0.2852760736196319,0.7968102206995464,14,18,sample_limited,candidate_for_simulation_review,
520550,520550,港股红利低波ETF,防御、红利、质量,observe_pool,qdii,cross_border,rank_score_decline_3d_proxy,51,0.2765957446808511,-0.01574578005749297,-0.021355372497785474,-0.09685863874345546,10,0.15644171779141106,0.7785691641017716,6,12,sample_limited,candidate_for_simulation_review,
520550,520550,港股红利低波ETF,防御、红利、质量,observe_pool,qdii,cross_border,rank_score_below_70_proxy,225,0.5023255813953489,-0.0010874245876523435,0.002125382436218939,-0.13781223083548677,10,0.6901840490797546,0.8821448271615308,42,14,evidence_supported,candidate_for_simulation_review,
520550,520550,港股红利低波ETF,防御、红利、质量,observe_pool,qdii,cross_border,top_decile_drop_proxy,9,0.5555555555555556,0.007111899248245821,0.005577044401655369,-0.05915267785771372,10,0.027607361963190184,2.1397317790900594,1,0,hypothesis_only,need_more_data,event_count_below_30
520550,520550,港股红利低波ETF,防御、红利、质量,observe_pool,qdii,cross_border,short_swing_buy_to_watch_proxy,10,0.6,0.00368676794323588,0.020623026528254783,-0.05480540111199361,10,0.03067484662576687,1.0074656855558644,1,0,hypothesis_only,need_more_data,event_count_below_30
520550,520550,港股红利低波ETF,防御、红利、质量,observe_pool,qdii,cross_border,short_swing_buy_to_sell_proxy,0,,,,,10,0.0,,0,0,hypothesis_only,need_more_data,event_count_below_30
520550,520550,港股红利低波ETF,防御、红利、质量,observe_pool,qdii,cross_border,volume_heat_decay_proxy,26,0.23076923076923078,-0.020773866399359183,-0.011267794324738383,-0.13258232235701906,10,0.07975460122699386,0.4415086872983605,0,4,hypothesis_only,need_more_data,event_count_below_30
520550,520550,港股红利低波ETF,防御、红利、质量,observe_pool,qdii,cross_border,type_stop_loss_proxy,16,0.8333333333333334,0.030138073323421517,0.08872366024703959,0.0,10,0.049079754601226995,1.0114676242331244,5,0,hypothesis_only,need_more_data,event_count_below_30
560510,560510,泰康中证A500ETF,新宽基与新风格,observe_pool,broad_index,core_beta,rank_score_decline_2d_proxy,66,0.6461538461538462,0.010081550769690665,0.022070914112044017,-0.09691160809371668,10,0.20245398773006135,1.235400459967225,16,9,sample_limited,research_only_not_online,
560510,560510,泰康中证A500ETF,新宽基与新风格,observe_pool,broad_index,core_beta,rank_score_decline_3d_proxy,24,0.7916666666666666,0.014451456638242988,0.034748829150878915,-0.08522114347357068,10,0.0736196319018405,0.990491147593478,7,2,hypothesis_only,need_more_data,event_count_below_30
560510,560510,泰康中证A500ETF,新宽基与新风格,observe_pool,broad_index,core_beta,rank_score_below_70_proxy,183,0.6206896551724138,0.010468429345027435,0.02326010745698492,-0.0808407437348424,10,0.5613496932515337,1.4108327558158966,48,14,sample_limited,research_only_not_online,
560510,560510,泰康中证A500ETF,新宽基与新风格,observe_pool,broad_index,core_beta,top_decile_drop_proxy,15,0.8,0.021526266166322642,0.032064286299607524,-0.052180685358255374,10,0.046012269938650305,4.289793881229493,4,0,hypothesis_only,need_more_data,event_count_below_30
560510,560510,泰康中证A500ETF,新宽基与新风格,observe_pool,broad_index,core_beta,short_swing_buy_to_watch_proxy,17,0.5625,0.015268499943294565,0.022262008024632317,-0.05584192439862534,10,0.05214723926380368,4.5241894451602915,5,0,hypothesis_only,need_more_data,event_count_below_30
560510,560510,泰康中证A500ETF,新宽基与新风格,observe_pool,broad_index,core_beta,short_swing_buy_to_sell_proxy,0,,,,,10,0.0,,0,0,hypothesis_only,need_more_data,event_count_below_30
560510,560510,泰康中证A500ETF,新宽基与新风格,observe_pool,broad_index,core_beta,volume_heat_decay_proxy,22,0.6818181818181818,0.007108414876616912,0.02856376207513186,-0.08522114347357068,10,0.06748466257668712,0.9444795746463845,4,3,hypothesis_only,need_more_data,event_count_below_30
560510,560510,泰康中证A500ETF,新宽基与新风格,observe_pool,broad_index,core_beta,type_stop_loss_proxy,5,1.0,0.031678333893746836,0.06987391818765883,0.0,10,0.015337423312883436,,3,0,hypothesis_only,need_more_data,event_count_below_30
561360,561360,561360,expanded_formal_data,research_only,unknown,manual_review,rank_score_decline_2d_proxy,80,0.6363636363636364,0.0032402849908357363,0.014731889310290087,-0.11563044741429407,10,0.24539877300613497,0.6907241034004012,14,18,sample_limited,research_only_not_online,
561360,561360,561360,expanded_formal_data,research_only,unknown,manual_review,rank_score_decline_3d_proxy,39,0.5945945945945946,-0.0030896525389967075,0.009477586671910959,-0.11305361305361306,10,0.1196319018404908,0.5712331884397085,5,9,hypothesis_only,candidate_for_simulation_review,
561360,561360,561360,expanded_formal_data,research_only,unknown,manual_review,rank_score_below_70_proxy,172,0.6419753086419753,0.003445597306289816,0.01139098827468403,-0.11454311454311461,10,0.5276073619631901,0.7199043649818332,24,26,sample_limited,research_only_not_online,
561360,561360,561360,expanded_formal_data,research_only,unknown,manual_review,top_decile_drop_proxy,15,0.6666666666666666,0.04534594334168089,0.06119166744119804,-0.11305361305361306,10,0.046012269938650305,2.9835239227366928,7,1,hypothesis_only,need_more_data,event_count_below_30
561360,561360,561360,expanded_formal_data,research_only,unknown,manual_review,short_swing_buy_to_watch_proxy,18,0.4444444444444444,0.03232555732373841,0.051643920394910836,-0.08492975734355046,10,0.05521472392638037,3.9970265775193345,8,1,hypothesis_only,need_more_data,event_count_below_30
561360,561360,561360,expanded_formal_data,research_only,unknown,manual_review,short_swing_buy_to_sell_proxy,2,1.0,0.06843204541344894,0.10231537072140995,-0.01207056638811499,10,0.006134969325153374,,1,0,hypothesis_only,need_more_data,event_count_below_30
561360,561360,561360,expanded_formal_data,research_only,unknown,manual_review,volume_heat_decay_proxy,34,0.696969696969697,0.007096708273965347,0.018478347828271485,-0.09967637540453067,10,0.10429447852760736,0.7507826383721704,6,5,hypothesis_only,research_only_not_online,
561360,561360,561360,expanded_formal_data,research_only,unknown,manual_review,type_stop_loss_proxy,63,0.5084745762711864,-0.007427127942811725,-0.004299793000677223,-0.1272935779816513,10,0.19325153374233128,0.6057211781704094,5,16,sample_limited,candidate_for_simulation_review,
561560,561560,561560,expanded_formal_data,research_only,unknown,manual_review,rank_score_decline_2d_proxy,83,0.5921052631578947,0.0034673657367947598,0.008452738645104664,-0.17250495703899527,10,0.254601226993865,0.9053388220350419,12,7,sample_limited,research_only_not_online,
561560,561560,561560,expanded_formal_data,research_only,unknown,manual_review,rank_score_decline_3d_proxy,40,0.5,-0.0004557781166411688,0.006465022421085143,-0.1597315436241611,10,0.12269938650306748,0.9682978509229245,6,4,sample_limited,candidate_for_simulation_review,
561560,561560,561560,expanded_formal_data,research_only,unknown,manual_review,rank_score_below_70_proxy,189,0.6815642458100558,0.01174893709647188,0.030401661216458032,-0.09493670886075956,10,0.5797546012269938,1.2262520269809218,43,1,sample_limited,research_only_not_online,
561560,561560,561560,expanded_formal_data,research_only,unknown,manual_review,top_decile_drop_proxy,19,0.47368421052631576,-0.009461046264035194,-0.013411076172320594,-0.17250495703899527,10,0.05828220858895705,0.508872872728355,1,4,hypothesis_only,need_more_data,event_count_below_30
561560,561560,561560,expanded_formal_data,research_only,unknown,manual_review,short_swing_buy_to_watch_proxy,9,0.5555555555555556,-0.007052133269886875,-0.028602848522131758,-0.1597315436241611,10,0.027607361963190184,0.5546294575137802,2,4,hypothesis_only,need_more_data,event_count_below_30
561560,561560,561560,expanded_formal_data,research_only,unknown,manual_review,short_swing_buy_to_sell_proxy,1,1.0,0.07686832740213512,-0.02348754448398571,-0.028469750889679735,10,0.003067484662576687,,1,0,hypothesis_only,need_more_data,event_count_below_30
561560,561560,561560,expanded_formal_data,research_only,unknown,manual_review,volume_heat_decay_proxy,33,0.5357142857142857,0.007200616765161836,0.024112057054947292,-0.0664739884393063,10,0.10122699386503067,1.9147654196961092,4,1,hypothesis_only,research_only_not_online,
561560,561560,561560,expanded_formal_data,research_only,unknown,manual_review,type_stop_loss_proxy,41,0.5806451612903226,-0.008848327495407857,0.045116721395919636,-0.0471976401179941,10,0.12576687116564417,0.48595021327982196,10,0,sample_limited,candidate_for_simulation_review,
562500,562500,机器人ETF华夏,科技与新质生产力,trade_pool,theme,theme_beta,rank_score_decline_2d_proxy,85,0.5301204819277109,0.005854808467082807,0.009421263144913697,-0.23785425101214575,10,0.2607361963190184,1.0829869499510911,31,31,sample_limited,research_only_not_online,
562500,562500,机器人ETF华夏,科技与新质生产力,trade_pool,theme,theme_beta,rank_score_decline_3d_proxy,43,0.5116279069767442,0.008483158887375348,0.013258895993998557,-0.20653319283456262,10,0.13190184049079753,1.27224550068117,16,13,sample_limited,research_only_not_online,
562500,562500,机器人ETF华夏,科技与新质生产力,trade_pool,theme,theme_beta,rank_score_below_70_proxy,184,0.5517241379310345,0.00823636305654684,0.019881527471216458,-0.16221198156682026,10,0.5644171779141104,1.1418813772060878,60,47,sample_limited,research_only_not_online,
562500,562500,机器人ETF华夏,科技与新质生产力,trade_pool,theme,theme_beta,top_decile_drop_proxy,12,0.5833333333333334,0.02030555514215233,0.022027033765456644,-0.0979253112033196,10,0.03680981595092025,1.7699173262713679,6,3,hypothesis_only,need_more_data,event_count_below_30
562500,562500,机器人ETF华夏,科技与新质生产力,trade_pool,theme,theme_beta,short_swing_buy_to_watch_proxy,23,0.6818181818181818,0.018396791627771972,0.033989134154735666,-0.16066481994459825,10,0.0705521472392638,1.0327706820882676,11,8,hypothesis_only,need_more_data,event_count_below_30
562500,562500,机器人ETF华夏,科技与新质生产力,trade_pool,theme,theme_beta,short_swing_buy_to_sell_proxy,1,1.0,0.029319371727748678,0.1465968586387434,-0.03141361256544495,10,0.003067484662576687,,0,0,hypothesis_only,need_more_data,event_count_below_30
562500,562500,机器人ETF华夏,科技与新质生产力,trade_pool,theme,theme_beta,volume_heat_decay_proxy,30,0.4,-0.00855013364162754,-0.004307334633410414,-0.1661129568106312,10,0.09202453987730061,1.0616302542974436,9,14,hypothesis_only,candidate_for_simulation_review,
562500,562500,机器人ETF华夏,科技与新质生产力,trade_pool,theme,theme_beta,type_stop_loss_proxy,130,0.5396825396825397,0.003929124091382342,0.014106484398657046,-0.17524644030668135,10,0.3987730061349693,0.9879681245813454,38,33,sample_limited,risk_control_candidate_requires_backtest,
562550,562550,562550,expanded_formal_data,research_only,unknown,manual_review,rank_score_decline_2d_proxy,89,0.524390243902439,0.00344486262553187,0.011792658300372235,-0.16405667412378822,10,0.27300613496932513,1.1610456514606124,15,6,sample_limited,research_only_not_online,
562550,562550,562550,expanded_formal_data,research_only,unknown,manual_review,rank_score_decline_3d_proxy,52,0.5,0.003540677130627168,0.016435699456927532,-0.06963562753036445,10,0.15950920245398773,1.32862995994571,10,2,sample_limited,research_only_not_online,
562550,562550,562550,expanded_formal_data,research_only,unknown,manual_review,rank_score_below_70_proxy,191,0.6629834254143646,0.01155081451080603,0.030525630697929317,-0.09333333333333338,10,0.5858895705521472,1.3067000087230733,47,2,sample_limited,research_only_not_online,
562550,562550,562550,expanded_formal_data,research_only,unknown,manual_review,top_decile_drop_proxy,17,0.4117647058823529,-0.011117777217592465,-0.017405439120530778,-0.16405667412378822,10,0.05214723926380368,0.6547651145041669,1,4,hypothesis_only,need_more_data,event_count_below_30
562550,562550,562550,expanded_formal_data,research_only,unknown,manual_review,short_swing_buy_to_watch_proxy,10,0.6,-0.0002407220121776521,-0.010332070309588081,-0.16405667412378822,10,0.03067484662576687,0.4938305997325149,3,2,hypothesis_only,need_more_data,event_count_below_30
562550,562550,562550,expanded_formal_data,research_only,unknown,manual_review,short_swing_buy_to_sell_proxy,2,0.5,0.036906158442504,-0.03575425558759565,-0.07263922518159815,10,0.006134969325153374,7.096897374701597,1,1,hypothesis_only,need_more_data,event_count_below_30
562550,562550,562550,expanded_formal_data,research_only,unknown,manual_review,volume_heat_decay_proxy,24,0.6470588235294118,0.009425553345076672,0.020885684203248413,-0.03986135181975725,10,0.0736196319018405,1.716343396945535,3,0,hypothesis_only,need_more_data,event_count_below_30
562550,562550,562550,expanded_formal_data,research_only,unknown,manual_review,type_stop_loss_proxy,42,0.5625,-0.011938991061244547,0.046708305680791914,-0.06127450980392157,10,0.12883435582822086,0.44413053260500374,10,1,sample_limited,candidate_for_simulation_review,
562920,562920,562920,expanded_formal_data,research_only,unknown,manual_review,rank_score_decline_2d_proxy,70,0.4927536231884058,-0.0036117269759372394,0.0034134544878075554,-0.1750687442713107,10,0.2147239263803681,0.8883787408307028,23,27,sample_limited,candidate_for_simulation_review,
562920,562920,562920,expanded_formal_data,research_only,unknown,manual_review,rank_score_decline_3d_proxy,30,0.5,-0.00058334109049026,0.007358384465437362,-0.1295336787564767,10,0.09202453987730061,0.9704588002356168,9,11,hypothesis_only,candidate_for_simulation_review,
562920,562920,562920,expanded_formal_data,research_only,unknown,manual_review,rank_score_below_70_proxy,194,0.5271739130434783,0.0014154366849063339,0.0016503963754360873,-0.1932543299908842,10,0.5950920245398773,0.9123080919953742,63,57,sample_limited,research_only_not_online,
562920,562920,562920,expanded_formal_data,research_only,unknown,manual_review,top_decile_drop_proxy,13,0.6923076923076923,0.01606548839398847,0.013183179182938817,-0.18055555555555558,10,0.03987730061349693,0.9588971572550511,3,3,hypothesis_only,need_more_data,event_count_below_30
562920,562920,562920,expanded_formal_data,research_only,unknown,manual_review,short_swing_buy_to_watch_proxy,17,0.5,-0.005795666764064775,0.01110201765334519,-0.10344827586206895,10,0.05214723926380368,0.6701292238129671,3,5,hypothesis_only,need_more_data,event_count_below_30
562920,562920,562920,expanded_formal_data,research_only,unknown,manual_review,short_swing_buy_to_sell_proxy,4,0.0,-0.028795405596493684,-0.0780123544221927,-0.18055555555555558,10,0.012269938650306749,,0,2,hypothesis_only,need_more_data,event_count_below_30
562920,562920,562920,expanded_formal_data,research_only,unknown,manual_review,volume_heat_decay_proxy,20,0.5789473684210527,0.0031910590467019335,-0.0033584734078667806,-0.14824561403508763,10,0.06134969325153374,0.8643878314252471,5,7,hypothesis_only,need_more_data,event_count_below_30
562920,562920,562920,expanded_formal_data,research_only,unknown,manual_review,type_stop_loss_proxy,107,0.6078431372549019,0.005608366600073698,0.006926102870496276,-0.16034155597722966,10,0.3282208588957055,0.8143839233854827,40,26,sample_limited,risk_control_candidate_requires_backtest,
563360,563360,华泰柏瑞中证A500ETF,新宽基与新风格,trade_pool,broad_index,core_beta,rank_score_decline_2d_proxy,73,0.6666666666666666,0.011211547906845464,0.022509022112120435,-0.11187438665358185,10,0.22392638036809817,1.2273389538022361,19,7,sample_limited,research_only_not_online,
563360,563360,华泰柏瑞中证A500ETF,新宽基与新风格,trade_pool,broad_index,core_beta,rank_score_decline_3d_proxy,25,0.8,0.020615639067755587,0.03754446684973623,-0.04300291545189516,10,0.07668711656441718,3.2050412901425998,9,0,hypothesis_only,need_more_data,event_count_below_30
563360,563360,华泰柏瑞中证A500ETF,新宽基与新风格,trade_pool,broad_index,core_beta,rank_score_below_70_proxy,184,0.625,0.010183907554281226,0.022075466546206787,-0.08308383233532934,10,0.5644171779141104,1.3491530386892538,49,15,sample_limited,research_only_not_online,
563360,563360,华泰柏瑞中证A500ETF,新宽基与新风格,trade_pool,broad_index,core_beta,top_decile_drop_proxy,15,0.8666666666666667,0.0238630527255019,0.03264458415650683,-0.052669552669552644,10,0.046012269938650305,5.216222339184771,5,0,hypothesis_only,need_more_data,event_count_below_30
563360,563360,华泰柏瑞中证A500ETF,新宽基与新风格,trade_pool,broad_index,core_beta,short_swing_buy_to_watch_proxy,22,0.6666666666666666,0.014070329702994896,0.02394171704243972,-0.058637083993660855,10,0.06748466257668712,3.293505082379156,5,0,hypothesis_only,need_more_data,event_count_below_30
563360,563360,华泰柏瑞中证A500ETF,新宽基与新风格,trade_pool,broad_index,core_beta,short_swing_buy_to_sell_proxy,0,,,,,10,0.0,,0,0,hypothesis_only,need_more_data,event_count_below_30
563360,563360,华泰柏瑞中证A500ETF,新宽基与新风格,trade_pool,broad_index,core_beta,volume_heat_decay_proxy,27,0.5925925925925926,0.005159532324864423,0.009615928220174562,-0.0922768304914744,10,0.08282208588957055,1.1918156660149013,4,4,hypothesis_only,need_more_data,event_count_below_30
563360,563360,华泰柏瑞中证A500ETF,新宽基与新风格,trade_pool,broad_index,core_beta,type_stop_loss_proxy,5,1.0,0.03671880452672993,0.07556324806237455,0.0,10,0.015337423312883436,,3,0,hypothesis_only,need_more_data,event_count_below_30
563800,563800,广发中证A500ETF,新宽基与新风格,trade_pool,broad_index,core_beta,rank_score_decline_2d_proxy,73,0.676056338028169,0.01155976991447438,0.021015470908395166,-0.10416666666666663,10,0.22392638036809817,1.1527489920154472,20,8,sample_limited,research_only_not_online,
563800,563800,广发中证A500ETF,新宽基与新风格,trade_pool,broad_index,core_beta,rank_score_decline_3d_proxy,25,0.72,0.01866370065439008,0.02797281583112668,-0.06976744186046513,10,0.07668711656441718,2.5805364906153208,10,1,hypothesis_only,need_more_data,event_count_below_30
563800,563800,广发中证A500ETF,新宽基与新风格,trade_pool,broad_index,core_beta,rank_score_below_70_proxy,185,0.6271186440677966,0.010339115500697115,0.022536704955511112,-0.08564631245043608,10,0.5674846625766872,1.365060683503691,52,15,sample_limited,research_only_not_online,
563800,563800,广发中证A500ETF,新宽基与新风格,trade_pool,broad_index,core_beta,top_decile_drop_proxy,15,0.8666666666666667,0.023472586898786722,0.033394785441190615,-0.051987767584097955,10,0.046012269938650305,4.300884789728002,5,0,hypothesis_only,need_more_data,event_count_below_30
563800,563800,广发中证A500ETF,新宽基与新风格,trade_pool,broad_index,core_beta,short_swing_buy_to_watch_proxy,20,0.631578947368421,0.014116458339122994,0.021598799064949104,-0.06976744186046513,10,0.06134969325153374,2.6548713052679274,7,1,hypothesis_only,need_more_data,event_count_below_30
563800,563800,广发中证A500ETF,新宽基与新风格,trade_pool,broad_index,core_beta,short_swing_buy_to_sell_proxy,0,,,,,10,0.0,,0,0,hypothesis_only,need_more_data,event_count_below_30
563800,563800,广发中证A500ETF,新宽基与新风格,trade_pool,broad_index,core_beta,volume_heat_decay_proxy,28,0.7142857142857143,0.01679613425658092,0.01790680266240862,-0.08419380460683068,10,0.08588957055214724,1.9337496734447126,10,2,hypothesis_only,need_more_data,event_count_below_30
563800,563800,广发中证A500ETF,新宽基与新风格,trade_pool,broad_index,core_beta,type_stop_loss_proxy,5,1.0,0.034111121373074794,0.07419197616360362,0.0,10,0.015337423312883436,,3,0,hypothesis_only,need_more_data,event_count_below_30
588000,588000,科创50ETF,宽基,trade_pool,broad_index,core_beta,rank_score_decline_2d_proxy,86,0.5714285714285714,0.01559043854896396,0.03235439273183824,-0.15652173913043477,10,0.26380368098159507,1.6244539359170231,29,28,sample_limited,research_only_not_online,
588000,588000,科创50ETF,宽基,trade_pool,broad_index,core_beta,rank_score_decline_3d_proxy,44,0.5581395348837209,0.023325318904823204,0.02957247602530218,-0.13924870466321249,10,0.13496932515337423,2.599452130517086,18,16,sample_limited,research_only_not_online,
588000,588000,科创50ETF,宽基,trade_pool,broad_index,core_beta,rank_score_below_70_proxy,163,0.5379746835443038,0.016902537114771115,0.023617375361686174,-0.15134099616858243,10,0.5,1.7228076606035219,48,41,sample_limited,research_only_not_online,
588000,588000,科创50ETF,宽基,trade_pool,broad_index,core_beta,top_decile_drop_proxy,12,0.7272727272727273,0.06674508850000543,0.15122094783414675,-0.11930926216640503,10,0.03680981595092025,2.660136982816176,7,1,hypothesis_only,need_more_data,event_count_below_30
588000,588000,科创50ETF,宽基,trade_pool,broad_index,core_beta,short_swing_buy_to_watch_proxy,17,0.6470588235294118,0.03814181987784363,0.07676329159187498,-0.13869086195722613,10,0.05214723926380368,1.8548766716502356,9,6,hypothesis_only,need_more_data,event_count_below_30
588000,588000,科创50ETF,宽基,trade_pool,broad_index,core_beta,short_swing_buy_to_sell_proxy,3,0.0,-0.04301439717304595,0.07762242553588511,-0.09206989247311825,10,0.009202453987730062,,0,2,hypothesis_only,need_more_data,event_count_below_30
588000,588000,科创50ETF,宽基,trade_pool,broad_index,core_beta,volume_heat_decay_proxy,31,0.5161290322580645,0.02168669591688512,0.00990320770892608,-0.15134099616858243,10,0.0950920245398773,2.1993767316859776,10,10,hypothesis_only,research_only_not_online,
588000,588000,科创50ETF,宽基,trade_pool,broad_index,core_beta,type_stop_loss_proxy,65,0.6349206349206349,0.04443028878561308,0.05737886792971382,-0.10268270120259015,10,0.19938650306748465,3.5661150550673115,32,15,sample_limited,risk_control_candidate_requires_backtest,
588030,588030,博时科创100ETF,新宽基与新风格,trade_pool,broad_index,core_beta,rank_score_decline_2d_proxy,80,0.6282051282051282,0.023084339895128897,0.045518960908594815,-0.18260038240917786,10,0.24539877300613497,1.6629323898060993,34,17,sample_limited,research_only_not_online,
588030,588030,博时科创100ETF,新宽基与新风格,trade_pool,broad_index,core_beta,rank_score_decline_3d_proxy,35,0.6571428571428571,0.02181708157145216,0.03836583518348117,-0.16340508806262233,10,0.10736196319018405,1.5304058692511167,13,5,hypothesis_only,research_only_not_online,
588030,588030,博时科创100ETF,新宽基与新风格,trade_pool,broad_index,core_beta,rank_score_below_70_proxy,164,0.6086956521739131,0.025366612125527765,0.045427329682273455,-0.12460468058191021,10,0.5030674846625767,1.9944642116186793,61,43,sample_limited,research_only_not_online,
588030,588030,博时科创100ETF,新宽基与新风格,trade_pool,broad_index,core_beta,top_decile_drop_proxy,11,0.6,0.018659112556930525,0.06007825732357615,-0.06586447118429373,10,0.03374233128834356,1.7609529268766002,4,1,hypothesis_only,need_more_data,event_count_below_30
588030,588030,博时科创100ETF,新宽基与新风格,trade_pool,broad_index,core_beta,short_swing_buy_to_watch_proxy,20,0.631578947368421,0.03028468933848565,0.06505604947209097,-0.09203211859172333,10,0.06134969325153374,2.3968015814222707,7,4,hypothesis_only,need_more_data,event_count_below_30
588030,588030,博时科创100ETF,新宽基与新风格,trade_pool,broad_index,core_beta,short_swing_buy_to_sell_proxy,5,0.5,0.01907081717502568,0.06540436662801741,-0.09954456733897199,10,0.015337423312883436,3.6003862016039783,1,2,hypothesis_only,need_more_data,event_count_below_30
588030,588030,博时科创100ETF,新宽基与新风格,trade_pool,broad_index,core_beta,volume_heat_decay_proxy,26,0.72,0.033507897501386635,0.02599714153846856,-0.13109756097560976,10,0.07975460122699386,2.450362568488786,13,4,hypothesis_only,need_more_data,event_count_below_30
588030,588030,博时科创100ETF,新宽基与新风格,trade_pool,broad_index,core_beta,type_stop_loss_proxy,29,0.7586206896551724,0.036758241760415714,0.0673658826049133,-0.06807866868381252,10,0.08895705521472393,2.707499764727797,16,3,hypothesis_only,need_more_data,event_count_below_30
588080,588080,科创创业50ETF,宽基,trade_pool,broad_index,core_beta,rank_score_decline_2d_proxy,85,0.5542168674698795,0.013500944413489702,0.03658783365242048,-0.1500987491770902,10,0.2607361963190184,1.5874092313771628,27,27,sample_limited,research_only_not_online,
588080,588080,科创创业50ETF,宽基,trade_pool,broad_index,core_beta,rank_score_decline_3d_proxy,47,0.5652173913043478,0.01944435159075602,0.043145404784871555,-0.13703208556149737,10,0.1441717791411043,2.0870089076766742,17,16,sample_limited,research_only_not_online,
588080,588080,科创创业50ETF,宽基,trade_pool,broad_index,core_beta,rank_score_below_70_proxy,165,0.54375,0.017698186764842652,0.025842997269230675,-0.1500987491770902,10,0.5061349693251533,1.7609609210720372,50,41,sample_limited,research_only_not_online,
588080,588080,科创创业50ETF,宽基,trade_pool,broad_index,core_beta,top_decile_drop_proxy,10,0.7777777777777778,0.07665707829419927,0.15701840716858914,-0.12008616047388265,10,0.03067484662576687,1.932150397408458,6,1,hypothesis_only,need_more_data,event_count_below_30
588080,588080,科创创业50ETF,宽基,trade_pool,broad_index,core_beta,short_swing_buy_to_watch_proxy,19,0.6842105263157895,0.04128505507381816,0.0773372871718155,-0.13645484949832787,10,0.05828220858895705,2.1135839455771235,10,6,hypothesis_only,need_more_data,event_count_below_30
588080,588080,科创创业50ETF,宽基,trade_pool,broad_index,core_beta,short_swing_buy_to_sell_proxy,3,0.0,-0.04419636323085602,0.07669840960078572,-0.09292649098474337,10,0.009202453987730062,,0,2,hypothesis_only,need_more_data,event_count_below_30
588080,588080,科创创业50ETF,宽基,trade_pool,broad_index,core_beta,volume_heat_decay_proxy,30,0.5,0.024618459928493524,0.003303003208497381,-0.13645484949832787,10,0.09202453987730061,3.129607410788319,9,10,hypothesis_only,research_only_not_online,
588080,588080,科创创业50ETF,宽基,trade_pool,broad_index,core_beta,type_stop_loss_proxy,62,0.65,0.04885569682700091,0.06497277838494207,-0.09665071770334932,10,0.1901840490797546,3.71165846670262,31,14,sample_limited,risk_control_candidate_requires_backtest,
588120,588120,国泰科创100ETF,新宽基与新风格,observe_pool,broad_index,core_beta,rank_score_decline_2d_proxy,82,0.625,0.02243893519183051,0.020352273045194488,-0.42810810810810807,10,0.25153374233128833,1.6735338132220772,36,20,sample_limited,research_only_not_online,
588120,588120,国泰科创100ETF,新宽基与新风格,observe_pool,broad_index,core_beta,rank_score_decline_3d_proxy,38,0.6486486486486487,0.022404054404992105,0.018724315058901302,-0.40555870674985817,10,0.1165644171779141,1.628955200014712,14,8,hypothesis_only,research_only_not_online,
588120,588120,国泰科创100ETF,新宽基与新风格,observe_pool,broad_index,core_beta,rank_score_below_70_proxy,170,0.577639751552795,0.0006306863786029895,0.02241705971968409,-0.42810810810810807,10,0.5214723926380368,0.7355288366868292,57,45,sample_limited,research_only_not_online,
588120,588120,国泰科创100ETF,新宽基与新风格,observe_pool,broad_index,core_beta,top_decile_drop_proxy,12,0.5833333333333334,0.006446526101856402,0.056317493472351106,-0.09269490484960097,10,0.03680981595092025,1.0582462709710339,3,2,hypothesis_only,need_more_data,event_count_below_30
588120,588120,国泰科创100ETF,新宽基与新风格,observe_pool,broad_index,core_beta,short_swing_buy_to_watch_proxy,22,0.5909090909090909,0.010450786739153985,0.04121653710951637,-0.4333154793786823,10,0.06748466257668712,0.9368024137773051,8,4,hypothesis_only,need_more_data,event_count_below_30
588120,588120,国泰科创100ETF,新宽基与新风格,observe_pool,broad_index,core_beta,short_swing_buy_to_sell_proxy,4,0.3333333333333333,-0.008616392023071665,-0.16825227171258558,-0.41874653355518576,10,0.012269938650306749,0.22811058239811938,0,3,hypothesis_only,need_more_data,event_count_below_30
588120,588120,国泰科创100ETF,新宽基与新风格,observe_pool,broad_index,core_beta,volume_heat_decay_proxy,26,0.7307692307692307,0.03460955142778124,0.03638496875656865,-0.09948320413436706,10,0.07975460122699386,2.167581977578271,16,4,hypothesis_only,need_more_data,event_count_below_30
588120,588120,国泰科创100ETF,新宽基与新风格,observe_pool,broad_index,core_beta,type_stop_loss_proxy,38,0.7666666666666667,0.04107059023898131,0.044962297443237625,-0.39942693409742125,10,0.1165644171779141,2.9582377448379344,18,4,hypothesis_only,risk_control_candidate_requires_backtest,
588190,588190,银华科创100ETF,新宽基与新风格,observe_pool,broad_index,core_beta,rank_score_decline_2d_proxy,80,0.6282051282051282,0.02271806479500621,0.04226370672762233,-0.17771373679154656,10,0.24539877300613497,1.7070074027303739,35,15,sample_limited,research_only_not_online,
588190,588190,银华科创100ETF,新宽基与新风格,observe_pool,broad_index,core_beta,rank_score_decline_3d_proxy,35,0.6571428571428571,0.020546604426058882,0.027955710230895978,-0.15748031496062997,10,0.10736196319018405,1.5599070150767365,14,5,hypothesis_only,research_only_not_online,
588190,588190,银华科创100ETF,新宽基与新风格,observe_pool,broad_index,core_beta,rank_score_below_70_proxy,163,0.60625,0.024902463258013114,0.04545606010402496,-0.1203055378739657,10,0.5,2.002889707483751,61,39,sample_limited,research_only_not_online,
588190,588190,银华科创100ETF,新宽基与新风格,observe_pool,broad_index,core_beta,top_decile_drop_proxy,12,0.6363636363636364,0.016800697134927187,0.06650780433078435,-0.0625,10,0.03680981595092025,1.523644493777617,4,1,hypothesis_only,need_more_data,event_count_below_30
588190,588190,银华科创100ETF,新宽基与新风格,observe_pool,broad_index,core_beta,short_swing_buy_to_watch_proxy,23,0.6818181818181818,0.03362787463523429,0.07367191426619349,-0.09384711000621504,10,0.0705521472392638,2.3015379442051453,9,4,hypothesis_only,need_more_data,event_count_below_30
588190,588190,银华科创100ETF,新宽基与新风格,observe_pool,broad_index,core_beta,short_swing_buy_to_sell_proxy,4,0.3333333333333333,-0.008906175933091212,0.02966019155314011,-0.09614126880313933,10,0.012269938650306749,0.19016577469414483,0,2,hypothesis_only,need_more_data,event_count_below_30
588190,588190,银华科创100ETF,新宽基与新风格,observe_pool,broad_index,core_beta,volume_heat_decay_proxy,25,0.72,0.03323496006938632,0.04034034208722653,-0.09245562130177509,10,0.07668711656441718,1.7859736526138577,15,2,hypothesis_only,need_more_data,event_count_below_30
588190,588190,银华科创100ETF,新宽基与新风格,observe_pool,broad_index,core_beta,type_stop_loss_proxy,29,0.7931034482758621,0.04207607738547002,0.06815042399712433,-0.06692015209125468,10,0.08895705521472393,2.655703927847682,17,2,hypothesis_only,need_more_data,event_count_below_30
588200,588200,科创芯片ETF,科技成长,trade_pool,theme,theme_beta,rank_score_decline_2d_proxy,76,0.6081081081081081,0.027536104231148707,0.06234730051590536,-0.170263788968825,10,0.2331288343558282,1.8873811889369492,29,25,sample_limited,research_only_not_online,
588200,588200,科创芯片ETF,科技成长,trade_pool,theme,theme_beta,rank_score_decline_3d_proxy,42,0.6097560975609756,0.027850481572385618,0.05041682402212756,-0.14620604565083284,10,0.12883435582822086,2.2433570613324756,17,13,sample_limited,research_only_not_online,
588200,588200,科创芯片ETF,科技成长,trade_pool,theme,theme_beta,rank_score_below_70_proxy,159,0.5576923076923077,0.027539869513598776,0.04529279197964004,-0.15951595159515952,10,0.48773006134969327,2.067758223777692,57,42,sample_limited,research_only_not_online,
588200,588200,科创芯片ETF,科技成长,trade_pool,theme,theme_beta,top_decile_drop_proxy,11,0.8,0.08971469960642721,0.15156686095081026,-0.1100620447801457,10,0.03374233128834356,2.4454935739279313,6,2,hypothesis_only,need_more_data,event_count_below_30
588200,588200,科创芯片ETF,科技成长,trade_pool,theme,theme_beta,short_swing_buy_to_watch_proxy,20,0.45,0.020886389318245192,0.09006426744460695,-0.1576626240352812,10,0.06134969325153374,2.3208844918675005,7,7,hypothesis_only,need_more_data,event_count_below_30
588200,588200,科创芯片ETF,科技成长,trade_pool,theme,theme_beta,short_swing_buy_to_sell_proxy,3,0.0,-0.035285642997622324,0.13165967064901524,-0.09852631578947368,10,0.009202453987730062,,0,2,hypothesis_only,need_more_data,event_count_below_30
588200,588200,科创芯片ETF,科技成长,trade_pool,theme,theme_beta,volume_heat_decay_proxy,33,0.53125,0.027372682607778098,0.023193628565685836,-0.14028507126781697,10,0.10122699386503067,2.4341752651453024,9,13,hypothesis_only,research_only_not_online,
588200,588200,科创芯片ETF,科技成长,trade_pool,theme,theme_beta,type_stop_loss_proxy,120,0.5677966101694916,0.03487047882450104,0.05260180921280761,-0.1476385273335813,10,0.36809815950920244,2.2869151804865675,46,45,sample_limited,risk_control_candidate_requires_backtest,
588220,588220,科创100ETF基金,新宽基与新风格,trade_pool,broad_index,core_beta,rank_score_decline_2d_proxy,76,0.6081081081081081,0.020564088448607097,0.03688420634961127,-0.18034351145038174,10,0.2331288343558282,1.6018771361264166,31,17,sample_limited,research_only_not_online,
588220,588220,科创100ETF基金,新宽基与新风格,trade_pool,broad_index,core_beta,rank_score_decline_3d_proxy,29,0.6206896551724138,0.01780870198620073,0.02173942241142577,-0.1594911937377691,10,0.08895705521472393,1.421600567146846,10,6,hypothesis_only,need_more_data,event_count_below_30
588220,588220,科创100ETF基金,新宽基与新风格,trade_pool,broad_index,core_beta,rank_score_below_70_proxy,161,0.6012658227848101,0.024840887105330542,0.043940497223360256,-0.12515883100381198,10,0.4938650306748466,2.0394729638849496,60,43,sample_limited,research_only_not_online,
588220,588220,科创100ETF基金,新宽基与新风格,trade_pool,broad_index,core_beta,top_decile_drop_proxy,12,0.6363636363636364,0.01857317743596806,0.06332594249617479,-0.06293706293706292,10,0.03680981595092025,1.618914288417343,5,1,hypothesis_only,need_more_data,event_count_below_30
588220,588220,科创100ETF基金,新宽基与新风格,trade_pool,broad_index,core_beta,short_swing_buy_to_watch_proxy,24,0.6521739130434783,0.02834634319770921,0.0720078136098693,-0.09192546583850936,10,0.0736196319018405,2.0036651868163418,9,4,hypothesis_only,need_more_data,event_count_below_30
588220,588220,科创100ETF基金,新宽基与新风格,trade_pool,broad_index,core_beta,short_swing_buy_to_sell_proxy,5,0.5,0.02017712452761472,0.06489756065060329,-0.09999999999999998,10,0.015337423312883436,3.9470349310042327,1,2,hypothesis_only,need_more_data,event_count_below_30
588220,588220,科创100ETF基金,新宽基与新风格,trade_pool,broad_index,core_beta,volume_heat_decay_proxy,29,0.6666666666666666,0.032377767128396504,0.0349894400615749,-0.12791878172588833,10,0.08895705521472393,2.1126655500398632,16,4,hypothesis_only,need_more_data,event_count_below_30
588220,588220,科创100ETF基金,新宽基与新风格,trade_pool,broad_index,core_beta,type_stop_loss_proxy,28,0.75,0.03670402497830133,0.06450754409803304,-0.06828528072837636,10,0.08588957055214724,2.7105331623805133,15,3,hypothesis_only,need_more_data,event_count_below_30
588800,588800,华夏科创100ETF,新宽基与新风格,observe_pool,broad_index,core_beta,rank_score_decline_2d_proxy,75,0.6164383561643836,0.021214309598634705,0.04377965284613719,-0.18145956607495073,10,0.23006134969325154,1.624129595051858,32,15,sample_limited,research_only_not_online,
588800,588800,华夏科创100ETF,新宽基与新风格,observe_pool,broad_index,core_beta,rank_score_decline_3d_proxy,29,0.6206896551724138,0.020541565206200672,0.033460355946896815,-0.16246215943491427,10,0.08895705521472393,1.561985913764151,10,5,hypothesis_only,need_more_data,event_count_below_30
588800,588800,华夏科创100ETF,新宽基与新风格,observe_pool,broad_index,core_beta,rank_score_below_70_proxy,163,0.6149068322981367,0.02487452938736546,0.045786882573436764,-0.12668810289389054,10,0.5,1.9320656387501276,64,40,sample_limited,research_only_not_online,
588800,588800,华夏科创100ETF,新宽基与新风格,observe_pool,broad_index,core_beta,top_decile_drop_proxy,11,0.6,0.014940543490226088,0.06090263617321566,-0.06334841628959265,10,0.03374233128834356,1.5510869804328657,4,1,hypothesis_only,need_more_data,event_count_below_30
588800,588800,华夏科创100ETF,新宽基与新风格,observe_pool,broad_index,core_beta,short_swing_buy_to_watch_proxy,25,0.625,0.02954427167302043,0.06375261163376127,-0.09138972809667678,10,0.07668711656441718,2.1131504013505813,10,5,hypothesis_only,need_more_data,event_count_below_30
588800,588800,华夏科创100ETF,新宽基与新风格,observe_pool,broad_index,core_beta,short_swing_buy_to_sell_proxy,4,0.3333333333333333,-0.008387783332915899,0.030717264058369127,-0.10006626905235239,10,0.012269938650306749,0.20289121606921837,0,2,hypothesis_only,need_more_data,event_count_below_30
588800,588800,华夏科创100ETF,新宽基与新风格,observe_pool,broad_index,core_beta,volume_heat_decay_proxy,27,0.5925925925925926,0.029980153042907333,0.03632291899269068,-0.13089005235602091,10,0.08282208588957055,2.256005264362441,13,5,hypothesis_only,need_more_data,event_count_below_30
588800,588800,华夏科创100ETF,新宽基与新风格,observe_pool,broad_index,core_beta,type_stop_loss_proxy,29,0.7931034482758621,0.043261782386969386,0.07048930066794175,-0.06671838634600458,10,0.08895705521472393,2.659325780830331,18,3,hypothesis_only,need_more_data,event_count_below_30
600519,600519,贵州茅台,个股观察,observe_pool,unknown,manual_review,all_rules,0,,,,,,,,,,hypothesis_only,need_more_data,price_sample_insufficient: missing
