symbol,code,name,group,pool,etf_type,risk_profile,rule,event_count,win_rate_after_exit,avg_forward_return_10d,avg_forward_return_20d,max_drawdown_after_exit,avg_holding_days,turnover_proxy,profit_loss_ratio,false_exit_count,late_exit_count,evidence_level,suggestion,insufficient_reason
159001,159001,货币ETF,债券货币观察,observe_pool,bond_cash,low_volatility,rank_score_decline_2d_proxy,46,0.38636363636363635,4.3183113698270166e-06,6.8183136419299535e-06,-5.999999999994898e-05,10,0.14743589743589744,0.8529568242893015,0,0,sample_limited,research_only_not_online,
159001,159001,货币ETF,债券货币观察,observe_pool,bond_cash,low_volatility,rank_score_decline_3d_proxy,12,0.5,5.000391688131378e-06,1.0000358351932212e-05,-5.999999999994898e-05,10,0.038461538461538464,0.8750289078196616,0,0,hypothesis_only,need_more_data,event_count_below_30
159001,159001,货币ETF,债券货币观察,observe_pool,bond_cash,low_volatility,rank_score_below_70_proxy,204,0.3096446700507614,2.23356091539658e-06,2.963021694647408e-06,-6.9999300007062e-05,10,0.6538461538461539,1.0741772696971512,0,0,evidence_supported,research_only_not_online,
159001,159001,货币ETF,债券货币观察,observe_pool,bond_cash,low_volatility,top_decile_drop_proxy,30,0.2413793103448276,-1.034451724387155e-06,-1.3792827587499507e-06,-6.9999300007062e-05,10,0.09615384615384616,1.0000094285803889,0,0,hypothesis_only,candidate_for_simulation_review,
159001,159001,货币ETF,债券货币观察,observe_pool,bond_cash,low_volatility,short_swing_buy_to_watch_proxy,0,,,,,10,0.0,,0,0,hypothesis_only,need_more_data,event_count_below_30
159001,159001,货币ETF,债券货币观察,observe_pool,bond_cash,low_volatility,short_swing_buy_to_sell_proxy,0,,,,,10,0.0,,0,0,hypothesis_only,need_more_data,event_count_below_30
159001,159001,货币ETF,债券货币观察,observe_pool,bond_cash,low_volatility,volume_heat_decay_proxy,9,0.3333333333333333,4.444477778130383e-06,4.4444888893411e-06,-5.999999999994898e-05,10,0.028846153846153848,,0,0,hypothesis_only,need_more_data,event_count_below_30
159001,159001,货币ETF,债券货币观察,observe_pool,bond_cash,low_volatility,type_stop_loss_proxy,0,,,,,10,0.0,,0,0,hypothesis_only,need_more_data,event_count_below_30
159301,159301,159301,expanded_formal_data,research_only,unknown,manual_review,rank_score_decline_2d_proxy,72,0.5671641791044776,0.005451404024076996,0.011649073332008313,-0.0756143667296787,10,0.23076923076923078,1.2068518687303484,10,2,sample_limited,research_only_not_online,
159301,159301,159301,expanded_formal_data,research_only,unknown,manual_review,rank_score_decline_3d_proxy,33,0.5172413793103449,0.0040662377929770325,0.012069124229124055,-0.059615384615384626,10,0.10576923076923077,1.3150992472550616,6,0,hypothesis_only,research_only_not_online,
159301,159301,159301,expanded_formal_data,research_only,unknown,manual_review,rank_score_below_70_proxy,181,0.6685714285714286,0.013097378477087435,0.024732600048691357,-0.05232558139534893,10,0.5801282051282052,2.3617430099330385,34,0,sample_limited,research_only_not_online,
159301,159301,159301,expanded_formal_data,research_only,unknown,manual_review,top_decile_drop_proxy,19,0.5555555555555556,-0.0028252737147564932,-0.002057240379837318,-0.0756143667296787,10,0.060897435897435896,0.6138513663172843,1,1,hypothesis_only,need_more_data,event_count_below_30
159301,159301,159301,expanded_formal_data,research_only,unknown,manual_review,short_swing_buy_to_watch_proxy,9,0.5,0.0007369536862878168,-0.017977036173995473,-0.0756143667296787,10,0.028846153846153848,1.0572468815820155,1,2,hypothesis_only,need_more_data,event_count_below_30
159301,159301,159301,expanded_formal_data,research_only,unknown,manual_review,short_swing_buy_to_sell_proxy,0,,,,,10,0.0,,0,0,hypothesis_only,need_more_data,event_count_below_30
159301,159301,159301,expanded_formal_data,research_only,unknown,manual_review,volume_heat_decay_proxy,20,0.4,0.0046275465245804006,0.021951091906897608,-0.05242334322453013,10,0.0641025641025641,2.274214729044442,3,0,hypothesis_only,need_more_data,event_count_below_30
159301,159301,159301,expanded_formal_data,research_only,unknown,manual_review,type_stop_loss_proxy,20,0.7333333333333333,0.017044815657451706,0.04956371332073496,-0.03359683794466406,10,0.0641025641025641,1.9028116374091892,4,0,hypothesis_only,need_more_data,event_count_below_30
159302,159302,159302,expanded_formal_data,research_only,unknown,manual_review,rank_score_decline_2d_proxy,80,0.5263157894736842,0.002624299063154963,0.00689268136244655,-0.09805653710247353,10,0.2564102564102564,1.0431688710379345,13,6,sample_limited,research_only_not_online,
159302,159302,159302,expanded_formal_data,research_only,unknown,manual_review,rank_score_decline_3d_proxy,42,0.46153846153846156,0.00018303764198852488,0.005430192503683732,-0.06691176470588245,10,0.1346153846153846,1.185353922161984,7,2,sample_limited,research_only_not_online,
159302,159302,159302,expanded_formal_data,research_only,unknown,manual_review,rank_score_below_70_proxy,213,0.541871921182266,0.006351687671014659,0.01385990798639299,-0.06691176470588245,10,0.6826923076923077,1.4323969393378453,48,3,evidence_supported,research_only_not_online,
159302,159302,159302,expanded_formal_data,research_only,unknown,manual_review,top_decile_drop_proxy,9,0.4444444444444444,0.0022974270229515234,0.007667626286750415,-0.07946554149085794,10,0.028846153846153848,1.2788128560790983,1,1,hypothesis_only,need_more_data,event_count_below_30
159302,159302,159302,expanded_formal_data,research_only,unknown,manual_review,short_swing_buy_to_watch_proxy,11,0.5454545454545454,0.002712252092484965,0.024503868148994544,-0.07946554149085794,10,0.035256410256410256,1.0572772937087762,1,1,hypothesis_only,need_more_data,event_count_below_30
159302,159302,159302,expanded_formal_data,research_only,unknown,manual_review,short_swing_buy_to_sell_proxy,0,,,,,10,0.0,,0,0,hypothesis_only,need_more_data,event_count_below_30
159302,159302,159302,expanded_formal_data,research_only,unknown,manual_review,volume_heat_decay_proxy,29,0.4827586206896552,-0.0002965277935666611,0.011533159540296425,-0.06633380884450779,10,0.09294871794871795,0.9035300121862178,5,1,hypothesis_only,need_more_data,event_count_below_30
159302,159302,159302,expanded_formal_data,research_only,unknown,manual_review,type_stop_loss_proxy,14,0.5,0.014674844513427075,0.02436637749711931,-0.04589917231000751,10,0.04487179487179487,3.29113405869354,5,0,hypothesis_only,need_more_data,event_count_below_30
159315,159315,159315,expanded_formal_data,research_only,unknown,manual_review,rank_score_decline_2d_proxy,74,0.676056338028169,0.015189957202506238,0.03296494355721468,-0.22488262910798118,10,0.23717948717948717,0.8238497237654759,30,20,sample_limited,research_only_not_online,
159315,159315,159315,expanded_formal_data,research_only,unknown,manual_review,rank_score_decline_3d_proxy,40,0.6842105263157895,0.021419930193756268,0.04062374569666474,-0.21118012422360244,10,0.1282051282051282,1.0164649973571018,17,8,sample_limited,research_only_not_online,
159315,159315,159315,expanded_formal_data,research_only,unknown,manual_review,rank_score_below_70_proxy,198,0.5531914893617021,0.003628756310975847,0.024490738754841354,-0.293236301369863,10,0.6346153846153846,0.9149135403272611,59,52,sample_limited,research_only_not_online,
159315,159315,159315,expanded_formal_data,research_only,unknown,manual_review,top_decile_drop_proxy,9,0.5555555555555556,0.05618013821998592,0.032044299703226295,-0.1154071470415935,10,0.028846153846153848,3.5701835460910734,4,1,hypothesis_only,need_more_data,event_count_below_30
159315,159315,159315,expanded_formal_data,research_only,unknown,manual_review,short_swing_buy_to_watch_proxy,15,0.4666666666666667,-0.020146792514283404,0.028548198623576652,-0.250907441016334,10,0.04807692307692308,0.5445496745973452,4,5,hypothesis_only,need_more_data,event_count_below_30
159315,159315,159315,expanded_formal_data,research_only,unknown,manual_review,short_swing_buy_to_sell_proxy,4,0.5,-0.003180041482518048,-0.02001575599227018,-0.12399786210582575,10,0.01282051282051282,0.8309720602633526,1,1,hypothesis_only,need_more_data,event_count_below_30
159315,159315,159315,expanded_formal_data,research_only,unknown,manual_review,volume_heat_decay_proxy,23,0.8571428571428571,0.024729714917937174,0.031746689091515935,-0.22488262910798118,10,0.07371794871794872,0.5277801227520861,12,4,hypothesis_only,need_more_data,event_count_below_30
159315,159315,159315,expanded_formal_data,research_only,unknown,manual_review,type_stop_loss_proxy,114,0.4230769230769231,-0.01007064538596764,-0.020505580443154325,-0.293236301369863,10,0.36538461538461536,0.9566561483425382,29,40,sample_limited,candidate_for_simulation_review,
159321,159321,159321,expanded_formal_data,research_only,unknown,manual_review,rank_score_decline_2d_proxy,73,0.6142857142857143,0.009662275538156719,0.026318134069460153,-0.22645290581162325,10,0.23397435897435898,0.89284115485221,28,21,sample_limited,research_only_not_online,
159321,159321,159321,expanded_formal_data,research_only,unknown,manual_review,rank_score_decline_3d_proxy,34,0.59375,0.011999300748575435,0.04091097836655999,-0.21464903357070186,10,0.10897435897435898,1.0231943772123862,14,8,hypothesis_only,research_only_not_online,
159321,159321,159321,expanded_formal_data,research_only,unknown,manual_review,rank_score_below_70_proxy,199,0.544973544973545,0.0033067136985579803,0.025250972202643208,-0.29497716894977166,10,0.6378205128205128,0.92372201940101,64,52,sample_limited,research_only_not_online,
159321,159321,159321,expanded_formal_data,research_only,unknown,manual_review,top_decile_drop_proxy,9,0.5555555555555556,0.03246723511312574,0.016288733160753126,-0.11257861635220123,10,0.028846153846153848,2.151547787845978,4,2,hypothesis_only,need_more_data,event_count_below_30
159321,159321,159321,expanded_formal_data,research_only,unknown,manual_review,short_swing_buy_to_watch_proxy,16,0.5,-0.01839925661183233,0.003086070368951425,-0.25230024213075053,10,0.05128205128205128,0.5023198369469887,5,6,hypothesis_only,need_more_data,event_count_below_30
159321,159321,159321,expanded_formal_data,research_only,unknown,manual_review,short_swing_buy_to_sell_proxy,2,0.5,-0.007549375963110727,0.011049393607886038,-0.04046535154274156,10,0.00641025641025641,0.49277630247849763,0,0,hypothesis_only,need_more_data,event_count_below_30
159321,159321,159321,expanded_formal_data,research_only,unknown,manual_review,volume_heat_decay_proxy,19,0.7647058823529411,0.028033833348210035,0.04862307489526656,-0.2260651629072682,10,0.060897435897435896,0.7640508578055588,11,4,hypothesis_only,need_more_data,event_count_below_30
159321,159321,159321,expanded_formal_data,research_only,unknown,manual_review,type_stop_loss_proxy,115,0.4380952380952381,-0.010507767709174968,-0.021140478170250075,-0.29497716894977166,10,0.3685897435897436,0.8798768977560301,29,40,sample_limited,candidate_for_simulation_review,
159327,159327,159327,expanded_formal_data,research_only,unknown,manual_review,rank_score_decline_2d_proxy,63,0.5245901639344263,0.024678342230323613,0.03829944256720891,-0.1472833408172428,10,0.20192307692307693,2.6389428718532937,22,19,sample_limited,research_only_not_online,
159327,159327,159327,expanded_formal_data,research_only,unknown,manual_review,rank_score_decline_3d_proxy,29,0.5357142857142857,0.02042775462641342,0.010129450080233023,-0.13208409506398544,10,0.09294871794871795,2.544650328838863,10,8,hypothesis_only,need_more_data,event_count_below_30
159327,159327,159327,expanded_formal_data,research_only,unknown,manual_review,rank_score_below_70_proxy,146,0.5401459854014599,0.0245691662863849,0.06765086641526592,-0.18111254851228975,10,0.46794871794871795,2.2005911140260577,57,34,sample_limited,research_only_not_online,
159327,159327,159327,expanded_formal_data,research_only,unknown,manual_review,top_decile_drop_proxy,13,0.7692307692307693,0.08357046471847523,0.10837816774002056,-0.10276338514680483,10,0.041666666666666664,3.389253804019116,8,1,hypothesis_only,need_more_data,event_count_below_30
159327,159327,159327,expanded_formal_data,research_only,unknown,manual_review,short_swing_buy_to_watch_proxy,16,0.625,0.04307546673767277,0.14725634254565967,-0.1472833408172428,10,0.05128205128205128,2.636144869253974,6,5,hypothesis_only,need_more_data,event_count_below_30
159327,159327,159327,expanded_formal_data,research_only,unknown,manual_review,short_swing_buy_to_sell_proxy,2,0.5,0.009793733296168172,-0.01565052714423909,-0.06286379511059359,10,0.00641025641025641,5.807323943662092,0,1,hypothesis_only,need_more_data,event_count_below_30
159327,159327,159327,expanded_formal_data,research_only,unknown,manual_review,volume_heat_decay_proxy,23,0.5454545454545454,0.030984929204138867,0.04404540854911772,-0.08422026839426189,10,0.07371794871794872,3.4333100091976196,8,8,hypothesis_only,need_more_data,event_count_below_30
159327,159327,159327,expanded_formal_data,research_only,unknown,manual_review,type_stop_loss_proxy,85,0.6410256410256411,0.027449874793633516,0.051226787422609055,-0.11053864168618255,10,0.2724358974358974,1.8639281739962412,32,26,sample_limited,risk_control_candidate_requires_backtest,
159332,159332,159332,expanded_formal_data,research_only,unknown,manual_review,rank_score_decline_2d_proxy,79,0.4246575342465753,-0.0004180506387305959,0.004445790613638089,-0.07136150234741778,10,0.2532051282051282,1.254740051468844,6,2,sample_limited,candidate_for_simulation_review,
159332,159332,159332,expanded_formal_data,research_only,unknown,manual_review,rank_score_decline_3d_proxy,40,0.42857142857142855,-0.0017661371691953618,0.0035952640977333084,-0.04754481683554168,10,0.1282051282051282,0.9889411770930642,1,0,sample_limited,candidate_for_simulation_review,
159332,159332,159332,expanded_formal_data,research_only,unknown,manual_review,rank_score_below_70_proxy,191,0.5303867403314917,0.005555854996767756,0.011876875943535167,-0.04582651391162029,10,0.6121794871794872,1.6990347959451333,17,0,sample_limited,research_only_not_online,
159332,159332,159332,expanded_formal_data,research_only,unknown,manual_review,top_decile_drop_proxy,7,0.2857142857142857,0.0001494828675555298,0.004263398137975193,-0.04754481683554168,10,0.022435897435897436,2.5451278747133235,1,0,hypothesis_only,need_more_data,event_count_below_30
159332,159332,159332,expanded_formal_data,research_only,unknown,manual_review,short_swing_buy_to_watch_proxy,4,0.25,0.006884911221620604,0.0025143116031784707,-0.02491408934707895,10,0.01282051282051282,9.932937854899619,1,0,hypothesis_only,need_more_data,event_count_below_30
159332,159332,159332,expanded_formal_data,research_only,unknown,manual_review,short_swing_buy_to_sell_proxy,0,,,,,10,0.0,,0,0,hypothesis_only,need_more_data,event_count_below_30
159332,159332,159332,expanded_formal_data,research_only,unknown,manual_review,volume_heat_decay_proxy,27,0.37037037037037035,0.0011459537010958378,0.001637629763549615,-0.04231082180634671,10,0.08653846153846154,2.0291952732326424,2,0,hypothesis_only,need_more_data,event_count_below_30
159332,159332,159332,expanded_formal_data,research_only,unknown,manual_review,type_stop_loss_proxy,2,1.0,0.03955168059786951,0.03820420699709903,0.0,10,0.00641025641025641,,1,0,hypothesis_only,need_more_data,event_count_below_30
159333,159333,159333,expanded_formal_data,research_only,unknown,manual_review,rank_score_decline_2d_proxy,83,0.5853658536585366,0.0012712579829169117,0.010122911418466248,-0.11812961443806413,10,0.266025641025641,0.755865995003845,16,8,sample_limited,research_only_not_online,
159333,159333,159333,expanded_formal_data,research_only,unknown,manual_review,rank_score_decline_3d_proxy,38,0.5263157894736842,-0.0023005434850582275,0.01156400370952966,-0.11083540115798185,10,0.12179487179487179,0.7264394714937201,8,4,hypothesis_only,candidate_for_simulation_review,
159333,159333,159333,expanded_formal_data,research_only,unknown,manual_review,rank_score_below_70_proxy,212,0.5891089108910891,0.0070730962685955695,0.014223249957209175,-0.06288873531444361,10,0.6794871794871795,1.2624015530234094,46,1,evidence_supported,research_only_not_online,
159333,159333,159333,expanded_formal_data,research_only,unknown,manual_review,top_decile_drop_proxy,9,0.6666666666666666,0.00390099426164445,0.015176395796752389,-0.05854956753160334,10,0.028846153846153848,0.9280586128675955,0,0,hypothesis_only,need_more_data,event_count_below_30
159333,159333,159333,expanded_formal_data,research_only,unknown,manual_review,short_swing_buy_to_watch_proxy,13,0.38461538461538464,-0.004151373469260781,0.007144904433403893,-0.11812961443806413,10,0.041666666666666664,1.077778706264813,1,2,hypothesis_only,need_more_data,event_count_below_30
159333,159333,159333,expanded_formal_data,research_only,unknown,manual_review,short_swing_buy_to_sell_proxy,0,,,,,10,0.0,,0,0,hypothesis_only,need_more_data,event_count_below_30
159333,159333,159333,expanded_formal_data,research_only,unknown,manual_review,volume_heat_decay_proxy,28,0.5185185185185185,0.0005901129878206552,0.011772636936823653,-0.05854956753160334,10,0.08974358974358974,0.9773473905123353,3,0,hypothesis_only,need_more_data,event_count_below_30
159333,159333,159333,expanded_formal_data,research_only,unknown,manual_review,type_stop_loss_proxy,12,0.75,0.022460457148754703,0.06068002335351044,-0.02524544179523147,10,0.038461538461538464,6.094888498415369,4,0,hypothesis_only,need_more_data,event_count_below_30
159336,159336,159336,expanded_formal_data,research_only,unknown,manual_review,rank_score_decline_2d_proxy,82,0.5789473684210527,0.005510344780494861,0.009211292041611278,-0.08585858585858586,10,0.26282051282051283,1.1728794315869542,12,12,sample_limited,research_only_not_online,
159336,159336,159336,expanded_formal_data,research_only,unknown,manual_review,rank_score_decline_3d_proxy,42,0.6216216216216216,0.0014118268849715933,0.006280881137575409,-0.08585858585858586,10,0.1346153846153846,0.6051397383344277,3,7,sample_limited,research_only_not_online,
159336,159336,159336,expanded_formal_data,research_only,unknown,manual_review,rank_score_below_70_proxy,178,0.5892857142857143,0.008636567248047896,0.017249386348722293,-0.0813204508856683,10,0.5705128205128205,1.6431136205745929,26,5,sample_limited,research_only_not_online,
159336,159336,159336,expanded_formal_data,research_only,unknown,manual_review,top_decile_drop_proxy,13,0.6153846153846154,0.009564453173119518,0.01662399366986295,-0.0632228218966846,10,0.041666666666666664,1.3165155689361712,3,1,hypothesis_only,need_more_data,event_count_below_30
159336,159336,159336,expanded_formal_data,research_only,unknown,manual_review,short_swing_buy_to_watch_proxy,7,0.5714285714285714,0.013333849244933875,0.036303930061862576,-0.049350649350649256,10,0.022435897435897436,1.7395099851304094,2,0,hypothesis_only,need_more_data,event_count_below_30
159336,159336,159336,expanded_formal_data,research_only,unknown,manual_review,short_swing_buy_to_sell_proxy,0,,,,,10,0.0,,0,0,hypothesis_only,need_more_data,event_count_below_30
159336,159336,159336,expanded_formal_data,research_only,unknown,manual_review,volume_heat_decay_proxy,26,0.6521739130434783,0.010053708110723408,0.009328060876417344,-0.08400809716599189,10,0.08333333333333333,1.9756513468774417,4,2,hypothesis_only,need_more_data,event_count_below_30
159336,159336,159336,expanded_formal_data,research_only,unknown,manual_review,type_stop_loss_proxy,14,0.7,0.014703086068869897,0.010917802742778194,-0.03418124006359291,10,0.04487179487179487,4.675500837938765,1,0,hypothesis_only,need_more_data,event_count_below_30
159338,159338,国泰中证A500ETF,新宽基与新风格,trade_pool,broad_index,core_beta,rank_score_decline_2d_proxy,71,0.6567164179104478,0.010594145563843695,0.024852557698815992,-0.09968847352024923,10,0.22756410256410256,1.348850957901996,18,6,sample_limited,research_only_not_online,
159338,159338,国泰中证A500ETF,新宽基与新风格,trade_pool,broad_index,core_beta,rank_score_decline_3d_proxy,27,0.76,0.016654146892530454,0.041358014979339865,-0.04015444015444003,10,0.08653846153846154,3.4333715685729227,8,0,hypothesis_only,need_more_data,event_count_below_30
159338,159338,国泰中证A500ETF,新宽基与新风格,trade_pool,broad_index,core_beta,rank_score_below_70_proxy,175,0.593939393939394,0.008323598472496292,0.02306581910932299,-0.08300395256916993,10,0.5608974358974359,1.3299429600902797,44,15,sample_limited,research_only_not_online,
159338,159338,国泰中证A500ETF,新宽基与新风格,trade_pool,broad_index,core_beta,top_decile_drop_proxy,14,0.8571428571428571,0.022416266833869904,0.03397326676580331,-0.051868802440884654,10,0.04487179487179487,4.237701595626268,4,0,hypothesis_only,need_more_data,event_count_below_30
159338,159338,国泰中证A500ETF,新宽基与新风格,trade_pool,broad_index,core_beta,short_swing_buy_to_watch_proxy,18,0.6666666666666666,0.01465477105229627,0.02533532964617328,-0.05611390284757112,10,0.057692307692307696,3.540270466720652,5,0,hypothesis_only,need_more_data,event_count_below_30
159338,159338,国泰中证A500ETF,新宽基与新风格,trade_pool,broad_index,core_beta,short_swing_buy_to_sell_proxy,0,,,,,10,0.0,,0,0,hypothesis_only,need_more_data,event_count_below_30
159338,159338,国泰中证A500ETF,新宽基与新风格,trade_pool,broad_index,core_beta,volume_heat_decay_proxy,26,0.5769230769230769,0.014111704482589343,0.0248120117229083,-0.06259426847662142,10,0.08333333333333333,3.8874142995056977,8,1,hypothesis_only,need_more_data,event_count_below_30
159338,159338,国泰中证A500ETF,新宽基与新风格,trade_pool,broad_index,core_beta,type_stop_loss_proxy,5,1.0,0.03236795418569662,0.07144556983488667,0.0,10,0.016025641025641024,,3,0,hypothesis_only,need_more_data,event_count_below_30
159352,159352,南方中证A500ETF,新宽基与新风格,trade_pool,broad_index,core_beta,rank_score_decline_2d_proxy,75,0.647887323943662,0.008814321091660754,0.02138780853754027,-0.1258603736479842,10,0.2403846153846154,1.1743588205321531,16,8,sample_limited,research_only_not_online,
159352,159352,南方中证A500ETF,新宽基与新风格,trade_pool,broad_index,core_beta,rank_score_decline_3d_proxy,29,0.7407407407407407,0.0112586203031678,0.03411255680561429,-0.11188811188811176,10,0.09294871794871795,1.115018806139463,7,1,hypothesis_only,need_more_data,event_count_below_30
159352,159352,南方中证A500ETF,新宽基与新风格,trade_pool,broad_index,core_beta,rank_score_below_70_proxy,173,0.5950920245398773,0.00831093459778421,0.023144267700082276,-0.08586626139817632,10,0.5544871794871795,1.3285697722377192,43,15,sample_limited,research_only_not_online,
159352,159352,南方中证A500ETF,新宽基与新风格,trade_pool,broad_index,core_beta,top_decile_drop_proxy,14,0.8571428571428571,0.02278826314249747,0.032087873483511574,-0.052090975788701366,10,0.04487179487179487,5.711731043522582,4,0,hypothesis_only,need_more_data,event_count_below_30
159352,159352,南方中证A500ETF,新宽基与新风格,trade_pool,broad_index,core_beta,short_swing_buy_to_watch_proxy,18,0.6666666666666666,0.014991620233745494,0.02379421911493199,-0.057924376508447395,10,0.057692307692307696,4.3578982005913725,5,0,hypothesis_only,need_more_data,event_count_below_30
159352,159352,南方中证A500ETF,新宽基与新风格,trade_pool,broad_index,core_beta,short_swing_buy_to_sell_proxy,0,,,,,10,0.0,,0,0,hypothesis_only,need_more_data,event_count_below_30
159352,159352,南方中证A500ETF,新宽基与新风格,trade_pool,broad_index,core_beta,volume_heat_decay_proxy,31,0.6071428571428571,0.009552793831088893,0.010639570751636102,-0.06308919506889044,10,0.09935897435897435,2.0107237345136424,5,1,hypothesis_only,research_only_not_online,
159352,159352,南方中证A500ETF,新宽基与新风格,trade_pool,broad_index,core_beta,type_stop_loss_proxy,5,1.0,0.0369576499957065,0.07559429467554528,0.0,10,0.016025641025641024,,3,0,hypothesis_only,need_more_data,event_count_below_30
159363,159363,159363,expanded_formal_data,research_only,unknown,manual_review,rank_score_decline_2d_proxy,77,0.7397260273972602,0.038507990997900934,0.07885045190388203,-0.27071823204419887,10,0.2467948717948718,0.9851032021777324,46,19,sample_limited,research_only_not_online,
159363,159363,159363,expanded_formal_data,research_only,unknown,manual_review,rank_score_decline_3d_proxy,37,0.6944444444444444,0.03444135160019751,0.08565218676702471,-0.2556390977443609,10,0.11858974358974358,1.0919876958178638,23,11,hypothesis_only,research_only_not_online,
159363,159363,159363,expanded_formal_data,research_only,unknown,manual_review,rank_score_below_70_proxy,163,0.6451612903225806,0.03890867691401791,0.0706385292105784,-0.14048672566371678,10,0.5224358974358975,2.054475346562276,85,36,sample_limited,research_only_not_online,
159363,159363,159363,expanded_formal_data,research_only,unknown,manual_review,top_decile_drop_proxy,17,0.8823529411764706,0.07785147939347875,0.1191791848771351,-0.09756097560975607,10,0.05448717948717949,41.18262798367508,12,2,hypothesis_only,need_more_data,event_count_below_30
159363,159363,159363,expanded_formal_data,research_only,unknown,manual_review,short_swing_buy_to_watch_proxy,18,0.8235294117647058,0.05284645713126411,0.11965221274156894,-0.11098398169336376,10,0.057692307692307696,1.5039594991486278,12,2,hypothesis_only,need_more_data,event_count_below_30
159363,159363,159363,expanded_formal_data,research_only,unknown,manual_review,short_swing_buy_to_sell_proxy,3,0.3333333333333333,0.011228244683872513,0.037122642203633406,-0.07027649769585242,10,0.009615384615384616,3.1275298499727455,1,1,hypothesis_only,need_more_data,event_count_below_30
159363,159363,159363,expanded_formal_data,research_only,unknown,manual_review,volume_heat_decay_proxy,29,0.7241379310344828,0.04689590224247087,0.09312710874731664,-0.1885245901639344,10,0.09294871794871795,1.530523174163076,20,7,hypothesis_only,need_more_data,event_count_below_30
159363,159363,159363,expanded_formal_data,research_only,unknown,manual_review,type_stop_loss_proxy,79,0.8133333333333334,0.060485634917742,0.08623730972364091,-0.19675456389452328,10,0.2532051282051282,1.4797764634521289,54,13,sample_limited,risk_control_candidate_requires_backtest,
159395,159395,159395,expanded_formal_data,research_only,unknown,manual_review,rank_score_decline_2d_proxy,78,0.75,0.0011196854587965845,0.0020832014314381537,-0.007210776545166331,10,0.25,1.0756649032021768,0,0,sample_limited,research_only_not_online,
159395,159395,159395,expanded_formal_data,research_only,unknown,manual_review,rank_score_decline_3d_proxy,42,0.7317073170731707,0.001019008145531786,0.0020489247821392064,-0.00623630541041631,10,0.1346153846153846,1.0346056069710503,0,0,sample_limited,research_only_not_online,
159395,159395,159395,expanded_formal_data,research_only,unknown,manual_review,rank_score_below_70_proxy,184,0.6983240223463687,0.0008816449556900105,0.0017771247813013747,-0.008869859288631377,10,0.5897435897435898,0.9464308566033075,0,0,sample_limited,research_only_not_online,
159395,159395,159395,expanded_formal_data,research_only,unknown,manual_review,top_decile_drop_proxy,11,0.9090909090909091,0.0010888085701620557,0.00212533653767899,-0.003981465930309458,10,0.035256410256410256,0.4008161938698722,0,0,hypothesis_only,need_more_data,event_count_below_30
159395,159395,159395,expanded_formal_data,research_only,unknown,manual_review,short_swing_buy_to_watch_proxy,0,,,,,10,0.0,,0,0,hypothesis_only,need_more_data,event_count_below_30
159395,159395,159395,expanded_formal_data,research_only,unknown,manual_review,short_swing_buy_to_sell_proxy,0,,,,,10,0.0,,0,0,hypothesis_only,need_more_data,event_count_below_30
159395,159395,159395,expanded_formal_data,research_only,unknown,manual_review,volume_heat_decay_proxy,29,0.7407407407407407,0.0008731506954838367,0.0012257119267743216,-0.005151313634604193,10,0.09294871794871795,0.990571439163322,0,0,hypothesis_only,need_more_data,event_count_below_30
159395,159395,159395,expanded_formal_data,research_only,unknown,manual_review,type_stop_loss_proxy,0,,,,,10,0.0,,0,0,hypothesis_only,need_more_data,event_count_below_30
159396,159396,159396,expanded_formal_data,research_only,unknown,manual_review,rank_score_decline_2d_proxy,90,0.7241379310344828,0.001048700976279551,0.0020287759705497764,-0.007555775904809159,10,0.28846153846153844,1.215679477968192,0,0,sample_limited,research_only_not_online,
159396,159396,159396,expanded_formal_data,research_only,unknown,manual_review,rank_score_decline_3d_proxy,54,0.75,0.0012638219496188562,0.00225929891264551,-0.006385228968775691,10,0.17307692307692307,1.3574939276991087,0,0,sample_limited,research_only_not_online,
159396,159396,159396,expanded_formal_data,research_only,unknown,manual_review,rank_score_below_70_proxy,181,0.6971428571428572,0.0008931686976337013,0.001732543887845278,-0.009029702970297038,10,0.5801282051282052,0.9177011093835105,0,0,sample_limited,research_only_not_online,
159396,159396,159396,expanded_formal_data,research_only,unknown,manual_review,top_decile_drop_proxy,9,1.0,0.001431805004811687,0.0023888960667901027,-0.00212843891380321,10,0.028846153846153848,,0,0,hypothesis_only,need_more_data,event_count_below_30
159396,159396,159396,expanded_formal_data,research_only,unknown,manual_review,short_swing_buy_to_watch_proxy,0,,,,,10,0.0,,0,0,hypothesis_only,need_more_data,event_count_below_30
159396,159396,159396,expanded_formal_data,research_only,unknown,manual_review,short_swing_buy_to_sell_proxy,0,,,,,10,0.0,,0,0,hypothesis_only,need_more_data,event_count_below_30
159396,159396,159396,expanded_formal_data,research_only,unknown,manual_review,volume_heat_decay_proxy,21,0.8571428571428571,0.0015122064278622219,0.0029578005005364586,-0.007555775904809159,10,0.0673076923076923,1.7749745079991162,0,0,hypothesis_only,need_more_data,event_count_below_30
159396,159396,159396,expanded_formal_data,research_only,unknown,manual_review,type_stop_loss_proxy,0,,,,,10,0.0,,0,0,hypothesis_only,need_more_data,event_count_below_30
159398,159398,159398,expanded_formal_data,research_only,unknown,manual_review,rank_score_decline_2d_proxy,83,0.725,0.0011547276638828679,0.001828720843588727,-0.006430868167202619,10,0.266025641025641,1.3619104834442322,0,0,sample_limited,research_only_not_online,
159398,159398,159398,expanded_formal_data,research_only,unknown,manual_review,rank_score_decline_3d_proxy,48,0.7391304347826086,0.0012482247462300906,0.0017882966130152915,-0.0063797286368945105,10,0.15384615384615385,1.3108663029109187,0,0,sample_limited,research_only_not_online,
159398,159398,159398,expanded_formal_data,research_only,unknown,manual_review,rank_score_below_70_proxy,179,0.6954022988505747,0.0008890053643054002,0.0017209986055948653,-0.008152282240382669,10,0.5737179487179487,0.9791277366664058,0,0,sample_limited,research_only_not_online,
159398,159398,159398,expanded_formal_data,research_only,unknown,manual_review,top_decile_drop_proxy,9,0.875,0.0011126151059454442,0.002223810369499868,-0.0034606205250596878,10,0.028846153846153848,3.7962310221675986,0,0,hypothesis_only,need_more_data,event_count_below_30
159398,159398,159398,expanded_formal_data,research_only,unknown,manual_review,short_swing_buy_to_watch_proxy,0,,,,,10,0.0,,0,0,hypothesis_only,need_more_data,event_count_below_30
159398,159398,159398,expanded_formal_data,research_only,unknown,manual_review,short_swing_buy_to_sell_proxy,0,,,,,10,0.0,,0,0,hypothesis_only,need_more_data,event_count_below_30
159398,159398,159398,expanded_formal_data,research_only,unknown,manual_review,volume_heat_decay_proxy,33,0.7096774193548387,0.0010263317568714118,0.001003425759127754,-0.006430868167202619,10,0.10576923076923077,1.19631150965575,0,0,hypothesis_only,research_only_not_online,
159398,159398,159398,expanded_formal_data,research_only,unknown,manual_review,type_stop_loss_proxy,0,,,,,10,0.0,,0,0,hypothesis_only,need_more_data,event_count_below_30
159516,159516,159516,expanded_formal_data,research_only,unknown,manual_review,rank_score_decline_2d_proxy,64,0.5645161290322581,0.03495646603358397,0.0695414909383551,-0.5351872871736663,10,0.20512820512820512,1.553044234385626,25,17,sample_limited,research_only_not_online,
159516,159516,159516,expanded_formal_data,research_only,unknown,manual_review,rank_score_decline_3d_proxy,27,0.5769230769230769,0.037467970275532614,0.06937448550482722,-0.5274012964054213,10,0.08653846153846154,1.645376476420836,10,6,hypothesis_only,need_more_data,event_count_below_30
159516,159516,159516,expanded_formal_data,research_only,unknown,manual_review,rank_score_below_70_proxy,135,0.688,0.1168416164437929,0.21079499395739165,-0.10671936758893275,10,0.4326923076923077,7.547594760841827,70,13,sample_limited,research_only_not_online,
159516,159516,159516,expanded_formal_data,research_only,unknown,manual_review,top_decile_drop_proxy,14,0.5714285714285714,0.019613887059367927,0.035644934452439374,-0.516867469879518,10,0.04487179487179487,1.0502654386284687,7,4,hypothesis_only,need_more_data,event_count_below_30
159516,159516,159516,expanded_formal_data,research_only,unknown,manual_review,short_swing_buy_to_watch_proxy,15,0.6,0.04222817770913762,0.14651952899091286,-0.0904392764857882,10,0.04807692307692308,3.1336060787644375,5,5,hypothesis_only,need_more_data,event_count_below_30
159516,159516,159516,expanded_formal_data,research_only,unknown,manual_review,short_swing_buy_to_sell_proxy,2,0.5,0.012679192608512635,-0.012433622109469078,-0.06611570247933873,10,0.00641025641025641,7.1367292225201355,0,1,hypothesis_only,need_more_data,event_count_below_30
159516,159516,159516,expanded_formal_data,research_only,unknown,manual_review,volume_heat_decay_proxy,21,0.45,0.03375618838059785,0.041237864297958324,-0.5351872871736663,10,0.0673076923076923,1.9485294832585207,7,5,hypothesis_only,need_more_data,event_count_below_30
159516,159516,159516,expanded_formal_data,research_only,unknown,manual_review,type_stop_loss_proxy,97,0.7,0.05464414540256323,0.14708006775083715,-0.5393452039058013,10,0.3108974358974359,0.7923907688140682,49,25,sample_limited,risk_control_candidate_requires_backtest,
159518,159518,159518,expanded_formal_data,research_only,unknown,manual_review,rank_score_decline_2d_proxy,72,0.5352112676056338,0.006386559212114187,0.02818563732670018,-0.22765957446808505,10,0.23076923076923078,1.056235959163406,24,15,sample_limited,research_only_not_online,
159518,159518,159518,expanded_formal_data,research_only,unknown,manual_review,rank_score_decline_3d_proxy,31,0.5161290322580645,0.007216052891393709,0.03768358062139863,-0.21598272138228947,10,0.09935897435897435,1.227345878870958,10,5,hypothesis_only,research_only_not_online,
159518,159518,159518,expanded_formal_data,research_only,unknown,manual_review,rank_score_below_70_proxy,180,0.5764705882352941,0.010091162896524005,0.021088345389766953,-0.17901687454145265,10,0.5769230769230769,1.313251482299296,53,21,sample_limited,research_only_not_online,
159518,159518,159518,expanded_formal_data,research_only,unknown,manual_review,top_decile_drop_proxy,11,0.5454545454545454,0.03551196613769842,0.042693576250649845,-0.22020905923344947,10,0.035256410256410256,2.0260664056254325,4,2,hypothesis_only,need_more_data,event_count_below_30
159518,159518,159518,expanded_formal_data,research_only,unknown,manual_review,short_swing_buy_to_watch_proxy,17,0.4375,0.017937644606799995,0.0755477633413665,-0.2226980728051392,10,0.05448717948717949,2.215950084368927,6,3,hypothesis_only,need_more_data,event_count_below_30
159518,159518,159518,expanded_formal_data,research_only,unknown,manual_review,short_swing_buy_to_sell_proxy,5,1.0,0.10195879121899658,0.05396911755002494,-0.04824561403508776,10,0.016025641025641024,,3,0,hypothesis_only,need_more_data,event_count_below_30
159518,159518,159518,expanded_formal_data,research_only,unknown,manual_review,volume_heat_decay_proxy,35,0.45714285714285713,-0.0016194469089828262,0.013319814418514944,-0.2260127931769722,10,0.11217948717948718,1.0627234269640324,10,8,hypothesis_only,candidate_for_simulation_review,
159518,159518,159518,expanded_formal_data,research_only,unknown,manual_review,type_stop_loss_proxy,109,0.696969696969697,0.030811970262337333,0.039332962261286505,-0.18440233236151615,10,0.34935897435897434,1.5090809144602317,42,18,sample_limited,risk_control_candidate_requires_backtest,
159531,159531,159531,expanded_formal_data,research_only,unknown,manual_review,rank_score_decline_2d_proxy,81,0.5974025974025974,0.011757024975012327,0.0275920428941172,-0.1815812337098176,10,0.25961538461538464,1.3070294731575054,29,14,sample_limited,research_only_not_online,
159531,159531,159531,expanded_formal_data,research_only,unknown,manual_review,rank_score_decline_3d_proxy,36,0.6363636363636364,0.013647398572329862,0.027873574357308153,-0.16784452296819785,10,0.11538461538461539,1.30007773996652,12,5,hypothesis_only,research_only_not_online,
159531,159531,159531,expanded_formal_data,research_only,unknown,manual_review,rank_score_below_70_proxy,173,0.6319018404907976,0.013320791135627905,0.03232459750198625,-0.14222503160556266,10,0.5544871794871795,1.2946064898192249,64,28,sample_limited,research_only_not_online,
159531,159531,159531,expanded_formal_data,research_only,unknown,manual_review,top_decile_drop_proxy,12,0.8333333333333334,0.018477479048991358,0.020733677855298293,-0.0871446229913474,10,0.038461538461538464,1.1390799185611253,4,1,hypothesis_only,need_more_data,event_count_below_30
159531,159531,159531,expanded_formal_data,research_only,unknown,manual_review,short_swing_buy_to_watch_proxy,25,0.64,0.015670876447696797,0.025591684127585147,-0.12620734063103667,10,0.08012820512820513,1.5644637326890654,10,3,hypothesis_only,need_more_data,event_count_below_30
159531,159531,159531,expanded_formal_data,research_only,unknown,manual_review,short_swing_buy_to_sell_proxy,0,,,,,10,0.0,,0,0,hypothesis_only,need_more_data,event_count_below_30
159531,159531,159531,expanded_formal_data,research_only,unknown,manual_review,volume_heat_decay_proxy,26,0.6538461538461539,0.01723529122035033,0.04221976705383038,-0.12939001848428844,10,0.08333333333333333,1.4296275519170718,11,3,hypothesis_only,need_more_data,event_count_below_30
159531,159531,159531,expanded_formal_data,research_only,unknown,manual_review,type_stop_loss_proxy,46,0.7567567567567568,0.032286249620134044,0.07019465080985439,-0.13893967093235848,10,0.14743589743589744,1.2377533844710813,26,7,sample_limited,risk_control_candidate_requires_backtest,
159532,159532,159532,expanded_formal_data,research_only,unknown,manual_review,rank_score_decline_2d_proxy,73,0.6338028169014085,0.01709976254144603,0.04387903912636463,-0.13655287260616167,10,0.23397435897435898,1.3922279679626792,34,11,sample_limited,research_only_not_online,
159532,159532,159532,expanded_formal_data,research_only,unknown,manual_review,rank_score_decline_3d_proxy,30,0.6666666666666666,0.02078099890977346,0.04793277134400348,-0.12563237774030356,10,0.09615384615384616,1.6138442238486537,15,3,hypothesis_only,research_only_not_online,
159532,159532,159532,expanded_formal_data,research_only,unknown,manual_review,rank_score_below_70_proxy,174,0.6219512195121951,0.01579058928879707,0.037295140332462284,-0.13885778275475924,10,0.5576923076923077,1.553323374838528,64,22,sample_limited,research_only_not_online,
159532,159532,159532,expanded_formal_data,research_only,unknown,manual_review,top_decile_drop_proxy,10,0.7,0.024703288037376637,0.033861906735905965,-0.07989276139410184,10,0.03205128205128205,3.981107244316705,5,1,hypothesis_only,need_more_data,event_count_below_30
159532,159532,159532,expanded_formal_data,research_only,unknown,manual_review,short_swing_buy_to_watch_proxy,22,0.5454545454545454,0.01536123089661091,0.02778192322410686,-0.12464428002276595,10,0.07051282051282051,2.156561444575565,9,4,hypothesis_only,need_more_data,event_count_below_30
159532,159532,159532,expanded_formal_data,research_only,unknown,manual_review,short_swing_buy_to_sell_proxy,1,1.0,0.053201082055906124,0.08025247971145166,0.0,10,0.003205128205128205,,1,0,hypothesis_only,need_more_data,event_count_below_30
159532,159532,159532,expanded_formal_data,research_only,unknown,manual_review,volume_heat_decay_proxy,14,0.7692307692307693,0.013957594626158821,0.04230912794842942,-0.11761331038439471,10,0.04487179487179487,0.7907769253912875,4,3,hypothesis_only,need_more_data,event_count_below_30
159532,159532,159532,expanded_formal_data,research_only,unknown,manual_review,type_stop_loss_proxy,41,0.8064516129032258,0.03664387344317501,0.08246304857528267,-0.11819727891156462,10,0.13141025641025642,1.31422082861013,22,4,sample_limited,risk_control_candidate_requires_backtest,
159536,159536,159536,expanded_formal_data,research_only,unknown,manual_review,rank_score_decline_2d_proxy,82,0.6,0.009281772006687795,0.02756658648689478,-0.15451388888888884,10,0.26282051282051283,1.050674221367342,33,17,sample_limited,research_only_not_online,
159536,159536,159536,expanded_formal_data,research_only,unknown,manual_review,rank_score_decline_3d_proxy,43,0.5952380952380952,0.009804534862880587,0.02524827197017983,-0.1456140350877192,10,0.13782051282051283,1.0933152752000947,19,10,sample_limited,research_only_not_online,
159536,159536,159536,expanded_formal_data,research_only,unknown,manual_review,rank_score_below_70_proxy,176,0.6325301204819277,0.013244978801026862,0.0315037336937613,-0.1511555277951281,10,0.5641025641025641,1.2541198602212411,64,20,sample_limited,research_only_not_online,
159536,159536,159536,expanded_formal_data,research_only,unknown,manual_review,top_decile_drop_proxy,10,0.7,0.011831699586117062,0.005143798677571376,-0.09248913718187468,10,0.03205128205128205,0.7147565571984178,3,2,hypothesis_only,need_more_data,event_count_below_30
159536,159536,159536,expanded_formal_data,research_only,unknown,manual_review,short_swing_buy_to_watch_proxy,21,0.5238095238095238,0.005511278683642878,0.011035947513446604,-0.12152553329023918,10,0.0673076923076923,1.1758259463393366,6,3,hypothesis_only,need_more_data,event_count_below_30
159536,159536,159536,expanded_formal_data,research_only,unknown,manual_review,short_swing_buy_to_sell_proxy,1,0.0,-0.14249146757679187,-0.09385665529010234,-0.16894197952218426,10,0.003205128205128205,,0,1,hypothesis_only,need_more_data,event_count_below_30
159536,159536,159536,expanded_formal_data,research_only,unknown,manual_review,volume_heat_decay_proxy,24,0.5416666666666666,0.0038009569890287837,0.030132375431254178,-0.1511555277951281,10,0.07692307692307693,0.9963297019612927,10,6,hypothesis_only,need_more_data,event_count_below_30
159536,159536,159536,expanded_formal_data,research_only,unknown,manual_review,type_stop_loss_proxy,47,0.7837837837837838,0.030753605386862316,0.0703847722325168,-0.1365248226950354,10,0.15064102564102563,1.021075789993034,24,7,sample_limited,risk_control_candidate_requires_backtest,
159538,159538,159538,expanded_formal_data,research_only,unknown,manual_review,rank_score_decline_2d_proxy,69,0.5230769230769231,0.009611089988977745,0.017125243300438676,-0.18222222222222217,10,0.22115384615384615,1.3381544242413579,25,23,sample_limited,research_only_not_online,
159538,159538,159538,expanded_formal_data,research_only,unknown,manual_review,rank_score_decline_3d_proxy,31,0.4642857142857143,0.00034316778180619657,-0.013868972232847233,-0.15981735159817345,10,0.09935897435897435,1.0951702812766007,9,11,hypothesis_only,research_only_not_online,
159538,159538,159538,expanded_formal_data,research_only,unknown,manual_review,rank_score_below_70_proxy,160,0.5066666666666667,0.008637756372073306,0.02830549635513622,-0.14721104082806213,10,0.5128205128205128,1.393782224357879,50,45,sample_limited,research_only_not_online,
159538,159538,159538,expanded_formal_data,research_only,unknown,manual_review,top_decile_drop_proxy,20,0.65,0.04172788400037898,0.06245185163913283,-0.11534216335540848,10,0.0641025641025641,2.107875807232297,11,4,hypothesis_only,need_more_data,event_count_below_30
159538,159538,159538,expanded_formal_data,research_only,unknown,manual_review,short_swing_buy_to_watch_proxy,22,0.5909090909090909,0.02596594931265066,0.059917997844043065,-0.14178240740740733,10,0.07051282051282051,1.854445279913109,8,6,hypothesis_only,need_more_data,event_count_below_30
159538,159538,159538,expanded_formal_data,research_only,unknown,manual_review,short_swing_buy_to_sell_proxy,2,0.0,-0.028311252610318027,-0.047979071810847485,-0.10155763239875393,10,0.00641025641025641,,0,2,hypothesis_only,need_more_data,event_count_below_30
159538,159538,159538,expanded_formal_data,research_only,unknown,manual_review,volume_heat_decay_proxy,37,0.5428571428571428,0.01730601464294441,0.024843976103038536,-0.14178240740740733,10,0.11858974358974358,1.7805779702205327,16,10,hypothesis_only,research_only_not_online,
159538,159538,159538,expanded_formal_data,research_only,unknown,manual_review,type_stop_loss_proxy,93,0.5180722891566265,0.018925013815411965,0.03395646561618793,-0.12815990593768367,10,0.2980769230769231,2.15960227940724,32,23,sample_limited,risk_control_candidate_requires_backtest,
159539,159539,159539,expanded_formal_data,research_only,unknown,manual_review,rank_score_decline_2d_proxy,75,0.5070422535211268,0.00848596517723417,0.020867309433232912,-0.19015151515151518,10,0.2403846153846154,1.3895512114857338,28,27,sample_limited,research_only_not_online,
159539,159539,159539,expanded_formal_data,research_only,unknown,manual_review,rank_score_decline_3d_proxy,36,0.45454545454545453,0.0022970134752367784,-0.0018143157347763528,-0.16874027993779162,10,0.11538461538461539,1.33205530825321,13,13,hypothesis_only,research_only_not_online,
159539,159539,159539,expanded_formal_data,research_only,unknown,manual_review,rank_score_below_70_proxy,158,0.5067567567567568,0.008633475033765959,0.029574766686564363,-0.1475218658892129,10,0.5064102564102564,1.4049744980408743,49,44,sample_limited,research_only_not_online,
159539,159539,159539,expanded_formal_data,research_only,unknown,manual_review,top_decile_drop_proxy,20,0.65,0.04289278815757535,0.07388295636694459,-0.1106120157215047,10,0.0641025641025641,2.338065649359036,11,3,hypothesis_only,need_more_data,event_count_below_30
159539,159539,159539,expanded_formal_data,research_only,unknown,manual_review,short_swing_buy_to_watch_proxy,21,0.5714285714285714,0.02546060879419007,0.057112228003769694,-0.14302461899179364,10,0.0673076923076923,1.8982854785961443,6,6,hypothesis_only,need_more_data,event_count_below_30
159539,159539,159539,expanded_formal_data,research_only,unknown,manual_review,short_swing_buy_to_sell_proxy,3,0.6666666666666666,-0.015472954171720824,-0.02269518515159219,-0.1033608116677236,10,0.009615384615384616,0.06427055841421794,0,2,hypothesis_only,need_more_data,event_count_below_30
159539,159539,159539,expanded_formal_data,research_only,unknown,manual_review,volume_heat_decay_proxy,31,0.5333333333333333,0.020653748697393462,0.041393250647664116,-0.1465265615878576,10,0.09935897435897435,1.9820511307142978,15,11,hypothesis_only,research_only_not_online,
159539,159539,159539,expanded_formal_data,research_only,unknown,manual_review,type_stop_loss_proxy,91,0.5308641975308642,0.01896911044266941,0.03898264099113597,-0.11453201970443361,10,0.2916666666666667,1.984236994994999,33,23,sample_limited,risk_control_candidate_requires_backtest,
159540,159540,159540,expanded_formal_data,research_only,unknown,manual_review,rank_score_decline_2d_proxy,78,0.5405405405405406,0.013870999161266374,0.02779815905832345,-0.186029411764706,10,0.25,1.5598018006120522,30,22,sample_limited,research_only_not_online,
159540,159540,159540,expanded_formal_data,research_only,unknown,manual_review,rank_score_decline_3d_proxy,40,0.5135135135135135,0.008483249978528779,0.008400244741733788,-0.1657874905802562,10,0.1282051282051282,1.4536503265949856,15,12,sample_limited,research_only_not_online,
159540,159540,159540,expanded_formal_data,research_only,unknown,manual_review,rank_score_below_70_proxy,157,0.5306122448979592,0.010081254096683293,0.03213173611059989,-0.14356435643564358,10,0.5032051282051282,1.3651235541123954,50,43,sample_limited,research_only_not_online,
159540,159540,159540,expanded_formal_data,research_only,unknown,manual_review,top_decile_drop_proxy,19,0.631578947368421,0.0332104145581196,0.05858354965511231,-0.11069915254237284,10,0.060897435897435896,1.371784487526226,10,4,hypothesis_only,need_more_data,event_count_below_30
159540,159540,159540,expanded_formal_data,research_only,unknown,manual_review,short_swing_buy_to_watch_proxy,19,0.5789473684210527,0.02663601325486493,0.055721461389650444,-0.1393034825870647,10,0.060897435897435896,1.9897732583307668,7,4,hypothesis_only,need_more_data,event_count_below_30
159540,159540,159540,expanded_formal_data,research_only,unknown,manual_review,short_swing_buy_to_sell_proxy,3,0.0,-0.03142552786414721,-0.04550461251720611,-0.10282621767889355,10,0.009615384615384616,,0,2,hypothesis_only,need_more_data,event_count_below_30
159540,159540,159540,expanded_formal_data,research_only,unknown,manual_review,volume_heat_decay_proxy,32,0.6451612903225806,0.02808063588094547,0.03068445927626326,-0.1393034825870647,10,0.10256410256410256,1.9457163390696284,17,7,hypothesis_only,research_only_not_online,
159540,159540,159540,expanded_formal_data,research_only,unknown,manual_review,type_stop_loss_proxy,88,0.5641025641025641,0.020254291129766164,0.03655930300274544,-0.11471610660486675,10,0.28205128205128205,1.9005973663238815,32,22,sample_limited,risk_control_candidate_requires_backtest,
159545,159545,159545,expanded_formal_data,research_only,unknown,manual_review,rank_score_decline_2d_proxy,80,0.4805194805194805,-0.0021246674299042595,0.002646367251966827,-0.09239574816026164,10,0.2564102564102564,0.9111383910463923,11,9,sample_limited,candidate_for_simulation_review,
159545,159545,159545,expanded_formal_data,research_only,unknown,manual_review,rank_score_decline_3d_proxy,40,0.3684210526315789,-0.008822875893096794,-0.006115014995814216,-0.08866995073891615,10,0.1282051282051282,0.8301138784184118,4,5,sample_limited,candidate_for_simulation_review,
159545,159545,159545,expanded_formal_data,research_only,unknown,manual_review,rank_score_below_70_proxy,205,0.5487179487179488,0.00523461924100141,0.011375187601630952,-0.06565307532826536,10,0.657051282051282,1.3351187329933811,40,5,evidence_supported,research_only_not_online,
159545,159545,159545,expanded_formal_data,research_only,unknown,manual_review,top_decile_drop_proxy,7,0.5714285714285714,0.008541358681116051,0.013190731878092499,-0.05518617021276595,10,0.022435897435897436,1.7052137033311998,2,0,hypothesis_only,need_more_data,event_count_below_30
159545,159545,159545,expanded_formal_data,research_only,unknown,manual_review,short_swing_buy_to_watch_proxy,11,0.6363636363636364,0.00508874549397412,0.025647130350864997,-0.05518617021276595,10,0.035256410256410256,0.9857669042023594,1,0,hypothesis_only,need_more_data,event_count_below_30
159545,159545,159545,expanded_formal_data,research_only,unknown,manual_review,short_swing_buy_to_sell_proxy,0,,,,,10,0.0,,0,0,hypothesis_only,need_more_data,event_count_below_30
159545,159545,159545,expanded_formal_data,research_only,unknown,manual_review,volume_heat_decay_proxy,25,0.6363636363636364,0.00588758815224458,0.01847780094860778,-0.06518723994452136,10,0.08012820512820513,1.0248833304122973,3,1,hypothesis_only,need_more_data,event_count_below_30
159545,159545,159545,expanded_formal_data,research_only,unknown,manual_review,type_stop_loss_proxy,15,0.8461538461538461,0.026587124204337374,0.06308034142975877,-0.009873060648801113,10,0.04807692307692308,10.968022116704633,5,0,hypothesis_only,need_more_data,event_count_below_30
159547,159547,159547,expanded_formal_data,research_only,unknown,manual_review,rank_score_decline_2d_proxy,71,0.47058823529411764,-0.0006278332733159149,0.0020604194149312794,-0.054330708661417315,10,0.22756410256410256,1.0177886312866122,4,0,sample_limited,candidate_for_simulation_review,
159547,159547,159547,expanded_formal_data,research_only,unknown,manual_review,rank_score_decline_3d_proxy,37,0.45714285714285713,-0.001089980051814643,0.004476652885112979,-0.04933920704845818,10,0.11858974358974358,0.9789220631325828,1,0,hypothesis_only,candidate_for_simulation_review,
159547,159547,159547,expanded_formal_data,research_only,unknown,manual_review,rank_score_below_70_proxy,193,0.4702702702702703,0.0008885279560160278,0.002170618151656014,-0.05524419535628511,10,0.6185897435897436,1.2467326828005616,17,0,sample_limited,research_only_not_online,
159547,159547,159547,expanded_formal_data,research_only,unknown,manual_review,top_decile_drop_proxy,10,0.4,-0.002520325362463016,-0.008846336327016568,-0.053459119496855445,10,0.03205128205128205,0.9178031761028851,0,0,hypothesis_only,need_more_data,event_count_below_30
159547,159547,159547,expanded_formal_data,research_only,unknown,manual_review,short_swing_buy_to_watch_proxy,6,0.5,0.0007489931338031663,0.020221153208644,-0.020177562550444006,10,0.019230769230769232,1.2256248803424858,0,0,hypothesis_only,need_more_data,event_count_below_30
159547,159547,159547,expanded_formal_data,research_only,unknown,manual_review,short_swing_buy_to_sell_proxy,0,,,,,10,0.0,,0,0,hypothesis_only,need_more_data,event_count_below_30
159547,159547,159547,expanded_formal_data,research_only,unknown,manual_review,volume_heat_decay_proxy,10,0.8,0.009164476627683249,0.013894714800067246,-0.02079866888519133,10,0.03205128205128205,1.6539178357559219,0,0,hypothesis_only,need_more_data,event_count_below_30
159547,159547,159547,expanded_formal_data,research_only,unknown,manual_review,type_stop_loss_proxy,2,1.0,0.05746061167747929,0.0662650602409639,0.0,10,0.00641025641025641,,2,0,hypothesis_only,need_more_data,event_count_below_30
159549,159549,159549,expanded_formal_data,research_only,unknown,manual_review,rank_score_decline_2d_proxy,83,0.5,0.0005391970074245067,0.0023635338050903535,-0.048586572438162445,10,0.266025641025641,1.0582470899156358,4,0,sample_limited,research_only_not_online,
159549,159549,159549,expanded_formal_data,research_only,unknown,manual_review,rank_score_decline_3d_proxy,50,0.5,0.0007965474711376242,0.0035142813227897795,-0.048586572438162445,10,0.16025641025641027,1.1039045157434342,2,0,sample_limited,research_only_not_online,
159549,159549,159549,expanded_formal_data,research_only,unknown,manual_review,rank_score_below_70_proxy,200,0.5392670157068062,0.0027317749348353014,0.00685969451917186,-0.04016064257028118,10,0.6410256410256411,1.2740252648223844,6,0,evidence_supported,research_only_not_online,
159549,159549,159549,expanded_formal_data,research_only,unknown,manual_review,top_decile_drop_proxy,7,0.42857142857142855,-0.0024472389446246823,-0.002668397931587796,-0.045527156549520664,10,0.022435897435897436,0.790381422045658,0,0,hypothesis_only,need_more_data,event_count_below_30
159549,159549,159549,expanded_formal_data,research_only,unknown,manual_review,short_swing_buy_to_watch_proxy,2,0.0,-0.015503633570559394,-0.0053128037539245665,-0.02861815208503693,10,0.00641025641025641,,0,0,hypothesis_only,need_more_data,event_count_below_30
159549,159549,159549,expanded_formal_data,research_only,unknown,manual_review,short_swing_buy_to_sell_proxy,0,,,,,10,0.0,,0,0,hypothesis_only,need_more_data,event_count_below_30
159549,159549,159549,expanded_formal_data,research_only,unknown,manual_review,volume_heat_decay_proxy,14,0.6153846153846154,-0.0003487545328930526,0.0014971452356234705,-0.04213036565977735,10,0.04487179487179487,0.5899547308832032,0,0,hypothesis_only,need_more_data,event_count_below_30
159549,159549,159549,expanded_formal_data,research_only,unknown,manual_review,type_stop_loss_proxy,1,1.0,0.04271123491179196,0.05106778087279484,0.0,10,0.003205128205128205,,1,0,hypothesis_only,need_more_data,event_count_below_30
159551,159551,159551,expanded_formal_data,research_only,unknown,manual_review,rank_score_decline_2d_proxy,82,0.5256410256410257,0.007965807915192066,0.017617982505198842,-0.23589341692789967,10,0.26282051282051283,1.2113936504784235,30,23,sample_limited,research_only_not_online,
159551,159551,159551,expanded_formal_data,research_only,unknown,manual_review,rank_score_decline_3d_proxy,41,0.5128205128205128,0.006760590882143826,0.02126880679271798,-0.20473083197389885,10,0.13141025641025642,1.2295119747953047,15,8,sample_limited,research_only_not_online,
159551,159551,159551,expanded_formal_data,research_only,unknown,manual_review,rank_score_below_70_proxy,170,0.5375,0.008376285894950989,0.019722492177506705,-0.1647646219686162,10,0.5448717948717948,1.208188046851554,59,48,sample_limited,research_only_not_online,
159551,159551,159551,expanded_formal_data,research_only,unknown,manual_review,top_decile_drop_proxy,11,0.6363636363636364,0.029702035337808252,0.0505429315846657,-0.08163265306122458,10,0.035256410256410256,2.1687926261448442,6,1,hypothesis_only,need_more_data,event_count_below_30
159551,159551,159551,expanded_formal_data,research_only,unknown,manual_review,short_swing_buy_to_watch_proxy,20,0.631578947368421,0.017002188827928966,0.038918434525545685,-0.15755395683453233,10,0.0641025641025641,1.1875881022583294,9,7,hypothesis_only,need_more_data,event_count_below_30
159551,159551,159551,expanded_formal_data,research_only,unknown,manual_review,short_swing_buy_to_sell_proxy,1,1.0,0.02998379254457051,0.14343598055105344,-0.030794165316045397,10,0.003205128205128205,,0,0,hypothesis_only,need_more_data,event_count_below_30
159551,159551,159551,expanded_formal_data,research_only,unknown,manual_review,volume_heat_decay_proxy,33,0.5,0.011822106754402883,0.015474529982027113,-0.15437987857762359,10,0.10576923076923077,1.6424308793689661,12,10,hypothesis_only,research_only_not_online,
159551,159551,159551,expanded_formal_data,research_only,unknown,manual_review,type_stop_loss_proxy,99,0.5543478260869565,0.007665524684450636,0.01972696745084992,-0.17582417582417587,10,0.3173076923076923,1.122698774645297,33,24,sample_limited,risk_control_candidate_requires_backtest,
159558,159558,159558,expanded_formal_data,research_only,unknown,manual_review,rank_score_decline_2d_proxy,62,0.5737704918032787,0.028479317286536944,0.04991537093413912,-0.15489749430523914,10,0.1987179487179487,2.598668265806799,22,18,sample_limited,research_only_not_online,
159558,159558,159558,expanded_formal_data,research_only,unknown,manual_review,rank_score_decline_3d_proxy,29,0.5357142857142857,0.018142964685605494,0.017333415554943894,-0.1368078175895766,10,0.09294871794871795,2.2400829301009986,9,8,hypothesis_only,need_more_data,event_count_below_30
159558,159558,159558,expanded_formal_data,research_only,unknown,manual_review,rank_score_below_70_proxy,147,0.5434782608695652,0.02440087485167377,0.0679253394679228,-0.18711656441717794,10,0.47115384615384615,2.1368445918907413,57,35,sample_limited,research_only_not_online,
159558,159558,159558,expanded_formal_data,research_only,unknown,manual_review,top_decile_drop_proxy,14,0.7142857142857143,0.0788443894987377,0.09506782277668709,-0.11538461538461542,10,0.04487179487179487,3.753283435215437,8,2,hypothesis_only,need_more_data,event_count_below_30
159558,159558,159558,expanded_formal_data,research_only,unknown,manual_review,short_swing_buy_to_watch_proxy,17,0.5882352941176471,0.03641784063617387,0.1389049371850244,-0.15489749430523914,10,0.05448717948717949,2.336159543174377,6,6,hypothesis_only,need_more_data,event_count_below_30
159558,159558,159558,expanded_formal_data,research_only,unknown,manual_review,short_swing_buy_to_sell_proxy,3,0.6666666666666666,0.015498136502905028,-0.01299604033235241,-0.06426886792452835,10,0.009615384615384616,6.132465609055819,0,1,hypothesis_only,need_more_data,event_count_below_30
159558,159558,159558,expanded_formal_data,research_only,unknown,manual_review,volume_heat_decay_proxy,17,0.6470588235294118,0.04987365042604252,0.04235664518924885,-0.1368078175895766,10,0.05448717948717949,4.254344721917972,7,4,hypothesis_only,need_more_data,event_count_below_30
159558,159558,159558,expanded_formal_data,research_only,unknown,manual_review,type_stop_loss_proxy,84,0.6233766233766234,0.02669398574149901,0.049522210264915593,-0.1368078175895766,10,0.2692307692307692,1.8541087530855338,33,28,sample_limited,risk_control_candidate_requires_backtest,
159559,159559,159559,expanded_formal_data,research_only,unknown,manual_review,rank_score_decline_2d_proxy,88,0.5119047619047619,0.0063801662177973605,0.01027985494724309,-0.23896499238964997,10,0.28205128205128205,1.203270381393651,32,33,sample_limited,research_only_not_online,
159559,159559,159559,expanded_formal_data,research_only,unknown,manual_review,rank_score_decline_3d_proxy,46,0.5,0.005762504393125617,0.015522485712199736,-0.20948616600790504,10,0.14743589743589744,1.2663331721124604,16,16,sample_limited,research_only_not_online,
159559,159559,159559,expanded_formal_data,research_only,unknown,manual_review,rank_score_below_70_proxy,170,0.525,0.008739482963097817,0.015382585983410097,-0.1605281445448229,10,0.5448717948717948,1.273708865373026,58,57,sample_limited,research_only_not_online,
159559,159559,159559,expanded_formal_data,research_only,unknown,manual_review,top_decile_drop_proxy,19,0.47368421052631576,-0.00022020655389845106,0.013147462627915267,-0.10692254969156967,10,0.060897435897435896,1.0994673552972667,7,7,hypothesis_only,need_more_data,event_count_below_30
159559,159559,159559,expanded_formal_data,research_only,unknown,manual_review,short_swing_buy_to_watch_proxy,18,0.5555555555555556,0.006109510356366939,0.025075434225006184,-0.1605281445448229,10,0.057692307692307696,1.0006285697994561,7,8,hypothesis_only,need_more_data,event_count_below_30
159559,159559,159559,expanded_formal_data,research_only,unknown,manual_review,short_swing_buy_to_sell_proxy,2,1.0,0.041474654377880116,0.17204301075268824,-0.03379416282642089,10,0.00641025641025641,,1,0,hypothesis_only,need_more_data,event_count_below_30
159559,159559,159559,expanded_formal_data,research_only,unknown,manual_review,volume_heat_decay_proxy,36,0.4857142857142857,0.006447132527813796,0.013541556248987119,-0.1582491582491582,10,0.11538461538461539,1.3777227683557667,11,13,hypothesis_only,research_only_not_online,
159559,159559,159559,expanded_formal_data,research_only,unknown,manual_review,type_stop_loss_proxy,124,0.49572649572649574,0.0033295914891669502,0.008297279682630443,-0.17218543046357615,10,0.3974358974358974,1.1687446581526688,38,43,sample_limited,risk_control_candidate_requires_backtest,
159562,159562,159562,expanded_formal_data,research_only,unknown,manual_review,rank_score_decline_2d_proxy,77,0.7027027027027027,0.02259050814066681,0.0403939989991019,-0.23014472290857746,10,0.2467948717948718,0.9423194013403345,38,16,sample_limited,research_only_not_online,
159562,159562,159562,expanded_formal_data,research_only,unknown,manual_review,rank_score_decline_3d_proxy,41,0.7435897435897436,0.037736662018183924,0.04849622773575605,-0.21631333093783678,10,0.13141025641025642,1.2532245102664632,24,5,sample_limited,research_only_not_online,
159562,159562,159562,expanded_formal_data,research_only,unknown,manual_review,rank_score_below_70_proxy,200,0.5368421052631579,0.0046876336623558265,0.025925607397190575,-0.29440310579100615,10,0.6410256410256411,1.0148178387669795,65,53,evidence_supported,research_only_not_online,
159562,159562,159562,expanded_formal_data,research_only,unknown,manual_review,top_decile_drop_proxy,9,0.5555555555555556,0.0607100655938699,0.026196072364896836,-0.10949227373068438,10,0.028846153846153848,3.148558989276844,4,2,hypothesis_only,need_more_data,event_count_below_30
159562,159562,159562,expanded_formal_data,research_only,unknown,manual_review,short_swing_buy_to_watch_proxy,16,0.5625,0.0008664321033001882,0.05155394744768551,-0.2391573729863692,10,0.05128205128205128,0.8010583713243066,4,4,hypothesis_only,need_more_data,event_count_below_30
159562,159562,159562,expanded_formal_data,research_only,unknown,manual_review,short_swing_buy_to_sell_proxy,4,0.25,-0.036174713557737354,-0.04799754777681159,-0.23014472290857746,10,0.01282051282051282,0.4686923680723907,0,2,hypothesis_only,need_more_data,event_count_below_30
159562,159562,159562,expanded_formal_data,research_only,unknown,manual_review,volume_heat_decay_proxy,24,0.9130434782608695,0.03374685870705795,0.05862066609381526,-0.21631333093783678,10,0.07692307692307693,0.34532839939893845,16,2,hypothesis_only,need_more_data,event_count_below_30
159562,159562,159562,expanded_formal_data,research_only,unknown,manual_review,type_stop_loss_proxy,117,0.42990654205607476,-0.008669748951242793,-0.017413970458419456,-0.29440310579100615,10,0.375,0.9915037849995306,30,41,sample_limited,candidate_for_simulation_review,
159593,159593,中证A50ETF,新宽基与新风格,trade_pool,broad_index,core_beta,rank_score_decline_2d_proxy,73,0.6428571428571429,0.004976429205871786,0.019013194609478656,-0.08628127696289911,10,0.23397435897435898,0.9375892805962677,9,4,sample_limited,research_only_not_online,
159593,159593,中证A50ETF,新宽基与新风格,trade_pool,broad_index,core_beta,rank_score_decline_3d_proxy,31,0.6896551724137931,0.006317011736322023,0.02918657098595085,-0.041884816753926746,10,0.09935897435897435,1.0535443221983578,3,0,hypothesis_only,research_only_not_online,
159593,159593,中证A50ETF,新宽基与新风格,trade_pool,broad_index,core_beta,rank_score_below_70_proxy,188,0.6292134831460674,0.008654521152663314,0.018397784038230974,-0.05670103092783518,10,0.6025641025641025,1.3818458486735496,34,0,sample_limited,research_only_not_online,
159593,159593,中证A50ETF,新宽基与新风格,trade_pool,broad_index,core_beta,top_decile_drop_proxy,10,0.6,0.009679545673871592,0.020266143668982106,-0.047652417659425406,10,0.03205128205128205,1.5419962963511449,1,0,hypothesis_only,need_more_data,event_count_below_30
159593,159593,中证A50ETF,新宽基与新风格,trade_pool,broad_index,core_beta,short_swing_buy_to_watch_proxy,13,0.38461538461538464,-0.004792300102943523,0.006053838460095311,-0.09795570698466782,10,0.041666666666666664,0.8806651274518659,0,1,hypothesis_only,need_more_data,event_count_below_30
159593,159593,中证A50ETF,新宽基与新风格,trade_pool,broad_index,core_beta,short_swing_buy_to_sell_proxy,0,,,,,10,0.0,,0,0,hypothesis_only,need_more_data,event_count_below_30
159593,159593,中证A50ETF,新宽基与新风格,trade_pool,broad_index,core_beta,volume_heat_decay_proxy,28,0.6296296296296297,0.004756469919617255,0.017324723394854302,-0.044742729306487705,10,0.08974358974358974,1.085492436690517,3,0,hypothesis_only,need_more_data,event_count_below_30
159593,159593,中证A50ETF,新宽基与新风格,trade_pool,broad_index,core_beta,type_stop_loss_proxy,3,1.0,0.03953405607647283,0.06435882268508115,0.0,10,0.009615384615384616,,3,0,hypothesis_only,need_more_data,event_count_below_30
159595,159595,159595,expanded_formal_data,research_only,unknown,manual_review,rank_score_decline_2d_proxy,69,0.6865671641791045,0.009057768344696791,0.02037730313067621,-0.08658008658008665,10,0.22115384615384615,1.081346321843451,14,4,sample_limited,research_only_not_online,
159595,159595,159595,expanded_formal_data,research_only,unknown,manual_review,rank_score_decline_3d_proxy,22,0.8095238095238095,0.016271296105995595,0.03368081779932595,-0.03340440653873489,10,0.07051282051282051,1.7994253801316455,6,0,hypothesis_only,need_more_data,event_count_below_30
159595,159595,159595,expanded_formal_data,research_only,unknown,manual_review,rank_score_below_70_proxy,189,0.6256983240223464,0.008562275184119512,0.01814276469508207,-0.05313653136531371,10,0.6057692307692307,1.4628042925481604,32,0,sample_limited,research_only_not_online,
159595,159595,159595,expanded_formal_data,research_only,unknown,manual_review,top_decile_drop_proxy,10,0.6,0.011295762708321366,0.01849449155035604,-0.04628330995792418,10,0.03205128205128205,2.1023499401752743,1,0,hypothesis_only,need_more_data,event_count_below_30
159595,159595,159595,expanded_formal_data,research_only,unknown,manual_review,short_swing_buy_to_watch_proxy,11,0.45454545454545453,0.004338001956886808,0.011544515095997632,-0.10136286201022149,10,0.035256410256410256,1.5123336505095748,1,1,hypothesis_only,need_more_data,event_count_below_30
159595,159595,159595,expanded_formal_data,research_only,unknown,manual_review,short_swing_buy_to_sell_proxy,0,,,,,10,0.0,,0,0,hypothesis_only,need_more_data,event_count_below_30
159595,159595,159595,expanded_formal_data,research_only,unknown,manual_review,volume_heat_decay_proxy,17,0.9375,0.01861465581776145,0.025971278873061047,-0.02267573696145131,10,0.05448717948717949,,4,0,hypothesis_only,need_more_data,event_count_below_30
159595,159595,159595,expanded_formal_data,research_only,unknown,manual_review,type_stop_loss_proxy,8,1.0,0.022723046166855637,0.05676901133353268,-0.0009033423667569318,10,0.02564102564102564,,3,0,hypothesis_only,need_more_data,event_count_below_30
159608,159608,159608,expanded_formal_data,research_only,unknown,manual_review,rank_score_decline_2d_proxy,68,0.7164179104477612,0.027462545409049653,0.05830836366092769,-0.1841903300076746,10,0.21794871794871795,0.9739549904817931,32,19,sample_limited,research_only_not_online,
159608,159608,159608,expanded_formal_data,research_only,unknown,manual_review,rank_score_decline_3d_proxy,36,0.6666666666666666,0.016156558608717408,0.05982514374353276,-0.1841903300076746,10,0.11538461538461539,0.8460563010756487,17,12,hypothesis_only,research_only_not_online,
159608,159608,159608,expanded_formal_data,research_only,unknown,manual_review,rank_score_below_70_proxy,156,0.7191780821917808,0.03555317030642719,0.06955602804479508,-0.1977358490566038,10,0.5,1.312036296747314,83,27,sample_limited,research_only_not_online,
159608,159608,159608,expanded_formal_data,research_only,unknown,manual_review,top_decile_drop_proxy,17,0.7647058823529411,0.035566339380447586,0.05874491983580347,-0.1765557163531114,10,0.05448717948717949,1.2838078961064874,7,4,hypothesis_only,need_more_data,event_count_below_30
159608,159608,159608,expanded_formal_data,research_only,unknown,manual_review,short_swing_buy_to_watch_proxy,20,0.55,0.03529399975256875,0.07642772893043985,-0.1607669616519175,10,0.0641025641025641,2.7222428405860035,8,5,hypothesis_only,need_more_data,event_count_below_30
159608,159608,159608,expanded_formal_data,research_only,unknown,manual_review,short_swing_buy_to_sell_proxy,5,0.8,0.027007669678348202,0.08408861210749168,-0.051155115511551164,10,0.016025641025641024,0.9555181507076959,3,0,hypothesis_only,need_more_data,event_count_below_30
159608,159608,159608,expanded_formal_data,research_only,unknown,manual_review,volume_heat_decay_proxy,17,0.9411764705882353,0.06585357503372402,0.0893720039475843,-0.15095846645367417,10,0.05448717948717949,0.7522773085717429,12,1,hypothesis_only,need_more_data,event_count_below_30
159608,159608,159608,expanded_formal_data,research_only,unknown,manual_review,type_stop_loss_proxy,93,0.6823529411764706,0.026162119050645707,0.06441928666384766,-0.1841903300076746,10,0.2980769230769231,1.0740475105156737,45,16,sample_limited,risk_control_candidate_requires_backtest,
159611,159611,159611,expanded_formal_data,research_only,unknown,manual_review,rank_score_decline_2d_proxy,76,0.5972222222222222,0.007679844367390601,0.013564269488140683,-0.09685641461342409,10,0.24358974358974358,1.2213528580915314,15,7,sample_limited,research_only_not_online,
159611,159611,159611,expanded_formal_data,research_only,unknown,manual_review,rank_score_decline_3d_proxy,34,0.45161290322580644,0.002619144094928672,0.006240491682448595,-0.06999125109361337,10,0.10897435897435898,1.4061730161466626,7,4,hypothesis_only,research_only_not_online,
159611,159611,159611,expanded_formal_data,research_only,unknown,manual_review,rank_score_below_70_proxy,173,0.6766467065868264,0.016609891690196943,0.03194938962463036,-0.06178287731685794,10,0.5544871794871795,2.610239198970063,46,2,sample_limited,research_only_not_online,
159611,159611,159611,expanded_formal_data,research_only,unknown,manual_review,top_decile_drop_proxy,19,0.3888888888888889,-0.003998257242116659,-0.0023995681774021216,-0.09685641461342409,10,0.060897435897435896,0.917615475286561,1,3,hypothesis_only,need_more_data,event_count_below_30
159611,159611,159611,expanded_formal_data,research_only,unknown,manual_review,short_swing_buy_to_watch_proxy,9,0.75,0.01217232557254179,-0.001446010176236967,-0.09685641461342409,10,0.028846153846153848,0.734008646678685,2,1,hypothesis_only,need_more_data,event_count_below_30
159611,159611,159611,expanded_formal_data,research_only,unknown,manual_review,short_swing_buy_to_sell_proxy,1,1.0,0.08138528138528156,,,10,0.003205128205128205,,1,0,hypothesis_only,need_more_data,event_count_below_30
159611,159611,159611,expanded_formal_data,research_only,unknown,manual_review,volume_heat_decay_proxy,23,0.6521739130434783,0.01129672002953056,0.034062374111157194,-0.050373134328358216,10,0.07371794871794872,1.8753564082318814,5,0,hypothesis_only,need_more_data,event_count_below_30
159611,159611,159611,expanded_formal_data,research_only,unknown,manual_review,type_stop_loss_proxy,28,0.8636363636363636,0.02461403751062834,0.0495725804122206,-0.050892857142857295,10,0.08974358974358974,1.501980776445598,11,0,hypothesis_only,need_more_data,event_count_below_30
159613,159613,159613,expanded_formal_data,research_only,unknown,manual_review,rank_score_decline_2d_proxy,73,0.5454545454545454,-0.0007975928918308703,0.008466194811782245,-0.1753875968992249,10,0.23397435897435898,0.8073982510692109,24,22,sample_limited,candidate_for_simulation_review,
159613,159613,159613,expanded_formal_data,research_only,unknown,manual_review,rank_score_decline_3d_proxy,32,0.5925925925925926,0.005226059001878303,0.011985917613126998,-0.1266666666666667,10,0.10256410256410256,0.8784557058823197,10,9,hypothesis_only,research_only_not_online,
159613,159613,159613,expanded_formal_data,research_only,unknown,manual_review,rank_score_below_70_proxy,179,0.5207100591715976,0.0015018132094894677,0.009669915148356948,-0.18351324828262994,10,0.5737179487179487,0.9582793441245075,56,43,sample_limited,research_only_not_online,
159613,159613,159613,expanded_formal_data,research_only,unknown,manual_review,top_decile_drop_proxy,12,0.6666666666666666,0.008066128317448249,0.008859215477213392,-0.1872015281757402,10,0.038461538461538464,0.7727338506367983,2,3,hypothesis_only,need_more_data,event_count_below_30
159613,159613,159613,expanded_formal_data,research_only,unknown,manual_review,short_swing_buy_to_watch_proxy,15,0.5333333333333333,-0.007738471623953373,0.013240807352093927,-0.1037549407114624,10,0.04807692307692308,0.6182250878954424,3,5,hypothesis_only,need_more_data,event_count_below_30
159613,159613,159613,expanded_formal_data,research_only,unknown,manual_review,short_swing_buy_to_sell_proxy,3,0.0,-0.04033162342932909,-0.06665952953927445,-0.18351324828262994,10,0.009615384615384616,,0,1,hypothesis_only,need_more_data,event_count_below_30
159613,159613,159613,expanded_formal_data,research_only,unknown,manual_review,volume_heat_decay_proxy,29,0.64,0.012734982235260333,0.010671316611978177,-0.11086226203807392,10,0.09294871794871795,0.9995645450084308,12,7,hypothesis_only,need_more_data,event_count_below_30
159613,159613,159613,expanded_formal_data,research_only,unknown,manual_review,type_stop_loss_proxy,99,0.6179775280898876,0.007392675400229975,0.014622091434125871,-0.12168141592920356,10,0.3173076923076923,0.8535370358447341,37,19,sample_limited,risk_control_candidate_requires_backtest,
159615,159615,159615,expanded_formal_data,research_only,unknown,manual_review,rank_score_decline_2d_proxy,91,0.5465116279069767,0.021274926841176017,0.04172232700571624,-0.17016574585635358,10,0.2916666666666667,1.6742350566069282,38,36,sample_limited,research_only_not_online,
159615,159615,159615,expanded_formal_data,research_only,unknown,manual_review,rank_score_decline_3d_proxy,49,0.6222222222222222,0.038857416064818816,0.07356652690665269,-0.1601005867560772,10,0.15705128205128205,2.1088105011860807,24,15,sample_limited,research_only_not_online,
159615,159615,159615,expanded_formal_data,research_only,unknown,manual_review,rank_score_below_70_proxy,195,0.4,-0.0016299742793672615,0.0028541842788982206,-0.19100091827364551,10,0.625,1.3882882005367794,53,88,sample_limited,candidate_for_simulation_review,
159615,159615,159615,expanded_formal_data,research_only,unknown,manual_review,top_decile_drop_proxy,9,0.6666666666666666,0.026612381708809293,0.06423059804874896,-0.12880765883376866,10,0.028846153846153848,1.661393298827369,3,2,hypothesis_only,need_more_data,event_count_below_30
159615,159615,159615,expanded_formal_data,research_only,unknown,manual_review,short_swing_buy_to_watch_proxy,12,0.4166666666666667,0.009025460644817471,-0.0015022336580225077,-0.1601005867560772,10,0.038461538461538464,1.8118318958156345,5,6,hypothesis_only,need_more_data,event_count_below_30
159615,159615,159615,expanded_formal_data,research_only,unknown,manual_review,short_swing_buy_to_sell_proxy,2,1.0,0.02686607782004491,0.08498263632114822,-0.07852760736196318,10,0.00641025641025641,,0,1,hypothesis_only,need_more_data,event_count_below_30
159615,159615,159615,expanded_formal_data,research_only,unknown,manual_review,volume_heat_decay_proxy,36,0.5428571428571428,0.02636452032935773,0.04381109932610481,-0.1601005867560772,10,0.11538461538461539,2.063410167286578,17,12,hypothesis_only,research_only_not_online,
159615,159615,159615,expanded_formal_data,research_only,unknown,manual_review,type_stop_loss_proxy,132,0.47540983606557374,0.004338353575616568,0.018125352599556516,-0.19100091827364551,10,0.4230769230769231,1.2926021295244798,39,47,sample_limited,risk_control_candidate_requires_backtest,
159625,159625,159625,expanded_formal_data,research_only,unknown,manual_review,rank_score_decline_2d_proxy,74,0.5211267605633803,0.005449726874761909,0.013277587908183546,-0.08965014577259478,10,0.23717948717948717,1.4703789602544188,13,7,sample_limited,research_only_not_online,
159625,159625,159625,expanded_formal_data,research_only,unknown,manual_review,rank_score_decline_3d_proxy,32,0.43333333333333335,0.004517387169928999,0.011247683389231744,-0.06929955290611023,10,0.10256410256410256,1.8134532944614876,7,4,hypothesis_only,research_only_not_online,
159625,159625,159625,expanded_formal_data,research_only,unknown,manual_review,rank_score_below_70_proxy,174,0.7005988023952096,0.017384205037288894,0.0323853470369584,-0.06240126382306477,10,0.5576923076923077,2.5047549053752562,45,1,sample_limited,research_only_not_online,
159625,159625,159625,expanded_formal_data,research_only,unknown,manual_review,top_decile_drop_proxy,18,0.35294117647058826,-0.010093750774746254,-0.008098645023879776,-0.08965014577259478,10,0.057692307692307696,0.6157688719954797,1,4,hypothesis_only,need_more_data,event_count_below_30
159625,159625,159625,expanded_formal_data,research_only,unknown,manual_review,short_swing_buy_to_watch_proxy,10,0.5555555555555556,-0.00021822675377409291,-0.014615552170592369,-0.08965014577259478,10,0.03205128205128205,0.5901570362150732,1,3,hypothesis_only,need_more_data,event_count_below_30
159625,159625,159625,expanded_formal_data,research_only,unknown,manual_review,short_swing_buy_to_sell_proxy,0,,,,,10,0.0,,0,0,hypothesis_only,need_more_data,event_count_below_30
159625,159625,159625,expanded_formal_data,research_only,unknown,manual_review,volume_heat_decay_proxy,26,0.5652173913043478,0.009188869059484472,0.02477795897532879,-0.03477588871715609,10,0.08333333333333333,2.750447942329548,4,0,hypothesis_only,need_more_data,event_count_below_30
159625,159625,159625,expanded_formal_data,research_only,unknown,manual_review,type_stop_loss_proxy,38,0.5454545454545454,0.012434379632166676,0.0273565213752695,-0.058779201205727105,10,0.12179487179487179,2.8678323934832255,9,0,hypothesis_only,risk_control_candidate_requires_backtest,
159638,159638,159638,expanded_formal_data,research_only,unknown,manual_review,rank_score_decline_2d_proxy,85,0.5061728395061729,0.003393060127581139,0.010290659563952689,-0.19804618117229122,10,0.2724358974358974,1.121121425802023,26,24,sample_limited,research_only_not_online,
159638,159638,159638,expanded_formal_data,research_only,unknown,manual_review,rank_score_decline_3d_proxy,43,0.525,-0.0005289541402812764,0.005434519319971722,-0.19804618117229122,10,0.13782051282051283,0.8839999640501226,11,14,sample_limited,candidate_for_simulation_review,
159638,159638,159638,expanded_formal_data,research_only,unknown,manual_review,rank_score_below_70_proxy,175,0.593939393939394,0.00677012774052424,0.02852841346171432,-0.21048321048321061,10,0.5608974358974359,0.9114253441052594,61,36,sample_limited,research_only_not_online,
159638,159638,159638,expanded_formal_data,research_only,unknown,manual_review,top_decile_drop_proxy,11,0.6363636363636364,0.03779441413059923,0.0335736621136069,-0.0664451827242526,10,0.035256410256410256,3.6784916563861234,4,2,hypothesis_only,need_more_data,event_count_below_30
159638,159638,159638,expanded_formal_data,research_only,unknown,manual_review,short_swing_buy_to_watch_proxy,14,0.5714285714285714,0.02815472350955423,0.05552043184196761,-0.12004175365344472,10,0.04487179487179487,2.0886232938680527,7,4,hypothesis_only,need_more_data,event_count_below_30
159638,159638,159638,expanded_formal_data,research_only,unknown,manual_review,short_swing_buy_to_sell_proxy,5,0.0,-0.035463176189783785,-0.06617220197345097,-0.1544943820224719,10,0.016025641025641024,,0,2,hypothesis_only,need_more_data,event_count_below_30
159638,159638,159638,expanded_formal_data,research_only,unknown,manual_review,volume_heat_decay_proxy,26,0.5833333333333334,0.033981368158325344,0.041994901714935064,-0.10852713178294582,10,0.08333333333333333,3.324091603654092,11,3,hypothesis_only,need_more_data,event_count_below_30
159638,159638,159638,expanded_formal_data,research_only,unknown,manual_review,type_stop_loss_proxy,115,0.5238095238095238,-0.00531517852180057,0.006310479799088011,-0.1573426573426573,10,0.3685897435897436,0.6918520104547496,27,30,sample_limited,candidate_for_simulation_review,
159658,159658,159658,expanded_formal_data,research_only,unknown,manual_review,rank_score_decline_2d_proxy,78,0.5,0.0032062547760135338,0.012382970072554322,-0.16741405082212257,10,0.25,1.0989987249100284,19,25,sample_limited,research_only_not_online,
159658,159658,159658,expanded_formal_data,research_only,unknown,manual_review,rank_score_decline_3d_proxy,42,0.5,0.006054174937476755,0.010980034068533026,-0.1476664116296862,10,0.1346153846153846,1.2753299140138599,10,9,sample_limited,research_only_not_online,
159658,159658,159658,expanded_formal_data,research_only,unknown,manual_review,rank_score_below_70_proxy,160,0.5266666666666666,0.00413799960924812,0.017623421240944404,-0.14727272727272722,10,0.5128205128205128,1.0481235660247168,43,44,sample_limited,research_only_not_online,
159658,159658,159658,expanded_formal_data,research_only,unknown,manual_review,top_decile_drop_proxy,14,0.6428571428571429,0.03946838040008079,0.0734935808864923,-0.07629107981220651,10,0.04487179487179487,2.1415757895842127,6,2,hypothesis_only,need_more_data,event_count_below_30
159658,159658,159658,expanded_formal_data,research_only,unknown,manual_review,short_swing_buy_to_watch_proxy,18,0.7222222222222222,0.03549162147113406,0.0711456091764573,-0.13733905579399142,10,0.057692307692307696,1.4998658293330958,7,2,hypothesis_only,need_more_data,event_count_below_30
159658,159658,159658,expanded_formal_data,research_only,unknown,manual_review,short_swing_buy_to_sell_proxy,3,0.0,-0.0359151255971906,-0.056383002614613376,-0.1031894934333959,10,0.009615384615384616,,0,1,hypothesis_only,need_more_data,event_count_below_30
159658,159658,159658,expanded_formal_data,research_only,unknown,manual_review,volume_heat_decay_proxy,32,0.4482758620689655,-0.0024915523047227663,0.0013352428141703923,-0.1031894934333959,10,0.10256410256410256,0.9387144928031351,4,11,hypothesis_only,candidate_for_simulation_review,
159658,159658,159658,expanded_formal_data,research_only,unknown,manual_review,type_stop_loss_proxy,91,0.5308641975308642,0.009677970942706674,0.026871771051588035,-0.10989717223650386,10,0.2916666666666667,1.2900368533463307,25,25,sample_limited,risk_control_candidate_requires_backtest,
159663,159663,159663,expanded_formal_data,research_only,unknown,manual_review,rank_score_decline_2d_proxy,78,0.7012987012987013,0.026227053793336983,0.05792582522315396,-0.20715474209650586,10,0.25,1.0105690391791382,37,18,sample_limited,research_only_not_online,
159663,159663,159663,expanded_formal_data,research_only,unknown,manual_review,rank_score_decline_3d_proxy,38,0.6842105263157895,0.025268218530690244,0.06209808705175308,-0.1756055363321799,10,0.12179487179487179,1.0154254828975133,17,9,hypothesis_only,research_only_not_online,
159663,159663,159663,expanded_formal_data,research_only,unknown,manual_review,rank_score_below_70_proxy,149,0.7266187050359713,0.033752166320136404,0.06745962814976261,-0.13837448559670773,10,0.4775641025641026,1.3570838338357596,71,31,sample_limited,research_only_not_online,
159663,159663,159663,expanded_formal_data,research_only,unknown,manual_review,top_decile_drop_proxy,16,0.75,0.033599566312499614,0.07805485801476945,-0.15017757483510907,10,0.05128205128205128,1.1271664371778307,8,4,hypothesis_only,need_more_data,event_count_below_30
159663,159663,159663,expanded_formal_data,research_only,unknown,manual_review,short_swing_buy_to_watch_proxy,24,0.6086956521739131,0.029121220169307984,0.0846223371294052,-0.15017757483510907,10,0.07692307692307693,1.7344021916119878,11,5,hypothesis_only,need_more_data,event_count_below_30
159663,159663,159663,expanded_formal_data,research_only,unknown,manual_review,short_swing_buy_to_sell_proxy,2,0.5,-0.06913331409545603,-0.1158432708688244,-0.18824531516183984,10,0.00641025641025641,0.10317667681695682,0,1,hypothesis_only,need_more_data,event_count_below_30
159663,159663,159663,expanded_formal_data,research_only,unknown,manual_review,volume_heat_decay_proxy,17,0.8235294117647058,0.045020997839187206,0.07342986330179174,-0.06326530612244896,10,0.05448717948717949,1.8005155012735354,9,1,hypothesis_only,need_more_data,event_count_below_30
159663,159663,159663,expanded_formal_data,research_only,unknown,manual_review,type_stop_loss_proxy,70,0.7352941176470589,0.0391326311907034,0.08490053928653149,-0.1566371681415929,10,0.22435897435897437,1.275049276270156,41,11,sample_limited,risk_control_candidate_requires_backtest,
159667,159667,159667,expanded_formal_data,research_only,unknown,manual_review,rank_score_decline_2d_proxy,76,0.68,0.015403659193557618,0.04523823698449055,-0.6570554827435562,10,0.24358974358974358,0.7086147766251021,33,19,sample_limited,research_only_not_online,
159667,159667,159667,expanded_formal_data,research_only,unknown,manual_review,rank_score_decline_3d_proxy,38,0.6578947368421053,0.006059470030982544,0.060332536112845184,-0.1637931034482758,10,0.12179487179487179,0.5616712921689744,16,9,hypothesis_only,research_only_not_online,
159667,159667,159667,expanded_formal_data,research_only,unknown,manual_review,rank_score_below_70_proxy,153,0.7272727272727273,0.030217290844365963,0.06721613927554582,-0.13791348600508913,10,0.49038461538461536,1.0279643554982978,73,32,sample_limited,research_only_not_online,
159667,159667,159667,expanded_formal_data,research_only,unknown,manual_review,top_decile_drop_proxy,16,0.6875,-0.003991468512872479,0.07824412755059944,-0.14659949622166257,10,0.05128205128205128,0.4214374036082984,8,4,hypothesis_only,need_more_data,event_count_below_30
159667,159667,159667,expanded_formal_data,research_only,unknown,manual_review,short_swing_buy_to_watch_proxy,23,0.6956521739130435,0.03423485698396337,0.0495095148660303,-0.6570554827435562,10,0.07371794871794872,1.6779107319792064,11,6,hypothesis_only,need_more_data,event_count_below_30
159667,159667,159667,expanded_formal_data,research_only,unknown,manual_review,short_swing_buy_to_sell_proxy,3,0.0,-0.4058983087986151,-0.11111111111111116,-0.17726887192536056,10,0.009615384615384616,,0,1,hypothesis_only,need_more_data,event_count_below_30
159667,159667,159667,expanded_formal_data,research_only,unknown,manual_review,volume_heat_decay_proxy,31,0.7096774193548387,0.03491384177237539,0.08138218919691279,-0.15061295971978983,10,0.09935897435897435,1.2059451727280615,14,5,hypothesis_only,research_only_not_online,
159667,159667,159667,expanded_formal_data,research_only,unknown,manual_review,type_stop_loss_proxy,74,0.7246376811594203,0.03124350226889479,0.08476432943500434,-0.15061295971978983,10,0.23717948717948717,0.8374170097917312,44,11,sample_limited,risk_control_candidate_requires_backtest,
159669,159669,159669,expanded_formal_data,research_only,unknown,manual_review,rank_score_decline_2d_proxy,74,0.5492957746478874,0.0036896025018944415,0.011528549946649124,-0.09228321400159101,10,0.23717948717948717,1.1356338323335127,12,8,sample_limited,research_only_not_online,
159669,159669,159669,expanded_formal_data,research_only,unknown,manual_review,rank_score_decline_3d_proxy,34,0.4375,-0.00027851630468699387,0.008579267679842883,-0.0708469055374592,10,0.10897435897435898,1.2565523166906636,6,5,hypothesis_only,candidate_for_simulation_review,
159669,159669,159669,expanded_formal_data,research_only,unknown,manual_review,rank_score_below_70_proxy,174,0.7245508982035929,0.017127512673762054,0.03277551517219404,-0.06523605150214595,10,0.5576923076923077,1.9224002625462289,45,3,sample_limited,research_only_not_online,
159669,159669,159669,expanded_formal_data,research_only,unknown,manual_review,top_decile_drop_proxy,16,0.375,-0.011455370877814501,-0.010254110301035353,-0.09228321400159101,10,0.05128205128205128,0.3984844819150563,0,4,hypothesis_only,need_more_data,event_count_below_30
159669,159669,159669,expanded_formal_data,research_only,unknown,manual_review,short_swing_buy_to_watch_proxy,10,0.7777777777777778,0.008063271819907156,-0.006778924142807428,-0.09228321400159101,10,0.03205128205128205,0.5309325313704591,2,2,hypothesis_only,need_more_data,event_count_below_30
159669,159669,159669,expanded_formal_data,research_only,unknown,manual_review,short_swing_buy_to_sell_proxy,0,,,,,10,0.0,,0,0,hypothesis_only,need_more_data,event_count_below_30
159669,159669,159669,expanded_formal_data,research_only,unknown,manual_review,volume_heat_decay_proxy,20,0.7777777777777778,0.017976114308302853,0.0337369516344721,-0.04973821989528793,10,0.0641025641025641,2.5042256650026435,4,0,hypothesis_only,need_more_data,event_count_below_30
159669,159669,159669,expanded_formal_data,research_only,unknown,manual_review,type_stop_loss_proxy,37,0.5625,0.011941230539563839,0.02917173344446099,-0.06244864420706664,10,0.11858974358974358,2.5230884211620093,9,1,hypothesis_only,risk_control_candidate_requires_backtest,
159671,159671,159671,expanded_formal_data,research_only,unknown,manual_review,rank_score_decline_2d_proxy,71,0.7285714285714285,0.03333450469087476,0.06633870289041334,-0.18592964824120606,10,0.22756410256410256,1.035731092046284,37,19,sample_limited,research_only_not_online,
159671,159671,159671,expanded_formal_data,research_only,unknown,manual_review,rank_score_decline_3d_proxy,37,0.7567567567567568,0.03147506341436713,0.07759634874596193,-0.18592964824120606,10,0.11858974358974358,0.9044195441394405,22,9,hypothesis_only,research_only_not_online,
159671,159671,159671,expanded_formal_data,research_only,unknown,manual_review,rank_score_below_70_proxy,155,0.7241379310344828,0.03738929195910869,0.07195549316451975,-0.1970260223048328,10,0.4967948717948718,1.3430774292426768,87,26,sample_limited,research_only_not_online,
159671,159671,159671,expanded_formal_data,research_only,unknown,manual_review,top_decile_drop_proxy,18,0.6666666666666666,0.030917960851369948,0.05531248710293314,-0.1729857819905214,10,0.057692307692307696,1.5507205401545847,7,5,hypothesis_only,need_more_data,event_count_below_30
159671,159671,159671,expanded_formal_data,research_only,unknown,manual_review,short_swing_buy_to_watch_proxy,21,0.5714285714285714,0.035152751639702266,0.08349043137960266,-0.15802171290711697,10,0.0673076923076923,2.321466690029559,9,6,hypothesis_only,need_more_data,event_count_below_30
159671,159671,159671,expanded_formal_data,research_only,unknown,manual_review,short_swing_buy_to_sell_proxy,5,0.6,0.026614516084965744,0.08197739112361924,-0.06241610738255032,10,0.016025641025641024,1.3303846075611554,3,1,hypothesis_only,need_more_data,event_count_below_30
159671,159671,159671,expanded_formal_data,research_only,unknown,manual_review,volume_heat_decay_proxy,23,0.9130434782608695,0.06159488868136356,0.09151414559550212,-0.16763005780346818,10,0.07371794871794872,1.0344286028129854,16,2,hypothesis_only,need_more_data,event_count_below_30
159671,159671,159671,expanded_formal_data,research_only,unknown,manual_review,type_stop_loss_proxy,90,0.6707317073170732,0.02332285824927458,0.0603511994600231,-0.18592964824120606,10,0.28846153846153844,1.0185044729702362,44,19,sample_limited,risk_control_candidate_requires_backtest,
159697,159697,159697,expanded_formal_data,research_only,unknown,manual_review,rank_score_decline_2d_proxy,66,0.6825396825396826,0.009799851287732402,0.02017256226715183,-0.11970534069981587,10,0.21153846153846154,0.8657274679834576,17,10,sample_limited,research_only_not_online,
159697,159697,159697,expanded_formal_data,research_only,unknown,manual_review,rank_score_decline_3d_proxy,31,0.7241379310344828,0.004018405705638812,0.010528029443393233,-0.10820895522388063,10,0.09935897435897435,0.5054253649970429,7,5,hypothesis_only,research_only_not_online,
159697,159697,159697,expanded_formal_data,research_only,unknown,manual_review,rank_score_below_70_proxy,170,0.66875,0.0053648878773907465,0.01841558835857674,-0.10854341736694684,10,0.5448717948717948,0.7856415783490417,30,15,sample_limited,research_only_not_online,
159697,159697,159697,expanded_formal_data,research_only,unknown,manual_review,top_decile_drop_proxy,16,0.6875,0.04971294407808828,0.05065766778572977,-0.10820895522388063,10,0.05128205128205128,3.5978149593357807,7,1,hypothesis_only,need_more_data,event_count_below_30
159697,159697,159697,expanded_formal_data,research_only,unknown,manual_review,short_swing_buy_to_watch_proxy,13,0.46153846153846156,0.03538849454648005,0.037043820492127406,-0.1175889328063241,10,0.041666666666666664,3.5786918031950257,5,2,hypothesis_only,need_more_data,event_count_below_30
159697,159697,159697,expanded_formal_data,research_only,unknown,manual_review,short_swing_buy_to_sell_proxy,1,1.0,0.09769230769230774,0.18692307692307675,0.0,10,0.003205128205128205,,1,0,hypothesis_only,need_more_data,event_count_below_30
159697,159697,159697,expanded_formal_data,research_only,unknown,manual_review,volume_heat_decay_proxy,29,0.7241379310344828,0.015778497373383698,0.023542138197744214,-0.07883817427385886,10,0.09294871794871795,1.3534951378973397,6,2,hypothesis_only,need_more_data,event_count_below_30
159697,159697,159697,expanded_formal_data,research_only,unknown,manual_review,type_stop_loss_proxy,57,0.425531914893617,-0.011401408453660531,-0.004547526561873075,-0.11970534069981587,10,0.18269230769230768,0.6048867800488655,5,9,sample_limited,candidate_for_simulation_review,
159699,159699,159699,expanded_formal_data,research_only,unknown,manual_review,rank_score_decline_2d_proxy,81,0.4177215189873418,-0.008086624750873812,-0.014634592317710643,-0.12991765782250686,10,0.25961538461538464,0.8433047473635197,13,27,sample_limited,candidate_for_simulation_review,
159699,159699,159699,expanded_formal_data,research_only,unknown,manual_review,rank_score_decline_3d_proxy,33,0.375,-0.015859106214781277,-0.02718319382617645,-0.12991765782250686,10,0.10576923076923077,0.6464696380859943,4,14,hypothesis_only,candidate_for_simulation_review,
159699,159699,159699,expanded_formal_data,research_only,unknown,manual_review,rank_score_below_70_proxy,217,0.4782608695652174,-0.0007194805034797951,-0.0016958631384209283,-0.1182495344506519,10,0.6955128205128205,1.021027953709669,33,36,evidence_supported,candidate_for_simulation_review,
159699,159699,159699,expanded_formal_data,research_only,unknown,manual_review,top_decile_drop_proxy,8,0.5,-0.002284536438854165,-0.01088006914037025,-0.125114995400184,10,0.02564102564102564,0.8325677097119584,1,3,hypothesis_only,need_more_data,event_count_below_30
159699,159699,159699,expanded_formal_data,research_only,unknown,manual_review,short_swing_buy_to_watch_proxy,9,0.6666666666666666,0.007475904761044354,0.013341070143449466,-0.10018214936247727,10,0.028846153846153848,0.862927859869517,2,2,hypothesis_only,need_more_data,event_count_below_30
159699,159699,159699,expanded_formal_data,research_only,unknown,manual_review,short_swing_buy_to_sell_proxy,2,0.0,-0.10599999999999998,-0.04700000000000004,-0.10599999999999998,10,0.00641025641025641,,0,1,hypothesis_only,need_more_data,event_count_below_30
159699,159699,159699,expanded_formal_data,research_only,unknown,manual_review,volume_heat_decay_proxy,27,0.3333333333333333,-0.013188845505770284,-0.023507427537616928,-0.12991765782250686,10,0.08653846153846154,1.056165617031833,4,12,hypothesis_only,need_more_data,event_count_below_30
159699,159699,159699,expanded_formal_data,research_only,unknown,manual_review,type_stop_loss_proxy,55,0.5185185185185185,0.0026542184604931153,0.004512279498588164,-0.09845559845559848,10,0.1762820512820513,1.076864556702174,11,12,sample_limited,risk_control_candidate_requires_backtest,
159703,159703,159703,expanded_formal_data,research_only,unknown,manual_review,rank_score_decline_2d_proxy,75,0.6438356164383562,0.019832167998633854,0.04690549113457822,-0.13754045307443363,10,0.2403846153846154,1.6882120227869657,31,10,sample_limited,research_only_not_online,
159703,159703,159703,expanded_formal_data,research_only,unknown,manual_review,rank_score_decline_3d_proxy,33,0.6060606060606061,0.012793896213566847,0.043861337796105904,-0.10118406889128106,10,0.10576923076923077,1.5594186478039382,11,4,hypothesis_only,research_only_not_online,
159703,159703,159703,expanded_formal_data,research_only,unknown,manual_review,rank_score_below_70_proxy,173,0.656441717791411,0.019735716804492646,0.04108583403596036,-0.10980810234541571,10,0.5544871794871795,1.558864534193461,75,28,sample_limited,research_only_not_online,
159703,159703,159703,expanded_formal_data,research_only,unknown,manual_review,top_decile_drop_proxy,17,0.7058823529411765,0.03418348027658297,0.05702299975620578,-0.07280080889787655,10,0.05448717948717949,2.8345248185424343,9,2,hypothesis_only,need_more_data,event_count_below_30
159703,159703,159703,expanded_formal_data,research_only,unknown,manual_review,short_swing_buy_to_watch_proxy,26,0.5384615384615384,0.013613514899032888,0.036432841766478735,-0.10407725321888417,10,0.08333333333333333,1.664227473766396,12,5,hypothesis_only,need_more_data,event_count_below_30
159703,159703,159703,expanded_formal_data,research_only,unknown,manual_review,short_swing_buy_to_sell_proxy,3,0.3333333333333333,-0.00021285905840336591,0.00044042280589351446,-0.06390134529147984,10,0.009615384615384616,1.9199010090799942,0,1,hypothesis_only,need_more_data,event_count_below_30
159703,159703,159703,expanded_formal_data,research_only,unknown,manual_review,volume_heat_decay_proxy,29,0.75,0.030750327076376115,0.06373580091645079,-0.10407725321888417,10,0.09294871794871795,2.9587693097904,13,1,hypothesis_only,need_more_data,event_count_below_30
159703,159703,159703,expanded_formal_data,research_only,unknown,manual_review,type_stop_loss_proxy,53,0.8979591836734694,0.03235328951487484,0.062409139706394993,-0.04367816091954024,10,0.16987179487179488,1.724785722219794,24,0,sample_limited,risk_control_candidate_requires_backtest,
159717,159717,159717,expanded_formal_data,research_only,unknown,manual_review,rank_score_decline_2d_proxy,70,0.6818181818181818,0.011706063096558774,0.025642350837480107,-0.09502262443438914,10,0.22435897435897437,1.5342536397483502,15,3,sample_limited,research_only_not_online,
159717,159717,159717,expanded_formal_data,research_only,unknown,manual_review,rank_score_decline_3d_proxy,31,0.6551724137931034,0.009313911561862336,0.03138573530208792,-0.06118881118881103,10,0.09935897435897435,1.5503432405393331,7,1,hypothesis_only,research_only_not_online,
159717,159717,159717,expanded_formal_data,research_only,unknown,manual_review,rank_score_below_70_proxy,182,0.6162790697674418,0.007796654701448228,0.018708731668524353,-0.07713248638838488,10,0.5833333333333334,1.2699773529156235,32,10,sample_limited,research_only_not_online,
159717,159717,159717,expanded_formal_data,research_only,unknown,manual_review,top_decile_drop_proxy,12,0.9166666666666666,0.020561295498673738,0.02849910548763704,-0.035166816952209135,10,0.038461538461538464,6.5583711295827305,4,0,hypothesis_only,need_more_data,event_count_below_30
159717,159717,159717,expanded_formal_data,research_only,unknown,manual_review,short_swing_buy_to_watch_proxy,12,0.5,0.008583546629811136,0.010101573934876568,-0.05581395348837215,10,0.038461538461538464,2.921608024882207,1,0,hypothesis_only,need_more_data,event_count_below_30
159717,159717,159717,expanded_formal_data,research_only,unknown,manual_review,short_swing_buy_to_sell_proxy,0,,,,,10,0.0,,0,0,hypothesis_only,need_more_data,event_count_below_30
159717,159717,159717,expanded_formal_data,research_only,unknown,manual_review,volume_heat_decay_proxy,33,0.7419354838709677,0.014641093699395523,0.030457025957699627,-0.05833333333333346,10,0.10576923076923077,2.0747959160841485,7,0,hypothesis_only,research_only_not_online,
159717,159717,159717,expanded_formal_data,research_only,unknown,manual_review,type_stop_loss_proxy,13,1.0,0.020640547208369442,0.049546222665072394,-0.0029469548133596035,10,0.041666666666666664,,4,0,hypothesis_only,need_more_data,event_count_below_30
159726,159726,159726,expanded_formal_data,research_only,unknown,manual_review,rank_score_decline_2d_proxy,78,0.527027027027027,-0.0011952194111336072,0.00868420938311182,-0.1015625,10,0.25,0.7962399259497568,11,6,sample_limited,candidate_for_simulation_review,
159726,159726,159726,expanded_formal_data,research_only,unknown,manual_review,rank_score_decline_3d_proxy,35,0.36363636363636365,-0.006672946588296885,0.002801814216277558,-0.1015625,10,0.11217948717948718,1.0694360547705206,5,3,hypothesis_only,candidate_for_simulation_review,
159726,159726,159726,expanded_formal_data,research_only,unknown,manual_review,rank_score_below_70_proxy,202,0.6839378238341969,0.009806744781521734,0.019275639238824707,-0.05809731299927379,10,0.6474358974358975,1.148869856448827,39,0,evidence_supported,research_only_not_online,
159726,159726,159726,expanded_formal_data,research_only,unknown,manual_review,top_decile_drop_proxy,8,0.625,0.0029871823856668783,0.013505560661236302,-0.05142857142857127,10,0.02564102564102564,0.9114206153221647,0,0,hypothesis_only,need_more_data,event_count_below_30
159726,159726,159726,expanded_formal_data,research_only,unknown,manual_review,short_swing_buy_to_watch_proxy,12,0.5454545454545454,-0.004057029388080714,0.010376770132203617,-0.05547652916073953,10,0.038461538461538464,0.5314020143350199,0,0,hypothesis_only,need_more_data,event_count_below_30
159726,159726,159726,expanded_formal_data,research_only,unknown,manual_review,short_swing_buy_to_sell_proxy,1,0.0,-0.10078192875760217,-0.04604691572545605,-0.10078192875760217,10,0.003205128205128205,,0,1,hypothesis_only,need_more_data,event_count_below_30
159726,159726,159726,expanded_formal_data,research_only,unknown,manual_review,volume_heat_decay_proxy,23,0.55,0.0036098050614542963,0.018770674172965338,-0.050432276657060404,10,0.07371794871794872,1.1639942759989377,2,0,hypothesis_only,need_more_data,event_count_below_30
159726,159726,159726,expanded_formal_data,research_only,unknown,manual_review,type_stop_loss_proxy,11,0.8181818181818182,0.028384581882786544,0.050612779971038725,-0.028464419475655478,10,0.035256410256410256,10.492810670775462,5,0,hypothesis_only,need_more_data,event_count_below_30
159732,159732,159732,expanded_formal_data,research_only,unknown,manual_review,rank_score_decline_2d_proxy,57,0.6181818181818182,0.018290555404870786,0.025515701316965518,-0.21590909090909094,10,0.18269230769230768,1.2303085127995668,26,13,sample_limited,research_only_not_online,
159732,159732,159732,expanded_formal_data,research_only,unknown,manual_review,rank_score_decline_3d_proxy,20,0.5789473684210527,0.022754759309056804,0.03143430217023095,-0.19860627177700352,10,0.0641025641025641,1.987397342071428,8,5,hypothesis_only,need_more_data,event_count_below_30
159732,159732,159732,expanded_formal_data,research_only,unknown,manual_review,rank_score_below_70_proxy,155,0.6216216216216216,0.018432938550020702,0.035819080127071155,-0.16722689075630248,10,0.4967948717948718,1.299033521164651,69,40,sample_limited,research_only_not_online,
159732,159732,159732,expanded_formal_data,research_only,unknown,manual_review,top_decile_drop_proxy,20,0.7,0.033197211792530684,0.0671042808241813,-0.11735121542330273,10,0.0641025641025641,1.5581409441406866,10,3,hypothesis_only,need_more_data,event_count_below_30
159732,159732,159732,expanded_formal_data,research_only,unknown,manual_review,short_swing_buy_to_watch_proxy,19,0.5789473684210527,0.008017292149261501,0.036115884277475814,-0.10230179028133002,10,0.060897435897435896,1.0673853868982277,8,5,hypothesis_only,need_more_data,event_count_below_30
159732,159732,159732,expanded_formal_data,research_only,unknown,manual_review,short_swing_buy_to_sell_proxy,3,0.0,-0.062446763394373904,-0.009950630428734952,-0.12378426171529622,10,0.009615384615384616,,0,2,hypothesis_only,need_more_data,event_count_below_30
159732,159732,159732,expanded_formal_data,research_only,unknown,manual_review,volume_heat_decay_proxy,22,0.5909090909090909,0.007688849662722627,0.020266305115046488,-0.1766109785202864,10,0.07051282051282051,0.8463667384878033,10,5,hypothesis_only,need_more_data,event_count_below_30
159732,159732,159732,expanded_formal_data,research_only,unknown,manual_review,type_stop_loss_proxy,83,0.717948717948718,0.026306395153714208,0.04747184224263737,-0.18149466192170827,10,0.266025641025641,0.9634553003211042,44,18,sample_limited,risk_control_candidate_requires_backtest,
159735,159735,159735,expanded_formal_data,research_only,unknown,manual_review,rank_score_decline_2d_proxy,75,0.4931506849315068,-0.008537821371749854,-0.011904533507536523,-0.18381502890173418,10,0.2403846153846154,0.6021350678773562,12,20,sample_limited,candidate_for_simulation_review,
159735,159735,159735,expanded_formal_data,research_only,unknown,manual_review,rank_score_decline_3d_proxy,33,0.5625,-0.009201177117468932,-0.006989096572886918,-0.18381502890173418,10,0.10576923076923077,0.4726810379423991,7,8,hypothesis_only,candidate_for_simulation_review,
159735,159735,159735,expanded_formal_data,research_only,unknown,manual_review,rank_score_below_70_proxy,210,0.4626865671641791,0.0013485233459152022,-0.002154762441600225,-0.11630695443645078,10,0.6730769230769231,1.2021642403900967,39,30,evidence_supported,research_only_not_online,
159735,159735,159735,expanded_formal_data,research_only,unknown,manual_review,top_decile_drop_proxy,4,0.25,-0.010419490621368072,-0.04174849808561487,-0.1316098707403055,10,0.01282051282051282,1.7002834226418975,1,1,hypothesis_only,need_more_data,event_count_below_30
159735,159735,159735,expanded_formal_data,research_only,unknown,manual_review,short_swing_buy_to_watch_proxy,14,0.21428571428571427,-0.003744216287159763,0.004444110531422392,-0.06404494382022474,10,0.04487179487179487,2.608727919253171,2,1,hypothesis_only,need_more_data,event_count_below_30
159735,159735,159735,expanded_formal_data,research_only,unknown,manual_review,short_swing_buy_to_sell_proxy,1,0.0,-0.15509259259259256,-0.13194444444444442,-0.18287037037037046,10,0.003205128205128205,,0,1,hypothesis_only,need_more_data,event_count_below_30
159735,159735,159735,expanded_formal_data,research_only,unknown,manual_review,volume_heat_decay_proxy,28,0.48148148148148145,-0.007925568525876447,-0.007026176791144056,-0.12946979038224427,10,0.08974358974358974,0.6486594739033118,4,5,hypothesis_only,need_more_data,event_count_below_30
159735,159735,159735,expanded_formal_data,research_only,unknown,manual_review,type_stop_loss_proxy,72,0.5285714285714286,-0.00031118971485870773,0.004608066923336823,-0.1635071090047393,10,0.23076923076923078,0.7699694712756484,14,17,sample_limited,candidate_for_simulation_review,
159736,159736,食品ETF,消费医药,trade_pool,sector,sector_beta,rank_score_decline_2d_proxy,72,0.373134328358209,-0.010864218855037655,-0.01844275998411809,-0.10387596899224816,10,0.23076923076923078,0.5747908126501434,4,13,sample_limited,candidate_for_simulation_review,
159736,159736,食品ETF,消费医药,trade_pool,sector,sector_beta,rank_score_decline_3d_proxy,34,0.36666666666666664,-0.013201671860785795,-0.021394003019600726,-0.09561128526645779,10,0.10897435897435898,0.5422409344292254,2,6,hypothesis_only,candidate_for_simulation_review,
159736,159736,食品ETF,消费医药,trade_pool,sector,sector_beta,rank_score_below_70_proxy,216,0.39805825242718446,-0.0067786668957380445,-0.012965777619550353,-0.10387596899224816,10,0.6923076923076923,0.7232407226781001,15,25,evidence_supported,candidate_for_simulation_review,
159736,159736,食品ETF,消费医药,trade_pool,sector,sector_beta,top_decile_drop_proxy,9,0.4444444444444444,0.0006463415723149741,-0.004306774884060739,-0.06708268330733236,10,0.028846153846153848,1.3518995703367918,1,1,hypothesis_only,need_more_data,event_count_below_30
159736,159736,食品ETF,消费医药,trade_pool,sector,sector_beta,short_swing_buy_to_watch_proxy,6,0.16666666666666666,-0.006064565867017739,-0.008340327665886715,-0.05676855895196509,10,0.019230769230769232,1.2988364167716449,0,0,hypothesis_only,need_more_data,event_count_below_30
159736,159736,食品ETF,消费医药,trade_pool,sector,sector_beta,short_swing_buy_to_sell_proxy,0,,,,,10,0.0,,0,0,hypothesis_only,need_more_data,event_count_below_30
159736,159736,食品ETF,消费医药,trade_pool,sector,sector_beta,volume_heat_decay_proxy,22,0.42105263157894735,-0.008337068743794607,-0.018526672520273138,-0.06628242074927948,10,0.07051282051282051,0.46517417581446835,0,1,hypothesis_only,need_more_data,event_count_below_30
159736,159736,食品ETF,消费医药,trade_pool,sector,sector_beta,type_stop_loss_proxy,34,0.5384615384615384,-0.003463783089352156,0.004898917774601655,-0.05722891566265065,10,0.10897435897435898,0.5955805085764665,1,0,hypothesis_only,candidate_for_simulation_review,
159745,159745,159745,expanded_formal_data,research_only,unknown,manual_review,rank_score_decline_2d_proxy,76,0.4520547945205479,-0.004699076605895008,-0.002985129184108377,-0.15902964959568733,10,0.24358974358974358,0.8919286380597045,13,21,sample_limited,candidate_for_simulation_review,
159745,159745,159745,expanded_formal_data,research_only,unknown,manual_review,rank_score_decline_3d_proxy,32,0.3548387096774194,-0.01117022609681355,-0.0031984575924229376,-0.1416781292984869,10,0.10256410256410256,0.9225770043996548,4,12,hypothesis_only,candidate_for_simulation_review,
159745,159745,159745,expanded_formal_data,research_only,unknown,manual_review,rank_score_below_70_proxy,197,0.44919786096256686,-0.0052925311302516615,0.0013337764992493314,-0.15902964959568733,10,0.6314102564102564,0.8034810859202056,23,21,sample_limited,candidate_for_simulation_review,
159745,159745,159745,expanded_formal_data,research_only,unknown,manual_review,top_decile_drop_proxy,8,0.5,0.0031357631301523886,-0.01976177569358957,-0.15902964959568733,10,0.02564102564102564,0.9710425183773853,2,2,hypothesis_only,need_more_data,event_count_below_30
159745,159745,159745,expanded_formal_data,research_only,unknown,manual_review,short_swing_buy_to_watch_proxy,13,0.46153846153846156,0.010714233517850408,0.0058798980357173385,-0.1305007587253415,10,0.041666666666666664,1.9730116682181058,5,3,hypothesis_only,need_more_data,event_count_below_30
159745,159745,159745,expanded_formal_data,research_only,unknown,manual_review,short_swing_buy_to_sell_proxy,2,0.0,-0.02455933415251299,-0.055592185539909245,-0.1357340720221606,10,0.00641025641025641,,0,1,hypothesis_only,need_more_data,event_count_below_30
159745,159745,159745,expanded_formal_data,research_only,unknown,manual_review,volume_heat_decay_proxy,32,0.41379310344827586,-0.008003745352699699,-0.016493569318960538,-0.1416781292984869,10,0.10256410256410256,0.8429904122130203,5,8,hypothesis_only,candidate_for_simulation_review,
159745,159745,159745,expanded_formal_data,research_only,unknown,manual_review,type_stop_loss_proxy,61,0.45098039215686275,-0.011600110107304072,-0.006512053117504784,-0.12112676056338023,10,0.1955128205128205,0.5619294569382122,6,9,sample_limited,candidate_for_simulation_review,
159755,159755,电池ETF,新能源制造,trade_pool,commodity_resource,commodity_cycle,rank_score_decline_2d_proxy,64,0.6774193548387096,0.023441973133621903,0.03555270911542206,-0.15804195804195809,10,0.20512820512820512,1.457052868546895,30,11,sample_limited,research_only_not_online,
159755,159755,电池ETF,新能源制造,trade_pool,commodity_resource,commodity_cycle,rank_score_decline_3d_proxy,30,0.6666666666666666,0.03072519780912011,0.04716054568520989,-0.13978494623655913,10,0.09615384615384616,2.3325939185356015,16,6,hypothesis_only,research_only_not_online,
159755,159755,电池ETF,新能源制造,trade_pool,commodity_resource,commodity_cycle,rank_score_below_70_proxy,176,0.6807228915662651,0.018744996688312542,0.04347284533700006,-0.13978494623655913,10,0.5641025641025641,1.190798367639784,72,25,sample_limited,research_only_not_online,
159755,159755,电池ETF,新能源制造,trade_pool,commodity_resource,commodity_cycle,top_decile_drop_proxy,9,0.2222222222222222,-0.012586634017412422,-0.0026715805511150124,-0.15515840779853785,10,0.028846153846153848,1.7414206099891498,1,1,hypothesis_only,need_more_data,event_count_below_30
159755,159755,电池ETF,新能源制造,trade_pool,commodity_resource,commodity_cycle,short_swing_buy_to_watch_proxy,21,0.6190476190476191,0.02784056630363055,0.06253158321388423,-0.07123534715960322,10,0.0673076923076923,2.833624607892804,8,2,hypothesis_only,need_more_data,event_count_below_30
159755,159755,电池ETF,新能源制造,trade_pool,commodity_resource,commodity_cycle,short_swing_buy_to_sell_proxy,4,0.75,0.013467609105669465,-0.013540890239804926,-0.08699633699633702,10,0.01282051282051282,0.6834911700807392,2,1,hypothesis_only,need_more_data,event_count_below_30
159755,159755,电池ETF,新能源制造,trade_pool,commodity_resource,commodity_cycle,volume_heat_decay_proxy,19,0.6470588235294118,0.026952980924338406,0.04099725552321748,-0.11859443631039546,10,0.060897435897435896,1.8340191385282947,9,3,hypothesis_only,need_more_data,event_count_below_30
159755,159755,电池ETF,新能源制造,trade_pool,commodity_resource,commodity_cycle,type_stop_loss_proxy,87,0.6883116883116883,0.017057010736497732,0.04832668873580933,-0.13753581661891112,10,0.27884615384615385,0.9349476400145921,38,7,sample_limited,risk_control_candidate_requires_backtest,
159758,159758,159758,expanded_formal_data,research_only,unknown,manual_review,rank_score_decline_2d_proxy,66,0.6290322580645161,0.008768964087316295,0.014601807808863117,-0.10359589041095896,10,0.21153846153846154,1.0564727580217947,15,8,sample_limited,research_only_not_online,
159758,159758,159758,expanded_formal_data,research_only,unknown,manual_review,rank_score_decline_3d_proxy,29,0.68,0.008109264026699146,0.01630502359988264,-0.09741379310344822,10,0.09294871794871795,0.7641943421872315,7,4,hypothesis_only,need_more_data,event_count_below_30
159758,159758,159758,expanded_formal_data,research_only,unknown,manual_review,rank_score_below_70_proxy,177,0.5089820359281437,0.0014166993918095917,0.012218720420325268,-0.08831400535236389,10,0.5673076923076923,1.0348178277449913,38,22,sample_limited,research_only_not_online,
159758,159758,159758,expanded_formal_data,research_only,unknown,manual_review,top_decile_drop_proxy,17,0.5882352941176471,0.014816166060930901,0.0194450812874851,-0.10359589041095896,10,0.05448717948717949,2.037658818134589,7,1,hypothesis_only,need_more_data,event_count_below_30
159758,159758,159758,expanded_formal_data,research_only,unknown,manual_review,short_swing_buy_to_watch_proxy,13,0.6923076923076923,0.008077774940635867,0.013853568010751926,-0.07725694444444442,10,0.041666666666666664,0.9152334836265612,5,1,hypothesis_only,need_more_data,event_count_below_30
159758,159758,159758,expanded_formal_data,research_only,unknown,manual_review,short_swing_buy_to_sell_proxy,0,,,,,10,0.0,,0,0,hypothesis_only,need_more_data,event_count_below_30
159758,159758,159758,expanded_formal_data,research_only,unknown,manual_review,volume_heat_decay_proxy,23,0.5263157894736842,0.0026931353373952417,0.005824242346443538,-0.10359589041095896,10,0.07371794871794872,0.9805255708062008,5,5,hypothesis_only,need_more_data,event_count_below_30
159758,159758,159758,expanded_formal_data,research_only,unknown,manual_review,type_stop_loss_proxy,24,0.4375,0.005879761636118086,0.012521722442400653,-0.04730368968779575,10,0.07692307692307693,1.9404031191771165,4,0,hypothesis_only,need_more_data,event_count_below_30
159763,159763,159763,expanded_formal_data,research_only,unknown,manual_review,rank_score_decline_2d_proxy,71,0.6376811594202898,0.018279819314126425,0.03987689800873022,-0.13855421686746994,10,0.22756410256410256,1.8388663704397474,25,15,sample_limited,research_only_not_online,
159763,159763,159763,expanded_formal_data,research_only,unknown,manual_review,rank_score_decline_3d_proxy,36,0.6388888888888888,0.013682350887685867,0.0381291258765852,-0.10187667560321712,10,0.11538461538461539,1.5440410745755535,11,8,hypothesis_only,research_only_not_online,
159763,159763,159763,expanded_formal_data,research_only,unknown,manual_review,rank_score_below_70_proxy,171,0.6708074534161491,0.02002599287797333,0.041175115184047255,-0.1102257636122177,10,0.5480769230769231,1.5032196672222984,74,31,sample_limited,research_only_not_online,
159763,159763,159763,expanded_formal_data,research_only,unknown,manual_review,top_decile_drop_proxy,17,0.7058823529411765,0.03499092555498049,0.05601592039452819,-0.07393483709273185,10,0.05448717948717949,3.059997338007896,10,2,hypothesis_only,need_more_data,event_count_below_30
159763,159763,159763,expanded_formal_data,research_only,unknown,manual_review,short_swing_buy_to_watch_proxy,26,0.5384615384615384,0.014166134818511303,0.03665776605971203,-0.10547396528704933,10,0.08333333333333333,1.7186303514537924,13,4,hypothesis_only,need_more_data,event_count_below_30
159763,159763,159763,expanded_formal_data,research_only,unknown,manual_review,short_swing_buy_to_sell_proxy,3,0.3333333333333333,-0.0002882202262429745,-0.0017475582666336975,-0.06685236768802216,10,0.009615384615384616,1.8721189371614826,0,1,hypothesis_only,need_more_data,event_count_below_30
159763,159763,159763,expanded_formal_data,research_only,unknown,manual_review,volume_heat_decay_proxy,17,0.8666666666666667,0.036838064284851306,0.0664403818178698,-0.02386117136659438,10,0.05448717948717949,6.6618870905685075,8,0,hypothesis_only,need_more_data,event_count_below_30
159763,159763,159763,expanded_formal_data,research_only,unknown,manual_review,type_stop_loss_proxy,57,0.9074074074074074,0.03294945931127629,0.06091874094938469,-0.04538341158059467,10,0.18269230769230768,1.872711440186895,29,0,sample_limited,risk_control_candidate_requires_backtest,
159766,159766,旅游ETF,消费医药,trade_pool,sector,sector_beta,rank_score_decline_2d_proxy,72,0.5223880597014925,0.00035985718742921965,-0.0027677579373785156,-0.14948453608247425,10,0.23076923076923078,0.9370288195167288,16,20,sample_limited,research_only_not_online,
159766,159766,旅游ETF,消费医药,trade_pool,sector,sector_beta,rank_score_decline_3d_proxy,33,0.6206896551724138,0.007099704810921818,0.009621931014498045,-0.13167701863354053,10,0.10576923076923077,1.0797722186036542,8,5,hypothesis_only,research_only_not_online,
159766,159766,旅游ETF,消费医药,trade_pool,sector,sector_beta,rank_score_below_70_proxy,198,0.48404255319148937,-0.005854295917489591,-0.012611566148416587,-0.17500000000000004,10,0.6346153846153846,0.7008902357031207,33,62,sample_limited,candidate_for_simulation_review,
159766,159766,旅游ETF,消费医药,trade_pool,sector,sector_beta,top_decile_drop_proxy,16,0.375,-0.004591970938843587,0.009047800849990566,-0.06951871657754016,10,0.05128205128205128,0.9186191812562147,3,2,hypothesis_only,need_more_data,event_count_below_30
159766,159766,旅游ETF,消费医药,trade_pool,sector,sector_beta,short_swing_buy_to_watch_proxy,12,0.4166666666666667,-0.0031662069480666946,0.0049093333920806614,-0.06951871657754016,10,0.038461538461538464,1.1361539565691006,3,3,hypothesis_only,need_more_data,event_count_below_30
159766,159766,旅游ETF,消费医药,trade_pool,sector,sector_beta,short_swing_buy_to_sell_proxy,2,0.5,0.006324348878918806,-0.07327792929832216,-0.08652657601977753,10,0.00641025641025641,1.5759373712402067,1,2,hypothesis_only,need_more_data,event_count_below_30
159766,159766,旅游ETF,消费医药,trade_pool,sector,sector_beta,volume_heat_decay_proxy,27,0.5769230769230769,-0.0013194354436986133,0.001614912182870724,-0.14355231143552316,10,0.08653846153846154,0.6736779486112457,6,7,hypothesis_only,need_more_data,event_count_below_30
159766,159766,旅游ETF,消费医药,trade_pool,sector,sector_beta,type_stop_loss_proxy,92,0.37349397590361444,-0.013310059478783146,-0.011427141010365483,-0.14948453608247425,10,0.2948717948717949,0.6295855675331977,10,30,sample_limited,candidate_for_simulation_review,
159770,159770,机器人ETF,科技与新质生产力,observe_pool,theme,theme_beta,rank_score_decline_2d_proxy,80,0.5194805194805194,0.0053019511302947395,0.010598169322190898,-0.235812133072407,10,0.2564102564102564,1.123399644332275,30,26,sample_limited,research_only_not_online,
159770,159770,机器人ETF,科技与新质生产力,observe_pool,theme,theme_beta,rank_score_decline_3d_proxy,41,0.5128205128205128,0.006132992921282782,0.014736934163097447,-0.2046843177189409,10,0.13141025641025642,1.1989081132234334,16,10,sample_limited,research_only_not_online,
159770,159770,机器人ETF,科技与新质生产力,observe_pool,theme,theme_beta,rank_score_below_70_proxy,169,0.5471698113207547,0.008036749396714478,0.01969160490417593,-0.16473731077471065,10,0.5416666666666666,1.1596775814332965,58,48,sample_limited,research_only_not_online,
159770,159770,机器人ETF,科技与新质生产力,observe_pool,theme,theme_beta,top_decile_drop_proxy,12,0.6666666666666666,0.030390499517746306,0.043021784806072084,-0.08179419525065956,10,0.038461538461538464,2.1091065436417624,6,1,hypothesis_only,need_more_data,event_count_below_30
159770,159770,机器人ETF,科技与新质生产力,observe_pool,theme,theme_beta,short_swing_buy_to_watch_proxy,21,0.55,0.011511210607290772,0.034744820685331364,-0.16324710080285465,10,0.0673076923076923,1.162262535747176,9,8,hypothesis_only,need_more_data,event_count_below_30
159770,159770,机器人ETF,科技与新质生产力,observe_pool,theme,theme_beta,short_swing_buy_to_sell_proxy,1,1.0,0.029322548028311468,0.1456016177957533,-0.03134479271991919,10,0.003205128205128205,,0,0,hypothesis_only,need_more_data,event_count_below_30
159770,159770,机器人ETF,科技与新质生产力,observe_pool,theme,theme_beta,volume_heat_decay_proxy,28,0.4444444444444444,-0.00962161587683189,0.004779977141839373,-0.16291532690246513,10,0.08974358974358974,0.9039133924930987,10,14,hypothesis_only,need_more_data,event_count_below_30
159770,159770,机器人ETF,科技与新质生产力,observe_pool,theme,theme_beta,type_stop_loss_proxy,124,0.5299145299145299,0.003298300505112568,0.013286880715365249,-0.17441860465116277,10,0.3974358974358974,1.0253409263662567,38,34,sample_limited,risk_control_candidate_requires_backtest,
159787,159787,159787,expanded_formal_data,research_only,unknown,manual_review,rank_score_decline_2d_proxy,74,0.49295774647887325,-0.0042973623205407735,-0.0023139963705359388,-0.15375153751537518,10,0.23717948717948717,0.7473051393843179,12,17,sample_limited,candidate_for_simulation_review,
159787,159787,159787,expanded_formal_data,research_only,unknown,manual_review,rank_score_decline_3d_proxy,32,0.4838709677419355,-0.00659589769074736,0.0024446831681609596,-0.14107365792759063,10,0.10256410256410256,0.6388161307994683,5,8,hypothesis_only,candidate_for_simulation_review,
159787,159787,159787,expanded_formal_data,research_only,unknown,manual_review,rank_score_below_70_proxy,196,0.44623655913978494,-0.004892999791561625,0.0018175929234161136,-0.15375153751537518,10,0.6282051282051282,0.8259745913935792,24,22,sample_limited,candidate_for_simulation_review,
159787,159787,159787,expanded_formal_data,research_only,unknown,manual_review,top_decile_drop_proxy,9,0.6666666666666666,0.0155991925099959,0.02010671194892984,-0.1302149178255374,10,0.028846153846153848,2.1452721178103102,3,1,hypothesis_only,need_more_data,event_count_below_30
159787,159787,159787,expanded_formal_data,research_only,unknown,manual_review,short_swing_buy_to_watch_proxy,15,0.4,0.011717399401602813,0.004331321623453502,-0.13085399449035806,10,0.04807692307692308,2.7970661992861494,6,2,hypothesis_only,need_more_data,event_count_below_30
159787,159787,159787,expanded_formal_data,research_only,unknown,manual_review,short_swing_buy_to_sell_proxy,1,0.0,-0.04156171284634769,-0.08816120906801017,-0.1335012594458439,10,0.003205128205128205,,0,1,hypothesis_only,need_more_data,event_count_below_30
159787,159787,159787,expanded_formal_data,research_only,unknown,manual_review,volume_heat_decay_proxy,26,0.52,0.0012436260973307123,-0.0034442205455037954,-0.14107365792759063,10,0.08333333333333333,0.9615595879338436,3,3,hypothesis_only,need_more_data,event_count_below_30
159787,159787,159787,expanded_formal_data,research_only,unknown,manual_review,type_stop_loss_proxy,58,0.4583333333333333,-0.009429267958397975,-0.0033408406730587397,-0.11111111111111116,10,0.1858974358974359,0.5887831127846868,5,6,sample_limited,candidate_for_simulation_review,
159791,159791,159791,expanded_formal_data,research_only,unknown,manual_review,rank_score_decline_2d_proxy,74,0.6086956521739131,0.005729183557394643,0.016025371163946443,-0.08253968253968247,10,0.23717948717948717,1.254081391878579,7,6,sample_limited,research_only_not_online,
159791,159791,159791,expanded_formal_data,research_only,unknown,manual_review,rank_score_decline_3d_proxy,31,0.7241379310344828,0.0067772337787344724,0.02679096644957906,-0.07470651013874074,10,0.09935897435897435,0.8840439501919451,4,3,hypothesis_only,research_only_not_online,
159791,159791,159791,expanded_formal_data,research_only,unknown,manual_review,rank_score_below_70_proxy,180,0.6470588235294118,0.00839899347033473,0.01747194692851855,-0.06171735241502696,10,0.5769230769230769,1.3677384747404568,28,2,sample_limited,research_only_not_online,
159791,159791,159791,expanded_formal_data,research_only,unknown,manual_review,top_decile_drop_proxy,11,0.8181818181818182,0.01785326727731884,0.02542002956984536,-0.025195482189400487,10,0.035256410256410256,3.670187631562871,3,0,hypothesis_only,need_more_data,event_count_below_30
159791,159791,159791,expanded_formal_data,research_only,unknown,manual_review,short_swing_buy_to_watch_proxy,9,0.6666666666666666,0.0061666108227604755,0.007425393722122142,-0.04510638297872338,10,0.028846153846153848,1.4247323382938537,1,0,hypothesis_only,need_more_data,event_count_below_30
159791,159791,159791,expanded_formal_data,research_only,unknown,manual_review,short_swing_buy_to_sell_proxy,0,,,,,10,0.0,,0,0,hypothesis_only,need_more_data,event_count_below_30
159791,159791,159791,expanded_formal_data,research_only,unknown,manual_review,volume_heat_decay_proxy,21,0.5555555555555556,0.004780499153922344,0.018596111488999954,-0.0566546762589929,10,0.0673076923076923,1.4191697033169377,1,0,hypothesis_only,need_more_data,event_count_below_30
159791,159791,159791,expanded_formal_data,research_only,unknown,manual_review,type_stop_loss_proxy,8,1.0,0.019084711105429003,0.053464883765123594,-0.0022346368715083775,10,0.02564102564102564,,2,0,hypothesis_only,need_more_data,event_count_below_30
159795,159795,159795,expanded_formal_data,research_only,unknown,manual_review,rank_score_decline_2d_proxy,80,0.5466666666666666,0.000677874095151066,0.006889439362550549,-0.17492416582406478,10,0.2564102564102564,0.7801229314922485,23,24,sample_limited,research_only_not_online,
159795,159795,159795,expanded_formal_data,research_only,unknown,manual_review,rank_score_decline_3d_proxy,39,0.6111111111111112,0.007892935418284765,0.01939477059978522,-0.15702479338842978,10,0.125,0.7958958676976455,12,10,hypothesis_only,research_only_not_online,
159795,159795,159795,expanded_formal_data,research_only,unknown,manual_review,rank_score_below_70_proxy,174,0.5304878048780488,-0.0012558722350078033,0.005334187243371104,-0.1496062992125985,10,0.5576923076923077,0.7980334217376595,46,47,sample_limited,candidate_for_simulation_review,
159795,159795,159795,expanded_formal_data,research_only,unknown,manual_review,top_decile_drop_proxy,13,0.5384615384615384,0.025487949077768243,0.02507585156722525,-0.09751609935602579,10,0.041666666666666664,3.4821130667665816,4,4,hypothesis_only,need_more_data,event_count_below_30
159795,159795,159795,expanded_formal_data,research_only,unknown,manual_review,short_swing_buy_to_watch_proxy,21,0.5714285714285714,0.01661907848037122,0.019434025513972213,-0.14210061782877315,10,0.0673076923076923,1.6348205738948807,7,6,hypothesis_only,need_more_data,event_count_below_30
159795,159795,159795,expanded_formal_data,research_only,unknown,manual_review,short_swing_buy_to_sell_proxy,0,,,,,10,0.0,,0,0,hypothesis_only,need_more_data,event_count_below_30
159795,159795,159795,expanded_formal_data,research_only,unknown,manual_review,volume_heat_decay_proxy,22,0.65,0.014622774175615472,0.001879200806961967,-0.10586011342155022,10,0.07051282051282051,1.3872074378508779,8,4,hypothesis_only,need_more_data,event_count_below_30
159795,159795,159795,expanded_formal_data,research_only,unknown,manual_review,type_stop_loss_proxy,94,0.5595238095238095,-0.00032101866671220097,0.0004958848679904606,-0.16221765913757702,10,0.30128205128205127,0.7334634882929083,28,27,sample_limited,candidate_for_simulation_review,
159797,159797,159797,expanded_formal_data,research_only,unknown,manual_review,rank_score_decline_2d_proxy,69,0.421875,-0.00026292064118602944,0.0018309333120484622,-0.11020408163265305,10,0.22115384615384615,1.3447530902672602,13,8,sample_limited,candidate_for_simulation_review,
159797,159797,159797,expanded_formal_data,research_only,unknown,manual_review,rank_score_decline_3d_proxy,30,0.46153846153846156,0.0005198897987389253,0.008419927573131284,-0.10164835164835162,10,0.09615384615384616,1.211616934318146,6,2,hypothesis_only,research_only_not_online,
159797,159797,159797,expanded_formal_data,research_only,unknown,manual_review,rank_score_below_70_proxy,194,0.3967391304347826,-0.004104618935695958,-0.0011191193636854086,-0.11020408163265305,10,0.6217948717948718,1.0946463027969626,26,30,sample_limited,candidate_for_simulation_review,
159797,159797,159797,expanded_formal_data,research_only,unknown,manual_review,top_decile_drop_proxy,9,0.4444444444444444,-0.004614040939390625,-0.0007796699498447968,-0.05875152998776001,10,0.028846153846153848,0.8939529568220775,1,0,hypothesis_only,need_more_data,event_count_below_30
159797,159797,159797,expanded_formal_data,research_only,unknown,manual_review,short_swing_buy_to_watch_proxy,9,0.4444444444444444,-0.011920483576803025,-0.0038733523105092013,-0.07832898172323766,10,0.028846153846153848,0.5869515912400399,1,2,hypothesis_only,need_more_data,event_count_below_30
159797,159797,159797,expanded_formal_data,research_only,unknown,manual_review,short_swing_buy_to_sell_proxy,2,0.5,-0.012692427792091954,-0.017658521760475276,-0.05875152998776001,10,0.00641025641025641,0.3715325147794452,0,0,hypothesis_only,need_more_data,event_count_below_30
159797,159797,159797,expanded_formal_data,research_only,unknown,manual_review,volume_heat_decay_proxy,21,0.25,-0.010405830059358134,-0.0021476436205007886,-0.06375000000000008,10,0.0673076923076923,0.8255141625173416,0,1,hypothesis_only,need_more_data,event_count_below_30
159797,159797,159797,expanded_formal_data,research_only,unknown,manual_review,type_stop_loss_proxy,51,0.5365853658536586,0.004007804222703058,0.018416318789897586,-0.06613756613756616,10,0.16346153846153846,1.1764308506106158,9,1,sample_limited,risk_control_candidate_requires_backtest,
159806,159806,新能源车电池ETF,新能源制造,trade_pool,commodity_resource,commodity_cycle,rank_score_decline_2d_proxy,60,0.6206896551724138,0.024284491528805952,0.041608584125516206,-0.16347826086956518,10,0.19230769230769232,1.8915379106990209,25,11,sample_limited,research_only_not_online,
159806,159806,新能源车电池ETF,新能源制造,trade_pool,commodity_resource,commodity_cycle,rank_score_decline_3d_proxy,27,0.6153846153846154,0.02673541106179428,0.04268516491142345,-0.1357220412595005,10,0.08653846153846154,2.0439071329610328,11,5,hypothesis_only,need_more_data,event_count_below_30
159806,159806,新能源车电池ETF,新能源制造,trade_pool,commodity_resource,commodity_cycle,rank_score_below_70_proxy,174,0.6280487804878049,0.015428852570996682,0.03583503114088492,-0.1357220412595005,10,0.5576923076923077,1.2520219579697858,72,31,sample_limited,research_only_not_online,
159806,159806,新能源车电池ETF,新能源制造,trade_pool,commodity_resource,commodity_cycle,top_decile_drop_proxy,11,0.2727272727272727,0.005310312432683892,0.02399847421123279,-0.1357220412595005,10,0.035256410256410256,2.7772155411618242,3,1,hypothesis_only,need_more_data,event_count_below_30
159806,159806,新能源车电池ETF,新能源制造,trade_pool,commodity_resource,commodity_cycle,short_swing_buy_to_watch_proxy,26,0.5384615384615384,0.0146307852683754,0.023413886218865747,-0.1522896698615548,10,0.08333333333333333,1.6530032387499263,10,7,hypothesis_only,need_more_data,event_count_below_30
159806,159806,新能源车电池ETF,新能源制造,trade_pool,commodity_resource,commodity_cycle,short_swing_buy_to_sell_proxy,1,1.0,0.036553524804177506,0.06788511749347248,-0.015665796344647487,10,0.003205128205128205,,1,0,hypothesis_only,need_more_data,event_count_below_30
159806,159806,新能源车电池ETF,新能源制造,trade_pool,commodity_resource,commodity_cycle,volume_heat_decay_proxy,14,0.6923076923076923,0.026373441375538566,0.04447146473271486,-0.10561797752808988,10,0.04487179487179487,2.0245184471829507,5,2,hypothesis_only,need_more_data,event_count_below_30
159806,159806,新能源车电池ETF,新能源制造,trade_pool,commodity_resource,commodity_cycle,type_stop_loss_proxy,86,0.6710526315789473,0.013655229634217841,0.051764236014440544,-0.12862318840579723,10,0.27564102564102566,0.8874170276974275,35,6,sample_limited,risk_control_candidate_requires_backtest,
159819,159819,人工智能ETF,科技成长,trade_pool,theme,theme_beta,rank_score_decline_2d_proxy,75,0.676056338028169,0.024538977552047918,0.038771386359401847,-0.2122958693563881,10,0.2403846153846154,1.3282548720303,33,19,sample_limited,research_only_not_online,
159819,159819,人工智能ETF,科技成长,trade_pool,theme,theme_beta,rank_score_decline_3d_proxy,33,0.71875,0.01858994311785812,0.031019219481994445,-0.1921182266009852,10,0.10576923076923077,0.9484100767744738,14,6,hypothesis_only,research_only_not_online,
159819,159819,人工智能ETF,科技成长,trade_pool,theme,theme_beta,rank_score_below_70_proxy,171,0.6024844720496895,0.01580113464930411,0.03591685493642238,-0.14258555133079853,10,0.5480769230769231,1.2707599092325967,66,54,sample_limited,research_only_not_online,
159819,159819,人工智能ETF,科技成长,trade_pool,theme,theme_beta,top_decile_drop_proxy,15,0.7333333333333333,0.06143628186102657,0.12151031208337723,-0.064276048714479,10,0.04807692307692308,10.74855090707301,9,1,hypothesis_only,need_more_data,event_count_below_30
159819,159819,人工智能ETF,科技成长,trade_pool,theme,theme_beta,short_swing_buy_to_watch_proxy,19,0.5789473684210527,0.02016150580308014,0.05208494694006948,-0.0990228013029315,10,0.060897435897435896,1.7295510910224334,8,5,hypothesis_only,need_more_data,event_count_below_30
159819,159819,人工智能ETF,科技成长,trade_pool,theme,theme_beta,short_swing_buy_to_sell_proxy,4,0.5,0.009790516364167196,0.07606820942036734,-0.09255533199195176,10,0.01282051282051282,1.323239969071197,2,1,hypothesis_only,need_more_data,event_count_below_30
159819,159819,人工智能ETF,科技成长,trade_pool,theme,theme_beta,volume_heat_decay_proxy,30,0.7,0.018691282755768843,0.04236538789965729,-0.138655462184874,10,0.09615384615384616,1.0126173017731315,15,8,hypothesis_only,research_only_not_online,
159819,159819,人工智能ETF,科技成长,trade_pool,theme,theme_beta,type_stop_loss_proxy,95,0.6818181818181818,0.031053782519651716,0.049919686145944143,-0.14046121593291405,10,0.30448717948717946,1.5288961543909383,47,22,sample_limited,risk_control_candidate_requires_backtest,
159825,159825,农业ETF,周期资源,trade_pool,commodity_resource,commodity_cycle,rank_score_decline_2d_proxy,72,0.6428571428571429,0.004380964597052196,0.010980308916501175,-0.1686746987951807,10,0.23076923076923078,0.6888644399478919,21,9,sample_limited,research_only_not_online,
159825,159825,农业ETF,周期资源,trade_pool,commodity_resource,commodity_cycle,rank_score_decline_3d_proxy,37,0.6666666666666666,0.0003526237260375999,0.008581475659951886,-0.15601965601965595,10,0.11858974358974358,0.5093112748365008,10,6,hypothesis_only,research_only_not_online,
159825,159825,农业ETF,周期资源,trade_pool,commodity_resource,commodity_cycle,rank_score_below_70_proxy,199,0.6190476190476191,0.003277032222692867,0.004747855765940626,-0.1686746987951807,10,0.6378205128205128,0.7588950198947454,39,22,sample_limited,research_only_not_online,
159825,159825,农业ETF,周期资源,trade_pool,commodity_resource,commodity_cycle,top_decile_drop_proxy,9,0.4444444444444444,-0.005335461661073854,0.006337541986243848,-0.08826815642458108,10,0.028846153846153848,0.7793847533569648,1,1,hypothesis_only,need_more_data,event_count_below_30
159825,159825,农业ETF,周期资源,trade_pool,commodity_resource,commodity_cycle,short_swing_buy_to_watch_proxy,12,0.3333333333333333,0.00015230199359580107,-0.01147602567524685,-0.11111111111111116,10,0.038461538461538464,1.7679305934454659,4,1,hypothesis_only,need_more_data,event_count_below_30
159825,159825,农业ETF,周期资源,trade_pool,commodity_resource,commodity_cycle,short_swing_buy_to_sell_proxy,0,,,,,10,0.0,,0,0,hypothesis_only,need_more_data,event_count_below_30
159825,159825,农业ETF,周期资源,trade_pool,commodity_resource,commodity_cycle,volume_heat_decay_proxy,29,0.7857142857142857,0.01754929860562416,0.025336699193914344,-0.10048426150121059,10,0.09294871794871795,1.543072760722192,9,1,hypothesis_only,need_more_data,event_count_below_30
159825,159825,农业ETF,周期资源,trade_pool,commodity_resource,commodity_cycle,type_stop_loss_proxy,42,0.375,-0.024166013856698535,-0.02236754091237163,-0.15080346106304077,10,0.1346153846153846,0.40708417624519905,4,3,sample_limited,candidate_for_simulation_review,
159835,159835,建信创新药ETF,医药与消费升级,observe_pool,theme,theme_beta,rank_score_decline_2d_proxy,78,0.5616438356164384,0.010136465222343384,0.019748358432952612,-0.12420382165605093,10,0.25,1.252904714649344,28,14,sample_limited,research_only_not_online,
159835,159835,建信创新药ETF,医药与消费升级,observe_pool,theme,theme_beta,rank_score_decline_3d_proxy,35,0.6774193548387096,0.02381937769380412,0.041743771898207514,-0.11290322580645151,10,0.11217948717948718,1.5418869878622334,16,2,hypothesis_only,research_only_not_online,
159835,159835,建信创新药ETF,医药与消费升级,observe_pool,theme,theme_beta,rank_score_below_70_proxy,196,0.42473118279569894,-0.0021382915816001535,0.0033947006757836847,-0.16413373860182368,10,0.6282051282051282,1.1847342030059003,43,58,sample_limited,candidate_for_simulation_review,
159835,159835,建信创新药ETF,医药与消费升级,observe_pool,theme,theme_beta,top_decile_drop_proxy,9,0.5555555555555556,0.013550731687055648,0.0246204940312222,-0.07810107197549776,10,0.028846153846153848,1.9773079940458165,3,2,hypothesis_only,need_more_data,event_count_below_30
159835,159835,建信创新药ETF,医药与消费升级,observe_pool,theme,theme_beta,short_swing_buy_to_watch_proxy,15,0.4666666666666667,0.0056868108731062,0.01998729602175903,-0.11111111111111116,10,0.04807692307692308,1.467123100723513,5,4,hypothesis_only,need_more_data,event_count_below_30
159835,159835,建信创新药ETF,医药与消费升级,observe_pool,theme,theme_beta,short_swing_buy_to_sell_proxy,1,0.0,-0.04262877442273516,-0.003552397868561097,-0.04262877442273516,10,0.003205128205128205,,0,0,hypothesis_only,need_more_data,event_count_below_30
159835,159835,建信创新药ETF,医药与消费升级,observe_pool,theme,theme_beta,volume_heat_decay_proxy,27,0.5416666666666666,0.0022468721691278706,0.01881548241364167,-0.08709175738724739,10,0.08653846153846154,0.9666471512780702,7,4,hypothesis_only,need_more_data,event_count_below_30
159835,159835,建信创新药ETF,医药与消费升级,observe_pool,theme,theme_beta,type_stop_loss_proxy,118,0.4074074074074074,-0.004897191876690498,0.008789124319492183,-0.12577639751552805,10,0.3782051282051282,1.0336440654825172,18,26,sample_limited,candidate_for_simulation_review,
159840,159840,159840,expanded_formal_data,research_only,unknown,manual_review,rank_score_decline_2d_proxy,58,0.6607142857142857,0.024436767824928343,0.040409690282620855,-0.16202090592334495,10,0.1858974358974359,1.5858015355024746,27,10,sample_limited,research_only_not_online,
159840,159840,159840,expanded_formal_data,research_only,unknown,manual_review,rank_score_decline_3d_proxy,26,0.6538461538461539,0.025722332524758713,0.0391229074325869,-0.13917525773195882,10,0.08333333333333333,2.0031000724129355,13,6,hypothesis_only,need_more_data,event_count_below_30
159840,159840,159840,expanded_formal_data,research_only,unknown,manual_review,rank_score_below_70_proxy,175,0.6727272727272727,0.01910901196147306,0.044150337682412014,-0.13917525773195882,10,0.5608974358974359,1.233240781403742,70,25,sample_limited,research_only_not_online,
159840,159840,159840,expanded_formal_data,research_only,unknown,manual_review,top_decile_drop_proxy,10,0.4,-0.007284907099185123,0.006980755514312509,-0.15314401622718055,10,0.03205128205128205,0.9548466724583403,1,1,hypothesis_only,need_more_data,event_count_below_30
159840,159840,159840,expanded_formal_data,research_only,unknown,manual_review,short_swing_buy_to_watch_proxy,21,0.6190476190476191,0.024661244856571146,0.06219879909131836,-0.10579064587973275,10,0.0673076923076923,2.2024946213350076,8,2,hypothesis_only,need_more_data,event_count_below_30
159840,159840,159840,expanded_formal_data,research_only,unknown,manual_review,short_swing_buy_to_sell_proxy,4,0.75,0.012401104584348094,-0.01470249506604232,-0.08914285714285708,10,0.01282051282051282,0.6478541017769442,2,1,hypothesis_only,need_more_data,event_count_below_30
159840,159840,159840,expanded_formal_data,research_only,unknown,manual_review,volume_heat_decay_proxy,18,0.7647058823529411,0.03500447104794955,0.06275245435570087,-0.058285714285714385,10,0.057692307692307696,2.76810901488142,9,0,hypothesis_only,need_more_data,event_count_below_30
159840,159840,159840,expanded_formal_data,research_only,unknown,manual_review,type_stop_loss_proxy,83,0.684931506849315,0.01788241953616417,0.05047193492828005,-0.13644524236983857,10,0.266025641025641,0.9833972316277335,35,6,sample_limited,risk_control_candidate_requires_backtest,
159857,159857,光伏ETF,新能源制造,trade_pool,commodity_resource,commodity_cycle,rank_score_decline_2d_proxy,63,0.6666666666666666,0.013945465376088938,0.029383022591646376,-0.16815920398009943,10,0.20192307692307693,1.0161441921116485,20,13,sample_limited,research_only_not_online,
159857,159857,光伏ETF,新能源制造,trade_pool,commodity_resource,commodity_cycle,rank_score_decline_3d_proxy,25,0.7,0.014880221104493602,0.0293349731535842,-0.11158342189160464,10,0.08012820512820513,1.519643512712923,5,3,hypothesis_only,need_more_data,event_count_below_30
159857,159857,光伏ETF,新能源制造,trade_pool,commodity_resource,commodity_cycle,rank_score_below_70_proxy,182,0.6569767441860465,0.018159098320386768,0.03911687006931176,-0.16815920398009943,10,0.5833333333333334,1.0958298729888105,72,32,sample_limited,research_only_not_online,
159857,159857,光伏ETF,新能源制造,trade_pool,commodity_resource,commodity_cycle,top_decile_drop_proxy,15,0.7333333333333333,0.02255445116671629,0.02153835837005813,-0.12513034410844626,10,0.04807692307692308,1.1438090413782631,7,4,hypothesis_only,need_more_data,event_count_below_30
159857,159857,光伏ETF,新能源制造,trade_pool,commodity_resource,commodity_cycle,short_swing_buy_to_watch_proxy,20,0.8,0.04099846612740028,0.08079340871904642,-0.12513034410844626,10,0.0641025641025641,5.229539896820615,11,1,hypothesis_only,need_more_data,event_count_below_30
159857,159857,光伏ETF,新能源制造,trade_pool,commodity_resource,commodity_cycle,short_swing_buy_to_sell_proxy,6,0.5,-0.02171558096459064,-0.01675622502210119,-0.13278008298755184,10,0.019230769230769232,0.38911060837903894,1,3,hypothesis_only,need_more_data,event_count_below_30
159857,159857,光伏ETF,新能源制造,trade_pool,commodity_resource,commodity_cycle,volume_heat_decay_proxy,25,0.7272727272727273,0.035222242486158045,0.044344115350671454,-0.07929515418502209,10,0.08012820512820513,4.536952776492658,10,1,hypothesis_only,need_more_data,event_count_below_30
159857,159857,光伏ETF,新能源制造,trade_pool,commodity_resource,commodity_cycle,type_stop_loss_proxy,80,0.6714285714285714,0.01650565394234603,0.03843870824678538,-0.12541254125412538,10,0.2564102564102564,1.1491345088818619,20,8,sample_limited,risk_control_candidate_requires_backtest,
159858,159858,南方创新药ETF,医药与消费升级,observe_pool,theme,theme_beta,rank_score_decline_2d_proxy,75,0.5138888888888888,0.0031244845646501906,0.010635150968624848,-0.14781297134238325,10,0.2403846153846154,1.109662502123716,24,16,sample_limited,research_only_not_online,
159858,159858,南方创新药ETF,医药与消费升级,observe_pool,theme,theme_beta,rank_score_decline_3d_proxy,33,0.6129032258064516,0.011996270397542324,0.02038174752760046,-0.12143928035982021,10,0.10576923076923077,1.203210645411168,13,5,hypothesis_only,research_only_not_online,
159858,159858,南方创新药ETF,医药与消费升级,observe_pool,theme,theme_beta,rank_score_below_70_proxy,199,0.43915343915343913,-0.0010425196935534907,0.004696210354750581,-0.16543574593796173,10,0.6378205128205128,1.1851251712972781,47,56,sample_limited,candidate_for_simulation_review,
159858,159858,南方创新药ETF,医药与消费升级,observe_pool,theme,theme_beta,top_decile_drop_proxy,10,0.6,0.01597321620893375,0.02810650352398757,-0.07646176911544234,10,0.03205128205128205,1.947668044613205,3,2,hypothesis_only,need_more_data,event_count_below_30
159858,159858,南方创新药ETF,医药与消费升级,observe_pool,theme,theme_beta,short_swing_buy_to_watch_proxy,14,0.35714285714285715,-0.0044260207650706086,0.015432142792359835,-0.11403508771929838,10,0.04487179487179487,1.522531147995963,4,4,hypothesis_only,need_more_data,event_count_below_30
159858,159858,南方创新药ETF,医药与消费升级,observe_pool,theme,theme_beta,short_swing_buy_to_sell_proxy,1,0.0,-0.035211267605633645,-0.0035211267605633756,-0.04401408450704214,10,0.003205128205128205,,0,0,hypothesis_only,need_more_data,event_count_below_30
159858,159858,南方创新药ETF,医药与消费升级,observe_pool,theme,theme_beta,volume_heat_decay_proxy,23,0.5217391304347826,0.0003330869236061474,0.010703947776511433,-0.12143928035982021,10,0.07371794871794872,0.9312456125886391,9,7,hypothesis_only,need_more_data,event_count_below_30
159858,159858,南方创新药ETF,医药与消费升级,observe_pool,theme,theme_beta,type_stop_loss_proxy,113,0.46601941747572817,-0.0009531819165795478,0.01642231891865111,-0.12291350531107748,10,0.36217948717948717,1.0404172941620338,19,19,sample_limited,candidate_for_simulation_review,
159865,159865,养殖ETF,周期资源,trade_pool,commodity_resource,commodity_cycle,rank_score_decline_2d_proxy,69,0.5538461538461539,-0.000560336260792407,-0.0007750329417470583,-0.16013071895424835,10,0.22115384615384615,0.6634419959847121,11,8,sample_limited,candidate_for_simulation_review,
159865,159865,养殖ETF,周期资源,trade_pool,commodity_resource,commodity_cycle,rank_score_decline_3d_proxy,33,0.6666666666666666,0.0024443295297712536,-0.0020511455957484903,-0.1435726210350584,10,0.10576923076923077,0.5426846562119264,5,5,hypothesis_only,research_only_not_online,
159865,159865,养殖ETF,周期资源,trade_pool,commodity_resource,commodity_cycle,rank_score_below_70_proxy,207,0.5279187817258884,-0.00035284015737026015,-0.0012336093795701501,-0.16013071895424835,10,0.6634615384615384,0.8110877404724548,30,16,evidence_supported,candidate_for_simulation_review,
159865,159865,养殖ETF,周期资源,trade_pool,commodity_resource,commodity_cycle,top_decile_drop_proxy,10,0.2,-0.0285274286424431,-0.04043653038934338,-0.14380165289256197,10,0.03205128205128205,0.2280183179570468,0,4,hypothesis_only,need_more_data,event_count_below_30
159865,159865,养殖ETF,周期资源,trade_pool,commodity_resource,commodity_cycle,short_swing_buy_to_watch_proxy,11,0.09090909090909091,-0.024776237889694297,-0.038106280209946976,-0.1470588235294117,10,0.035256410256410256,0.1975414264276492,0,4,hypothesis_only,need_more_data,event_count_below_30
159865,159865,养殖ETF,周期资源,trade_pool,commodity_resource,commodity_cycle,short_swing_buy_to_sell_proxy,0,,,,,10,0.0,,0,0,hypothesis_only,need_more_data,event_count_below_30
159865,159865,养殖ETF,周期资源,trade_pool,commodity_resource,commodity_cycle,volume_heat_decay_proxy,18,0.6470588235294118,-0.0027933155686048353,0.02311904871900216,-0.020168067226890796,10,0.057692307692307696,0.4354081673927133,3,0,hypothesis_only,need_more_data,event_count_below_30
159865,159865,养殖ETF,周期资源,trade_pool,commodity_resource,commodity_cycle,type_stop_loss_proxy,39,0.4482758620689655,-0.01884314612669186,-0.015759075835246435,-0.14141414141414133,10,0.125,0.4609409286142071,5,3,hypothesis_only,candidate_for_simulation_review,
159869,159869,游戏ETF,科技成长,trade_pool,theme,theme_beta,rank_score_decline_2d_proxy,66,0.4603174603174603,-0.0020758886279947614,-0.00015486232896470183,-0.19518542615484702,10,0.21153846153846154,1.0802947065138058,18,24,sample_limited,candidate_for_simulation_review,
159869,159869,游戏ETF,科技成长,trade_pool,theme,theme_beta,rank_score_decline_3d_proxy,30,0.41379310344827586,-0.009832651199642882,-0.0035815448382258974,-0.1824190350297421,10,0.09615384615384616,0.9590923885692078,7,11,hypothesis_only,candidate_for_simulation_review,
159869,159869,游戏ETF,科技成长,trade_pool,theme,theme_beta,rank_score_below_70_proxy,187,0.4858757062146893,-0.004561921153117531,-0.003719645728569154,-0.23783117683302524,10,0.5993589743589743,0.8740808417101942,50,61,sample_limited,candidate_for_simulation_review,
159869,159869,游戏ETF,科技成长,trade_pool,theme,theme_beta,top_decile_drop_proxy,15,0.7333333333333333,0.019690087381189745,0.04480415843568221,-0.13151364764268003,10,0.04807692307692308,0.8113712613827779,7,3,hypothesis_only,need_more_data,event_count_below_30
159869,159869,游戏ETF,科技成长,trade_pool,theme,theme_beta,short_swing_buy_to_watch_proxy,18,0.6666666666666666,0.02313186533527068,0.061836082029318104,-0.17717717717717718,10,0.057692307692307696,1.5431210098604309,9,2,hypothesis_only,need_more_data,event_count_below_30
159869,159869,游戏ETF,科技成长,trade_pool,theme,theme_beta,short_swing_buy_to_sell_proxy,3,0.3333333333333333,-0.03419371054632873,-0.03524295775479084,-0.1998706338939198,10,0.009615384615384616,0.931016861134625,1,2,hypothesis_only,need_more_data,event_count_below_30
159869,159869,游戏ETF,科技成长,trade_pool,theme,theme_beta,volume_heat_decay_proxy,25,0.34782608695652173,-0.02099874945059574,-0.01864994948387551,-0.1824190350297421,10,0.08012820512820513,0.6664182847976087,2,11,hypothesis_only,need_more_data,event_count_below_30
159869,159869,游戏ETF,科技成长,trade_pool,theme,theme_beta,type_stop_loss_proxy,127,0.4444444444444444,-0.013347618334574233,-0.024498438922417102,-0.1998706338939198,10,0.40705128205128205,0.6853198304677137,24,48,sample_limited,candidate_for_simulation_review,
159870,159870,化工ETF,周期、资源、商品,observe_pool,commodity_resource,commodity_cycle,rank_score_decline_2d_proxy,69,0.5942028985507246,0.007847412706589318,0.022149750363755244,-0.14393939393939392,10,0.22115384615384615,0.9800759123410884,26,20,sample_limited,research_only_not_online,
159870,159870,化工ETF,周期、资源、商品,observe_pool,commodity_resource,commodity_cycle,rank_score_decline_3d_proxy,36,0.5833333333333334,0.00044416323649298,0.015612241562733747,-0.14393939393939392,10,0.11538461538461539,0.680126013671347,14,11,hypothesis_only,research_only_not_online,
159870,159870,化工ETF,周期、资源、商品,observe_pool,commodity_resource,commodity_cycle,rank_score_below_70_proxy,164,0.6948051948051948,0.015530895573189521,0.027261960025985802,-0.14780835881753318,10,0.5256410256410257,0.8730166689312858,58,31,sample_limited,research_only_not_online,
159870,159870,化工ETF,周期、资源、商品,observe_pool,commodity_resource,commodity_cycle,top_decile_drop_proxy,15,0.6,0.016649796418398515,0.04535933245990258,-0.0777537796976242,10,0.04807692307692308,2.0594368010894386,6,3,hypothesis_only,need_more_data,event_count_below_30
159870,159870,化工ETF,周期、资源、商品,observe_pool,commodity_resource,commodity_cycle,short_swing_buy_to_watch_proxy,20,0.5,0.011053586803539022,0.01029887545101455,-0.13127001067235866,10,0.0641025641025641,1.6117725642671001,7,8,hypothesis_only,need_more_data,event_count_below_30
159870,159870,化工ETF,周期、资源、商品,observe_pool,commodity_resource,commodity_cycle,short_swing_buy_to_sell_proxy,1,0.0,-0.0014124293785310327,0.08757062146892669,-0.03389830508474567,10,0.003205128205128205,,0,0,hypothesis_only,need_more_data,event_count_below_30
159870,159870,化工ETF,周期、资源、商品,observe_pool,commodity_resource,commodity_cycle,volume_heat_decay_proxy,23,0.7391304347826086,0.018932420463350485,0.03574043791537474,-0.11974110032362473,10,0.07371794871794872,1.1460829005111417,11,3,hypothesis_only,need_more_data,event_count_below_30
159870,159870,化工ETF,周期、资源、商品,observe_pool,commodity_resource,commodity_cycle,type_stop_loss_proxy,74,0.7384615384615385,0.01732708599321599,0.06405120282169481,-0.1171875,10,0.23717948717948717,0.8585951102047056,26,4,sample_limited,risk_control_candidate_requires_backtest,
159876,159876,有色金属ETF,周期资源,trade_pool,commodity_resource,commodity_cycle,rank_score_decline_2d_proxy,71,0.6865671641791045,0.018385834914390137,0.039912047432692735,-0.215702479338843,10,0.22756410256410256,0.8718117393575795,29,21,sample_limited,research_only_not_online,
159876,159876,有色金属ETF,周期资源,trade_pool,commodity_resource,commodity_cycle,rank_score_decline_3d_proxy,37,0.6571428571428571,0.010521434518150194,0.0330041930770522,-0.2111388196176227,10,0.11858974358974358,0.7896675284248997,13,11,hypothesis_only,research_only_not_online,
159876,159876,有色金属ETF,周期资源,trade_pool,commodity_resource,commodity_cycle,rank_score_below_70_proxy,165,0.6838709677419355,0.01988842075007408,0.042514553074191,-0.2666151468315302,10,0.5288461538461539,0.9122734664851863,68,37,sample_limited,research_only_not_online,
159876,159876,有色金属ETF,周期资源,trade_pool,commodity_resource,commodity_cycle,top_decile_drop_proxy,17,0.8235294117647058,0.02059261016944168,0.06801051094831886,-0.09967051070840194,10,0.05448717948717949,0.8846116007466578,6,2,hypothesis_only,need_more_data,event_count_below_30
159876,159876,有色金属ETF,周期资源,trade_pool,commodity_resource,commodity_cycle,short_swing_buy_to_watch_proxy,20,0.65,0.016304676711992157,0.04382015729883275,-0.18695652173913035,10,0.0641025641025641,1.147708065217697,4,6,hypothesis_only,need_more_data,event_count_below_30
159876,159876,有色金属ETF,周期资源,trade_pool,commodity_resource,commodity_cycle,short_swing_buy_to_sell_proxy,3,0.6666666666666666,-0.002906534402526084,0.10578036407413821,-0.0705774518790101,10,0.009615384615384616,0.45124522937698186,2,1,hypothesis_only,need_more_data,event_count_below_30
159876,159876,有色金属ETF,周期资源,trade_pool,commodity_resource,commodity_cycle,volume_heat_decay_proxy,20,0.7222222222222222,0.015524332805232422,0.022208781187464232,-0.215702479338843,10,0.0641025641025641,0.7123364064388227,7,5,hypothesis_only,need_more_data,event_count_below_30
159876,159876,有色金属ETF,周期资源,trade_pool,commodity_resource,commodity_cycle,type_stop_loss_proxy,87,0.6538461538461539,0.006455495879180861,0.013304445302224379,-0.24019215372297853,10,0.27884615384615385,0.6536041776812301,34,21,sample_limited,risk_control_candidate_requires_backtest,
159883,159883,159883,expanded_formal_data,research_only,unknown,manual_review,rank_score_decline_2d_proxy,75,0.42857142857142855,-0.0010082705381065054,0.0019440522973414836,-0.10878661087866104,10,0.2403846153846154,1.2077889983071373,13,8,sample_limited,candidate_for_simulation_review,
159883,159883,159883,expanded_formal_data,research_only,unknown,manual_review,rank_score_decline_3d_proxy,36,0.46875,5.030697664328704e-05,0.007043372372278636,-0.10126582278481011,10,0.11538461538461539,1.1377551441582485,6,2,hypothesis_only,research_only_not_online,
159883,159883,159883,expanded_formal_data,research_only,unknown,manual_review,rank_score_below_70_proxy,193,0.3825136612021858,-0.004659272669459196,-0.001532089171517548,-0.10878661087866104,10,0.6185897435897436,1.076980054031151,25,30,sample_limited,candidate_for_simulation_review,
159883,159883,159883,expanded_formal_data,research_only,unknown,manual_review,top_decile_drop_proxy,10,0.6,-0.00041033334251057153,-0.0004899763799160351,-0.0563909774436091,10,0.03205128205128205,0.6481058632859034,1,0,hypothesis_only,need_more_data,event_count_below_30
159883,159883,159883,expanded_formal_data,research_only,unknown,manual_review,short_swing_buy_to_watch_proxy,7,0.42857142857142855,-0.01346991068822924,-0.002167637008124707,-0.08383233532934131,10,0.022435897435897436,0.3314175709632434,0,1,hypothesis_only,need_more_data,event_count_below_30
159883,159883,159883,expanded_formal_data,research_only,unknown,manual_review,short_swing_buy_to_sell_proxy,2,0.5,-0.012383900928792602,-0.018022998673153545,-0.0563909774436091,10,0.00641025641025641,0.3725490196078417,0,0,hypothesis_only,need_more_data,event_count_below_30
159883,159883,159883,expanded_formal_data,research_only,unknown,manual_review,volume_heat_decay_proxy,28,0.3333333333333333,-0.004338471643328797,0.0033487945641665125,-0.08565737051792821,10,0.08974358974358974,1.2380663047539575,2,2,hypothesis_only,need_more_data,event_count_below_30
159883,159883,159883,expanded_formal_data,research_only,unknown,manual_review,type_stop_loss_proxy,54,0.5681818181818182,0.00518536314475456,0.018656098129088212,-0.06896551724137923,10,0.17307692307692307,1.1535513853021406,11,2,sample_limited,risk_control_candidate_requires_backtest,
159888,159888,159888,expanded_formal_data,research_only,unknown,manual_review,rank_score_decline_2d_proxy,78,0.4794520547945205,-0.003866186877228305,-0.0038664871447055167,-0.2025,10,0.25,0.8570810058201435,19,26,sample_limited,candidate_for_simulation_review,
159888,159888,159888,expanded_formal_data,research_only,unknown,manual_review,rank_score_decline_3d_proxy,38,0.45714285714285713,-0.0007943045021990233,0.004215681180944635,-0.1778350515463918,10,0.12179487179487179,1.0209692081572055,9,13,hypothesis_only,candidate_for_simulation_review,
159888,159888,159888,expanded_formal_data,research_only,unknown,manual_review,rank_score_below_70_proxy,175,0.5393939393939394,-0.0019197457417167163,0.004086645525869835,-0.15321375186846042,10,0.5608974358974359,0.7544203500544286,47,47,sample_limited,candidate_for_simulation_review,
159888,159888,159888,expanded_formal_data,research_only,unknown,manual_review,top_decile_drop_proxy,12,0.5833333333333334,0.02879268424315708,0.02871188736552535,-0.09535066981875495,10,0.038461538461538464,3.232040087171178,4,4,hypothesis_only,need_more_data,event_count_below_30
159888,159888,159888,expanded_formal_data,research_only,unknown,manual_review,short_swing_buy_to_watch_proxy,19,0.5789473684210527,0.015204464009511027,0.02068737705810135,-0.14555052790346912,10,0.060897435897435896,1.5535647977668794,6,5,hypothesis_only,need_more_data,event_count_below_30
159888,159888,159888,expanded_formal_data,research_only,unknown,manual_review,short_swing_buy_to_sell_proxy,0,,,,,10,0.0,,0,0,hypothesis_only,need_more_data,event_count_below_30
159888,159888,159888,expanded_formal_data,research_only,unknown,manual_review,volume_heat_decay_proxy,20,0.6666666666666666,0.011641323163702021,0.010602812252563099,-0.15084294587400182,10,0.0641025641025641,0.911747399072109,7,7,hypothesis_only,need_more_data,event_count_below_30
159888,159888,159888,expanded_formal_data,research_only,unknown,manual_review,type_stop_loss_proxy,97,0.5632183908045977,-0.0004873551906564462,-2.3143064805580168e-05,-0.162729658792651,10,0.3108974358974359,0.757907231253681,29,28,sample_limited,candidate_for_simulation_review,
159889,159889,159889,expanded_formal_data,research_only,unknown,manual_review,rank_score_decline_2d_proxy,83,0.5384615384615384,-0.003768366244195782,-0.0007446984682914447,-0.2028985507246377,10,0.266025641025641,0.678596643073545,21,28,sample_limited,candidate_for_simulation_review,
159889,159889,159889,expanded_formal_data,research_only,unknown,manual_review,rank_score_decline_3d_proxy,42,0.5384615384615384,-0.004267734775846797,0.006310672327383153,-0.18154761904761907,10,0.1346153846153846,0.6602261431986154,10,13,sample_limited,candidate_for_simulation_review,
159889,159889,159889,expanded_formal_data,research_only,unknown,manual_review,rank_score_below_70_proxy,175,0.5515151515151515,-0.0024667278463623475,0.005453495480589637,-0.1520417028670722,10,0.5608974358974359,0.7074245130693496,44,49,sample_limited,candidate_for_simulation_review,
159889,159889,159889,expanded_formal_data,research_only,unknown,manual_review,top_decile_drop_proxy,13,0.6153846153846154,0.0295291128404712,0.019418773677898658,-0.09927140255009115,10,0.041666666666666664,3.148858925177364,4,4,hypothesis_only,need_more_data,event_count_below_30
159889,159889,159889,expanded_formal_data,research_only,unknown,manual_review,short_swing_buy_to_watch_proxy,18,0.5555555555555556,0.015043297038124633,0.01625901780616977,-0.14610673665791785,10,0.057692307692307696,1.6886279123164227,6,5,hypothesis_only,need_more_data,event_count_below_30
159889,159889,159889,expanded_formal_data,research_only,unknown,manual_review,short_swing_buy_to_sell_proxy,0,,,,,10,0.0,,0,0,hypothesis_only,need_more_data,event_count_below_30
159889,159889,159889,expanded_formal_data,research_only,unknown,manual_review,volume_heat_decay_proxy,27,0.56,-0.00028923632623131026,0.003967862888873102,-0.15210688591983557,10,0.08653846153846154,0.7054097294628744,8,11,hypothesis_only,need_more_data,event_count_below_30
159889,159889,159889,expanded_formal_data,research_only,unknown,manual_review,type_stop_loss_proxy,95,0.5647058823529412,-0.00040050700667631334,0.0009381191388942405,-0.16158536585365857,10,0.30448717948717946,0.7360272044719798,27,28,sample_limited,candidate_for_simulation_review,
159898,159898,159898,expanded_formal_data,research_only,unknown,manual_review,rank_score_decline_2d_proxy,73,0.4264705882352941,-0.003559705004773103,0.001181324316198112,-0.10964083175803407,10,0.23397435897435898,1.0035451540575262,12,8,sample_limited,candidate_for_simulation_review,
159898,159898,159898,expanded_formal_data,research_only,unknown,manual_review,rank_score_decline_3d_proxy,33,0.4482758620689655,-0.005373472557848472,0.005247700048515931,-0.10285714285714298,10,0.10576923076923077,0.7886082258902145,5,3,hypothesis_only,candidate_for_simulation_review,
159898,159898,159898,expanded_formal_data,research_only,unknown,manual_review,rank_score_below_70_proxy,197,0.4117647058823529,-0.0032582195903114427,0.00023779396966188275,-0.10638297872340419,10,0.6314102564102564,1.0303964173077913,25,27,sample_limited,candidate_for_simulation_review,
159898,159898,159898,expanded_formal_data,research_only,unknown,manual_review,top_decile_drop_proxy,10,0.6,0.0030596487139867958,0.003261155249280001,-0.05660377358490554,10,0.03205128205128205,0.8378805720426001,2,0,hypothesis_only,need_more_data,event_count_below_30
159898,159898,159898,expanded_formal_data,research_only,unknown,manual_review,short_swing_buy_to_watch_proxy,9,0.2222222222222222,-0.021061391806278182,-0.013988353600316262,-0.11873840445269024,10,0.028846153846153848,0.6329920604336899,1,2,hypothesis_only,need_more_data,event_count_below_30
159898,159898,159898,expanded_formal_data,research_only,unknown,manual_review,short_swing_buy_to_sell_proxy,2,0.5,-0.009289380466999175,-0.012619690726392019,-0.05660377358490554,10,0.00641025641025641,0.5076628352490421,0,0,hypothesis_only,need_more_data,event_count_below_30
159898,159898,159898,expanded_formal_data,research_only,unknown,manual_review,volume_heat_decay_proxy,28,0.39285714285714285,-0.004287144080509913,-0.0005136558301570004,-0.08363636363636373,10,0.08974358974358974,1.035078368086659,3,2,hypothesis_only,need_more_data,event_count_below_30
159898,159898,159898,expanded_formal_data,research_only,unknown,manual_review,type_stop_loss_proxy,52,0.5476190476190477,0.002883423501700772,0.019726258836256765,-0.06151142355008776,10,0.16666666666666666,0.98519770750145,10,2,sample_limited,risk_control_candidate_requires_backtest,
159901,159901,深100ETF,宽基,trade_pool,broad_index,core_beta,rank_score_decline_2d_proxy,64,0.7213114754098361,0.019542362704089298,0.03284891225118416,-0.11197339246119731,10,0.20512820512820512,1.499969531468565,25,5,sample_limited,research_only_not_online,
159901,159901,深100ETF,宽基,trade_pool,broad_index,core_beta,rank_score_decline_3d_proxy,23,0.7727272727272727,0.028969088837083365,0.041585325358148996,-0.029001990332669814,10,0.07371794871794872,2.7156014740089613,11,0,hypothesis_only,need_more_data,event_count_below_30
159901,159901,深100ETF,宽基,trade_pool,broad_index,core_beta,rank_score_below_70_proxy,167,0.6477987421383647,0.013666494297494856,0.0265694265196706,-0.08890746934225191,10,0.5352564102564102,1.705065074003798,43,11,sample_limited,research_only_not_online,
159901,159901,深100ETF,宽基,trade_pool,broad_index,core_beta,top_decile_drop_proxy,12,0.75,0.035318105154086114,0.058125931338170574,-0.025330812854442386,10,0.038461538461538464,2.395610363098373,6,0,hypothesis_only,need_more_data,event_count_below_30
159901,159901,深100ETF,宽基,trade_pool,broad_index,core_beta,short_swing_buy_to_watch_proxy,18,0.4444444444444444,0.003960499639023143,0.030586473157018155,-0.07280873704844593,10,0.057692307692307696,1.6168059993519412,5,2,hypothesis_only,need_more_data,event_count_below_30
159901,159901,深100ETF,宽基,trade_pool,broad_index,core_beta,short_swing_buy_to_sell_proxy,0,,,,,10,0.0,,0,0,hypothesis_only,need_more_data,event_count_below_30
159901,159901,深100ETF,宽基,trade_pool,broad_index,core_beta,volume_heat_decay_proxy,15,0.5384615384615384,0.010158140989126877,0.026892908711107114,-0.08908263836239572,10,0.04807692307692308,1.7239450795677906,3,2,hypothesis_only,need_more_data,event_count_below_30
159901,159901,深100ETF,宽基,trade_pool,broad_index,core_beta,type_stop_loss_proxy,11,1.0,0.028630962344893506,0.05678588970290235,-0.006751389992057155,10,0.035256410256410256,,5,0,hypothesis_only,need_more_data,event_count_below_30
159905,159905,深红利ETF,防御风格,trade_pool,sector,sector_beta,rank_score_decline_2d_proxy,73,0.6,0.0001757377157854591,0.003155614999458491,-0.09531332280147453,10,0.23397435897435898,0.6788715590419402,8,13,sample_limited,research_only_not_online,
159905,159905,深红利ETF,防御风格,trade_pool,sector,sector_beta,rank_score_decline_3d_proxy,33,0.6129032258064516,-0.0009963806577802292,0.004254836629189524,-0.08664850136239788,10,0.10576923076923077,0.5669391958927148,4,5,hypothesis_only,candidate_for_simulation_review,
159905,159905,深红利ETF,防御风格,trade_pool,sector,sector_beta,rank_score_below_70_proxy,198,0.6063829787234043,0.0015274020044729296,0.005587644623331344,-0.09910854745673836,10,0.6346153846153846,0.7716254888791048,14,25,sample_limited,research_only_not_online,
159905,159905,深红利ETF,防御风格,trade_pool,sector,sector_beta,top_decile_drop_proxy,16,0.6875,0.0032335971334081365,0.0025905305770951223,-0.07344940152339496,10,0.05128205128205128,0.6316199599479424,1,2,hypothesis_only,need_more_data,event_count_below_30
159905,159905,深红利ETF,防御风格,trade_pool,sector,sector_beta,short_swing_buy_to_watch_proxy,6,0.6666666666666666,0.0007191557340638551,0.0070516385511373665,-0.041825095057034245,10,0.019230769230769232,0.5337107537321057,0,0,hypothesis_only,need_more_data,event_count_below_30
159905,159905,深红利ETF,防御风格,trade_pool,sector,sector_beta,short_swing_buy_to_sell_proxy,0,,,,,10,0.0,,0,0,hypothesis_only,need_more_data,event_count_below_30
159905,159905,深红利ETF,防御风格,trade_pool,sector,sector_beta,volume_heat_decay_proxy,21,0.6,-0.004668350877015187,-0.005615123115502008,-0.09531332280147453,10,0.0673076923076923,0.43936939389637725,1,6,hypothesis_only,need_more_data,event_count_below_30
159905,159905,深红利ETF,防御风格,trade_pool,sector,sector_beta,type_stop_loss_proxy,23,0.6428571428571429,0.008857548265674071,0.03955796044852658,-0.0315670800450959,10,0.07371794871794872,1.1003519047825103,4,0,hypothesis_only,need_more_data,event_count_below_30
159915,159915,创业板ETF,宽基,trade_pool,broad_index,core_beta,rank_score_decline_2d_proxy,244,0.49377593360995853,0.011616621380443122,0.008990560885536696,-0.1778601204261232,10,0.2271880819366853,1.7303818496877563,78,65,evidence_supported,research_only_not_online,
159915,159915,创业板ETF,宽基,trade_pool,broad_index,core_beta,rank_score_decline_3d_proxy,105,0.5,0.01315567622666941,0.007586224087947639,-0.15956439393939403,10,0.09776536312849161,1.8804997914131363,35,24,sample_limited,research_only_not_online,
159915,159915,创业板ETF,宽基,trade_pool,broad_index,core_beta,rank_score_below_70_proxy,699,0.447178002894356,8.944087919062998e-05,0.004718921563744134,-0.20076628352490422,10,0.6508379888268156,1.238392818408755,171,231,evidence_supported,research_only_not_online,
159915,159915,创业板ETF,宽基,trade_pool,broad_index,core_beta,top_decile_drop_proxy,26,0.5,0.020292423749128784,0.04060084460430964,-0.09061784897025171,10,0.024208566108007448,2.4202301940961304,10,6,hypothesis_only,need_more_data,event_count_below_30
159915,159915,创业板ETF,宽基,trade_pool,broad_index,core_beta,short_swing_buy_to_watch_proxy,51,0.5098039215686274,0.006237160911356374,0.007026366602088587,-0.14704790196806528,10,0.04748603351955307,1.3924206753885815,16,14,sample_limited,research_only_not_online,
159915,159915,创业板ETF,宽基,trade_pool,broad_index,core_beta,short_swing_buy_to_sell_proxy,5,0.6,0.049017586514414034,0.02280448481773385,-0.11627906976744196,10,0.004655493482309125,4.761764431594654,3,2,hypothesis_only,need_more_data,event_count_below_30
159915,159915,创业板ETF,宽基,trade_pool,broad_index,core_beta,volume_heat_decay_proxy,76,0.38666666666666666,-0.001547383058285945,-0.006326553169896021,-0.1778601204261232,10,0.07076350093109869,1.4791400486681323,20,26,sample_limited,candidate_for_simulation_review,
159915,159915,创业板ETF,宽基,trade_pool,broad_index,core_beta,type_stop_loss_proxy,162,0.6790123456790124,0.015520194234739914,0.02087962531214121,-0.18674463937621832,10,0.15083798882681565,0.9667549272873464,70,51,sample_limited,risk_control_candidate_requires_backtest,
159920,159920,恒生ETF,QDII观察,observe_pool,qdii,cross_border,rank_score_decline_2d_proxy,81,0.5466666666666666,-0.0006532634078217854,0.003477613411994058,-0.1428571428571428,10,0.25961538461538464,0.7673211553062501,12,14,sample_limited,candidate_for_simulation_review,
159920,159920,恒生ETF,QDII观察,observe_pool,qdii,cross_border,rank_score_decline_3d_proxy,42,0.6216216216216216,-0.0011252893217771223,0.005279850313274316,-0.1428571428571428,10,0.1346153846153846,0.5645573288583895,7,8,sample_limited,candidate_for_simulation_review,
159920,159920,恒生ETF,QDII观察,observe_pool,qdii,cross_border,rank_score_below_70_proxy,200,0.6105263157894737,0.007421075585756529,0.012835562020609472,-0.0870113493064314,10,0.6410256410256411,1.1926345128926512,46,17,evidence_supported,research_only_not_online,
159920,159920,恒生ETF,QDII观察,observe_pool,qdii,cross_border,top_decile_drop_proxy,8,0.25,-0.005408287473653919,-0.017847428442565177,-0.06825499034127491,10,0.02564102564102564,1.040733955703284,0,2,hypothesis_only,need_more_data,event_count_below_30
159920,159920,恒生ETF,QDII观察,observe_pool,qdii,cross_border,short_swing_buy_to_watch_proxy,15,0.7333333333333333,0.004673174107629545,0.0067422250735711545,-0.08925318761384338,10,0.04807692307692308,0.5916554385427757,3,2,hypothesis_only,need_more_data,event_count_below_30
159920,159920,恒生ETF,QDII观察,observe_pool,qdii,cross_border,short_swing_buy_to_sell_proxy,1,0.0,-0.1302864938608459,-0.08594815825375168,-0.14051841746248295,10,0.003205128205128205,,0,1,hypothesis_only,need_more_data,event_count_below_30
159920,159920,恒生ETF,QDII观察,observe_pool,qdii,cross_border,volume_heat_decay_proxy,19,0.6470588235294118,0.004019706745183227,0.0010103623603129658,-0.0870113493064314,10,0.060897435897435896,0.7074088735970587,4,4,hypothesis_only,need_more_data,event_count_below_30
159920,159920,恒生ETF,QDII观察,observe_pool,qdii,cross_border,type_stop_loss_proxy,20,0.7894736842105263,0.02999275875014269,0.057887256613883824,-0.1107974594213127,10,0.0641025641025641,1.2796773117544713,11,2,hypothesis_only,need_more_data,event_count_below_30
159928,159928,消费ETF,消费医药,trade_pool,sector,sector_beta,rank_score_decline_2d_proxy,70,0.3384615384615385,-0.009661227153297773,-0.01561346781068363,-0.1222826086956521,10,0.22435897435897437,0.7668606583344617,5,6,sample_limited,candidate_for_simulation_review,
159928,159928,消费ETF,消费医药,trade_pool,sector,sector_beta,rank_score_decline_3d_proxy,27,0.34782608695652173,-0.012822104307006038,-0.01840281245656259,-0.11172413793103442,10,0.08653846153846154,0.5813865572007589,1,2,hypothesis_only,need_more_data,event_count_below_30
159928,159928,消费ETF,消费医药,trade_pool,sector,sector_beta,rank_score_below_70_proxy,224,0.3598130841121495,-0.007280616236770471,-0.01583885748750993,-0.1222826086956521,10,0.717948717948718,0.8008505157343194,18,19,evidence_supported,candidate_for_simulation_review,
159928,159928,消费ETF,消费医药,trade_pool,sector,sector_beta,top_decile_drop_proxy,5,0.6,-0.012249690490020605,-0.010511575233196457,-0.10307898259705484,10,0.016025641025641024,0.27269342413285996,0,1,hypothesis_only,need_more_data,event_count_below_30
159928,159928,消费ETF,消费医药,trade_pool,sector,sector_beta,short_swing_buy_to_watch_proxy,10,0.1,-0.019952316089723966,-0.019734402344766255,-0.06435643564356441,10,0.03205128205128205,0.8104266783036309,0,2,hypothesis_only,need_more_data,event_count_below_30
159928,159928,消费ETF,消费医药,trade_pool,sector,sector_beta,short_swing_buy_to_sell_proxy,0,,,,,10,0.0,,0,0,hypothesis_only,need_more_data,event_count_below_30
159928,159928,消费ETF,消费医药,trade_pool,sector,sector_beta,volume_heat_decay_proxy,25,0.375,-0.0131406807363246,-0.01854964255886034,-0.1222826086956521,10,0.08012820512820513,0.4685800369634634,1,2,hypothesis_only,need_more_data,event_count_below_30
159928,159928,消费ETF,消费医药,trade_pool,sector,sector_beta,type_stop_loss_proxy,31,0.5238095238095238,-0.008241316554034293,0.002395013685111928,-0.030303030303030276,10,0.09935897435897435,0.5062755256866551,3,0,hypothesis_only,candidate_for_simulation_review,
159929,159929,医药ETF,消费医药,trade_pool,sector,sector_beta,rank_score_decline_2d_proxy,73,0.5142857142857142,0.00025341600318688404,0.002700005725836462,-0.108108108108108,10,0.23397435897435898,0.9605926286911964,18,8,sample_limited,research_only_not_online,
159929,159929,医药ETF,消费医药,trade_pool,sector,sector_beta,rank_score_decline_3d_proxy,33,0.5483870967741935,0.0030760427213764327,0.007535422536132171,-0.09976617303195623,10,0.10576923076923077,1.0108847794992146,9,3,hypothesis_only,research_only_not_online,
159929,159929,医药ETF,消费医药,trade_pool,sector,sector_beta,rank_score_below_70_proxy,197,0.40641711229946526,-0.0036316770563159886,-0.0036655444104096275,-0.13353338334583642,10,0.6314102564102564,1.124771371729527,33,34,sample_limited,candidate_for_simulation_review,
159929,159929,医药ETF,消费医药,trade_pool,sector,sector_beta,top_decile_drop_proxy,12,0.5,0.0003631706784665012,0.0002461134972164362,-0.06962509563886765,10,0.038461538461538464,1.031938235360667,1,2,hypothesis_only,need_more_data,event_count_below_30
159929,159929,医药ETF,消费医药,trade_pool,sector,sector_beta,short_swing_buy_to_watch_proxy,13,0.5384615384615384,-0.007832428477270375,0.00584085455098716,-0.07927677329624472,10,0.041666666666666664,0.5252456568290916,3,4,hypothesis_only,need_more_data,event_count_below_30
159929,159929,医药ETF,消费医药,trade_pool,sector,sector_beta,short_swing_buy_to_sell_proxy,0,,,,,10,0.0,,0,0,hypothesis_only,need_more_data,event_count_below_30
159929,159929,医药ETF,消费医药,trade_pool,sector,sector_beta,volume_heat_decay_proxy,23,0.4782608695652174,-0.0008735289301131462,0.00811492877315868,-0.07914201183431946,10,0.07371794871794872,1.0280219561353394,6,4,hypothesis_only,need_more_data,event_count_below_30
159929,159929,医药ETF,消费医药,trade_pool,sector,sector_beta,type_stop_loss_proxy,46,0.6216216216216216,0.0025742201565976982,0.014647450605284124,-0.05514705882352955,10,0.14743589743589744,0.7417891172206721,5,0,sample_limited,risk_control_candidate_requires_backtest,
159930,159930,能源ETF,周期资源,trade_pool,commodity_resource,commodity_cycle,rank_score_decline_2d_proxy,66,0.5692307692307692,0.01659481639467083,0.019882811452047792,-0.09284028324154203,10,0.21153846153846154,2.3206624747863938,21,6,sample_limited,research_only_not_online,
159930,159930,能源ETF,周期资源,trade_pool,commodity_resource,commodity_cycle,rank_score_decline_3d_proxy,29,0.5862068965517241,0.01840448227140654,0.022643067187986792,-0.08925750394944709,10,0.09294871794871795,2.8412650508407946,10,1,hypothesis_only,need_more_data,event_count_below_30
159930,159930,能源ETF,周期资源,trade_pool,commodity_resource,commodity_cycle,rank_score_below_70_proxy,174,0.6107784431137725,0.01253216175369859,0.029875636106869413,-0.09151047409040802,10,0.5576923076923077,1.6771337288373984,38,6,sample_limited,research_only_not_online,
159930,159930,能源ETF,周期资源,trade_pool,commodity_resource,commodity_cycle,top_decile_drop_proxy,17,0.6470588235294118,0.03407672354086838,0.032008510316682524,-0.0539788536449638,10,0.05448717948717949,3.0785316094020416,7,0,hypothesis_only,need_more_data,event_count_below_30
159930,159930,能源ETF,周期资源,trade_pool,commodity_resource,commodity_cycle,short_swing_buy_to_watch_proxy,17,0.6875,0.03217689324485954,0.04400648540795147,-0.09284028324154203,10,0.05448717948717949,2.187760143245208,7,2,hypothesis_only,need_more_data,event_count_below_30
159930,159930,能源ETF,周期资源,trade_pool,commodity_resource,commodity_cycle,short_swing_buy_to_sell_proxy,2,0.5,0.03087452253167,0.10669906198626822,-0.04629629629629639,10,0.00641025641025641,2.5925723861112173,1,0,hypothesis_only,need_more_data,event_count_below_30
159930,159930,能源ETF,周期资源,trade_pool,commodity_resource,commodity_cycle,volume_heat_decay_proxy,22,0.36363636363636365,0.00434231864581778,0.023726502301482395,-0.08781645569620256,10,0.07051282051282051,2.4241676985121186,5,1,hypothesis_only,need_more_data,event_count_below_30
159930,159930,能源ETF,周期资源,trade_pool,commodity_resource,commodity_cycle,type_stop_loss_proxy,35,0.4,0.005473180201989877,-0.004037737106541317,-0.06592797783933513,10,0.11217948717948718,2.1177572755730285,8,3,hypothesis_only,risk_control_candidate_requires_backtest,
159940,159940,金融ETF,金融地产,trade_pool,sector,sector_beta,rank_score_decline_2d_proxy,82,0.5189873417721519,0.0005028973255157466,0.004266981244087879,-0.09090909090909094,10,0.26282051282051283,0.9167608363845813,12,8,sample_limited,research_only_not_online,
159940,159940,金融ETF,金融地产,trade_pool,sector,sector_beta,rank_score_decline_3d_proxy,40,0.47368421052631576,0.00045298225991353166,0.0020261721771972618,-0.0689102564102565,10,0.1282051282051282,1.1050443892964144,5,4,sample_limited,research_only_not_online,
159940,159940,金融ETF,金融地产,trade_pool,sector,sector_beta,rank_score_below_70_proxy,207,0.5404040404040404,0.0009628274294106837,-0.0008493491954478953,-0.0690172543135783,10,0.6634615384615384,0.9081732789087706,24,8,evidence_supported,research_only_not_online,
159940,159940,金融ETF,金融地产,trade_pool,sector,sector_beta,top_decile_drop_proxy,9,0.5555555555555556,-0.009393468338024494,-0.0039011316406802146,-0.06686701728024036,10,0.028846153846153848,0.24480701948557146,0,2,hypothesis_only,need_more_data,event_count_below_30
159940,159940,金融ETF,金融地产,trade_pool,sector,sector_beta,short_swing_buy_to_watch_proxy,6,0.5,-0.0042586505503576415,-0.0013280382566651094,-0.06686701728024036,10,0.019230769230769232,0.6238564053082629,1,1,hypothesis_only,need_more_data,event_count_below_30
159940,159940,金融ETF,金融地产,trade_pool,sector,sector_beta,short_swing_buy_to_sell_proxy,0,,,,,10,0.0,,0,0,hypothesis_only,need_more_data,event_count_below_30
159940,159940,金融ETF,金融地产,trade_pool,sector,sector_beta,volume_heat_decay_proxy,23,0.4782608695652174,-0.0013976171743028578,-0.004851100924025464,-0.0689102564102565,10,0.07371794871794872,0.8748939225058724,3,2,hypothesis_only,need_more_data,event_count_below_30
159940,159940,金融ETF,金融地产,trade_pool,sector,sector_beta,type_stop_loss_proxy,23,0.8695652173913043,0.019328507136461108,0.020326674716560144,-0.038919777601270744,10,0.07371794871794872,2.7059974292861293,5,0,hypothesis_only,need_more_data,event_count_below_30
159941,159941,纳指ETF,QDII观察,observe_pool,qdii,cross_border,rank_score_decline_2d_proxy,78,0.6301369863013698,0.020974572723556288,0.02891112760058557,-0.13681368136813687,10,0.25,2.6715523527663154,27,8,sample_limited,research_only_not_online,
159941,159941,纳指ETF,QDII观察,observe_pool,qdii,cross_border,rank_score_decline_3d_proxy,40,0.6756756756756757,0.02266020866604802,0.03137226239215538,-0.11203703703703716,10,0.1282051282051282,2.665771264831326,14,3,sample_limited,research_only_not_online,
159941,159941,纳指ETF,QDII观察,observe_pool,qdii,cross_border,rank_score_below_70_proxy,175,0.5266272189349113,0.010449079352393514,0.02243330308865527,-0.07776962582538527,10,0.5608974358974359,1.9279244747272832,49,16,sample_limited,research_only_not_online,
159941,159941,纳指ETF,QDII观察,observe_pool,qdii,cross_border,top_decile_drop_proxy,9,0.625,0.032533359901397746,0.04072706362251688,-0.0652173913043479,10,0.028846153846153848,2.470395564514333,3,1,hypothesis_only,need_more_data,event_count_below_30
159941,159941,纳指ETF,QDII观察,observe_pool,qdii,cross_border,short_swing_buy_to_watch_proxy,20,0.5789473684210527,0.014253328046968619,0.04264915997540348,-0.14221824686940976,10,0.0641025641025641,1.4284732977182677,8,3,hypothesis_only,need_more_data,event_count_below_30
159941,159941,纳指ETF,QDII观察,observe_pool,qdii,cross_border,short_swing_buy_to_sell_proxy,0,,,,,10,0.0,,0,0,hypothesis_only,need_more_data,event_count_below_30
159941,159941,纳指ETF,QDII观察,observe_pool,qdii,cross_border,volume_heat_decay_proxy,24,0.5833333333333334,0.012281459836378197,0.026997096225360895,-0.13681368136813687,10,0.07692307692307693,2.2425789244519865,5,3,hypothesis_only,need_more_data,event_count_below_30
159941,159941,纳指ETF,QDII观察,observe_pool,qdii,cross_border,type_stop_loss_proxy,17,1.0,0.0513640858049238,0.0974764334913354,-0.0995305164319249,10,0.05448717948717949,,9,1,hypothesis_only,need_more_data,event_count_below_30
159949,159949,创业板50ETF,宽基,trade_pool,broad_index,core_beta,rank_score_decline_2d_proxy,60,0.8392857142857143,0.042287029635137925,0.06332266152255127,-0.17226890756302515,10,0.19230769230769232,1.1324030541311914,33,5,sample_limited,research_only_not_online,
159949,159949,创业板50ETF,宽基,trade_pool,broad_index,core_beta,rank_score_decline_3d_proxy,22,0.9,0.055028416528457934,0.08247359202414208,-0.05798090040927695,10,0.07051282051282051,2.1985752821306273,14,0,hypothesis_only,need_more_data,event_count_below_30
159949,159949,创业板50ETF,宽基,trade_pool,broad_index,core_beta,rank_score_below_70_proxy,163,0.6624203821656051,0.02571234712926102,0.046916890568187194,-0.12955974842767304,10,0.5224358974358975,1.9389224982725557,66,19,sample_limited,research_only_not_online,
159949,159949,创业板50ETF,宽基,trade_pool,broad_index,core_beta,top_decile_drop_proxy,14,0.6923076923076923,0.05330313385945687,0.11644515690574336,-0.05085910652920966,10,0.04487179487179487,7.53529707900253,8,0,hypothesis_only,need_more_data,event_count_below_30
159949,159949,创业板50ETF,宽基,trade_pool,broad_index,core_beta,short_swing_buy_to_watch_proxy,19,0.5789473684210527,0.021695062597071813,0.05354186671230829,-0.10499027867790012,10,0.060897435897435896,2.496648141247378,7,3,hypothesis_only,need_more_data,event_count_below_30
159949,159949,创业板50ETF,宽基,trade_pool,broad_index,core_beta,short_swing_buy_to_sell_proxy,3,1.0,0.07676558271559464,0.09368803692681316,-0.021404682274247522,10,0.009615384615384616,,1,0,hypothesis_only,need_more_data,event_count_below_30
159949,159949,创业板50ETF,宽基,trade_pool,broad_index,core_beta,volume_heat_decay_proxy,16,0.9375,0.04332306399267561,0.06467495570631321,-0.05798090040927695,10,0.05128205128205128,0.8731633246128551,8,0,hypothesis_only,need_more_data,event_count_below_30
159949,159949,创业板50ETF,宽基,trade_pool,broad_index,core_beta,type_stop_loss_proxy,30,0.9629629629629629,0.059496814159694114,0.07424406112261044,-0.04879725085910669,10,0.09615384615384616,7.529911359819205,21,0,hypothesis_only,risk_control_candidate_requires_backtest,
159954,159954,159954,expanded_formal_data,research_only,unknown,manual_review,rank_score_decline_2d_proxy,84,0.4691358024691358,-0.0035328932450497705,-0.0038663231019725637,-0.15181194906953965,10,0.2692307692307692,0.84441672074675,11,14,sample_limited,candidate_for_simulation_review,
159954,159954,159954,expanded_formal_data,research_only,unknown,manual_review,rank_score_decline_3d_proxy,44,0.47619047619047616,-0.0016833942932184885,-0.0025143879477462217,-0.15181194906953965,10,0.14102564102564102,0.9314616018013789,7,8,sample_limited,candidate_for_simulation_review,
159954,159954,159954,expanded_formal_data,research_only,unknown,manual_review,rank_score_below_70_proxy,205,0.5204081632653061,0.0036304149469617063,0.003501348038285988,-0.09482758620689669,10,0.657051282051282,1.2145680194466466,38,19,evidence_supported,research_only_not_online,
159954,159954,159954,expanded_formal_data,research_only,unknown,manual_review,top_decile_drop_proxy,9,0.3333333333333333,-0.008813590916533394,-0.015865078304493747,-0.07551020408163256,10,0.028846153846153848,0.494842513664634,0,2,hypothesis_only,need_more_data,event_count_below_30
159954,159954,159954,expanded_formal_data,research_only,unknown,manual_review,short_swing_buy_to_watch_proxy,16,0.4375,-0.004644773079392477,-0.0053837939583737185,-0.10256410256410253,10,0.05128205128205128,0.7011226411145434,2,3,hypothesis_only,need_more_data,event_count_below_30
159954,159954,159954,expanded_formal_data,research_only,unknown,manual_review,short_swing_buy_to_sell_proxy,1,0.0,-0.13359528487229866,-0.0952848722986247,-0.14931237721021617,10,0.003205128205128205,,0,1,hypothesis_only,need_more_data,event_count_below_30
159954,159954,159954,expanded_formal_data,research_only,unknown,manual_review,volume_heat_decay_proxy,32,0.41935483870967744,-0.0011935716144879864,-0.0009280503315587821,-0.09279368213228023,10,0.10256410256410256,1.1869529120267843,4,4,hypothesis_only,candidate_for_simulation_review,
159954,159954,159954,expanded_formal_data,research_only,unknown,manual_review,type_stop_loss_proxy,45,0.46511627906976744,-0.00015727179544381176,0.00876023523476899,-0.1278952668680765,10,0.14423076923076922,1.0892676479182708,11,9,sample_limited,candidate_for_simulation_review,
159992,159992,银华创新药ETF,医药与消费升级,trade_pool,theme,theme_beta,rank_score_decline_2d_proxy,75,0.5555555555555556,0.00877459219777048,0.019690943514724793,-0.11955168119551696,10,0.2403846153846154,1.2421335119302603,27,14,sample_limited,research_only_not_online,
159992,159992,银华创新药ETF,医药与消费升级,trade_pool,theme,theme_beta,rank_score_decline_3d_proxy,31,0.6551724137931034,0.022516932217897342,0.04148186948802806,-0.11403508771929838,10,0.09935897435897435,1.662446058453317,14,2,hypothesis_only,research_only_not_online,
159992,159992,银华创新药ETF,医药与消费升级,trade_pool,theme,theme_beta,rank_score_below_70_proxy,199,0.43386243386243384,-0.0013301300952175482,0.004023519351181807,-0.1652892561983471,10,0.6378205128205128,1.1808941330099463,45,56,sample_limited,candidate_for_simulation_review,
159992,159992,银华创新药ETF,医药与消费升级,trade_pool,theme,theme_beta,top_decile_drop_proxy,10,0.6,0.014499566766372762,0.027315256257740984,-0.07995226730310256,10,0.03205128205128205,1.7693912670654564,3,2,hypothesis_only,need_more_data,event_count_below_30
159992,159992,银华创新药ETF,医药与消费升级,trade_pool,theme,theme_beta,short_swing_buy_to_watch_proxy,15,0.3333333333333333,-0.006888716823428324,0.008638436511511622,-0.11496531219028727,10,0.04807692307692308,1.5264480004967302,4,5,hypothesis_only,need_more_data,event_count_below_30
159992,159992,银华创新药ETF,医药与消费升级,trade_pool,theme,theme_beta,short_swing_buy_to_sell_proxy,1,0.0,-0.0498614958448752,-0.0041551246537395725,-0.0498614958448752,10,0.003205128205128205,,0,0,hypothesis_only,need_more_data,event_count_below_30
159992,159992,银华创新药ETF,医药与消费升级,trade_pool,theme,theme_beta,volume_heat_decay_proxy,21,0.6,0.01243160571562526,0.019933387339819687,-0.10765550239234445,10,0.0673076923076923,1.4323153597246756,8,4,hypothesis_only,need_more_data,event_count_below_30
159992,159992,银华创新药ETF,医药与消费升级,trade_pool,theme,theme_beta,type_stop_loss_proxy,111,0.4752475247524752,-0.002263631895864054,0.01389381207250697,-0.12242424242424244,10,0.3557692307692308,0.9228279619549354,18,22,sample_limited,candidate_for_simulation_review,
159995,159995,芯片ETF,科技成长,trade_pool,theme,theme_beta,rank_score_decline_2d_proxy,81,0.6282051282051282,0.01691521073560348,0.03439322978197718,-0.16169895678092405,10,0.25961538461538464,1.2188030334330622,27,25,sample_limited,research_only_not_online,
159995,159995,芯片ETF,科技成长,trade_pool,theme,theme_beta,rank_score_decline_3d_proxy,44,0.6190476190476191,0.017574220811783683,0.02505881861421428,-0.13923395445134568,10,0.14102564102564102,1.4074442436950838,15,13,sample_limited,research_only_not_online,
159995,159995,芯片ETF,科技成长,trade_pool,theme,theme_beta,rank_score_below_70_proxy,158,0.527027027027027,0.007226200271188456,0.03189453790446321,-0.1588265048052605,10,0.5064102564102564,1.2255379268771232,46,43,sample_limited,research_only_not_online,
159995,159995,芯片ETF,科技成长,trade_pool,theme,theme_beta,top_decile_drop_proxy,13,0.7692307692307693,0.0701831534360149,0.15834724088600657,-0.0953545232273838,10,0.041666666666666664,1.5381738476875513,9,1,hypothesis_only,need_more_data,event_count_below_30
159995,159995,芯片ETF,科技成长,trade_pool,theme,theme_beta,short_swing_buy_to_watch_proxy,17,0.5294117647058824,0.019389224638863604,0.08421302802235564,-0.1523955147808358,10,0.05448717948717949,1.5609937688289695,7,7,hypothesis_only,need_more_data,event_count_below_30
159995,159995,芯片ETF,科技成长,trade_pool,theme,theme_beta,short_swing_buy_to_sell_proxy,3,0.3333333333333333,-0.026820277568936717,-0.04672393310792283,-0.10198300283286121,10,0.009615384615384616,0.1737372957713836,0,2,hypothesis_only,need_more_data,event_count_below_30
159995,159995,芯片ETF,科技成长,trade_pool,theme,theme_beta,volume_heat_decay_proxy,28,0.5555555555555556,0.015233395417391663,0.02844252995784546,-0.14410705095213583,10,0.08974358974358974,1.559229111791818,7,8,hypothesis_only,need_more_data,event_count_below_30
159995,159995,芯片ETF,科技成长,trade_pool,theme,theme_beta,type_stop_loss_proxy,114,0.49038461538461536,0.0060860895711726615,0.018664044035702026,-0.1523955147808358,10,0.36538461538461536,1.3200160253947208,31,44,sample_limited,risk_control_candidate_requires_backtest,
159996,159996,家电ETF,消费医药,trade_pool,sector,sector_beta,rank_score_decline_2d_proxy,89,0.5058823529411764,0.001231576949928425,0.008305151462729045,-0.1366855524079319,10,0.28525641025641024,1.0589089163256054,21,13,sample_limited,research_only_not_online,
159996,159996,家电ETF,消费医药,trade_pool,sector,sector_beta,rank_score_decline_3d_proxy,45,0.5238095238095238,0.0023278539834330585,0.012931266134686138,-0.11931818181818188,10,0.14423076923076922,1.0747439900505622,9,5,sample_limited,research_only_not_online,
159996,159996,家电ETF,消费医药,trade_pool,sector,sector_beta,rank_score_below_70_proxy,188,0.5842696629213483,0.00551276565433058,0.014254195954213431,-0.12153652392947112,10,0.6025641025641025,1.058365369125234,47,22,sample_limited,research_only_not_online,
159996,159996,家电ETF,消费医药,trade_pool,sector,sector_beta,top_decile_drop_proxy,11,0.36363636363636365,-0.007317360298492463,0.001544326940106555,-0.05316824471959214,10,0.035256410256410256,0.80646837068557,1,0,hypothesis_only,need_more_data,event_count_below_30
159996,159996,家电ETF,消费医药,trade_pool,sector,sector_beta,short_swing_buy_to_watch_proxy,13,0.46153846153846156,0.011440960468135449,0.011288865627938405,-0.05840821566110399,10,0.041666666666666664,3.126030627939078,4,0,hypothesis_only,need_more_data,event_count_below_30
159996,159996,家电ETF,消费医药,trade_pool,sector,sector_beta,short_swing_buy_to_sell_proxy,1,0.0,-0.1335227272727273,-0.08948863636363624,-0.13423295454545447,10,0.003205128205128205,,0,1,hypothesis_only,need_more_data,event_count_below_30
159996,159996,家电ETF,消费医药,trade_pool,sector,sector_beta,volume_heat_decay_proxy,27,0.4,-0.002360820250250613,-0.007990658613844372,-0.12153652392947112,10,0.08653846153846154,1.2736324688223513,5,4,hypothesis_only,need_more_data,event_count_below_30
159996,159996,家电ETF,消费医药,trade_pool,sector,sector_beta,type_stop_loss_proxy,42,0.8157894736842105,0.021555026347092165,0.04728202509627477,-0.10036900369003687,10,0.1346153846153846,0.918142521655165,18,5,sample_limited,risk_control_candidate_requires_backtest,
159997,159997,159997,expanded_formal_data,research_only,unknown,manual_review,rank_score_decline_2d_proxy,70,0.6176470588235294,0.02113523829277179,0.04600973557444202,-0.1374449339207049,10,0.22435897435897437,1.4542812967781478,31,15,sample_limited,research_only_not_online,
159997,159997,159997,expanded_formal_data,research_only,unknown,manual_review,rank_score_decline_3d_proxy,28,0.5185185185185185,0.014112512383743378,0.025155820383594877,-0.13668430335096993,10,0.08974358974358974,1.7332586577580396,9,7,hypothesis_only,need_more_data,event_count_below_30
159997,159997,159997,expanded_formal_data,research_only,unknown,manual_review,rank_score_below_70_proxy,157,0.5782312925170068,0.01415002072024312,0.030518057295767155,-0.16676056338028156,10,0.5032051282051282,1.343533323745067,57,38,sample_limited,research_only_not_online,
159997,159997,159997,expanded_formal_data,research_only,unknown,manual_review,top_decile_drop_proxy,14,0.7142857142857143,0.03396136577063523,0.09517303723344912,-0.10285714285714287,10,0.04487179487179487,1.3087308682346275,9,1,hypothesis_only,need_more_data,event_count_below_30
159997,159997,159997,expanded_formal_data,research_only,unknown,manual_review,short_swing_buy_to_watch_proxy,20,0.6,0.010094096147532705,0.048699476785844575,-0.12020606754436192,10,0.0641025641025641,1.126911957281993,7,6,hypothesis_only,need_more_data,event_count_below_30
159997,159997,159997,expanded_formal_data,research_only,unknown,manual_review,short_swing_buy_to_sell_proxy,2,0.0,-0.05204461113595893,-0.07010185739964048,-0.11384062312762133,10,0.00641025641025641,,0,1,hypothesis_only,need_more_data,event_count_below_30
159997,159997,159997,expanded_formal_data,research_only,unknown,manual_review,volume_heat_decay_proxy,25,0.7083333333333334,0.03244905091990386,0.050317396913193806,-0.1374449339207049,10,0.08012820512820513,1.44928493890706,11,5,hypothesis_only,need_more_data,event_count_below_30
159997,159997,159997,expanded_formal_data,research_only,unknown,manual_review,type_stop_loss_proxy,88,0.625,0.027573192066896242,0.046417459949275666,-0.14198071866783524,10,0.28205128205128205,1.639025608762603,36,20,sample_limited,risk_control_candidate_requires_backtest,
300750,300750,宁德时代,个股观察,observe_pool,unknown,manual_review,all_rules,0,,,,,,,,,,hypothesis_only,need_more_data,price_sample_insufficient: missing
510050,510050,上证50ETF,宽基,trade_pool,broad_index,core_beta,rank_score_decline_2d_proxy,74,0.5352112676056338,0.0010258137424568954,0.007797341448156705,-0.08047451106123771,10,0.23717948717948717,0.9412927243296086,9,4,sample_limited,research_only_not_online,
510050,510050,上证50ETF,宽基,trade_pool,broad_index,core_beta,rank_score_decline_3d_proxy,33,0.5161290322580645,0.00018941356099435162,0.007624678322234024,-0.08047451106123771,10,0.10576923076923077,0.9605985302386253,3,1,hypothesis_only,research_only_not_online,
510050,510050,上证50ETF,宽基,trade_pool,broad_index,core_beta,rank_score_below_70_proxy,191,0.6464088397790055,0.005230815808931039,0.012502634163557224,-0.08487555839183158,10,0.6121794871794872,0.9304812186506719,23,12,sample_limited,research_only_not_online,
510050,510050,上证50ETF,宽基,trade_pool,broad_index,core_beta,top_decile_drop_proxy,16,0.5,0.004304777205893014,0.010060953031832319,-0.056278464541314244,10,0.05128205128205128,1.6781521954480083,1,0,hypothesis_only,need_more_data,event_count_below_30
510050,510050,上证50ETF,宽基,trade_pool,broad_index,core_beta,short_swing_buy_to_watch_proxy,9,0.4444444444444444,-0.002600897096692842,-0.0014493498447701993,-0.04288377874456184,10,0.028846153846153848,0.8543800963054731,0,0,hypothesis_only,need_more_data,event_count_below_30
510050,510050,上证50ETF,宽基,trade_pool,broad_index,core_beta,short_swing_buy_to_sell_proxy,0,,,,,10,0.0,,0,0,hypothesis_only,need_more_data,event_count_below_30
510050,510050,上证50ETF,宽基,trade_pool,broad_index,core_beta,volume_heat_decay_proxy,22,0.5238095238095238,-0.0019268487781705778,0.009382752030368313,-0.08047451106123771,10,0.07051282051282051,0.7502710208784878,2,1,hypothesis_only,need_more_data,event_count_below_30
510050,510050,上证50ETF,宽基,trade_pool,broad_index,core_beta,type_stop_loss_proxy,2,1.0,0.03272450914071445,0.05719230994078783,0.0,10,0.00641025641025641,,1,0,hypothesis_only,need_more_data,event_count_below_30
510060,510060,510060,expanded_formal_data,research_only,unknown,manual_review,rank_score_decline_2d_proxy,64,0.532258064516129,-9.614774787376097e-05,0.0029632771853978436,-0.05450500556173532,10,0.20512820512820512,0.8662953883816226,1,0,sample_limited,candidate_for_simulation_review,
510060,510060,510060,expanded_formal_data,research_only,unknown,manual_review,rank_score_decline_3d_proxy,27,0.5,-0.003615386924218098,0.002586761506850032,-0.05063291139240511,10,0.08653846153846154,0.5838464689946924,0,0,hypothesis_only,need_more_data,event_count_below_30
510060,510060,510060,expanded_formal_data,research_only,unknown,manual_review,rank_score_below_70_proxy,188,0.5561797752808989,0.0039859144677965655,0.007635691797627934,-0.05133928571428581,10,0.6025641025641025,1.3450928721965756,10,0,sample_limited,research_only_not_online,
510060,510060,510060,expanded_formal_data,research_only,unknown,manual_review,top_decile_drop_proxy,11,0.5454545454545454,0.004953587720005032,0.004231813488667544,-0.02840059790732441,10,0.035256410256410256,1.8125855336261483,0,0,hypothesis_only,need_more_data,event_count_below_30
510060,510060,510060,expanded_formal_data,research_only,unknown,manual_review,short_swing_buy_to_watch_proxy,2,1.0,0.012555646272046639,0.030799072968921037,-0.006961506961507102,10,0.00641025641025641,,0,0,hypothesis_only,need_more_data,event_count_below_30
510060,510060,510060,expanded_formal_data,research_only,unknown,manual_review,short_swing_buy_to_sell_proxy,0,,,,,10,0.0,,0,0,hypothesis_only,need_more_data,event_count_below_30
510060,510060,510060,expanded_formal_data,research_only,unknown,manual_review,volume_heat_decay_proxy,21,0.47619047619047616,-0.000777228032682172,0.006016425321417685,-0.05063291139240511,10,0.0673076923076923,0.9999028096227788,1,0,hypothesis_only,need_more_data,event_count_below_30
510060,510060,510060,expanded_formal_data,research_only,unknown,manual_review,type_stop_loss_proxy,0,,,,,10,0.0,,0,0,hypothesis_only,need_more_data,event_count_below_30
510180,510180,上证180ETF,宽基,trade_pool,broad_index,core_beta,rank_score_decline_2d_proxy,24,0.25,-0.00968514635278327,-0.009088921052728882,-0.08617808546192418,10,0.22857142857142856,1.2943602455229064,3,6,hypothesis_only,need_more_data,event_count_below_30
510180,510180,上证180ETF,宽基,trade_pool,broad_index,core_beta,rank_score_decline_3d_proxy,10,0.14285714285714285,-0.01697822011791989,0.0021612238548135874,-0.07132459970887917,10,0.09523809523809523,0.5400557485726223,0,1,hypothesis_only,need_more_data,event_count_below_30
510180,510180,上证180ETF,宽基,trade_pool,broad_index,core_beta,rank_score_below_70_proxy,50,0.475,-0.004550563579590464,0.0025890709338867047,-0.09203036053130942,10,0.47619047619047616,0.7709012868360033,5,15,sample_limited,candidate_for_simulation_review,
510180,510180,上证180ETF,宽基,trade_pool,broad_index,core_beta,top_decile_drop_proxy,3,0.0,-0.02845221357637891,-0.04221476139116679,-0.07980769230769236,10,0.02857142857142857,,0,2,hypothesis_only,need_more_data,event_count_below_30
510180,510180,上证180ETF,宽基,trade_pool,broad_index,core_beta,short_swing_buy_to_watch_proxy,3,0.3333333333333333,-0.001597110975488129,-0.024568112675104243,-0.06704707560627687,10,0.02857142857142857,1.487772561288991,0,1,hypothesis_only,need_more_data,event_count_below_30
510180,510180,上证180ETF,宽基,trade_pool,broad_index,core_beta,short_swing_buy_to_sell_proxy,0,,,,,10,0.0,,0,0,hypothesis_only,need_more_data,event_count_below_30
510180,510180,上证180ETF,宽基,trade_pool,broad_index,core_beta,volume_heat_decay_proxy,6,0.6666666666666666,0.0180513775293701,-0.0003578158156926821,-0.08617808546192418,10,0.05714285714285714,3.1378100164138805,1,1,hypothesis_only,need_more_data,event_count_below_30
510180,510180,上证180ETF,宽基,trade_pool,broad_index,core_beta,type_stop_loss_proxy,3,1.0,0.021579632062562897,0.04374141178174229,-0.0041141681666236884,10,0.02857142857142857,,0,0,hypothesis_only,need_more_data,event_count_below_30
510230,510230,金融ETF,金融地产,trade_pool,sector,sector_beta,rank_score_decline_2d_proxy,79,0.5641025641025641,0.004543338761263543,0.01003743494441503,-0.08919860627177711,10,0.2532051282051282,1.044377974075206,14,5,sample_limited,research_only_not_online,
510230,510230,金融ETF,金融地产,trade_pool,sector,sector_beta,rank_score_decline_3d_proxy,34,0.7058823529411765,0.011343222177754768,0.02295153833375523,-0.07041251778093882,10,0.10897435897435898,1.21489438028714,8,1,hypothesis_only,research_only_not_online,
510230,510230,金融ETF,金融地产,trade_pool,sector,sector_beta,rank_score_below_70_proxy,211,0.49019607843137253,-0.0007451626781440672,-0.0031032847930242777,-0.09799861973775026,10,0.6762820512820513,0.9328432373433414,26,13,evidence_supported,candidate_for_simulation_review,
510230,510230,金融ETF,金融地产,trade_pool,sector,sector_beta,top_decile_drop_proxy,5,0.4,-0.008221148109083986,0.01040859384577062,-0.08585164835164838,10,0.016025641025641024,0.7092828056442511,0,1,hypothesis_only,need_more_data,event_count_below_30
510230,510230,金融ETF,金融地产,trade_pool,sector,sector_beta,short_swing_buy_to_watch_proxy,5,0.4,0.006602554710677988,0.019027383691963197,-0.06477093206951035,10,0.016025641025641024,3.2016725013638276,1,1,hypothesis_only,need_more_data,event_count_below_30
510230,510230,金融ETF,金融地产,trade_pool,sector,sector_beta,short_swing_buy_to_sell_proxy,0,,,,,10,0.0,,0,0,hypothesis_only,need_more_data,event_count_below_30
510230,510230,金融ETF,金融地产,trade_pool,sector,sector_beta,volume_heat_decay_proxy,15,0.7333333333333333,0.016875270329355586,0.015211217593777438,-0.05082212257100149,10,0.04807692307692308,1.2876051232109875,4,0,hypothesis_only,need_more_data,event_count_below_30
510230,510230,金融ETF,金融地产,trade_pool,sector,sector_beta,type_stop_loss_proxy,28,0.6428571428571429,0.015444072321676558,0.0198335680000296,-0.04678362573099415,10,0.08974358974358974,2.4817525307813355,9,0,hypothesis_only,need_more_data,event_count_below_30
510270,510270,510270,expanded_formal_data,research_only,unknown,manual_review,rank_score_decline_2d_proxy,75,0.6527777777777778,0.005959731855203989,0.015554256257443621,-0.0661577608142494,10,0.2403846153846154,0.9259899195185356,8,6,sample_limited,research_only_not_online,
510270,510270,510270,expanded_formal_data,research_only,unknown,manual_review,rank_score_decline_3d_proxy,37,0.6285714285714286,0.006991701477326773,0.021488157629732236,-0.0661577608142494,10,0.11858974358974358,1.105404972193674,5,3,hypothesis_only,research_only_not_online,
510270,510270,510270,expanded_formal_data,research_only,unknown,manual_review,rank_score_below_70_proxy,198,0.6968085106382979,0.007227973585046816,0.013165129194893014,-0.07614852108244174,10,0.6346153846153846,0.9972444900413084,22,10,sample_limited,research_only_not_online,
510270,510270,510270,expanded_formal_data,research_only,unknown,manual_review,top_decile_drop_proxy,15,0.6,0.003276178346000232,0.009460033131490278,-0.03627968337730869,10,0.04807692307692308,1.1287302716004564,0,0,hypothesis_only,need_more_data,event_count_below_30
510270,510270,510270,expanded_formal_data,research_only,unknown,manual_review,short_swing_buy_to_watch_proxy,12,0.3333333333333333,-0.004547317500063976,-0.0017059821814583338,-0.07614852108244174,10,0.038461538461538464,0.7364374006784953,0,3,hypothesis_only,need_more_data,event_count_below_30
510270,510270,510270,expanded_formal_data,research_only,unknown,manual_review,short_swing_buy_to_sell_proxy,0,,,,,10,0.0,,0,0,hypothesis_only,need_more_data,event_count_below_30
510270,510270,510270,expanded_formal_data,research_only,unknown,manual_review,volume_heat_decay_proxy,23,0.75,0.009058939395241727,0.016870748980907506,-0.0661577608142494,10,0.07371794871794872,0.8094673497049181,1,3,hypothesis_only,need_more_data,event_count_below_30
510270,510270,510270,expanded_formal_data,research_only,unknown,manual_review,type_stop_loss_proxy,7,1.0,0.020029414336789713,0.02953132842094156,-0.010702341137123761,10,0.022435897435897436,,1,0,hypothesis_only,need_more_data,event_count_below_30
510300,510300,沪深300ETF,宽基,trade_pool,broad_index,core_beta,rank_score_decline_2d_proxy,267,0.5133079847908745,0.004342650943537965,0.005099129360241345,-0.14065829978688138,10,0.24860335195530725,1.3072564797167947,54,42,evidence_supported,research_only_not_online,
510300,510300,沪深300ETF,宽基,trade_pool,broad_index,core_beta,rank_score_decline_3d_proxy,126,0.5241935483870968,0.004620502163260497,0.0047940245278727004,-0.10091503267973856,10,0.11731843575418995,1.3184608393233157,25,18,sample_limited,research_only_not_online,
510300,510300,沪深300ETF,宽基,trade_pool,broad_index,core_beta,rank_score_below_70_proxy,705,0.460431654676259,0.0012462916857605016,0.004110478305977597,-0.15269670791501289,10,0.6564245810055865,1.27141251301454,115,118,evidence_supported,research_only_not_online,
510300,510300,沪深300ETF,宽基,trade_pool,broad_index,core_beta,top_decile_drop_proxy,21,0.5714285714285714,0.0031877007834392812,0.004945919748066188,-0.10372686995048219,10,0.019553072625698324,0.9386448783327164,7,4,hypothesis_only,need_more_data,event_count_below_30
510300,510300,沪深300ETF,宽基,trade_pool,broad_index,core_beta,short_swing_buy_to_watch_proxy,42,0.6666666666666666,0.010064476841972411,0.012792664885986047,-0.11096873398257312,10,0.03910614525139665,1.0820044523007553,12,5,sample_limited,research_only_not_online,
510300,510300,沪深300ETF,宽基,trade_pool,broad_index,core_beta,short_swing_buy_to_sell_proxy,1,0.0,-0.028350515463917536,0.01718213058419238,-0.0776059564719358,10,0.000931098696461825,,0,1,hypothesis_only,need_more_data,event_count_below_30
510300,510300,沪深300ETF,宽基,trade_pool,broad_index,core_beta,volume_heat_decay_proxy,96,0.5,0.0031998499718948145,0.00211564120011793,-0.14065829978688138,10,0.0893854748603352,1.298491004290951,15,13,sample_limited,research_only_not_online,
510300,510300,沪深300ETF,宽基,trade_pool,broad_index,core_beta,type_stop_loss_proxy,52,0.7692307692307693,0.019376004080443463,0.012343745270640112,-0.11096873398257312,10,0.048417132216014895,1.7381781555905371,19,12,sample_limited,risk_control_candidate_requires_backtest,
510410,510410,资源ETF,周期资源,trade_pool,commodity_resource,commodity_cycle,rank_score_decline_2d_proxy,75,0.6944444444444444,0.01600135158913725,0.033790614655904785,-0.1583078935891845,10,0.2403846153846154,0.9468690943324217,28,15,sample_limited,research_only_not_online,
510410,510410,资源ETF,周期资源,trade_pool,commodity_resource,commodity_cycle,rank_score_decline_3d_proxy,38,0.7027027027027027,0.016015499304385162,0.031514612922262146,-0.15313734093900833,10,0.12179487179487179,0.9924322190942666,15,7,hypothesis_only,research_only_not_online,
510410,510410,资源ETF,周期资源,trade_pool,commodity_resource,commodity_cycle,rank_score_below_70_proxy,172,0.6790123456790124,0.018709554703567707,0.032856286926396944,-0.17096219931271472,10,0.5512820512820513,1.1232383824321535,63,29,sample_limited,research_only_not_online,
510410,510410,资源ETF,周期资源,trade_pool,commodity_resource,commodity_cycle,top_decile_drop_proxy,15,0.8666666666666667,0.02076913721690645,0.0433177215486347,-0.17096219931271472,10,0.04807692307692308,0.593411648065282,6,1,hypothesis_only,need_more_data,event_count_below_30
510410,510410,资源ETF,周期资源,trade_pool,commodity_resource,commodity_cycle,short_swing_buy_to_watch_proxy,24,0.7083333333333334,0.02751631648116368,0.050534233351325446,-0.11952554744525556,10,0.07692307692307693,2.619206494661375,8,3,hypothesis_only,need_more_data,event_count_below_30
510410,510410,资源ETF,周期资源,trade_pool,commodity_resource,commodity_cycle,short_swing_buy_to_sell_proxy,3,0.6666666666666666,0.007012571907212643,0.05435510360492202,-0.12866817155756205,10,0.009615384615384616,0.6063893614690137,1,1,hypothesis_only,need_more_data,event_count_below_30
510410,510410,资源ETF,周期资源,trade_pool,commodity_resource,commodity_cycle,volume_heat_decay_proxy,19,0.631578947368421,0.007276519152222365,0.023766507485775648,-0.09908409658617823,10,0.060897435897435896,1.1894441427222102,6,3,hypothesis_only,need_more_data,event_count_below_30
510410,510410,资源ETF,周期资源,trade_pool,commodity_resource,commodity_cycle,type_stop_loss_proxy,57,0.6923076923076923,0.02086493053274356,0.019045487926275622,-0.1310220621341739,10,0.18269230769230768,1.1133211572100346,24,11,sample_limited,risk_control_candidate_requires_backtest,
510500,510500,中证500ETF,宽基,trade_pool,broad_index,core_beta,rank_score_decline_2d_proxy,28,0.2916666666666667,-0.010916218372331704,-0.010162943549117176,-0.11300035423308541,10,0.26666666666666666,1.298336121842083,4,11,hypothesis_only,need_more_data,event_count_below_30
510500,510500,中证500ETF,宽基,trade_pool,broad_index,core_beta,rank_score_decline_3d_proxy,12,0.2,-0.020500058609400997,-0.007498672996757907,-0.10261617488949959,10,0.11428571428571428,1.111548260483024,1,5,hypothesis_only,need_more_data,event_count_below_30
510500,510500,中证500ETF,宽基,trade_pool,broad_index,core_beta,rank_score_below_70_proxy,46,0.5,-0.0007507819090112364,0.02790891472190917,-0.1398144967365168,10,0.4380952380952381,0.968055631446164,13,14,sample_limited,candidate_for_simulation_review,
510500,510500,中证500ETF,宽基,trade_pool,broad_index,core_beta,top_decile_drop_proxy,5,0.2,-0.02647545864620473,-0.05889426534317801,-0.1398144967365168,10,0.047619047619047616,0.9455029484253024,1,4,hypothesis_only,need_more_data,event_count_below_30
510500,510500,中证500ETF,宽基,trade_pool,broad_index,core_beta,short_swing_buy_to_watch_proxy,8,0.5,0.019490667173451506,0.0054500712948365865,-0.10283052669294157,10,0.0761904761904762,4.484453784040465,4,4,hypothesis_only,need_more_data,event_count_below_30
510500,510500,中证500ETF,宽基,trade_pool,broad_index,core_beta,short_swing_buy_to_sell_proxy,1,0.0,-0.035462686567164226,-0.08262686567164179,-0.10304477611940299,10,0.009523809523809525,,0,1,hypothesis_only,need_more_data,event_count_below_30
510500,510500,中证500ETF,宽基,trade_pool,broad_index,core_beta,volume_heat_decay_proxy,15,0.3076923076923077,-0.011965929650455544,-0.01947903036137272,-0.11300035423308541,10,0.14285714285714285,1.3349105642308143,3,7,hypothesis_only,need_more_data,event_count_below_30
510500,510500,中证500ETF,宽基,trade_pool,broad_index,core_beta,type_stop_loss_proxy,13,0.8181818181818182,0.03822700220190049,0.09801130922001976,-0.05449968533668981,10,0.12380952380952381,1.7512063694346305,6,0,hypothesis_only,need_more_data,event_count_below_30
510880,510880,红利ETF,防御风格,trade_pool,sector,sector_beta,rank_score_decline_2d_proxy,27,0.375,-0.00024266373264943594,0.0050647108005378106,-0.05537264292128108,10,0.2571428571428571,1.6314865645954346,4,0,hypothesis_only,need_more_data,event_count_below_30
510880,510880,红利ETF,防御风格,trade_pool,sector,sector_beta,rank_score_decline_3d_proxy,14,0.16666666666666666,-0.010326474968376511,0.0022504050514054554,-0.044542032622333805,10,0.13333333333333333,1.4419302896748698,1,0,hypothesis_only,need_more_data,event_count_below_30
510880,510880,红利ETF,防御风格,trade_pool,sector,sector_beta,rank_score_below_70_proxy,51,0.5555555555555556,0.008553029361877452,0.0053182619046312435,-0.03780487804878041,10,0.4857142857142857,1.7748292156804917,11,0,sample_limited,research_only_not_online,
510880,510880,红利ETF,防御风格,trade_pool,sector,sector_beta,top_decile_drop_proxy,2,0.5,-0.012743083268631827,-0.03145947692190748,-0.045184304399524255,10,0.01904761904761905,0.11612923472829924,0,0,hypothesis_only,need_more_data,event_count_below_30
510880,510880,红利ETF,防御风格,trade_pool,sector,sector_beta,short_swing_buy_to_watch_proxy,2,1.0,0.018639404255197056,0.008662027293971863,-0.02100456621004565,10,0.01904761904761905,,1,0,hypothesis_only,need_more_data,event_count_below_30
510880,510880,红利ETF,防御风格,trade_pool,sector,sector_beta,short_swing_buy_to_sell_proxy,0,,,,,10,0.0,,0,0,hypothesis_only,need_more_data,event_count_below_30
510880,510880,红利ETF,防御风格,trade_pool,sector,sector_beta,volume_heat_decay_proxy,10,0.25,-0.008652205962413062,-0.01103681927917019,-0.036881559220389715,10,0.09523809523809523,0.9223585869246829,0,0,hypothesis_only,need_more_data,event_count_below_30
510880,510880,红利ETF,防御风格,trade_pool,sector,sector_beta,type_stop_loss_proxy,0,,,,,10,0.0,,0,0,hypothesis_only,need_more_data,event_count_below_30
511010,511010,国债ETF,债券货币观察,observe_pool,bond_cash,low_volatility,rank_score_decline_2d_proxy,79,0.5211267605633803,0.0004563163305546107,0.0008047271082875,-0.004917643844677189,10,0.2532051282051282,1.5818049648802106,0,0,sample_limited,research_only_not_online,
511010,511010,国债ETF,债券货币观察,observe_pool,bond_cash,low_volatility,rank_score_decline_3d_proxy,44,0.5526315789473685,0.0003958744829806562,0.00047732497567766946,-0.004774539623645491,10,0.14102564102564102,1.3387996281589485,0,0,sample_limited,research_only_not_online,
511010,511010,国债ETF,债券货币观察,observe_pool,bond_cash,low_volatility,rank_score_below_70_proxy,188,0.6994535519125683,0.0006807611322277612,0.001630527518899972,-0.004917643844677189,10,0.6025641025641025,1.0224920691486776,0,0,sample_limited,research_only_not_online,
511010,511010,国债ETF,债券货币观察,observe_pool,bond_cash,low_volatility,top_decile_drop_proxy,7,0.5,0.0002827669765232965,-0.0005910333982730165,-0.00292144285329754,10,0.022435897435897436,1.5748293910710962,0,0,hypothesis_only,need_more_data,event_count_below_30
511010,511010,国债ETF,债券货币观察,observe_pool,bond_cash,low_volatility,short_swing_buy_to_watch_proxy,0,,,,,10,0.0,,0,0,hypothesis_only,need_more_data,event_count_below_30
511010,511010,国债ETF,债券货币观察,observe_pool,bond_cash,low_volatility,short_swing_buy_to_sell_proxy,0,,,,,10,0.0,,0,0,hypothesis_only,need_more_data,event_count_below_30
511010,511010,国债ETF,债券货币观察,observe_pool,bond_cash,low_volatility,volume_heat_decay_proxy,22,0.4,-8.857932675207514e-05,0.0009997050813115552,-0.003068434738138448,10,0.07051282051282051,1.1769291190503062,0,0,hypothesis_only,need_more_data,event_count_below_30
511010,511010,国债ETF,债券货币观察,observe_pool,bond_cash,low_volatility,type_stop_loss_proxy,0,,,,,10,0.0,,0,0,hypothesis_only,need_more_data,event_count_below_30
511030,511030,公司债ETF,债券货币,observe_pool,bond_cash,low_volatility,rank_score_decline_2d_proxy,69,0.7575757575757576,0.0010366317109692935,0.0018931819213114137,-0.0030117647058822694,10,0.22115384615384615,1.6681587293601237,0,0,sample_limited,research_only_not_online,
511030,511030,公司债ETF,债券货币,observe_pool,bond_cash,low_volatility,rank_score_decline_3d_proxy,32,0.7666666666666667,0.0009840577200178058,0.0019279739504065125,-0.0028616073949958576,10,0.10256410256410256,1.114215023192926,0,0,hypothesis_only,research_only_not_online,
511030,511030,公司债ETF,债券货币,observe_pool,bond_cash,low_volatility,rank_score_below_70_proxy,175,0.7732558139534884,0.0009641159417507883,0.0017289469688156552,-0.0035744520741227692,10,0.5608974358974359,1.4803709635196978,0,0,sample_limited,research_only_not_online,
511030,511030,公司债ETF,债券货币,observe_pool,bond_cash,low_volatility,top_decile_drop_proxy,5,0.25,-7.159704621451102e-06,0.0004851136927623845,-0.0030586795915484855,10,0.016025641025641024,2.948637468154113,0,0,hypothesis_only,need_more_data,event_count_below_30
511030,511030,公司债ETF,债券货币,observe_pool,bond_cash,low_volatility,short_swing_buy_to_watch_proxy,0,,,,,10,0.0,,0,0,hypothesis_only,need_more_data,event_count_below_30
511030,511030,公司债ETF,债券货币,observe_pool,bond_cash,low_volatility,short_swing_buy_to_sell_proxy,0,,,,,10,0.0,,0,0,hypothesis_only,need_more_data,event_count_below_30
511030,511030,公司债ETF,债券货币,observe_pool,bond_cash,low_volatility,volume_heat_decay_proxy,22,0.8,0.0009668239601900719,0.0017470881682952744,-0.0030117647058822694,10,0.07051282051282051,1.287316955158914,0,0,hypothesis_only,need_more_data,event_count_below_30
511030,511030,公司债ETF,债券货币,observe_pool,bond_cash,low_volatility,type_stop_loss_proxy,0,,,,,10,0.0,,0,0,hypothesis_only,need_more_data,event_count_below_30
511090,511090,30年国债ETF,债券货币,observe_pool,bond_cash,low_volatility,rank_score_decline_2d_proxy,88,0.47619047619047616,-0.0011313020138806183,-0.0034090747392483906,-0.03736239579282008,10,0.28205128205128205,0.8810805985521067,2,0,sample_limited,candidate_for_simulation_review,
511090,511090,30年国债ETF,债券货币,observe_pool,bond_cash,low_volatility,rank_score_decline_3d_proxy,50,0.44680851063829785,-0.0014186172635764908,-0.0054153641885071905,-0.033644356719899515,10,0.16025641025641027,0.9514306580166296,1,0,sample_limited,candidate_for_simulation_review,
511090,511090,30年国债ETF,债券货币,observe_pool,bond_cash,low_volatility,rank_score_below_70_proxy,190,0.5053763440860215,-0.0017412813194281592,-0.00187618012706806,-0.03571488147863955,10,0.6089743589743589,0.6846691108961946,0,0,sample_limited,candidate_for_simulation_review,
511090,511090,30年国债ETF,债券货币,observe_pool,bond_cash,low_volatility,top_decile_drop_proxy,7,0.2857142857142857,-0.004263869221211073,-0.01038787285861577,-0.03636840679802289,10,0.022435897435897436,0.7734500427752851,0,0,hypothesis_only,need_more_data,event_count_below_30
511090,511090,30年国债ETF,债券货币,observe_pool,bond_cash,low_volatility,short_swing_buy_to_watch_proxy,1,0.0,-0.008956392645643296,-0.006794786041731227,-0.008956392645643296,10,0.003205128205128205,,0,0,hypothesis_only,need_more_data,event_count_below_30
511090,511090,30年国债ETF,债券货币,observe_pool,bond_cash,low_volatility,short_swing_buy_to_sell_proxy,0,,,,,10,0.0,,0,0,hypothesis_only,need_more_data,event_count_below_30
511090,511090,30年国债ETF,债券货币,observe_pool,bond_cash,low_volatility,volume_heat_decay_proxy,31,0.45161290322580644,-0.002231919637128676,-0.0045412868671614905,-0.03736239579282008,10,0.09935897435897435,0.8403384029918375,2,0,hypothesis_only,candidate_for_simulation_review,
511090,511090,30年国债ETF,债券货币,observe_pool,bond_cash,low_volatility,type_stop_loss_proxy,55,0.5636363636363636,0.0021007387398248286,-0.00016980427093551408,-0.030655577053546823,10,0.1762820512820513,1.163982696756975,3,0,sample_limited,risk_control_candidate_requires_backtest,
511260,511260,十年国债ETF,债券货币观察,observe_pool,bond_cash,low_volatility,rank_score_decline_2d_proxy,79,0.6027397260273972,0.0013432180629706287,0.0016483775674778988,-0.008138147098314286,10,0.2532051282051282,1.8162196378005202,0,0,sample_limited,research_only_not_online,
511260,511260,十年国债ETF,债券货币观察,observe_pool,bond_cash,low_volatility,rank_score_decline_3d_proxy,48,0.6511627906976745,0.0017246141741921622,0.002145050762610799,-0.007619971639674761,10,0.15384615384615385,1.8393557789646031,0,0,sample_limited,research_only_not_online,
511260,511260,十年国债ETF,债券货币观察,observe_pool,bond_cash,low_volatility,rank_score_below_70_proxy,184,0.5586592178770949,0.00046329722073749224,0.001257384466433923,-0.008138147098314286,10,0.5897435897435898,1.134515326980765,0,0,sample_limited,research_only_not_online,
511260,511260,十年国债ETF,债券货币观察,observe_pool,bond_cash,low_volatility,top_decile_drop_proxy,6,0.8,0.0012773628325876362,0.0002178392540245211,-0.004720050865841263,10,0.019230769230769232,0.982091279703933,0,0,hypothesis_only,need_more_data,event_count_below_30
511260,511260,十年国债ETF,债券货币观察,observe_pool,bond_cash,low_volatility,short_swing_buy_to_watch_proxy,0,,,,,10,0.0,,0,0,hypothesis_only,need_more_data,event_count_below_30
511260,511260,十年国债ETF,债券货币观察,observe_pool,bond_cash,low_volatility,short_swing_buy_to_sell_proxy,0,,,,,10,0.0,,0,0,hypothesis_only,need_more_data,event_count_below_30
511260,511260,十年国债ETF,债券货币观察,observe_pool,bond_cash,low_volatility,volume_heat_decay_proxy,25,0.44,0.000733536166065174,0.0017819770495527054,-0.007368091014960165,10,0.08012820512820513,1.9576893235002983,0,0,hypothesis_only,need_more_data,event_count_below_30
511260,511260,十年国债ETF,债券货币观察,observe_pool,bond_cash,low_volatility,type_stop_loss_proxy,0,,,,,10,0.0,,0,0,hypothesis_only,need_more_data,event_count_below_30
511360,511360,短融ETF,债券货币观察,observe_pool,bond_cash,low_volatility,rank_score_decline_2d_proxy,76,1.0,0.0007044902227727858,0.0013529486476293474,-0.00013351610204193065,10,0.24358974358974358,,0,0,sample_limited,research_only_not_online,
511360,511360,短融ETF,债券货币观察,observe_pool,bond_cash,low_volatility,rank_score_decline_3d_proxy,31,1.0,0.0007396830450460099,0.001432832719152607,-8.011393982554349e-05,10,0.09935897435897435,,0,0,hypothesis_only,research_only_not_online,
511360,511360,短融ETF,债券货币观察,observe_pool,bond_cash,low_volatility,rank_score_below_70_proxy,220,1.0,0.0006307883099901025,0.0012440097584236376,-0.00040102662816809964,10,0.7051282051282052,,0,0,evidence_supported,research_only_not_online,
511360,511360,短融ETF,债券货币观察,observe_pool,bond_cash,low_volatility,top_decile_drop_proxy,9,1.0,0.0006402654515489628,0.0012677177965384602,-7.993747113366201e-05,10,0.028846153846153848,,0,0,hypothesis_only,need_more_data,event_count_below_30
511360,511360,短融ETF,债券货币观察,observe_pool,bond_cash,low_volatility,short_swing_buy_to_watch_proxy,0,,,,,10,0.0,,0,0,hypothesis_only,need_more_data,event_count_below_30
511360,511360,短融ETF,债券货币观察,observe_pool,bond_cash,low_volatility,short_swing_buy_to_sell_proxy,0,,,,,10,0.0,,0,0,hypothesis_only,need_more_data,event_count_below_30
511360,511360,短融ETF,债券货币观察,observe_pool,bond_cash,low_volatility,volume_heat_decay_proxy,17,1.0,0.0006087473182400824,0.0012655451068410845,-0.00013351610204193065,10,0.05448717948717949,,0,0,hypothesis_only,need_more_data,event_count_below_30
511360,511360,短融ETF,债券货币观察,observe_pool,bond_cash,low_volatility,type_stop_loss_proxy,0,,,,,10,0.0,,0,0,hypothesis_only,need_more_data,event_count_below_30
511380,511380,可转债ETF,债券货币,observe_pool,bond_cash,low_volatility,rank_score_decline_2d_proxy,77,0.5753424657534246,0.004422752268146896,0.012254010368552403,-0.07877595331795362,10,0.2467948717948718,1.181311631549791,7,3,sample_limited,research_only_not_online,
511380,511380,可转债ETF,债券货币,observe_pool,bond_cash,low_volatility,rank_score_decline_3d_proxy,32,0.5,0.00018121927611726522,0.009316816178082662,-0.06584560341268753,10,0.10256410256410256,1.0191609541848246,2,1,hypothesis_only,research_only_not_online,
511380,511380,可转债ETF,债券货币,observe_pool,bond_cash,low_volatility,rank_score_below_70_proxy,175,0.6242424242424243,0.005572626063349541,0.01351783948923829,-0.07877595331795362,10,0.5608974358974359,1.129119445757542,18,8,sample_limited,research_only_not_online,
511380,511380,可转债ETF,债券货币,observe_pool,bond_cash,low_volatility,top_decile_drop_proxy,12,0.8333333333333334,0.011281887014736832,0.021050451523173558,-0.02432787338447706,10,0.038461538461538464,2.6439541270192466,1,0,hypothesis_only,need_more_data,event_count_below_30
511380,511380,可转债ETF,债券货币,observe_pool,bond_cash,low_volatility,short_swing_buy_to_watch_proxy,5,0.6,0.0008009567711666721,-0.0037556822194716897,-0.051484198258723524,10,0.016025641025641024,0.7295879656427499,0,0,hypothesis_only,need_more_data,event_count_below_30
511380,511380,可转债ETF,债券货币,observe_pool,bond_cash,low_volatility,short_swing_buy_to_sell_proxy,0,,,,,10,0.0,,0,0,hypothesis_only,need_more_data,event_count_below_30
511380,511380,可转债ETF,债券货币,observe_pool,bond_cash,low_volatility,volume_heat_decay_proxy,17,0.7333333333333333,0.006078864558945507,0.013798217074180578,-0.07877595331795362,10,0.05448717948717949,0.7762786704531025,1,1,hypothesis_only,need_more_data,event_count_below_30
511380,511380,可转债ETF,债券货币,observe_pool,bond_cash,low_volatility,type_stop_loss_proxy,107,0.5773195876288659,0.0028103634461438608,0.01501153705227842,-0.06584560341268753,10,0.34294871794871795,1.0249136334682023,6,2,sample_limited,risk_control_candidate_requires_backtest,
511520,511520,政金债ETF,债券货币,observe_pool,bond_cash,low_volatility,rank_score_decline_2d_proxy,88,0.5609756097560976,0.00043115863479002735,0.0007072354540879177,-0.011387020353110122,10,0.28205128205128205,1.0633343567036415,0,0,sample_limited,research_only_not_online,
511520,511520,政金债ETF,债券货币,observe_pool,bond_cash,low_volatility,rank_score_decline_3d_proxy,55,0.54,3.4554384806926295e-05,-0.00015021815648907694,-0.011387020353110122,10,0.1762820512820513,0.8746987114508917,0,0,sample_limited,research_only_not_online,
511520,511520,政金债ETF,债券货币,observe_pool,bond_cash,low_volatility,rank_score_below_70_proxy,184,0.5977653631284916,0.0006356412846307221,0.0014702396897967782,-0.011387020353110122,10,0.5897435897435898,1.0420846866777624,0,0,sample_limited,research_only_not_online,
511520,511520,政金债ETF,债券货币,observe_pool,bond_cash,low_volatility,top_decile_drop_proxy,11,0.6,0.00158166447785838,0.001897796323675449,-0.006700341960457656,10,0.035256410256410256,3.087596151289584,0,0,hypothesis_only,need_more_data,event_count_below_30
511520,511520,政金债ETF,债券货币,observe_pool,bond_cash,low_volatility,short_swing_buy_to_watch_proxy,0,,,,,10,0.0,,0,0,hypothesis_only,need_more_data,event_count_below_30
511520,511520,政金债ETF,债券货币,observe_pool,bond_cash,low_volatility,short_swing_buy_to_sell_proxy,0,,,,,10,0.0,,0,0,hypothesis_only,need_more_data,event_count_below_30
511520,511520,政金债ETF,债券货币,observe_pool,bond_cash,low_volatility,volume_heat_decay_proxy,37,0.5277777777777778,0.0003011464758042161,0.00021770574567366494,-0.010651368843664577,10,0.11858974358974358,1.1069425226652994,0,0,hypothesis_only,research_only_not_online,
511520,511520,政金债ETF,债券货币,observe_pool,bond_cash,low_volatility,type_stop_loss_proxy,0,,,,,10,0.0,,0,0,hypothesis_only,need_more_data,event_count_below_30
511600,511600,511600,expanded_formal_data,research_only,bond_cash,low_volatility,rank_score_decline_2d_proxy,62,0.5737704918032787,0.00010655748852709202,6.034086102192567e-05,-0.00021997140371754487,10,0.1987179487179487,4.839419162542626,0,0,sample_limited,research_only_not_online,
511600,511600,511600,expanded_formal_data,research_only,bond_cash,low_volatility,rank_score_decline_3d_proxy,22,0.6363636363636364,7.863595463908357e-05,0.00010954889108645686,-0.00011999640010795787,10,0.07051282051282051,6.266759693051041,0,0,hypothesis_only,need_more_data,event_count_below_30
511600,511600,511600,expanded_formal_data,research_only,bond_cash,low_volatility,rank_score_below_70_proxy,197,0.5260416666666666,7.682363372726875e-05,4.5165808676891874e-05,-0.0002699514087464161,10,0.6314102564102564,3.9845468113218985,0,0,sample_limited,research_only_not_online,
511600,511600,511600,expanded_formal_data,research_only,bond_cash,low_volatility,top_decile_drop_proxy,18,0.2777777777777778,0.00020111118869047754,0.0022143352664490412,-0.00021997140371754487,10,0.057692307692307696,14.812470588695877,0,0,hypothesis_only,need_more_data,event_count_below_30
511600,511600,511600,expanded_formal_data,research_only,bond_cash,low_volatility,short_swing_buy_to_watch_proxy,0,,,,,10,0.0,,0,0,hypothesis_only,need_more_data,event_count_below_30
511600,511600,511600,expanded_formal_data,research_only,bond_cash,low_volatility,short_swing_buy_to_sell_proxy,1,0.0,-4.999650024506419e-05,-6.999510034300105e-05,-0.00010999230053909681,10,0.003205128205128205,,0,0,hypothesis_only,need_more_data,event_count_below_30
511600,511600,511600,expanded_formal_data,research_only,bond_cash,low_volatility,volume_heat_decay_proxy,22,0.6818181818181818,8.545273656780272e-05,4.045535008136778e-05,-0.00013999440022405274,10,0.07051282051282051,5.555671303607633,0,0,hypothesis_only,need_more_data,event_count_below_30
511600,511600,511600,expanded_formal_data,research_only,bond_cash,low_volatility,type_stop_loss_proxy,19,0.3684210526315789,-7.367636887946703e-06,8.94805786984327e-06,-0.0001199904007679331,10,0.060897435897435896,0.7389582638848899,0,0,hypothesis_only,need_more_data,event_count_below_30
511690,511690,511690,expanded_formal_data,research_only,bond_cash,low_volatility,rank_score_decline_2d_proxy,54,0.5490196078431373,1.6470698016065883e-05,-2.607445761314215e-06,-0.0001599824019357099,10,0.17307692307692307,1.985631749973688,0,0,sample_limited,research_only_not_online,
511690,511690,511690,expanded_formal_data,research_only,bond_cash,low_volatility,rank_score_decline_3d_proxy,15,0.6428571428571429,1.0000657130780435e-05,1.2728363593127558e-05,-0.0001599824019357099,10,0.04807692307692308,1.1358870787631172,0,0,hypothesis_only,need_more_data,event_count_below_30
511690,511690,511690,expanded_formal_data,research_only,bond_cash,low_volatility,rank_score_below_70_proxy,215,0.48325358851674644,1.0048155469461741e-05,5.025487002023689e-06,-0.0001599824019357099,10,0.6891025641025641,1.5659644530883283,0,0,evidence_supported,research_only_not_online,
511690,511690,511690,expanded_formal_data,research_only,bond_cash,low_volatility,top_decile_drop_proxy,20,0.4,4.000719922331308e-06,-9.993950656927985e-07,-0.00012998960083188127,10,0.0641025641025641,1.6986077217757132,0,0,hypothesis_only,need_more_data,event_count_below_30
511690,511690,511690,expanded_formal_data,research_only,bond_cash,low_volatility,short_swing_buy_to_watch_proxy,0,,,,,10,0.0,,0,0,hypothesis_only,need_more_data,event_count_below_30
511690,511690,511690,expanded_formal_data,research_only,bond_cash,low_volatility,short_swing_buy_to_sell_proxy,0,,,,,10,0.0,,0,0,hypothesis_only,need_more_data,event_count_below_30
511690,511690,511690,expanded_formal_data,research_only,bond_cash,low_volatility,volume_heat_decay_proxy,18,0.4444444444444444,1.6111233254715678e-05,-3.887327969495955e-06,-0.00012998960083188127,10,0.057692307692307696,2.210667180402004,0,0,hypothesis_only,need_more_data,event_count_below_30
511690,511690,511690,expanded_formal_data,research_only,bond_cash,low_volatility,type_stop_loss_proxy,0,,,,,10,0.0,,0,0,hypothesis_only,need_more_data,event_count_below_30
511880,511880,银华日利ETF,债券货币观察,observe_pool,bond_cash,low_volatility,rank_score_decline_2d_proxy,74,1.0,0.0005131989316581529,0.0009522521441365501,-0.00018050360505816876,10,0.23717948717948717,,0,0,sample_limited,research_only_not_online,
511880,511880,银华日利ETF,债券货币观察,observe_pool,bond_cash,low_volatility,rank_score_decline_3d_proxy,30,1.0,0.0005620916845180829,0.0009846159556676781,-6.022282445050653e-05,10,0.09615384615384616,,0,0,hypothesis_only,research_only_not_online,
511880,511880,银华日利ETF,债券货币观察,observe_pool,bond_cash,low_volatility,rank_score_below_70_proxy,183,0.9943502824858758,0.0004989631925709634,0.0009311097630883909,-0.000310537229406771,10,0.5865384615384616,25.028351393601472,0,0,sample_limited,research_only_not_online,
511880,511880,银华日利ETF,债券货币观察,observe_pool,bond_cash,low_volatility,top_decile_drop_proxy,17,1.0,0.00038374252373644046,0.0009032716220715026,-0.00026905293367351923,10,0.05448717948717949,,0,0,hypothesis_only,need_more_data,event_count_below_30
511880,511880,银华日利ETF,债券货币观察,observe_pool,bond_cash,low_volatility,short_swing_buy_to_watch_proxy,0,,,,,10,0.0,,0,0,hypothesis_only,need_more_data,event_count_below_30
511880,511880,银华日利ETF,债券货币观察,observe_pool,bond_cash,low_volatility,short_swing_buy_to_sell_proxy,0,,,,,10,0.0,,0,0,hypothesis_only,need_more_data,event_count_below_30
511880,511880,银华日利ETF,债券货币观察,observe_pool,bond_cash,low_volatility,volume_heat_decay_proxy,17,1.0,0.00045816304296693555,0.000883015415754293,-0.00011985736973008088,10,0.05448717948717949,,0,0,hypothesis_only,need_more_data,event_count_below_30
511880,511880,银华日利ETF,债券货币观察,observe_pool,bond_cash,low_volatility,type_stop_loss_proxy,0,,,,,10,0.0,,0,0,hypothesis_only,need_more_data,event_count_below_30
511990,511990,华宝添益ETF,债券货币观察,observe_pool,bond_cash,low_volatility,rank_score_decline_2d_proxy,47,0.6590909090909091,4.068466594014436e-05,3.0000622237959208e-05,-0.00027995240809053357,10,0.15064102564102563,1.8813659139419678,0,0,sample_limited,research_only_not_online,
511990,511990,华宝添益ETF,债券货币观察,observe_pool,bond_cash,low_volatility,rank_score_decline_3d_proxy,5,0.6,4.0002600053767875e-06,6.0002475015280554e-05,-0.00010999560017610488,10,0.016025641025641024,0.9333485333989061,0,0,hypothesis_only,need_more_data,event_count_below_30
511990,511990,华宝添益ETF,债券货币观察,observe_pool,bond_cash,low_volatility,rank_score_below_70_proxy,203,0.5329949238578681,2.457038335583254e-05,2.0778663789172384e-05,-0.0001899848012157923,10,0.6506410256410257,1.8049672400023042,0,0,evidence_supported,research_only_not_online,
511990,511990,华宝添益ETF,债券货币观察,observe_pool,bond_cash,low_volatility,top_decile_drop_proxy,21,0.42857142857142855,-7.616962012161703e-06,2.473660017031584e-05,-0.00021997580266164274,10,0.0673076923076923,0.6981771105704231,0,0,hypothesis_only,need_more_data,event_count_below_30
511990,511990,华宝添益ETF,债券货币观察,observe_pool,bond_cash,low_volatility,short_swing_buy_to_watch_proxy,0,,,,,10,0.0,,0,0,hypothesis_only,need_more_data,event_count_below_30
511990,511990,华宝添益ETF,债券货币观察,observe_pool,bond_cash,low_volatility,short_swing_buy_to_sell_proxy,0,,,,,10,0.0,,0,0,hypothesis_only,need_more_data,event_count_below_30
511990,511990,华宝添益ETF,债券货币观察,observe_pool,bond_cash,low_volatility,volume_heat_decay_proxy,16,0.6428571428571429,4.357451457142376e-05,5.8573700145400244e-05,-0.00012000120001198766,10,0.05128205128205128,2.1389919527861094,0,0,hypothesis_only,need_more_data,event_count_below_30
511990,511990,华宝添益ETF,债券货币观察,observe_pool,bond_cash,low_volatility,type_stop_loss_proxy,0,,,,,10,0.0,,0,0,hypothesis_only,need_more_data,event_count_below_30
512010,512010,医药ETF,消费医药,trade_pool,sector,sector_beta,rank_score_decline_2d_proxy,73,0.4782608695652174,-0.004241330376225527,-0.0030223031899860166,-0.12972972972972974,10,0.23397435897435898,0.804848801909132,12,12,sample_limited,candidate_for_simulation_review,
512010,512010,医药ETF,消费医药,trade_pool,sector,sector_beta,rank_score_decline_3d_proxy,31,0.5517241379310345,0.0014120574885820743,0.011234824496794079,-0.10112359550561789,10,0.09935897435897435,0.8218560547854706,6,1,hypothesis_only,research_only_not_online,
512010,512010,医药ETF,消费医药,trade_pool,sector,sector_beta,rank_score_below_70_proxy,194,0.41304347826086957,-0.004007325085739901,-0.00436971826595529,-0.12972972972972974,10,0.6217948717948718,1.0649630621349773,32,42,sample_limited,candidate_for_simulation_review,
512010,512010,医药ETF,消费医药,trade_pool,sector,sector_beta,top_decile_drop_proxy,12,0.5,-0.0021835285480913034,-0.013306938955853526,-0.09189189189189184,10,0.038461538461538464,0.8287009875694978,1,5,hypothesis_only,need_more_data,event_count_below_30
512010,512010,医药ETF,消费医药,trade_pool,sector,sector_beta,short_swing_buy_to_watch_proxy,16,0.4375,-0.004922259562012234,-0.004227796018236758,-0.1026785714285714,10,0.05128205128205128,0.9108802556797039,4,7,hypothesis_only,need_more_data,event_count_below_30
512010,512010,医药ETF,消费医药,trade_pool,sector,sector_beta,short_swing_buy_to_sell_proxy,0,,,,,10,0.0,,0,0,hypothesis_only,need_more_data,event_count_below_30
512010,512010,医药ETF,消费医药,trade_pool,sector,sector_beta,volume_heat_decay_proxy,20,0.4,-0.004839320117905105,0.00117281342371357,-0.08900523560209428,10,0.0641025641025641,1.0687043790178288,4,4,hypothesis_only,need_more_data,event_count_below_30
512010,512010,医药ETF,消费医药,trade_pool,sector,sector_beta,type_stop_loss_proxy,69,0.43333333333333335,-0.0046471259173599564,-0.002835483235219849,-0.07857142857142851,10,0.22115384615384615,0.845447406725683,6,4,sample_limited,candidate_for_simulation_review,
512050,512050,华夏中证A500ETF,新宽基与新风格,trade_pool,broad_index,core_beta,rank_score_decline_2d_proxy,75,0.676056338028169,0.009184450167038465,0.022205861876980065,-0.10751565762004178,10,0.2403846153846154,0.9852853857126422,18,9,sample_limited,research_only_not_online,
512050,512050,华夏中证A500ETF,新宽基与新风格,trade_pool,broad_index,core_beta,rank_score_decline_3d_proxy,28,0.7692307692307693,0.013077769246165823,0.03231723120352341,-0.09619450317124734,10,0.08974358974358974,1.1783433699714887,7,2,hypothesis_only,need_more_data,event_count_below_30
512050,512050,华夏中证A500ETF,新宽基与新风格,trade_pool,broad_index,core_beta,rank_score_below_70_proxy,173,0.6073619631901841,0.008628887716321112,0.02356574390723555,-0.08657664813343924,10,0.5544871794871795,1.2567378805860219,44,15,sample_limited,research_only_not_online,
512050,512050,华夏中证A500ETF,新宽基与新风格,trade_pool,broad_index,core_beta,top_decile_drop_proxy,15,0.8666666666666667,0.02377965064303454,0.034023941468054084,-0.0521072796934865,10,0.04807692307692308,4.502441475683783,5,0,hypothesis_only,need_more_data,event_count_below_30
512050,512050,华夏中证A500ETF,新宽基与新风格,trade_pool,broad_index,core_beta,short_swing_buy_to_watch_proxy,18,0.6111111111111112,0.010846147973665596,0.01807457712848088,-0.05812973883740513,10,0.057692307692307696,2.3922065131694565,4,0,hypothesis_only,need_more_data,event_count_below_30
512050,512050,华夏中证A500ETF,新宽基与新风格,trade_pool,broad_index,core_beta,short_swing_buy_to_sell_proxy,0,,,,,10,0.0,,0,0,hypothesis_only,need_more_data,event_count_below_30
512050,512050,华夏中证A500ETF,新宽基与新风格,trade_pool,broad_index,core_beta,volume_heat_decay_proxy,31,0.6896551724137931,0.011768784564139009,0.022585207450374296,-0.08366533864541836,10,0.09935897435897435,1.4527503481447452,7,3,hypothesis_only,research_only_not_online,
512050,512050,华夏中证A500ETF,新宽基与新风格,trade_pool,broad_index,core_beta,type_stop_loss_proxy,5,1.0,0.036023962590071214,0.0756000639355637,0.0,10,0.016025641025641024,,3,0,hypothesis_only,need_more_data,event_count_below_30
512070,512070,非银ETF,金融地产,trade_pool,high_beta,high_beta,rank_score_decline_2d_proxy,80,0.5194805194805194,-0.0016798225355087611,-0.0008770734551548035,-0.1206703910614525,10,0.2564102564102564,0.8444063048836651,19,23,sample_limited,candidate_for_simulation_review,
512070,512070,非银ETF,金融地产,trade_pool,high_beta,high_beta,rank_score_decline_3d_proxy,40,0.48717948717948717,-0.00170808459234639,0.0031652686782890787,-0.1206703910614525,10,0.1282051282051282,0.9571432365940866,10,9,sample_limited,candidate_for_simulation_review,
512070,512070,非银ETF,金融地产,trade_pool,high_beta,high_beta,rank_score_below_70_proxy,195,0.5645161290322581,0.0021323518395478286,0.0012870154531711988,-0.1206703910614525,10,0.625,0.8772087052012648,48,41,sample_limited,research_only_not_online,
512070,512070,非银ETF,金融地产,trade_pool,high_beta,high_beta,top_decile_drop_proxy,11,0.8181818181818182,0.013212217097224694,0.01898866500237164,-0.06190975865687298,10,0.035256410256410256,0.7925128708178313,3,1,hypothesis_only,need_more_data,event_count_below_30
512070,512070,非银ETF,金融地产,trade_pool,high_beta,high_beta,short_swing_buy_to_watch_proxy,15,0.5333333333333333,0.0006033191701185992,-0.00020386381032053703,-0.11959287531806628,10,0.04807692307692308,0.9116152914397369,3,3,hypothesis_only,need_more_data,event_count_below_30
512070,512070,非银ETF,金融地产,trade_pool,high_beta,high_beta,short_swing_buy_to_sell_proxy,1,0.0,-0.041530054644808745,-0.06775956284153006,-0.07540983606557383,10,0.003205128205128205,,0,1,hypothesis_only,need_more_data,event_count_below_30
512070,512070,非银ETF,金融地产,trade_pool,high_beta,high_beta,volume_heat_decay_proxy,23,0.6818181818181818,0.011372555219365916,0.023130455073137705,-0.1206703910614525,10,0.07371794871794872,0.825189926785342,8,4,hypothesis_only,need_more_data,event_count_below_30
512070,512070,非银ETF,金融地产,trade_pool,high_beta,high_beta,type_stop_loss_proxy,106,0.5050505050505051,-0.0032170278300183187,-0.00013134043211167516,-0.11060433295324967,10,0.33974358974358976,0.7917583861328737,18,26,sample_limited,candidate_for_simulation_review,
512100,512100,中证1000ETF,宽基,trade_pool,broad_index,core_beta,rank_score_decline_2d_proxy,28,0.4166666666666667,0.004726199040491555,0.010668115138621405,-0.11114439784301977,10,0.26666666666666666,1.8121929313574499,7,6,hypothesis_only,need_more_data,event_count_below_30
512100,512100,中证1000ETF,宽基,trade_pool,broad_index,core_beta,rank_score_decline_3d_proxy,14,0.5,0.007529497206298401,0.016558352718813726,-0.09845031905195989,10,0.13333333333333333,1.598028554783909,4,2,hypothesis_only,need_more_data,event_count_below_30
512100,512100,中证1000ETF,宽基,trade_pool,broad_index,core_beta,rank_score_below_70_proxy,43,0.5757575757575758,0.009579988693284275,0.04068382277309117,-0.12555260831122894,10,0.4095238095238095,1.1426089717483525,14,13,sample_limited,research_only_not_online,
512100,512100,中证1000ETF,宽基,trade_pool,broad_index,core_beta,top_decile_drop_proxy,4,0.25,-0.01930593855555726,-0.04030937059144454,-0.12555260831122894,10,0.0380952380952381,1.2858872572550766,1,3,hypothesis_only,need_more_data,event_count_below_30
512100,512100,中证1000ETF,宽基,trade_pool,broad_index,core_beta,short_swing_buy_to_watch_proxy,8,0.625,0.009201154414989823,0.007304310666182284,-0.11114439784301977,10,0.0761904761904762,0.969836322773008,4,3,hypothesis_only,need_more_data,event_count_below_30
512100,512100,中证1000ETF,宽基,trade_pool,broad_index,core_beta,short_swing_buy_to_sell_proxy,1,0.0,-0.017135862913096545,-0.0664014687882496,-0.09210526315789469,10,0.009523809523809525,,0,1,hypothesis_only,need_more_data,event_count_below_30
512100,512100,中证1000ETF,宽基,trade_pool,broad_index,core_beta,volume_heat_decay_proxy,7,0.5714285714285714,0.004364676216280735,0.020484199677181996,-0.11114439784301977,10,0.06666666666666667,0.8734940733552824,3,3,hypothesis_only,need_more_data,event_count_below_30
512100,512100,中证1000ETF,宽基,trade_pool,broad_index,core_beta,type_stop_loss_proxy,11,0.9,0.05066715187587086,0.10908508970087458,-0.04812319538017318,10,0.10476190476190476,1.9201547811808626,7,0,hypothesis_only,need_more_data,event_count_below_30
512170,512170,医疗ETF,消费医药,trade_pool,sector,sector_beta,rank_score_decline_2d_proxy,80,0.47297297297297297,-0.006367804845456357,-0.008893515108641533,-0.13823529411764712,10,0.2564102564102564,0.7226046190905197,14,24,sample_limited,candidate_for_simulation_review,
512170,512170,医疗ETF,消费医药,trade_pool,sector,sector_beta,rank_score_decline_3d_proxy,41,0.4,-0.01061691280114613,-0.011668765033739075,-0.1339285714285715,10,0.13141025641025642,0.7735356293072437,6,11,sample_limited,candidate_for_simulation_review,
512170,512170,医疗ETF,消费医药,trade_pool,sector,sector_beta,rank_score_below_70_proxy,190,0.42777777777777776,-0.004904018838449812,-0.0019499381269270076,-0.1339285714285715,10,0.6089743589743589,0.9603444266090851,33,57,sample_limited,candidate_for_simulation_review,
512170,512170,医疗ETF,消费医药,trade_pool,sector,sector_beta,top_decile_drop_proxy,13,0.6923076923076923,0.015138870366945244,0.01318012699748759,-0.07200000000000006,10,0.041666666666666664,1.1557120151182674,4,1,hypothesis_only,need_more_data,event_count_below_30
512170,512170,医疗ETF,消费医药,trade_pool,sector,sector_beta,short_swing_buy_to_watch_proxy,11,0.6363636363636364,0.002477532984465534,0.013386834756330502,-0.08121827411167515,10,0.035256410256410256,0.6494558287980958,2,3,hypothesis_only,need_more_data,event_count_below_30
512170,512170,医疗ETF,消费医药,trade_pool,sector,sector_beta,short_swing_buy_to_sell_proxy,0,,,,,10,0.0,,0,0,hypothesis_only,need_more_data,event_count_below_30
512170,512170,医疗ETF,消费医药,trade_pool,sector,sector_beta,volume_heat_decay_proxy,15,0.4,-0.012981772237535612,-0.005250630678344799,-0.07777777777777772,10,0.04807692307692308,0.648687533248943,2,5,hypothesis_only,need_more_data,event_count_below_30
512170,512170,医疗ETF,消费医药,trade_pool,sector,sector_beta,type_stop_loss_proxy,86,0.4868421052631579,-0.002978901712860296,0.0012406820407656052,-0.08235294117647063,10,0.27564102564102566,0.7813130782545733,9,24,sample_limited,candidate_for_simulation_review,
512200,512200,房地产ETF,金融地产,trade_pool,sector,sector_beta,rank_score_decline_2d_proxy,74,0.5072463768115942,-0.0006483398448904894,0.005347711241084956,-0.13461538461538458,10,0.23717948717948717,0.9364324596952831,14,17,sample_limited,candidate_for_simulation_review,
512200,512200,房地产ETF,金融地产,trade_pool,sector,sector_beta,rank_score_decline_3d_proxy,33,0.5172413793103449,0.0025730410816026577,0.009846793373935039,-0.12072575017445919,10,0.10576923076923077,1.079962102717328,8,6,hypothesis_only,research_only_not_online,
512200,512200,房地产ETF,金融地产,trade_pool,sector,sector_beta,rank_score_below_70_proxy,193,0.4098360655737705,-0.008152132254773037,-0.008151862908741933,-0.15652724968314324,10,0.6185897435897436,0.8365202465391324,31,49,sample_limited,candidate_for_simulation_review,
512200,512200,房地产ETF,金融地产,trade_pool,sector,sector_beta,top_decile_drop_proxy,15,0.5333333333333333,0.0028287667536227947,0.007719136449317491,-0.13461538461538458,10,0.04807692307692308,1.0660798319310865,5,2,hypothesis_only,need_more_data,event_count_below_30
512200,512200,房地产ETF,金融地产,trade_pool,sector,sector_beta,short_swing_buy_to_watch_proxy,18,0.6111111111111112,0.008339881912371857,0.004203616386776083,-0.153588195841717,10,0.057692307692307696,1.0642006513256026,6,2,hypothesis_only,need_more_data,event_count_below_30
512200,512200,房地产ETF,金融地产,trade_pool,sector,sector_beta,short_swing_buy_to_sell_proxy,2,1.0,0.027509345728966794,0.0694694519505854,-0.02251655629139071,10,0.00641025641025641,,1,0,hypothesis_only,need_more_data,event_count_below_30
512200,512200,房地产ETF,金融地产,trade_pool,sector,sector_beta,volume_heat_decay_proxy,29,0.36,-0.0072938814143754275,-4.8885124869710306e-05,-0.11376021798365121,10,0.09294871794871795,1.1506124889406448,4,6,hypothesis_only,need_more_data,event_count_below_30
512200,512200,房地产ETF,金融地产,trade_pool,sector,sector_beta,type_stop_loss_proxy,75,0.4,-0.013473128660779458,0.0067623409894258186,-0.12213225371120107,10,0.2403846153846154,0.7824952333697176,11,22,sample_limited,candidate_for_simulation_review,
512400,512400,有色ETF,周期资源,trade_pool,commodity_resource,commodity_cycle,rank_score_decline_2d_proxy,75,0.6901408450704225,0.02577376314164573,0.047737372608803376,-0.22260127931769735,10,0.2403846153846154,1.0611953080727239,31,21,sample_limited,research_only_not_online,
512400,512400,有色ETF,周期资源,trade_pool,commodity_resource,commodity_cycle,rank_score_decline_3d_proxy,43,0.7317073170731707,0.02969875172355838,0.05301508931583913,-0.21625107480653483,10,0.13782051282051283,0.9338171209920021,17,11,sample_limited,research_only_not_online,
512400,512400,有色ETF,周期资源,trade_pool,commodity_resource,commodity_cycle,rank_score_below_70_proxy,165,0.6774193548387096,0.02053205666358409,0.04220566114049527,-0.27021617293835076,10,0.5288461538461539,0.9813308127415813,66,38,sample_limited,research_only_not_online,
512400,512400,有色ETF,周期资源,trade_pool,commodity_resource,commodity_cycle,top_decile_drop_proxy,18,0.8333333333333334,0.023711912598890564,0.07355417626120311,-0.10004275331338175,10,0.057692307692307696,0.987914511465899,7,2,hypothesis_only,need_more_data,event_count_below_30
512400,512400,有色ETF,周期资源,trade_pool,commodity_resource,commodity_cycle,short_swing_buy_to_watch_proxy,22,0.6818181818181818,0.014530995907675436,0.04792151790529052,-0.1760977818017202,10,0.07051282051282051,0.8831227124709924,5,7,hypothesis_only,need_more_data,event_count_below_30
512400,512400,有色ETF,周期资源,trade_pool,commodity_resource,commodity_cycle,short_swing_buy_to_sell_proxy,1,1.0,0.04289799809342254,-0.001429933269780581,-0.07197330791229739,10,0.003205128205128205,,1,1,hypothesis_only,need_more_data,event_count_below_30
512400,512400,有色ETF,周期资源,trade_pool,commodity_resource,commodity_cycle,volume_heat_decay_proxy,19,0.7647058823529411,0.0060199725326664216,0.0254641632247423,-0.22260127931769735,10,0.060897435897435896,0.38186141630437276,6,4,hypothesis_only,need_more_data,event_count_below_30
512400,512400,有色ETF,周期资源,trade_pool,commodity_resource,commodity_cycle,type_stop_loss_proxy,85,0.631578947368421,0.008641206649666375,0.009262257102488057,-0.24356846473029048,10,0.2724358974358974,0.7727228445367005,32,22,sample_limited,risk_control_candidate_requires_backtest,
512480,512480,半导体ETF,科技成长,trade_pool,theme,theme_beta,rank_score_decline_2d_proxy,75,0.5694444444444444,0.015901041856219322,0.04253813775525871,-0.16312056737588654,10,0.2403846153846154,1.5421003841924252,21,21,sample_limited,research_only_not_online,
512480,512480,半导体ETF,科技成长,trade_pool,theme,theme_beta,rank_score_decline_3d_proxy,38,0.5277777777777778,0.013296207166641769,0.029709504150608912,-0.13897280966767367,10,0.12179487179487179,1.8309985393562915,9,11,hypothesis_only,research_only_not_online,
512480,512480,半导体ETF,科技成长,trade_pool,theme,theme_beta,rank_score_below_70_proxy,154,0.5277777777777778,0.010388485721437444,0.03517335874238997,-0.16127133608004707,10,0.4935897435897436,1.3804292892388976,43,40,sample_limited,research_only_not_online,
512480,512480,半导体ETF,科技成长,trade_pool,theme,theme_beta,top_decile_drop_proxy,15,0.7333333333333333,0.060705040679907576,0.1198456405284818,-0.09106628242074932,10,0.04807692307692308,1.7929605043678836,10,2,hypothesis_only,need_more_data,event_count_below_30
512480,512480,半导体ETF,科技成长,trade_pool,theme,theme_beta,short_swing_buy_to_watch_proxy,20,0.45,0.011759893655425086,0.07628050272391824,-0.1543026706231454,10,0.0641025641025641,1.7570345289793343,7,7,hypothesis_only,need_more_data,event_count_below_30
512480,512480,半导体ETF,科技成长,trade_pool,theme,theme_beta,short_swing_buy_to_sell_proxy,2,0.0,-0.03468430034129705,-0.050511945392491486,-0.09761092150170647,10,0.00641025641025641,,0,1,hypothesis_only,need_more_data,event_count_below_30
512480,512480,半导体ETF,科技成长,trade_pool,theme,theme_beta,volume_heat_decay_proxy,24,0.5217391304347826,0.02113501008046954,0.04686677073234519,-0.14208308248043344,10,0.07692307692307693,2.2173067226427308,5,8,hypothesis_only,need_more_data,event_count_below_30
512480,512480,半导体ETF,科技成长,trade_pool,theme,theme_beta,type_stop_loss_proxy,114,0.5192307692307693,0.012020565083742628,0.027936829834487382,-0.14925373134328357,10,0.36538461538461536,1.4782403251043652,30,39,sample_limited,risk_control_candidate_requires_backtest,
512660,512660,军工ETF,新能源制造,trade_pool,commodity_resource,commodity_cycle,rank_score_decline_2d_proxy,82,0.5256410256410257,0.003581091798474374,0.014519525743669822,-0.1801075268817205,10,0.26282051282051283,1.0469770657255757,25,26,sample_limited,research_only_not_online,
512660,512660,军工ETF,新能源制造,trade_pool,commodity_resource,commodity_cycle,rank_score_decline_3d_proxy,40,0.4864864864864865,-0.004557792708189409,0.00374541304128871,-0.1801075268817205,10,0.1282051282051282,0.8568922476204143,8,17,sample_limited,candidate_for_simulation_review,
512660,512660,军工ETF,新能源制造,trade_pool,commodity_resource,commodity_cycle,rank_score_below_70_proxy,175,0.6121212121212121,0.009222544154335047,0.03125196595108926,-0.20717884130982378,10,0.5608974358974359,0.9678427323577956,63,31,sample_limited,research_only_not_online,
512660,512660,军工ETF,新能源制造,trade_pool,commodity_resource,commodity_cycle,top_decile_drop_proxy,11,0.5454545454545454,0.0007699713326898662,0.0036320264347360254,-0.17734322319622398,10,0.035256410256410256,0.8581583972380789,5,3,hypothesis_only,need_more_data,event_count_below_30
512660,512660,军工ETF,新能源制造,trade_pool,commodity_resource,commodity_cycle,short_swing_buy_to_watch_proxy,16,0.5625,0.00813473282601563,0.01268344382595056,-0.11060259344012202,10,0.05128205128205128,1.1962701469233379,7,2,hypothesis_only,need_more_data,event_count_below_30
512660,512660,军工ETF,新能源制造,trade_pool,commodity_resource,commodity_cycle,short_swing_buy_to_sell_proxy,5,0.0,-0.038398045509978516,-0.0636894110330463,-0.1487491548343477,10,0.016025641025641024,,0,2,hypothesis_only,need_more_data,event_count_below_30
512660,512660,军工ETF,新能源制造,trade_pool,commodity_resource,commodity_cycle,volume_heat_decay_proxy,26,0.6,0.01806152037562954,0.030808741697221823,-0.10961810466760968,10,0.08333333333333333,1.556509756136573,8,5,hypothesis_only,need_more_data,event_count_below_30
512660,512660,军工ETF,新能源制造,trade_pool,commodity_resource,commodity_cycle,type_stop_loss_proxy,101,0.5274725274725275,-0.002649511561237493,0.02229141132786353,-0.15446608462055078,10,0.32371794871794873,0.7914251372151736,27,22,sample_limited,candidate_for_simulation_review,
512670,512670,国防ETF,新能源制造,trade_pool,commodity_resource,commodity_cycle,rank_score_decline_2d_proxy,79,0.52,0.005504969212876745,0.01097397458368493,-0.16887080366225848,10,0.2532051282051282,1.154133699842766,23,22,sample_limited,research_only_not_online,
512670,512670,国防ETF,新能源制造,trade_pool,commodity_resource,commodity_cycle,rank_score_decline_3d_proxy,40,0.5405405405405406,0.001845097158271792,0.0010871137325803087,-0.16887080366225848,10,0.1282051282051282,0.9362763382635615,8,12,sample_limited,research_only_not_online,
512670,512670,国防ETF,新能源制造,trade_pool,commodity_resource,commodity_cycle,rank_score_below_70_proxy,175,0.5696969696969697,0.00463858328018585,0.021406545997325527,-0.209990749306198,10,0.5608974358974359,0.8990724596790635,61,39,sample_limited,research_only_not_online,
512670,512670,国防ETF,新能源制造,trade_pool,commodity_resource,commodity_cycle,top_decile_drop_proxy,9,0.6666666666666666,0.02590551127990907,0.032580680220911346,-0.07875894988066823,10,0.028846153846153848,1.7092431803698873,3,2,hypothesis_only,need_more_data,event_count_below_30
512670,512670,国防ETF,新能源制造,trade_pool,commodity_resource,commodity_cycle,short_swing_buy_to_watch_proxy,15,0.5333333333333333,0.021102140054459168,0.033557141351837044,-0.08747044917257674,10,0.04807692307692308,2.458052123112676,5,5,hypothesis_only,need_more_data,event_count_below_30
512670,512670,国防ETF,新能源制造,trade_pool,commodity_resource,commodity_cycle,short_swing_buy_to_sell_proxy,3,0.0,-0.04646292364551382,-0.09443799638279467,-0.14600000000000002,10,0.009615384615384616,,0,2,hypothesis_only,need_more_data,event_count_below_30
512670,512670,国防ETF,新能源制造,trade_pool,commodity_resource,commodity_cycle,volume_heat_decay_proxy,26,0.6923076923076923,0.02772804522616645,0.035560319037456024,-0.13211382113821135,10,0.08333333333333333,1.7958142104379857,12,1,hypothesis_only,need_more_data,event_count_below_30
512670,512670,国防ETF,新能源制造,trade_pool,commodity_resource,commodity_cycle,type_stop_loss_proxy,115,0.5238095238095238,-0.00015681492669355134,0.01399565982944856,-0.15944881889763785,10,0.3685897435897436,0.8659654603154091,29,24,sample_limited,candidate_for_simulation_review,
512690,512690,酒ETF,消费医药,trade_pool,sector,sector_beta,rank_score_decline_2d_proxy,76,0.352112676056338,-0.015318447753230283,-0.03009599890523725,-0.10526315789473684,10,0.24358974358974358,0.6241485317907011,7,25,sample_limited,candidate_for_simulation_review,
512690,512690,酒ETF,消费医药,trade_pool,sector,sector_beta,rank_score_decline_3d_proxy,37,0.2727272727272727,-0.021873129096542456,-0.03773207430117878,-0.09555189456342661,10,0.11858974358974358,0.6386110229880981,3,15,hypothesis_only,candidate_for_simulation_review,
512690,512690,酒ETF,消费医药,trade_pool,sector,sector_beta,rank_score_below_70_proxy,222,0.3018867924528302,-0.013880062135425293,-0.02635084310901655,-0.10526315789473684,10,0.7115384615384616,0.7485177578152837,17,61,evidence_supported,candidate_for_simulation_review,
512690,512690,酒ETF,消费医药,trade_pool,sector,sector_beta,top_decile_drop_proxy,7,0.5714285714285714,-0.005006526756576789,-0.010175339392777023,-0.08091286307053935,10,0.022435897435897436,0.4395802981725581,0,3,hypothesis_only,need_more_data,event_count_below_30
512690,512690,酒ETF,消费医药,trade_pool,sector,sector_beta,short_swing_buy_to_watch_proxy,5,0.2,-0.012351205951650134,-0.018416555324013716,-0.08049535603715174,10,0.016025641025641024,0.9639582010771249,0,2,hypothesis_only,need_more_data,event_count_below_30
512690,512690,酒ETF,消费医药,trade_pool,sector,sector_beta,short_swing_buy_to_sell_proxy,0,,,,,10,0.0,,0,0,hypothesis_only,need_more_data,event_count_below_30
512690,512690,酒ETF,消费医药,trade_pool,sector,sector_beta,volume_heat_decay_proxy,20,0.05555555555555555,-0.03166922115266266,-0.044696958586527266,-0.08333333333333326,10,0.0641025641025641,0.7461409159968775,0,10,hypothesis_only,need_more_data,event_count_below_30
512690,512690,酒ETF,消费医药,trade_pool,sector,sector_beta,type_stop_loss_proxy,74,0.36923076923076925,-0.012090630816173667,-0.017489646585894664,-0.09022556390977454,10,0.23717948717948717,0.5292942371914785,2,9,sample_limited,candidate_for_simulation_review,
512760,512760,芯片ETF,科技成长,trade_pool,theme,theme_beta,rank_score_decline_2d_proxy,75,0.5694444444444444,-0.009453157407607937,-0.029716050201605917,-0.5672451193058567,10,0.2403846153846154,0.5633152279014702,22,26,sample_limited,candidate_for_simulation_review,
512760,512760,芯片ETF,科技成长,trade_pool,theme,theme_beta,rank_score_decline_3d_proxy,41,0.5384615384615384,-0.012739336711264206,-0.04774399241769611,-0.5604638321369408,10,0.13141025641025642,0.5815462385289742,12,15,sample_limited,candidate_for_simulation_review,
512760,512760,芯片ETF,科技成长,trade_pool,theme,theme_beta,rank_score_below_70_proxy,162,0.5328947368421053,-0.014428819407038445,-0.015198528809067665,-0.5672451193058567,10,0.5192307692307693,0.6188508311781861,52,44,sample_limited,candidate_for_simulation_review,
512760,512760,芯片ETF,科技成长,trade_pool,theme,theme_beta,top_decile_drop_proxy,13,0.7692307692307693,0.05500913967369066,0.11672428842194237,-0.09329140461215935,10,0.041666666666666664,1.5704989114820638,8,2,hypothesis_only,need_more_data,event_count_below_30
512760,512760,芯片ETF,科技成长,trade_pool,theme,theme_beta,short_swing_buy_to_watch_proxy,19,0.47368421052631576,0.015393541336657426,0.05806856902759432,-0.5672451193058567,10,0.060897435897435896,1.7157604347253963,8,7,hypothesis_only,need_more_data,event_count_below_30
512760,512760,芯片ETF,科技成长,trade_pool,theme,theme_beta,short_swing_buy_to_sell_proxy,2,0.0,-0.04412148207968963,-0.057527539779681724,-0.10159118727050176,10,0.00641025641025641,,0,1,hypothesis_only,need_more_data,event_count_below_30
512760,512760,芯片ETF,科技成长,trade_pool,theme,theme_beta,volume_heat_decay_proxy,29,0.6428571428571429,0.014410280079682413,-0.012393486440231099,-0.5504103165298945,10,0.09294871794871795,1.1160529955367562,8,11,hypothesis_only,need_more_data,event_count_below_30
512760,512760,芯片ETF,科技成长,trade_pool,theme,theme_beta,type_stop_loss_proxy,124,0.543859649122807,-0.020580641466594052,-0.028750284089227997,-0.5607101947308133,10,0.3974358974358974,0.549907279968533,41,46,sample_limited,candidate_for_simulation_review,
512800,512800,银行ETF,金融地产,trade_pool,sector,sector_beta,rank_score_decline_2d_proxy,73,0.5138888888888888,0.0033265117986515332,0.009127829894161502,-0.05672009864364991,10,0.23397435897435898,1.2544944788419794,15,0,sample_limited,research_only_not_online,
512800,512800,银行ETF,金融地产,trade_pool,sector,sector_beta,rank_score_decline_3d_proxy,38,0.47368421052631576,0.002805482562757647,0.016748405916754517,-0.0523038605230387,10,0.12179487179487179,1.3906553357410067,9,0,hypothesis_only,research_only_not_online,
512800,512800,银行ETF,金融地产,trade_pool,sector,sector_beta,rank_score_below_70_proxy,193,0.4293193717277487,-0.0028188309444277756,-0.006642232193913962,-0.08624708624708621,10,0.6185897435897436,1.0246032959898768,24,24,sample_limited,candidate_for_simulation_review,
512800,512800,银行ETF,金融地产,trade_pool,sector,sector_beta,top_decile_drop_proxy,12,0.6666666666666666,0.012342573830285974,0.02457455374359548,-0.04826038159371493,10,0.038461538461538464,1.3134091714569507,5,0,hypothesis_only,need_more_data,event_count_below_30
512800,512800,银行ETF,金融地产,trade_pool,sector,sector_beta,short_swing_buy_to_watch_proxy,11,0.45454545454545453,0.003221382570628267,0.00495218662208235,-0.05057471264367819,10,0.035256410256410256,1.2259159716577264,1,0,hypothesis_only,need_more_data,event_count_below_30
512800,512800,银行ETF,金融地产,trade_pool,sector,sector_beta,short_swing_buy_to_sell_proxy,0,,,,,10,0.0,,0,0,hypothesis_only,need_more_data,event_count_below_30
512800,512800,银行ETF,金融地产,trade_pool,sector,sector_beta,volume_heat_decay_proxy,22,0.5909090909090909,0.008310410554089598,0.009813089501733567,-0.05491990846681927,10,0.07051282051282051,1.5131261951600934,6,0,hypothesis_only,need_more_data,event_count_below_30
512800,512800,银行ETF,金融地产,trade_pool,sector,sector_beta,type_stop_loss_proxy,19,0.8421052631578947,0.025991948188414216,0.03382702775888693,-0.034782608695652195,10,0.060897435897435896,1.910094984388043,8,0,hypothesis_only,need_more_data,event_count_below_30
512880,512880,证券ETF,金融地产,trade_pool,high_beta,high_beta,rank_score_decline_2d_proxy,75,0.45714285714285713,-0.002071123637255377,-0.0006954179912481183,-0.1412280701754386,10,0.2403846153846154,1.0540463825502573,16,21,sample_limited,candidate_for_simulation_review,
512880,512880,证券ETF,金融地产,trade_pool,high_beta,high_beta,rank_score_decline_3d_proxy,36,0.40625,-0.0012128428804522723,0.003721909581977984,-0.14047410008779637,10,0.11538461538461539,1.355363680649455,7,8,hypothesis_only,candidate_for_simulation_review,
512880,512880,证券ETF,金融地产,trade_pool,high_beta,high_beta,rank_score_below_70_proxy,197,0.48404255319148937,-0.0016464078439928594,-0.005642184775006919,-0.1212892281594572,10,0.6314102564102564,0.9430529627957231,34,47,sample_limited,candidate_for_simulation_review,
512880,512880,证券ETF,金融地产,trade_pool,high_beta,high_beta,top_decile_drop_proxy,11,0.5454545454545454,0.004787329707475893,0.02478796780682625,-0.08734939759036153,10,0.035256410256410256,1.0911095401600543,4,2,hypothesis_only,need_more_data,event_count_below_30
512880,512880,证券ETF,金融地产,trade_pool,high_beta,high_beta,short_swing_buy_to_watch_proxy,15,0.5333333333333333,0.0002749674715142018,0.008022600064529787,-0.08744394618834084,10,0.04807692307692308,0.8935318723479652,2,2,hypothesis_only,need_more_data,event_count_below_30
512880,512880,证券ETF,金融地产,trade_pool,high_beta,high_beta,short_swing_buy_to_sell_proxy,1,0.0,-0.04230769230769227,-0.058461538461538565,-0.06769230769230772,10,0.003205128205128205,,0,1,hypothesis_only,need_more_data,event_count_below_30
512880,512880,证券ETF,金融地产,trade_pool,high_beta,high_beta,volume_heat_decay_proxy,21,0.6111111111111112,0.010685971363838032,0.005109284607658792,-0.11604095563139927,10,0.0673076923076923,1.140331702700868,4,5,hypothesis_only,need_more_data,event_count_below_30
512880,512880,证券ETF,金融地产,trade_pool,high_beta,high_beta,type_stop_loss_proxy,115,0.5185185185185185,-0.0010902630444464124,0.0036334526616346088,-0.10167992926613612,10,0.3685897435897436,0.8459541866147149,25,24,sample_limited,candidate_for_simulation_review,
512890,512890,红利低波ETF,防御风格,trade_pool,sector,sector_beta,rank_score_decline_2d_proxy,66,0.453125,-0.0008188669836367082,0.0027650340178054012,-0.050202429149797556,10,0.21153846153846154,1.0601134534379049,3,0,sample_limited,candidate_for_simulation_review,
512890,512890,红利低波ETF,防御风格,trade_pool,sector,sector_beta,rank_score_decline_3d_proxy,28,0.4444444444444444,-0.00198091967719895,0.004968258191977557,-0.04166666666666663,10,0.08974358974358974,0.9790986350041909,1,0,hypothesis_only,need_more_data,event_count_below_30
512890,512890,红利低波ETF,防御风格,trade_pool,sector,sector_beta,rank_score_below_70_proxy,199,0.4869109947643979,0.0010398244399131464,0.0021383790518227476,-0.05660377358490576,10,0.6378205128205128,1.166181165240906,16,0,sample_limited,research_only_not_online,
512890,512890,红利低波ETF,防御风格,trade_pool,sector,sector_beta,top_decile_drop_proxy,9,0.5555555555555556,0.0034563975616195286,0.0030135810011064543,-0.053268765133171914,10,0.028846153846153848,1.2231278960641474,0,0,hypothesis_only,need_more_data,event_count_below_30
512890,512890,红利低波ETF,防御风格,trade_pool,sector,sector_beta,short_swing_buy_to_watch_proxy,5,0.6,0.002843955006932486,0.019659452538696675,-0.018363939899833093,10,0.016025641025641024,1.4212500038751892,0,0,hypothesis_only,need_more_data,event_count_below_30
512890,512890,红利低波ETF,防御风格,trade_pool,sector,sector_beta,short_swing_buy_to_sell_proxy,0,,,,,10,0.0,,0,0,hypothesis_only,need_more_data,event_count_below_30
512890,512890,红利低波ETF,防御风格,trade_pool,sector,sector_beta,volume_heat_decay_proxy,18,0.5,0.001001935608426695,-0.0036724156041136554,-0.04026845637583898,10,0.057692307692307696,1.1432798567181004,1,0,hypothesis_only,need_more_data,event_count_below_30
512890,512890,红利低波ETF,防御风格,trade_pool,sector,sector_beta,type_stop_loss_proxy,0,,,,,10,0.0,,0,0,hypothesis_only,need_more_data,event_count_below_30
512980,512980,传媒ETF,科技成长,trade_pool,theme,theme_beta,rank_score_decline_2d_proxy,63,0.4262295081967213,4.8188336498863394e-05,-0.005831657509496998,-0.18905047048759627,10,0.20192307692307693,1.3488260735038924,16,26,sample_limited,research_only_not_online,
512980,512980,传媒ETF,科技成长,trade_pool,theme,theme_beta,rank_score_decline_3d_proxy,26,0.36,-0.013952971929804278,-0.0305775809440195,-0.17922077922077928,10,0.08333333333333333,0.8389270455489622,5,12,hypothesis_only,need_more_data,event_count_below_30
512980,512980,传媒ETF,科技成长,trade_pool,theme,theme_beta,rank_score_below_70_proxy,169,0.4591194968553459,-0.002123637751956144,0.010058315989331481,-0.21717588769611895,10,0.5416666666666666,1.0736574214951335,36,51,sample_limited,candidate_for_simulation_review,
512980,512980,传媒ETF,科技成长,trade_pool,theme,theme_beta,top_decile_drop_proxy,14,0.8571428571428571,0.027961088530194474,0.04011588798057508,-0.10726351351351349,10,0.04487179487179487,1.7598628363055127,6,2,hypothesis_only,need_more_data,event_count_below_30
512980,512980,传媒ETF,科技成长,trade_pool,theme,theme_beta,short_swing_buy_to_watch_proxy,17,0.5294117647058824,0.012918708669917034,0.01600901220509973,-0.1684518013631937,10,0.05448717948717949,1.4685829845644116,3,4,hypothesis_only,need_more_data,event_count_below_30
512980,512980,传媒ETF,科技成长,trade_pool,theme,theme_beta,short_swing_buy_to_sell_proxy,2,0.0,-0.07874404317901246,-0.09798095120211342,-0.19250425894378198,10,0.00641025641025641,,0,2,hypothesis_only,need_more_data,event_count_below_30
512980,512980,传媒ETF,科技成长,trade_pool,theme,theme_beta,volume_heat_decay_proxy,24,0.30434782608695654,-0.008683535366811873,-0.030951315443731416,-0.18905047048759627,10,0.07692307692307693,1.5480026437035348,5,14,hypothesis_only,need_more_data,event_count_below_30
512980,512980,传媒ETF,科技成长,trade_pool,theme,theme_beta,type_stop_loss_proxy,119,0.48623853211009177,-0.0071489717826457334,-0.0017707265581757337,-0.19250425894378198,10,0.3814102564102564,0.7405837252948664,27,41,sample_limited,candidate_for_simulation_review,
513030,513030,德国ETF,跨境与港股,research_only,qdii,cross_border,rank_score_decline_2d_proxy,76,0.5416666666666666,0.00246698106272882,0.007189402774133755,-0.14930362116991647,10,0.24358974358974358,1.0001407465886676,13,8,sample_limited,research_only_not_online,
513030,513030,德国ETF,跨境与港股,research_only,qdii,cross_border,rank_score_decline_3d_proxy,36,0.5882352941176471,0.007569594464312396,0.007479256466551208,-0.13337116912599323,10,0.11538461538461539,1.3320471302239665,6,2,hypothesis_only,research_only_not_online,
513030,513030,德国ETF,跨境与港股,research_only,qdii,cross_border,rank_score_below_70_proxy,194,0.5597826086956522,0.006076182276950043,0.008860038567718505,-0.1690500510725229,10,0.6217948717948718,1.26712382494131,34,18,sample_limited,research_only_not_online,
513030,513030,德国ETF,跨境与港股,research_only,qdii,cross_border,top_decile_drop_proxy,11,0.7272727272727273,0.002889855086302573,-0.00678859263489252,-0.1690500510725229,10,0.035256410256410256,0.47541679536560666,2,1,hypothesis_only,need_more_data,event_count_below_30
513030,513030,德国ETF,跨境与港股,research_only,qdii,cross_border,short_swing_buy_to_watch_proxy,12,0.5833333333333334,-0.008043109226763176,0.0013715721011887672,-0.1741116751269035,10,0.038461538461538464,0.4811111479530209,3,2,hypothesis_only,need_more_data,event_count_below_30
513030,513030,德国ETF,跨境与港股,research_only,qdii,cross_border,short_swing_buy_to_sell_proxy,0,,,,,10,0.0,,0,0,hypothesis_only,need_more_data,event_count_below_30
513030,513030,德国ETF,跨境与港股,research_only,qdii,cross_border,volume_heat_decay_proxy,32,0.5172413793103449,0.008321592121922313,0.008064664458982095,-0.11169284467713791,10,0.10256410256410256,1.747645779822893,6,2,hypothesis_only,research_only_not_online,
513030,513030,德国ETF,跨境与港股,research_only,qdii,cross_border,type_stop_loss_proxy,33,0.5757575757575758,0.015676200875301166,0.05378362157927467,-0.12761394101876677,10,0.10576923076923077,1.2777859727460337,17,14,hypothesis_only,risk_control_candidate_requires_backtest,
513050,513050,中概互联网ETF,QDII观察,observe_pool,qdii,cross_border,rank_score_decline_2d_proxy,70,0.45454545454545453,-0.005537108227666495,-0.008417304192944609,-0.19710906701708286,10,0.22435897435897437,0.9313372690118684,17,23,sample_limited,candidate_for_simulation_review,
513050,513050,中概互联网ETF,QDII观察,observe_pool,qdii,cross_border,rank_score_decline_3d_proxy,32,0.4827586206896552,-0.0011198269413604915,-0.003298797219379385,-0.1692726036709722,10,0.10256410256410256,1.020370140565385,9,10,hypothesis_only,candidate_for_simulation_review,
513050,513050,中概互联网ETF,QDII观察,observe_pool,qdii,cross_border,rank_score_below_70_proxy,195,0.41935483870967744,-0.0042657741966572165,-0.015165635278618243,-0.19803921568627447,10,0.625,1.1139354977604865,46,60,sample_limited,candidate_for_simulation_review,
513050,513050,中概互联网ETF,QDII观察,observe_pool,qdii,cross_border,top_decile_drop_proxy,7,0.0,-0.030958783340669753,-0.037021613799171425,-0.09637561779242176,10,0.022435897435897436,,0,4,hypothesis_only,need_more_data,event_count_below_30
513050,513050,中概互联网ETF,QDII观察,observe_pool,qdii,cross_border,short_swing_buy_to_watch_proxy,23,0.3181818181818182,-0.012764505106778084,-0.03348905061573644,-0.20906148867313912,10,0.07371794871794872,1.0104935589504231,4,10,hypothesis_only,need_more_data,event_count_below_30
513050,513050,中概互联网ETF,QDII观察,observe_pool,qdii,cross_border,short_swing_buy_to_sell_proxy,0,,,,,10,0.0,,0,0,hypothesis_only,need_more_data,event_count_below_30
513050,513050,中概互联网ETF,QDII观察,observe_pool,qdii,cross_border,volume_heat_decay_proxy,14,0.46153846153846156,-0.0059959438047857755,-0.014599679020546966,-0.19710906701708286,10,0.04487179487179487,0.8037821875104048,2,3,hypothesis_only,need_more_data,event_count_below_30
513050,513050,中概互联网ETF,QDII观察,observe_pool,qdii,cross_border,type_stop_loss_proxy,99,0.4175824175824176,-0.010495768204084132,-0.011283870551362037,-0.16340310600945307,10,0.3173076923076923,0.9063518073147079,26,31,sample_limited,candidate_for_simulation_review,
513060,513060,恒生医疗ETF,QDII观察,observe_pool,qdii,cross_border,rank_score_decline_2d_proxy,95,0.5280898876404494,0.015207833881287984,0.03162084304058066,-0.18388791593695264,10,0.30448717948717946,1.5404359350623407,37,38,sample_limited,research_only_not_online,
513060,513060,恒生医疗ETF,QDII观察,observe_pool,qdii,cross_border,rank_score_decline_3d_proxy,49,0.6363636363636364,0.03660319119218433,0.07056730556223362,-0.1444444444444445,10,0.15705128205128205,2.1077052785944073,24,13,sample_limited,research_only_not_online,
513060,513060,恒生医疗ETF,QDII观察,observe_pool,qdii,cross_border,rank_score_below_70_proxy,198,0.3882978723404255,-0.0036736899130960636,-0.0018379647427864407,-0.18771929824561395,10,0.6346153846153846,1.3458727165043542,51,88,sample_limited,candidate_for_simulation_review,
513060,513060,恒生医疗ETF,QDII观察,observe_pool,qdii,cross_border,top_decile_drop_proxy,10,0.7,0.03922038111765067,0.045256614615343624,-0.09793814432989678,10,0.03205128205128205,3.946185682782435,4,1,hypothesis_only,need_more_data,event_count_below_30
513060,513060,恒生医疗ETF,QDII观察,observe_pool,qdii,cross_border,short_swing_buy_to_watch_proxy,13,0.38461538461538464,0.004571600214697004,0.000613205507477779,-0.154320987654321,10,0.041666666666666664,1.839611087734465,5,7,hypothesis_only,need_more_data,event_count_below_30
513060,513060,恒生医疗ETF,QDII观察,observe_pool,qdii,cross_border,short_swing_buy_to_sell_proxy,1,1.0,0.02325581395348819,0.0894454382826475,-0.03220035778175312,10,0.003205128205128205,,0,0,hypothesis_only,need_more_data,event_count_below_30
513060,513060,恒生医疗ETF,QDII观察,observe_pool,qdii,cross_border,volume_heat_decay_proxy,33,0.5757575757575758,0.023694939578802976,0.042502390014584314,-0.1383537653239929,10,0.10576923076923077,1.7607225595362668,17,10,hypothesis_only,research_only_not_online,
513060,513060,恒生医疗ETF,QDII观察,observe_pool,qdii,cross_border,type_stop_loss_proxy,108,0.4489795918367347,0.0021002103736456773,0.01733124443841197,-0.18771929824561395,10,0.34615384615384615,1.3001787422012823,32,36,sample_limited,risk_control_candidate_requires_backtest,
513100,513100,纳指ETF,QDII观察,observe_pool,qdii,cross_border,rank_score_decline_2d_proxy,70,0.6,0.0212014686209449,0.027405850812145045,-0.11173184357541899,10,0.22435897435897437,2.5934312532581525,26,10,sample_limited,research_only_not_online,
513100,513100,纳指ETF,QDII观察,observe_pool,qdii,cross_border,rank_score_decline_3d_proxy,35,0.59375,0.02355494093102396,0.03349750268289049,-0.11173184357541899,10,0.11217948717948718,2.67854052999925,15,4,hypothesis_only,research_only_not_online,
513100,513100,纳指ETF,QDII观察,observe_pool,qdii,cross_border,rank_score_below_70_proxy,173,0.5269461077844312,0.010838175726399191,0.02380915722826546,-0.08296943231441056,10,0.5544871794871795,1.8586489314201213,52,18,sample_limited,research_only_not_online,
513100,513100,纳指ETF,QDII观察,observe_pool,qdii,cross_border,top_decile_drop_proxy,6,0.8,0.043128644960312636,0.038829277335516416,-0.07085020242914974,10,0.019230769230769232,1.839966463462273,2,1,hypothesis_only,need_more_data,event_count_below_30
513100,513100,纳指ETF,QDII观察,observe_pool,qdii,cross_border,short_swing_buy_to_watch_proxy,22,0.5714285714285714,0.010898476424353761,0.036261140928978766,-0.1417004048582996,10,0.07051282051282051,1.2956151960136724,8,4,hypothesis_only,need_more_data,event_count_below_30
513100,513100,纳指ETF,QDII观察,observe_pool,qdii,cross_border,short_swing_buy_to_sell_proxy,0,,,,,10,0.0,,0,0,hypothesis_only,need_more_data,event_count_below_30
513100,513100,纳指ETF,QDII观察,observe_pool,qdii,cross_border,volume_heat_decay_proxy,20,0.5263157894736842,0.014830261950474252,0.037397492930441055,-0.07085020242914974,10,0.0641025641025641,2.4424770783779315,6,2,hypothesis_only,need_more_data,event_count_below_30
513100,513100,纳指ETF,QDII观察,observe_pool,qdii,cross_border,type_stop_loss_proxy,20,1.0,0.05751525526159716,0.0947513613656352,-0.09851169383416014,10,0.0641025641025641,,14,1,hypothesis_only,need_more_data,event_count_below_30
513120,513120,港股创新药ETF,医药与消费升级,observe_pool,qdii,cross_border,rank_score_decline_2d_proxy,89,0.5714285714285714,0.029575026079594877,0.049091017395658576,-0.17248677248677247,10,0.28525641025641024,1.8631137674979088,40,37,sample_limited,research_only_not_online,
513120,513120,港股创新药ETF,医药与消费升级,observe_pool,qdii,cross_border,rank_score_decline_3d_proxy,48,0.6818181818181818,0.0525480284024571,0.07907099394850704,-0.1488250652741515,10,0.15384615384615385,2.608170112262772,26,16,sample_limited,research_only_not_online,
513120,513120,港股创新药ETF,医药与消费升级,observe_pool,qdii,cross_border,rank_score_below_70_proxy,199,0.4126984126984127,0.0016974769368780695,0.010824546443347877,-0.19641401792991042,10,0.6378205128205128,1.4933599538770157,55,94,sample_limited,research_only_not_online,
513120,513120,港股创新药ETF,医药与消费升级,observe_pool,qdii,cross_border,top_decile_drop_proxy,8,0.625,0.03597348673609513,0.05879092781671767,-0.1269470404984424,10,0.02564102564102564,2.0453032914149785,4,2,hypothesis_only,need_more_data,event_count_below_30
513120,513120,港股创新药ETF,医药与消费升级,observe_pool,qdii,cross_border,short_swing_buy_to_watch_proxy,14,0.35714285714285715,0.008883439587741728,0.010953762013863286,-0.14687975646879758,10,0.04487179487179487,2.2813186695490515,5,9,hypothesis_only,need_more_data,event_count_below_30
513120,513120,港股创新药ETF,医药与消费升级,observe_pool,qdii,cross_border,short_swing_buy_to_sell_proxy,2,1.0,0.034581912432390616,0.08952068332996743,-0.08108108108108103,10,0.00641025641025641,,1,1,hypothesis_only,need_more_data,event_count_below_30
513120,513120,港股创新药ETF,医药与消费升级,observe_pool,qdii,cross_border,volume_heat_decay_proxy,33,0.6060606060606061,0.02799368055719873,0.06004798718781815,-0.16195372750642678,10,0.10576923076923077,1.4958042444048163,18,10,hypothesis_only,research_only_not_online,
513120,513120,港股创新药ETF,医药与消费升级,observe_pool,qdii,cross_border,type_stop_loss_proxy,118,0.48148148148148145,0.007287990183138844,0.029855107240167832,-0.19641401792991042,10,0.3782051282051282,1.3550780119479586,37,41,sample_limited,risk_control_candidate_requires_backtest,
513130,513130,恒生科技ETF,跨境与港股,observe_pool,qdii,cross_border,rank_score_decline_2d_proxy,74,0.5571428571428572,0.006164141685580072,0.003942139153379589,-0.20891719745222936,10,0.23717948717948717,1.0355829158248537,23,21,sample_limited,research_only_not_online,
513130,513130,恒生科技ETF,跨境与港股,observe_pool,qdii,cross_border,rank_score_decline_3d_proxy,33,0.6129032258064516,0.01748297349056498,0.01472667701445033,-0.19350649350649352,10,0.10576923076923077,1.4909490891442554,14,8,hypothesis_only,research_only_not_online,
513130,513130,恒生科技ETF,跨境与港股,observe_pool,qdii,cross_border,rank_score_below_70_proxy,189,0.5274725274725275,-0.0007659582961788105,-0.00830995846049628,-0.18291054739652868,10,0.6057692307692307,0.8505004417951632,47,58,sample_limited,candidate_for_simulation_review,
513130,513130,恒生科技ETF,跨境与港股,observe_pool,qdii,cross_border,top_decile_drop_proxy,10,0.3333333333333333,-0.017101327785149573,-0.026286554956784017,-0.0894819466248038,10,0.03205128205128205,0.3882016303267165,0,3,hypothesis_only,need_more_data,event_count_below_30
513130,513130,恒生科技ETF,跨境与港股,observe_pool,qdii,cross_border,short_swing_buy_to_watch_proxy,22,0.38095238095238093,-0.01125410840509023,-0.014271448988131671,-0.20992366412213748,10,0.07051282051282051,0.7313494676902963,3,9,hypothesis_only,need_more_data,event_count_below_30
513130,513130,恒生科技ETF,跨境与港股,observe_pool,qdii,cross_border,short_swing_buy_to_sell_proxy,0,,,,,10,0.0,,0,0,hypothesis_only,need_more_data,event_count_below_30
513130,513130,恒生科技ETF,跨境与港股,observe_pool,qdii,cross_border,volume_heat_decay_proxy,16,0.6428571428571429,0.01115039786169448,0.006618248148236732,-0.13372093023255816,10,0.05128205128205128,0.9064685196156238,7,4,hypothesis_only,need_more_data,event_count_below_30
513130,513130,恒生科技ETF,跨境与港股,observe_pool,qdii,cross_border,type_stop_loss_proxy,87,0.42168674698795183,-0.01247036389795691,-0.016356478478596868,-0.1596752368064952,10,0.27884615384615385,0.7723646870357717,20,36,sample_limited,candidate_for_simulation_review,
513150,513150,港股科技ETF,跨境与港股,observe_pool,qdii,cross_border,rank_score_decline_2d_proxy,76,0.5277777777777778,0.0037481931969014382,0.004268049756961633,-0.19316239316239314,10,0.24358974358974358,1.0815328479417965,19,23,sample_limited,research_only_not_online,
513150,513150,港股科技ETF,跨境与港股,observe_pool,qdii,cross_border,rank_score_decline_3d_proxy,31,0.5517241379310345,0.013239953655266205,0.018464428049768746,-0.1225225225225226,10,0.09935897435897435,1.5505294030827248,10,8,hypothesis_only,research_only_not_online,
513150,513150,港股科技ETF,跨境与港股,observe_pool,qdii,cross_border,rank_score_below_70_proxy,188,0.5111111111111111,0.001859149256148281,-0.0013357104628237693,-0.16312659303313515,10,0.6025641025641025,1.042458144520836,49,53,sample_limited,research_only_not_online,
513150,513150,港股科技ETF,跨境与港股,observe_pool,qdii,cross_border,top_decile_drop_proxy,12,0.45454545454545453,-0.010304600044653955,-0.019566062894499196,-0.09289099526066347,10,0.038461538461538464,0.5473470878730456,0,5,hypothesis_only,need_more_data,event_count_below_30
513150,513150,港股科技ETF,跨境与港股,observe_pool,qdii,cross_border,short_swing_buy_to_watch_proxy,20,0.25,-0.012730068864366516,-0.01385392172311221,-0.08508604206500958,10,0.0641025641025641,0.8579862436460294,2,6,hypothesis_only,need_more_data,event_count_below_30
513150,513150,港股科技ETF,跨境与港股,observe_pool,qdii,cross_border,short_swing_buy_to_sell_proxy,2,0.0,-0.09288087448324839,-0.10282342945547684,-0.19316239316239314,10,0.00641025641025641,,0,2,hypothesis_only,need_more_data,event_count_below_30
513150,513150,港股科技ETF,跨境与港股,observe_pool,qdii,cross_border,volume_heat_decay_proxy,19,0.631578947368421,0.01571434016091371,0.013973250951849127,-0.15523156089193824,10,0.060897435897435896,1.6531416516977249,5,5,hypothesis_only,need_more_data,event_count_below_30
513150,513150,港股科技ETF,跨境与港股,observe_pool,qdii,cross_border,type_stop_loss_proxy,78,0.3698630136986301,-0.010127416454785014,-0.01221743576419974,-0.18126626192541206,10,0.25,1.0622172644648993,14,29,sample_limited,candidate_for_simulation_review,
513180,513180,恒生科技ETF,QDII观察,observe_pool,qdii,cross_border,rank_score_decline_2d_proxy,76,0.5416666666666666,0.002998461607110999,-0.0007124933451031586,-0.21223470661672916,10,0.24358974358974358,0.9831116880078278,23,22,sample_limited,research_only_not_online,
513180,513180,恒生科技ETF,QDII观察,observe_pool,qdii,cross_border,rank_score_decline_3d_proxy,37,0.5714285714285714,0.009426984006475125,0.007443511305638089,-0.19720101781170485,10,0.11858974358974358,1.2119371257418197,12,9,hypothesis_only,research_only_not_online,
513180,513180,恒生科技ETF,QDII观察,observe_pool,qdii,cross_border,rank_score_below_70_proxy,187,0.5333333333333333,-0.001188064509397155,-0.008089791214094106,-0.1819371727748691,10,0.5993589743589743,0.8216557921153204,48,57,sample_limited,candidate_for_simulation_review,
513180,513180,恒生科技ETF,QDII观察,observe_pool,qdii,cross_border,top_decile_drop_proxy,9,0.375,-0.0162681464317658,-0.02812811456811376,-0.08401400233372225,10,0.028846153846153848,0.43575077952946967,1,3,hypothesis_only,need_more_data,event_count_below_30
513180,513180,恒生科技ETF,QDII观察,observe_pool,qdii,cross_border,short_swing_buy_to_watch_proxy,20,0.3157894736842105,-0.01491795196660091,-0.024550908048420264,-0.21321695760598502,10,0.0641025641025641,0.7721214426826575,3,8,hypothesis_only,need_more_data,event_count_below_30
513180,513180,恒生科技ETF,QDII观察,observe_pool,qdii,cross_border,short_swing_buy_to_sell_proxy,0,,,,,10,0.0,,0,0,hypothesis_only,need_more_data,event_count_below_30
513180,513180,恒生科技ETF,QDII观察,observe_pool,qdii,cross_border,volume_heat_decay_proxy,18,0.6875,0.014510018830280379,0.012206247165097788,-0.08603491271820451,10,0.057692307692307696,1.1648289069590123,7,3,hypothesis_only,need_more_data,event_count_below_30
513180,513180,恒生科技ETF,QDII观察,observe_pool,qdii,cross_border,type_stop_loss_proxy,90,0.4418604651162791,-0.01160561239020622,-0.01648683644856198,-0.16644649933949807,10,0.28846153846153844,0.7442283742151801,22,37,sample_limited,candidate_for_simulation_review,
513330,513330,恒生互联网ETF,跨境与港股,observe_pool,qdii,cross_border,rank_score_decline_2d_proxy,69,0.4603174603174603,0.001679515866179828,0.001494774455962344,-0.19521178637200742,10,0.22115384615384615,1.193426896914676,19,19,sample_limited,research_only_not_online,
513330,513330,恒生互联网ETF,跨境与港股,observe_pool,qdii,cross_border,rank_score_decline_3d_proxy,31,0.5,0.008895679617553852,0.004948072498446315,-0.1752380952380953,10,0.09935897435897435,1.4615060755128602,10,8,hypothesis_only,research_only_not_online,
513330,513330,恒生互联网ETF,跨境与港股,observe_pool,qdii,cross_border,rank_score_below_70_proxy,197,0.46808510638297873,0.000285870923339796,-0.004257354943351215,-0.19521178637200742,10,0.6314102564102564,1.0945393316506624,53,56,sample_limited,research_only_not_online,
513330,513330,恒生互联网ETF,跨境与港股,observe_pool,qdii,cross_border,top_decile_drop_proxy,13,0.38461538461538464,-0.002690484545353896,-0.00332916990103689,-0.10550458715596323,10,0.041666666666666664,1.094483203102917,1,3,hypothesis_only,need_more_data,event_count_below_30
513330,513330,恒生互联网ETF,跨境与港股,observe_pool,qdii,cross_border,short_swing_buy_to_watch_proxy,21,0.2,-0.02123472469176544,-0.033799680410494456,-0.1921641791044777,10,0.0673076923076923,0.7207047863579463,1,10,hypothesis_only,need_more_data,event_count_below_30
513330,513330,恒生互联网ETF,跨境与港股,observe_pool,qdii,cross_border,short_swing_buy_to_sell_proxy,1,1.0,0.018595041322314154,0.006198347107438051,-0.02066115702479343,10,0.003205128205128205,,0,0,hypothesis_only,need_more_data,event_count_below_30
513330,513330,恒生互联网ETF,跨境与港股,observe_pool,qdii,cross_border,volume_heat_decay_proxy,18,0.5294117647058824,-0.0022467748071301964,-0.00016226217554454053,-0.1333333333333333,10,0.057692307692307696,0.7950164261169134,5,5,hypothesis_only,need_more_data,event_count_below_30
513330,513330,恒生互联网ETF,跨境与港股,observe_pool,qdii,cross_border,type_stop_loss_proxy,103,0.4,-0.016077151866391814,-0.02485476163156227,-0.16232464929859725,10,0.3301282051282051,0.6801620980941997,21,38,sample_limited,candidate_for_simulation_review,
513500,513500,标普500ETF,QDII观察,observe_pool,qdii,cross_border,rank_score_decline_2d_proxy,76,0.6901408450704225,0.013083153035538789,0.022524545680252816,-0.130412633723892,10,0.24358974358974358,1.3065829925468349,17,8,sample_limited,research_only_not_online,
513500,513500,标普500ETF,QDII观察,observe_pool,qdii,cross_border,rank_score_decline_3d_proxy,40,0.7567567567567568,0.018129673307507452,0.02908549216231283,-0.11919504643962842,10,0.1282051282051282,1.803393779011159,10,3,sample_limited,research_only_not_online,
513500,513500,标普500ETF,QDII观察,observe_pool,qdii,cross_border,rank_score_below_70_proxy,189,0.625,0.010871461203989683,0.02096455718179878,-0.09970674486803521,10,0.6057692307692307,1.461436917133079,47,15,sample_limited,research_only_not_online,
513500,513500,标普500ETF,QDII观察,observe_pool,qdii,cross_border,top_decile_drop_proxy,8,0.7142857142857143,0.014725787731909848,0.021240198579032078,-0.04034229828850866,10,0.02564102564102564,2.835974763480847,2,0,hypothesis_only,need_more_data,event_count_below_30
513500,513500,标普500ETF,QDII观察,observe_pool,qdii,cross_border,short_swing_buy_to_watch_proxy,16,0.6666666666666666,0.013983383488905243,0.02615370913802825,-0.13918305597579428,10,0.05128205128205128,1.573552142975556,6,1,hypothesis_only,need_more_data,event_count_below_30
513500,513500,标普500ETF,QDII观察,observe_pool,qdii,cross_border,short_swing_buy_to_sell_proxy,0,,,,,10,0.0,,0,0,hypothesis_only,need_more_data,event_count_below_30
513500,513500,标普500ETF,QDII观察,observe_pool,qdii,cross_border,volume_heat_decay_proxy,27,0.7777777777777778,0.012314134353355962,0.026567463886123313,-0.05447154471544713,10,0.08653846153846154,1.1633149941498941,5,0,hypothesis_only,need_more_data,event_count_below_30
513500,513500,标普500ETF,QDII观察,observe_pool,qdii,cross_border,type_stop_loss_proxy,18,1.0,0.04607298881244615,0.09575957200271393,-0.03685897435897445,10,0.057692307692307696,,12,0,hypothesis_only,need_more_data,event_count_below_30
513520,513520,日经ETF,跨境与港股,research_only,qdii,cross_border,rank_score_decline_2d_proxy,73,0.6285714285714286,0.022504478982280068,0.04112364774180812,-0.1546052631578948,10,0.23397435897435898,1.5234909200285929,28,15,sample_limited,research_only_not_online,
513520,513520,日经ETF,跨境与港股,research_only,qdii,cross_border,rank_score_decline_3d_proxy,37,0.5714285714285714,0.023190893864783794,0.03372944533129514,-0.15021256495040158,10,0.11858974358974358,1.9482253536920044,12,7,hypothesis_only,research_only_not_online,
513520,513520,日经ETF,跨境与港股,research_only,qdii,cross_border,rank_score_below_70_proxy,156,0.75,0.027608386539657814,0.046035730158263864,-0.09959959959959963,10,0.5,1.6895093650552782,68,12,sample_limited,research_only_not_online,
513520,513520,日经ETF,跨境与港股,research_only,qdii,cross_border,top_decile_drop_proxy,16,0.6666666666666666,0.013828530520421108,0.036687733266981985,-0.15261422515308543,10,0.05128205128205128,0.9363709933062719,4,3,hypothesis_only,need_more_data,event_count_below_30
513520,513520,日经ETF,跨境与港股,research_only,qdii,cross_border,short_swing_buy_to_watch_proxy,22,0.7619047619047619,0.028176968628184793,0.04532315357366687,-0.15261422515308543,10,0.07051282051282051,1.5991452308527745,10,2,hypothesis_only,need_more_data,event_count_below_30
513520,513520,日经ETF,跨境与港股,research_only,qdii,cross_border,short_swing_buy_to_sell_proxy,1,0.0,-0.06528497409326417,-0.059585492227979264,-0.07150259067357512,10,0.003205128205128205,,0,1,hypothesis_only,need_more_data,event_count_below_30
513520,513520,日经ETF,跨境与港股,research_only,qdii,cross_border,volume_heat_decay_proxy,29,0.5862068965517241,0.01430584443354773,0.05636924015123508,-0.12482269503546095,10,0.09294871794871795,1.4835466913816577,9,7,hypothesis_only,need_more_data,event_count_below_30
513520,513520,日经ETF,跨境与港股,research_only,qdii,cross_border,type_stop_loss_proxy,34,0.5882352941176471,0.017785101204889058,0.05058097762226527,-0.09278870398386296,10,0.10897435897435898,1.406153751214252,14,10,hypothesis_only,risk_control_candidate_requires_backtest,
513880,513880,日经225ETF,跨境与港股,research_only,qdii,cross_border,rank_score_decline_2d_proxy,75,0.6197183098591549,0.021963845207552894,0.02952771966827685,-0.1577319587628866,10,0.2403846153846154,1.5550148876313006,29,16,sample_limited,research_only_not_online,
513880,513880,日经225ETF,跨境与港股,research_only,qdii,cross_border,rank_score_decline_3d_proxy,39,0.5833333333333334,0.021450590265286992,0.024470640120885817,-0.14584422373235761,10,0.125,1.7188912981809927,14,9,hypothesis_only,research_only_not_online,
513880,513880,日经225ETF,跨境与港股,research_only,qdii,cross_border,rank_score_below_70_proxy,159,0.7532467532467533,0.027423174626004077,0.04320624419423039,-0.10905125408942207,10,0.5096153846153846,1.6702118431288475,70,14,sample_limited,research_only_not_online,
513880,513880,日经225ETF,跨境与港股,research_only,qdii,cross_border,top_decile_drop_proxy,15,0.6428571428571429,0.01868607678877754,0.049921675344305735,-0.1568627450980392,10,0.04807692307692308,1.1645127589736552,5,2,hypothesis_only,need_more_data,event_count_below_30
513880,513880,日经225ETF,跨境与港股,research_only,qdii,cross_border,short_swing_buy_to_watch_proxy,21,0.75,0.023379933298210993,0.04803775211249339,-0.1568627450980392,10,0.0673076923076923,1.0325846363031488,9,2,hypothesis_only,need_more_data,event_count_below_30
513880,513880,日经225ETF,跨境与港股,research_only,qdii,cross_border,short_swing_buy_to_sell_proxy,0,,,,,10,0.0,,0,0,hypothesis_only,need_more_data,event_count_below_30
513880,513880,日经225ETF,跨境与港股,research_only,qdii,cross_border,volume_heat_decay_proxy,24,0.5416666666666666,-0.002147443707324096,0.016202610367721772,-0.1577319587628866,10,0.07692307692307693,0.7472620333570528,5,7,hypothesis_only,need_more_data,event_count_below_30
513880,513880,日经225ETF,跨境与港股,research_only,qdii,cross_border,type_stop_loss_proxy,40,0.4473684210526316,0.0025743526593122587,0.029710339644114934,-0.0927262631871183,10,0.1282051282051282,1.400945553639475,11,11,sample_limited,risk_control_candidate_requires_backtest,
515000,515000,科技ETF,科技成长,trade_pool,unknown,manual_review,rank_score_decline_2d_proxy,278,0.5272727272727272,0.005999364869502157,0.006201839280884838,-0.20797720797720787,10,0.25884543761638734,1.1629017396415398,86,77,evidence_supported,research_only_not_online,
515000,515000,科技ETF,科技成长,trade_pool,unknown,manual_review,rank_score_decline_3d_proxy,130,0.5116279069767442,0.00421210223533933,0.0014722889593817411,-0.20797720797720787,10,0.12104283054003724,1.1338981125711982,35,37,sample_limited,research_only_not_online,
515000,515000,科技ETF,科技成长,trade_pool,unknown,manual_review,rank_score_below_70_proxy,695,0.4876632801161103,0.002610350660887125,0.009408838770041257,-0.21134751773049631,10,0.6471135940409684,1.1713045912392381,187,207,evidence_supported,research_only_not_online,
515000,515000,科技ETF,科技成长,trade_pool,unknown,manual_review,top_decile_drop_proxy,33,0.5625,0.021641288447288118,0.015389719856484267,-0.1171428571428571,10,0.030726256983240222,1.6426006089653091,14,8,hypothesis_only,research_only_not_online,
515000,515000,科技ETF,科技成长,trade_pool,unknown,manual_review,short_swing_buy_to_watch_proxy,51,0.5882352941176471,0.008960833996099099,0.017016882237454428,-0.15533980582524276,10,0.04748603351955307,1.0763491111510943,19,11,sample_limited,research_only_not_online,
515000,515000,科技ETF,科技成长,trade_pool,unknown,manual_review,short_swing_buy_to_sell_proxy,9,0.625,0.027370565312404546,0.014455457769831509,-0.10878112712975097,10,0.008379888268156424,1.1233334340359622,4,3,hypothesis_only,need_more_data,event_count_below_30
515000,515000,科技ETF,科技成长,trade_pool,unknown,manual_review,volume_heat_decay_proxy,103,0.5242718446601942,0.004052736195228101,-0.004933561107166808,-0.2027972027972028,10,0.09590316573556797,1.0957519599590917,27,31,sample_limited,research_only_not_online,
515000,515000,科技ETF,科技成长,trade_pool,unknown,manual_review,type_stop_loss_proxy,319,0.5079365079365079,0.0016024948236916035,0.006222687657752765,-0.21134751773049631,10,0.29702048417132215,1.0189592896844744,86,113,evidence_supported,risk_control_candidate_requires_backtest,
515050,515050,5GETF,科技成长,trade_pool,theme,theme_beta,rank_score_decline_2d_proxy,65,0.7258064516129032,0.024687689906680643,0.04935548435468905,-0.6307432432432433,10,0.20833333333333334,0.7081257324448768,37,15,sample_limited,research_only_not_online,
515050,515050,5GETF,科技成长,trade_pool,theme,theme_beta,rank_score_decline_3d_proxy,30,0.7241379310344828,0.026393202669157467,0.06826362590284302,-0.1864864864864867,10,0.09615384615384616,0.8872521093030321,17,7,hypothesis_only,research_only_not_online,
515050,515050,5GETF,科技成长,trade_pool,theme,theme_beta,rank_score_below_70_proxy,162,0.6710526315789473,0.03128832984079959,0.057395143290602586,-0.19084967320261426,10,0.5192307692307693,1.7060514878415036,71,29,sample_limited,research_only_not_online,
515050,515050,5GETF,科技成长,trade_pool,theme,theme_beta,top_decile_drop_proxy,14,1.0,0.09444713664755659,0.1658019219163557,-0.054498269896193774,10,0.04487179487179487,,13,0,hypothesis_only,need_more_data,event_count_below_30
515050,515050,5GETF,科技成长,trade_pool,theme,theme_beta,short_swing_buy_to_watch_proxy,16,0.7333333333333333,0.0052200447313916895,0.06249696073912513,-0.6307432432432433,10,0.05128205128205128,0.4026354163306929,9,2,hypothesis_only,need_more_data,event_count_below_30
515050,515050,5GETF,科技成长,trade_pool,theme,theme_beta,short_swing_buy_to_sell_proxy,8,0.42857142857142855,0.015224668932789445,0.02747639159676829,-0.23214285714285732,10,0.02564102564102564,2.2521547754013618,3,2,hypothesis_only,need_more_data,event_count_below_30
515050,515050,5GETF,科技成长,trade_pool,theme,theme_beta,volume_heat_decay_proxy,30,0.7333333333333333,0.018367641006165725,0.05352728001640277,-0.1864864864864867,10,0.09615384615384616,0.7762824978953751,15,6,hypothesis_only,research_only_not_online,
515050,515050,5GETF,科技成长,trade_pool,theme,theme_beta,type_stop_loss_proxy,90,0.7407407407407407,0.04799274015727092,0.070912969682234,-0.18867924528301883,10,0.28846153846153844,1.3862891052953743,53,19,sample_limited,risk_control_candidate_requires_backtest,
515070,515070,AIETF,科技成长,trade_pool,theme,theme_beta,rank_score_decline_2d_proxy,78,0.6756756756756757,0.02387509579971588,0.039291568993421115,-0.21477015825169554,10,0.25,1.2322180797509945,34,21,sample_limited,research_only_not_online,
515070,515070,AIETF,科技成长,trade_pool,theme,theme_beta,rank_score_decline_3d_proxy,37,0.7222222222222222,0.020946367166577343,0.03562281264230988,-0.19412219644238193,10,0.11858974358974358,0.997821331656217,16,8,hypothesis_only,research_only_not_online,
515070,515070,AIETF,科技成长,trade_pool,theme,theme_beta,rank_score_below_70_proxy,171,0.6086956521739131,0.015771056175244776,0.035635478533922973,-0.14235764235764226,10,0.5480769230769231,1.2379679762684954,65,53,sample_limited,research_only_not_online,
515070,515070,AIETF,科技成长,trade_pool,theme,theme_beta,top_decile_drop_proxy,13,0.8461538461538461,0.07066343797096446,0.13853681311245494,-0.0664187035069076,10,0.041666666666666664,9.286409933166984,9,1,hypothesis_only,need_more_data,event_count_below_30
515070,515070,AIETF,科技成长,trade_pool,theme,theme_beta,short_swing_buy_to_watch_proxy,18,0.5555555555555556,0.017145486226223916,0.056142493019408525,-0.0994361865709893,10,0.057692307692307696,1.4739308855403719,7,5,hypothesis_only,need_more_data,event_count_below_30
515070,515070,AIETF,科技成长,trade_pool,theme,theme_beta,short_swing_buy_to_sell_proxy,3,0.3333333333333333,0.003185851317043705,0.046506772265527296,-0.09440928270042181,10,0.009615384615384616,2.1581025177087994,1,1,hypothesis_only,need_more_data,event_count_below_30
515070,515070,AIETF,科技成长,trade_pool,theme,theme_beta,volume_heat_decay_proxy,31,0.7096774193548387,0.027724575592302698,0.041857193525373246,-0.14026402640264024,10,0.09935897435897435,1.3236148508874874,15,9,hypothesis_only,research_only_not_online,
515070,515070,AIETF,科技成长,trade_pool,theme,theme_beta,type_stop_loss_proxy,93,0.6896551724137931,0.03153771922680867,0.05064981744812338,-0.14449917898193754,10,0.2980769230769231,1.4815610539274928,47,21,sample_limited,risk_control_candidate_requires_backtest,
515080,515080,中证红利ETF,防御风格,trade_pool,sector,sector_beta,rank_score_decline_2d_proxy,76,0.52,-0.0006150813712924119,0.0014730676266714547,-0.062034739454094434,10,0.24358974358974358,0.7642618288414611,4,2,sample_limited,candidate_for_simulation_review,
515080,515080,中证红利ETF,防御风格,trade_pool,sector,sector_beta,rank_score_decline_3d_proxy,40,0.5,-0.0030628885335079402,-0.0008816694286238822,-0.062034739454094434,10,0.1282051282051282,0.6326812631542292,1,1,sample_limited,candidate_for_simulation_review,
515080,515080,中证红利ETF,防御风格,trade_pool,sector,sector_beta,rank_score_below_70_proxy,188,0.5842696629213483,0.004513052644403034,0.010038249465081769,-0.05378973105134466,10,0.6025641025641025,1.2299285100074544,14,0,sample_limited,research_only_not_online,
515080,515080,中证红利ETF,防御风格,trade_pool,sector,sector_beta,top_decile_drop_proxy,10,0.5,-0.002605693526140029,0.00030674861607687953,-0.055222088835534144,10,0.03205128205128205,0.7133968702507902,0,0,hypothesis_only,need_more_data,event_count_below_30
515080,515080,中证红利ETF,防御风格,trade_pool,sector,sector_beta,short_swing_buy_to_watch_proxy,5,0.5,0.0007528040989571161,-0.004048644041478866,-0.04663840096910965,10,0.016025641025641024,1.1973983328420321,0,0,hypothesis_only,need_more_data,event_count_below_30
515080,515080,中证红利ETF,防御风格,trade_pool,sector,sector_beta,short_swing_buy_to_sell_proxy,0,,,,,10,0.0,,0,0,hypothesis_only,need_more_data,event_count_below_30
515080,515080,中证红利ETF,防御风格,trade_pool,sector,sector_beta,volume_heat_decay_proxy,22,0.5454545454545454,-0.0010183624482990594,0.001118821882989835,-0.05276225946617019,10,0.07051282051282051,0.6670606573933985,1,0,hypothesis_only,need_more_data,event_count_below_30
515080,515080,中证红利ETF,防御风格,trade_pool,sector,sector_beta,type_stop_loss_proxy,3,1.0,0.020412605618923996,0.032991747764650414,0.0,10,0.009615384615384616,,1,0,hypothesis_only,need_more_data,event_count_below_30
515120,515120,广发创新药ETF,医药与消费升级,trade_pool,theme,theme_beta,rank_score_decline_2d_proxy,72,0.5217391304347826,0.005510924883316378,0.018713968465006663,-0.12106135986732991,10,0.23076923076923078,1.2140810970542424,24,15,sample_limited,research_only_not_online,
515120,515120,广发创新药ETF,医药与消费升级,trade_pool,theme,theme_beta,rank_score_decline_3d_proxy,28,0.6153846153846154,0.017139279484973333,0.04101626127744893,-0.11371237458193972,10,0.08974358974358974,1.5374784174421308,12,3,hypothesis_only,need_more_data,event_count_below_30
515120,515120,广发创新药ETF,医药与消费升级,trade_pool,theme,theme_beta,rank_score_below_70_proxy,199,0.43915343915343913,-0.0012755497123492757,0.00408099227136358,-0.16535433070866135,10,0.6378205128205128,1.1818525160072664,47,61,sample_limited,candidate_for_simulation_review,
515120,515120,广发创新药ETF,医药与消费升级,trade_pool,theme,theme_beta,top_decile_drop_proxy,10,0.6,0.014604256785346437,0.027190498219849913,-0.08267090620031803,10,0.03205128205128205,1.7982560507181145,3,2,hypothesis_only,need_more_data,event_count_below_30
515120,515120,广发创新药ETF,医药与消费升级,trade_pool,theme,theme_beta,short_swing_buy_to_watch_proxy,14,0.42857142857142855,0.005867458243110564,0.01584960501427903,-0.12005277044854878,10,0.04487179487179487,1.691620804468729,6,4,hypothesis_only,need_more_data,event_count_below_30
515120,515120,广发创新药ETF,医药与消费升级,trade_pool,theme,theme_beta,short_swing_buy_to_sell_proxy,2,0.0,-0.027870849832470346,-0.024808240799712056,-0.047761194029850795,10,0.00641025641025641,,0,0,hypothesis_only,need_more_data,event_count_below_30
515120,515120,广发创新药ETF,医药与消费升级,trade_pool,theme,theme_beta,volume_heat_decay_proxy,15,0.35714285714285715,-0.009908123067605126,-0.016613299471375072,-0.10862619808306706,10,0.04807692307692308,0.8421620425774529,2,5,hypothesis_only,need_more_data,event_count_below_30
515120,515120,广发创新药ETF,医药与消费升级,trade_pool,theme,theme_beta,type_stop_loss_proxy,115,0.45714285714285713,-0.0021663606197643162,0.013123011228952578,-0.12297734627831713,10,0.3685897435897436,1.0203418183741164,20,25,sample_limited,candidate_for_simulation_review,
515170,515170,食品饮料ETF,消费医药,trade_pool,sector,sector_beta,rank_score_decline_2d_proxy,74,0.3333333333333333,-0.00773661961703811,-0.016220173514651062,-0.0986193293885601,10,0.23717948717948717,0.8761791811808536,8,9,sample_limited,candidate_for_simulation_review,
515170,515170,食品饮料ETF,消费医药,trade_pool,sector,sector_beta,rank_score_decline_3d_proxy,31,0.37037037037037035,-0.00561616528558572,-0.013918127677380609,-0.07857142857142863,10,0.09935897435897435,0.9286756068207094,5,3,hypothesis_only,candidate_for_simulation_review,
515170,515170,食品饮料ETF,消费医药,trade_pool,sector,sector_beta,rank_score_below_70_proxy,221,0.35545023696682465,-0.007957642508143528,-0.016613514905495785,-0.0986193293885601,10,0.7083333333333334,0.7922647797303279,19,30,evidence_supported,candidate_for_simulation_review,
515170,515170,食品饮料ETF,消费医药,trade_pool,sector,sector_beta,top_decile_drop_proxy,10,0.6,-0.0035123540217431694,-0.007640048981329162,-0.07086614173228356,10,0.03205128205128205,0.4001501318290729,0,1,hypothesis_only,need_more_data,event_count_below_30
515170,515170,食品饮料ETF,消费医药,trade_pool,sector,sector_beta,short_swing_buy_to_watch_proxy,9,0.2222222222222222,-0.012726799948597774,-0.018353907885321825,-0.0931458699472758,10,0.028846153846153848,0.5654608497441079,0,2,hypothesis_only,need_more_data,event_count_below_30
515170,515170,食品饮料ETF,消费医药,trade_pool,sector,sector_beta,short_swing_buy_to_sell_proxy,0,,,,,10,0.0,,0,0,hypothesis_only,need_more_data,event_count_below_30
515170,515170,食品饮料ETF,消费医药,trade_pool,sector,sector_beta,volume_heat_decay_proxy,19,0.29411764705882354,-0.011027288884250556,-0.022377967675878227,-0.05667276051188308,10,0.060897435897435896,0.36896451941397124,0,0,hypothesis_only,need_more_data,event_count_below_30
515170,515170,食品饮料ETF,消费医药,trade_pool,sector,sector_beta,type_stop_loss_proxy,32,0.52,-0.002644217352372387,0.001908129437732407,-0.05283018867924538,10,0.10256410256410256,0.754526467502563,4,0,hypothesis_only,candidate_for_simulation_review,
515210,515210,515210,expanded_formal_data,research_only,unknown,manual_review,rank_score_decline_2d_proxy,85,0.4444444444444444,-0.003949810236732104,0.00442224719016432,-0.15360888340530532,10,0.2724358974358974,0.9904847080219018,15,22,sample_limited,candidate_for_simulation_review,
515210,515210,515210,expanded_formal_data,research_only,unknown,manual_review,rank_score_decline_3d_proxy,51,0.5,-0.0029521950188909052,0.008490031808678349,-0.150990099009901,10,0.16346153846153846,0.869867710210099,11,12,sample_limited,candidate_for_simulation_review,
515210,515210,515210,expanded_formal_data,research_only,unknown,manual_review,rank_score_below_70_proxy,202,0.5416666666666666,0.0029449227867224936,0.012570890639153688,-0.15753424657534243,10,0.6474358974358975,0.9791821280627965,54,39,evidence_supported,research_only_not_online,
515210,515210,515210,expanded_formal_data,research_only,unknown,manual_review,top_decile_drop_proxy,8,0.125,-0.01666567746122867,-0.01892215054461001,-0.16034271725826177,10,0.02564102564102564,1.378313756970586,1,4,hypothesis_only,need_more_data,event_count_below_30
515210,515210,515210,expanded_formal_data,research_only,unknown,manual_review,short_swing_buy_to_watch_proxy,9,0.6666666666666666,0.027678386357035702,0.02760049291961153,-0.09319233311302033,10,0.028846153846153848,1.9140465750788949,4,2,hypothesis_only,need_more_data,event_count_below_30
515210,515210,515210,expanded_formal_data,research_only,unknown,manual_review,short_swing_buy_to_sell_proxy,2,0.0,-0.010385825314581765,-0.011097103997039226,-0.03552923760177651,10,0.00641025641025641,,0,0,hypothesis_only,need_more_data,event_count_below_30
515210,515210,515210,expanded_formal_data,research_only,unknown,manual_review,volume_heat_decay_proxy,28,0.6923076923076923,0.022180507059478625,0.03558679458698093,-0.08724832214765088,10,0.08974358974358974,2.3859084784671,9,1,hypothesis_only,need_more_data,event_count_below_30
515210,515210,515210,expanded_formal_data,research_only,unknown,manual_review,type_stop_loss_proxy,70,0.6,0.0029827984913944378,0.029757449351713913,-0.11312545322697598,10,0.22435897435897437,0.8010279186415424,16,5,sample_limited,risk_control_candidate_requires_backtest,
515220,515220,煤炭ETF,周期资源,trade_pool,commodity_resource,commodity_cycle,rank_score_decline_2d_proxy,76,0.4657534246575342,0.0049178924091778315,0.004885302142774547,-0.12184873949579833,10,0.24358974358974358,1.4066097072174515,20,17,sample_limited,research_only_not_online,
515220,515220,煤炭ETF,周期资源,trade_pool,commodity_resource,commodity_cycle,rank_score_decline_3d_proxy,38,0.4166666666666667,0.0003791625873660239,-0.0033245637829804903,-0.12184873949579833,10,0.12179487179487179,1.4267123376500912,7,9,hypothesis_only,research_only_not_online,
515220,515220,煤炭ETF,周期资源,trade_pool,commodity_resource,commodity_cycle,rank_score_below_70_proxy,173,0.5294117647058824,0.014772434126312512,0.03466144113726789,-0.12184873949579833,10,0.5544871794871795,1.8638074108043416,61,16,sample_limited,research_only_not_online,
515220,515220,煤炭ETF,周期资源,trade_pool,commodity_resource,commodity_cycle,top_decile_drop_proxy,15,0.6428571428571429,0.019373022092504744,0.009270478487762468,-0.10961214165261379,10,0.04807692307692308,1.4992130752162824,5,2,hypothesis_only,need_more_data,event_count_below_30
515220,515220,煤炭ETF,周期资源,trade_pool,commodity_resource,commodity_cycle,short_swing_buy_to_watch_proxy,14,0.5384615384615384,0.01306039856930746,0.030439897491745325,-0.10815307820299491,10,0.04487179487179487,1.5494098383573434,6,4,hypothesis_only,need_more_data,event_count_below_30
515220,515220,煤炭ETF,周期资源,trade_pool,commodity_resource,commodity_cycle,short_swing_buy_to_sell_proxy,1,1.0,0.110065851364064,0.16086547507055515,0.0,10,0.003205128205128205,,1,0,hypothesis_only,need_more_data,event_count_below_30
515220,515220,煤炭ETF,周期资源,trade_pool,commodity_resource,commodity_cycle,volume_heat_decay_proxy,20,0.4,0.001103330706443173,0.004904541111573632,-0.11402027027027029,10,0.0641025641025641,1.5727800301404498,5,5,hypothesis_only,need_more_data,event_count_below_30
515220,515220,煤炭ETF,周期资源,trade_pool,commodity_resource,commodity_cycle,type_stop_loss_proxy,70,0.47761194029850745,0.01795272026813645,0.01636778374141277,-0.0783615316117543,10,0.22435897435897437,2.698741433790804,23,2,sample_limited,risk_control_candidate_requires_backtest,
515230,515230,软件ETF,科技成长,trade_pool,theme,theme_beta,rank_score_decline_2d_proxy,68,0.46153846153846156,-0.01404681515400917,-0.003808071160967493,-0.20171673819742497,10,0.21794871794871795,0.676613005348825,18,26,sample_limited,candidate_for_simulation_review,
515230,515230,软件ETF,科技成长,trade_pool,theme,theme_beta,rank_score_decline_3d_proxy,31,0.4,-0.022194540726891712,-0.015158574891696001,-0.1842105263157895,10,0.09935897435897435,0.619338246167253,8,14,hypothesis_only,candidate_for_simulation_review,
515230,515230,软件ETF,科技成长,trade_pool,theme,theme_beta,rank_score_below_70_proxy,186,0.48863636363636365,0.0003293308238843681,0.004540951867643005,-0.171875,10,0.5961538461538461,1.0492107798250325,50,56,sample_limited,research_only_not_online,
515230,515230,软件ETF,科技成长,trade_pool,theme,theme_beta,top_decile_drop_proxy,13,0.5384615384615384,0.0035866700911709568,0.00827578445683149,-0.17633674630261664,10,0.041666666666666664,1.013856874754831,6,5,hypothesis_only,need_more_data,event_count_below_30
515230,515230,软件ETF,科技成长,trade_pool,theme,theme_beta,short_swing_buy_to_watch_proxy,14,0.35714285714285715,-0.02667951339917304,-0.027959239921607797,-0.17050691244239635,10,0.04487179487179487,0.4740437530319821,1,8,hypothesis_only,need_more_data,event_count_below_30
515230,515230,软件ETF,科技成长,trade_pool,theme,theme_beta,short_swing_buy_to_sell_proxy,1,0.0,-0.03124999999999989,-0.04062499999999991,-0.06145833333333328,10,0.003205128205128205,,0,1,hypothesis_only,need_more_data,event_count_below_30
515230,515230,软件ETF,科技成长,trade_pool,theme,theme_beta,volume_heat_decay_proxy,22,0.5454545454545454,-0.008000179401933448,-0.0028848826517909876,-0.10262257696693267,10,0.07051282051282051,0.5633231169176109,4,6,hypothesis_only,need_more_data,event_count_below_30
515230,515230,软件ETF,科技成长,trade_pool,theme,theme_beta,type_stop_loss_proxy,165,0.41935483870967744,-0.013856031654925566,-0.01269376772058668,-0.171875,10,0.5288461538461539,0.6879286311053323,32,61,sample_limited,candidate_for_simulation_review,
515260,515260,515260,expanded_formal_data,research_only,unknown,manual_review,rank_score_decline_2d_proxy,71,0.6086956521739131,0.017949977364436903,0.03743347273682343,-0.18541666666666656,10,0.22756410256410256,1.3501279421359802,29,20,sample_limited,research_only_not_online,
515260,515260,515260,expanded_formal_data,research_only,unknown,manual_review,rank_score_decline_3d_proxy,31,0.6,0.02418587714615442,0.03569067737591642,-0.1716101694915253,10,0.09935897435897435,1.9273979354897062,14,8,hypothesis_only,research_only_not_online,
515260,515260,515260,expanded_formal_data,research_only,unknown,manual_review,rank_score_below_70_proxy,156,0.5666666666666667,0.011075575574066217,0.02615704230013744,-0.17012448132780078,10,0.5,1.2157157899044104,51,41,sample_limited,research_only_not_online,
515260,515260,515260,expanded_formal_data,research_only,unknown,manual_review,top_decile_drop_proxy,13,0.8461538461538461,0.05791052961506952,0.1297788549028511,-0.050458715596330306,10,0.041666666666666664,1.2802889993152637,10,0,hypothesis_only,need_more_data,event_count_below_30
515260,515260,515260,expanded_formal_data,research_only,unknown,manual_review,short_swing_buy_to_watch_proxy,20,0.6,0.01279728221322926,0.05061180063953789,-0.11334289813486365,10,0.0641025641025641,1.2596517022935434,7,5,hypothesis_only,need_more_data,event_count_below_30
515260,515260,515260,expanded_formal_data,research_only,unknown,manual_review,short_swing_buy_to_sell_proxy,2,0.0,-0.052471540339296796,-0.07782672540381796,-0.11894273127753319,10,0.00641025641025641,,0,1,hypothesis_only,need_more_data,event_count_below_30
515260,515260,515260,expanded_formal_data,research_only,unknown,manual_review,volume_heat_decay_proxy,20,0.8,0.04129560322782366,0.05165530571244149,-0.13111111111111107,10,0.0641025641025641,3.1320033086647436,11,2,hypothesis_only,need_more_data,event_count_below_30
515260,515260,515260,expanded_formal_data,research_only,unknown,manual_review,type_stop_loss_proxy,89,0.6219512195121951,0.02664044227550165,0.04310709812917912,-0.13495575221238942,10,0.28525641025641024,1.5659460583084297,34,23,sample_limited,risk_control_candidate_requires_backtest,
515630,515630,515630,expanded_formal_data,research_only,unknown,manual_review,rank_score_decline_2d_proxy,78,0.4520547945205479,-0.0040900147936305965,-0.0026970392086922675,-0.12109375,10,0.25,0.9623863844321,15,21,sample_limited,candidate_for_simulation_review,
515630,515630,515630,expanded_formal_data,research_only,unknown,manual_review,rank_score_decline_3d_proxy,37,0.3939393939393939,-0.0032033849627198696,-0.0029538975957183987,-0.11843971631205663,10,0.11858974358974358,1.2640544586047178,7,8,hypothesis_only,candidate_for_simulation_review,
515630,515630,515630,expanded_formal_data,research_only,unknown,manual_review,rank_score_below_70_proxy,193,0.5163043478260869,0.0006369853376613059,-0.0009109229001881307,-0.11843971631205663,10,0.6185897435897436,0.9756203186065863,41,41,sample_limited,research_only_not_online,
515630,515630,515630,expanded_formal_data,research_only,unknown,manual_review,top_decile_drop_proxy,9,0.6666666666666666,0.009901581655176541,0.023576546712229664,-0.09761721752498076,10,0.028846153846153848,0.9287151206496199,3,1,hypothesis_only,need_more_data,event_count_below_30
515630,515630,515630,expanded_formal_data,research_only,unknown,manual_review,short_swing_buy_to_watch_proxy,18,0.5555555555555556,0.003659769603945774,0.0009316674365645748,-0.13328197226502314,10,0.057692307692307696,0.8990939223882816,4,4,hypothesis_only,need_more_data,event_count_below_30
515630,515630,515630,expanded_formal_data,research_only,unknown,manual_review,short_swing_buy_to_sell_proxy,1,0.0,-0.0378890392422192,-0.06224627875507449,-0.0690121786197565,10,0.003205128205128205,,0,1,hypothesis_only,need_more_data,event_count_below_30
515630,515630,515630,expanded_formal_data,research_only,unknown,manual_review,volume_heat_decay_proxy,27,0.48,-0.0013107864252148583,-0.002049366872232019,-0.11843971631205663,10,0.08653846153846154,0.9989094641240888,6,6,hypothesis_only,need_more_data,event_count_below_30
515630,515630,515630,expanded_formal_data,research_only,unknown,manual_review,type_stop_loss_proxy,83,0.5394736842105263,-0.0018270927421913284,0.0012768848549292331,-0.10276967930029157,10,0.266025641025641,0.7518068620873042,13,20,sample_limited,candidate_for_simulation_review,
515650,515650,消费50ETF,消费医药,trade_pool,sector,sector_beta,rank_score_decline_2d_proxy,81,0.3815789473684211,-0.005258429258352101,-0.00983154830194467,-0.08152173913043481,10,0.25961538461538464,0.937991535067859,8,5,sample_limited,candidate_for_simulation_review,
515650,515650,消费50ETF,消费医药,trade_pool,sector,sector_beta,rank_score_decline_3d_proxy,38,0.35294117647058826,-0.004445223105984089,-0.012194902208385677,-0.0768526989935957,10,0.12179487179487179,1.0789854442680502,4,2,hypothesis_only,candidate_for_simulation_review,
515650,515650,消费50ETF,消费医药,trade_pool,sector,sector_beta,rank_score_below_70_proxy,225,0.4558139534883721,-0.0030222942970817464,-0.005682201212521526,-0.08691756272401452,10,0.7211538461538461,0.837658113446668,18,14,evidence_supported,candidate_for_simulation_review,
515650,515650,消费50ETF,消费医药,trade_pool,sector,sector_beta,top_decile_drop_proxy,7,0.5714285714285714,-0.001824028765221237,-0.012902997722678824,-0.0596137699412258,10,0.022435897435897436,0.5570922561099527,0,0,hypothesis_only,need_more_data,event_count_below_30
515650,515650,消费50ETF,消费医药,trade_pool,sector,sector_beta,short_swing_buy_to_watch_proxy,6,0.16666666666666666,-0.023777144538464374,-0.022811825257481138,-0.07113316790736146,10,0.019230769230769232,0.5887269229120778,0,1,hypothesis_only,need_more_data,event_count_below_30
515650,515650,消费50ETF,消费医药,trade_pool,sector,sector_beta,short_swing_buy_to_sell_proxy,1,0.0,-0.06837606837606824,-0.011111111111111072,-0.06837606837606824,10,0.003205128205128205,,0,1,hypothesis_only,need_more_data,event_count_below_30
515650,515650,消费50ETF,消费医药,trade_pool,sector,sector_beta,volume_heat_decay_proxy,24,0.18181818181818182,-0.01134144294630291,-0.016885612341374593,-0.051651143099068486,10,0.07692307692307693,0.8628986593617829,0,0,hypothesis_only,need_more_data,event_count_below_30
515650,515650,消费50ETF,消费医药,trade_pool,sector,sector_beta,type_stop_loss_proxy,16,0.45454545454545453,0.00038196882732373496,0.017789976336276925,-0.026455026455026287,10,0.05128205128205128,1.2373428750077846,2,0,hypothesis_only,need_more_data,event_count_below_30
515700,515700,新能源车ETF,新能源制造,trade_pool,commodity_resource,commodity_cycle,rank_score_decline_2d_proxy,62,0.65,0.021988380046927648,0.04076750843927045,-0.16752136752136748,10,0.1987179487179487,1.5680203346299615,25,12,sample_limited,research_only_not_online,
515700,515700,新能源车ETF,新能源制造,trade_pool,commodity_resource,commodity_cycle,rank_score_decline_3d_proxy,28,0.6296296296296297,0.024328555205892208,0.04312348398126852,-0.14012061014544164,10,0.08974358974358974,2.0858302200273373,11,5,hypothesis_only,need_more_data,event_count_below_30
515700,515700,新能源车ETF,新能源制造,trade_pool,commodity_resource,commodity_cycle,rank_score_below_70_proxy,174,0.6524390243902439,0.014961778164517742,0.03617679580399612,-0.14012061014544164,10,0.5576923076923077,1.1419780805696016,70,30,sample_limited,research_only_not_online,
515700,515700,新能源车ETF,新能源制造,trade_pool,commodity_resource,commodity_cycle,top_decile_drop_proxy,12,0.3333333333333333,0.0049359387103780255,0.026588559143706697,-0.14012061014544164,10,0.038461538461538464,2.6968033145284687,3,1,hypothesis_only,need_more_data,event_count_below_30
515700,515700,新能源车ETF,新能源制造,trade_pool,commodity_resource,commodity_cycle,short_swing_buy_to_watch_proxy,26,0.5769230769230769,0.015253392100157017,0.02543044589201133,-0.15598885793871864,10,0.08333333333333333,1.5985091030503962,9,6,hypothesis_only,need_more_data,event_count_below_30
515700,515700,新能源车ETF,新能源制造,trade_pool,commodity_resource,commodity_cycle,short_swing_buy_to_sell_proxy,1,1.0,0.035364294844482336,0.06263314870046877,-0.018321261184490956,10,0.003205128205128205,,1,0,hypothesis_only,need_more_data,event_count_below_30
515700,515700,新能源车ETF,新能源制造,trade_pool,commodity_resource,commodity_cycle,volume_heat_decay_proxy,21,0.75,0.029298466051722073,0.04379685660093931,-0.15598885793871864,10,0.0673076923076923,1.5097694301714253,8,3,hypothesis_only,need_more_data,event_count_below_30
515700,515700,新能源车ETF,新能源制造,trade_pool,commodity_resource,commodity_cycle,type_stop_loss_proxy,90,0.7125,0.014794640893597295,0.05360857839678059,-0.13345195729537362,10,0.28846153846153844,0.7806860022600767,36,6,sample_limited,risk_control_candidate_requires_backtest,
515790,515790,光伏ETF,新能源制造,trade_pool,commodity_resource,commodity_cycle,rank_score_decline_2d_proxy,68,0.6451612903225806,0.01305925782351247,0.029287700765441904,-0.16990701606086223,10,0.21794871794871795,0.9914499358331956,22,15,sample_limited,research_only_not_online,
515790,515790,光伏ETF,新能源制造,trade_pool,commodity_resource,commodity_cycle,rank_score_decline_3d_proxy,28,0.6521739130434783,0.003972786937738465,0.02992814437243949,-0.15860215053763438,10,0.08974358974358974,0.6637806419080048,5,4,hypothesis_only,need_more_data,event_count_below_30
515790,515790,光伏ETF,新能源制造,trade_pool,commodity_resource,commodity_cycle,rank_score_below_70_proxy,182,0.6627906976744186,0.017750377797119,0.038240115665294803,-0.16990701606086223,10,0.5833333333333334,1.1072010655767106,73,33,sample_limited,research_only_not_online,
515790,515790,光伏ETF,新能源制造,trade_pool,commodity_resource,commodity_cycle,top_decile_drop_proxy,15,0.6,0.02224890076308074,0.021417278767112517,-0.12499999999999989,10,0.04807692307692308,1.382353911381331,7,4,hypothesis_only,need_more_data,event_count_below_30
515790,515790,光伏ETF,新能源制造,trade_pool,commodity_resource,commodity_cycle,short_swing_buy_to_watch_proxy,19,0.7368421052631579,0.05005978657951685,0.07900496757386022,-0.12499999999999989,10,0.060897435897435896,7.372370963339542,11,1,hypothesis_only,need_more_data,event_count_below_30
515790,515790,光伏ETF,新能源制造,trade_pool,commodity_resource,commodity_cycle,short_swing_buy_to_sell_proxy,8,0.625,-0.0060176764642387165,1.9475822862340714e-05,-0.13480176211453743,10,0.02564102564102564,0.4647672021307931,3,3,hypothesis_only,need_more_data,event_count_below_30
515790,515790,光伏ETF,新能源制造,trade_pool,commodity_resource,commodity_cycle,volume_heat_decay_proxy,26,0.6818181818181818,0.02612889492614805,0.03580065399310737,-0.11291779584462514,10,0.08333333333333333,2.7526631175391816,8,2,hypothesis_only,need_more_data,event_count_below_30
515790,515790,光伏ETF,新能源制造,trade_pool,commodity_resource,commodity_cycle,type_stop_loss_proxy,78,0.6617647058823529,0.01516648552168095,0.03720472948770121,-0.12569832402234637,10,0.25,1.1690229049933996,19,8,sample_limited,risk_control_candidate_requires_backtest,
515880,515880,证券公司ETF,金融地产,trade_pool,high_beta,high_beta,rank_score_decline_2d_proxy,17,0.8461538461538461,0.0407339819513509,0.03683335807066497,-0.6784698071451154,10,0.1619047619047619,0.16355571668362237,10,2,hypothesis_only,need_more_data,event_count_below_30
515880,515880,证券公司ETF,金融地产,trade_pool,high_beta,high_beta,rank_score_decline_3d_proxy,6,1.0,0.11111410794516034,0.09639355393350635,-0.032350142721217945,10,0.05714285714285714,,5,0,hypothesis_only,need_more_data,event_count_below_30
515880,515880,证券公司ETF,金融地产,trade_pool,high_beta,high_beta,rank_score_below_70_proxy,34,0.7142857142857143,0.05201395599313234,0.12836141572146323,-0.0824372759856632,10,0.3238095238095238,3.0111668424434375,13,5,hypothesis_only,research_only_not_online,
515880,515880,证券公司ETF,金融地产,trade_pool,high_beta,high_beta,top_decile_drop_proxy,4,1.0,0.08143715486947789,0.1336735692771084,-0.040000000000000036,10,0.0380952380952381,,3,0,hypothesis_only,need_more_data,event_count_below_30
515880,515880,证券公司ETF,金融地产,trade_pool,high_beta,high_beta,short_swing_buy_to_watch_proxy,8,0.625,-0.015376942830214985,0.03294744715580216,-0.6781645569620254,10,0.0761904761904762,0.4988615695338404,4,2,hypothesis_only,need_more_data,event_count_below_30
515880,515880,证券公司ETF,金融地产,trade_pool,high_beta,high_beta,short_swing_buy_to_sell_proxy,3,0.0,-0.012867647058823595,0.12316176470588225,-0.05882352941176472,10,0.02857142857142857,,0,0,hypothesis_only,need_more_data,event_count_below_30
515880,515880,证券公司ETF,金融地产,trade_pool,high_beta,high_beta,volume_heat_decay_proxy,0,,,,,10,0.0,,0,0,hypothesis_only,need_more_data,event_count_below_30
515880,515880,证券公司ETF,金融地产,trade_pool,high_beta,high_beta,type_stop_loss_proxy,33,0.6785714285714286,0.04250875321852089,0.07137269001453375,-0.0824372759856632,10,0.3142857142857143,3.1030450676980834,12,5,hypothesis_only,risk_control_candidate_requires_backtest,
516020,516020,化工ETF,周期、资源、商品,trade_pool,commodity_resource,commodity_cycle,rank_score_decline_2d_proxy,60,0.6333333333333333,0.012919857376700827,0.023910382216087767,-0.14307931570762045,10,0.19230769230769232,1.1051146230023847,26,19,sample_limited,research_only_not_online,
516020,516020,化工ETF,周期、资源、商品,trade_pool,commodity_resource,commodity_cycle,rank_score_decline_3d_proxy,24,0.6666666666666666,0.0075797149064963055,0.02263320066259795,-0.14256619144602856,10,0.07692307692307693,0.7037843601312299,11,7,hypothesis_only,need_more_data,event_count_below_30
516020,516020,化工ETF,周期、资源、商品,trade_pool,commodity_resource,commodity_cycle,rank_score_below_70_proxy,162,0.6907894736842105,0.01579483818915937,0.027602636370741618,-0.14559386973180077,10,0.5192307692307693,0.9375004710945176,60,31,sample_limited,research_only_not_online,
516020,516020,化工ETF,周期、资源、商品,trade_pool,commodity_resource,commodity_cycle,top_decile_drop_proxy,15,0.5333333333333333,0.021029198388368423,0.04306084114810844,-0.08020304568527914,10,0.04807692307692308,3.5877260863517666,7,3,hypothesis_only,need_more_data,event_count_below_30
516020,516020,化工ETF,周期、资源、商品,trade_pool,commodity_resource,commodity_cycle,short_swing_buy_to_watch_proxy,18,0.5,0.009996944506806764,0.002684342408523462,-0.12964824120603013,10,0.057692307692307696,1.7137797050488144,6,7,hypothesis_only,need_more_data,event_count_below_30
516020,516020,化工ETF,周期、资源、商品,trade_pool,commodity_resource,commodity_cycle,short_swing_buy_to_sell_proxy,1,0.0,-0.005312084993359889,0.0863213811420982,-0.03585657370517936,10,0.003205128205128205,,0,0,hypothesis_only,need_more_data,event_count_below_30
516020,516020,化工ETF,周期、资源、商品,trade_pool,commodity_resource,commodity_cycle,volume_heat_decay_proxy,15,0.9333333333333333,0.03965439486148768,0.05283564102388759,-0.07564766839378234,10,0.04807692307692308,2.167446585535776,10,1,hypothesis_only,need_more_data,event_count_below_30
516020,516020,化工ETF,周期、资源、商品,trade_pool,commodity_resource,commodity_cycle,type_stop_loss_proxy,74,0.7538461538461538,0.01777919387101049,0.059777586320368586,-0.11740041928721179,10,0.23717948717948717,0.8679268388670673,27,4,sample_limited,risk_control_candidate_requires_backtest,
516080,516080,易方达创新药ETF,医药与消费升级,trade_pool,theme,theme_beta,rank_score_decline_2d_proxy,74,0.5070422535211268,0.006522034736197194,0.01735404050687529,-0.12187499999999996,10,0.23717948717948717,1.3569654769399195,24,16,sample_limited,research_only_not_online,
516080,516080,易方达创新药ETF,医药与消费升级,trade_pool,theme,theme_beta,rank_score_decline_3d_proxy,31,0.5862068965517241,0.017614613105677163,0.03852157901200478,-0.11496062992125977,10,0.09935897435897435,1.8430142684325954,12,2,hypothesis_only,research_only_not_online,
516080,516080,易方达创新药ETF,医药与消费升级,trade_pool,theme,theme_beta,rank_score_below_70_proxy,198,0.4308510638297872,-0.0012073919966607413,0.0038970849277196852,-0.16369047619047616,10,0.6346153846153846,1.2034480348661212,46,60,sample_limited,candidate_for_simulation_review,
516080,516080,易方达创新药ETF,医药与消费升级,trade_pool,theme,theme_beta,top_decile_drop_proxy,10,0.6,0.014999994464553435,0.029096225651535267,-0.07969924812030083,10,0.03205128205128205,1.8825692371795206,3,2,hypothesis_only,need_more_data,event_count_below_30
516080,516080,易方达创新药ETF,医药与消费升级,trade_pool,theme,theme_beta,short_swing_buy_to_watch_proxy,13,0.38461538461538464,-0.0027419958319076466,0.016359534433290523,-0.1163084702907713,10,0.041666666666666664,1.4502407357454317,4,5,hypothesis_only,need_more_data,event_count_below_30
516080,516080,易方达创新药ETF,医药与消费升级,trade_pool,theme,theme_beta,short_swing_buy_to_sell_proxy,1,0.0,-0.03743315508021394,-0.0017825311942959443,-0.04634581105169344,10,0.003205128205128205,,0,0,hypothesis_only,need_more_data,event_count_below_30
516080,516080,易方达创新药ETF,医药与消费升级,trade_pool,theme,theme_beta,volume_heat_decay_proxy,19,0.42105263157894735,-0.0022097804763898956,-0.0063697600080071,-0.1057401812688823,10,0.060897435897435896,1.1467931407571013,3,6,hypothesis_only,need_more_data,event_count_below_30
516080,516080,易方达创新药ETF,医药与消费升级,trade_pool,theme,theme_beta,type_stop_loss_proxy,106,0.46875,-0.0022227782364156582,0.014921089239722596,-0.12187499999999996,10,0.33974358974358976,0.9310159123582034,18,22,sample_limited,candidate_for_simulation_review,
516110,516110,汽车ETF,消费医药,trade_pool,sector,sector_beta,rank_score_decline_2d_proxy,80,0.4358974358974359,-0.004129389055438897,-0.0008546708301218064,-0.11863117870722428,10,0.2564102564102564,0.9532726049251049,12,22,sample_limited,candidate_for_simulation_review,
516110,516110,汽车ETF,消费医药,trade_pool,sector,sector_beta,rank_score_decline_3d_proxy,44,0.4418604651162791,-0.007109793582182759,9.430309084423882e-05,-0.11459129106187926,10,0.14102564102564102,0.7448654422714139,6,12,sample_limited,candidate_for_simulation_review,
516110,516110,汽车ETF,消费医药,trade_pool,sector,sector_beta,rank_score_below_70_proxy,187,0.4745762711864407,-0.003874223658704112,-0.0013797310874580193,-0.10558170813718903,10,0.5993589743589743,0.813996341064537,26,36,sample_limited,candidate_for_simulation_review,
516110,516110,汽车ETF,消费医药,trade_pool,sector,sector_beta,top_decile_drop_proxy,8,0.5,0.015169325579378529,-0.00011159655323789153,-0.09166040570999245,10,0.02564102564102564,2.180186993705804,4,2,hypothesis_only,need_more_data,event_count_below_30
516110,516110,汽车ETF,消费医药,trade_pool,sector,sector_beta,short_swing_buy_to_watch_proxy,13,0.38461538461538464,0.002467136093722545,-0.009628942211251913,-0.0976933514246946,10,0.041666666666666664,1.8858887568167912,4,4,hypothesis_only,need_more_data,event_count_below_30
516110,516110,汽车ETF,消费医药,trade_pool,sector,sector_beta,short_swing_buy_to_sell_proxy,1,0.0,-0.11526717557251909,-0.05038167938931304,-0.11526717557251909,10,0.003205128205128205,,0,1,hypothesis_only,need_more_data,event_count_below_30
516110,516110,汽车ETF,消费医药,trade_pool,sector,sector_beta,volume_heat_decay_proxy,19,0.4444444444444444,0.00176167974605223,0.006491531935920737,-0.08966461327857633,10,0.060897435897435896,1.4093052302065583,4,6,hypothesis_only,need_more_data,event_count_below_30
516110,516110,汽车ETF,消费医药,trade_pool,sector,sector_beta,type_stop_loss_proxy,63,0.7169811320754716,0.012579754143621641,0.02227601833907042,-0.08966461327857633,10,0.20192307692307693,1.09590057253901,13,4,sample_limited,risk_control_candidate_requires_backtest,
516160,516160,新能源ETF,新能源制造,trade_pool,commodity_resource,commodity_cycle,rank_score_decline_2d_proxy,61,0.6181818181818182,0.013446750299155008,0.03002926945145528,-0.15964125560538123,10,0.1955128205128205,1.1800398897184385,19,12,sample_limited,research_only_not_online,
516160,516160,新能源ETF,新能源制造,trade_pool,commodity_resource,commodity_cycle,rank_score_decline_3d_proxy,32,0.5185185185185185,0.008912610453061768,0.01990761613948553,-0.1553485576923077,10,0.10256410256410256,1.460974085278534,8,7,hypothesis_only,research_only_not_online,
516160,516160,新能源ETF,新能源制造,trade_pool,commodity_resource,commodity_cycle,rank_score_below_70_proxy,184,0.6896551724137931,0.019640611346607773,0.04352664444302792,-0.1278312131554452,10,0.5897435897435898,1.1767874953873798,78,26,sample_limited,research_only_not_online,
516160,516160,新能源ETF,新能源制造,trade_pool,commodity_resource,commodity_cycle,top_decile_drop_proxy,9,0.4444444444444444,0.013786823385067747,0.031799037970147874,-0.1553485576923077,10,0.028846153846153848,2.7228466460955922,3,1,hypothesis_only,need_more_data,event_count_below_30
516160,516160,新能源ETF,新能源制造,trade_pool,commodity_resource,commodity_cycle,short_swing_buy_to_watch_proxy,24,0.7083333333333334,0.0365644729366276,0.0515236220981539,-0.15964125560538123,10,0.07692307692307693,3.6467247804850094,15,3,hypothesis_only,need_more_data,event_count_below_30
516160,516160,新能源ETF,新能源制造,trade_pool,commodity_resource,commodity_cycle,short_swing_buy_to_sell_proxy,3,0.3333333333333333,-0.027361169568855332,0.020746975529429872,-0.08344030808729153,10,0.009615384615384616,0.28342936487892906,0,2,hypothesis_only,need_more_data,event_count_below_30
516160,516160,新能源ETF,新能源制造,trade_pool,commodity_resource,commodity_cycle,volume_heat_decay_proxy,23,0.7368421052631579,0.02672232222059039,0.044015486729332,-0.15964125560538123,10,0.07371794871794872,1.5827681162072738,8,2,hypothesis_only,need_more_data,event_count_below_30
516160,516160,新能源ETF,新能源制造,trade_pool,commodity_resource,commodity_cycle,type_stop_loss_proxy,72,0.7419354838709677,0.027555169967864487,0.06478422258351522,-0.10138740661686241,10,0.23076923076923078,1.1827706031924692,33,1,sample_limited,risk_control_candidate_requires_backtest,
516360,516360,516360,expanded_formal_data,research_only,unknown,manual_review,rank_score_decline_2d_proxy,72,0.6714285714285714,0.020105212148429193,0.041192613804495674,-0.10169491525423735,10,0.23076923076923078,1.8933799510322753,29,12,sample_limited,research_only_not_online,
516360,516360,516360,expanded_formal_data,research_only,unknown,manual_review,rank_score_decline_3d_proxy,36,0.6666666666666666,0.014451565402273905,0.034605918812608744,-0.09659090909090917,10,0.11538461538461539,1.5970645438594644,12,7,hypothesis_only,research_only_not_online,
516360,516360,516360,expanded_formal_data,research_only,unknown,manual_review,rank_score_below_70_proxy,170,0.65625,0.01944166067666548,0.040565311814928014,-0.1084112149532711,10,0.5448717948717948,1.632398879813069,72,29,sample_limited,research_only_not_online,
516360,516360,516360,expanded_formal_data,research_only,unknown,manual_review,top_decile_drop_proxy,15,0.7333333333333333,0.041622894371029145,0.05741788938129748,-0.07022222222222219,10,0.04807692307692308,3.3951279158409697,10,2,hypothesis_only,need_more_data,event_count_below_30
516360,516360,516360,expanded_formal_data,research_only,unknown,manual_review,short_swing_buy_to_watch_proxy,24,0.5833333333333334,0.018850774787775564,0.04353413944017108,-0.10169491525423735,10,0.07692307692307693,1.8968374826638168,13,3,hypothesis_only,need_more_data,event_count_below_30
516360,516360,516360,expanded_formal_data,research_only,unknown,manual_review,short_swing_buy_to_sell_proxy,3,0.3333333333333333,0.0013205838084557147,-0.00035560781412397047,-0.0610236220472441,10,0.009615384615384616,2.837485089549595,0,1,hypothesis_only,need_more_data,event_count_below_30
516360,516360,516360,expanded_formal_data,research_only,unknown,manual_review,volume_heat_decay_proxy,23,0.9090909090909091,0.04413972635241934,0.061369062602296534,-0.05646036916395225,10,0.07371794871794872,22.36058903999473,16,0,hypothesis_only,need_more_data,event_count_below_30
516360,516360,516360,expanded_formal_data,research_only,unknown,manual_review,type_stop_loss_proxy,51,0.9,0.032346637821748556,0.06023690463976333,-0.04083885209713023,10,0.16346153846153846,2.303345953492685,27,0,sample_limited,risk_control_candidate_requires_backtest,
516390,516390,新能源汽车ETF,新能源制造,trade_pool,commodity_resource,commodity_cycle,rank_score_decline_2d_proxy,62,0.6166666666666667,0.01756456380740694,0.03314277257683164,-0.16363636363636358,10,0.1987179487179487,1.4113479504925355,24,13,sample_limited,research_only_not_online,
516390,516390,新能源汽车ETF,新能源制造,trade_pool,commodity_resource,commodity_cycle,rank_score_decline_3d_proxy,26,0.56,0.01251002592543642,0.023221774682809213,-0.14210526315789473,10,0.08333333333333333,1.380582766037166,9,5,hypothesis_only,need_more_data,event_count_below_30
516390,516390,新能源汽车ETF,新能源制造,trade_pool,commodity_resource,commodity_cycle,rank_score_below_70_proxy,177,0.6526946107784432,0.015764372635099555,0.03708877446138331,-0.14210526315789473,10,0.5673076923076923,1.1767442543609925,72,31,sample_limited,research_only_not_online,
516390,516390,新能源汽车ETF,新能源制造,trade_pool,commodity_resource,commodity_cycle,top_decile_drop_proxy,12,0.5,0.008075623156921499,0.03284899811207009,-0.14210526315789473,10,0.038461538461538464,1.4377142739878264,3,2,hypothesis_only,need_more_data,event_count_below_30
516390,516390,新能源汽车ETF,新能源制造,trade_pool,commodity_resource,commodity_cycle,short_swing_buy_to_watch_proxy,25,0.56,0.014314368933928154,0.02728821203183727,-0.15689655172413786,10,0.08012820512820513,1.6161776797277554,8,6,hypothesis_only,need_more_data,event_count_below_30
516390,516390,新能源汽车ETF,新能源制造,trade_pool,commodity_resource,commodity_cycle,short_swing_buy_to_sell_proxy,1,1.0,0.030271398747390377,0.05845511482254695,-0.022964509394571953,10,0.003205128205128205,,1,0,hypothesis_only,need_more_data,event_count_below_30
516390,516390,新能源汽车ETF,新能源制造,trade_pool,commodity_resource,commodity_cycle,volume_heat_decay_proxy,25,0.5652173913043478,0.012172452217376018,0.032175131712382524,-0.15689655172413786,10,0.08012820512820513,1.2418642859389357,8,4,hypothesis_only,need_more_data,event_count_below_30
516390,516390,新能源汽车ETF,新能源制造,trade_pool,commodity_resource,commodity_cycle,type_stop_loss_proxy,93,0.6867469879518072,0.013201991845036733,0.050287806175868845,-0.1308139534883721,10,0.2980769230769231,0.8321916927769127,37,7,sample_limited,risk_control_candidate_requires_backtest,
516510,516510,云计算ETF,科技成长,trade_pool,theme,theme_beta,rank_score_decline_2d_proxy,79,0.5333333333333333,0.012080545533911908,0.032181410595995885,-0.22424242424242424,10,0.2532051282051282,1.32699069159827,31,31,sample_limited,research_only_not_online,
516510,516510,云计算ETF,科技成长,trade_pool,theme,theme_beta,rank_score_decline_3d_proxy,39,0.5135135135135135,0.010030434495494858,0.034466479040783614,-0.2062015503875969,10,0.125,1.390850263508525,15,13,hypothesis_only,research_only_not_online,
516510,516510,云计算ETF,科技成长,trade_pool,theme,theme_beta,rank_score_below_70_proxy,181,0.5964912280701754,0.015198594122213471,0.034339230350430336,-0.1401374933897409,10,0.5801282051282052,1.2161265349703356,73,50,sample_limited,research_only_not_online,
516510,516510,云计算ETF,科技成长,trade_pool,theme,theme_beta,top_decile_drop_proxy,13,0.6923076923076923,0.03815933798629054,0.06468954238658414,-0.14824515453116827,10,0.041666666666666664,2.854823923820168,6,3,hypothesis_only,need_more_data,event_count_below_30
516510,516510,云计算ETF,科技成长,trade_pool,theme,theme_beta,short_swing_buy_to_watch_proxy,15,0.7333333333333333,0.011878179189529003,0.07081941816460254,-0.11037527593818985,10,0.04807692307692308,0.6095235936757487,5,4,hypothesis_only,need_more_data,event_count_below_30
516510,516510,云计算ETF,科技成长,trade_pool,theme,theme_beta,short_swing_buy_to_sell_proxy,1,1.0,0.00489662676822622,-0.09630032644178455,-0.1099020674646356,10,0.003205128205128205,,0,1,hypothesis_only,need_more_data,event_count_below_30
516510,516510,云计算ETF,科技成长,trade_pool,theme,theme_beta,volume_heat_decay_proxy,38,0.6944444444444444,0.037355001774834265,0.07270376473575656,-0.11876075731497415,10,0.12179487179487179,1.7637830052088348,20,11,hypothesis_only,research_only_not_online,
516510,516510,云计算ETF,科技成长,trade_pool,theme,theme_beta,type_stop_loss_proxy,118,0.6296296296296297,0.014009533437314876,0.023816593258052705,-0.1329381879762913,10,0.3782051282051282,1.0405701402024492,49,32,sample_limited,risk_control_candidate_requires_backtest,
516720,516720,516720,expanded_formal_data,research_only,unknown,manual_review,rank_score_decline_2d_proxy,68,0.6818181818181818,0.011335776691120833,0.025674519357812314,-0.08680947012401352,10,0.21794871794871795,1.461069095833333,16,4,sample_limited,research_only_not_online,
516720,516720,516720,expanded_formal_data,research_only,unknown,manual_review,rank_score_decline_3d_proxy,27,0.7307692307692307,0.013408950372329876,0.0316938106353352,-0.05376344086021512,10,0.08653846153846154,1.8142058489399413,6,0,hypothesis_only,need_more_data,event_count_below_30
516720,516720,516720,expanded_formal_data,research_only,unknown,manual_review,rank_score_below_70_proxy,177,0.6666666666666666,0.012087632315483236,0.02382568223525715,-0.06382978723404242,10,0.5673076923076923,1.783464645895219,42,2,sample_limited,research_only_not_online,
516720,516720,516720,expanded_formal_data,research_only,unknown,manual_review,top_decile_drop_proxy,14,0.8571428571428571,0.019090552776850424,0.032777689163764535,-0.045330915684496875,10,0.04487179487179487,1.8813163039530583,6,0,hypothesis_only,need_more_data,event_count_below_30
516720,516720,516720,expanded_formal_data,research_only,unknown,manual_review,short_swing_buy_to_watch_proxy,11,0.6363636363636364,0.007881769682501871,0.009656317098381278,-0.045330915684496875,10,0.035256410256410256,2.0779834004268833,2,0,hypothesis_only,need_more_data,event_count_below_30
516720,516720,516720,expanded_formal_data,research_only,unknown,manual_review,short_swing_buy_to_sell_proxy,1,1.0,0.03184079601990053,0.0626865671641792,0.0,10,0.003205128205128205,,1,0,hypothesis_only,need_more_data,event_count_below_30
516720,516720,516720,expanded_formal_data,research_only,unknown,manual_review,volume_heat_decay_proxy,20,0.6,0.0035598458533682375,0.00868520679802786,-0.07322654462242562,10,0.0641025641025641,1.0288726201453242,2,1,hypothesis_only,need_more_data,event_count_below_30
516720,516720,516720,expanded_formal_data,research_only,unknown,manual_review,type_stop_loss_proxy,5,1.0,0.03408309967669787,0.07240137003597602,0.0,10,0.016025641025641024,,3,0,hypothesis_only,need_more_data,event_count_below_30
516750,516750,516750,expanded_formal_data,research_only,unknown,manual_review,rank_score_decline_2d_proxy,79,0.48,-0.004705139700015059,-0.005053416872622086,-0.154320987654321,10,0.2532051282051282,0.8051369437518194,14,19,sample_limited,candidate_for_simulation_review,
516750,516750,516750,expanded_formal_data,research_only,unknown,manual_review,rank_score_decline_3d_proxy,32,0.4,-0.01517068002985991,-0.014551884692995575,-0.1394472361809045,10,0.10256410256410256,0.575627651849542,4,10,hypothesis_only,candidate_for_simulation_review,
516750,516750,516750,expanded_formal_data,research_only,unknown,manual_review,rank_score_below_70_proxy,196,0.45161290322580644,-0.004953210096769792,0.0020638761655387768,-0.154320987654321,10,0.6282051282051282,0.8098099973136959,25,21,sample_limited,candidate_for_simulation_review,
516750,516750,516750,expanded_formal_data,research_only,unknown,manual_review,top_decile_drop_proxy,7,0.5714285714285714,0.009603169007330445,-0.006138294407024736,-0.12960609911054632,10,0.022435897435897436,2.1008877341986927,2,1,hypothesis_only,need_more_data,event_count_below_30
516750,516750,516750,expanded_formal_data,research_only,unknown,manual_review,short_swing_buy_to_watch_proxy,15,0.4,0.0092348337800493,0.0007003160797692439,-0.13278008298755184,10,0.04807692307692308,2.506527530294614,5,2,hypothesis_only,need_more_data,event_count_below_30
516750,516750,516750,expanded_formal_data,research_only,unknown,manual_review,short_swing_buy_to_sell_proxy,1,0.0,-0.045454545454545525,-0.09343434343434354,-0.13510101010101006,10,0.003205128205128205,,0,1,hypothesis_only,need_more_data,event_count_below_30
516750,516750,516750,expanded_formal_data,research_only,unknown,manual_review,volume_heat_decay_proxy,31,0.45161290322580644,-0.0057656933335869754,-0.021717437992386786,-0.1394472361809045,10,0.09935897435897435,0.839927872350596,5,10,hypothesis_only,candidate_for_simulation_review,
516750,516750,516750,expanded_formal_data,research_only,unknown,manual_review,type_stop_loss_proxy,62,0.4230769230769231,-0.013294161882550688,-0.008452535759850015,-0.11953727506426726,10,0.1987179487179487,0.5276684569912952,5,9,sample_limited,candidate_for_simulation_review,
516780,516780,稀土ETF,周期资源,trade_pool,commodity_resource,commodity_cycle,rank_score_decline_2d_proxy,61,0.639344262295082,-0.010122722874192957,0.018709371704005894,-0.5648015303682449,10,0.1955128205128205,0.4382808449861179,29,19,sample_limited,candidate_for_simulation_review,
516780,516780,稀土ETF,周期资源,trade_pool,commodity_resource,commodity_cycle,rank_score_decline_3d_proxy,25,0.72,-0.02669341527148582,0.05876677034182851,-0.5508390918065152,10,0.08012820512820513,0.23475821387108292,14,5,hypothesis_only,need_more_data,event_count_below_30
516780,516780,稀土ETF,周期资源,trade_pool,commodity_resource,commodity_cycle,rank_score_below_70_proxy,170,0.6375,0.004550300471919745,0.02311337815561202,-0.5420231504781077,10,0.5448717948717948,0.6266610366603428,77,37,sample_limited,research_only_not_online,
516780,516780,稀土ETF,周期资源,trade_pool,commodity_resource,commodity_cycle,top_decile_drop_proxy,15,0.7333333333333333,0.01901332619616205,0.06777630011520488,-0.5648015303682449,10,0.04807692307692308,0.4123988065210702,6,2,hypothesis_only,need_more_data,event_count_below_30
516780,516780,稀土ETF,周期资源,trade_pool,commodity_resource,commodity_cycle,short_swing_buy_to_watch_proxy,19,0.631578947368421,0.010740097933261958,0.028162820239888964,-0.5508390918065152,10,0.060897435897435896,0.7439302380416153,10,5,hypothesis_only,need_more_data,event_count_below_30
516780,516780,稀土ETF,周期资源,trade_pool,commodity_resource,commodity_cycle,short_swing_buy_to_sell_proxy,4,1.0,0.04567056469266406,-0.04825819345214292,-0.48598625066102596,10,0.01282051282051282,,2,1,hypothesis_only,need_more_data,event_count_below_30
516780,516780,稀土ETF,周期资源,trade_pool,commodity_resource,commodity_cycle,volume_heat_decay_proxy,21,0.7142857142857143,0.054892996335032904,0.06678234208436302,-0.08863636363636362,10,0.0673076923076923,2.956844901195022,12,5,hypothesis_only,need_more_data,event_count_below_30
516780,516780,稀土ETF,周期资源,trade_pool,commodity_resource,commodity_cycle,type_stop_loss_proxy,108,0.5510204081632653,-0.0137523393118947,0.030262124793534576,-0.49973045822102424,10,0.34615384615384615,0.5563418852013023,37,21,sample_limited,candidate_for_simulation_review,
516800,516800,智能制造ETF,新能源制造,trade_pool,commodity_resource,commodity_cycle,rank_score_decline_2d_proxy,74,0.5571428571428572,0.010537656833815339,0.024258094699845315,-0.18571428571428572,10,0.23717948717948717,1.2686949286533373,24,21,sample_limited,research_only_not_online,
516800,516800,智能制造ETF,新能源制造,trade_pool,commodity_resource,commodity_cycle,rank_score_decline_3d_proxy,39,0.5405405405405406,0.011648331302796295,0.022573887555182758,-0.16039279869067102,10,0.125,1.407292991581746,13,10,hypothesis_only,research_only_not_online,
516800,516800,智能制造ETF,新能源制造,trade_pool,commodity_resource,commodity_cycle,rank_score_below_70_proxy,162,0.5657894736842105,0.011083374209905678,0.025292921512555865,-0.13912009512485135,10,0.5192307692307693,1.2895372236676867,53,39,sample_limited,research_only_not_online,
516800,516800,智能制造ETF,新能源制造,trade_pool,commodity_resource,commodity_cycle,top_decile_drop_proxy,13,0.8461538461538461,0.06591838751994593,0.13535377761701836,-0.0544815465729348,10,0.041666666666666664,1.8410240012316943,10,0,hypothesis_only,need_more_data,event_count_below_30
516800,516800,智能制造ETF,新能源制造,trade_pool,commodity_resource,commodity_cycle,short_swing_buy_to_watch_proxy,21,0.6190476190476191,0.02472737158698096,0.05805164999700714,-0.1283783783783784,10,0.0673076923076923,1.4537014813701221,11,5,hypothesis_only,need_more_data,event_count_below_30
516800,516800,智能制造ETF,新能源制造,trade_pool,commodity_resource,commodity_cycle,short_swing_buy_to_sell_proxy,3,0.0,-0.030929662835033733,-0.045795274631591776,-0.10062111801242246,10,0.009615384615384616,,0,2,hypothesis_only,need_more_data,event_count_below_30
516800,516800,智能制造ETF,新能源制造,trade_pool,commodity_resource,commodity_cycle,volume_heat_decay_proxy,27,0.5555555555555556,0.004019192919204849,0.01328797898694338,-0.11855670103092775,10,0.08653846153846154,0.9952410895548727,7,7,hypothesis_only,need_more_data,event_count_below_30
516800,516800,智能制造ETF,新能源制造,trade_pool,commodity_resource,commodity_cycle,type_stop_loss_proxy,78,0.6142857142857143,0.018759161961583285,0.037788938202520744,-0.1215753424657533,10,0.25,1.4002838181662887,28,17,sample_limited,risk_control_candidate_requires_backtest,
518880,518880,黄金ETF,防御风格,trade_pool,commodity_resource,commodity_cycle,rank_score_decline_2d_proxy,63,0.5901639344262295,0.00736115201334072,0.02302322398197362,-0.18570127504553735,10,0.20192307692307693,1.0338672075699777,17,13,sample_limited,research_only_not_online,
518880,518880,黄金ETF,防御风格,trade_pool,commodity_resource,commodity_cycle,rank_score_decline_3d_proxy,24,0.5,0.003111824692084685,0.009918674087233877,-0.18451295147756286,10,0.07692307692307693,1.1865321316489676,6,7,hypothesis_only,need_more_data,event_count_below_30
518880,518880,黄金ETF,防御风格,trade_pool,commodity_resource,commodity_cycle,rank_score_below_70_proxy,206,0.5204081632653061,0.0009736279351334963,0.004928791153506498,-0.21686958045020577,10,0.6602564102564102,0.9728248632404936,43,39,evidence_supported,research_only_not_online,
518880,518880,黄金ETF,防御风格,trade_pool,commodity_resource,commodity_cycle,top_decile_drop_proxy,6,0.5,0.034286583384865045,0.02526650549910664,-0.06367453018792468,10,0.019230769230769232,4.112368643194676,2,1,hypothesis_only,need_more_data,event_count_below_30
518880,518880,黄金ETF,防御风格,trade_pool,commodity_resource,commodity_cycle,short_swing_buy_to_watch_proxy,12,0.8333333333333334,0.0406606810082012,0.0735101836783373,-0.20587974065192283,10,0.038461538461538464,1.8843028091369798,5,1,hypothesis_only,need_more_data,event_count_below_30
518880,518880,黄金ETF,防御风格,trade_pool,commodity_resource,commodity_cycle,short_swing_buy_to_sell_proxy,4,0.75,0.054085433001925864,0.060326197452817115,-0.055378529831886736,10,0.01282051282051282,1.9948743485249798,3,0,hypothesis_only,need_more_data,event_count_below_30
518880,518880,黄金ETF,防御风格,trade_pool,commodity_resource,commodity_cycle,volume_heat_decay_proxy,19,0.6842105263157895,-0.002905455313579336,-0.005382236865489624,-0.1825745108795026,10,0.060897435897435896,0.3922139555577942,5,5,hypothesis_only,need_more_data,event_count_below_30
518880,518880,黄金ETF,防御风格,trade_pool,commodity_resource,commodity_cycle,type_stop_loss_proxy,70,0.6875,0.01059527529983721,-0.0022850211426903915,-0.18570127504553735,10,0.22435897435897437,0.906770799861222,19,14,sample_limited,risk_control_candidate_requires_backtest,
520550,520550,港股红利低波ETF,防御、红利、质量,observe_pool,qdii,cross_border,rank_score_decline_2d_proxy,86,0.42168674698795183,-0.004682603367491437,-0.0022085162868612056,-0.09720885466794993,10,0.27564102564102566,0.9181044881732847,14,11,sample_limited,candidate_for_simulation_review,
520550,520550,港股红利低波ETF,防御、红利、质量,observe_pool,qdii,cross_border,rank_score_decline_3d_proxy,46,0.29545454545454547,-0.012591609994239613,-0.011812684701040924,-0.08666017526777015,10,0.14743589743589744,0.8571658287084214,6,7,sample_limited,candidate_for_simulation_review,
520550,520550,港股红利低波ETF,防御、红利、质量,observe_pool,qdii,cross_border,rank_score_below_70_proxy,211,0.5373134328358209,0.0038686810705599707,0.009016965450505166,-0.06608280254777066,10,0.6762820512820513,1.1985450194104144,42,3,evidence_supported,research_only_not_online,
520550,520550,港股红利低波ETF,防御、红利、质量,observe_pool,qdii,cross_border,top_decile_drop_proxy,9,0.5555555555555556,0.007111899248245821,0.005577044401655369,-0.05915267785771372,10,0.028846153846153848,2.1397317790900594,1,0,hypothesis_only,need_more_data,event_count_below_30
520550,520550,港股红利低波ETF,防御、红利、质量,observe_pool,qdii,cross_border,short_swing_buy_to_watch_proxy,10,0.6,0.00368676794323588,0.020623026528254783,-0.05480540111199361,10,0.03205128205128205,1.0074656855558644,1,0,hypothesis_only,need_more_data,event_count_below_30
520550,520550,港股红利低波ETF,防御、红利、质量,observe_pool,qdii,cross_border,short_swing_buy_to_sell_proxy,0,,,,,10,0.0,,0,0,hypothesis_only,need_more_data,event_count_below_30
520550,520550,港股红利低波ETF,防御、红利、质量,observe_pool,qdii,cross_border,volume_heat_decay_proxy,25,0.2727272727272727,-0.0112286058789152,0.0009543678547588419,-0.07767944936086524,10,0.08012820512820513,0.667393069192982,0,1,hypothesis_only,need_more_data,event_count_below_30
520550,520550,港股红利低波ETF,防御、红利、质量,observe_pool,qdii,cross_border,type_stop_loss_proxy,5,1.0,0.04507933701317546,0.08872366024703959,0.0,10,0.016025641025641024,,5,0,hypothesis_only,need_more_data,event_count_below_30
560510,560510,泰康中证A500ETF,新宽基与新风格,observe_pool,broad_index,core_beta,rank_score_decline_2d_proxy,65,0.6290322580645161,0.008427560910388328,0.022158802721692964,-0.09691160809371668,10,0.20833333333333334,1.169944259917207,14,9,sample_limited,research_only_not_online,
560510,560510,泰康中证A500ETF,新宽基与新风格,observe_pool,broad_index,core_beta,rank_score_decline_3d_proxy,24,0.782608695652174,0.012507525472108944,0.03921496053327651,-0.08522114347357068,10,0.07692307692307693,0.9050834948001512,6,2,hypothesis_only,need_more_data,event_count_below_30
560510,560510,泰康中证A500ETF,新宽基与新风格,observe_pool,broad_index,core_beta,rank_score_below_70_proxy,171,0.5962732919254659,0.008611674911185002,0.02376504218335633,-0.0808407437348424,10,0.5480769230769231,1.3533784937590974,40,14,sample_limited,research_only_not_online,
560510,560510,泰康中证A500ETF,新宽基与新风格,observe_pool,broad_index,core_beta,top_decile_drop_proxy,15,0.8,0.021526266166322642,0.032064286299607524,-0.052180685358255374,10,0.04807692307692308,4.289793881229493,4,0,hypothesis_only,need_more_data,event_count_below_30
560510,560510,泰康中证A500ETF,新宽基与新风格,observe_pool,broad_index,core_beta,short_swing_buy_to_watch_proxy,15,0.5333333333333333,0.014079938158584333,0.022262008024632317,-0.05584192439862534,10,0.04807692307692308,4.501774036267363,4,0,hypothesis_only,need_more_data,event_count_below_30
560510,560510,泰康中证A500ETF,新宽基与新风格,observe_pool,broad_index,core_beta,short_swing_buy_to_sell_proxy,0,,,,,10,0.0,,0,0,hypothesis_only,need_more_data,event_count_below_30
560510,560510,泰康中证A500ETF,新宽基与新风格,observe_pool,broad_index,core_beta,volume_heat_decay_proxy,22,0.6666666666666666,0.006876395076887891,0.027489740704299097,-0.08522114347357068,10,0.07051282051282051,0.9727219503896379,4,3,hypothesis_only,need_more_data,event_count_below_30
560510,560510,泰康中证A500ETF,新宽基与新风格,observe_pool,broad_index,core_beta,type_stop_loss_proxy,5,1.0,0.031678333893746836,0.06987391818765883,0.0,10,0.016025641025641024,,3,0,hypothesis_only,need_more_data,event_count_below_30
561360,561360,561360,expanded_formal_data,research_only,unknown,manual_review,rank_score_decline_2d_proxy,77,0.6216216216216216,0.002340823236273143,0.016856364892889903,-0.11563044741429407,10,0.2467948717948718,0.6969200762056237,13,16,sample_limited,research_only_not_online,
561360,561360,561360,expanded_formal_data,research_only,unknown,manual_review,rank_score_decline_3d_proxy,37,0.5714285714285714,-0.005101671677038858,0.01216655266525855,-0.11305361305361306,10,0.11858974358974358,0.5599980466368543,4,8,hypothesis_only,candidate_for_simulation_review,
561360,561360,561360,expanded_formal_data,research_only,unknown,manual_review,rank_score_below_70_proxy,158,0.6756756756756757,0.00526494361663536,0.01787133922641932,-0.11454311454311461,10,0.5064102564102564,0.7186887224506281,23,16,sample_limited,research_only_not_online,
561360,561360,561360,expanded_formal_data,research_only,unknown,manual_review,top_decile_drop_proxy,15,0.6666666666666666,0.04534594334168089,0.06119166744119804,-0.11305361305361306,10,0.04807692307692308,2.9835239227366928,7,1,hypothesis_only,need_more_data,event_count_below_30
561360,561360,561360,expanded_formal_data,research_only,unknown,manual_review,short_swing_buy_to_watch_proxy,18,0.4444444444444444,0.03232555732373841,0.051643920394910836,-0.08492975734355046,10,0.057692307692307696,3.9970265775193345,8,1,hypothesis_only,need_more_data,event_count_below_30
561360,561360,561360,expanded_formal_data,research_only,unknown,manual_review,short_swing_buy_to_sell_proxy,2,1.0,0.06843204541344894,0.10231537072140995,-0.01207056638811499,10,0.00641025641025641,,1,0,hypothesis_only,need_more_data,event_count_below_30
561360,561360,561360,expanded_formal_data,research_only,unknown,manual_review,volume_heat_decay_proxy,33,0.696969696969697,0.007096708273965347,0.018478347828271485,-0.09967637540453067,10,0.10576923076923077,0.7507826383721704,6,5,hypothesis_only,research_only_not_online,
561360,561360,561360,expanded_formal_data,research_only,unknown,manual_review,type_stop_loss_proxy,57,0.5531914893617021,-0.007357869505477901,0.007559412965825243,-0.1272935779816513,10,0.18269230769230768,0.526805784683782,4,9,sample_limited,candidate_for_simulation_review,
561560,561560,561560,expanded_formal_data,research_only,unknown,manual_review,rank_score_decline_2d_proxy,76,0.625,0.00831856775804184,0.015115983593425229,-0.09396914446002802,10,0.24358974358974358,1.3140405965665,12,5,sample_limited,research_only_not_online,
561560,561560,561560,expanded_formal_data,research_only,unknown,manual_review,rank_score_decline_3d_proxy,34,0.5483870967741935,0.007313815919477117,0.01434100131357248,-0.0664739884393063,10,0.10897435897435898,1.5807294031100034,6,3,hypothesis_only,research_only_not_online,
561560,561560,561560,expanded_formal_data,research_only,unknown,manual_review,rank_score_below_70_proxy,175,0.7218934911242604,0.01704655302230415,0.032015387475905335,-0.05967976710334799,10,0.5608974358974359,2.5332147689150686,43,0,sample_limited,research_only_not_online,
561560,561560,561560,expanded_formal_data,research_only,unknown,manual_review,top_decile_drop_proxy,19,0.5,-0.0048093081057582416,-0.0037709090595789384,-0.09396914446002802,10,0.060897435897435896,0.636971156089762,1,3,hypothesis_only,need_more_data,event_count_below_30
561560,561560,561560,expanded_formal_data,research_only,unknown,manual_review,short_swing_buy_to_watch_proxy,9,0.625,0.005992524568021559,-0.013050687808874736,-0.09396914446002802,10,0.028846153846153848,0.9011192792506444,2,3,hypothesis_only,need_more_data,event_count_below_30
561560,561560,561560,expanded_formal_data,research_only,unknown,manual_review,short_swing_buy_to_sell_proxy,1,1.0,0.07686832740213512,,,10,0.003205128205128205,,1,0,hypothesis_only,need_more_data,event_count_below_30
561560,561560,561560,expanded_formal_data,research_only,unknown,manual_review,volume_heat_decay_proxy,28,0.5357142857142857,0.007200616765161836,0.024112057054947292,-0.0664739884393063,10,0.08974358974358974,1.9147654196961092,4,1,hypothesis_only,need_more_data,event_count_below_30
561560,561560,561560,expanded_formal_data,research_only,unknown,manual_review,type_stop_loss_proxy,27,0.8571428571428571,0.023976646102061516,0.04943627940633836,-0.0471976401179941,10,0.08653846153846154,1.5503021745884529,10,0,hypothesis_only,need_more_data,event_count_below_30
562500,562500,机器人ETF华夏,科技与新质生产力,trade_pool,theme,theme_beta,rank_score_decline_2d_proxy,83,0.5063291139240507,0.005345449734279313,0.011064065587587013,-0.23785425101214575,10,0.266025641025641,1.1596776021727835,30,27,sample_limited,research_only_not_online,
562500,562500,机器人ETF华夏,科技与新质生产力,trade_pool,theme,theme_beta,rank_score_decline_3d_proxy,43,0.4878048780487805,0.008386697561973354,0.016177695395409725,-0.20653319283456262,10,0.13782051282051283,1.3765589779246796,16,11,sample_limited,research_only_not_online,
562500,562500,机器人ETF华夏,科技与新质生产力,trade_pool,theme,theme_beta,rank_score_below_70_proxy,170,0.5375,0.008393166696397265,0.019804282434389454,-0.16221198156682026,10,0.5448717948717948,1.1927195052842414,59,47,sample_limited,research_only_not_online,
562500,562500,机器人ETF华夏,科技与新质生产力,trade_pool,theme,theme_beta,top_decile_drop_proxy,12,0.5833333333333334,0.02030555514215233,0.03276088805007034,-0.08098271155595993,10,0.038461538461538464,1.7699173262713679,6,1,hypothesis_only,need_more_data,event_count_below_30
562500,562500,机器人ETF华夏,科技与新质生产力,trade_pool,theme,theme_beta,short_swing_buy_to_watch_proxy,22,0.6666666666666666,0.018894232655983223,0.038936946125630346,-0.16066481994459825,10,0.07051282051282051,1.0946251063866086,11,7,hypothesis_only,need_more_data,event_count_below_30
562500,562500,机器人ETF华夏,科技与新质生产力,trade_pool,theme,theme_beta,short_swing_buy_to_sell_proxy,1,1.0,0.029319371727748678,0.1465968586387434,-0.03141361256544495,10,0.003205128205128205,,0,0,hypothesis_only,need_more_data,event_count_below_30
562500,562500,机器人ETF华夏,科技与新质生产力,trade_pool,theme,theme_beta,volume_heat_decay_proxy,30,0.35714285714285715,-0.010589256619630893,-0.006802051222083082,-0.1661129568106312,10,0.09615384615384616,1.1919333758717416,8,14,hypothesis_only,candidate_for_simulation_review,
562500,562500,机器人ETF华夏,科技与新质生产力,trade_pool,theme,theme_beta,type_stop_loss_proxy,123,0.5086206896551724,0.0031964201593070872,0.013748595909802338,-0.17524644030668135,10,0.3942307692307692,1.0724531005506002,37,33,sample_limited,risk_control_candidate_requires_backtest,
562550,562550,562550,expanded_formal_data,research_only,unknown,manual_review,rank_score_decline_2d_proxy,82,0.5443037974683544,0.006695278267403765,0.015743669737701235,-0.09740769835035346,10,0.26282051282051283,1.4725496591790406,15,5,sample_limited,research_only_not_online,
562550,562550,562550,expanded_formal_data,research_only,unknown,manual_review,rank_score_decline_3d_proxy,46,0.5227272727272727,0.006709669002467957,0.018572272609291805,-0.06963562753036445,10,0.14743589743589744,1.6550999385479195,10,2,sample_limited,research_only_not_online,
562550,562550,562550,expanded_formal_data,research_only,unknown,manual_review,rank_score_below_70_proxy,177,0.7017543859649122,0.016824261812112648,0.03211150557779633,-0.06127450980392157,10,0.5673076923076923,2.6687784524747533,47,1,sample_limited,research_only_not_online,
562550,562550,562550,expanded_formal_data,research_only,unknown,manual_review,top_decile_drop_proxy,17,0.4375,-0.0046817658104705145,-0.007850891071954424,-0.09740769835035346,10,0.05448717948717949,0.8755933297373276,1,3,hypothesis_only,need_more_data,event_count_below_30
562550,562550,562550,expanded_formal_data,research_only,unknown,manual_review,short_swing_buy_to_watch_proxy,10,0.6666666666666666,0.012409637734418574,0.005837015257968672,-0.09740769835035346,10,0.03205128205128205,0.792951998199094,3,1,hypothesis_only,need_more_data,event_count_below_30
562550,562550,562550,expanded_formal_data,research_only,unknown,manual_review,short_swing_buy_to_sell_proxy,2,0.5,0.036906158442504,-0.04923325262308331,-0.07263922518159815,10,0.00641025641025641,7.096897374701597,1,1,hypothesis_only,need_more_data,event_count_below_30
562550,562550,562550,expanded_formal_data,research_only,unknown,manual_review,volume_heat_decay_proxy,17,0.6470588235294118,0.009425553345076672,0.020885684203248413,-0.03986135181975725,10,0.05448717948717949,1.716343396945535,3,0,hypothesis_only,need_more_data,event_count_below_30
562550,562550,562550,expanded_formal_data,research_only,unknown,manual_review,type_stop_loss_proxy,28,0.8181818181818182,0.018372892247979344,0.046708305680791914,-0.06127450980392157,10,0.08974358974358974,1.0829703113429796,10,1,hypothesis_only,need_more_data,event_count_below_30
562920,562920,562920,expanded_formal_data,research_only,unknown,manual_review,rank_score_decline_2d_proxy,69,0.5230769230769231,-0.0011961566436109717,0.009931039711326594,-0.1750687442713107,10,0.22115384615384615,0.8687369813445087,23,20,sample_limited,candidate_for_simulation_review,
562920,562920,562920,expanded_formal_data,research_only,unknown,manual_review,rank_score_decline_3d_proxy,30,0.5555555555555556,0.0033212234260938628,0.015159562731399097,-0.1295336787564767,10,0.09615384615384616,0.9478448957320528,9,7,hypothesis_only,research_only_not_online,
562920,562920,562920,expanded_formal_data,research_only,unknown,manual_review,rank_score_below_70_proxy,180,0.5235294117647059,0.0014790089419436303,0.0094202475235532,-0.18055555555555558,10,0.5769230769230769,0.9236335824740999,59,43,sample_limited,research_only_not_online,
562920,562920,562920,expanded_formal_data,research_only,unknown,manual_review,top_decile_drop_proxy,13,0.6923076923076923,0.01606548839398847,0.013183179182938817,-0.18055555555555558,10,0.041666666666666664,0.9588971572550511,3,3,hypothesis_only,need_more_data,event_count_below_30
562920,562920,562920,expanded_formal_data,research_only,unknown,manual_review,short_swing_buy_to_watch_proxy,16,0.5,-0.005795666764064775,0.01110201765334519,-0.10344827586206895,10,0.05128205128205128,0.6701292238129671,3,5,hypothesis_only,need_more_data,event_count_below_30
562920,562920,562920,expanded_formal_data,research_only,unknown,manual_review,short_swing_buy_to_sell_proxy,4,0.0,-0.028795405596493684,-0.0780123544221927,-0.18055555555555558,10,0.01282051282051282,,0,2,hypothesis_only,need_more_data,event_count_below_30
562920,562920,562920,expanded_formal_data,research_only,unknown,manual_review,volume_heat_decay_proxy,19,0.5789473684210527,0.0031910590467019335,-0.0033584734078667806,-0.14824561403508763,10,0.060897435897435896,0.8643878314252471,5,7,hypothesis_only,need_more_data,event_count_below_30
562920,562920,562920,expanded_formal_data,research_only,unknown,manual_review,type_stop_loss_proxy,98,0.6136363636363636,0.006398233674036011,0.015722836611220554,-0.125,10,0.3141025641025641,0.8102987542547195,36,16,sample_limited,risk_control_candidate_requires_backtest,
563360,563360,华泰柏瑞中证A500ETF,新宽基与新风格,trade_pool,broad_index,core_beta,rank_score_decline_2d_proxy,72,0.6470588235294118,0.009607125333059404,0.022876216483898183,-0.11187438665358185,10,0.23076923076923078,1.1745915774855884,17,7,sample_limited,research_only_not_online,
563360,563360,华泰柏瑞中证A500ETF,新宽基与新风格,trade_pool,broad_index,core_beta,rank_score_decline_3d_proxy,25,0.782608695652174,0.017248563240542886,0.04261466296431087,-0.03809523809523818,10,0.08012820512820513,2.779541016006864,7,0,hypothesis_only,need_more_data,event_count_below_30
563360,563360,华泰柏瑞中证A500ETF,新宽基与新风格,trade_pool,broad_index,core_beta,rank_score_below_70_proxy,173,0.6012269938650306,0.008330564962445686,0.022517907458205418,-0.08308383233532934,10,0.5544871794871795,1.2927502400217732,41,15,sample_limited,research_only_not_online,
563360,563360,华泰柏瑞中证A500ETF,新宽基与新风格,trade_pool,broad_index,core_beta,top_decile_drop_proxy,15,0.8666666666666667,0.0238630527255019,0.03264458415650683,-0.052669552669552644,10,0.04807692307692308,5.216222339184771,5,0,hypothesis_only,need_more_data,event_count_below_30
563360,563360,华泰柏瑞中证A500ETF,新宽基与新风格,trade_pool,broad_index,core_beta,short_swing_buy_to_watch_proxy,20,0.65,0.013205647792812764,0.02394171704243972,-0.058637083993660855,10,0.0641025641025641,3.2275202594635335,4,0,hypothesis_only,need_more_data,event_count_below_30
563360,563360,华泰柏瑞中证A500ETF,新宽基与新风格,trade_pool,broad_index,core_beta,short_swing_buy_to_sell_proxy,0,,,,,10,0.0,,0,0,hypothesis_only,need_more_data,event_count_below_30
563360,563360,华泰柏瑞中证A500ETF,新宽基与新风格,trade_pool,broad_index,core_beta,volume_heat_decay_proxy,27,0.5769230769230769,0.004542636244691645,0.009904658106916523,-0.0922768304914744,10,0.08653846153846154,1.1792656925026124,4,4,hypothesis_only,need_more_data,event_count_below_30
563360,563360,华泰柏瑞中证A500ETF,新宽基与新风格,trade_pool,broad_index,core_beta,type_stop_loss_proxy,5,1.0,0.03671880452672993,0.07556324806237455,0.0,10,0.016025641025641024,,3,0,hypothesis_only,need_more_data,event_count_below_30
563800,563800,广发中证A500ETF,新宽基与新风格,trade_pool,broad_index,core_beta,rank_score_decline_2d_proxy,71,0.6567164179104478,0.009945697578451007,0.02133354195540906,-0.10416666666666663,10,0.22756410256410256,1.1065002197070928,18,8,sample_limited,research_only_not_online,
563800,563800,广发中证A500ETF,新宽基与新风格,trade_pool,broad_index,core_beta,rank_score_decline_3d_proxy,25,0.6956521739130435,0.01499378115670802,0.030341236707392246,-0.06976744186046513,10,0.08012820512820513,2.2272064114253065,8,1,hypothesis_only,need_more_data,event_count_below_30
563800,563800,广发中证A500ETF,新宽基与新风格,trade_pool,broad_index,core_beta,rank_score_below_70_proxy,174,0.6036585365853658,0.008487203154609626,0.022985986728040256,-0.08564631245043608,10,0.5576923076923077,1.3083068939009048,44,15,sample_limited,research_only_not_online,
563800,563800,广发中证A500ETF,新宽基与新风格,trade_pool,broad_index,core_beta,top_decile_drop_proxy,15,0.8666666666666667,0.023472586898786722,0.033394785441190615,-0.051987767584097955,10,0.04807692307692308,4.300884789728002,5,0,hypothesis_only,need_more_data,event_count_below_30
563800,563800,广发中证A500ETF,新宽基与新风格,trade_pool,broad_index,core_beta,short_swing_buy_to_watch_proxy,18,0.6111111111111112,0.01322760435152815,0.021598799064949104,-0.06976744186046513,10,0.057692307692307696,2.6424785617510103,6,1,hypothesis_only,need_more_data,event_count_below_30
563800,563800,广发中证A500ETF,新宽基与新风格,trade_pool,broad_index,core_beta,short_swing_buy_to_sell_proxy,0,,,,,10,0.0,,0,0,hypothesis_only,need_more_data,event_count_below_30
563800,563800,广发中证A500ETF,新宽基与新风格,trade_pool,broad_index,core_beta,volume_heat_decay_proxy,28,0.7037037037037037,0.015207938512201,0.01790680266240862,-0.08419380460683068,10,0.08974358974358974,1.8306582475021134,9,2,hypothesis_only,need_more_data,event_count_below_30
563800,563800,广发中证A500ETF,新宽基与新风格,trade_pool,broad_index,core_beta,type_stop_loss_proxy,5,1.0,0.034111121373074794,0.07419197616360362,0.0,10,0.016025641025641024,,3,0,hypothesis_only,need_more_data,event_count_below_30
588000,588000,科创50ETF,宽基,trade_pool,broad_index,core_beta,rank_score_decline_2d_proxy,84,0.5384615384615384,0.008768048196165005,0.02050901010445966,-0.15652173913043477,10,0.2692307692307692,1.3790446599572919,23,24,sample_limited,research_only_not_online,
588000,588000,科创50ETF,宽基,trade_pool,broad_index,core_beta,rank_score_decline_3d_proxy,43,0.5,0.01127923480470426,0.016059121856156794,-0.13924870466321249,10,0.13782051282051283,1.975824503429649,13,13,sample_limited,research_only_not_online,
588000,588000,科创50ETF,宽基,trade_pool,broad_index,core_beta,rank_score_below_70_proxy,155,0.496551724137931,0.0035062033520693657,0.01784186756022271,-0.15134099616858243,10,0.4967948717948718,1.1968167772436986,35,39,sample_limited,research_only_not_online,
588000,588000,科创50ETF,宽基,trade_pool,broad_index,core_beta,top_decile_drop_proxy,11,0.7272727272727273,0.06674508850000543,0.15237130007439031,-0.03490566037735865,10,0.035256410256410256,2.660136982816176,7,0,hypothesis_only,need_more_data,event_count_below_30
588000,588000,科创50ETF,宽基,trade_pool,broad_index,core_beta,short_swing_buy_to_watch_proxy,17,0.6470588235294118,0.03814181987784363,0.07628545968195857,-0.13869086195722613,10,0.05448717948717949,1.8548766716502356,9,5,hypothesis_only,need_more_data,event_count_below_30
588000,588000,科创50ETF,宽基,trade_pool,broad_index,core_beta,short_swing_buy_to_sell_proxy,2,0.0,-0.04301439717304595,-0.06384408602150538,-0.09206989247311825,10,0.00641025641025641,,0,1,hypothesis_only,need_more_data,event_count_below_30
588000,588000,科创50ETF,宽基,trade_pool,broad_index,core_beta,volume_heat_decay_proxy,31,0.4827586206896552,0.010485289099378143,0.00990320770892608,-0.15134099616858243,10,0.09935897435897435,1.7237057779847207,8,10,hypothesis_only,research_only_not_online,
588000,588000,科创50ETF,宽基,trade_pool,broad_index,core_beta,type_stop_loss_proxy,63,0.5660377358490566,0.02330923007751686,0.04412598753461775,-0.10268270120259015,10,0.20192307692307693,2.5268421520608424,22,13,sample_limited,risk_control_candidate_requires_backtest,
588030,588030,博时科创100ETF,新宽基与新风格,trade_pool,broad_index,core_beta,rank_score_decline_2d_proxy,78,0.6081081081081081,0.01741306435492973,0.03733668052529434,-0.18260038240917786,10,0.25,1.4790988416575122,30,17,sample_limited,research_only_not_online,
588030,588030,博时科创100ETF,新宽基与新风格,trade_pool,broad_index,core_beta,rank_score_decline_3d_proxy,35,0.6363636363636364,0.015009082530719803,0.03080401075110334,-0.16340508806262233,10,0.11217948717948718,1.2880002298375284,11,5,hypothesis_only,research_only_not_online,
588030,588030,博时科创100ETF,新宽基与新风格,trade_pool,broad_index,core_beta,rank_score_below_70_proxy,158,0.5743243243243243,0.015223232773276418,0.037897865598579085,-0.12460468058191021,10,0.5064102564102564,1.595584072686337,48,43,sample_limited,research_only_not_online,
588030,588030,博时科创100ETF,新宽基与新风格,trade_pool,broad_index,core_beta,top_decile_drop_proxy,10,0.6,0.018659112556930525,0.06007825732357615,-0.06586447118429373,10,0.03205128205128205,1.7609529268766002,4,1,hypothesis_only,need_more_data,event_count_below_30
588030,588030,博时科创100ETF,新宽基与新风格,trade_pool,broad_index,core_beta,short_swing_buy_to_watch_proxy,19,0.631578947368421,0.03028468933848565,0.06134294711543537,-0.09203211859172333,10,0.060897435897435896,2.3968015814222707,7,3,hypothesis_only,need_more_data,event_count_below_30
588030,588030,博时科创100ETF,新宽基与新风格,trade_pool,broad_index,core_beta,short_swing_buy_to_sell_proxy,4,0.5,0.01907081717502568,0.020539155504023226,-0.09954456733897199,10,0.01282051282051282,3.6003862016039783,1,2,hypothesis_only,need_more_data,event_count_below_30
588030,588030,博时科创100ETF,新宽基与新风格,trade_pool,broad_index,core_beta,volume_heat_decay_proxy,25,0.6956521739130435,0.022541000290299457,0.02599714153846856,-0.13109756097560976,10,0.08012820512820513,1.8728048431843993,11,4,hypothesis_only,need_more_data,event_count_below_30
588030,588030,博时科创100ETF,新宽基与新风格,trade_pool,broad_index,core_beta,type_stop_loss_proxy,29,0.75,0.03483365570649457,0.059358577026550334,-0.06807866868381252,10,0.09294871794871795,2.6235769949212875,15,3,hypothesis_only,need_more_data,event_count_below_30
588080,588080,科创创业50ETF,宽基,trade_pool,broad_index,core_beta,rank_score_decline_2d_proxy,83,0.5194805194805194,0.006547870481794604,0.021304941011970127,-0.1500987491770902,10,0.266025641025641,1.3301746109742978,21,21,sample_limited,research_only_not_online,
588080,588080,科创创业50ETF,宽基,trade_pool,broad_index,core_beta,rank_score_decline_3d_proxy,46,0.5,0.0069511953488329,0.01699939845129222,-0.13703208556149737,10,0.14743589743589744,1.5325419677660033,11,11,sample_limited,research_only_not_online,
588080,588080,科创创业50ETF,宽基,trade_pool,broad_index,core_beta,rank_score_below_70_proxy,157,0.5034013605442177,0.00454658480343323,0.02024837291990165,-0.1500987491770902,10,0.5032051282051282,1.242295602924164,37,39,sample_limited,research_only_not_online,
588080,588080,科创创业50ETF,宽基,trade_pool,broad_index,core_beta,top_decile_drop_proxy,9,0.7777777777777778,0.07665707829419927,0.15927898754769992,-0.0332681017612525,10,0.028846153846153848,1.932150397408458,6,0,hypothesis_only,need_more_data,event_count_below_30
588080,588080,科创创业50ETF,宽基,trade_pool,broad_index,core_beta,short_swing_buy_to_watch_proxy,19,0.6842105263157895,0.04128505507381816,0.0770452345128464,-0.13645484949832787,10,0.060897435897435896,2.1135839455771235,10,5,hypothesis_only,need_more_data,event_count_below_30
588080,588080,科创创业50ETF,宽基,trade_pool,broad_index,core_beta,short_swing_buy_to_sell_proxy,2,0.0,-0.04419636323085602,-0.06380027739251026,-0.09292649098474337,10,0.00641025641025641,,0,1,hypothesis_only,need_more_data,event_count_below_30
588080,588080,科创创业50ETF,宽基,trade_pool,broad_index,core_beta,volume_heat_decay_proxy,30,0.4642857142857143,0.013417980082488254,0.003303003208497381,-0.13645484949832787,10,0.09615384615384616,2.403847540118769,7,10,hypothesis_only,research_only_not_online,
588080,588080,科创创业50ETF,宽基,trade_pool,broad_index,core_beta,type_stop_loss_proxy,60,0.58,0.027280677519721498,0.05165496528717167,-0.09665071770334932,10,0.19230769230769232,2.7098776750674727,21,12,sample_limited,risk_control_candidate_requires_backtest,
588120,588120,国泰科创100ETF,新宽基与新风格,observe_pool,broad_index,core_beta,rank_score_decline_2d_proxy,80,0.6052631578947368,0.01672994249221696,0.03619974782898474,-0.18493803622497618,10,0.2564102564102564,1.4786755343305389,32,17,sample_limited,research_only_not_online,
588120,588120,国泰科创100ETF,新宽基与新风格,observe_pool,broad_index,core_beta,rank_score_decline_3d_proxy,37,0.6285714285714286,0.015700860481389977,0.029091029980774327,-0.16422287390029322,10,0.11858974358974358,1.3772240265655462,12,7,hypothesis_only,research_only_not_online,
588120,588120,国泰科创100ETF,新宽基与新风格,observe_pool,broad_index,core_beta,rank_score_below_70_proxy,158,0.5878378378378378,0.015438036880587026,0.03877029552420653,-0.12437185929648253,10,0.5064102564102564,1.5214494773617941,51,39,sample_limited,research_only_not_online,
588120,588120,国泰科创100ETF,新宽基与新风格,observe_pool,broad_index,core_beta,top_decile_drop_proxy,12,0.5833333333333334,0.006446526101856402,0.04847187361750178,-0.09269490484960097,10,0.038461538461538464,1.0582462709710339,3,2,hypothesis_only,need_more_data,event_count_below_30
588120,588120,国泰科创100ETF,新宽基与新风格,observe_pool,broad_index,core_beta,short_swing_buy_to_watch_proxy,22,0.6190476190476191,0.030376169995342185,0.06494313793392631,-0.09269490484960097,10,0.07051282051282051,2.230510821990615,8,3,hypothesis_only,need_more_data,event_count_below_30
588120,588120,国泰科创100ETF,新宽基与新风格,observe_pool,broad_index,core_beta,short_swing_buy_to_sell_proxy,3,0.3333333333333333,-0.008616392023071665,-0.05298850185617732,-0.09948320413436706,10,0.009615384615384616,0.22811058239811938,0,2,hypothesis_only,need_more_data,event_count_below_30
588120,588120,国泰科创100ETF,新宽基与新风格,observe_pool,broad_index,core_beta,volume_heat_decay_proxy,26,0.7083333333333334,0.0237487140150837,0.03638496875656865,-0.09948320413436706,10,0.08333333333333333,1.685434093790374,14,4,hypothesis_only,need_more_data,event_count_below_30
588120,588120,国泰科创100ETF,新宽基与新风格,observe_pool,broad_index,core_beta,type_stop_loss_proxy,30,0.75,0.034600263086128666,0.05919601027660746,-0.06636500754147823,10,0.09615384615384616,2.6188094083221736,16,3,hypothesis_only,risk_control_candidate_requires_backtest,
588190,588190,银华科创100ETF,新宽基与新风格,observe_pool,broad_index,core_beta,rank_score_decline_2d_proxy,78,0.6133333333333333,0.018230344171335913,0.03739761535843563,-0.17771373679154656,10,0.25,1.5470135250991932,32,15,sample_limited,research_only_not_online,
588190,588190,银华科创100ETF,新宽基与新风格,observe_pool,broad_index,core_beta,rank_score_decline_3d_proxy,35,0.6470588235294118,0.01630301082096004,0.027955710230895978,-0.15748031496062997,10,0.11217948717948718,1.3820420526527315,13,5,hypothesis_only,research_only_not_online,
588190,588190,银华科创100ETF,新宽基与新风格,observe_pool,broad_index,core_beta,rank_score_below_70_proxy,157,0.5714285714285714,0.014833540008317124,0.03802449100345241,-0.1203055378739657,10,0.5032051282051282,1.605303267596821,48,39,sample_limited,research_only_not_online,
588190,588190,银华科创100ETF,新宽基与新风格,observe_pool,broad_index,core_beta,top_decile_drop_proxy,11,0.6363636363636364,0.016800697134927187,0.06650780433078435,-0.0625,10,0.035256410256410256,1.523644493777617,4,1,hypothesis_only,need_more_data,event_count_below_30
588190,588190,银华科创100ETF,新宽基与新风格,observe_pool,broad_index,core_beta,short_swing_buy_to_watch_proxy,22,0.6818181818181818,0.03362787463523429,0.0709260459044046,-0.09384711000621504,10,0.07051282051282051,2.3015379442051453,9,3,hypothesis_only,need_more_data,event_count_below_30
588190,588190,银华科创100ETF,新宽基与新风格,observe_pool,broad_index,core_beta,short_swing_buy_to_sell_proxy,3,0.3333333333333333,-0.008906175933091212,-0.05264615287242347,-0.09614126880313933,10,0.009615384615384616,0.19016577469414483,0,2,hypothesis_only,need_more_data,event_count_below_30
588190,588190,银华科创100ETF,新宽基与新风格,observe_pool,broad_index,core_beta,volume_heat_decay_proxy,25,0.6956521739130435,0.02236789149252168,0.04034034208722653,-0.09245562130177509,10,0.08012820512820513,1.4106795900268867,13,2,hypothesis_only,need_more_data,event_count_below_30
588190,588190,银华科创100ETF,新宽基与新风格,observe_pool,broad_index,core_beta,type_stop_loss_proxy,29,0.7777777777777778,0.035816915312058495,0.060043313137784396,-0.06692015209125468,10,0.09294871794871795,2.3644664933987056,15,2,hypothesis_only,need_more_data,event_count_below_30
588200,588200,科创芯片ETF,科技成长,trade_pool,theme,theme_beta,rank_score_decline_2d_proxy,74,0.5857142857142857,0.019434906757311615,0.048934062283940476,-0.170263788968825,10,0.23717948717948717,1.6181190591218666,25,24,sample_limited,research_only_not_online,
588200,588200,科创芯片ETF,科技成长,trade_pool,theme,theme_beta,rank_score_decline_3d_proxy,41,0.5897435897435898,0.020220697993875516,0.04071788404150361,-0.14620604565083284,10,0.13141025641025642,1.8992644413047681,15,13,sample_limited,research_only_not_online,
588200,588200,科创芯片ETF,科技成长,trade_pool,theme,theme_beta,rank_score_below_70_proxy,153,0.5174825174825175,0.010174776821113554,0.0374285478817117,-0.15951595159515952,10,0.49038461538461536,1.4399540706566265,44,40,sample_limited,research_only_not_online,
588200,588200,科创芯片ETF,科技成长,trade_pool,theme,theme_beta,top_decile_drop_proxy,10,0.8,0.08971469960642721,0.1431401113642819,-0.06723369785338196,10,0.03205128205128205,2.4454935739279313,6,1,hypothesis_only,need_more_data,event_count_below_30
588200,588200,科创芯片ETF,科技成长,trade_pool,theme,theme_beta,short_swing_buy_to_watch_proxy,20,0.45,0.020886389318245192,0.08738461661108105,-0.1576626240352812,10,0.0641025641025641,2.3208844918675005,7,6,hypothesis_only,need_more_data,event_count_below_30
588200,588200,科创芯片ETF,科技成长,trade_pool,theme,theme_beta,short_swing_buy_to_sell_proxy,2,0.0,-0.035285642997622324,-0.052631578947368474,-0.09852631578947368,10,0.00641025641025641,,0,1,hypothesis_only,need_more_data,event_count_below_30
588200,588200,科创芯片ETF,科技成长,trade_pool,theme,theme_beta,volume_heat_decay_proxy,32,0.5,0.012840208018899775,0.023193628565685836,-0.14028507126781697,10,0.10256410256410256,1.7734382245978575,7,13,hypothesis_only,research_only_not_online,
588200,588200,科创芯片ETF,科技成长,trade_pool,theme,theme_beta,type_stop_loss_proxy,117,0.5233644859813084,0.015681853382678287,0.03686171246403263,-0.1476385273335813,10,0.375,1.6551088463135784,35,40,sample_limited,risk_control_candidate_requires_backtest,
588220,588220,科创100ETF基金,新宽基与新风格,trade_pool,broad_index,core_beta,rank_score_decline_2d_proxy,74,0.5915492957746479,0.015587263671523261,0.031180200685376528,-0.18034351145038174,10,0.23717948717948717,1.4365100238128774,28,17,sample_limited,research_only_not_online,
588220,588220,科创100ETF基金,新宽基与新风格,trade_pool,broad_index,core_beta,rank_score_decline_3d_proxy,29,0.6071428571428571,0.012523294359273966,0.02074647112507646,-0.1594911937377691,10,0.09294871794871795,1.2297216467610568,9,6,hypothesis_only,need_more_data,event_count_below_30
588220,588220,科创100ETF基金,新宽基与新风格,trade_pool,broad_index,core_beta,rank_score_below_70_proxy,155,0.5655172413793104,0.014380979080795357,0.036886640043920595,-0.12515883100381198,10,0.4967948717948718,1.6154418469076972,47,43,sample_limited,research_only_not_online,
588220,588220,科创100ETF基金,新宽基与新风格,trade_pool,broad_index,core_beta,top_decile_drop_proxy,11,0.6363636363636364,0.01857317743596806,0.06332594249617479,-0.06293706293706292,10,0.035256410256410256,1.618914288417343,5,1,hypothesis_only,need_more_data,event_count_below_30
588220,588220,科创100ETF基金,新宽基与新风格,trade_pool,broad_index,core_beta,short_swing_buy_to_watch_proxy,23,0.6521739130434783,0.02834634319770921,0.06907017698892927,-0.09192546583850936,10,0.07371794871794872,2.0036651868163418,9,3,hypothesis_only,need_more_data,event_count_below_30
588220,588220,科创100ETF基金,新宽基与新风格,trade_pool,broad_index,core_beta,short_swing_buy_to_sell_proxy,4,0.5,0.02017712452761472,0.01975118075523763,-0.09999999999999998,10,0.01282051282051282,3.9470349310042327,1,2,hypothesis_only,need_more_data,event_count_below_30
588220,588220,科创100ETF基金,新宽基与新风格,trade_pool,broad_index,core_beta,volume_heat_decay_proxy,27,0.64,0.022013037701424824,0.0349894400615749,-0.12791878172588833,10,0.08653846153846154,1.7046053286619447,14,4,hypothesis_only,need_more_data,event_count_below_30
588220,588220,科创100ETF基金,新宽基与新风格,trade_pool,broad_index,core_beta,type_stop_loss_proxy,28,0.7407407407407407,0.03468665351128698,0.05599207954210782,-0.06828528072837636,10,0.08974358974358974,2.6246230333477625,14,3,hypothesis_only,need_more_data,event_count_below_30
588800,588800,华夏科创100ETF,新宽基与新风格,observe_pool,broad_index,core_beta,rank_score_decline_2d_proxy,73,0.5942028985507246,0.014933274502550933,0.03479500286717819,-0.18145956607495073,10,0.23397435897435898,1.414585638532033,28,15,sample_limited,research_only_not_online,
588800,588800,华夏科创100ETF,新宽基与新风格,observe_pool,broad_index,core_beta,rank_score_decline_3d_proxy,29,0.5925925925925926,0.012110159327756078,0.02352733497056443,-0.16246215943491427,10,0.09294871794871795,1.2746620152057446,8,5,hypothesis_only,need_more_data,event_count_below_30
588800,588800,华夏科创100ETF,新宽基与新风格,observe_pool,broad_index,core_beta,rank_score_below_70_proxy,158,0.581081081081081,0.014574247675587843,0.03817822529306455,-0.12668810289389054,10,0.5064102564102564,1.5305507801161946,51,40,sample_limited,research_only_not_online,
588800,588800,华夏科创100ETF,新宽基与新风格,observe_pool,broad_index,core_beta,top_decile_drop_proxy,10,0.6,0.014940543490226088,0.06090263617321566,-0.06334841628959265,10,0.03205128205128205,1.5510869804328657,4,1,hypothesis_only,need_more_data,event_count_below_30
588800,588800,华夏科创100ETF,新宽基与新风格,observe_pool,broad_index,core_beta,short_swing_buy_to_watch_proxy,24,0.625,0.02954427167302043,0.060740110750854066,-0.09138972809667678,10,0.07692307692307693,2.1131504013505813,10,4,hypothesis_only,need_more_data,event_count_below_30
588800,588800,华夏科创100ETF,新宽基与新风格,observe_pool,broad_index,core_beta,short_swing_buy_to_sell_proxy,3,0.3333333333333333,-0.008387783332915899,-0.05307183118517356,-0.10006626905235239,10,0.009615384615384616,0.20289121606921837,0,2,hypothesis_only,need_more_data,event_count_below_30
588800,588800,华夏科创100ETF,新宽基与新风格,observe_pool,broad_index,core_beta,volume_heat_decay_proxy,27,0.56,0.019505833629017925,0.03632291899269068,-0.13089005235602091,10,0.08653846153846154,1.8656175210738717,11,5,hypothesis_only,need_more_data,event_count_below_30
588800,588800,华夏科创100ETF,新宽基与新风格,observe_pool,broad_index,core_beta,type_stop_loss_proxy,29,0.7777777777777778,0.03701507517201071,0.062288500592814926,-0.06671838634600458,10,0.09294871794871795,2.3782858987095388,16,3,hypothesis_only,need_more_data,event_count_below_30
600519,600519,贵州茅台,个股观察,observe_pool,unknown,manual_review,all_rules,0,,,,,,,,,,hypothesis_only,need_more_data,price_sample_insufficient: missing
