code,name,group,etf_type,holding_profile,signal_type,holding_window_days,avg_return,win_rate,max_forward_drawdown,return_drawdown_ratio,signal_count,avg_holding_days,evidence_level,conclusion_tag
510300,沪深300ETF,宽基,broad_index,20-60,proxy_buy,3,-0.0005742805819996617,0.5,-0.10354677457748152,0.00554609821834616,264,3,evidence_supported,profile_mismatch
510300,沪深300ETF,宽基,broad_index,20-60,short_swing_weakening,3,-0.003143736181193438,0.43434343434343436,-0.06506024096385554,0.04832038945167683,99,3,sample_limited,profile_mismatch
510300,沪深300ETF,宽基,broad_index,20-60,proxy_rank_decline_3d,3,0.0020210777378028783,0.5645161290322581,-0.06747311827957003,0.029953821452695983,124,3,sample_limited,profile_mismatch
510300,沪深300ETF,宽基,broad_index,20-60,proxy_buy,5,-0.00018222522719569972,0.48854961832061067,-0.11449654844084733,0.0015915346766094286,262,5,evidence_supported,profile_mismatch
510300,沪深300ETF,宽基,broad_index,20-60,short_swing_weakening,5,-0.0025806113116129035,0.42857142857142855,-0.09261213720316619,0.027864720430236207,98,5,sample_limited,profile_mismatch
510300,沪深300ETF,宽基,broad_index,20-60,proxy_rank_decline_3d,5,0.005512597588538652,0.5887096774193549,-0.09261213720316619,0.059523489631229345,124,5,sample_limited,profile_mismatch
510300,沪深300ETF,宽基,broad_index,20-60,proxy_buy,10,0.0001833054786476621,0.4806201550387597,-0.13068317067364899,0.0014026708848794704,258,10,evidence_supported,profile_mismatch
510300,沪深300ETF,宽基,broad_index,20-60,short_swing_weakening,10,-0.005155646098218695,0.44329896907216493,-0.14208037825059106,0.036286826947529244,97,10,sample_limited,profile_mismatch
510300,沪深300ETF,宽基,broad_index,20-60,proxy_rank_decline_3d,10,0.004620502163260497,0.5241935483870968,-0.09261213720316619,0.04989089230415183,124,10,sample_limited,profile_mismatch
510300,沪深300ETF,宽基,broad_index,20-60,proxy_buy,20,0.0022070790335090022,0.5,-0.13068317067364899,0.016888777813791125,250,20,evidence_supported,profile_match
510300,沪深300ETF,宽基,broad_index,20-60,short_swing_weakening,20,-0.004226492152858064,0.4375,-0.14208037825059106,0.029747191025939444,96,20,sample_limited,profile_match
510300,沪深300ETF,宽基,broad_index,20-60,proxy_rank_decline_3d,20,0.004937672826436589,0.44537815126050423,-0.10091503267973856,0.048929011816372936,119,20,sample_limited,profile_match
510300,沪深300ETF,宽基,broad_index,20-60,proxy_buy,30,0.005581688365605715,0.4669421487603306,-0.13068317067364899,0.0427116080581232,242,30,evidence_supported,profile_match
510300,沪深300ETF,宽基,broad_index,20-60,short_swing_weakening,30,-0.0018664012894912532,0.4631578947368421,-0.16305350553505538,0.011446557271901093,95,30,sample_limited,profile_match
510300,沪深300ETF,宽基,broad_index,20-60,proxy_rank_decline_3d,30,0.009089980113775627,0.5210084033613446,-0.11898249452954046,0.07639762596773264,119,30,sample_limited,profile_match
510300,沪深300ETF,宽基,broad_index,20-60,proxy_buy,60,0.009411075940198188,0.49173553719008267,-0.16383495145631077,0.057442419072024464,242,60,evidence_supported,profile_match
510300,沪深300ETF,宽基,broad_index,20-60,short_swing_weakening,60,0.006015338989829632,0.5,-0.20687269372693728,0.029077491482610122,92,60,sample_limited,profile_match
510300,沪深300ETF,宽基,broad_index,20-60,proxy_rank_decline_3d,60,0.02664319110823707,0.4830508474576271,-0.14845938375350143,0.17946451369133268,118,60,sample_limited,profile_match
510500,中证500ETF,宽基,broad_index,20-60,proxy_buy,3,-0.008603505048757194,0.3076923076923077,-0.04406704406704409,0.19523671784446728,13,3,hypothesis_only,sample_limited
510500,中证500ETF,宽基,broad_index,20-60,short_swing_weakening,3,0.0008388601630284517,0.5555555555555556,-0.046327014218009444,0.01810736515590828,9,3,hypothesis_only,sample_limited
510500,中证500ETF,宽基,broad_index,20-60,proxy_rank_decline_3d,3,0.001498361966839412,0.6,-0.046327014218009444,0.03234315856809373,10,3,hypothesis_only,sample_limited
510500,中证500ETF,宽基,broad_index,20-60,proxy_buy,5,-0.017307775703909494,0.3076923076923077,-0.04734805372183026,0.3655435512849725,13,5,hypothesis_only,sample_limited
510500,中证500ETF,宽基,broad_index,20-60,short_swing_weakening,5,0.0006625174286075922,0.5555555555555556,-0.060040909637829376,0.01103443356544629,9,5,hypothesis_only,sample_limited
510500,中证500ETF,宽基,broad_index,20-60,proxy_rank_decline_3d,5,-0.010213236228775957,0.6,-0.09044678532509998,0.11291983669807303,10,5,hypothesis_only,sample_limited
510500,中证500ETF,宽基,broad_index,20-60,proxy_buy,10,-0.032211762828698226,0.0,-0.08172091964488959,0.39416789444699535,13,10,hypothesis_only,sample_limited
510500,中证500ETF,宽基,broad_index,20-60,short_swing_weakening,10,-0.008875926668540677,0.2857142857142857,-0.09613764889904952,0.092325189664883,7,10,hypothesis_only,sample_limited
510500,中证500ETF,宽基,broad_index,20-60,proxy_rank_decline_3d,10,-0.020500058609400997,0.2,-0.09613764889904952,0.21323652954033986,10,10,hypothesis_only,sample_limited
510500,中证500ETF,宽基,broad_index,20-60,proxy_buy,20,-0.06184203204357849,0.0,-0.09470377019748666,0.6530049639483066,4,20,hypothesis_only,sample_limited
510500,中证500ETF,宽基,broad_index,20-60,short_swing_weakening,20,-0.0020106400460421594,0.5,-0.10304477611940299,0.019512294768949112,6,20,hypothesis_only,sample_limited
510500,中证500ETF,宽基,broad_index,20-60,proxy_rank_decline_3d,20,-0.007498672996757907,0.4444444444444444,-0.10261617488949959,0.0730749611826081,9,20,hypothesis_only,sample_limited
510500,中证500ETF,宽基,broad_index,20-60,proxy_buy,30,,,,,0,30,hypothesis_only,sample_limited
510500,中证500ETF,宽基,broad_index,20-60,short_swing_weakening,30,-0.0008402731942096731,0.6,-0.10995260663507112,0.007642139826648318,5,30,hypothesis_only,sample_limited
510500,中证500ETF,宽基,broad_index,20-60,proxy_rank_decline_3d,30,0.006553787848065522,0.5555555555555556,-0.10995260663507112,0.05960557051473383,9,30,hypothesis_only,sample_limited
510500,中证500ETF,宽基,broad_index,20-60,proxy_buy,60,,,,,0,60,hypothesis_only,sample_limited
510500,中证500ETF,宽基,broad_index,20-60,short_swing_weakening,60,0.017067156343987144,0.6666666666666666,-0.10995260663507112,0.1552228443354003,3,60,hypothesis_only,sample_limited
510500,中证500ETF,宽基,broad_index,20-60,proxy_rank_decline_3d,60,0.02422312367700008,1.0,-0.10995260663507112,0.2203051334416817,5,60,hypothesis_only,sample_limited
512100,中证1000ETF,宽基,broad_index,20-60,proxy_buy,3,-0.00094834937707311,0.4,-0.033152329236924905,0.028605814399817284,15,3,hypothesis_only,sample_limited
512100,中证1000ETF,宽基,broad_index,20-60,short_swing_weakening,3,0.002866605581956572,0.6,-0.04107520386590158,0.0697891991313103,10,3,hypothesis_only,sample_limited
512100,中证1000ETF,宽基,broad_index,20-60,proxy_rank_decline_3d,3,0.005868946999679371,0.5833333333333334,-0.04107520386590158,0.1428829670289587,12,3,hypothesis_only,sample_limited
512100,中证1000ETF,宽基,broad_index,20-60,proxy_buy,5,-0.006717863962073152,0.4,-0.05086182537439954,0.1320806697876494,15,5,hypothesis_only,sample_limited
512100,中证1000ETF,宽基,broad_index,20-60,short_swing_weakening,5,-0.0038017675834899345,0.5,-0.05287146763901551,0.07190584550152512,10,5,hypothesis_only,sample_limited
512100,中证1000ETF,宽基,broad_index,20-60,proxy_rank_decline_3d,5,0.015331918614538975,0.6666666666666666,-0.05287146763901551,0.2899847365542974,12,5,hypothesis_only,sample_limited
512100,中证1000ETF,宽基,broad_index,20-60,proxy_buy,10,-0.022634354593538093,0.13333333333333333,-0.07940096072336822,0.2850639889912145,15,10,hypothesis_only,sample_limited
512100,中证1000ETF,宽基,broad_index,20-60,short_swing_weakening,10,-0.007523811646005574,0.2222222222222222,-0.09845031905195989,0.07642242014507514,9,10,hypothesis_only,sample_limited
512100,中证1000ETF,宽基,broad_index,20-60,proxy_rank_decline_3d,10,0.011758314142263894,0.5454545454545454,-0.09845031905195989,0.11943398716725455,11,10,hypothesis_only,sample_limited
512100,中证1000ETF,宽基,broad_index,20-60,proxy_buy,20,-0.037320574793711314,0.16666666666666666,-0.08354430379746836,0.4467159710156354,6,20,hypothesis_only,sample_limited
512100,中证1000ETF,宽基,broad_index,20-60,short_swing_weakening,20,0.010866985677712326,0.5,-0.09845031905195989,0.1103804008189854,6,20,hypothesis_only,sample_limited
512100,中证1000ETF,宽基,broad_index,20-60,proxy_rank_decline_3d,20,0.016558352718813726,0.5454545454545454,-0.09845031905195989,0.16818993456054313,11,20,hypothesis_only,sample_limited
512100,中证1000ETF,宽基,broad_index,20-60,proxy_buy,30,,,,,0,30,hypothesis_only,sample_limited
512100,中证1000ETF,宽基,broad_index,20-60,short_swing_weakening,30,0.015291303726508998,0.6,-0.10389610389610382,0.14717879836764922,5,30,hypothesis_only,sample_limited
512100,中证1000ETF,宽基,broad_index,20-60,proxy_rank_decline_3d,30,0.0020908652885810453,0.4444444444444444,-0.10389610389610382,0.020124578402592574,9,30,hypothesis_only,sample_limited
512100,中证1000ETF,宽基,broad_index,20-60,proxy_buy,60,,,,,0,60,hypothesis_only,sample_limited
512100,中证1000ETF,宽基,broad_index,20-60,short_swing_weakening,60,0.038699574840997585,1.0,-0.10389610389610382,0.37248340784460204,3,60,hypothesis_only,sample_limited
512100,中证1000ETF,宽基,broad_index,20-60,proxy_rank_decline_3d,60,0.04762540274000766,0.8571428571428571,-0.11300448430493282,0.4214470163103849,7,60,hypothesis_only,sample_limited
159915,创业板ETF,宽基,broad_index,20-60,proxy_buy,3,0.0005946646087126135,0.5648854961832062,-0.23076923076923073,0.0025768799710879924,262,3,evidence_supported,profile_mismatch
159915,创业板ETF,宽基,broad_index,20-60,short_swing_weakening,3,-0.0025182990855215294,0.43119266055045874,-0.0722364100693178,0.034861908047548025,109,3,sample_limited,profile_mismatch
159915,创业板ETF,宽基,broad_index,20-60,proxy_rank_decline_3d,3,0.003780876101637454,0.5480769230769231,-0.0687500000000002,0.054994561478362805,104,3,sample_limited,profile_mismatch
159915,创业板ETF,宽基,broad_index,20-60,proxy_buy,5,0.0024328022983193818,0.5038461538461538,-0.236370425690814,0.010292329470615017,260,5,evidence_supported,profile_mismatch
159915,创业板ETF,宽基,broad_index,20-60,short_swing_weakening,5,0.000699522873371339,0.46296296296296297,-0.12242322254943205,0.005713972061868291,108,5,sample_limited,profile_mismatch
159915,创业板ETF,宽基,broad_index,20-60,proxy_rank_decline_3d,5,0.013534843896719623,0.6153846153846154,-0.0687500000000002,0.19687045667955758,104,5,sample_limited,profile_mismatch
159915,创业板ETF,宽基,broad_index,20-60,proxy_buy,10,0.01002053369372593,0.5058823529411764,-0.2550410754294249,0.039289881744945895,255,10,evidence_supported,profile_mismatch
159915,创业板ETF,宽基,broad_index,20-60,short_swing_weakening,10,0.008162514845034084,0.42990654205607476,-0.15956439393939403,0.05115498917718687,107,10,sample_limited,profile_mismatch
159915,创业板ETF,宽基,broad_index,20-60,proxy_rank_decline_3d,10,0.01315567622666941,0.5,-0.15956439393939403,0.08244744270245039,104,10,sample_limited,profile_mismatch
159915,创业板ETF,宽基,broad_index,20-60,proxy_buy,20,0.02452971649116232,0.5061224489795918,-0.2550410754294249,0.09617947403123382,245,20,evidence_supported,profile_match
159915,创业板ETF,宽基,broad_index,20-60,short_swing_weakening,20,0.023946578987701233,0.4716981132075472,-0.1973282442748091,0.12135403664947243,106,20,sample_limited,profile_match
159915,创业板ETF,宽基,broad_index,20-60,proxy_rank_decline_3d,20,0.007978350158805212,0.48484848484848486,-0.15956439393939403,0.050000817612452814,99,20,sample_limited,profile_match
159915,创业板ETF,宽基,broad_index,20-60,proxy_buy,30,0.03420794211788356,0.548936170212766,-0.2550410754294249,0.13412718739632826,235,30,evidence_supported,profile_match
159915,创业板ETF,宽基,broad_index,20-60,short_swing_weakening,30,0.02726141596323808,0.4857142857142857,-0.2038167938931299,0.13375451277843395,105,30,sample_limited,profile_match
159915,创业板ETF,宽基,broad_index,20-60,proxy_rank_decline_3d,30,0.028664969920724575,0.5567010309278351,-0.16370656370656367,0.17509969833650157,97,30,sample_limited,profile_match
159915,创业板ETF,宽基,broad_index,20-60,proxy_buy,60,0.058407352514998914,0.5135135135135135,-0.2550410754294249,0.22901155202806314,222,60,evidence_supported,profile_match
159915,创业板ETF,宽基,broad_index,20-60,short_swing_weakening,60,0.04283384318380838,0.46534653465346537,-0.25460636515912893,0.1682355551364053,101,60,sample_limited,profile_match
159915,创业板ETF,宽基,broad_index,20-60,proxy_rank_decline_3d,60,0.019944413558894723,0.3711340206185567,-0.2759458521346755,0.07227654775242226,97,60,sample_limited,profile_match
588000,科创50ETF,宽基,broad_index,20-60,proxy_buy,3,0.009390952597416131,0.6041666666666666,-0.10412299091544375,0.09019096085169452,96,3,sample_limited,profile_mismatch
588000,科创50ETF,宽基,broad_index,20-60,short_swing_weakening,3,-0.0013453184851437386,0.4444444444444444,-0.0821559392987965,0.016375182325539382,27,3,hypothesis_only,sample_limited
588000,科创50ETF,宽基,broad_index,20-60,proxy_rank_decline_3d,3,0.004046627549873759,0.6097560975609756,-0.09683426443202992,0.04178921142850396,41,3,sample_limited,profile_mismatch
588000,科创50ETF,宽基,broad_index,20-60,proxy_buy,5,0.014746125149107489,0.6041666666666666,-0.12212212212212215,0.12074900839310146,96,5,sample_limited,profile_mismatch
588000,科创50ETF,宽基,broad_index,20-60,short_swing_weakening,5,0.0077188437764802815,0.48148148148148145,-0.0821559392987965,0.09395356978887776,27,5,hypothesis_only,sample_limited
588000,科创50ETF,宽基,broad_index,20-60,proxy_rank_decline_3d,5,0.011572283807523806,0.5128205128205128,-0.09683426443202992,0.1195060847046207,39,5,hypothesis_only,sample_limited
588000,科创50ETF,宽基,broad_index,20-60,proxy_buy,10,0.032525199257468954,0.5913978494623656,-0.1576576576576576,0.20630269243308885,93,10,sample_limited,profile_mismatch
588000,科创50ETF,宽基,broad_index,20-60,short_swing_weakening,10,0.020018726306483683,0.56,-0.08722527472527475,0.22950602757669475,25,10,hypothesis_only,sample_limited
588000,科创50ETF,宽基,broad_index,20-60,proxy_rank_decline_3d,10,0.01127923480470426,0.5,-0.09683426443202992,0.11647979019473424,38,10,hypothesis_only,sample_limited
588000,科创50ETF,宽基,broad_index,20-60,proxy_buy,20,0.06384729833351384,0.6385542168674698,-0.13674121405750794,0.46692066304649155,83,20,sample_limited,profile_match
588000,科创50ETF,宽基,broad_index,20-60,short_swing_weakening,20,0.04280958427293611,0.5,-0.13924870466321249,0.3074325493833178,24,20,hypothesis_only,sample_limited
588000,科创50ETF,宽基,broad_index,20-60,proxy_rank_decline_3d,20,0.018401197300659772,0.42857142857142855,-0.13924870466321249,0.13214627270799384,35,20,hypothesis_only,sample_limited
588000,科创50ETF,宽基,broad_index,20-60,proxy_buy,30,0.07604683170625723,0.5714285714285714,-0.1630982367758187,0.46626397200593217,77,30,sample_limited,profile_match
588000,科创50ETF,宽基,broad_index,20-60,short_swing_weakening,30,0.06495167491484802,0.5416666666666666,-0.1424870466321243,0.4558426639478426,24,30,hypothesis_only,sample_limited
588000,科创50ETF,宽基,broad_index,20-60,proxy_rank_decline_3d,30,0.030120970516445845,0.5142857142857142,-0.1424870466321243,0.2113944476245109,35,30,hypothesis_only,sample_limited
588000,科创50ETF,宽基,broad_index,20-60,proxy_buy,60,0.09518873587335507,0.5974025974025974,-0.19268292682926824,0.4940174899756403,77,60,sample_limited,profile_match
588000,科创50ETF,宽基,broad_index,20-60,short_swing_weakening,60,0.12921618854234673,0.7727272727272727,-0.16677155443675262,0.7748095229954303,22,60,hypothesis_only,sample_limited
588000,科创50ETF,宽基,broad_index,20-60,proxy_rank_decline_3d,60,0.11745697737592509,0.7941176470588235,-0.1512820512820513,0.7764105284171319,34,60,hypothesis_only,sample_limited
510050,上证50ETF,宽基,broad_index,20-60,proxy_buy,3,0.0013530619744519733,0.54,-0.036823567082933106,0.036744456923595736,100,3,sample_limited,profile_mismatch
510050,上证50ETF,宽基,broad_index,20-60,short_swing_weakening,3,0.0006865055035037575,0.6,-0.025387405209363667,0.027041184313336318,30,3,hypothesis_only,sample_limited
510050,上证50ETF,宽基,broad_index,20-60,proxy_rank_decline_3d,3,0.0010225242492771754,0.5161290322580645,-0.04176411627129972,0.024483320624692675,31,3,hypothesis_only,sample_limited
510050,上证50ETF,宽基,broad_index,20-60,proxy_buy,5,0.002622261081750675,0.57,-0.036823567082933106,0.07121149007223784,100,5,sample_limited,profile_mismatch
510050,上证50ETF,宽基,broad_index,20-60,short_swing_weakening,5,0.0009994415102979714,0.6333333333333333,-0.05649717514124286,0.01769011473227412,30,5,hypothesis_only,sample_limited
510050,上证50ETF,宽基,broad_index,20-60,proxy_rank_decline_3d,5,0.0017633013957747484,0.5806451612903226,-0.04176411627129972,0.042220488620430555,31,5,hypothesis_only,sample_limited
510050,上证50ETF,宽基,broad_index,20-60,proxy_buy,10,0.006372993610511418,0.55,-0.04130643611911622,0.1542857290358695,100,10,sample_limited,profile_mismatch
510050,上证50ETF,宽基,broad_index,20-60,short_swing_weakening,10,0.0018201098547700309,0.6071428571428571,-0.0596846846846848,0.030495425491241214,28,10,hypothesis_only,sample_limited
510050,上证50ETF,宽基,broad_index,20-60,proxy_rank_decline_3d,10,0.00018941356099435162,0.5161290322580645,-0.055024711696869955,0.003442336273160815,31,10,hypothesis_only,sample_limited
510050,上证50ETF,宽基,broad_index,20-60,proxy_buy,20,0.014000115830934185,0.6428571428571429,-0.04791344667697062,0.2921959658907878,98,20,sample_limited,profile_match
510050,上证50ETF,宽基,broad_index,20-60,short_swing_weakening,20,0.008390583455453906,0.5185185185185185,-0.07899807321772645,0.10621250764342864,27,20,hypothesis_only,sample_limited
510050,上证50ETF,宽基,broad_index,20-60,proxy_rank_decline_3d,20,0.008489768349024688,0.4482758620689655,-0.08047451106123771,0.10549636446457354,29,20,hypothesis_only,sample_limited
510050,上证50ETF,宽基,broad_index,20-60,proxy_buy,30,0.02082785961551844,0.6428571428571429,-0.07478097622027546,0.2785181561974763,98,30,sample_limited,profile_match
510050,上证50ETF,宽基,broad_index,20-60,short_swing_weakening,30,0.008408722497345448,0.6296296296296297,-0.08575071724577621,0.09806008354711031,27,30,hypothesis_only,sample_limited
510050,上证50ETF,宽基,broad_index,20-60,proxy_rank_decline_3d,30,0.01250572032700177,0.5862068965517241,-0.08047451106123771,0.1553997677287588,29,30,hypothesis_only,sample_limited
510050,上证50ETF,宽基,broad_index,20-60,proxy_buy,60,0.03817623922622581,0.826530612244898,-0.11344667697063371,0.33651262642190866,98,60,sample_limited,profile_match
510050,上证50ETF,宽基,broad_index,20-60,short_swing_weakening,60,0.0337142952114092,0.7916666666666666,-0.10765401369010585,0.3131726728597373,24,60,hypothesis_only,sample_limited
510050,上证50ETF,宽基,broad_index,20-60,proxy_rank_decline_3d,60,0.022357971769600436,0.72,-0.10009413241292753,0.22336945463860997,25,60,hypothesis_only,sample_limited
510180,上证180ETF,宽基,broad_index,20-60,proxy_buy,3,-0.012453810790958642,0.25,-0.035149799481009714,0.354306737871635,8,3,hypothesis_only,sample_limited
510180,上证180ETF,宽基,broad_index,20-60,short_swing_weakening,3,-0.002575341752150956,0.2727272727272727,-0.01698914582350164,0.15158747702244113,11,3,hypothesis_only,sample_limited
510180,上证180ETF,宽基,broad_index,20-60,proxy_rank_decline_3d,3,-0.0027402766177513638,0.5,-0.04491017964071864,0.06101682602193026,8,3,hypothesis_only,sample_limited
510180,上证180ETF,宽基,broad_index,20-60,proxy_buy,5,-0.012970013619265044,0.125,-0.035149799481009714,0.36899253511452657,8,5,hypothesis_only,sample_limited
510180,上证180ETF,宽基,broad_index,20-60,short_swing_weakening,5,-0.0035362412486742937,0.2727272727272727,-0.03328509406657021,0.10624098707973632,11,5,hypothesis_only,sample_limited
510180,上证180ETF,宽基,broad_index,20-60,proxy_rank_decline_3d,5,-0.012573240655884041,0.25,-0.04491017964071864,0.2799641586043508,8,5,hypothesis_only,sample_limited
510180,上证180ETF,宽基,broad_index,20-60,proxy_buy,10,-0.022802640712861394,0.0,-0.06056978692841741,0.37646889429890207,8,10,hypothesis_only,sample_limited
510180,上证180ETF,宽基,broad_index,20-60,short_swing_weakening,10,-0.001220653335019195,0.3333333333333333,-0.07670043415340089,0.015914555745250254,9,10,hypothesis_only,sample_limited
510180,上证180ETF,宽基,broad_index,20-60,proxy_rank_decline_3d,10,-0.01666711746666442,0.16666666666666666,-0.07132459970887917,0.2336797897877237,6,10,hypothesis_only,sample_limited
510180,上证180ETF,宽基,broad_index,20-60,proxy_buy,20,-0.05587256300523069,0.0,-0.06704707560627687,0.8333333333333328,1,20,hypothesis_only,sample_limited
510180,上证180ETF,宽基,broad_index,20-60,short_swing_weakening,20,-0.00754749835082201,0.375,-0.0883543700881162,0.08542303389515264,8,20,hypothesis_only,sample_limited
510180,上证180ETF,宽基,broad_index,20-60,proxy_rank_decline_3d,20,0.008309918016517454,0.5,-0.07132459970887917,0.11650844239484678,4,20,hypothesis_only,sample_limited
510180,上证180ETF,宽基,broad_index,20-60,proxy_buy,30,,,,,0,30,hypothesis_only,sample_limited
510180,上证180ETF,宽基,broad_index,20-60,short_swing_weakening,30,-0.01195889966143969,0.25,-0.0883543700881162,0.1353515355212541,8,30,hypothesis_only,sample_limited
510180,上证180ETF,宽基,broad_index,20-60,proxy_rank_decline_3d,30,0.03883996055153474,0.75,-0.07132459970887917,0.5445520999776403,4,30,hypothesis_only,sample_limited
510180,上证180ETF,宽基,broad_index,20-60,proxy_buy,60,,,,,0,60,hypothesis_only,sample_limited
510180,上证180ETF,宽基,broad_index,20-60,short_swing_weakening,60,-0.018327417503366437,0.2,-0.0967437470504956,0.18944291555918755,5,60,hypothesis_only,sample_limited
510180,上证180ETF,宽基,broad_index,20-60,proxy_rank_decline_3d,60,,,,,0,60,hypothesis_only,sample_limited
159901,深100ETF,宽基,broad_index,20-60,proxy_buy,3,0.005109854841642975,0.6546762589928058,-0.06748809857182869,0.07571490306849396,139,3,sample_limited,profile_mismatch
159901,深100ETF,宽基,broad_index,20-60,short_swing_weakening,3,0.002110086823336104,0.5925925925925926,-0.037850332273909215,0.0557481717218799,27,3,hypothesis_only,sample_limited
159901,深100ETF,宽基,broad_index,20-60,proxy_rank_decline_3d,3,0.01255675620770973,0.6818181818181818,-0.014807250446770448,0.8480140356137783,22,3,hypothesis_only,sample_limited
159901,深100ETF,宽基,broad_index,20-60,proxy_buy,5,0.008607544738542418,0.6204379562043796,-0.06748809857182869,0.1275416691341699,137,5,sample_limited,profile_mismatch
159901,深100ETF,宽基,broad_index,20-60,short_swing_weakening,5,0.002715216552783695,0.5925925925925926,-0.10369265199552402,0.026185235892133413,27,5,hypothesis_only,sample_limited
159901,深100ETF,宽基,broad_index,20-60,proxy_rank_decline_3d,5,0.02212912506932059,0.7727272727272727,-0.022047643182970145,1.0036957186613662,22,5,hypothesis_only,sample_limited
159901,深100ETF,宽基,broad_index,20-60,proxy_buy,10,0.0191955341105833,0.6666666666666666,-0.07280873704844593,0.26364327811112637,132,10,sample_limited,profile_mismatch
159901,深100ETF,宽基,broad_index,20-60,short_swing_weakening,10,0.00530713796760828,0.5769230769230769,-0.11065877128053292,0.047959487586881525,26,10,hypothesis_only,sample_limited
159901,深100ETF,宽基,broad_index,20-60,proxy_rank_decline_3d,10,0.028969088837083365,0.7727272727272727,-0.029001990332669814,0.998865543529632,22,10,hypothesis_only,sample_limited
159901,深100ETF,宽基,broad_index,20-60,proxy_buy,20,0.04289021254437968,0.7317073170731707,-0.08890746934225191,0.48241405206656535,123,20,sample_limited,profile_match
159901,深100ETF,宽基,broad_index,20-60,short_swing_weakening,20,0.021736276712863732,0.6,-0.11098779134295222,0.19584385318290232,25,20,hypothesis_only,sample_limited
159901,深100ETF,宽基,broad_index,20-60,proxy_rank_decline_3d,20,0.045045205711496485,0.7647058823529411,-0.029001990332669814,1.5531763577189563,17,20,hypothesis_only,sample_limited
159901,深100ETF,宽基,broad_index,20-60,proxy_buy,30,0.06533747602772186,0.7168141592920354,-0.08890746934225191,0.7348929905563202,113,30,sample_limited,profile_match
159901,深100ETF,宽基,broad_index,20-60,short_swing_weakening,30,0.034718588002879296,0.5833333333333334,-0.11098779134295222,0.3128144779059426,24,30,hypothesis_only,sample_limited
159901,深100ETF,宽基,broad_index,20-60,proxy_rank_decline_3d,30,0.05326092344405964,0.9333333333333333,-0.037531987489337504,1.4190808163087707,15,30,hypothesis_only,sample_limited
159901,深100ETF,宽基,broad_index,20-60,proxy_buy,60,0.11225858333984859,0.8235294117647058,-0.08890746934225191,1.2626451317347238,102,60,sample_limited,profile_match
159901,深100ETF,宽基,broad_index,20-60,short_swing_weakening,60,0.09727242953475343,0.7727272727272727,-0.11098779134295222,0.8764245901081288,22,60,hypothesis_only,sample_limited
159901,深100ETF,宽基,broad_index,20-60,proxy_rank_decline_3d,60,0.10921581021620327,1.0,-0.04236565254478253,2.577932916311319,15,60,hypothesis_only,sample_limited
159949,创业板50ETF,宽基,broad_index,20-60,proxy_buy,3,0.009717309068944906,0.6688741721854304,-0.10434219053791316,0.09312924157380117,151,3,sample_limited,profile_mismatch
159949,创业板50ETF,宽基,broad_index,20-60,short_swing_weakening,3,0.007279184877642483,0.6363636363636364,-0.07260891337005504,0.10025194621139343,33,3,hypothesis_only,sample_limited
159949,创业板50ETF,宽基,broad_index,20-60,proxy_rank_decline_3d,3,0.01575116636442222,0.65,-0.04485852311939276,0.35112984710842704,20,3,hypothesis_only,sample_limited
159949,创业板50ETF,宽基,broad_index,20-60,proxy_buy,5,0.016619221905229766,0.6375838926174496,-0.10434219053791316,0.15927614534018342,149,5,sample_limited,profile_mismatch
159949,创业板50ETF,宽基,broad_index,20-60,short_swing_weakening,5,0.011492350497955432,0.59375,-0.05733788395904438,0.20043206523219886,32,5,hypothesis_only,sample_limited
159949,创业板50ETF,宽基,broad_index,20-60,proxy_rank_decline_3d,5,0.03490957421178782,0.85,-0.04485852311939276,0.7782149697366226,20,5,hypothesis_only,sample_limited
159949,创业板50ETF,宽基,broad_index,20-60,proxy_buy,10,0.035764544291976966,0.7083333333333334,-0.10499027867790012,0.34064624594148457,144,10,sample_limited,profile_mismatch
159949,创业板50ETF,宽基,broad_index,20-60,short_swing_weakening,10,0.01794076231235133,0.6774193548387096,-0.16965226554267643,0.1057502076672138,31,10,hypothesis_only,sample_limited
159949,创业板50ETF,宽基,broad_index,20-60,proxy_rank_decline_3d,10,0.055028416528457934,0.9,-0.0572987721691679,0.9603768884609428,20,10,hypothesis_only,sample_limited
159949,创业板50ETF,宽基,broad_index,20-60,proxy_buy,20,0.07936835832500883,0.753731343283582,-0.12955974842767304,0.612600435615359,134,20,sample_limited,profile_match
159949,创业板50ETF,宽基,broad_index,20-60,short_swing_weakening,20,0.043842488227409444,0.7333333333333333,-0.18087318087318083,0.24239352686648216,30,20,hypothesis_only,sample_limited
159949,创业板50ETF,宽基,broad_index,20-60,proxy_rank_decline_3d,20,0.08927556651708346,0.9333333333333333,-0.05798090040927695,1.539740947224051,15,20,hypothesis_only,sample_limited
159949,创业板50ETF,宽基,broad_index,20-60,proxy_buy,30,0.12007150865189006,0.7661290322580645,-0.12955974842767304,0.9267655279441994,124,30,sample_limited,profile_match
159949,创业板50ETF,宽基,broad_index,20-60,short_swing_weakening,30,0.07394704385729084,0.7241379310344828,-0.18087318087318083,0.4088336562684701,29,30,hypothesis_only,sample_limited
159949,创业板50ETF,宽基,broad_index,20-60,proxy_rank_decline_3d,30,0.09837772315677942,0.8461538461538461,-0.05798090040927695,1.6967263782098663,13,30,hypothesis_only,sample_limited
159949,创业板50ETF,宽基,broad_index,20-60,proxy_buy,60,0.22421087480802865,0.9122807017543859,-0.12955974842767304,1.7305596647804142,114,60,sample_limited,profile_match
159949,创业板50ETF,宽基,broad_index,20-60,short_swing_weakening,60,0.20331517286209386,0.8846153846153846,-0.18087318087318083,1.1240758407662894,26,60,hypothesis_only,sample_limited
159949,创业板50ETF,宽基,broad_index,20-60,proxy_rank_decline_3d,60,0.1972555324173455,1.0,-0.05798090040927695,3.4020777708685705,13,60,hypothesis_only,sample_limited
588080,科创创业50ETF,宽基,broad_index,20-60,proxy_buy,3,0.009813590371505344,0.6105263157894737,-0.10469314079422387,0.09373670803127515,95,3,sample_limited,profile_mismatch
588080,科创创业50ETF,宽基,broad_index,20-60,short_swing_weakening,3,-0.001708980978793977,0.4,-0.08346795907377491,0.02047469469432526,25,3,hypothesis_only,sample_limited
588080,科创创业50ETF,宽基,broad_index,20-60,proxy_rank_decline_3d,3,-0.00026673310977577816,0.5454545454545454,-0.09660297239915072,0.0027611273561404734,44,3,sample_limited,profile_mismatch
588080,科创创业50ETF,宽基,broad_index,20-60,proxy_buy,5,0.015157084247715917,0.6105263157894737,-0.12086776859504134,0.12540220129734192,95,5,sample_limited,profile_mismatch
588080,科创创业50ETF,宽基,broad_index,20-60,short_swing_weakening,5,0.006583909210600689,0.4,-0.08346795907377491,0.07887948002635793,25,5,hypothesis_only,sample_limited
588080,科创创业50ETF,宽基,broad_index,20-60,proxy_rank_decline_3d,5,0.006746497573797379,0.5238095238095238,-0.09660297239915072,0.06983737048919926,42,5,sample_limited,profile_mismatch
588080,科创创业50ETF,宽基,broad_index,20-60,proxy_buy,10,0.033139249567875735,0.5978260869565217,-0.15599173553719015,0.21244234160068676,92,10,sample_limited,profile_mismatch
588080,科创创业50ETF,宽基,broad_index,20-60,short_swing_weakening,10,0.018289247518021856,0.5217391304347826,-0.0856940509915014,0.21342493797889972,23,10,hypothesis_only,sample_limited
588080,科创创业50ETF,宽基,broad_index,20-60,proxy_rank_decline_3d,10,0.011195600742013324,0.5263157894736842,-0.08880308880308885,0.12607219966006303,38,10,hypothesis_only,sample_limited
588080,科创创业50ETF,宽基,broad_index,20-60,proxy_buy,20,0.06585527473899017,0.6463414634146342,-0.13663366336633653,0.481984257147682,82,20,sample_limited,profile_match
588080,科创创业50ETF,宽基,broad_index,20-60,short_swing_weakening,20,0.03636130533115153,0.45454545454545453,-0.13703208556149737,0.2653488428068423,22,20,hypothesis_only,sample_limited
588080,科创创业50ETF,宽基,broad_index,20-60,proxy_rank_decline_3d,20,0.01699939845129222,0.40540540540540543,-0.13703208556149737,0.124054146746991,37,20,hypothesis_only,sample_limited
588080,科创创业50ETF,宽基,broad_index,20-60,proxy_buy,30,0.07921701960995416,0.5789473684210527,-0.16059817945383625,0.493262251660362,76,30,sample_limited,profile_match
588080,科创创业50ETF,宽基,broad_index,20-60,short_swing_weakening,30,0.05504267249354116,0.5,-0.14104278074866317,0.3902551566366708,22,30,hypothesis_only,sample_limited
588080,科创创业50ETF,宽基,broad_index,20-60,proxy_rank_decline_3d,30,0.029206369387696093,0.4594594594594595,-0.14104278074866317,0.20707454314688784,37,30,hypothesis_only,sample_limited
588080,科创创业50ETF,宽基,broad_index,20-60,proxy_buy,60,0.09860518054504061,0.6052631578947368,-0.19029615626969132,0.5181669586919847,76,60,sample_limited,profile_match
588080,科创创业50ETF,宽基,broad_index,20-60,short_swing_weakening,60,0.11661682770802351,0.75,-0.1655844155844156,0.7042741751778674,20,60,hypothesis_only,sample_limited
588080,科创创业50ETF,宽基,broad_index,20-60,proxy_rank_decline_3d,60,0.11752856081822907,0.8333333333333334,-0.1490066225165564,0.7887472303801146,36,60,hypothesis_only,sample_limited
512880,证券ETF,金融地产,sector,10-30,proxy_buy,3,0.0027935074705073837,0.532258064516129,-0.05873493975903621,0.047561255395305146,62,3,sample_limited,profile_mismatch
512880,证券ETF,金融地产,sector,10-30,short_swing_weakening,3,-0.0007724428664390571,0.45161290322580644,-0.05873493975903621,0.013151334956808548,31,3,hypothesis_only,sample_limited
512880,证券ETF,金融地产,sector,10-30,proxy_rank_decline_3d,3,0.0001061425722438914,0.47058823529411764,-0.04339796860572476,0.0024457958668113746,34,3,hypothesis_only,sample_limited
512880,证券ETF,金融地产,sector,10-30,proxy_buy,5,0.007459130120398725,0.5645161290322581,-0.06024096385542177,0.12382155999861867,62,5,sample_limited,profile_mismatch
512880,证券ETF,金融地产,sector,10-30,short_swing_weakening,5,0.00013809522434477152,0.41935483870967744,-0.06024096385542177,0.0022923807241232042,31,5,hypothesis_only,sample_limited
512880,证券ETF,金融地产,sector,10-30,proxy_rank_decline_3d,5,3.219343190802998e-05,0.5,-0.04432132963988922,0.0007263643074249261,32,5,hypothesis_only,sample_limited
512880,证券ETF,金融地产,sector,10-30,proxy_buy,10,0.019002214408652237,0.6612903225806451,-0.07692307692307698,0.24702878731247888,62,10,sample_limited,profile_match
512880,证券ETF,金融地产,sector,10-30,short_swing_weakening,10,-0.002817283891904982,0.5483870967741935,-0.1188118811881188,0.0237121394235336,31,10,hypothesis_only,sample_limited
512880,证券ETF,金融地产,sector,10-30,proxy_rank_decline_3d,10,-0.0012128428804522723,0.40625,-0.1188118811881188,0.010208094243806625,32,10,hypothesis_only,sample_limited
512880,证券ETF,金融地产,sector,10-30,proxy_buy,20,0.03083830577534459,0.6774193548387096,-0.09689349112426038,0.31827014815470134,62,20,sample_limited,profile_match
512880,证券ETF,金融地产,sector,10-30,short_swing_weakening,20,-0.0023871511279294805,0.4,-0.12118491921005392,0.01969841745565511,30,20,hypothesis_only,sample_limited
512880,证券ETF,金融地产,sector,10-30,proxy_rank_decline_3d,20,0.003941393082038832,0.5,-0.14047410008779637,0.028057792002763923,30,20,hypothesis_only,sample_limited
512880,证券ETF,金融地产,sector,10-30,proxy_buy,30,0.03386420609014196,0.6290322580645161,-0.1051364365971108,0.32209771594135006,62,30,sample_limited,profile_match
512880,证券ETF,金融地产,sector,10-30,short_swing_weakening,30,-0.010976191304775885,0.4,-0.14261603375527432,0.07696323488851727,30,30,hypothesis_only,sample_limited
512880,证券ETF,金融地产,sector,10-30,proxy_rank_decline_3d,30,0.004126528892743102,0.5,-0.14047410008779637,0.02937572755521494,30,30,hypothesis_only,sample_limited
512880,证券ETF,金融地产,sector,10-30,proxy_buy,60,0.01899878147650631,0.6774193548387096,-0.1905901116427433,0.09968398314451422,62,60,sample_limited,profile_mismatch
512880,证券ETF,金融地产,sector,10-30,short_swing_weakening,60,-0.011762369445596362,0.32,-0.1853932584269664,0.06344550791867125,25,60,hypothesis_only,sample_limited
512880,证券ETF,金融地产,sector,10-30,proxy_rank_decline_3d,60,-0.0016701925674677146,0.32142857142857145,-0.16666666666666674,0.010021155404806283,28,60,hypothesis_only,sample_limited
512800,银行ETF,金融地产,sector,10-30,proxy_buy,3,0.0018420333880387958,0.43333333333333335,-0.028376844494892195,0.0649132565944871,60,3,sample_limited,profile_mismatch
512800,银行ETF,金融地产,sector,10-30,short_swing_weakening,3,0.0032986091194224655,0.5161290322580645,-0.03464755077658288,0.09520468389505572,31,3,hypothesis_only,sample_limited
512800,银行ETF,金融地产,sector,10-30,proxy_rank_decline_3d,3,-0.00018173502489402993,0.42105263157894735,-0.026086956521739202,0.006966509287604462,38,3,hypothesis_only,sample_limited
512800,银行ETF,金融地产,sector,10-30,proxy_buy,5,0.001859498812838606,0.43333333333333335,-0.0298013245033113,0.06239651571969536,60,5,sample_limited,profile_mismatch
512800,银行ETF,金融地产,sector,10-30,short_swing_weakening,5,0.004656268974830799,0.5161290322580645,-0.056152927120668994,0.08292121557305071,31,5,hypothesis_only,sample_limited
512800,银行ETF,金融地产,sector,10-30,proxy_rank_decline_3d,5,-0.0025597013038557116,0.39473684210526316,-0.02970297029702973,0.08617661056314221,38,5,hypothesis_only,sample_limited
512800,银行ETF,金融地产,sector,10-30,proxy_buy,10,0.002194394707869028,0.48333333333333334,-0.05187637969094927,0.04230045968785825,60,10,sample_limited,profile_match
512800,银行ETF,金融地产,sector,10-30,short_swing_weakening,10,0.001648438024438875,0.4838709677419355,-0.06332138590203096,0.026032879744440393,31,10,hypothesis_only,sample_limited
512800,银行ETF,金融地产,sector,10-30,proxy_rank_decline_3d,10,0.002805482562757647,0.47368421052631576,-0.04176072234762984,0.06717993380008845,38,10,hypothesis_only,sample_limited
512800,银行ETF,金融地产,sector,10-30,proxy_buy,20,-0.0012272007496306654,0.3333333333333333,-0.06401766004415022,0.019169722054575535,60,20,sample_limited,profile_match
512800,银行ETF,金融地产,sector,10-30,short_swing_weakening,20,0.0032584160364344866,0.4838709677419355,-0.07168458781361997,0.04545490370826115,31,20,hypothesis_only,sample_limited
512800,银行ETF,金融地产,sector,10-30,proxy_rank_decline_3d,20,0.016748405916754517,0.4594594594594595,-0.0523038605230387,0.3202135702655679,37,20,hypothesis_only,sample_limited
512800,银行ETF,金融地产,sector,10-30,proxy_buy,30,-0.005923087360414458,0.3333333333333333,-0.06843267108167772,0.08655350239573384,57,30,sample_limited,profile_match
512800,银行ETF,金融地产,sector,10-30,short_swing_weakening,30,0.012025347656057095,0.5333333333333333,-0.09364161849710984,0.12841883608011587,30,30,hypothesis_only,sample_limited
512800,银行ETF,金融地产,sector,10-30,proxy_rank_decline_3d,30,0.021998177724702583,0.5483870967741935,-0.07109004739336489,0.3094410333274832,31,30,hypothesis_only,sample_limited
512800,银行ETF,金融地产,sector,10-30,proxy_buy,60,-0.05266449687695125,0.22,-0.14238410596026485,0.36987623387998336,50,60,sample_limited,profile_mismatch
512800,银行ETF,金融地产,sector,10-30,short_swing_weakening,60,0.011832440033669653,0.48148148148148145,-0.125,0.09465952026935723,27,60,hypothesis_only,sample_limited
512800,银行ETF,金融地产,sector,10-30,proxy_rank_decline_3d,60,0.01052906025091116,0.6333333333333333,-0.12302483069977421,0.08558483836979167,30,60,hypothesis_only,sample_limited
512200,房地产ETF,金融地产,sector,10-30,proxy_buy,3,-0.0007497018662981587,0.5,-0.06915887850467284,0.010840283742419332,68,3,sample_limited,profile_mismatch
512200,房地产ETF,金融地产,sector,10-30,short_swing_weakening,3,-0.012402658720920426,0.2903225806451613,-0.092087312414734,0.1346836865545877,31,3,hypothesis_only,sample_limited
512200,房地产ETF,金融地产,sector,10-30,proxy_rank_decline_3d,3,0.000918530632190223,0.4838709677419355,-0.06661991584852733,0.013787628226350088,31,3,hypothesis_only,sample_limited
512200,房地产ETF,金融地产,sector,10-30,proxy_buy,5,0.0004965293073864501,0.5147058823529411,-0.07984790874524716,0.006218438468696968,68,5,sample_limited,profile_mismatch
512200,房地产ETF,金融地产,sector,10-30,short_swing_weakening,5,-0.007285096586473751,0.3548387096774194,-0.092087312414734,0.07911075256126308,31,5,hypothesis_only,sample_limited
512200,房地产ETF,金融地产,sector,10-30,proxy_rank_decline_3d,5,0.008925183136033514,0.7241379310344828,-0.06661991584852733,0.13397169633667153,29,5,hypothesis_only,sample_limited
512200,房地产ETF,金融地产,sector,10-30,proxy_buy,10,0.0018060414473868597,0.5147058823529411,-0.0804816223067174,0.02244042050375168,68,10,sample_limited,profile_match
512200,房地产ETF,金融地产,sector,10-30,short_swing_weakening,10,-0.008951108671901993,0.45161290322580644,-0.10947368421052639,0.08176493498372008,31,10,hypothesis_only,sample_limited
512200,房地产ETF,金融地产,sector,10-30,proxy_rank_decline_3d,10,0.0025730410816026577,0.5172413793103449,-0.09332425068119887,0.027570980348851845,29,10,hypothesis_only,sample_limited
512200,房地产ETF,金融地产,sector,10-30,proxy_buy,20,0.01028671526198306,0.6470588235294118,-0.15652724968314324,0.06571836713930877,68,20,sample_limited,profile_match
512200,房地产ETF,金融地产,sector,10-30,short_swing_weakening,20,-0.016771008821372106,0.3333333333333333,-0.1357142857142858,0.12357585447326809,30,20,hypothesis_only,sample_limited
512200,房地产ETF,金融地产,sector,10-30,proxy_rank_decline_3d,20,0.014243434838483617,0.5555555555555556,-0.11376021798365121,0.12520576253229912,27,20,hypothesis_only,sample_limited
512200,房地产ETF,金融地产,sector,10-30,proxy_buy,30,0.005098700757506579,0.6176470588235294,-0.17553865652724976,0.029046028142041075,68,30,sample_limited,profile_match
512200,房地产ETF,金融地产,sector,10-30,short_swing_weakening,30,-0.021782889522679188,0.3103448275862069,-0.15519480519480522,0.14035836763567341,29,30,hypothesis_only,sample_limited
512200,房地产ETF,金融地产,sector,10-30,proxy_rank_decline_3d,30,0.015795814447005525,0.5925925925925926,-0.15683732987686327,0.10071463508979141,27,30,hypothesis_only,sample_limited
512200,房地产ETF,金融地产,sector,10-30,proxy_buy,60,-0.002584625787538533,0.4117647058823529,-0.1894080996884735,0.01364580391118206,68,60,sample_limited,profile_mismatch
512200,房地产ETF,金融地产,sector,10-30,short_swing_weakening,60,-0.007427095209437051,0.4,-0.170280612244898,0.04361679883294867,25,60,hypothesis_only,sample_limited
512200,房地产ETF,金融地产,sector,10-30,proxy_rank_decline_3d,60,0.009225376782164802,0.4782608695652174,-0.15683732987686327,0.05882130733421607,23,60,hypothesis_only,sample_limited
510230,金融ETF,金融地产,sector,10-30,proxy_buy,3,0.0016415032062522452,0.5657894736842105,-0.03586497890295359,0.04576897175079789,76,3,sample_limited,profile_mismatch
510230,金融ETF,金融地产,sector,10-30,short_swing_weakening,3,0.0041777403569934835,0.6071428571428571,-0.039334341906202774,0.10621101446048804,28,3,hypothesis_only,sample_limited
510230,金融ETF,金融地产,sector,10-30,proxy_rank_decline_3d,3,0.004204552643109574,0.7352941176470589,-0.026805658972449797,0.1568531722137818,34,3,hypothesis_only,sample_limited
510230,金融ETF,金融地产,sector,10-30,proxy_buy,5,0.0029375722989113846,0.5657894736842105,-0.03914835164835162,0.0750369345125435,76,5,sample_limited,profile_mismatch
510230,金融ETF,金融地产,sector,10-30,short_swing_weakening,5,0.004197393410750229,0.5,-0.042274052478134094,0.0992900648198158,28,5,hypothesis_only,sample_limited
510230,金融ETF,金融地产,sector,10-30,proxy_rank_decline_3d,5,0.0050094521140051085,0.5588235294117647,-0.029695619896065395,0.16869329993912166,34,5,hypothesis_only,sample_limited
510230,金融ETF,金融地产,sector,10-30,proxy_buy,10,0.0023009539043690346,0.5,-0.06730769230769218,0.03418560086491144,76,10,sample_limited,profile_match
510230,金融ETF,金融地产,sector,10-30,short_swing_weakening,10,0.000318254451665564,0.5,-0.05936395759717317,0.005361072013175868,28,10,hypothesis_only,sample_limited
510230,金融ETF,金融地产,sector,10-30,proxy_rank_decline_3d,10,0.011343222177754768,0.7058823529411765,-0.04860614724803436,0.23337011509821917,34,10,hypothesis_only,sample_limited
510230,金融ETF,金融地产,sector,10-30,proxy_buy,20,-0.0002831957738264787,0.4868421052631579,-0.09799861973775026,0.002889793494891319,76,20,sample_limited,profile_match
510230,金融ETF,金融地产,sector,10-30,short_swing_weakening,20,-0.0017766163873003116,0.5,-0.07041251778093882,0.025231541823679177,28,20,hypothesis_only,sample_limited
510230,金融ETF,金融地产,sector,10-30,proxy_rank_decline_3d,20,0.022411828612826694,0.8064516129032258,-0.07041251778093882,0.3182932427235792,31,20,hypothesis_only,sample_limited
510230,金融ETF,金融地产,sector,10-30,proxy_buy,30,-0.002452516918649659,0.5131578947368421,-0.09799861973775026,0.02502603531777009,76,30,sample_limited,profile_match
510230,金融ETF,金融地产,sector,10-30,short_swing_weakening,30,-0.005760598627301362,0.4074074074074074,-0.07632508833922269,0.07547450979288352,27,30,hypothesis_only,sample_limited
510230,金融ETF,金融地产,sector,10-30,proxy_rank_decline_3d,30,0.024410442627361223,0.6451612903225806,-0.07041251778093882,0.34667759933403924,31,30,hypothesis_only,sample_limited
510230,金融ETF,金融地产,sector,10-30,proxy_buy,60,-0.029920822482068177,0.2236842105263158,-0.13251366120218577,0.22579424800900938,76,60,sample_limited,profile_mismatch
510230,金融ETF,金融地产,sector,10-30,short_swing_weakening,60,0.0017174454774674184,0.3181818181818182,-0.10247349823321561,0.016759898969768247,22,60,hypothesis_only,sample_limited
510230,金融ETF,金融地产,sector,10-30,proxy_rank_decline_3d,60,0.016155903801078952,0.43333333333333335,-0.10247349823321561,0.1576593370932876,30,60,hypothesis_only,sample_limited
159940,金融ETF,金融地产,sector,10-30,proxy_buy,3,0.001730321451429907,0.5945945945945946,-0.031804733727810786,0.054404525635656384,74,3,sample_limited,profile_mismatch
159940,金融ETF,金融地产,sector,10-30,short_swing_weakening,3,0.0009515085047173429,0.5666666666666667,-0.04987735077677857,0.019076965594578797,30,3,hypothesis_only,sample_limited
159940,金融ETF,金融地产,sector,10-30,proxy_rank_decline_3d,3,0.001330742512644829,0.5263157894736842,-0.038079470198675525,0.03494645554945548,38,3,hypothesis_only,sample_limited
159940,金融ETF,金融地产,sector,10-30,proxy_buy,5,0.0019147048994817531,0.5540540540540541,-0.03328402366863914,0.057526244979984965,74,5,sample_limited,profile_mismatch
159940,金融ETF,金融地产,sector,10-30,short_swing_weakening,5,0.0004398173309201262,0.5666666666666667,-0.04987735077677857,0.008817976978939551,30,5,hypothesis_only,sample_limited
159940,金融ETF,金融地产,sector,10-30,proxy_rank_decline_3d,5,0.0005580110803556447,0.5263157894736842,-0.038079470198675525,0.014653856197165617,38,5,hypothesis_only,sample_limited
159940,金融ETF,金融地产,sector,10-30,proxy_buy,10,0.002541325742747203,0.5675675675675675,-0.05473372781065089,0.046430708164786734,74,10,sample_limited,profile_match
159940,金融ETF,金融地产,sector,10-30,short_swing_weakening,10,-0.0025850678535113505,0.5333333333333333,-0.09090909090909094,0.028435746388624845,30,10,hypothesis_only,sample_limited
159940,金融ETF,金融地产,sector,10-30,proxy_rank_decline_3d,10,0.00045298225991353166,0.47368421052631576,-0.04041204437400947,0.011209090431585833,38,10,hypothesis_only,sample_limited
159940,金融ETF,金融地产,sector,10-30,proxy_buy,20,0.008186042471332962,0.5675675675675675,-0.0850591715976331,0.09623938627167103,74,20,sample_limited,profile_match
159940,金融ETF,金融地产,sector,10-30,short_swing_weakening,20,-0.0048345280844328195,0.41379310344827586,-0.09090909090909094,0.053179808928760994,29,20,hypothesis_only,sample_limited
159940,金融ETF,金融地产,sector,10-30,proxy_rank_decline_3d,20,0.0016703368434428053,0.4857142857142857,-0.0689102564102565,0.024239306751356028,35,20,hypothesis_only,sample_limited
159940,金融ETF,金融地产,sector,10-30,proxy_buy,30,0.008927839622040698,0.527027027027027,-0.08653846153846156,0.10316614674358138,74,30,sample_limited,profile_match
159940,金融ETF,金融地产,sector,10-30,short_swing_weakening,30,-0.007877810419153962,0.32142857142857145,-0.09090909090909094,0.08665591461069355,28,30,hypothesis_only,sample_limited
159940,金融ETF,金融地产,sector,10-30,proxy_rank_decline_3d,30,0.0012920569750395064,0.45714285714285713,-0.07923930269413637,0.016305759024998555,35,30,hypothesis_only,sample_limited
159940,金融ETF,金融地产,sector,10-30,proxy_buy,60,-0.0007632803465530608,0.35135135135135137,-0.13283582089552248,0.005746043058320791,74,60,sample_limited,profile_mismatch
159940,金融ETF,金融地产,sector,10-30,short_swing_weakening,60,0.0011256204898089852,0.45454545454545453,-0.11094108645753631,0.010146110208140303,22,60,hypothesis_only,sample_limited
159940,金融ETF,金融地产,sector,10-30,proxy_rank_decline_3d,60,-0.010153662822721135,0.2727272727272727,-0.10684089162182941,0.09503536210331072,33,60,hypothesis_only,sample_limited
512070,非银ETF,金融地产,sector,10-30,proxy_buy,3,0.004970770430958421,0.6125,-0.053475935828877,0.0929534070589225,80,3,sample_limited,profile_mismatch
512070,非银ETF,金融地产,sector,10-30,short_swing_weakening,3,0.0001769528176214345,0.5862068965517241,-0.0708382526564344,0.002497983942089253,29,3,hypothesis_only,sample_limited
512070,非银ETF,金融地产,sector,10-30,proxy_rank_decline_3d,3,-0.000642394527251609,0.5384615384615384,-0.030590717299577963,0.02099965558050094,39,3,hypothesis_only,sample_limited
512070,非银ETF,金融地产,sector,10-30,proxy_buy,5,0.007271354629980317,0.6375,-0.05775401069518726,0.12590215887095527,80,5,sample_limited,profile_mismatch
512070,非银ETF,金融地产,sector,10-30,short_swing_weakening,5,-0.0011670143841017893,0.4482758620689655,-0.0708382526564344,0.016474353055570278,29,5,hypothesis_only,sample_limited
512070,非银ETF,金融地产,sector,10-30,proxy_rank_decline_3d,5,-0.002803244924633167,0.5641025641025641,-0.054994388327721744,0.05097329036424792,39,5,hypothesis_only,sample_limited
512070,非银ETF,金融地产,sector,10-30,proxy_buy,10,0.012054499967588702,0.675,-0.07947686116700192,0.1516730755415593,80,10,sample_limited,profile_match
512070,非银ETF,金融地产,sector,10-30,short_swing_weakening,10,-0.008321135441199263,0.5862068965517241,-0.10709677419354846,0.07769734899914969,29,10,hypothesis_only,sample_limited
512070,非银ETF,金融地产,sector,10-30,proxy_rank_decline_3d,10,-0.00170808459234639,0.48717948717948717,-0.10709677419354846,0.015948982639378932,39,10,hypothesis_only,sample_limited
512070,非银ETF,金融地产,sector,10-30,proxy_buy,20,0.018291753597024424,0.6375,-0.10819327731092432,0.16906552839191513,80,20,sample_limited,profile_match
512070,非银ETF,金融地产,sector,10-30,short_swing_weakening,20,-0.005542890305500576,0.5,-0.10709677419354846,0.05175590345497522,28,20,hypothesis_only,sample_limited
512070,非银ETF,金融地产,sector,10-30,proxy_rank_decline_3d,20,0.003041033605680337,0.4594594594594595,-0.1206703910614525,0.02520115812114724,37,20,hypothesis_only,sample_limited
512070,非银ETF,金融地产,sector,10-30,proxy_buy,30,0.02288783354867506,0.5375,-0.11181434599156115,0.20469496419003738,80,30,sample_limited,profile_match
512070,非银ETF,金融地产,sector,10-30,short_swing_weakening,30,-0.010236047537747647,0.39285714285714285,-0.15409836065573768,0.06642541487261772,28,30,hypothesis_only,sample_limited
512070,非银ETF,金融地产,sector,10-30,proxy_rank_decline_3d,30,0.0005510203379126285,0.5675675675675675,-0.14900662251655628,0.0036979587122136404,37,30,hypothesis_only,sample_limited
512070,非银ETF,金融地产,sector,10-30,proxy_buy,60,0.002190894969053363,0.6375,-0.22937625754527158,0.009551533329995802,80,60,sample_limited,profile_mismatch
512070,非银ETF,金融地产,sector,10-30,short_swing_weakening,60,0.008618387945553068,0.6086956521739131,-0.19112988384371699,0.04509178665435777,23,60,hypothesis_only,sample_limited
512070,非银ETF,金融地产,sector,10-30,proxy_rank_decline_3d,60,-0.0038315551109097,0.5,-0.19198312236286919,0.019957770577705473,36,60,hypothesis_only,sample_limited
515880,证券公司ETF,金融地产,sector,10-30,proxy_buy,3,0.02409446590618547,0.6363636363636364,-0.06701631701631705,0.3595313347392543,22,3,hypothesis_only,sample_limited
515880,证券公司ETF,金融地产,sector,10-30,short_swing_weakening,3,-0.04634556789699671,0.6363636363636364,-0.6572873853936136,0.07051035654555103,11,3,hypothesis_only,sample_limited
515880,证券公司ETF,金融地产,sector,10-30,proxy_rank_decline_3d,3,0.051925257655116575,1.0,-0.032350142721217945,1.6051013469272772,5,3,hypothesis_only,sample_limited
515880,证券公司ETF,金融地产,sector,10-30,proxy_buy,5,0.04082265197406304,0.85,-0.06735751295336789,0.6060593716149357,20,5,hypothesis_only,sample_limited
515880,证券公司ETF,金融地产,sector,10-30,short_swing_weakening,5,-0.046046131848634264,0.5454545454545454,-0.6759405627568764,0.06812156924098699,11,5,hypothesis_only,sample_limited
515880,证券公司ETF,金融地产,sector,10-30,proxy_rank_decline_3d,5,0.06582106804231662,0.8,-0.032350142721217945,2.03464536801396,5,5,hypothesis_only,sample_limited
515880,证券公司ETF,金融地产,sector,10-30,proxy_buy,10,0.06724202016400614,0.9333333333333333,-0.07514450867052025,0.8948361144902354,15,10,hypothesis_only,sample_limited
515880,证券公司ETF,金融地产,sector,10-30,short_swing_weakening,10,-0.020795180493274168,0.7,-0.6784698071451154,0.03065011924521258,10,10,hypothesis_only,sample_limited
515880,证券公司ETF,金融地产,sector,10-30,proxy_rank_decline_3d,10,0.11111410794516034,1.0,-0.032350142721217945,3.4347331603048032,5,10,hypothesis_only,sample_limited
515880,证券公司ETF,金融地产,sector,10-30,proxy_buy,20,0.16978084702958637,1.0,-0.04063957361758819,4.177722153957536,5,20,hypothesis_only,sample_limited
515880,证券公司ETF,金融地产,sector,10-30,short_swing_weakening,20,-0.12678170886307577,0.6666666666666666,-0.6784698071451154,0.18686418692167225,9,20,hypothesis_only,sample_limited
515880,证券公司ETF,金融地产,sector,10-30,proxy_rank_decline_3d,20,0.09639355393350635,1.0,-0.032350142721217945,2.979694858356323,4,20,hypothesis_only,sample_limited
515880,证券公司ETF,金融地产,sector,10-30,proxy_buy,30,,,,,0,30,hypothesis_only,sample_limited
515880,证券公司ETF,金融地产,sector,10-30,short_swing_weakening,30,-0.10040310007129816,0.625,-0.6784698071451154,0.14798462512838587,8,30,hypothesis_only,sample_limited
515880,证券公司ETF,金融地产,sector,10-30,proxy_rank_decline_3d,30,0.04356359622525926,1.0,-0.032350142721217945,1.3466276362572764,3,30,hypothesis_only,sample_limited
515880,证券公司ETF,金融地产,sector,10-30,proxy_buy,60,,,,,0,60,hypothesis_only,sample_limited
515880,证券公司ETF,金融地产,sector,10-30,short_swing_weakening,60,-0.1563043747702594,0.4,-0.6784698071451154,0.23037779002718103,5,60,hypothesis_only,sample_limited
515880,证券公司ETF,金融地产,sector,10-30,proxy_rank_decline_3d,60,0.487571319592182,1.0,-0.032350142721217945,15.07168990857007,3,60,hypothesis_only,sample_limited
512010,医药ETF,消费医药,sector,10-30,proxy_buy,3,0.0037593971874706165,0.53125,-0.07142857142857151,0.052631560624588576,64,3,sample_limited,profile_mismatch
512010,医药ETF,消费医药,sector,10-30,short_swing_weakening,3,-0.0013593798190372982,0.42424242424242425,-0.06557377049180324,0.02073054224031881,33,3,hypothesis_only,sample_limited
512010,医药ETF,消费医药,sector,10-30,proxy_rank_decline_3d,3,0.0029437842837223105,0.5806451612903226,-0.046575342465753455,0.06320478020933191,31,3,hypothesis_only,sample_limited
512010,医药ETF,消费医药,sector,10-30,proxy_buy,5,0.006440546927158541,0.546875,-0.07142857142857151,0.09016765698021947,64,5,sample_limited,profile_mismatch
512010,医药ETF,消费医药,sector,10-30,short_swing_weakening,5,-0.004791196883233807,0.45454545454545453,-0.06557377049180324,0.0730657524693156,33,5,hypothesis_only,sample_limited
512010,医药ETF,消费医药,sector,10-30,proxy_rank_decline_3d,5,0.006249007154116474,0.6206896551724138,-0.046575342465753455,0.13416985948544186,29,5,hypothesis_only,sample_limited
512010,医药ETF,消费医药,sector,10-30,proxy_buy,10,0.011564412994582664,0.5625,-0.0758928571428572,0.1523781476933244,64,10,sample_limited,profile_match
512010,医药ETF,消费医药,sector,10-30,short_swing_weakening,10,-0.006353382505746261,0.36363636363636365,-0.06666666666666654,0.0953007375861941,33,10,hypothesis_only,sample_limited
512010,医药ETF,消费医药,sector,10-30,proxy_rank_decline_3d,10,0.0014120574885820743,0.5517241379310345,-0.05882352941176472,0.024004977305895257,29,10,hypothesis_only,sample_limited
512010,医药ETF,消费医药,sector,10-30,proxy_buy,20,0.01685784916094795,0.59375,-0.1026785714285714,0.1641807918283627,64,20,sample_limited,profile_match
512010,医药ETF,消费医药,sector,10-30,short_swing_weakening,20,-0.004839027474301032,0.375,-0.11202185792349717,0.043197172087662904,32,20,hypothesis_only,sample_limited
512010,医药ETF,消费医药,sector,10-30,proxy_rank_decline_3d,20,0.014380846690148986,0.6,-0.059090909090909194,0.24336817475636702,25,20,hypothesis_only,sample_limited
512010,医药ETF,消费医药,sector,10-30,proxy_buy,30,0.025557551577667405,0.671875,-0.1205357142857143,0.21203302049620362,64,30,sample_limited,profile_match
512010,医药ETF,消费医药,sector,10-30,short_swing_weakening,30,-0.004432560726017158,0.41935483870967744,-0.11441647597254001,0.038740580745389976,31,30,hypothesis_only,sample_limited
512010,医药ETF,消费医药,sector,10-30,proxy_rank_decline_3d,30,0.027021836124842588,0.64,-0.08863636363636362,0.30486174089566,25,30,hypothesis_only,sample_limited
512010,医药ETF,消费医药,sector,10-30,proxy_buy,60,-0.003258468445258348,0.375,-0.15625,0.020854198049653428,64,60,sample_limited,profile_mismatch
512010,医药ETF,消费医药,sector,10-30,short_swing_weakening,60,0.0042736661305561715,0.37037037037037035,-0.1389521640091116,0.030756384119904258,27,60,hypothesis_only,sample_limited
512010,医药ETF,消费医药,sector,10-30,proxy_rank_decline_3d,60,0.04152384868847347,0.5714285714285714,-0.14090909090909087,0.29468537778916665,21,60,hypothesis_only,sample_limited
159929,医药ETF,消费医药,sector,10-30,proxy_buy,3,0.004667028641755385,0.5625,-0.03917220990391712,0.11914131608103871,64,3,sample_limited,profile_mismatch
159929,医药ETF,消费医药,sector,10-30,short_swing_weakening,3,-0.0019560435698792785,0.45161290322580644,-0.04961832061068694,0.039421801177567065,31,3,hypothesis_only,sample_limited
159929,医药ETF,消费医药,sector,10-30,proxy_rank_decline_3d,3,0.003065271215272935,0.6060606060606061,-0.04961832061068694,0.06177700449242387,33,3,hypothesis_only,sample_limited
159929,医药ETF,消费医药,sector,10-30,proxy_buy,5,0.005747150300783389,0.578125,-0.05469327420546932,0.10507965347243144,64,5,sample_limited,profile_mismatch
159929,医药ETF,消费医药,sector,10-30,short_swing_weakening,5,-0.006406593674757556,0.41935483870967744,-0.06320541760722331,0.10136146421134302,31,5,hypothesis_only,sample_limited
159929,医药ETF,消费医药,sector,10-30,proxy_rank_decline_3d,5,0.007926324099379201,0.5806451612903226,-0.04961832061068694,0.15974591646441186,31,5,hypothesis_only,sample_limited
159929,医药ETF,消费医药,sector,10-30,proxy_buy,10,0.011035351598471074,0.578125,-0.05718585402558318,0.19297345097852694,64,10,sample_limited,profile_match
159929,医药ETF,消费医药,sector,10-30,short_swing_weakening,10,-0.004818121730563263,0.41935483870967744,-0.06354009077155831,0.07582805866434081,31,10,hypothesis_only,sample_limited
159929,医药ETF,消费医药,sector,10-30,proxy_rank_decline_3d,10,0.0030760427213764327,0.5483870967741935,-0.06341107871720131,0.04850954728423513,31,10,hypothesis_only,sample_limited
159929,医药ETF,消费医药,sector,10-30,proxy_buy,20,0.015163913525913139,0.59375,-0.1151241534988714,0.13171791552901013,64,20,sample_limited,profile_match
159929,医药ETF,消费医药,sector,10-30,short_swing_weakening,20,-0.007842946494639813,0.43333333333333335,-0.10570342205323191,0.07419765928382271,30,20,hypothesis_only,sample_limited
159929,医药ETF,消费医药,sector,10-30,proxy_rank_decline_3d,20,0.010375424339928701,0.5862068965517241,-0.07914201183431946,0.13109881969704312,29,20,hypothesis_only,sample_limited
159929,医药ETF,消费医药,sector,10-30,proxy_buy,30,0.025965194100914513,0.6825396825396826,-0.08607594936708873,0.30165446087827114,63,30,sample_limited,profile_match
159929,医药ETF,消费医药,sector,10-30,short_swing_weakening,30,-0.004654662037500975,0.4482758620689655,-0.09833585476550688,0.047334332412125264,29,30,hypothesis_only,sample_limited
159929,医药ETF,消费医药,sector,10-30,proxy_rank_decline_3d,30,0.023411912653687292,0.5517241379310345,-0.0925655976676385,0.2529223949673934,29,30,hypothesis_only,sample_limited
159929,医药ETF,消费医药,sector,10-30,proxy_buy,60,0.002935618274180609,0.4444444444444444,-0.13670886075949362,0.021473504042617424,63,60,sample_limited,profile_mismatch
159929,医药ETF,消费医药,sector,10-30,short_swing_weakening,60,0.012047032024254662,0.375,-0.12,0.10039193353545552,24,60,hypothesis_only,sample_limited
159929,医药ETF,消费医药,sector,10-30,proxy_rank_decline_3d,60,0.01916083685633818,0.48,-0.11756935270805813,0.16297475842975284,25,60,hypothesis_only,sample_limited
512170,医疗ETF,消费医药,sector,10-30,proxy_buy,3,0.0010043296741614005,0.5846153846153846,-0.053299492385786795,0.01884313769617104,65,3,sample_limited,profile_mismatch
512170,医疗ETF,消费医药,sector,10-30,short_swing_weakening,3,-0.0032115641676919685,0.42857142857142855,-0.09495548961424338,0.03382178514100602,35,3,hypothesis_only,sample_limited
512170,医疗ETF,消费医药,sector,10-30,proxy_rank_decline_3d,3,-0.0072355462609673266,0.358974358974359,-0.06024096385542177,0.12011006793205746,39,3,hypothesis_only,sample_limited
512170,医疗ETF,消费医药,sector,10-30,proxy_buy,5,0.002982495918157144,0.49230769230769234,-0.056910569105691144,0.05240671399047545,65,5,sample_limited,profile_mismatch
512170,医疗ETF,消费医药,sector,10-30,short_swing_weakening,5,-0.00425137967733393,0.42857142857142855,-0.09495548961424338,0.04477234222692292,35,5,hypothesis_only,sample_limited
512170,医疗ETF,消费医药,sector,10-30,proxy_rank_decline_3d,5,-0.00652903581342168,0.35135135135135137,-0.06389776357827481,0.10217941048004921,37,5,hypothesis_only,sample_limited
512170,医疗ETF,消费医药,sector,10-30,proxy_buy,10,0.011306761009143684,0.6153846153846154,-0.07272727272727275,0.15546796387572562,65,10,sample_limited,profile_match
512170,医疗ETF,消费医药,sector,10-30,short_swing_weakening,10,-0.007630963140573648,0.42857142857142855,-0.11078717201166188,0.06887948308465157,35,10,hypothesis_only,sample_limited
512170,医疗ETF,消费医药,sector,10-30,proxy_rank_decline_3d,10,-0.007688664560411688,0.42424242424242425,-0.1055718475073315,0.07282873930834395,33,10,hypothesis_only,sample_limited
512170,医疗ETF,消费医药,sector,10-30,proxy_buy,20,0.017062576622595117,0.6,-0.09610389610389614,0.17754302701889507,65,20,sample_limited,profile_match
512170,医疗ETF,消费医药,sector,10-30,short_swing_weakening,20,-0.018005372393603475,0.35294117647058826,-0.11078717201166188,0.16252217713173653,34,20,hypothesis_only,sample_limited
512170,医疗ETF,消费医药,sector,10-30,proxy_rank_decline_3d,20,-0.0014263586882532066,0.5172413793103449,-0.13353115727002973,0.010681841732029565,29,20,hypothesis_only,sample_limited
512170,医疗ETF,消费医药,sector,10-30,proxy_buy,30,0.015845934034907066,0.5692307692307692,-0.1324675324675324,0.11962126673410242,65,30,sample_limited,profile_match
512170,医疗ETF,消费医药,sector,10-30,short_swing_weakening,30,-0.00988771858965227,0.3548387096774194,-0.1333333333333333,0.07415788942239204,31,30,hypothesis_only,sample_limited
512170,医疗ETF,消费医药,sector,10-30,proxy_rank_decline_3d,30,0.009925925000073015,0.5357142857142857,-0.1055718475073315,0.09402056736180261,28,30,hypothesis_only,sample_limited
512170,医疗ETF,消费医药,sector,10-30,proxy_buy,60,-0.027534562140572826,0.3384615384615385,-0.18961038961038967,0.14521652635781554,65,60,sample_limited,profile_mismatch
512170,医疗ETF,消费医药,sector,10-30,short_swing_weakening,60,0.0026645083423908053,0.38461538461538464,-0.16800000000000004,0.015860168704707172,26,60,hypothesis_only,sample_limited
512170,医疗ETF,消费医药,sector,10-30,proxy_rank_decline_3d,60,0.0010237217751306777,0.375,-0.16129032258064513,0.006347075005810204,24,60,hypothesis_only,sample_limited
512690,酒ETF,消费医药,sector,10-30,proxy_buy,3,0.005230739816198445,0.5333333333333333,-0.03639240506329122,0.14373163321032215,30,3,hypothesis_only,sample_limited
512690,酒ETF,消费医药,sector,10-30,short_swing_weakening,3,-0.007067454372322154,0.36666666666666664,-0.0427927927927928,0.1651552495426861,30,3,hypothesis_only,sample_limited
512690,酒ETF,消费医药,sector,10-30,proxy_rank_decline_3d,3,-0.013217326847985945,0.11428571428571428,-0.0427927927927928,0.3088680589739873,35,3,hypothesis_only,sample_limited
512690,酒ETF,消费医药,sector,10-30,proxy_buy,5,0.007299607508056235,0.6333333333333333,-0.04200323101777059,0.17378680951872347,30,5,hypothesis_only,sample_limited
512690,酒ETF,消费医药,sector,10-30,short_swing_weakening,5,-0.007367099077449655,0.3448275862068966,-0.05309734513274322,0.13874703262530222,29,5,hypothesis_only,sample_limited
512690,酒ETF,消费医药,sector,10-30,proxy_rank_decline_3d,5,-0.019445691661400134,0.09090909090909091,-0.05545927209705359,0.350630127769622,33,5,hypothesis_only,sample_limited
512690,酒ETF,消费医药,sector,10-30,proxy_buy,10,0.008482922067549343,0.5333333333333333,-0.06369426751592366,0.13318187646052448,30,10,hypothesis_only,sample_limited
512690,酒ETF,消费医药,sector,10-30,short_swing_weakening,10,-0.018403288065396636,0.20689655172413793,-0.0788990825688074,0.23325097664281766,29,10,hypothesis_only,sample_limited
512690,酒ETF,消费医药,sector,10-30,proxy_rank_decline_3d,10,-0.021873129096542456,0.2727272727272727,-0.0788990825688074,0.2772291943631542,33,10,hypothesis_only,sample_limited
512690,酒ETF,消费医药,sector,10-30,proxy_buy,20,-0.004612036353546833,0.36666666666666664,-0.08121019108280259,0.05679134960838059,30,20,hypothesis_only,sample_limited
512690,酒ETF,消费医药,sector,10-30,short_swing_weakening,20,-0.030774247003181064,0.1724137931034483,-0.11150442477876099,0.27599126280630654,29,20,hypothesis_only,sample_limited
512690,酒ETF,消费医药,sector,10-30,proxy_rank_decline_3d,20,-0.03773207430117878,0.09090909090909091,-0.09555189456342661,0.39488567415199205,33,20,hypothesis_only,sample_limited
512690,酒ETF,消费医药,sector,10-30,proxy_buy,30,-0.024567056340380238,0.3,-0.08702531645569633,0.2822978110385507,30,30,hypothesis_only,sample_limited
512690,酒ETF,消费医药,sector,10-30,short_swing_weakening,30,-0.0398234729323843,0.18518518518518517,-0.14336283185840704,0.2777810148987301,27,30,hypothesis_only,sample_limited
512690,酒ETF,消费医药,sector,10-30,proxy_rank_decline_3d,30,-0.04890504458185824,0.15151515151515152,-0.12635379061371854,0.3870484956907062,33,30,hypothesis_only,sample_limited
512690,酒ETF,消费医药,sector,10-30,proxy_buy,60,-0.04718064337924132,0.3,-0.12579617834394896,0.375056253698273,30,60,hypothesis_only,sample_limited
512690,酒ETF,消费医药,sector,10-30,short_swing_weakening,60,-0.06741483226305511,0.17391304347826086,-0.18230088495575214,0.36979980804491414,23,60,hypothesis_only,sample_limited
512690,酒ETF,消费医药,sector,10-30,proxy_rank_decline_3d,60,-0.05324859941046443,0.25,-0.1859205776173286,0.2864050880912357,32,60,hypothesis_only,sample_limited
159928,消费ETF,消费医药,sector,10-30,proxy_buy,3,0.0029527496816784053,0.5333333333333333,-0.02941176470588236,0.10039348917706575,30,3,hypothesis_only,sample_limited
159928,消费ETF,消费医药,sector,10-30,short_swing_weakening,3,-0.00467985519712454,0.37142857142857144,-0.04415584415584417,0.10598495593487925,35,3,hypothesis_only,sample_limited
159928,消费ETF,消费医药,sector,10-30,proxy_rank_decline_3d,3,-0.01107016238673741,0.2,-0.04415584415584417,0.2507066187584648,25,3,hypothesis_only,sample_limited
159928,消费ETF,消费医药,sector,10-30,proxy_buy,5,0.004428607581574396,0.6,-0.03986332574031892,0.11109478447492337,30,5,hypothesis_only,sample_limited
159928,消费ETF,消费医药,sector,10-30,short_swing_weakening,5,-0.004710383973301112,0.4,-0.05294117647058827,0.08897391949568761,35,5,hypothesis_only,sample_limited
159928,消费ETF,消费医药,sector,10-30,proxy_rank_decline_3d,5,-0.012138363074048426,0.17391304347826086,-0.04415584415584417,0.27489822255933194,23,5,hypothesis_only,sample_limited
159928,消费ETF,消费医药,sector,10-30,proxy_buy,10,0.007273720187005739,0.6,-0.0561797752808989,0.1294722193287021,30,10,hypothesis_only,sample_limited
159928,消费ETF,消费医药,sector,10-30,short_swing_weakening,10,-0.008607569585539484,0.3235294117647059,-0.07472826086956519,0.11518493118103751,34,10,hypothesis_only,sample_limited
159928,消费ETF,消费医药,sector,10-30,proxy_rank_decline_3d,10,-0.012822104307006038,0.34782608695652173,-0.06206896551724128,0.20657834716843093,23,10,hypothesis_only,sample_limited
159928,消费ETF,消费医药,sector,10-30,proxy_buy,20,0.0010801699174348921,0.4,-0.05842696629213484,0.01848752358686642,30,20,hypothesis_only,sample_limited
159928,消费ETF,消费医药,sector,10-30,short_swing_weakening,20,-0.01662012101794424,0.3235294117647059,-0.1222826086956521,0.13591565632452188,34,20,hypothesis_only,sample_limited
159928,消费ETF,消费医药,sector,10-30,proxy_rank_decline_3d,20,-0.014877184827043598,0.13636363636363635,-0.11172413793103442,0.13315998764946438,22,20,hypothesis_only,sample_limited
159928,消费ETF,消费医药,sector,10-30,proxy_buy,30,-0.0159393413561025,0.3333333333333333,-0.07415730337078663,0.21493960313532126,30,30,hypothesis_only,sample_limited
159928,消费ETF,消费医药,sector,10-30,short_swing_weakening,30,-0.02024755132845721,0.2727272727272727,-0.10904255319148926,0.18568486096341263,33,30,hypothesis_only,sample_limited
159928,消费ETF,消费医药,sector,10-30,proxy_rank_decline_3d,30,-0.02184383587263287,0.14285714285714285,-0.0788485607008762,0.27703531527354985,21,30,hypothesis_only,sample_limited
159928,消费ETF,消费医药,sector,10-30,proxy_buy,60,-0.04069290868834637,0.26666666666666666,-0.11123595505617978,0.3658251387134169,30,60,hypothesis_only,sample_limited
159928,消费ETF,消费医药,sector,10-30,short_swing_weakening,60,-0.02148493780762537,0.25925925925925924,-0.11406844106463887,0.1883512881135156,27,60,hypothesis_only,sample_limited
159928,消费ETF,消费医药,sector,10-30,proxy_rank_decline_3d,60,-0.04502677418407289,0.2777777777777778,-0.12390488110137687,0.3633979047785272,18,60,hypothesis_only,sample_limited
515650,消费50ETF,消费医药,sector,10-30,proxy_buy,3,0.002901590119510702,0.5172413793103449,-0.02110389610389607,0.13749073181681504,29,3,hypothesis_only,sample_limited
515650,消费50ETF,消费医药,sector,10-30,short_swing_weakening,3,-0.004515521201268541,0.2647058823529412,-0.036649214659685736,0.12320922134889918,34,3,hypothesis_only,sample_limited
515650,消费50ETF,消费医药,sector,10-30,proxy_rank_decline_3d,3,-0.0034189737238732,0.3055555555555556,-0.036649214659685736,0.09328914017996907,36,3,hypothesis_only,sample_limited
515650,消费50ETF,消费医药,sector,10-30,proxy_buy,5,0.003673196229158347,0.5517241379310345,-0.025974025974025983,0.1414180548225963,29,5,hypothesis_only,sample_limited
515650,消费50ETF,消费医药,sector,10-30,short_swing_weakening,5,-0.004088823907773734,0.42424242424242425,-0.07312925170068019,0.055912289715603684,33,5,hypothesis_only,sample_limited
515650,消费50ETF,消费医药,sector,10-30,proxy_rank_decline_3d,5,-0.00404215099030939,0.3235294117647059,-0.036649214659685736,0.11029297702129945,34,5,hypothesis_only,sample_limited
515650,消费50ETF,消费医药,sector,10-30,proxy_buy,10,0.005495768344589911,0.6551724137931034,-0.04303797468354442,0.12769579388900051,29,10,hypothesis_only,sample_limited
515650,消费50ETF,消费医药,sector,10-30,short_swing_weakening,10,-0.0057182499507539945,0.45454545454545453,-0.07312925170068019,0.07819374351263611,33,10,hypothesis_only,sample_limited
515650,消费50ETF,消费医药,sector,10-30,proxy_rank_decline_3d,10,-0.004445223105984089,0.35294117647058826,-0.05215004574565407,0.08523910271650206,34,10,hypothesis_only,sample_limited
515650,消费50ETF,消费医药,sector,10-30,proxy_buy,20,-0.0005386072907920603,0.3448275862068966,-0.05485232067510548,0.00981922522443987,29,20,hypothesis_only,sample_limited
515650,消费50ETF,消费医药,sector,10-30,short_swing_weakening,20,-0.011041548646057367,0.3939393939393939,-0.07447774750227076,0.1482529885281603,33,20,hypothesis_only,sample_limited
515650,消费50ETF,消费医药,sector,10-30,proxy_rank_decline_3d,20,-0.010761476773365475,0.25,-0.0768526989935957,0.14002731087248155,32,20,hypothesis_only,sample_limited
515650,消费50ETF,消费医药,sector,10-30,proxy_buy,30,-0.008082684658437292,0.3103448275862069,-0.05485232067510548,0.14735355877304912,29,30,hypothesis_only,sample_limited
515650,消费50ETF,消费医药,sector,10-30,short_swing_weakening,30,-0.01720971081103106,0.34375,-0.0885509838998213,0.1943480473407342,32,30,hypothesis_only,sample_limited
515650,消费50ETF,消费医药,sector,10-30,proxy_rank_decline_3d,30,-0.01209879937438301,0.3225806451612903,-0.07699275362318858,0.15714205305080955,31,30,hypothesis_only,sample_limited
515650,消费50ETF,消费医药,sector,10-30,proxy_buy,60,-0.006444478096288288,0.3448275862068966,-0.05702811244979933,0.11300528492787183,29,60,hypothesis_only,sample_limited
515650,消费50ETF,消费医药,sector,10-30,short_swing_weakening,60,-0.01647617730262501,0.2692307692307692,-0.10915197313182212,0.15094713205712587,26,60,hypothesis_only,sample_limited
515650,消费50ETF,消费医药,sector,10-30,proxy_rank_decline_3d,60,-0.014392706453569715,0.2222222222222222,-0.10271646859083194,0.1401207289446704,27,60,hypothesis_only,sample_limited
159996,家电ETF,消费医药,sector,10-30,proxy_buy,3,0.0007300621242063881,0.5480769230769231,-0.04786545924967667,0.015252378973284785,104,3,sample_limited,profile_mismatch
159996,家电ETF,消费医药,sector,10-30,short_swing_weakening,3,-0.00045663826957636187,0.5,-0.04786545924967667,0.009540037361689922,26,3,hypothesis_only,sample_limited
159996,家电ETF,消费医药,sector,10-30,proxy_rank_decline_3d,3,0.0022189999168165317,0.4418604651162791,-0.05487804878048774,0.04043510959532351,43,3,sample_limited,profile_mismatch
159996,家电ETF,消费医药,sector,10-30,proxy_buy,5,0.0007635437313399823,0.5288461538461539,-0.05671447196870927,0.013462943492822213,104,5,sample_limited,profile_mismatch
159996,家电ETF,消费医药,sector,10-30,short_swing_weakening,5,-0.0014703312077911175,0.5,-0.06875834445927897,0.021384040284185397,26,5,hypothesis_only,sample_limited
159996,家电ETF,消费医药,sector,10-30,proxy_rank_decline_3d,5,0.0014665931459379043,0.5348837209302325,-0.05487804878048774,0.02672458621486851,43,5,sample_limited,profile_mismatch
159996,家电ETF,消费医药,sector,10-30,proxy_buy,10,0.003593262056604284,0.5096153846153846,-0.06542056074766356,0.05492557715095119,104,10,sample_limited,profile_match
159996,家电ETF,消费医药,sector,10-30,short_swing_weakening,10,-0.006329881253431979,0.4230769230769231,-0.1335227272727273,0.04740677023846929,26,10,hypothesis_only,sample_limited
159996,家电ETF,消费医药,sector,10-30,proxy_rank_decline_3d,10,0.003548297551127041,0.5384615384615384,-0.08464566929133854,0.04191942223191948,39,10,hypothesis_only,sample_limited
159996,家电ETF,消费医药,sector,10-30,proxy_buy,20,0.015871195775095305,0.6170212765957447,-0.06666666666666665,0.23806793662642964,94,20,sample_limited,profile_match
159996,家电ETF,消费医药,sector,10-30,short_swing_weakening,20,-0.0007265146633977748,0.4,-0.13423295454545447,0.005412342042667023,25,20,hypothesis_only,sample_limited
159996,家电ETF,消费医药,sector,10-30,proxy_rank_decline_3d,20,0.012931266134686138,0.6,-0.11931818181818188,0.10837632570022662,35,20,hypothesis_only,sample_limited
159996,家电ETF,消费医药,sector,10-30,proxy_buy,30,0.02040383994528661,0.5531914893617021,-0.13084112149532712,0.15594363386754764,94,30,sample_limited,profile_match
159996,家电ETF,消费医药,sector,10-30,short_swing_weakening,30,0.00868964303420936,0.4583333333333333,-0.13423295454545447,0.06473554175749621,24,30,hypothesis_only,sample_limited
159996,家电ETF,消费医药,sector,10-30,proxy_rank_decline_3d,30,0.01910602260685254,0.5588235294117647,-0.11931818181818188,0.16012666565743075,34,30,hypothesis_only,sample_limited
159996,家电ETF,消费医药,sector,10-30,proxy_buy,60,0.016097249849461436,0.5425531914893617,-0.14731051344743273,0.10927427698638553,94,60,sample_limited,profile_mismatch
159996,家电ETF,消费医药,sector,10-30,short_swing_weakening,60,0.03148354986607399,0.6,-0.13423295454545447,0.23454411752080528,20,60,hypothesis_only,sample_limited
159996,家电ETF,消费医药,sector,10-30,proxy_rank_decline_3d,60,0.04420591705988689,0.7,-0.11931818181818188,0.37048768583524233,30,60,hypothesis_only,sample_limited
515170,食品饮料ETF,消费医药,sector,10-30,proxy_buy,3,0.004009679364303853,0.5652173913043478,-0.02931596091205213,0.13677461831569804,23,3,hypothesis_only,sample_limited
515170,食品饮料ETF,消费医药,sector,10-30,short_swing_weakening,3,-0.005568865020900126,0.36666666666666664,-0.043809523809523854,0.1271153972161984,30,3,hypothesis_only,sample_limited
515170,食品饮料ETF,消费医药,sector,10-30,proxy_rank_decline_3d,3,-0.004290002709328885,0.3103448275862069,-0.02972399150743088,0.14432794829242235,29,3,hypothesis_only,sample_limited
515170,食品饮料ETF,消费医药,sector,10-30,proxy_buy,5,0.004264345841499749,0.5652173913043478,-0.039151712887438905,0.10891850003497254,23,5,hypothesis_only,sample_limited
515170,食品饮料ETF,消费医药,sector,10-30,short_swing_weakening,5,-0.0066053457452944185,0.4666666666666667,-0.04402515723270428,0.15003571050025935,30,5,hypothesis_only,sample_limited
515170,食品饮料ETF,消费医药,sector,10-30,proxy_rank_decline_3d,5,-0.004630427863897446,0.25925925925925924,-0.034941763727121544,0.13251843553344567,27,5,hypothesis_only,sample_limited
515170,食品饮料ETF,消费医药,sector,10-30,proxy_buy,10,0.0014163405300735325,0.4782608695652174,-0.0587275693311583,0.02411713180375207,23,10,hypothesis_only,sample_limited
515170,食品饮料ETF,消费医药,sector,10-30,short_swing_weakening,10,-0.011822726054328448,0.2413793103448276,-0.06859205776173294,0.17236290089731454,29,10,hypothesis_only,sample_limited
515170,食品饮料ETF,消费医药,sector,10-30,proxy_rank_decline_3d,10,-0.00561616528558572,0.37037037037037035,-0.06859205776173294,0.0818777781109075,27,10,hypothesis_only,sample_limited
515170,食品饮料ETF,消费医药,sector,10-30,proxy_buy,20,-0.015038762438873544,0.2608695652173913,-0.06035889070146827,0.24915571283863433,23,20,hypothesis_only,sample_limited
515170,食品饮料ETF,消费医药,sector,10-30,short_swing_weakening,20,-0.01958774907827188,0.3103448275862069,-0.08678500986193294,0.2257042905155419,29,20,hypothesis_only,sample_limited
515170,食品饮料ETF,消费医药,sector,10-30,proxy_rank_decline_3d,20,-0.013918127677380609,0.25925925925925924,-0.07857142857142863,0.1771398068030258,27,20,hypothesis_only,sample_limited
515170,食品饮料ETF,消费医药,sector,10-30,proxy_buy,30,-0.030758129735762568,0.17391304347826086,-0.07177814029363794,0.4285166710914189,23,30,hypothesis_only,sample_limited
515170,食品饮料ETF,消费医药,sector,10-30,short_swing_weakening,30,-0.0216165478672977,0.34615384615384615,-0.09386281588447665,0.2302993753554406,26,30,hypothesis_only,sample_limited
515170,食品饮料ETF,消费医药,sector,10-30,proxy_rank_decline_3d,30,-0.03279701568720193,0.14814814814814814,-0.10357142857142865,0.3166608411178115,27,30,hypothesis_only,sample_limited
515170,食品饮料ETF,消费医药,sector,10-30,proxy_buy,60,-0.04671182199522792,0.21739130434782608,-0.10603588907014672,0.4405284135857653,23,60,hypothesis_only,sample_limited
515170,食品饮料ETF,消费医药,sector,10-30,short_swing_weakening,60,-0.03380038830371998,0.18181818181818182,-0.12093862815884482,0.27948380776508747,22,60,hypothesis_only,sample_limited
515170,食品饮料ETF,消费医药,sector,10-30,proxy_rank_decline_3d,60,-0.05262066979024399,0.125,-0.13035714285714295,0.40366541208954265,24,60,hypothesis_only,sample_limited
159736,食品ETF,消费医药,sector,10-30,proxy_buy,3,0.0057618493148613665,0.6153846153846154,-0.02887139107611547,0.19956950808747106,26,3,hypothesis_only,sample_limited
159736,食品ETF,消费医药,sector,10-30,short_swing_weakening,3,-0.006123478484142011,0.3225806451612903,-0.04573170731707321,0.13390006285323852,31,3,hypothesis_only,sample_limited
159736,食品ETF,消费医药,sector,10-30,proxy_rank_decline_3d,3,-0.007807077814079837,0.21875,-0.031825795644891186,0.2453066028950344,32,3,hypothesis_only,sample_limited
159736,食品ETF,消费医药,sector,10-30,proxy_buy,5,0.008097459171753828,0.6153846153846154,-0.03552631578947374,0.22792848039010738,26,5,hypothesis_only,sample_limited
159736,食品ETF,消费医药,sector,10-30,short_swing_weakening,5,-0.004118142070505981,0.43333333333333335,-0.04573170731707321,0.0900500399417307,30,5,hypothesis_only,sample_limited
159736,食品ETF,消费医药,sector,10-30,proxy_rank_decline_3d,5,-0.011632200690740243,0.16666666666666666,-0.03877005347593587,0.3000305557473687,30,5,hypothesis_only,sample_limited
159736,食品ETF,消费医药,sector,10-30,proxy_buy,10,0.0066324935633546404,0.5384615384615384,-0.05789473684210533,0.11456125245794366,26,10,hypothesis_only,sample_limited
159736,食品ETF,消费医药,sector,10-30,short_swing_weakening,10,-0.01079822684763678,0.36666666666666664,-0.06628242074927948,0.16291237896217242,30,10,hypothesis_only,sample_limited
159736,食品ETF,消费医药,sector,10-30,proxy_rank_decline_3d,10,-0.013201671860785795,0.36666666666666664,-0.0676258992805755,0.19521621155842836,30,10,hypothesis_only,sample_limited
159736,食品ETF,消费医药,sector,10-30,proxy_buy,20,-0.007948996961487423,0.34615384615384615,-0.06315789473684219,0.12585911855688403,26,20,hypothesis_only,sample_limited
159736,食品ETF,消费医药,sector,10-30,short_swing_weakening,20,-0.019227470038910264,0.3333333333333333,-0.10387596899224816,0.18510027127010611,30,20,hypothesis_only,sample_limited
159736,食品ETF,消费医药,sector,10-30,proxy_rank_decline_3d,20,-0.01930794230374118,0.20689655172413793,-0.09561128526645779,0.20194208507847308,29,20,hypothesis_only,sample_limited
159736,食品ETF,消费医药,sector,10-30,proxy_buy,30,-0.026803810586236678,0.23076923076923078,-0.06973684210526321,0.38435652916112945,26,30,hypothesis_only,sample_limited
159736,食品ETF,消费医药,sector,10-30,short_swing_weakening,30,-0.02137259328067994,0.21428571428571427,-0.1195499296765119,0.1787754567360405,28,30,hypothesis_only,sample_limited
159736,食品ETF,消费医药,sector,10-30,proxy_rank_decline_3d,30,-0.027464498551379665,0.17857142857142858,-0.1095305832147937,0.25074730495610276,28,30,hypothesis_only,sample_limited
159736,食品ETF,消费医药,sector,10-30,proxy_buy,60,-0.035673444270097866,0.23076923076923078,-0.09868421052631571,0.361490901936992,26,60,hypothesis_only,sample_limited
159736,食品ETF,消费医药,sector,10-30,short_swing_weakening,60,-0.027484818353219354,0.2608695652173913,-0.1195499296765119,0.22990242175457612,23,60,hypothesis_only,sample_limited
159736,食品ETF,消费医药,sector,10-30,proxy_rank_decline_3d,60,-0.04719891846894914,0.07407407407407407,-0.11806543385490753,0.3997691528153163,27,60,hypothesis_only,sample_limited
159766,旅游ETF,消费医药,sector,10-30,proxy_buy,3,-0.0003416117697453324,0.5,-0.05961070559610693,0.005730711729197221,88,3,sample_limited,profile_mismatch
159766,旅游ETF,消费医药,sector,10-30,short_swing_weakening,3,-0.0012759920358799692,0.5,-0.05961070559610693,0.021405417418231366,32,3,hypothesis_only,sample_limited
159766,旅游ETF,消费医药,sector,10-30,proxy_rank_decline_3d,3,-0.009239822452573336,0.2903225806451613,-0.06249999999999989,0.14783715924117363,31,3,hypothesis_only,sample_limited
159766,旅游ETF,消费医药,sector,10-30,proxy_buy,5,-0.0011316062310190874,0.5454545454545454,-0.07646356033452806,0.014799287740046506,88,5,sample_limited,profile_mismatch
159766,旅游ETF,消费医药,sector,10-30,short_swing_weakening,5,-0.005382605457852616,0.46875,-0.09215955983493807,0.058405286087445565,32,5,hypothesis_only,sample_limited
159766,旅游ETF,消费医药,sector,10-30,proxy_rank_decline_3d,5,-0.005050928566179085,0.3793103448275862,-0.06249999999999989,0.0808148570588655,29,5,hypothesis_only,sample_limited
159766,旅游ETF,消费医药,sector,10-30,proxy_buy,10,-0.0028624509332315705,0.5,-0.12019230769230771,0.023815591764486662,88,10,sample_limited,profile_match
159766,旅游ETF,消费医药,sector,10-30,short_swing_weakening,10,-0.0011545211595828323,0.4838709677419355,-0.11557177615571779,0.009989646243969348,31,10,hypothesis_only,sample_limited
159766,旅游ETF,消费医药,sector,10-30,proxy_rank_decline_3d,10,0.007099704810921818,0.6206896551724138,-0.09689440993788823,0.07327259452297515,29,10,hypothesis_only,sample_limited
159766,旅游ETF,消费医药,sector,10-30,proxy_buy,20,-0.005302516264579348,0.5227272727272727,-0.14355231143552316,0.036937867538001885,88,20,sample_limited,profile_match
159766,旅游ETF,消费医药,sector,10-30,short_swing_weakening,20,-0.01504326161270489,0.4666666666666667,-0.14355231143552316,0.10479289021731708,30,20,hypothesis_only,sample_limited
159766,旅游ETF,消费医药,sector,10-30,proxy_rank_decline_3d,20,0.009621931014498045,0.6071428571428571,-0.13167701863354053,0.07307221194972563,28,20,hypothesis_only,sample_limited
159766,旅游ETF,消费医药,sector,10-30,proxy_buy,30,-0.007460344983755801,0.6136363636363636,-0.2114695340501791,0.03527858051640457,88,30,sample_limited,profile_match
159766,旅游ETF,消费医药,sector,10-30,short_swing_weakening,30,-0.013378447991927965,0.5517241379310345,-0.1970802919708028,0.06788323610719009,29,30,hypothesis_only,sample_limited
159766,旅游ETF,消费医药,sector,10-30,proxy_rank_decline_3d,30,0.017109219787007916,0.7142857142857143,-0.18012422360248448,0.09498566847269911,28,30,hypothesis_only,sample_limited
159766,旅游ETF,消费医药,sector,10-30,proxy_buy,60,-0.020329950229858392,0.6363636363636364,-0.2700119474313023,0.07529278027606846,88,60,sample_limited,profile_mismatch
159766,旅游ETF,消费医药,sector,10-30,short_swing_weakening,60,0.009679456031273495,0.6956521739130435,-0.25790754257907544,0.03753072102691893,23,60,hypothesis_only,sample_limited
159766,旅游ETF,消费医药,sector,10-30,proxy_rank_decline_3d,60,0.01293755841236982,0.6923076923076923,-0.2422360248447205,0.053408894984398485,26,60,hypothesis_only,sample_limited
516110,汽车ETF,消费医药,sector,10-30,proxy_buy,3,0.0036934357467075644,0.5967741935483871,-0.05821474773609314,0.06344501849344328,62,3,sample_limited,profile_mismatch
516110,汽车ETF,消费医药,sector,10-30,short_swing_weakening,3,-0.005496415740075274,0.4444444444444444,-0.11459129106187926,0.047965388025056906,27,3,hypothesis_only,sample_limited
516110,汽车ETF,消费医药,sector,10-30,proxy_rank_decline_3d,3,-0.005728082436054511,0.4090909090909091,-0.11459129106187926,0.04998706605863571,44,3,sample_limited,profile_mismatch
516110,汽车ETF,消费医药,sector,10-30,proxy_buy,5,0.0048240275762973395,0.5967741935483871,-0.06894287590282333,0.0699713714161986,62,5,sample_limited,profile_mismatch
516110,汽车ETF,消费医药,sector,10-30,short_swing_weakening,5,-0.005507052278718628,0.4444444444444444,-0.11459129106187926,0.04805820955228458,27,5,hypothesis_only,sample_limited
516110,汽车ETF,消费医药,sector,10-30,proxy_rank_decline_3d,5,-0.00040251335259791887,0.5227272727272727,-0.11459129106187926,0.0035125998570045064,44,5,sample_limited,profile_mismatch
516110,汽车ETF,消费医药,sector,10-30,proxy_buy,10,0.007081773314887051,0.5645161290322581,-0.08868894601542421,0.07984955998524816,62,10,sample_limited,profile_match
516110,汽车ETF,消费医药,sector,10-30,short_swing_weakening,10,-0.006826465892183681,0.46153846153846156,-0.11526717557251909,0.05922298224344783,26,10,hypothesis_only,sample_limited
516110,汽车ETF,消费医药,sector,10-30,proxy_rank_decline_3d,10,-0.006104008886304696,0.4523809523809524,-0.11459129106187926,0.053267650881152324,42,10,sample_limited,profile_match
516110,汽车ETF,消费医药,sector,10-30,proxy_buy,20,0.019764698266738243,0.5161290322580645,-0.08868894601542421,0.222854134080034,62,20,sample_limited,profile_match
516110,汽车ETF,消费医药,sector,10-30,short_swing_weakening,20,0.0028090997566156827,0.48,-0.11863117870722428,0.023679270384292465,25,20,hypothesis_only,sample_limited
516110,汽车ETF,消费医药,sector,10-30,proxy_rank_decline_3d,20,0.002627149123599249,0.42105263157894735,-0.11459129106187926,0.02292625468527612,38,20,hypothesis_only,sample_limited
516110,汽车ETF,消费医药,sector,10-30,proxy_buy,30,0.013631350137773026,0.6129032258064516,-0.12677878395860276,0.10752075159692405,62,30,sample_limited,profile_match
516110,汽车ETF,消费医药,sector,10-30,short_swing_weakening,30,-0.003985493268649214,0.48,-0.11863117870722428,0.03359566441201101,25,30,hypothesis_only,sample_limited
516110,汽车ETF,消费医药,sector,10-30,proxy_rank_decline_3d,30,-0.0016058516205710218,0.47368421052631576,-0.11459129106187926,0.014013731808849787,38,30,hypothesis_only,sample_limited
516110,汽车ETF,消费医药,sector,10-30,proxy_buy,60,-0.002849209771453349,0.3387096774193548,-0.14524421593830328,0.01961668320522749,62,60,sample_limited,profile_mismatch
516110,汽车ETF,消费医药,sector,10-30,short_swing_weakening,60,0.012568779491946186,0.35,-0.12384716732542811,0.10148620887645916,20,60,hypothesis_only,sample_limited
516110,汽车ETF,消费医药,sector,10-30,proxy_rank_decline_3d,60,0.017535728441970322,0.47058823529411764,-0.12534435261707988,0.13990042691066434,34,60,hypothesis_only,sample_limited
512480,半导体ETF,科技成长,theme,5-20,proxy_buy,3,0.011485723833118895,0.6138613861386139,-0.12045616535994297,0.09535189667376219,101,3,sample_limited,profile_mismatch
512480,半导体ETF,科技成长,theme,5-20,short_swing_weakening,3,0.00178023285397573,0.4166666666666667,-0.058006042296072535,0.030690472638852415,24,3,hypothesis_only,sample_limited
512480,半导体ETF,科技成长,theme,5-20,proxy_rank_decline_3d,3,0.0038712000331698575,0.5789473684210527,-0.10810810810810823,0.03580860030682114,38,3,hypothesis_only,sample_limited
512480,半导体ETF,科技成长,theme,5-20,proxy_buy,5,0.0194630082100458,0.6666666666666666,-0.1286201022146508,0.1513216664807534,99,5,sample_limited,profile_match
512480,半导体ETF,科技成长,theme,5-20,short_swing_weakening,5,0.00494355887534637,0.4583333333333333,-0.07105606258148633,0.06957265426404889,24,5,hypothesis_only,sample_limited
512480,半导体ETF,科技成长,theme,5-20,proxy_rank_decline_3d,5,0.01484729177141811,0.5263157894736842,-0.10810810810810823,0.13733744888561736,38,5,hypothesis_only,sample_limited
512480,半导体ETF,科技成长,theme,5-20,proxy_buy,10,0.04089505412968622,0.6458333333333334,-0.15034071550255523,0.27201582746884795,96,10,sample_limited,profile_match
512480,半导体ETF,科技成长,theme,5-20,short_swing_weakening,10,0.013250607344299045,0.5652173913043478,-0.08360128617363338,0.15849764938757716,23,10,hypothesis_only,sample_limited
512480,半导体ETF,科技成长,theme,5-20,proxy_rank_decline_3d,10,0.016916303049514646,0.5588235294117647,-0.0983763132760267,0.17195504167807615,34,10,hypothesis_only,sample_limited
512480,半导体ETF,科技成长,theme,5-20,proxy_buy,20,0.06789467993899369,0.6395348837209303,-0.1552715654952076,0.43726409096512414,86,20,sample_limited,profile_match
512480,半导体ETF,科技成长,theme,5-20,short_swing_weakening,20,0.03306389209515293,0.5217391304347826,-0.16312056737588654,0.20269603414854623,23,20,hypothesis_only,sample_limited
512480,半导体ETF,科技成长,theme,5-20,proxy_rank_decline_3d,20,0.029709504150608912,0.5454545454545454,-0.13897280966767367,0.2137792581272077,33,20,hypothesis_only,sample_limited
512480,半导体ETF,科技成长,theme,5-20,proxy_buy,30,0.0778691085241876,0.5949367088607594,-0.16715371127995327,0.4658533030940034,79,30,sample_limited,profile_mismatch
512480,半导体ETF,科技成长,theme,5-20,short_swing_weakening,30,0.05966134872469549,0.5217391304347826,-0.16312056737588654,0.36575000739922015,23,30,hypothesis_only,sample_limited
512480,半导体ETF,科技成长,theme,5-20,proxy_rank_decline_3d,30,0.062181435136880917,0.6363636363636364,-0.1462235649546828,0.42524907087412356,33,30,hypothesis_only,sample_limited
512480,半导体ETF,科技成长,theme,5-20,proxy_buy,60,0.11939928900931648,0.7341772151898734,-0.19897959183673464,0.6000579652775907,79,60,sample_limited,profile_mismatch
512480,半导体ETF,科技成长,theme,5-20,short_swing_weakening,60,0.17497868006542766,0.85,-0.165879574970484,1.054853679825034,20,60,hypothesis_only,sample_limited
512480,半导体ETF,科技成长,theme,5-20,proxy_rank_decline_3d,60,0.18223847282852365,0.84375,-0.16784452296819785,1.0857576381152043,32,60,hypothesis_only,sample_limited
512760,芯片ETF,科技成长,theme,5-20,proxy_buy,3,0.011260710013542827,0.620253164556962,-0.11340206185567026,0.09929898830124116,79,3,sample_limited,profile_mismatch
512760,芯片ETF,科技成长,theme,5-20,short_swing_weakening,3,0.003956835352412387,0.4583333333333333,-0.05742683600220866,0.06890220022325809,24,3,hypothesis_only,sample_limited
512760,芯片ETF,科技成长,theme,5-20,proxy_rank_decline_3d,3,0.00260585182935054,0.5853658536585366,-0.10913500404203713,0.023877323799308292,41,3,sample_limited,profile_mismatch
512760,芯片ETF,科技成长,theme,5-20,proxy_buy,5,0.018385046424092315,0.6455696202531646,-0.12468193384223925,0.14745557642180157,79,5,sample_limited,profile_match
512760,芯片ETF,科技成长,theme,5-20,short_swing_weakening,5,0.004475510550883068,0.4583333333333333,-0.07027992852888632,0.06368120521129375,24,5,hypothesis_only,sample_limited
512760,芯片ETF,科技成长,theme,5-20,proxy_rank_decline_3d,5,-0.0029208812607156576,0.5121951219512195,-0.4900704676489429,0.00596012503003548,41,5,sample_limited,profile_match
512760,芯片ETF,科技成长,theme,5-20,proxy_buy,10,0.041208218205395504,0.620253164556962,-0.1258278145695364,0.32749689205340643,79,10,sample_limited,profile_match
512760,芯片ETF,科技成长,theme,5-20,short_swing_weakening,10,-0.001445496878546405,0.5217391304347826,-0.5425848719475879,0.002664093588451607,23,10,hypothesis_only,sample_limited
512760,芯片ETF,科技成长,theme,5-20,proxy_rank_decline_3d,10,-0.009754377026587957,0.5675675675675675,-0.5283687943262412,0.0184613041711262,37,10,hypothesis_only,sample_limited
512760,芯片ETF,科技成长,theme,5-20,proxy_buy,20,0.07284657831618875,0.6329113924050633,-0.1601830663615561,0.4547707817739211,79,20,sample_limited,profile_match
512760,芯片ETF,科技成长,theme,5-20,short_swing_weakening,20,-0.03064772738043637,0.391304347826087,-0.5604638321369408,0.05468279239997071,23,20,hypothesis_only,sample_limited
512760,芯片ETF,科技成长,theme,5-20,proxy_rank_decline_3d,20,-0.051733242564222945,0.4411764705882353,-0.5604638321369408,0.09230433722542637,34,20,hypothesis_only,sample_limited
512760,芯片ETF,科技成长,theme,5-20,proxy_buy,30,0.08835962065637129,0.6075949367088608,-0.16746666666666665,0.5276251233461662,79,30,sample_limited,profile_mismatch
512760,芯片ETF,科技成长,theme,5-20,short_swing_weakening,30,-0.03424849204607554,0.43478260869565216,-0.5764770844837106,0.05940997997647778,23,30,hypothesis_only,sample_limited
512760,芯片ETF,科技成长,theme,5-20,proxy_rank_decline_3d,30,-0.05907312095860415,0.4411764705882353,-0.5764770844837106,0.10247262649045222,34,30,hypothesis_only,sample_limited
512760,芯片ETF,科技成长,theme,5-20,proxy_buy,60,0.006441541230436077,0.6075949367088608,-0.6038223140495868,0.010667941678463853,79,60,sample_limited,profile_mismatch
512760,芯片ETF,科技成长,theme,5-20,short_swing_weakening,60,0.06561220229462136,0.6666666666666666,-0.5882984433709071,0.11152877087124052,21,60,hypothesis_only,sample_limited
512760,芯片ETF,科技成长,theme,5-20,proxy_rank_decline_3d,60,0.04512324576788228,0.6875,-0.5902777777777778,0.07644408694794173,32,60,hypothesis_only,sample_limited
159995,芯片ETF,科技成长,theme,5-20,proxy_buy,3,0.011424136169491695,0.59375,-0.12254610350981554,0.09322316942192013,96,3,sample_limited,profile_mismatch
159995,芯片ETF,科技成长,theme,5-20,short_swing_weakening,3,0.0028404601114542104,0.44,-0.06004140786749479,0.04730835289077188,25,3,hypothesis_only,sample_limited
159995,芯片ETF,科技成长,theme,5-20,proxy_rank_decline_3d,3,0.0030043379976809714,0.5909090909090909,-0.10618126659082283,0.02829442607101688,44,3,sample_limited,profile_mismatch
159995,芯片ETF,科技成长,theme,5-20,proxy_buy,5,0.019791927943126023,0.648936170212766,-0.13568023469013557,0.14587185811055325,94,5,sample_limited,profile_match
159995,芯片ETF,科技成长,theme,5-20,short_swing_weakening,5,0.004887358023076875,0.56,-0.06889010388190264,0.07094426844609214,25,5,hypothesis_only,sample_limited
159995,芯片ETF,科技成长,theme,5-20,proxy_rank_decline_3d,5,0.013498812194354113,0.5681818181818182,-0.10618126659082283,0.12712988484468507,44,5,sample_limited,profile_match
159995,芯片ETF,科技成长,theme,5-20,proxy_buy,10,0.04475068637581983,0.6153846153846154,-0.15914924825815902,0.28118691646742117,91,10,sample_limited,profile_match
159995,芯片ETF,科技成长,theme,5-20,short_swing_weakening,10,0.014558995436941419,0.5416666666666666,-0.09034792368125699,0.16114366378030817,24,10,hypothesis_only,sample_limited
159995,芯片ETF,科技成长,theme,5-20,proxy_rank_decline_3d,10,0.021793185814798388,0.65,-0.0973072215422276,0.22396267686402888,40,10,sample_limited,profile_match
159995,芯片ETF,科技成长,theme,5-20,proxy_buy,20,0.07727861697832503,0.6419753086419753,-0.16314677930306232,0.4736754063331637,81,20,sample_limited,profile_match
159995,芯片ETF,科技成长,theme,5-20,short_swing_weakening,20,0.034235534655403355,0.4583333333333333,-0.13923395445134568,0.24588495522022052,24,20,hypothesis_only,sample_limited
159995,芯片ETF,科技成长,theme,5-20,proxy_rank_decline_3d,20,0.02471119112497426,0.5135135135135135,-0.13923395445134568,0.17747963291245464,37,20,hypothesis_only,sample_limited
159995,芯片ETF,科技成长,theme,5-20,proxy_buy,30,0.08817020997251093,0.6052631578947368,-0.17263681592039792,0.5107265764978302,76,30,sample_limited,profile_mismatch
159995,芯片ETF,科技成长,theme,5-20,short_swing_weakening,30,0.05931927116581762,0.5,-0.1620082815734989,0.3661496226592962,24,30,hypothesis_only,sample_limited
159995,芯片ETF,科技成长,theme,5-20,proxy_rank_decline_3d,30,0.044313401394516956,0.5405405405405406,-0.1620082815734989,0.27352553193037316,37,30,hypothesis_only,sample_limited
159995,芯片ETF,科技成长,theme,5-20,proxy_buy,60,0.11345425072920277,0.631578947368421,-0.21711798839458418,0.5225465267438559,76,60,sample_limited,profile_mismatch
159995,芯片ETF,科技成长,theme,5-20,short_swing_weakening,60,0.18478247114764518,0.8095238095238095,-0.184382871536524,1.0021672273991136,21,60,hypothesis_only,sample_limited
159995,芯片ETF,科技成长,theme,5-20,proxy_rank_decline_3d,60,0.1647553368901602,0.8333333333333334,-0.19130869130869121,0.8612015259898195,36,60,hypothesis_only,sample_limited
588200,科创芯片ETF,科技成长,theme,5-20,proxy_buy,3,0.01439517443720169,0.6274509803921569,-0.12848158131177,0.11204076327696139,102,3,sample_limited,profile_mismatch
588200,科创芯片ETF,科技成长,theme,5-20,short_swing_weakening,3,-0.0033710059819909567,0.48148148148148145,-0.10420711974110031,0.0323490946719008,27,3,hypothesis_only,sample_limited
588200,科创芯片ETF,科技成长,theme,5-20,proxy_rank_decline_3d,3,0.007059525066127922,0.675,-0.10420711974110031,0.06774513184576175,40,3,sample_limited,profile_mismatch
588200,科创芯片ETF,科技成长,theme,5-20,proxy_buy,5,0.024655996753630883,0.66,-0.1400709219858155,0.17602509074744085,100,5,sample_limited,profile_match
588200,科创芯片ETF,科技成长,theme,5-20,short_swing_weakening,5,0.006335912388384741,0.48148148148148145,-0.10420711974110031,0.06080114683263619,27,5,hypothesis_only,sample_limited
588200,科创芯片ETF,科技成长,theme,5-20,proxy_rank_decline_3d,5,0.014425800622737735,0.55,-0.10420711974110031,0.1384339252306199,40,5,sample_limited,profile_match
588200,科创芯片ETF,科技成长,theme,5-20,proxy_buy,10,0.050936808163374155,0.6494845360824743,-0.154969262295082,0.32868975052861593,97,10,sample_limited,profile_match
588200,科创芯片ETF,科技成长,theme,5-20,short_swing_weakening,10,0.02468386605515456,0.6,-0.10420711974110031,0.23687312456654536,25,10,hypothesis_only,sample_limited
588200,科创芯片ETF,科技成长,theme,5-20,proxy_rank_decline_3d,10,0.020220697993875516,0.5897435897435898,-0.10420711974110031,0.19404334410271848,39,10,hypothesis_only,sample_limited
588200,科创芯片ETF,科技成长,theme,5-20,proxy_buy,20,0.09205061842494851,0.6666666666666666,-0.1600627697136131,0.575090750895083,87,20,sample_limited,profile_match
588200,科创芯片ETF,科技成长,theme,5-20,short_swing_weakening,20,0.06206510723642828,0.6,-0.14620604565083284,0.42450438325000095,25,20,hypothesis_only,sample_limited
588200,科创芯片ETF,科技成长,theme,5-20,proxy_rank_decline_3d,20,0.04193268664304833,0.4722222222222222,-0.14620604565083284,0.2868054221450689,36,20,hypothesis_only,sample_limited
588200,科创芯片ETF,科技成长,theme,5-20,proxy_buy,30,0.11179899020390649,0.5949367088607594,-0.1710669077757686,0.6535395516148019,79,30,sample_limited,profile_mismatch
588200,科创芯片ETF,科技成长,theme,5-20,short_swing_weakening,30,0.10010925098533707,0.56,-0.14620604565083284,0.6847134845874742,25,30,hypothesis_only,sample_limited
588200,科创芯片ETF,科技成长,theme,5-20,proxy_rank_decline_3d,30,0.08059276280633446,0.6388888888888888,-0.14620604565083284,0.5512272932872073,36,30,hypothesis_only,sample_limited
588200,科创芯片ETF,科技成长,theme,5-20,proxy_buy,60,0.16403360279513865,0.8481012658227848,-0.19295774647887332,0.8501011531718861,79,60,sample_limited,profile_mismatch
588200,科创芯片ETF,科技成长,theme,5-20,short_swing_weakening,60,0.21181908909820474,0.8636363636363636,-0.1616678858814924,1.31021128867532,22,60,hypothesis_only,sample_limited
588200,科创芯片ETF,科技成长,theme,5-20,proxy_rank_decline_3d,60,0.21244781569232063,0.9117647058823529,-0.16319824753559697,1.3017775552153603,34,60,hypothesis_only,sample_limited
515050,5GETF,科技成长,theme,5-20,proxy_buy,3,0.0033279102441185334,0.6329113924050633,-0.6672672672672673,0.004987372238035426,158,3,sample_limited,profile_mismatch
515050,5GETF,科技成长,theme,5-20,short_swing_weakening,3,0.014642593172325316,0.6774193548387096,-0.07792207792207784,0.18791327904484176,31,3,hypothesis_only,sample_limited
515050,5GETF,科技成长,theme,5-20,proxy_rank_decline_3d,3,0.008754230521862248,0.7241379310344828,-0.1864864864864867,0.046942975262159826,29,3,hypothesis_only,sample_limited
515050,5GETF,科技成长,theme,5-20,proxy_buy,5,0.004328237552893441,0.6455696202531646,-0.6672672672672673,0.006486512624273248,158,5,sample_limited,profile_match
515050,5GETF,科技成长,theme,5-20,short_swing_weakening,5,0.01935191755764806,0.6774193548387096,-0.09873060648801113,0.19600727926246422,31,5,hypothesis_only,sample_limited
515050,5GETF,科技成长,theme,5-20,proxy_rank_decline_3d,5,0.010426714824661456,0.7241379310344828,-0.1864864864864867,0.05591136934963383,29,5,hypothesis_only,sample_limited
515050,5GETF,科技成长,theme,5-20,proxy_buy,10,0.006232880512894463,0.6708860759493671,-0.6717717717717717,0.009278270946776291,158,10,sample_limited,profile_match
515050,5GETF,科技成长,theme,5-20,short_swing_weakening,10,0.0062721665383452625,0.6,-0.6271870794078062,0.01000047154075221,30,10,hypothesis_only,sample_limited
515050,5GETF,科技成长,theme,5-20,proxy_rank_decline_3d,10,0.026393202669157467,0.7241379310344828,-0.1864864864864867,0.14152876793606162,29,10,hypothesis_only,sample_limited
515050,5GETF,科技成长,theme,5-20,proxy_buy,20,0.017711669609793826,0.6708860759493671,-0.6717717717717717,0.026365605632817812,158,20,sample_limited,profile_match
515050,5GETF,科技成长,theme,5-20,short_swing_weakening,20,0.049183458914296485,0.7586206896551724,-0.6322341857335128,0.07779310265741839,29,20,hypothesis_only,sample_limited
515050,5GETF,科技成长,theme,5-20,proxy_rank_decline_3d,20,0.06831636241329783,0.8571428571428571,-0.1864864864864867,0.36633411728869814,28,20,hypothesis_only,sample_limited
515050,5GETF,科技成长,theme,5-20,proxy_buy,30,0.11122505071723107,0.777027027027027,-0.6469638242894057,0.171918500759135,148,30,sample_limited,profile_mismatch
515050,5GETF,科技成长,theme,5-20,short_swing_weakening,30,0.08521770008242827,0.7857142857142857,-0.5199306759098786,0.16390204315853704,28,30,hypothesis_only,sample_limited
515050,5GETF,科技成长,theme,5-20,proxy_rank_decline_3d,30,0.09446446205474687,0.8214285714285714,-0.1864864864864867,0.5065485646413957,28,30,hypothesis_only,sample_limited
515050,5GETF,科技成长,theme,5-20,proxy_buy,60,0.2555613933268748,0.9069767441860465,-0.5562322371092164,0.45945088449933763,129,60,sample_limited,profile_mismatch
515050,5GETF,科技成长,theme,5-20,short_swing_weakening,60,0.2024821860141819,0.7916666666666666,-0.5380388841927304,0.376333740855895,24,60,hypothesis_only,sample_limited
515050,5GETF,科技成长,theme,5-20,proxy_rank_decline_3d,60,0.22511222609395762,0.9642857142857143,-0.5073365940417963,0.44371375677941344,28,60,hypothesis_only,sample_limited
515000,科技ETF,科技成长,unknown,,proxy_buy,3,0.0035241742114068553,0.5168539325842697,-0.10655737704918034,0.033073019522433564,267,3,evidence_supported,profile_mismatch
515000,科技ETF,科技成长,unknown,,short_swing_weakening,3,0.002113893176946418,0.5145631067961165,-0.07961165048543695,0.02655256063725377,103,3,sample_limited,profile_mismatch
515000,科技ETF,科技成长,unknown,,proxy_rank_decline_3d,3,0.004035197395170271,0.5271317829457365,-0.11263318112633192,0.03582600930576846,129,3,sample_limited,profile_mismatch
515000,科技ETF,科技成长,unknown,,proxy_buy,5,0.005436873417681663,0.5320754716981132,-0.10655737704918034,0.051022965919781754,265,5,evidence_supported,profile_mismatch
515000,科技ETF,科技成长,unknown,,short_swing_weakening,5,0.0019122504659915436,0.47572815533980584,-0.12578616352201255,0.015202391204632775,103,5,sample_limited,profile_mismatch
515000,科技ETF,科技成长,unknown,,proxy_rank_decline_3d,5,0.007345377772772042,0.5116279069767442,-0.11263318112633192,0.06521504319880037,129,5,sample_limited,profile_mismatch
515000,科技ETF,科技成长,unknown,,proxy_buy,10,0.012108586796307292,0.5307692307692308,-0.11111111111111105,0.1089772811667657,260,10,evidence_supported,profile_mismatch
515000,科技ETF,科技成长,unknown,,short_swing_weakening,10,0.0008560060376471998,0.49019607843137253,-0.12578616352201255,0.00680524799929524,102,10,sample_limited,profile_mismatch
515000,科技ETF,科技成长,unknown,,proxy_rank_decline_3d,10,0.00421210223533933,0.5116279069767442,-0.12330827067669181,0.034159121786593326,129,10,sample_limited,profile_mismatch
515000,科技ETF,科技成长,unknown,,proxy_buy,20,0.02157928155648388,0.432,-0.15355450236966817,0.14053174100055865,250,20,evidence_supported,profile_mismatch
515000,科技ETF,科技成长,unknown,,short_swing_weakening,20,0.012215950604083805,0.45544554455445546,-0.2027972027972028,0.06023727366841324,101,20,sample_limited,profile_mismatch
515000,科技ETF,科技成长,unknown,,proxy_rank_decline_3d,20,0.0014722889593817411,0.4453125,-0.20797720797720787,0.007079088010177964,128,20,sample_limited,profile_mismatch
515000,科技ETF,科技成长,unknown,,proxy_buy,30,0.026981081842781963,0.4875,-0.2046384720327422,0.1318475532717278,240,30,evidence_supported,profile_mismatch
515000,科技ETF,科技成长,unknown,,short_swing_weakening,30,0.016332147776729075,0.49,-0.22991689750692512,0.0710350041855325,100,30,sample_limited,profile_mismatch
515000,科技ETF,科技成长,unknown,,proxy_rank_decline_3d,30,0.012400969730824765,0.4921875,-0.20797720797720787,0.05962658048656842,128,30,sample_limited,profile_mismatch
515000,科技ETF,科技成长,unknown,,proxy_buy,60,0.0621558996019579,0.542016806722689,-0.23190789473684204,0.26801976565950647,238,60,evidence_supported,profile_mismatch
515000,科技ETF,科技成长,unknown,,short_swing_weakening,60,0.03776848175460094,0.5,-0.3252427184466018,0.11612398867832532,96,60,sample_limited,profile_mismatch
515000,科技ETF,科技成长,unknown,,proxy_rank_decline_3d,60,0.025987922028669362,0.49606299212598426,-0.30759651307596514,0.08448705015798177,127,60,sample_limited,profile_mismatch
515230,软件ETF,科技成长,theme,5-20,proxy_buy,3,-0.0010020935336605436,0.5161290322580645,-0.0997067448680351,0.010050408675830754,62,3,sample_limited,profile_mismatch
515230,软件ETF,科技成长,theme,5-20,short_swing_weakening,3,0.0016629613786534633,0.5277777777777778,-0.0997067448680351,0.016678524415318575,36,3,hypothesis_only,sample_limited
515230,软件ETF,科技成长,theme,5-20,proxy_rank_decline_3d,3,0.00513500796340513,0.5161290322580645,-0.06307222787385547,0.08141472303269756,31,3,hypothesis_only,sample_limited
515230,软件ETF,科技成长,theme,5-20,proxy_buy,5,-0.00014168264514203616,0.5483870967741935,-0.1195028680688337,0.0011856003745485582,62,5,sample_limited,profile_match
515230,软件ETF,科技成长,theme,5-20,short_swing_weakening,5,0.0019416643995867498,0.4444444444444444,-0.0997067448680351,0.01947375177232595,36,5,hypothesis_only,sample_limited
515230,软件ETF,科技成长,theme,5-20,proxy_rank_decline_3d,5,-0.0045771953165433775,0.4,-0.06307222787385547,0.07257069348648622,30,5,hypothesis_only,sample_limited
515230,软件ETF,科技成长,theme,5-20,proxy_buy,10,0.0070933728230943875,0.5645161290322581,-0.1195028680688337,0.05935734378365381,62,10,sample_limited,profile_match
515230,软件ETF,科技成长,theme,5-20,short_swing_weakening,10,0.006459006294354724,0.5,-0.0997067448680351,0.06478003371691067,36,10,hypothesis_only,sample_limited
515230,软件ETF,科技成长,theme,5-20,proxy_rank_decline_3d,10,-0.013078662109969249,0.4444444444444444,-0.12264150943396224,0.1066413987428262,27,10,hypothesis_only,sample_limited
515230,软件ETF,科技成长,theme,5-20,proxy_buy,20,0.021548371253622692,0.6129032258064516,-0.1624087591240876,0.1326798589548903,62,20,sample_limited,profile_match
515230,软件ETF,科技成长,theme,5-20,short_swing_weakening,20,0.0014131169909255893,0.45714285714285713,-0.1842105263157895,0.007671206522167484,35,20,hypothesis_only,sample_limited
515230,软件ETF,科技成长,theme,5-20,proxy_rank_decline_3d,20,0.003259264232754855,0.5,-0.1842105263157895,0.01769314869209778,24,20,hypothesis_only,sample_limited
515230,软件ETF,科技成长,theme,5-20,proxy_buy,30,0.0241012567022942,0.6129032258064516,-0.208029197080292,0.11585516379699316,62,30,sample_limited,profile_mismatch
515230,软件ETF,科技成长,theme,5-20,short_swing_weakening,30,-0.0033882899697216884,0.5142857142857142,-0.1842105263157895,0.018393574121346307,35,30,hypothesis_only,sample_limited
515230,软件ETF,科技成长,theme,5-20,proxy_rank_decline_3d,30,0.013072448968328654,0.5416666666666666,-0.1842105263157895,0.07096472297092697,24,30,hypothesis_only,sample_limited
515230,软件ETF,科技成长,theme,5-20,proxy_buy,60,-0.005577370811302601,0.5483870967741935,-0.2992700729927008,0.018636580515816004,62,60,sample_limited,profile_mismatch
515230,软件ETF,科技成长,theme,5-20,short_swing_weakening,60,0.010791755289066863,0.5862068965517241,-0.2448377581120943,0.0440771691926948,29,60,hypothesis_only,sample_limited
515230,软件ETF,科技成长,theme,5-20,proxy_rank_decline_3d,60,0.01606773438846443,0.5,-0.2448377581120943,0.06562604768300535,22,60,hypothesis_only,sample_limited
159819,人工智能ETF,科技成长,theme,5-20,proxy_buy,3,0.012118996832727076,0.6165413533834586,-0.12216288384512686,0.09920359155970031,133,3,sample_limited,profile_mismatch
159819,人工智能ETF,科技成长,theme,5-20,short_swing_weakening,3,0.010352683978763655,0.6153846153846154,-0.07220573689416421,0.1433775822264391,26,3,hypothesis_only,sample_limited
159819,人工智能ETF,科技成长,theme,5-20,proxy_rank_decline_3d,3,0.0034012269632525925,0.71875,-0.138655462184874,0.024530061128912626,32,3,hypothesis_only,sample_limited
159819,人工智能ETF,科技成长,theme,5-20,proxy_buy,5,0.021656650406346064,0.6641221374045801,-0.12216288384512686,0.17727684321697484,131,5,sample_limited,profile_match
159819,人工智能ETF,科技成长,theme,5-20,short_swing_weakening,5,0.019084344191746396,0.56,-0.06743088334457192,0.2830208243635986,25,5,hypothesis_only,sample_limited
159819,人工智能ETF,科技成长,theme,5-20,proxy_rank_decline_3d,5,0.008624684618936146,0.53125,-0.138655462184874,0.0622022708880849,32,5,hypothesis_only,sample_limited
159819,人工智能ETF,科技成长,theme,5-20,proxy_buy,10,0.0427779578130271,0.6929133858267716,-0.12216288384512686,0.35017147980281194,127,10,sample_limited,profile_match
159819,人工智能ETF,科技成长,theme,5-20,short_swing_weakening,10,0.03863255146659715,0.625,-0.07346690953248325,0.5258496881445087,24,10,hypothesis_only,sample_limited
159819,人工智能ETF,科技成长,theme,5-20,proxy_rank_decline_3d,10,0.01858994311785812,0.71875,-0.138655462184874,0.13407292309243124,32,10,hypothesis_only,sample_limited
159819,人工智能ETF,科技成长,theme,5-20,proxy_buy,20,0.08342764972855715,0.7008547008547008,-0.14258555133079853,0.5851059167629473,117,20,sample_limited,profile_match
159819,人工智能ETF,科技成长,theme,5-20,short_swing_weakening,20,0.06338909523012802,0.6086956521739131,-0.1921182266009852,0.32994836747989714,23,20,hypothesis_only,sample_limited
159819,人工智能ETF,科技成长,theme,5-20,proxy_rank_decline_3d,20,0.031019219481994445,0.6129032258064516,-0.1921182266009852,0.1614590142267916,31,20,hypothesis_only,sample_limited
159819,人工智能ETF,科技成长,theme,5-20,proxy_buy,30,0.11620069162812563,0.6542056074766355,-0.14258555133079853,0.8149541839519208,107,30,sample_limited,profile_mismatch
159819,人工智能ETF,科技成长,theme,5-20,short_swing_weakening,30,0.10989104108057073,0.7727272727272727,-0.1921182266009852,0.571996957419381,22,30,hypothesis_only,sample_limited
159819,人工智能ETF,科技成长,theme,5-20,proxy_rank_decline_3d,30,0.05133984791083001,0.6774193548387096,-0.1921182266009852,0.2672304904076537,31,30,hypothesis_only,sample_limited
159819,人工智能ETF,科技成长,theme,5-20,proxy_buy,60,0.1959433566936858,0.839622641509434,-0.15845070422535212,1.236620295577928,106,60,sample_limited,profile_mismatch
159819,人工智能ETF,科技成长,theme,5-20,short_swing_weakening,60,0.2603934503302593,0.95,-0.1921182266009852,1.355381292744683,20,60,hypothesis_only,sample_limited
159819,人工智能ETF,科技成长,theme,5-20,proxy_rank_decline_3d,60,0.21239085471276364,0.9354838709677419,-0.1921182266009852,1.1055216283766929,31,60,hypothesis_only,sample_limited
515070,AIETF,科技成长,theme,5-20,proxy_buy,3,0.012311924993611896,0.6363636363636364,-0.12098895318253544,0.10176073657763578,132,3,sample_limited,profile_mismatch
515070,AIETF,科技成长,theme,5-20,short_swing_weakening,3,0.010419615786862813,0.6,-0.07287607170693677,0.14297718774914445,25,3,hypothesis_only,sample_limited
515070,AIETF,科技成长,theme,5-20,proxy_rank_decline_3d,3,0.0067107918158072054,0.7222222222222222,-0.14026402640264024,0.04784399812210785,36,3,hypothesis_only,sample_limited
515070,AIETF,科技成长,theme,5-20,proxy_buy,5,0.021638743116767393,0.6615384615384615,-0.12098895318253544,0.1788489159346732,130,5,sample_limited,profile_match
515070,AIETF,科技成长,theme,5-20,short_swing_weakening,5,0.018309911017257638,0.5416666666666666,-0.06987824245632612,0.26202592357272475,24,5,hypothesis_only,sample_limited
515070,AIETF,科技成长,theme,5-20,proxy_rank_decline_3d,5,0.013631616921986143,0.6111111111111112,-0.14026402640264024,0.09718541005557181,36,5,hypothesis_only,sample_limited
515070,AIETF,科技成长,theme,5-20,proxy_buy,10,0.04288997092891204,0.6904761904761905,-0.12098895318253544,0.35449493363418183,126,10,sample_limited,profile_match
515070,AIETF,科技成长,theme,5-20,short_swing_weakening,10,0.038341759818950626,0.6086956521739131,-0.07269249163079872,0.5274514459304323,23,10,hypothesis_only,sample_limited
515070,AIETF,科技成长,theme,5-20,proxy_rank_decline_3d,10,0.020946367166577343,0.7222222222222222,-0.14026402640264024,0.14933527650524556,36,10,hypothesis_only,sample_limited
515070,AIETF,科技成长,theme,5-20,proxy_buy,20,0.083249470793095,0.6982758620689655,-0.14235764235764226,0.5847910193957063,116,20,sample_limited,profile_match
515070,AIETF,科技成长,theme,5-20,short_swing_weakening,20,0.060944666038546765,0.5909090909090909,-0.19412219644238193,0.31395001270056183,22,20,hypothesis_only,sample_limited
515070,AIETF,科技成长,theme,5-20,proxy_rank_decline_3d,20,0.03562281264230988,0.6571428571428571,-0.19412219644238193,0.18350715835261636,35,20,hypothesis_only,sample_limited
515070,AIETF,科技成长,theme,5-20,proxy_buy,30,0.11548249301246795,0.660377358490566,-0.14235764235764226,0.8112138631963544,106,30,sample_limited,profile_mismatch
515070,AIETF,科技成长,theme,5-20,short_swing_weakening,30,0.10678545257012391,0.7619047619047619,-0.19412219644238193,0.5500939847536666,21,30,hypothesis_only,sample_limited
515070,AIETF,科技成长,theme,5-20,proxy_rank_decline_3d,30,0.05504999527824345,0.6571428571428571,-0.19412219644238193,0.283584238624577,35,30,hypothesis_only,sample_limited
515070,AIETF,科技成长,theme,5-20,proxy_buy,60,0.19194111580954198,0.8380952380952381,-0.15794349235757288,1.2152518153454583,105,60,sample_limited,profile_mismatch
515070,AIETF,科技成长,theme,5-20,short_swing_weakening,60,0.241621383870584,0.9473684210526315,-0.19412219644238193,1.2446870491819335,19,60,hypothesis_only,sample_limited
515070,AIETF,科技成长,theme,5-20,proxy_rank_decline_3d,60,0.1989100462061548,0.9428571428571428,-0.19412219644238193,1.0246641025679615,35,60,hypothesis_only,sample_limited
159869,游戏ETF,科技成长,theme,5-20,proxy_buy,3,0.006426144339096525,0.5444444444444444,-0.07534246575342463,0.08529246122800846,90,3,sample_limited,profile_mismatch
159869,游戏ETF,科技成长,theme,5-20,short_swing_weakening,3,0.0008757598401843911,0.46875,-0.06470211402946824,0.01353525852007758,32,3,hypothesis_only,sample_limited
159869,游戏ETF,科技成长,theme,5-20,proxy_rank_decline_3d,3,0.003441972765524304,0.5333333333333333,-0.10621387283236983,0.03240605651350777,30,3,hypothesis_only,sample_limited
159869,游戏ETF,科技成长,theme,5-20,proxy_buy,5,0.00842755127594326,0.5666666666666667,-0.10077519379844968,0.08362723958435998,90,5,sample_limited,profile_match
159869,游戏ETF,科技成长,theme,5-20,short_swing_weakening,5,-0.002932279819812561,0.5,-0.09443725743855114,0.031050031516645326,32,5,hypothesis_only,sample_limited
159869,游戏ETF,科技成长,theme,5-20,proxy_rank_decline_3d,5,0.0009895031915801299,0.4827586206896552,-0.10621387283236983,0.00931613889215579,29,5,hypothesis_only,sample_limited
159869,游戏ETF,科技成长,theme,5-20,proxy_buy,10,0.012587419349168611,0.6777777777777778,-0.16517590936195592,0.07620614530164532,90,10,sample_limited,profile_match
159869,游戏ETF,科技成长,theme,5-20,short_swing_weakening,10,-0.006341055583918783,0.46875,-0.12935323383084585,0.04902123739875672,32,10,hypothesis_only,sample_limited
159869,游戏ETF,科技成长,theme,5-20,proxy_rank_decline_3d,10,-0.009832651199642882,0.41379310344827586,-0.11560328490208471,0.0850551193936321,29,10,hypothesis_only,sample_limited
159869,游戏ETF,科技成长,theme,5-20,proxy_buy,20,0.02181110179716633,0.6333333333333333,-0.23783117683302524,0.09170833734922527,90,20,sample_limited,profile_match
159869,游戏ETF,科技成长,theme,5-20,short_swing_weakening,20,0.00042005404031028864,0.4838709677419355,-0.1998706338939198,0.0021016295997401497,31,20,hypothesis_only,sample_limited
159869,游戏ETF,科技成长,theme,5-20,proxy_rank_decline_3d,20,0.0024198829155999135,0.5185185185185185,-0.1824190350297421,0.013265517577183594,27,20,hypothesis_only,sample_limited
159869,游戏ETF,科技成长,theme,5-20,proxy_buy,30,0.01819062964715725,0.5555555555555556,-0.23783117683302524,0.0764854712884358,90,30,sample_limited,profile_mismatch
159869,游戏ETF,科技成长,theme,5-20,short_swing_weakening,30,-0.003970322213473649,0.3870967741935484,-0.1998706338939198,0.019864460006570422,31,30,hypothesis_only,sample_limited
159869,游戏ETF,科技成长,theme,5-20,proxy_rank_decline_3d,30,0.005437712760282479,0.5185185185185185,-0.2185723310170561,0.024878321674934017,27,30,hypothesis_only,sample_limited
159869,游戏ETF,科技成长,theme,5-20,proxy_buy,60,0.021661338717990666,0.4444444444444444,-0.27235294117647046,0.07953407304661803,90,60,sample_limited,profile_mismatch
159869,游戏ETF,科技成长,theme,5-20,short_swing_weakening,60,0.0408892178743786,0.5416666666666666,-0.2406384284837323,0.16991973448306827,24,60,hypothesis_only,sample_limited
159869,游戏ETF,科技成长,theme,5-20,proxy_rank_decline_3d,60,0.0250536405035673,0.5454545454545454,-0.2406384284837323,0.10411321525589577,22,60,hypothesis_only,sample_limited
516510,云计算ETF,科技成长,theme,5-20,proxy_buy,3,0.010274814921068706,0.6071428571428571,-0.11830488522660387,0.08685030124823748,112,3,sample_limited,profile_mismatch
516510,云计算ETF,科技成长,theme,5-20,short_swing_weakening,3,0.001973077277714578,0.4666666666666667,-0.0774125132555673,0.025487833875134903,30,3,hypothesis_only,sample_limited
516510,云计算ETF,科技成长,theme,5-20,proxy_rank_decline_3d,3,0.010573602976052957,0.7027027027027027,-0.1299915038232795,0.0813407235478061,37,3,hypothesis_only,sample_limited
516510,云计算ETF,科技成长,theme,5-20,proxy_buy,5,0.014684176420916779,0.6071428571428571,-0.11830488522660387,0.12412147133899308,112,5,sample_limited,profile_match
516510,云计算ETF,科技成长,theme,5-20,short_swing_weakening,5,0.007265515022050084,0.5517241379310345,-0.0774125132555673,0.09385452966840044,29,5,hypothesis_only,sample_limited
516510,云计算ETF,科技成长,theme,5-20,proxy_rank_decline_3d,5,0.015925735415954205,0.7297297297297297,-0.1299915038232795,0.12251366395149085,37,5,hypothesis_only,sample_limited
516510,云计算ETF,科技成长,theme,5-20,proxy_buy,10,0.02787880530888842,0.5803571428571429,-0.1220358588779642,0.22844765108563062,112,10,sample_limited,profile_match
516510,云计算ETF,科技成长,theme,5-20,short_swing_weakening,10,0.01406632284349753,0.5714285714285714,-0.0852713178294574,0.16495960425556186,28,10,hypothesis_only,sample_limited
516510,云计算ETF,科技成长,theme,5-20,proxy_rank_decline_3d,10,0.011997723475020518,0.5277777777777778,-0.1373209772535805,0.08736992493772608,36,10,hypothesis_only,sample_limited
516510,云计算ETF,科技成长,theme,5-20,proxy_buy,20,0.056639269721634584,0.660377358490566,-0.1435185185185185,0.39464781483461525,106,20,sample_limited,profile_match
516510,云计算ETF,科技成长,theme,5-20,short_swing_weakening,20,0.03158882313119276,0.6538461538461539,-0.2062015503875969,0.15319391668886714,26,20,hypothesis_only,sample_limited
516510,云计算ETF,科技成长,theme,5-20,proxy_rank_decline_3d,20,0.034466479040783614,0.5714285714285714,-0.2062015503875969,0.16714946602485287,35,20,hypothesis_only,sample_limited
516510,云计算ETF,科技成长,theme,5-20,proxy_buy,30,0.08033498972071072,0.6039603960396039,-0.14622178606476932,0.5494050639288877,101,30,sample_limited,profile_mismatch
516510,云计算ETF,科技成长,theme,5-20,short_swing_weakening,30,0.054376403395006816,0.64,-0.2062015503875969,0.2637051142088676,25,30,hypothesis_only,sample_limited
516510,云计算ETF,科技成长,theme,5-20,proxy_rank_decline_3d,30,0.04440051642745391,0.6,-0.2062015503875969,0.21532581274968246,35,30,hypothesis_only,sample_limited
516510,云计算ETF,科技成长,theme,5-20,proxy_buy,60,0.11197667635391717,0.6237623762376238,-0.20902845927379776,0.5357006253739044,101,60,sample_limited,profile_mismatch
516510,云计算ETF,科技成长,theme,5-20,short_swing_weakening,60,0.1373448173922902,0.8260869565217391,-0.2062015503875969,0.6660707309626104,23,60,hypothesis_only,sample_limited
516510,云计算ETF,科技成长,theme,5-20,proxy_rank_decline_3d,60,0.13252879531957334,0.78125,-0.2062015503875969,0.6427148344445474,32,60,hypothesis_only,sample_limited
512980,传媒ETF,科技成长,theme,5-20,proxy_buy,3,0.004848473651777634,0.6122448979591837,-0.10363086232980334,0.04678600122372286,98,3,sample_limited,profile_mismatch
512980,传媒ETF,科技成长,theme,5-20,short_swing_weakening,3,0.0036671218985626034,0.5161290322580645,-0.06596558317399626,0.05559144211444172,31,3,hypothesis_only,sample_limited
512980,传媒ETF,科技成长,theme,5-20,proxy_rank_decline_3d,3,0.005048596909051821,0.6153846153846154,-0.08051948051948055,0.06270031645112743,26,3,hypothesis_only,sample_limited
512980,传媒ETF,科技成长,theme,5-20,proxy_buy,5,0.006104302408469969,0.6326530612244898,-0.10816944024205755,0.05643278170627478,98,5,sample_limited,profile_match
512980,传媒ETF,科技成长,theme,5-20,short_swing_weakening,5,-0.0020973470121631275,0.5161290322580645,-0.09540034071550241,0.021984691002495674,31,5,hypothesis_only,sample_limited
512980,传媒ETF,科技成长,theme,5-20,proxy_rank_decline_3d,5,0.004579263944259142,0.6,-0.08484848484848495,0.05396989648591125,25,5,hypothesis_only,sample_limited
512980,传媒ETF,科技成长,theme,5-20,proxy_buy,10,0.014651862321410365,0.7244897959183674,-0.13191881918819204,0.11106726403083089,98,10,sample_limited,profile_match
512980,传媒ETF,科技成长,theme,5-20,short_swing_weakening,10,-0.0017928496939757955,0.43333333333333335,-0.1073446327683617,0.016701810307037653,30,10,hypothesis_only,sample_limited
512980,传媒ETF,科技成长,theme,5-20,proxy_rank_decline_3d,10,-0.013952971929804278,0.36,-0.12158808933002485,0.11475607525941066,25,10,hypothesis_only,sample_limited
512980,传媒ETF,科技成长,theme,5-20,proxy_buy,20,0.02197121212395317,0.6326530612244898,-0.21717588769611895,0.10116782464679576,98,20,sample_limited,profile_match
512980,传媒ETF,科技成长,theme,5-20,short_swing_weakening,20,0.0005053362770984552,0.4482758620689655,-0.19250425894378198,0.0026250654394406473,29,20,hypothesis_only,sample_limited
512980,传媒ETF,科技成长,theme,5-20,proxy_rank_decline_3d,20,-0.025402223870319023,0.3333333333333333,-0.17922077922077928,0.14173704623293942,24,20,hypothesis_only,sample_limited
512980,传媒ETF,科技成长,theme,5-20,proxy_buy,30,0.02092721301410304,0.5408163265306123,-0.22612244897959188,0.09254814419594304,98,30,sample_limited,profile_mismatch
512980,传媒ETF,科技成长,theme,5-20,short_swing_weakening,30,0.004264629230761254,0.4482758620689655,-0.2223133716160789,0.019182963218811678,29,30,hypothesis_only,sample_limited
512980,传媒ETF,科技成长,theme,5-20,proxy_rank_decline_3d,30,-0.002831023450184658,0.38095238095238093,-0.21588089330024818,0.013113821269246172,21,30,hypothesis_only,sample_limited
512980,传媒ETF,科技成长,theme,5-20,proxy_buy,60,0.0279165448050894,0.5408163265306123,-0.28290468986384276,0.09867826800087746,98,60,sample_limited,profile_mismatch
512980,传媒ETF,科技成长,theme,5-20,short_swing_weakening,60,0.04149957169954851,0.52,-0.2223133716160789,0.18667150517250775,25,60,hypothesis_only,sample_limited
512980,传媒ETF,科技成长,theme,5-20,proxy_rank_decline_3d,60,0.00850679375316154,0.45,-0.21588089330024818,0.03940503313246092,20,60,hypothesis_only,sample_limited
515790,光伏ETF,新能源制造,commodity_resource,10-45,proxy_buy,3,0.007482098941580753,0.5447154471544715,-0.06471631205673756,0.11561380282333004,123,3,sample_limited,profile_mismatch
515790,光伏ETF,新能源制造,commodity_resource,10-45,short_swing_weakening,3,0.009400950182995471,0.5882352941176471,-0.06594399277326102,0.14255961441884923,34,3,hypothesis_only,sample_limited
515790,光伏ETF,新能源制造,commodity_resource,10-45,proxy_rank_decline_3d,3,0.008128806506561401,0.5769230769230769,-0.07410881801125713,0.10968743969613219,26,3,hypothesis_only,sample_limited
515790,光伏ETF,新能源制造,commodity_resource,10-45,proxy_buy,5,0.009504366471434739,0.5447154471544715,-0.11196172248803815,0.0848894270311907,123,5,sample_limited,profile_mismatch
515790,光伏ETF,新能源制造,commodity_resource,10-45,short_swing_weakening,5,0.006651539732328356,0.5294117647058824,-0.11291779584462514,0.058906035869499905,34,5,hypothesis_only,sample_limited
515790,光伏ETF,新能源制造,commodity_resource,10-45,proxy_rank_decline_3d,5,0.010914547606786182,0.5416666666666666,-0.07966260543580128,0.13700967407577483,24,5,hypothesis_only,sample_limited
515790,光伏ETF,新能源制造,commodity_resource,10-45,proxy_buy,10,0.01820898782752125,0.6446280991735537,-0.14325323475046214,0.12711048277018056,121,10,sample_limited,profile_match
515790,光伏ETF,新能源制造,commodity_resource,10-45,short_swing_weakening,10,0.008071155421744108,0.6363636363636364,-0.14381720430107525,0.05612093115680016,33,10,hypothesis_only,sample_limited
515790,光伏ETF,新能源制造,commodity_resource,10-45,proxy_rank_decline_3d,10,0.003972786937738465,0.6521739130434783,-0.15405405405405403,0.025788266087074248,23,10,hypothesis_only,sample_limited
515790,光伏ETF,新能源制造,commodity_resource,10-45,proxy_buy,20,0.03882756700308957,0.7058823529411765,-0.16990701606086223,0.22852244659032317,119,20,sample_limited,profile_match
515790,光伏ETF,新能源制造,commodity_resource,10-45,short_swing_weakening,20,0.025457088828732915,0.6774193548387096,-0.15860215053763438,0.16050910244557026,31,20,hypothesis_only,sample_limited
515790,光伏ETF,新能源制造,commodity_resource,10-45,proxy_rank_decline_3d,20,0.02992814437243949,0.7272727272727273,-0.15860215053763438,0.18869948655165242,22,20,hypothesis_only,sample_limited
515790,光伏ETF,新能源制造,commodity_resource,10-45,proxy_buy,30,0.06109586630317202,0.6554621848739496,-0.16990701606086223,0.35958412854055966,119,30,sample_limited,profile_match
515790,光伏ETF,新能源制造,commodity_resource,10-45,short_swing_weakening,30,0.043116778788983304,0.6333333333333333,-0.15860215053763438,0.27185494422884393,30,30,hypothesis_only,sample_limited
515790,光伏ETF,新能源制造,commodity_resource,10-45,proxy_rank_decline_3d,30,0.0680061425704268,0.8181818181818182,-0.15860215053763438,0.42878449213896225,22,30,hypothesis_only,sample_limited
515790,光伏ETF,新能源制造,commodity_resource,10-45,proxy_buy,60,0.12608900790466224,0.8333333333333334,-0.16779661016949154,0.7514395420580879,114,60,sample_limited,profile_mismatch
515790,光伏ETF,新能源制造,commodity_resource,10-45,short_swing_weakening,60,0.11696285025988687,0.8571428571428571,-0.15860215053763438,0.737460682994541,28,60,hypothesis_only,sample_limited
515790,光伏ETF,新能源制造,commodity_resource,10-45,proxy_rank_decline_3d,60,0.11021598302535836,0.85,-0.15860215053763438,0.6949211133124291,20,60,hypothesis_only,sample_limited
159857,光伏ETF,新能源制造,commodity_resource,10-45,proxy_buy,3,0.007549373579848584,0.5327868852459017,-0.06451612903225801,0.11701529048765315,122,3,sample_limited,profile_mismatch
159857,光伏ETF,新能源制造,commodity_resource,10-45,short_swing_weakening,3,0.004936274254951644,0.5625,-0.06695005313496272,0.07373069958586513,32,3,hypothesis_only,sample_limited
159857,光伏ETF,新能源制造,commodity_resource,10-45,proxy_rank_decline_3d,3,0.0024302815922671753,0.5217391304347826,-0.07497243660418973,0.03241566770862243,23,3,hypothesis_only,sample_limited
159857,光伏ETF,新能源制造,commodity_resource,10-45,proxy_buy,5,0.008864137567255116,0.5573770491803278,-0.10985277463193655,0.080691066720477,122,5,sample_limited,profile_mismatch
159857,光伏ETF,新能源制造,commodity_resource,10-45,short_swing_weakening,5,0.0031245124160530213,0.5,-0.11158342189160464,0.028001582700056135,32,5,hypothesis_only,sample_limited
159857,光伏ETF,新能源制造,commodity_resource,10-45,proxy_rank_decline_3d,5,0.009831679777777875,0.6190476190476191,-0.11158342189160464,0.08811057781799031,21,5,hypothesis_only,sample_limited
159857,光伏ETF,新能源制造,commodity_resource,10-45,proxy_buy,10,0.01744729692641408,0.625,-0.144880174291939,0.12042570359735431,120,10,sample_limited,profile_match
159857,光伏ETF,新能源制造,commodity_resource,10-45,short_swing_weakening,10,0.004351140365720574,0.6129032258064516,-0.14444444444444438,0.030123279454988605,31,10,hypothesis_only,sample_limited
159857,光伏ETF,新能源制造,commodity_resource,10-45,proxy_rank_decline_3d,10,0.014880221104493602,0.7,-0.11158342189160464,0.133355124374557,20,10,hypothesis_only,sample_limited
159857,光伏ETF,新能源制造,commodity_resource,10-45,proxy_buy,20,0.03948589053953253,0.7033898305084746,-0.16815920398009943,0.23481254433272317,118,20,sample_limited,profile_match
159857,光伏ETF,新能源制造,commodity_resource,10-45,short_swing_weakening,20,0.019934513066027844,0.6551724137931034,-0.15873015873015872,0.1255874323159754,29,20,hypothesis_only,sample_limited
159857,光伏ETF,新能源制造,commodity_resource,10-45,proxy_rank_decline_3d,20,0.0293349731535842,0.7368421052631579,-0.11158342189160464,0.2628972355954547,19,20,hypothesis_only,sample_limited
159857,光伏ETF,新能源制造,commodity_resource,10-45,proxy_buy,30,0.0618426812058659,0.652542372881356,-0.16815920398009943,0.36776269001121453,118,30,sample_limited,profile_match
159857,光伏ETF,新能源制造,commodity_resource,10-45,short_swing_weakening,30,0.04224504281735849,0.6071428571428571,-0.15873015873015872,0.2661437697493585,28,30,hypothesis_only,sample_limited
159857,光伏ETF,新能源制造,commodity_resource,10-45,proxy_rank_decline_3d,30,0.08081245187329825,0.8888888888888888,-0.11346765641569456,0.7122069356684138,18,30,hypothesis_only,sample_limited
159857,光伏ETF,新能源制造,commodity_resource,10-45,proxy_buy,60,0.12518960761557235,0.8407079646017699,-0.16566866267465075,0.7556625712699003,113,60,sample_limited,profile_mismatch
159857,光伏ETF,新能源制造,commodity_resource,10-45,short_swing_weakening,60,0.12086035128495244,0.8461538461538461,-0.15873015873015872,0.7614202130952005,26,60,hypothesis_only,sample_limited
159857,光伏ETF,新能源制造,commodity_resource,10-45,proxy_rank_decline_3d,60,0.13976772548989835,0.9333333333333333,-0.11346765641569456,1.2317847209063009,15,60,hypothesis_only,sample_limited
516160,新能源ETF,新能源制造,commodity_resource,10-45,proxy_buy,3,0.007261332632814131,0.5955882352941176,-0.08634538152610438,0.08409636398003345,136,3,sample_limited,profile_mismatch
516160,新能源ETF,新能源制造,commodity_resource,10-45,short_swing_weakening,3,0.005740174247450214,0.6129032258064516,-0.07174430465827941,0.08000877943957867,31,3,hypothesis_only,sample_limited
516160,新能源ETF,新能源制造,commodity_resource,10-45,proxy_rank_decline_3d,3,-0.0024844900539174467,0.5333333333333333,-0.08137254901960789,0.030532287409587883,30,3,hypothesis_only,sample_limited
516160,新能源ETF,新能源制造,commodity_resource,10-45,proxy_buy,5,0.01075893853919602,0.625,-0.1090078328981724,0.09869876552124726,136,5,sample_limited,profile_mismatch
516160,新能源ETF,新能源制造,commodity_resource,10-45,short_swing_weakening,5,0.0044260721958045875,0.6451612903225806,-0.09537856440511316,0.04640531364054909,31,5,hypothesis_only,sample_limited
516160,新能源ETF,新能源制造,commodity_resource,10-45,proxy_rank_decline_3d,5,0.010714167388793201,0.6071428571428571,-0.08585365853658544,0.12479569969901161,28,5,hypothesis_only,sample_limited
516160,新能源ETF,新能源制造,commodity_resource,10-45,proxy_buy,10,0.022303807288068928,0.6102941176470589,-0.11907066795740573,0.1873157148664649,136,10,sample_limited,profile_match
516160,新能源ETF,新能源制造,commodity_resource,10-45,short_swing_weakening,10,0.005075495292814766,0.6,-0.13972463029066806,0.0363249863839772,30,10,hypothesis_only,sample_limited
516160,新能源ETF,新能源制造,commodity_resource,10-45,proxy_rank_decline_3d,10,0.008912610453061768,0.5185185185185185,-0.1377368151561701,0.06470753983208037,27,10,hypothesis_only,sample_limited
516160,新能源ETF,新能源制造,commodity_resource,10-45,proxy_buy,20,0.044224257228725486,0.6814814814814815,-0.15964125560538123,0.2770227348878028,135,20,sample_limited,profile_match
516160,新能源ETF,新能源制造,commodity_resource,10-45,short_swing_weakening,20,0.02052628318306934,0.5862068965517241,-0.14343845371312314,0.14310167637558266,29,20,hypothesis_only,sample_limited
516160,新能源ETF,新能源制造,commodity_resource,10-45,proxy_rank_decline_3d,20,0.03688917114011479,0.75,-0.14740673339399457,0.250254315327075,24,20,hypothesis_only,sample_limited
516160,新能源ETF,新能源制造,commodity_resource,10-45,proxy_buy,30,0.08244247827724824,0.704,-0.13374422187981516,0.6164189908056922,125,30,sample_limited,profile_match
516160,新能源ETF,新能源制造,commodity_resource,10-45,short_swing_weakening,30,0.05568128653015442,0.75,-0.14343845371312314,0.38818939474568637,28,30,hypothesis_only,sample_limited
516160,新能源ETF,新能源制造,commodity_resource,10-45,proxy_rank_decline_3d,30,0.06161891586834476,0.8695652173913043,-0.1377368151561701,0.4473670732002871,23,30,hypothesis_only,sample_limited
516160,新能源ETF,新能源制造,commodity_resource,10-45,proxy_buy,60,0.1769463354592775,0.905982905982906,-0.12945184267575105,1.3668892755933177,117,60,sample_limited,profile_mismatch
516160,新能源ETF,新能源制造,commodity_resource,10-45,short_swing_weakening,60,0.12891767875771973,0.8846153846153846,-0.14343845371312314,0.8987665121903436,26,60,hypothesis_only,sample_limited
516160,新能源ETF,新能源制造,commodity_resource,10-45,proxy_rank_decline_3d,60,0.10463051897788567,0.8888888888888888,-0.1377368151561701,0.759640905441675,18,60,hypothesis_only,sample_limited
515700,新能源车ETF,新能源制造,commodity_resource,10-45,proxy_buy,3,0.006160676732929446,0.568,-0.09556840077071294,0.06446353274980608,125,3,sample_limited,profile_mismatch
515700,新能源车ETF,新能源制造,commodity_resource,10-45,short_swing_weakening,3,0.004519611586064411,0.5588235294117647,-0.0701121794871794,0.06446257439323877,34,3,hypothesis_only,sample_limited
515700,新能源车ETF,新能源制造,commodity_resource,10-45,proxy_rank_decline_3d,3,0.013819937919517633,0.6071428571428571,-0.03582830791060654,0.3857267821299037,28,3,hypothesis_only,sample_limited
515700,新能源车ETF,新能源制造,commodity_resource,10-45,proxy_buy,5,0.00928298767906512,0.64,-0.11072796934865892,0.08383597869328713,125,5,sample_limited,profile_mismatch
515700,新能源车ETF,新能源制造,commodity_resource,10-45,short_swing_weakening,5,0.003969838150039242,0.5294117647058824,-0.07528957528957525,0.05272759389026483,34,5,hypothesis_only,sample_limited
515700,新能源车ETF,新能源制造,commodity_resource,10-45,proxy_rank_decline_3d,5,0.01879488885788737,0.7142857142857143,-0.06264501160092806,0.30002211473146145,28,5,hypothesis_only,sample_limited
515700,新能源车ETF,新能源制造,commodity_resource,10-45,proxy_buy,10,0.02228939388083865,0.608,-0.11213872832369953,0.19876624440129292,125,10,sample_limited,profile_match
515700,新能源车ETF,新能源制造,commodity_resource,10-45,short_swing_weakening,10,0.004042005668737321,0.5454545454545454,-0.1392258809936453,0.029031999222341502,33,10,hypothesis_only,sample_limited
515700,新能源车ETF,新能源制造,commodity_resource,10-45,proxy_rank_decline_3d,10,0.026756056649767657,0.6538461538461539,-0.048953529620432756,0.5465603166354714,26,10,hypothesis_only,sample_limited
515700,新能源车ETF,新能源制造,commodity_resource,10-45,proxy_buy,20,0.04608778514084935,0.6451612903225806,-0.15598885793871864,0.2954556225993736,124,20,sample_limited,profile_match
515700,新能源车ETF,新能源制造,commodity_resource,10-45,short_swing_weakening,20,0.018732706388483688,0.625,-0.18197088465845457,0.1029434264917904,32,20,hypothesis_only,sample_limited
515700,新能源车ETF,新能源制造,commodity_resource,10-45,proxy_rank_decline_3d,20,0.0626104519387082,0.782608695652174,-0.13889875666074603,0.45076322815208075,23,20,hypothesis_only,sample_limited
515700,新能源车ETF,新能源制造,commodity_resource,10-45,proxy_buy,30,0.09184328170498132,0.6491228070175439,-0.12361270570225791,0.7429922448765209,114,30,sample_limited,profile_match
515700,新能源车ETF,新能源制造,commodity_resource,10-45,short_swing_weakening,30,0.03963489601367421,0.6666666666666666,-0.18197088465845457,0.21780899778591437,30,30,hypothesis_only,sample_limited
515700,新能源车ETF,新能源制造,commodity_resource,10-45,proxy_rank_decline_3d,30,0.08299911259863933,0.8636363636363636,-0.0653061224489796,1.2709239116666646,22,30,hypothesis_only,sample_limited
515700,新能源车ETF,新能源制造,commodity_resource,10-45,proxy_buy,60,0.19550586099611475,0.8962264150943396,-0.12361270570225791,1.5816000457673312,106,60,sample_limited,profile_mismatch
515700,新能源车ETF,新能源制造,commodity_resource,10-45,short_swing_weakening,60,0.14424221995748263,0.8846153846153846,-0.18197088465845457,0.7926664764432741,26,60,hypothesis_only,sample_limited
515700,新能源车ETF,新能源制造,commodity_resource,10-45,proxy_rank_decline_3d,60,0.1309248310249361,1.0,-0.07661290322580638,1.7089135839044307,19,60,hypothesis_only,sample_limited
159755,电池ETF,新能源制造,commodity_resource,10-45,proxy_buy,3,0.005812772305477653,0.5546875,-0.10035211267605626,0.057923766131777354,128,3,sample_limited,profile_mismatch
159755,电池ETF,新能源制造,commodity_resource,10-45,short_swing_weakening,3,0.003058110168585204,0.5,-0.0705128205128207,0.04336956239084459,36,3,hypothesis_only,sample_limited
159755,电池ETF,新能源制造,commodity_resource,10-45,proxy_rank_decline_3d,3,0.011135543928862787,0.6666666666666666,-0.03771849126034954,0.29522771343106985,30,3,hypothesis_only,sample_limited
159755,电池ETF,新能源制造,commodity_resource,10-45,proxy_buy,5,0.007892963312691594,0.5859375,-0.11511423550087874,0.0685663530522369,128,5,sample_limited,profile_mismatch
159755,电池ETF,新能源制造,commodity_resource,10-45,short_swing_weakening,5,0.0027692372189729773,0.4722222222222222,-0.09455842997323827,0.02928598983461042,36,5,hypothesis_only,sample_limited
159755,电池ETF,新能源制造,commodity_resource,10-45,proxy_rank_decline_3d,5,0.022884908905647226,0.7333333333333333,-0.042183622828784295,0.5425069581750467,30,5,hypothesis_only,sample_limited
159755,电池ETF,新能源制造,commodity_resource,10-45,proxy_buy,10,0.02239292051969178,0.6015625,-0.12889273356401387,0.17373299409908516,128,10,sample_limited,profile_match
159755,电池ETF,新能源制造,commodity_resource,10-45,short_swing_weakening,10,0.005015190668745244,0.5555555555555556,-0.1410614525139665,0.03555323285961974,36,10,hypothesis_only,sample_limited
159755,电池ETF,新能源制造,commodity_resource,10-45,proxy_rank_decline_3d,10,0.03072519780912011,0.6666666666666666,-0.052109181141439365,0.5896311770035889,30,10,hypothesis_only,sample_limited
159755,电池ETF,新能源制造,commodity_resource,10-45,proxy_buy,20,0.04689088124538602,0.6377952755905512,-0.15515840779853785,0.302212957136493,127,20,sample_limited,profile_match
159755,电池ETF,新能源制造,commodity_resource,10-45,short_swing_weakening,20,0.01856791699611967,0.6571428571428571,-0.15921787709497204,0.1166195488528218,35,20,hypothesis_only,sample_limited
159755,电池ETF,新能源制造,commodity_resource,10-45,proxy_rank_decline_3d,20,0.06390802724225135,0.8148148148148148,-0.13835956917978465,0.4618981370143554,27,20,hypothesis_only,sample_limited
159755,电池ETF,新能源制造,commodity_resource,10-45,proxy_buy,30,0.08773783909492328,0.6837606837606838,-0.13754325259515565,0.6378927169417066,117,30,sample_limited,profile_match
159755,电池ETF,新能源制造,commodity_resource,10-45,short_swing_weakening,30,0.04617171771378315,0.7575757575757576,-0.15921787709497204,0.28999078844797144,33,30,hypothesis_only,sample_limited
159755,电池ETF,新能源制造,commodity_resource,10-45,proxy_rank_decline_3d,30,0.08542738936573453,0.8846153846153846,-0.07529843893480259,1.1345174026742058,26,30,hypothesis_only,sample_limited
159755,电池ETF,新能源制造,commodity_resource,10-45,proxy_buy,60,0.20348338636918883,0.8613861386138614,-0.13754325259515565,1.479413802784795,101,60,sample_limited,profile_mismatch
159755,电池ETF,新能源制造,commodity_resource,10-45,short_swing_weakening,60,0.1698675302762767,0.9310344827586207,-0.15921787709497204,1.0668872954194224,29,60,hypothesis_only,sample_limited
159755,电池ETF,新能源制造,commodity_resource,10-45,proxy_rank_decline_3d,60,0.15076928117492783,0.95,-0.08448117539026623,1.7846494260814842,20,60,hypothesis_only,sample_limited
516390,新能源汽车ETF,新能源制造,commodity_resource,10-45,proxy_buy,3,0.005490061817734876,0.5528455284552846,-0.09877704609595483,0.055580340116687374,123,3,sample_limited,profile_mismatch
516390,新能源汽车ETF,新能源制造,commodity_resource,10-45,short_swing_weakening,3,0.008194867386625549,0.5757575757575758,-0.0726202158979391,0.11284553874285731,33,3,hypothesis_only,sample_limited
516390,新能源汽车ETF,新能源制造,commodity_resource,10-45,proxy_rank_decline_3d,3,0.0060069318458481884,0.5769230769230769,-0.03859649122807007,0.15563414327879438,26,3,hypothesis_only,sample_limited
516390,新能源汽车ETF,新能源制造,commodity_resource,10-45,proxy_buy,5,0.008631469351713451,0.6341463414634146,-0.10933081998114991,0.07894818088075833,123,5,sample_limited,profile_mismatch
516390,新能源汽车ETF,新能源制造,commodity_resource,10-45,short_swing_weakening,5,0.00718615718233051,0.5454545454545454,-0.07530981887511912,0.09542125169955329,33,5,hypothesis_only,sample_limited
516390,新能源汽车ETF,新能源制造,commodity_resource,10-45,proxy_rank_decline_3d,5,0.011726533801607448,0.6923076923076923,-0.06321839080459779,0.1854924437708812,26,5,hypothesis_only,sample_limited
516390,新能源汽车ETF,新能源制造,commodity_resource,10-45,proxy_buy,10,0.02135078035884494,0.5853658536585366,-0.11947318908748816,0.17870771276734004,123,10,sample_limited,profile_match
516390,新能源汽车ETF,新能源制造,commodity_resource,10-45,short_swing_weakening,10,0.0074182544845101265,0.5454545454545454,-0.1388101983002833,0.0534417108782056,33,10,hypothesis_only,sample_limited
516390,新能源汽车ETF,新能源制造,commodity_resource,10-45,proxy_rank_decline_3d,10,0.014580371381258736,0.5833333333333334,-0.05175438596491222,0.28172243007855896,24,10,hypothesis_only,sample_limited
516390,新能源汽车ETF,新能源制造,commodity_resource,10-45,proxy_buy,20,0.04446473530813398,0.6475409836065574,-0.15689655172413786,0.28340160965623873,122,20,sample_limited,profile_match
516390,新能源汽车ETF,新能源制造,commodity_resource,10-45,short_swing_weakening,20,0.01948085621317327,0.65625,-0.17969821673525377,0.10840873419391842,32,20,hypothesis_only,sample_limited
516390,新能源汽车ETF,新能源制造,commodity_resource,10-45,proxy_rank_decline_3d,20,0.041674561381250426,0.7619047619047619,-0.14135206321334504,0.2948281081567965,21,20,hypothesis_only,sample_limited
516390,新能源汽车ETF,新能源制造,commodity_resource,10-45,proxy_buy,30,0.09018769988352,0.6517857142857143,-0.12523540489642182,0.7201453930548741,112,30,sample_limited,profile_match
516390,新能源汽车ETF,新能源制造,commodity_resource,10-45,short_swing_weakening,30,0.040371711746129704,0.7,-0.17969821673525377,0.22466395315212637,30,30,hypothesis_only,sample_limited
516390,新能源汽车ETF,新能源制造,commodity_resource,10-45,proxy_rank_decline_3d,30,0.06820620143973513,0.85,-0.06913827655310611,0.9865186816935617,20,30,hypothesis_only,sample_limited
516390,新能源汽车ETF,新能源制造,commodity_resource,10-45,proxy_buy,60,0.1922170535558987,0.8942307692307693,-0.12605832549388518,1.5248263278352268,104,60,sample_limited,profile_mismatch
516390,新能源汽车ETF,新能源制造,commodity_resource,10-45,short_swing_weakening,60,0.14569657579433565,0.8846153846153846,-0.17969821673525377,0.8107847614814556,26,60,hypothesis_only,sample_limited
516390,新能源汽车ETF,新能源制造,commodity_resource,10-45,proxy_rank_decline_3d,60,0.12061199781017283,0.9411764705882353,-0.0792864222001981,1.521218822380807,17,60,hypothesis_only,sample_limited
516800,智能制造ETF,新能源制造,commodity_resource,10-45,proxy_buy,3,0.011893075422447033,0.6261682242990654,-0.08923884514435698,0.1332724039985976,107,3,sample_limited,profile_mismatch
516800,智能制造ETF,新能源制造,commodity_resource,10-45,short_swing_weakening,3,0.005485503439354611,0.5652173913043478,-0.039215686274509665,0.13988033770354308,23,3,hypothesis_only,sample_limited
516800,智能制造ETF,新能源制造,commodity_resource,10-45,proxy_rank_decline_3d,3,0.00026255331081340296,0.5526315789473685,-0.11855670103092775,0.002214580099904357,38,3,hypothesis_only,sample_limited
516800,智能制造ETF,新能源制造,commodity_resource,10-45,proxy_buy,5,0.01880698007285238,0.6857142857142857,-0.0931065353625784,0.2019941994363086,105,5,sample_limited,profile_mismatch
516800,智能制造ETF,新能源制造,commodity_resource,10-45,short_swing_weakening,5,0.008197858079881923,0.6086956521739131,-0.06372549019607832,0.12864331140737809,23,5,hypothesis_only,sample_limited
516800,智能制造ETF,新能源制造,commodity_resource,10-45,proxy_rank_decline_3d,5,0.0063393919592476065,0.5526315789473685,-0.11855670103092775,0.05347139304756681,38,5,hypothesis_only,sample_limited
516800,智能制造ETF,新能源制造,commodity_resource,10-45,proxy_buy,10,0.03768536578492471,0.6568627450980392,-0.11162790697674418,0.3375980684899505,102,10,sample_limited,profile_match
516800,智能制造ETF,新能源制造,commodity_resource,10-45,short_swing_weakening,10,0.014263964502680098,0.5454545454545454,-0.07747318235995226,0.18411486488844017,22,10,hypothesis_only,sample_limited
516800,智能制造ETF,新能源制造,commodity_resource,10-45,proxy_rank_decline_3d,10,0.011648331302796295,0.5405405405405406,-0.11855670103092775,0.09825114229315143,37,10,hypothesis_only,sample_limited
516800,智能制造ETF,新能源制造,commodity_resource,10-45,proxy_buy,20,0.06674266981529628,0.6847826086956522,-0.13912009512485135,0.47974859243302714,92,20,sample_limited,profile_match
516800,智能制造ETF,新能源制造,commodity_resource,10-45,short_swing_weakening,20,0.03218375306064424,0.45454545454545453,-0.16039279869067102,0.20065584816381257,22,20,hypothesis_only,sample_limited
516800,智能制造ETF,新能源制造,commodity_resource,10-45,proxy_rank_decline_3d,20,0.022573887555182758,0.5135135135135135,-0.16039279869067102,0.14074127853282312,37,20,hypothesis_only,sample_limited
516800,智能制造ETF,新能源制造,commodity_resource,10-45,proxy_buy,30,0.08814392603613326,0.6,-0.13912009512485135,0.6335815538152827,85,30,sample_limited,profile_match
516800,智能制造ETF,新能源制造,commodity_resource,10-45,short_swing_weakening,30,0.05735557249738627,0.5454545454545454,-0.16039279869067102,0.3575944366928879,22,30,hypothesis_only,sample_limited
516800,智能制造ETF,新能源制造,commodity_resource,10-45,proxy_rank_decline_3d,30,0.03916456265556649,0.6388888888888888,-0.16039279869067102,0.24417905900562373,36,30,hypothesis_only,sample_limited
516800,智能制造ETF,新能源制造,commodity_resource,10-45,proxy_buy,60,0.11613439755064435,0.7176470588235294,-0.1581395348837209,0.7343792786290747,85,60,sample_limited,profile_mismatch
516800,智能制造ETF,新能源制造,commodity_resource,10-45,short_swing_weakening,60,0.1591958552042459,0.9473684210526315,-0.16039279869067102,0.9925374237734107,19,60,hypothesis_only,sample_limited
516800,智能制造ETF,新能源制造,commodity_resource,10-45,proxy_rank_decline_3d,60,0.14032981209556428,0.7941176470588235,-0.16039279869067102,0.8749134203100998,34,60,hypothesis_only,sample_limited
512660,军工ETF,新能源制造,commodity_resource,10-45,proxy_buy,3,0.004885449885652434,0.5360824742268041,-0.10788064269319053,0.045285695039345604,97,3,sample_limited,profile_mismatch
512660,军工ETF,新能源制造,commodity_resource,10-45,short_swing_weakening,3,0.00024825702546326593,0.5277777777777778,-0.08477237048665631,0.0029285134300018555,36,3,hypothesis_only,sample_limited
512660,军工ETF,新能源制造,commodity_resource,10-45,proxy_rank_decline_3d,3,-0.0018876033267737208,0.45,-0.10434782608695636,0.01808953188158152,40,3,sample_limited,profile_mismatch
512660,军工ETF,新能源制造,commodity_resource,10-45,proxy_buy,5,0.008446882624113772,0.5876288659793815,-0.11117717003567174,0.07597677312170789,97,5,sample_limited,profile_mismatch
512660,军工ETF,新能源制造,commodity_resource,10-45,short_swing_weakening,5,0.0038514104983512643,0.6388888888888888,-0.08477237048665631,0.045432379397217636,36,5,hypothesis_only,sample_limited
512660,军工ETF,新能源制造,commodity_resource,10-45,proxy_rank_decline_3d,5,0.0016163835094777689,0.5,-0.10434782608695636,0.015490341965828642,38,5,hypothesis_only,sample_limited
512660,军工ETF,新能源制造,commodity_resource,10-45,proxy_buy,10,0.014976572212169876,0.6391752577319587,-0.16677696889477167,0.08980000243090747,97,10,sample_limited,profile_match
512660,军工ETF,新能源制造,commodity_resource,10-45,short_swing_weakening,10,0.011814345559299737,0.6857142857142857,-0.15446608462055078,0.07648504581651,35,10,hypothesis_only,sample_limited
512660,军工ETF,新能源制造,commodity_resource,10-45,proxy_rank_decline_3d,10,-0.004557792708189409,0.4864864864864865,-0.12049335863377608,0.03782609066481604,37,10,hypothesis_only,sample_limited
512660,军工ETF,新能源制造,commodity_resource,10-45,proxy_buy,20,0.022387001784356524,0.6105263157894737,-0.20717884130982378,0.10805640982844421,95,20,sample_limited,profile_match
512660,军工ETF,新能源制造,commodity_resource,10-45,short_swing_weakening,20,0.024346415251209827,0.6363636363636364,-0.15446608462055078,0.15761657525674527,33,20,hypothesis_only,sample_limited
512660,军工ETF,新能源制造,commodity_resource,10-45,proxy_rank_decline_3d,20,0.016815262065690065,0.5454545454545454,-0.1534246575342465,0.1095994759638728,33,20,hypothesis_only,sample_limited
512660,军工ETF,新能源制造,commodity_resource,10-45,proxy_buy,30,0.029268266237905197,0.5473684210526316,-0.20717884130982378,0.14127053734283718,95,30,sample_limited,profile_match
512660,军工ETF,新能源制造,commodity_resource,10-45,short_swing_weakening,30,0.047865032960094825,0.65625,-0.15446608462055078,0.3098740612068746,32,30,hypothesis_only,sample_limited
512660,军工ETF,新能源制造,commodity_resource,10-45,proxy_rank_decline_3d,30,0.007720542584719529,0.5,-0.1534246575342465,0.05032139363254696,30,30,hypothesis_only,sample_limited
512660,军工ETF,新能源制造,commodity_resource,10-45,proxy_buy,60,-0.005593819217774632,0.45263157894736844,-0.251486325802616,0.022243035282025838,95,60,sample_limited,profile_mismatch
512660,军工ETF,新能源制造,commodity_resource,10-45,short_swing_weakening,60,0.09542531087187607,0.6774193548387096,-0.18065815983881806,0.5282092486551057,31,60,hypothesis_only,sample_limited
512660,军工ETF,新能源制造,commodity_resource,10-45,proxy_rank_decline_3d,60,0.047417057123667436,0.6296296296296297,-0.1749672346002622,0.27100535269931264,27,60,hypothesis_only,sample_limited
512670,国防ETF,新能源制造,commodity_resource,10-45,proxy_buy,3,0.004946692177211253,0.5824175824175825,-0.11264367816091947,0.04391451218544687,91,3,sample_limited,profile_mismatch
512670,国防ETF,新能源制造,commodity_resource,10-45,short_swing_weakening,3,-0.0017172191597006475,0.5,-0.11264367816091947,0.015244700703464942,32,3,hypothesis_only,sample_limited
512670,国防ETF,新能源制造,commodity_resource,10-45,proxy_rank_decline_3d,3,0.003148790895177553,0.5,-0.08177905308464839,0.038503636034013286,40,3,sample_limited,profile_mismatch
512670,国防ETF,新能源制造,commodity_resource,10-45,proxy_buy,5,0.00838040623853411,0.5714285714285714,-0.1167048054919908,0.07180857894587074,91,5,sample_limited,profile_mismatch
512670,国防ETF,新能源制造,commodity_resource,10-45,short_swing_weakening,5,0.0035024488956017334,0.59375,-0.11264367816091947,0.031093168767076632,32,5,hypothesis_only,sample_limited
512670,国防ETF,新能源制造,commodity_resource,10-45,proxy_rank_decline_3d,5,0.005129474491132982,0.5,-0.08177905308464839,0.06272357404069637,38,5,hypothesis_only,sample_limited
512670,国防ETF,新能源制造,commodity_resource,10-45,proxy_buy,10,0.011902343861572892,0.6483516483516484,-0.16110019646365425,0.07388162226269025,91,10,sample_limited,profile_match
512670,国防ETF,新能源制造,commodity_resource,10-45,short_swing_weakening,10,0.014717420443387745,0.6451612903225806,-0.1477045908183633,0.09964091408293593,31,10,hypothesis_only,sample_limited
512670,国防ETF,新能源制造,commodity_resource,10-45,proxy_rank_decline_3d,10,0.001845097158271792,0.5405405405405406,-0.10199789695057837,0.018089560799138902,37,10,hypothesis_only,sample_limited
512670,国防ETF,新能源制造,commodity_resource,10-45,proxy_buy,20,0.016454664892300342,0.6153846153846154,-0.209990749306198,0.07835899889240823,91,20,sample_limited,profile_match
512670,国防ETF,新能源制造,commodity_resource,10-45,short_swing_weakening,20,0.018960214988690147,0.6206896551724138,-0.1477045908183633,0.12836577985586164,29,20,hypothesis_only,sample_limited
512670,国防ETF,新能源制造,commodity_resource,10-45,proxy_rank_decline_3d,20,0.012591035522753721,0.5,-0.14780292942743012,0.08518799709538777,34,20,hypothesis_only,sample_limited
512670,国防ETF,新能源制造,commodity_resource,10-45,proxy_buy,30,0.02225099612604946,0.5274725274725275,-0.209990749306198,0.10596179212449103,91,30,sample_limited,profile_match
512670,国防ETF,新能源制造,commodity_resource,10-45,short_swing_weakening,30,0.03893055440028448,0.5357142857142857,-0.1477045908183633,0.2635703750613854,28,30,hypothesis_only,sample_limited
512670,国防ETF,新能源制造,commodity_resource,10-45,proxy_rank_decline_3d,30,0.004355335279362937,0.5161290322580645,-0.14780292942743012,0.029467178331545635,31,30,hypothesis_only,sample_limited
512670,国防ETF,新能源制造,commodity_resource,10-45,proxy_buy,60,-0.013733031833768795,0.37362637362637363,-0.2278481012658229,0.06027275082598524,91,60,sample_limited,profile_mismatch
512670,国防ETF,新能源制造,commodity_resource,10-45,short_swing_weakening,60,0.07301465791889573,0.5925925925925926,-0.1826347305389222,0.3997851761460847,27,60,hypothesis_only,sample_limited
512670,国防ETF,新能源制造,commodity_resource,10-45,proxy_rank_decline_3d,60,0.08094216609322237,0.6071428571428571,-0.16926070038910512,0.47821003875765844,28,60,hypothesis_only,sample_limited
159806,新能源车电池ETF,新能源制造,commodity_resource,10-45,proxy_buy,3,0.005921586421074092,0.5245901639344263,-0.09882352941176464,0.059920814975154536,122,3,sample_limited,profile_mismatch
159806,新能源车电池ETF,新能源制造,commodity_resource,10-45,short_swing_weakening,3,0.004556765327719785,0.5151515151515151,-0.0734394124847001,0.062047954545784434,33,3,hypothesis_only,sample_limited
159806,新能源车电池ETF,新能源制造,commodity_resource,10-45,proxy_rank_decline_3d,3,0.015486560679520133,0.5925925925925926,-0.03365906623235615,0.4601007221238076,27,3,hypothesis_only,sample_limited
159806,新能源车电池ETF,新能源制造,commodity_resource,10-45,proxy_buy,5,0.00885354937916766,0.6311475409836066,-0.11254396248534582,0.07866747521281266,122,5,sample_limited,profile_mismatch
159806,新能源车电池ETF,新能源制造,commodity_resource,10-45,short_swing_weakening,5,0.002603283689630499,0.45454545454545453,-0.07692307692307687,0.03384268796519651,33,5,hypothesis_only,sample_limited
159806,新能源车电池ETF,新能源制造,commodity_resource,10-45,proxy_rank_decline_3d,5,0.01986512101665675,0.6666666666666666,-0.06242638398115419,0.3182167498705964,27,5,hypothesis_only,sample_limited
159806,新能源车电池ETF,新能源制造,commodity_resource,10-45,proxy_buy,10,0.021465532691979136,0.5737704918032787,-0.11565420560747663,0.1856009695387287,122,10,sample_limited,profile_match
159806,新能源车电池ETF,新能源制造,commodity_resource,10-45,short_swing_weakening,10,0.0033553932463096584,0.5,-0.13556338028169013,0.024751472258492026,32,10,hypothesis_only,sample_limited
159806,新能源车电池ETF,新能源制造,commodity_resource,10-45,proxy_rank_decline_3d,10,0.029255119901926873,0.64,-0.04668838219326821,0.6266038472017358,25,10,hypothesis_only,sample_limited
159806,新能源车电池ETF,新能源制造,commodity_resource,10-45,proxy_buy,20,0.04410063808172895,0.6446280991735537,-0.1522896698615548,0.2895839102010035,121,20,sample_limited,profile_match
159806,新能源车电池ETF,新能源制造,commodity_resource,10-45,short_swing_weakening,20,0.018114401571135863,0.6451612903225806,-0.17918088737201365,0.10109561257795824,31,20,hypothesis_only,sample_limited
159806,新能源车电池ETF,新能源制造,commodity_resource,10-45,proxy_rank_decline_3d,20,0.062373542491022935,0.7727272727272727,-0.1357220412595005,0.4595682610738572,22,20,hypothesis_only,sample_limited
159806,新能源车电池ETF,新能源制造,commodity_resource,10-45,proxy_buy,30,0.08869448084131351,0.6396396396396397,-0.12616822429906538,0.7029858851867073,111,30,sample_limited,profile_match
159806,新能源车电池ETF,新能源制造,commodity_resource,10-45,short_swing_weakening,30,0.042898966809369735,0.6551724137931034,-0.17918088737201365,0.23941709095514918,29,30,hypothesis_only,sample_limited
159806,新能源车电池ETF,新能源制造,commodity_resource,10-45,proxy_rank_decline_3d,30,0.08228880891640915,0.8571428571428571,-0.06773399014778325,1.2148820516386223,21,30,hypothesis_only,sample_limited
159806,新能源车电池ETF,新能源制造,commodity_resource,10-45,proxy_buy,60,0.19206522523714425,0.9029126213592233,-0.12616822429906538,1.5222947481758846,103,60,sample_limited,profile_mismatch
159806,新能源车电池ETF,新能源制造,commodity_resource,10-45,short_swing_weakening,60,0.1514526057768755,0.8846153846153846,-0.17918088737201365,0.8452497808118956,26,60,hypothesis_only,sample_limited
159806,新能源车电池ETF,新能源制造,commodity_resource,10-45,proxy_rank_decline_3d,60,0.1332975017496108,0.9444444444444444,-0.0788177339901478,1.6912120534481867,18,60,hypothesis_only,sample_limited
512400,有色ETF,周期资源,commodity_resource,10-45,proxy_buy,3,0.011615752023918008,0.632258064516129,-0.18882466281310217,0.06151607449401474,155,3,sample_limited,profile_mismatch
512400,有色ETF,周期资源,commodity_resource,10-45,short_swing_weakening,3,-2.7105658437434406e-05,0.5769230769230769,-0.07614213197969544,0.0003559876474783052,26,3,hypothesis_only,sample_limited
512400,有色ETF,周期资源,commodity_resource,10-45,proxy_rank_decline_3d,3,0.002667635691791038,0.5609756097560976,-0.12144578313253018,0.02196565103359683,41,3,sample_limited,profile_mismatch
512400,有色ETF,周期资源,commodity_resource,10-45,proxy_buy,5,0.018888202433101218,0.6838709677419355,-0.18882466281310217,0.10003037819162786,155,5,sample_limited,profile_mismatch
512400,有色ETF,周期资源,commodity_resource,10-45,short_swing_weakening,5,0.005936971591353113,0.68,-0.11996251171508909,0.04949022412479507,25,5,hypothesis_only,sample_limited
512400,有色ETF,周期资源,commodity_resource,10-45,proxy_rank_decline_3d,5,0.01580382065572538,0.6585365853658537,-0.12144578313253018,0.13013066611361168,41,5,sample_limited,profile_mismatch
512400,有色ETF,周期资源,commodity_resource,10-45,proxy_buy,10,0.04095660283969466,0.7806451612903226,-0.18882466281310217,0.2169028252428727,155,10,sample_limited,profile_match
512400,有色ETF,周期资源,commodity_resource,10-45,short_swing_weakening,10,0.021909290920726316,0.7916666666666666,-0.140896614821592,0.15549905828801205,24,10,hypothesis_only,sample_limited
512400,有色ETF,周期资源,commodity_resource,10-45,proxy_rank_decline_3d,10,0.02969875172355838,0.7317073170731707,-0.16423043852106622,0.18083585473559366,41,10,sample_limited,profile_match
512400,有色ETF,周期资源,commodity_resource,10-45,proxy_buy,20,0.08672793410789945,0.8701298701298701,-0.27021617293835076,0.32095759911338184,154,20,sample_limited,profile_match
512400,有色ETF,周期资源,commodity_resource,10-45,short_swing_weakening,20,0.047318538704447216,0.6956521739130435,-0.22260127931769735,0.21257083000369476,23,20,hypothesis_only,sample_limited
512400,有色ETF,周期资源,commodity_resource,10-45,proxy_rank_decline_3d,20,0.06692683900503991,0.8235294117647058,-0.21625107480653483,0.30948673464358417,34,20,hypothesis_only,sample_limited
512400,有色ETF,周期资源,commodity_resource,10-45,proxy_buy,30,0.12328258190341791,0.8636363636363636,-0.27021617293835076,0.4562368734736857,154,30,sample_limited,profile_match
512400,有色ETF,周期资源,commodity_resource,10-45,short_swing_weakening,30,0.06030691159770592,0.5652173913043478,-0.22260127931769735,0.27091898026172473,23,30,hypothesis_only,sample_limited
512400,有色ETF,周期资源,commodity_resource,10-45,proxy_rank_decline_3d,30,0.0884066404744086,0.7941176470588235,-0.21625107480653483,0.4088148026709233,34,30,hypothesis_only,sample_limited
512400,有色ETF,周期资源,commodity_resource,10-45,proxy_buy,60,0.22561363334630188,0.8896103896103896,-0.2974951830443161,0.7583774333337476,154,60,sample_limited,profile_mismatch
512400,有色ETF,周期资源,commodity_resource,10-45,short_swing_weakening,60,0.2019143857427713,0.85,-0.22260127931769735,0.9070674991701119,20,60,hypothesis_only,sample_limited
512400,有色ETF,周期资源,commodity_resource,10-45,proxy_rank_decline_3d,60,0.215662894326269,0.9,-0.21625107480653483,0.9972801037831047,30,60,hypothesis_only,sample_limited
516780,稀土ETF,周期资源,commodity_resource,10-45,proxy_buy,3,0.007794880264799884,0.5433070866141733,-0.11036468330134352,0.07062839335583898,127,3,sample_limited,profile_mismatch
516780,稀土ETF,周期资源,commodity_resource,10-45,short_swing_weakening,3,0.0032373960355258934,0.38461538461538464,-0.050204918032786816,0.06448364348312809,26,3,hypothesis_only,sample_limited
516780,稀土ETF,周期资源,commodity_resource,10-45,proxy_rank_decline_3d,3,0.004594708094890611,0.44,-0.0610795454545453,0.07522498834425577,25,3,hypothesis_only,sample_limited
516780,稀土ETF,周期资源,commodity_resource,10-45,proxy_buy,5,0.01092609438327196,0.5511811023622047,-0.11036468330134352,0.09899991606408162,127,5,sample_limited,profile_mismatch
516780,稀土ETF,周期资源,commodity_resource,10-45,short_swing_weakening,5,0.007661156393942301,0.52,-0.07547169811320764,0.10151032221973537,25,5,hypothesis_only,sample_limited
516780,稀土ETF,周期资源,commodity_resource,10-45,proxy_rank_decline_3d,5,-0.025662397675368237,0.56,-0.5002570694087404,0.051298420841306494,25,5,hypothesis_only,sample_limited
516780,稀土ETF,周期资源,commodity_resource,10-45,proxy_buy,10,0.00625007799286476,0.5669291338582677,-0.5381995133819952,0.011612938766127557,127,10,sample_limited,profile_match
516780,稀土ETF,周期资源,commodity_resource,10-45,short_swing_weakening,10,0.008300512409374999,0.64,-0.5223955712128838,0.01588932385108682,25,10,hypothesis_only,sample_limited
516780,稀土ETF,周期资源,commodity_resource,10-45,proxy_rank_decline_3d,10,-0.02669341527148582,0.72,-0.5280205655526993,0.05055374167774091,25,10,hypothesis_only,sample_limited
516780,稀土ETF,周期资源,commodity_resource,10-45,proxy_buy,20,0.05083963695225858,0.6532258064516129,-0.5508390918065152,0.09229489647426155,124,20,sample_limited,profile_match
516780,稀土ETF,周期资源,commodity_resource,10-45,short_swing_weakening,20,0.02932472303309479,0.6666666666666666,-0.48598625066102596,0.06034064336842464,24,20,hypothesis_only,sample_limited
516780,稀土ETF,周期资源,commodity_resource,10-45,proxy_rank_decline_3d,20,0.05876677034182851,0.6956521739130435,-0.5508390918065152,0.10668591103274604,23,20,hypothesis_only,sample_limited
516780,稀土ETF,周期资源,commodity_resource,10-45,proxy_buy,30,0.09496466383186371,0.6910569105691057,-0.22262118491921012,0.4265751431802264,123,30,sample_limited,profile_match
516780,稀土ETF,周期资源,commodity_resource,10-45,short_swing_weakening,30,0.05763333318092146,0.7083333333333334,-0.5187731359069275,0.11109544652917684,24,30,hypothesis_only,sample_limited
516780,稀土ETF,周期资源,commodity_resource,10-45,proxy_rank_decline_3d,30,0.07958467776215884,0.7272727272727273,-0.09684684684684686,0.8217580680557796,22,30,hypothesis_only,sample_limited
516780,稀土ETF,周期资源,commodity_resource,10-45,proxy_buy,60,0.13027954043250242,0.6747967479674797,-0.5834829443447038,0.22327908929508875,123,60,sample_limited,profile_mismatch
516780,稀土ETF,周期资源,commodity_resource,10-45,short_swing_weakening,60,0.20062557227523642,0.8636363636363636,-0.5628571428571428,0.3564413720626028,22,60,hypothesis_only,sample_limited
516780,稀土ETF,周期资源,commodity_resource,10-45,proxy_rank_decline_3d,60,0.2033892292565748,0.9,-0.09684684684684686,2.1001120416260277,20,60,hypothesis_only,sample_limited
515220,煤炭ETF,周期资源,commodity_resource,10-45,proxy_buy,3,0.0028574422758056556,0.5043478260869565,-0.05748865355521937,0.04970445642914574,115,3,sample_limited,profile_mismatch
515220,煤炭ETF,周期资源,commodity_resource,10-45,short_swing_weakening,3,0.006961660779441522,0.5757575757575758,-0.05011746280344542,0.13890688773979454,33,3,hypothesis_only,sample_limited
515220,煤炭ETF,周期资源,commodity_resource,10-45,proxy_rank_decline_3d,3,-0.002945600933341847,0.3888888888888889,-0.05630252100840327,0.05231738971159408,36,3,hypothesis_only,sample_limited
515220,煤炭ETF,周期资源,commodity_resource,10-45,proxy_buy,5,0.005959679823477635,0.5309734513274337,-0.09159663865546219,0.06506439440310445,113,5,sample_limited,profile_mismatch
515220,煤炭ETF,周期资源,commodity_resource,10-45,short_swing_weakening,5,0.006011313571255445,0.5151515151515151,-0.09008097165991902,0.06673233492584697,33,5,hypothesis_only,sample_limited
515220,煤炭ETF,周期资源,commodity_resource,10-45,proxy_rank_decline_3d,5,-0.006134342396924595,0.3888888888888889,-0.09159663865546219,0.06697126103064466,36,5,hypothesis_only,sample_limited
515220,煤炭ETF,周期资源,commodity_resource,10-45,proxy_buy,10,0.011763131123688401,0.5675675675675675,-0.10066555740432614,0.11685358355928475,111,10,sample_limited,profile_match
515220,煤炭ETF,周期资源,commodity_resource,10-45,short_swing_weakening,10,0.03393660330501214,0.6363636363636364,-0.09008097165991902,0.3767344277005843,33,10,hypothesis_only,sample_limited
515220,煤炭ETF,周期资源,commodity_resource,10-45,proxy_rank_decline_3d,10,0.0003791625873660239,0.4166666666666667,-0.09159663865546219,0.00413948145839971,36,10,hypothesis_only,sample_limited
515220,煤炭ETF,周期资源,commodity_resource,10-45,proxy_buy,20,0.01285222785047065,0.4954128440366973,-0.12184873949579833,0.10547690442800049,109,20,sample_limited,profile_match
515220,煤炭ETF,周期资源,commodity_resource,10-45,short_swing_weakening,20,0.03693609919040661,0.6875,-0.10010010010010006,0.36899163091216214,32,20,hypothesis_only,sample_limited
515220,煤炭ETF,周期资源,commodity_resource,10-45,proxy_rank_decline_3d,20,-0.0058755531645429595,0.48484848484848486,-0.12184873949579833,0.04822005700555946,33,20,hypothesis_only,sample_limited
515220,煤炭ETF,周期资源,commodity_resource,10-45,proxy_buy,30,-0.002965657408628806,0.44554455445544555,-0.1389351081530782,0.021345629971088773,101,30,sample_limited,profile_match
515220,煤炭ETF,周期资源,commodity_resource,10-45,short_swing_weakening,30,0.059677231608155204,0.6774193548387096,-0.11689419795221845,0.5105234703996926,31,30,hypothesis_only,sample_limited
515220,煤炭ETF,周期资源,commodity_resource,10-45,proxy_rank_decline_3d,30,0.0028431764229625046,0.5161290322580645,-0.13025210084033612,0.021828257698873425,31,30,hypothesis_only,sample_limited
515220,煤炭ETF,周期资源,commodity_resource,10-45,proxy_buy,60,0.04288524206217065,0.651685393258427,-0.14475873544093176,0.2962532239007421,89,60,sample_limited,profile_mismatch
515220,煤炭ETF,周期资源,commodity_resource,10-45,short_swing_weakening,60,0.080172958138537,0.7777777777777778,-0.12286689419795216,0.6525187981830931,27,60,hypothesis_only,sample_limited
515220,煤炭ETF,周期资源,commodity_resource,10-45,proxy_rank_decline_3d,60,0.09440364198740936,0.8214285714285714,-0.13613445378151257,0.6934588516359085,28,60,hypothesis_only,sample_limited
159930,能源ETF,周期资源,commodity_resource,10-45,proxy_buy,3,0.004109596343000185,0.5365853658536586,-0.06227296315516351,0.0659932679413446,123,3,sample_limited,profile_mismatch
159930,能源ETF,周期资源,commodity_resource,10-45,short_swing_weakening,3,0.006665341811698361,0.6060606060606061,-0.03227975790181581,0.20648673487490501,33,3,hypothesis_only,sample_limited
159930,能源ETF,周期资源,commodity_resource,10-45,proxy_rank_decline_3d,3,0.011032452103318938,0.6206896551724138,-0.026686434395848835,0.4134104968715893,29,3,hypothesis_only,sample_limited
159930,能源ETF,周期资源,commodity_resource,10-45,proxy_buy,5,0.0072783397843403244,0.5691056910569106,-0.07213284898806438,0.10090187600304891,123,5,sample_limited,profile_mismatch
159930,能源ETF,周期资源,commodity_resource,10-45,short_swing_weakening,5,0.0027956398438466184,0.5454545454545454,-0.08781645569620256,0.03183503389749662,33,5,hypothesis_only,sample_limited
159930,能源ETF,周期资源,commodity_resource,10-45,proxy_rank_decline_3d,5,0.013752327672812177,0.6206896551724138,-0.02893518518518523,0.4752804443723881,29,5,hypothesis_only,sample_limited
159930,能源ETF,周期资源,commodity_resource,10-45,proxy_buy,10,0.014157809870705935,0.5853658536585366,-0.08510638297872353,0.1663542659807945,123,10,sample_limited,profile_match
159930,能源ETF,周期资源,commodity_resource,10-45,short_swing_weakening,10,0.02088844750392344,0.6363636363636364,-0.08781645569620256,0.23786484364828125,33,10,hypothesis_only,sample_limited
159930,能源ETF,周期资源,commodity_resource,10-45,proxy_rank_decline_3d,10,0.01840448227140654,0.5862068965517241,-0.03877314814814814,0.4746708263431419,29,10,hypothesis_only,sample_limited
159930,能源ETF,周期资源,commodity_resource,10-45,proxy_buy,20,0.022280901569944198,0.5772357723577236,-0.11053450960041522,0.20157416584639645,123,20,sample_limited,profile_match
159930,能源ETF,周期资源,commodity_resource,10-45,short_swing_weakening,20,0.03375731432405117,0.6875,-0.09069400630914826,0.3722110831556251,32,20,hypothesis_only,sample_limited
159930,能源ETF,周期资源,commodity_resource,10-45,proxy_rank_decline_3d,20,0.022643067187986792,0.7407407407407407,-0.08925750394944709,0.253682504955675,27,20,hypothesis_only,sample_limited
159930,能源ETF,周期资源,commodity_resource,10-45,proxy_buy,30,0.02644394516782071,0.6218487394957983,-0.1224701608718215,0.21592153533216313,119,30,sample_limited,profile_match
159930,能源ETF,周期资源,commodity_resource,10-45,short_swing_weakening,30,0.0468664449444641,0.6451612903225806,-0.09069400630914826,0.5167534973006999,31,30,hypothesis_only,sample_limited
159930,能源ETF,周期资源,commodity_resource,10-45,proxy_rank_decline_3d,30,0.034943937741349795,0.8,-0.08925750394944709,0.39149579805795426,25,30,hypothesis_only,sample_limited
159930,能源ETF,周期资源,commodity_resource,10-45,proxy_buy,60,0.06213449152274131,0.9196428571428571,-0.14478463933575514,0.42915112962122737,112,60,sample_limited,profile_mismatch
159930,能源ETF,周期资源,commodity_resource,10-45,short_swing_weakening,60,0.08567165300028441,1.0,-0.09069400630914826,0.9446230956900925,28,60,hypothesis_only,sample_limited
159930,能源ETF,周期资源,commodity_resource,10-45,proxy_rank_decline_3d,60,0.10418783217358399,0.9565217391304348,-0.08925750394944709,1.1672725268297106,23,60,hypothesis_only,sample_limited
510410,资源ETF,周期资源,commodity_resource,10-45,proxy_buy,3,0.008854011127841656,0.6625,-0.15467937608318882,0.05724105793573824,160,3,sample_limited,profile_mismatch
510410,资源ETF,周期资源,commodity_resource,10-45,short_swing_weakening,3,0.004331013486699833,0.64,-0.050167224080267525,0.08633153550155007,25,3,hypothesis_only,sample_limited
510410,资源ETF,周期资源,commodity_resource,10-45,proxy_rank_decline_3d,3,0.0006383440239408577,0.5675675675675675,-0.07166907166907177,0.008906827018611015,37,3,hypothesis_only,sample_limited
510410,资源ETF,周期资源,commodity_resource,10-45,proxy_buy,5,0.014222131542365925,0.6625,-0.15467937608318882,0.09194588123187836,160,5,sample_limited,profile_mismatch
510410,资源ETF,周期资源,commodity_resource,10-45,short_swing_weakening,5,0.0007649836596102055,0.6,-0.10578512396694206,0.0072314861572527304,25,5,hypothesis_only,sample_limited
510410,资源ETF,周期资源,commodity_resource,10-45,proxy_rank_decline_3d,5,0.010579402108855834,0.5945945945945946,-0.07166907166907177,0.14761461063296138,37,5,hypothesis_only,sample_limited
510410,资源ETF,周期资源,commodity_resource,10-45,proxy_buy,10,0.024761093623099355,0.7375,-0.15467937608318882,0.16008012347930908,160,10,sample_limited,profile_match
510410,资源ETF,周期资源,commodity_resource,10-45,short_swing_weakening,10,0.013918486539829472,0.6666666666666666,-0.12032520325203244,0.1156739084053396,24,10,hypothesis_only,sample_limited
510410,资源ETF,周期资源,commodity_resource,10-45,proxy_rank_decline_3d,10,0.016015499304385162,0.7027027027027027,-0.12032520325203244,0.1331017847594173,37,10,hypothesis_only,sample_limited
510410,资源ETF,周期资源,commodity_resource,10-45,proxy_buy,20,0.05013610075162791,0.8,-0.18565400843881863,0.27005126995763207,160,20,sample_limited,profile_match
510410,资源ETF,周期资源,commodity_resource,10-45,short_swing_weakening,20,0.04029899365763639,0.6086956521739131,-0.12866817155756205,0.3132009507075951,23,20,hypothesis_only,sample_limited
510410,资源ETF,周期资源,commodity_resource,10-45,proxy_rank_decline_3d,20,0.0393740852112468,0.7647058823529411,-0.15313734093900833,0.2571161610212936,34,20,hypothesis_only,sample_limited
510410,资源ETF,周期资源,commodity_resource,10-45,proxy_buy,30,0.07272520495043686,0.76875,-0.18565400843881863,0.39172439939212567,160,30,sample_limited,profile_match
510410,资源ETF,周期资源,commodity_resource,10-45,short_swing_weakening,30,0.04763233772949508,0.6086956521739131,-0.12866817155756205,0.37019518621344427,23,30,hypothesis_only,sample_limited
510410,资源ETF,周期资源,commodity_resource,10-45,proxy_rank_decline_3d,30,0.06284270355803592,0.7575757575757576,-0.15313734093900833,0.4103682561855698,33,30,hypothesis_only,sample_limited
510410,资源ETF,周期资源,commodity_resource,10-45,proxy_buy,60,0.1412257879745767,0.8490566037735849,-0.1860759493670886,0.758968520407589,159,60,sample_limited,profile_mismatch
510410,资源ETF,周期资源,commodity_resource,10-45,short_swing_weakening,60,0.1638607863462749,0.95,-0.12911963882618505,1.2690616844650318,20,60,hypothesis_only,sample_limited
510410,资源ETF,周期资源,commodity_resource,10-45,proxy_rank_decline_3d,60,0.17973758734134856,0.9310344827586207,-0.1535761298815269,1.170348461574096,29,60,hypothesis_only,sample_limited
159865,养殖ETF,周期资源,commodity_resource,10-45,proxy_buy,3,-0.003053116810199944,0.42028985507246375,-0.09312977099236652,0.03278346738821247,69,3,sample_limited,profile_mismatch
159865,养殖ETF,周期资源,commodity_resource,10-45,short_swing_weakening,3,0.0013977441038674303,0.5151515151515151,-0.09312977099236652,0.01500856373824862,33,3,hypothesis_only,sample_limited
159865,养殖ETF,周期资源,commodity_resource,10-45,proxy_rank_decline_3d,3,7.281142718699783e-05,0.4838709677419355,-0.07187500000000002,0.001013028552166926,31,3,hypothesis_only,sample_limited
159865,养殖ETF,周期资源,commodity_resource,10-45,proxy_buy,5,-0.006584135486027044,0.463768115942029,-0.10944527736131948,0.06015915574219222,69,5,sample_limited,profile_mismatch
159865,养殖ETF,周期资源,commodity_resource,10-45,short_swing_weakening,5,0.007390064112309011,0.5757575757575758,-0.09312977099236652,0.07935232776331798,33,5,hypothesis_only,sample_limited
159865,养殖ETF,周期资源,commodity_resource,10-45,proxy_rank_decline_3d,5,0.00011580487256989495,0.6,-0.07187500000000002,0.0016111982270594076,30,5,hypothesis_only,sample_limited
159865,养殖ETF,周期资源,commodity_resource,10-45,proxy_buy,10,-0.00497350564452003,0.463768115942029,-0.10944527736131948,0.04544285294376515,69,10,sample_limited,profile_match
159865,养殖ETF,周期资源,commodity_resource,10-45,short_swing_weakening,10,0.007399907963590112,0.6363636363636364,-0.09312977099236652,0.07945802813363144,33,10,hypothesis_only,sample_limited
159865,养殖ETF,周期资源,commodity_resource,10-45,proxy_rank_decline_3d,10,0.0024443295297712536,0.6666666666666666,-0.0782918149466193,0.031220754448441888,30,10,hypothesis_only,sample_limited
159865,养殖ETF,周期资源,commodity_resource,10-45,proxy_buy,20,0.0033647773422908504,0.5797101449275363,-0.10944527736131948,0.030743924483671154,69,20,sample_limited,profile_match
159865,养殖ETF,周期资源,commodity_resource,10-45,short_swing_weakening,20,0.0026134818103040174,0.6060606060606061,-0.16013071895424835,0.016320927223531213,33,20,hypothesis_only,sample_limited
159865,养殖ETF,周期资源,commodity_resource,10-45,proxy_rank_decline_3d,20,0.0024682992285754513,0.6428571428571429,-0.1435726210350584,0.017191991138566228,28,20,hypothesis_only,sample_limited
159865,养殖ETF,周期资源,commodity_resource,10-45,proxy_buy,30,0.011348280241512763,0.5942028985507246,-0.10944527736131948,0.10368908111080827,69,30,sample_limited,profile_match
159865,养殖ETF,周期资源,commodity_resource,10-45,short_swing_weakening,30,-0.002849796634735429,0.40625,-0.16987179487179482,0.016776161321461397,32,30,hypothesis_only,sample_limited
159865,养殖ETF,周期资源,commodity_resource,10-45,proxy_rank_decline_3d,30,0.018784716944552665,0.64,-0.07187500000000002,0.2613525835763848,25,30,hypothesis_only,sample_limited
159865,养殖ETF,周期资源,commodity_resource,10-45,proxy_buy,60,0.016593885700203093,0.59375,-0.08892128279883393,0.18661320639900503,64,60,sample_limited,profile_mismatch
159865,养殖ETF,周期资源,commodity_resource,10-45,short_swing_weakening,60,0.00814554365511111,0.5185185185185185,-0.1439999999999999,0.05656627538271607,27,60,hypothesis_only,sample_limited
159865,养殖ETF,周期资源,commodity_resource,10-45,proxy_rank_decline_3d,60,0.037513486477263554,0.6363636363636364,-0.10144927536231874,0.369775795275884,22,60,hypothesis_only,sample_limited
159825,农业ETF,周期资源,commodity_resource,10-45,proxy_buy,3,0.0004636465614377189,0.5303030303030303,-0.08004509582863595,0.005792316901341636,132,3,sample_limited,profile_mismatch
159825,农业ETF,周期资源,commodity_resource,10-45,short_swing_weakening,3,0.0008904874526586707,0.5882352941176471,-0.08004509582863595,0.011124822119834366,34,3,hypothesis_only,sample_limited
159825,农业ETF,周期资源,commodity_resource,10-45,proxy_rank_decline_3d,3,-0.005565107357363879,0.4594594594594595,-0.08004509582863595,0.06952465107016556,37,3,hypothesis_only,sample_limited
159825,农业ETF,周期资源,commodity_resource,10-45,proxy_buy,5,0.0007488584905481403,0.553030303030303,-0.1042810098792537,0.007181158788309,132,5,sample_limited,profile_mismatch
159825,农业ETF,周期资源,commodity_resource,10-45,short_swing_weakening,5,0.008710275794562294,0.6176470588235294,-0.08004509582863595,0.1088171074616443,34,5,hypothesis_only,sample_limited
159825,农业ETF,周期资源,commodity_resource,10-45,proxy_rank_decline_3d,5,-0.0029613469585258734,0.5,-0.08826815642458108,0.033549437061780436,36,5,hypothesis_only,sample_limited
159825,农业ETF,周期资源,commodity_resource,10-45,proxy_buy,10,0.0029430736695433483,0.5757575757575758,-0.1140065146579805,0.025814960472851645,132,10,sample_limited,profile_match
159825,农业ETF,周期资源,commodity_resource,10-45,short_swing_weakening,10,0.01257106768652586,0.6764705882352942,-0.10481927710843375,0.11993087563007428,34,10,hypothesis_only,sample_limited
159825,农业ETF,周期资源,commodity_resource,10-45,proxy_rank_decline_3d,10,0.0003526237260375999,0.6666666666666666,-0.10049627791563287,0.0035088237430408046,36,10,hypothesis_only,sample_limited
159825,农业ETF,周期资源,commodity_resource,10-45,proxy_buy,20,0.010581070700679977,0.6212121212121212,-0.1140065146579805,0.09281110586025004,132,20,sample_limited,profile_match
159825,农业ETF,周期资源,commodity_resource,10-45,short_swing_weakening,20,0.015869531882296867,0.6764705882352942,-0.1686746987951807,0.09408365330218857,34,20,hypothesis_only,sample_limited
159825,农业ETF,周期资源,commodity_resource,10-45,proxy_rank_decline_3d,20,0.022523039343042683,0.7096774193548387,-0.15601965601965595,0.14436026791525,31,20,hypothesis_only,sample_limited
159825,农业ETF,周期资源,commodity_resource,10-45,proxy_buy,30,0.02282332779480472,0.696969696969697,-0.1140065146579805,0.20019318951442988,132,30,sample_limited,profile_match
159825,农业ETF,周期资源,commodity_resource,10-45,short_swing_weakening,30,0.016586202403749223,0.7272727272727273,-0.16587677725118488,0.09999110591974529,33,30,hypothesis_only,sample_limited
159825,农业ETF,周期资源,commodity_resource,10-45,proxy_rank_decline_3d,30,0.030397711159600254,0.8666666666666667,-0.08826815642458108,0.34437913275749626,30,30,hypothesis_only,sample_limited
159825,农业ETF,周期资源,commodity_resource,10-45,proxy_buy,60,0.02852895673422048,0.7244094488188977,-0.24422442244224418,0.11681451203336225,127,60,sample_limited,profile_mismatch
159825,农业ETF,周期资源,commodity_resource,10-45,short_swing_weakening,60,0.05649752258869375,0.8571428571428571,-0.09759036144578304,0.5789252314643933,28,60,hypothesis_only,sample_limited
159825,农业ETF,周期资源,commodity_resource,10-45,proxy_rank_decline_3d,60,0.07750226930032256,1.0,-0.033175355450236976,2.336139831766865,25,60,hypothesis_only,sample_limited
159876,有色金属ETF,周期资源,commodity_resource,10-45,proxy_buy,3,0.010677721664122295,0.625,-0.186150409530901,0.057360720779664955,152,3,sample_limited,profile_mismatch
159876,有色金属ETF,周期资源,commodity_resource,10-45,short_swing_weakening,3,-0.0017172499097250103,0.48148148148148145,-0.07881773399014769,0.021787608229636095,27,3,hypothesis_only,sample_limited
159876,有色金属ETF,周期资源,commodity_resource,10-45,proxy_rank_decline_3d,3,-0.003038651574576561,0.5142857142857142,-0.1147388059701493,0.02648320721907376,35,3,hypothesis_only,sample_limited
159876,有色金属ETF,周期资源,commodity_resource,10-45,proxy_buy,5,0.016916673341912564,0.6513157894736842,-0.186150409530901,0.09087636919275428,152,5,sample_limited,profile_mismatch
159876,有色金属ETF,周期资源,commodity_resource,10-45,short_swing_weakening,5,0.00722301497585129,0.6923076923076923,-0.117750439367311,0.06134172419790129,26,5,hypothesis_only,sample_limited
159876,有色金属ETF,周期资源,commodity_resource,10-45,proxy_rank_decline_3d,5,0.009909700622222774,0.6,-0.1147388059701493,0.08636747208961634,35,5,hypothesis_only,sample_limited
159876,有色金属ETF,周期资源,commodity_resource,10-45,proxy_buy,10,0.0377249951076797,0.7631578947368421,-0.186150409530901,0.20265867371845533,152,10,sample_limited,profile_match
159876,有色金属ETF,周期资源,commodity_resource,10-45,short_swing_weakening,10,0.019754282392130094,0.75,-0.14041095890410948,0.14068903557321932,24,10,hypothesis_only,sample_limited
159876,有色金属ETF,周期资源,commodity_resource,10-45,proxy_rank_decline_3d,10,0.010521434518150194,0.6571428571428571,-0.16126350789692445,0.06524374085224059,35,10,hypothesis_only,sample_limited
159876,有色金属ETF,周期资源,commodity_resource,10-45,proxy_buy,20,0.08095877519606241,0.847682119205298,-0.2666151468315302,0.30365407276436157,151,20,sample_limited,profile_match
159876,有色金属ETF,周期资源,commodity_resource,10-45,short_swing_weakening,20,0.04701684390664433,0.6521739130434783,-0.215702479338843,0.21797080891586065,23,20,hypothesis_only,sample_limited
159876,有色金属ETF,周期资源,commodity_resource,10-45,proxy_rank_decline_3d,20,0.047849835848119124,0.8,-0.2111388196176227,0.22662737214680032,30,20,hypothesis_only,sample_limited
159876,有色金属ETF,周期资源,commodity_resource,10-45,proxy_buy,30,0.11685056538363289,0.8533333333333334,-0.2666151468315302,0.438274294511365,150,30,sample_limited,profile_match
159876,有色金属ETF,周期资源,commodity_resource,10-45,short_swing_weakening,30,0.0579164817937488,0.5652173913043478,-0.215702479338843,0.26850169720473577,23,30,hypothesis_only,sample_limited
159876,有色金属ETF,周期资源,commodity_resource,10-45,proxy_rank_decline_3d,30,0.06753543633212974,0.7666666666666667,-0.2111388196176227,0.3198627161714647,30,30,hypothesis_only,sample_limited
159876,有色金属ETF,周期资源,commodity_resource,10-45,proxy_buy,60,0.21802079452677456,0.8866666666666667,-0.2933730454207,0.7431520991103,150,60,sample_limited,profile_mismatch
159876,有色金属ETF,周期资源,commodity_resource,10-45,short_swing_weakening,60,0.19328835032731342,0.8,-0.215702479338843,0.8960877543909931,20,60,hypothesis_only,sample_limited
159876,有色金属ETF,周期资源,commodity_resource,10-45,proxy_rank_decline_3d,60,0.19994481992085847,0.8846153846153846,-0.2111388196176227,0.9469827494676875,26,60,hypothesis_only,sample_limited
510880,红利ETF,防御风格,sector,10-30,proxy_buy,3,-0.0016200460416132669,0.5555555555555556,-0.023944926668662103,0.06765717281287398,9,3,hypothesis_only,sample_limited
510880,红利ETF,防御风格,sector,10-30,short_swing_weakening,3,0.004283863882395421,0.4444444444444444,-0.018810679611650394,0.22773573155444157,9,3,hypothesis_only,sample_limited
510880,红利ETF,防御风格,sector,10-30,proxy_rank_decline_3d,3,-0.004051740513430195,0.3333333333333333,-0.03351248814416685,0.12090240796207298,12,3,hypothesis_only,sample_limited
510880,红利ETF,防御风格,sector,10-30,proxy_buy,5,-0.006984615723019203,0.3333333333333333,-0.029033223585752777,0.24057320753203248,9,5,hypothesis_only,sample_limited
510880,红利ETF,防御风格,sector,10-30,short_swing_weakening,5,0.0012828704961187858,0.5555555555555556,-0.044388871522350715,0.02890072335974646,9,5,hypothesis_only,sample_limited
510880,红利ETF,防御风格,sector,10-30,proxy_rank_decline_3d,5,-0.00590981926727117,0.25,-0.04109159347553337,0.1438206398783239,12,5,hypothesis_only,sample_limited
510880,红利ETF,防御风格,sector,10-30,proxy_buy,10,-0.023602444172739837,0.0,-0.03884075291305644,0.6076721588166176,9,10,hypothesis_only,sample_limited
510880,红利ETF,防御风格,sector,10-30,short_swing_weakening,10,0.008430524612711925,0.4444444444444444,-0.044388871522350715,0.18992428335257366,9,10,hypothesis_only,sample_limited
510880,红利ETF,防御风格,sector,10-30,proxy_rank_decline_3d,10,-0.010326474968376511,0.16666666666666666,-0.04109159347553337,0.25130383358155894,12,10,hypothesis_only,sample_limited
510880,红利ETF,防御风格,sector,10-30,proxy_buy,20,-0.019707995997031214,0.1111111111111111,-0.05706602927995219,0.3453542544610653,9,20,hypothesis_only,sample_limited
510880,红利ETF,防御风格,sector,10-30,short_swing_weakening,20,0.017524605624510733,0.4444444444444444,-0.04782744607689904,0.3664131594301296,9,20,hypothesis_only,sample_limited
510880,红利ETF,防御风格,sector,10-30,proxy_rank_decline_3d,20,0.0022504050514054554,0.4166666666666667,-0.044542032622333805,0.05052317819634214,12,20,hypothesis_only,sample_limited
510880,红利ETF,防御风格,sector,10-30,proxy_buy,30,0.008272129520645433,0.5,-0.04160340115396299,0.19883301103274,2,30,hypothesis_only,sample_limited
510880,红利ETF,防御风格,sector,10-30,short_swing_weakening,30,0.021787077688829065,0.625,-0.04782744607689904,0.4555350426572822,8,30,hypothesis_only,sample_limited
510880,红利ETF,防御风格,sector,10-30,proxy_rank_decline_3d,30,0.018067569643463257,0.7777777777777778,-0.044542032622333805,0.4056296621363436,9,30,hypothesis_only,sample_limited
510880,红利ETF,防御风格,sector,10-30,proxy_buy,60,,,,,0,60,hypothesis_only,sample_limited
510880,红利ETF,防御风格,sector,10-30,short_swing_weakening,60,0.028830057067652737,1.0,-0.04782744607689904,0.6027931539831444,4,60,hypothesis_only,sample_limited
510880,红利ETF,防御风格,sector,10-30,proxy_rank_decline_3d,60,0.031039530735625542,1.0,-0.044542032622333805,0.6968593238392543,4,60,hypothesis_only,sample_limited
512890,红利低波ETF,防御风格,sector,10-30,proxy_buy,3,-0.00021682906770299112,0.5394736842105263,-0.038205980066445266,0.005675265163356538,76,3,sample_limited,profile_mismatch
512890,红利低波ETF,防御风格,sector,10-30,short_swing_weakening,3,0.0015656373998404233,0.5357142857142857,-0.04573991031390123,0.03422913138866816,28,3,hypothesis_only,sample_limited
512890,红利低波ETF,防御风格,sector,10-30,proxy_rank_decline_3d,3,0.0005625233215062824,0.5185185185185185,-0.021276595744680993,0.026438596110795097,27,3,hypothesis_only,sample_limited
512890,红利低波ETF,防御风格,sector,10-30,proxy_buy,5,-0.0009775862094249857,0.4473684210526316,-0.04297520661157028,0.022747679103927533,76,5,sample_limited,profile_mismatch
512890,红利低波ETF,防御风格,sector,10-30,short_swing_weakening,5,0.0007334134326921085,0.5357142857142857,-0.04573991031390123,0.016034430930425548,28,5,hypothesis_only,sample_limited
512890,红利低波ETF,防御风格,sector,10-30,proxy_rank_decline_3d,5,-0.0004616121892029724,0.4074074074074074,-0.02244389027431437,0.020567387541154517,27,5,hypothesis_only,sample_limited
512890,红利低波ETF,防御风格,sector,10-30,proxy_buy,10,-0.0025762242107505717,0.40789473684210525,-0.04297520661157028,0.05994675567323441,76,10,sample_limited,profile_match
512890,红利低波ETF,防御风格,sector,10-30,short_swing_weakening,10,0.004546616232514943,0.5,-0.04573991031390123,0.09940151175008184,28,10,hypothesis_only,sample_limited
512890,红利低波ETF,防御风格,sector,10-30,proxy_rank_decline_3d,10,-0.00198091967719895,0.4444444444444444,-0.030638297872340403,0.06465501724191022,27,10,hypothesis_only,sample_limited
512890,红利低波ETF,防御风格,sector,10-30,proxy_buy,20,-0.006807989736353459,0.32894736842105265,-0.05660377358490576,0.12027448534224423,76,20,sample_limited,profile_match
512890,红利低波ETF,防御风格,sector,10-30,short_swing_weakening,20,0.002514460110466965,0.4642857142857143,-0.04573991031390123,0.05497300045432692,28,20,hypothesis_only,sample_limited
512890,红利低波ETF,防御风格,sector,10-30,proxy_rank_decline_3d,20,0.004968258191977557,0.4230769230769231,-0.04166666666666663,0.11923819660746147,26,20,hypothesis_only,sample_limited
512890,红利低波ETF,防御风格,sector,10-30,proxy_buy,30,-0.007521166093778854,0.3333333333333333,-0.0656275635767023,0.11460376835395514,75,30,sample_limited,profile_match
512890,红利低波ETF,防御风格,sector,10-30,short_swing_weakening,30,0.00847336966833616,0.5,-0.04845446950710108,0.17487281884479974,26,30,hypothesis_only,sample_limited
512890,红利低波ETF,防御风格,sector,10-30,proxy_rank_decline_3d,30,0.007024990293807021,0.5769230769230769,-0.04987531172069826,0.14085105539083076,26,30,hypothesis_only,sample_limited
512890,红利低波ETF,防御风格,sector,10-30,proxy_buy,60,-0.018009036685677927,0.2786885245901639,-0.08045052292839905,0.22385232600297658,61,60,sample_limited,profile_mismatch
512890,红利低波ETF,防御风格,sector,10-30,short_swing_weakening,60,0.016026104357813858,0.5652173913043478,-0.06617647058823528,0.24217224362918724,23,60,hypothesis_only,sample_limited
512890,红利低波ETF,防御风格,sector,10-30,proxy_rank_decline_3d,60,0.010547715900644704,0.68,-0.06617647058823528,0.15938770694307555,25,60,hypothesis_only,sample_limited
515080,中证红利ETF,防御风格,sector,10-30,proxy_buy,3,7.104516336560525e-05,0.5052631578947369,-0.03950617283950619,0.0017983306976918818,95,3,sample_limited,profile_mismatch
515080,中证红利ETF,防御风格,sector,10-30,short_swing_weakening,3,0.001914794797291175,0.5833333333333334,-0.03376304481276848,0.05671274045067876,24,3,hypothesis_only,sample_limited
515080,中证红利ETF,防御风格,sector,10-30,proxy_rank_decline_3d,3,-0.003955364894902144,0.4,-0.03376304481276848,0.11715071661446562,40,3,sample_limited,profile_mismatch
515080,中证红利ETF,防御风格,sector,10-30,proxy_buy,5,0.0007308952921593561,0.5894736842105263,-0.055222088835534144,0.01323556039932053,95,5,sample_limited,profile_mismatch
515080,中证红利ETF,防御风格,sector,10-30,short_swing_weakening,5,0.002644578515503935,0.5833333333333334,-0.05128205128205121,0.051569281052326804,24,5,hypothesis_only,sample_limited
515080,中证红利ETF,防御风格,sector,10-30,proxy_rank_decline_3d,5,-0.0034671388379710955,0.45,-0.055222088835534144,0.06278536200065057,40,5,sample_limited,profile_mismatch
515080,中证红利ETF,防御风格,sector,10-30,proxy_buy,10,0.002094084616994309,0.6,-0.06698280972139892,0.031263015476720356,95,10,sample_limited,profile_match
515080,中证红利ETF,防御风格,sector,10-30,short_swing_weakening,10,0.004230609770313226,0.5833333333333334,-0.05390463026952341,0.07848323509798985,24,10,hypothesis_only,sample_limited
515080,中证红利ETF,防御风格,sector,10-30,proxy_rank_decline_3d,10,-0.0030628885335079402,0.5,-0.055222088835534144,0.05546491626982864,40,10,sample_limited,profile_match
515080,中证红利ETF,防御风格,sector,10-30,proxy_buy,20,-0.0014685571358300767,0.4631578947368421,-0.06698280972139892,0.021924388390666724,95,20,sample_limited,profile_match
515080,中证红利ETF,防御风格,sector,10-30,short_swing_weakening,20,0.011467785770324321,0.625,-0.05390463026952341,0.21274212832896425,24,20,hypothesis_only,sample_limited
515080,中证红利ETF,防御风格,sector,10-30,proxy_rank_decline_3d,20,-0.0008883412371793085,0.5526315789473685,-0.062034739454094434,0.01432006074333042,38,20,hypothesis_only,sample_limited
515080,中证红利ETF,防御风格,sector,10-30,proxy_buy,30,-0.0036356541658190554,0.37894736842105264,-0.06698280972139892,0.05427742104191812,95,30,sample_limited,profile_match
515080,中证红利ETF,防御风格,sector,10-30,short_swing_weakening,30,0.01626488502420664,0.6521739130434783,-0.05390463026952341,0.3017344696157294,23,30,hypothesis_only,sample_limited
515080,中证红利ETF,防御风格,sector,10-30,proxy_rank_decline_3d,30,0.010991916155625205,0.6486486486486487,-0.06327543424317639,0.17371538081242913,37,30,hypothesis_only,sample_limited
515080,中证红利ETF,防御风格,sector,10-30,proxy_buy,60,0.006439647779773916,0.5934065934065934,-0.07637231503579944,0.0843191381164148,91,60,sample_limited,profile_mismatch
515080,中证红利ETF,防御风格,sector,10-30,short_swing_weakening,60,0.03155916739963173,0.8571428571428571,-0.06352087114337568,0.49683146391991667,21,60,hypothesis_only,sample_limited
515080,中证红利ETF,防御风格,sector,10-30,proxy_rank_decline_3d,60,0.0356883306170876,0.8387096774193549,-0.06327543424317639,0.5640155779876963,31,60,hypothesis_only,sample_limited
159905,深红利ETF,防御风格,sector,10-30,proxy_buy,3,3.641676578003091e-05,0.5,-0.05154639175257725,0.0007064852561326007,106,3,sample_limited,profile_mismatch
159905,深红利ETF,防御风格,sector,10-30,short_swing_weakening,3,0.002349435611015368,0.5714285714285714,-0.024390243902438935,0.09632686005163044,35,3,hypothesis_only,sample_limited
159905,深红利ETF,防御风格,sector,10-30,proxy_rank_decline_3d,3,-0.0021280548398310427,0.4838709677419355,-0.041829336307863896,0.050874697704227485,31,3,hypothesis_only,sample_limited
159905,深红利ETF,防御风格,sector,10-30,proxy_buy,5,0.00024448051283700847,0.5094339622641509,-0.05154639175257725,0.004742921949037971,106,5,sample_limited,profile_mismatch
159905,深红利ETF,防御风格,sector,10-30,short_swing_weakening,5,-0.00029460615831631285,0.6,-0.08228980322003587,0.00358010527171345,35,5,hypothesis_only,sample_limited
159905,深红利ETF,防御风格,sector,10-30,proxy_rank_decline_3d,5,-0.002117563845952541,0.45161290322580644,-0.047261009667024734,0.044805725922313966,31,5,hypothesis_only,sample_limited
159905,深红利ETF,防御风格,sector,10-30,proxy_buy,10,0.004646421287173727,0.5754716981132075,-0.05154639175257725,0.09014057297117042,106,10,sample_limited,profile_match
159905,深红利ETF,防御风格,sector,10-30,short_swing_weakening,10,-0.0010157693618700696,0.5588235294117647,-0.08228980322003587,0.012343805940986267,34,10,hypothesis_only,sample_limited
159905,深红利ETF,防御风格,sector,10-30,proxy_rank_decline_3d,10,-0.0009963806577802292,0.6129032258064516,-0.07733619763694954,0.012883755449908238,31,10,hypothesis_only,sample_limited
159905,深红利ETF,防御风格,sector,10-30,proxy_buy,20,0.006125708520505221,0.5849056603773585,-0.09910854745673836,0.06180807486033573,106,20,sample_limited,profile_match
159905,深红利ETF,防御风格,sector,10-30,short_swing_weakening,20,-0.005178493080447074,0.47058823529411764,-0.09910854745673836,0.05225072118736808,34,20,hypothesis_only,sample_limited
159905,深红利ETF,防御风格,sector,10-30,proxy_rank_decline_3d,20,0.01311426055589063,0.7692307692307693,-0.08465319497542323,0.1549174908247468,26,20,hypothesis_only,sample_limited
159905,深红利ETF,防御风格,sector,10-30,proxy_buy,30,0.005104016700739812,0.5377358490566038,-0.10146443514644354,0.050303504803167615,106,30,sample_limited,profile_match
159905,深红利ETF,防御风格,sector,10-30,short_swing_weakening,30,-0.006422049234817713,0.42424242424242425,-0.10005238344683087,0.06418686905375395,33,30,hypothesis_only,sample_limited
159905,深红利ETF,防御风格,sector,10-30,proxy_rank_decline_3d,30,0.02390095358618559,0.84,-0.07733619763694954,0.3090526081769274,25,30,hypothesis_only,sample_limited
159905,深红利ETF,防御风格,sector,10-30,proxy_buy,60,0.005879102734987586,0.5377358490566038,-0.11443298969072169,0.05137594281926087,106,60,sample_limited,profile_mismatch
159905,深红利ETF,防御风格,sector,10-30,short_swing_weakening,60,0.014757075865428534,0.5862068965517241,-0.10005238344683087,0.14749349647697932,29,60,hypothesis_only,sample_limited
159905,深红利ETF,防御风格,sector,10-30,proxy_rank_decline_3d,60,0.052994451774958644,0.9523809523809523,-0.047671840354767236,1.1116510581630847,21,60,hypothesis_only,sample_limited
518880,黄金ETF,防御风格,commodity_resource,10-45,proxy_buy,3,0.006705812088422211,0.631578947368421,-0.16767473118279574,0.0399929795093076,114,3,sample_limited,profile_mismatch
518880,黄金ETF,防御风格,commodity_resource,10-45,short_swing_weakening,3,0.007858930156035053,0.56,-0.04257049891540132,0.18460977334686154,25,3,hypothesis_only,sample_limited
518880,黄金ETF,防御风格,commodity_resource,10-45,proxy_rank_decline_3d,3,-0.0022475597793874397,0.5833333333333334,-0.15698661135206482,0.014316888300410327,24,3,hypothesis_only,sample_limited
518880,黄金ETF,防御风格,commodity_resource,10-45,proxy_buy,5,0.010307932063497498,0.5964912280701754,-0.16767473118279574,0.061475763168273634,114,5,sample_limited,profile_mismatch
518880,黄金ETF,防御风格,commodity_resource,10-45,short_swing_weakening,5,0.011112276901676496,0.6,-0.055378529831886736,0.20066038111539197,25,5,hypothesis_only,sample_limited
518880,黄金ETF,防御风格,commodity_resource,10-45,proxy_rank_decline_3d,5,0.00682623894011003,0.5416666666666666,-0.15698661135206482,0.04348293705634054,24,5,hypothesis_only,sample_limited
518880,黄金ETF,防御风格,commodity_resource,10-45,proxy_buy,10,0.019226428309128227,0.6403508771929824,-0.18525605977765625,0.1037829927517822,114,10,sample_limited,profile_match
518880,黄金ETF,防御风格,commodity_resource,10-45,short_swing_weakening,10,0.012655619721642872,0.56,-0.08985560562862127,0.14084396441496733,25,10,hypothesis_only,sample_limited
518880,黄金ETF,防御风格,commodity_resource,10-45,proxy_rank_decline_3d,10,0.003111824692084685,0.5,-0.15698661135206482,0.0198222298403905,24,10,hypothesis_only,sample_limited
518880,黄金ETF,防御风格,commodity_resource,10-45,proxy_buy,20,0.03912055947273473,0.6754385964912281,-0.21686958045020577,0.18038749091284836,114,20,sample_limited,profile_match
518880,黄金ETF,防御风格,commodity_resource,10-45,short_swing_weakening,20,0.030152989562291805,0.5833333333333334,-0.1776878506391979,0.16969640554389182,24,20,hypothesis_only,sample_limited
518880,黄金ETF,防御风格,commodity_resource,10-45,proxy_rank_decline_3d,20,0.015098509822158684,0.65,-0.18451295147756286,0.08182899737525846,20,20,hypothesis_only,sample_limited
518880,黄金ETF,防御风格,commodity_resource,10-45,proxy_buy,30,0.051088316889139125,0.6754385964912281,-0.21686958045020577,0.23557161305464522,114,30,sample_limited,profile_match
518880,黄金ETF,防御风格,commodity_resource,10-45,short_swing_weakening,30,0.023539106041355826,0.5,-0.1776878506391979,0.1324744823952702,24,30,hypothesis_only,sample_limited
518880,黄金ETF,防御风格,commodity_resource,10-45,proxy_rank_decline_3d,30,0.021590926998027518,0.7894736842105263,-0.18451295147756286,0.11701578032939881,19,30,hypothesis_only,sample_limited
518880,黄金ETF,防御风格,commodity_resource,10-45,proxy_buy,60,0.059790281059621045,0.7256637168141593,-0.24890793010752676,0.2402104305547517,113,60,sample_limited,profile_mismatch
518880,黄金ETF,防御风格,commodity_resource,10-45,short_swing_weakening,60,0.07614088190620902,0.7619047619047619,-0.1776878506391979,0.42850921789141366,21,60,hypothesis_only,sample_limited
518880,黄金ETF,防御风格,commodity_resource,10-45,proxy_rank_decline_3d,60,0.07018904798852879,0.8,-0.18451295147756286,0.38040174105102814,15,60,hypothesis_only,sample_limited
513500,标普500ETF,QDII观察,qdii,10-45,proxy_buy,3,0.0030656245701558412,0.5882352941176471,-0.0387123064384679,0.0791899231069728,153,3,sample_limited,profile_mismatch
513500,标普500ETF,QDII观察,qdii,10-45,short_swing_weakening,3,0.0015768408585240725,0.5172413793103449,-0.02852776362710141,0.0552739036657634,29,3,hypothesis_only,sample_limited
513500,标普500ETF,QDII观察,qdii,10-45,proxy_rank_decline_3d,3,0.006402804658570343,0.6052631578947368,-0.04869411243913235,0.1314903247610037,38,3,hypothesis_only,sample_limited
513500,标普500ETF,QDII观察,qdii,10-45,proxy_buy,5,0.005513618878697333,0.6158940397350994,-0.05184887459807075,0.10634018426510825,151,5,sample_limited,profile_mismatch
513500,标普500ETF,QDII观察,qdii,10-45,short_swing_weakening,5,0.0048662532295387275,0.8275862068965517,-0.130412633723892,0.037314277693689536,29,5,hypothesis_only,sample_limited
513500,标普500ETF,QDII观察,qdii,10-45,proxy_rank_decline_3d,5,0.008025927451581318,0.6216216216216216,-0.10487676979549032,0.07652721825082785,37,5,hypothesis_only,sample_limited
513500,标普500ETF,QDII观察,qdii,10-45,proxy_buy,10,0.012320254402683056,0.726027397260274,-0.053456591639871376,0.23047212747274773,146,10,sample_limited,profile_match
513500,标普500ETF,QDII观察,qdii,10-45,short_swing_weakening,10,0.01674310134283396,0.7241379310344828,-0.130412633723892,0.12838557787493382,29,10,hypothesis_only,sample_limited
513500,标普500ETF,QDII观察,qdii,10-45,proxy_rank_decline_3d,10,0.018129673307507452,0.7567567567567568,-0.10487676979549032,0.1728664349870835,37,10,hypothesis_only,sample_limited
513500,标普500ETF,QDII观察,qdii,10-45,proxy_buy,20,0.022771734432244256,0.7867647058823529,-0.05447154471544713,0.4180482589800067,136,20,sample_limited,profile_match
513500,标普500ETF,QDII观察,qdii,10-45,short_swing_weakening,20,0.024081387160109508,0.75,-0.130412633723892,0.18465532420037095,28,20,hypothesis_only,sample_limited
513500,标普500ETF,QDII观察,qdii,10-45,proxy_rank_decline_3d,20,0.029621768695552782,0.7352941176470589,-0.11919504643962842,0.24851509840684555,34,20,hypothesis_only,sample_limited
513500,标普500ETF,QDII观察,qdii,10-45,proxy_buy,30,0.03062957070767003,0.7692307692307693,-0.07035380235868238,0.4353648229489053,130,30,sample_limited,profile_match
513500,标普500ETF,QDII观察,qdii,10-45,short_swing_weakening,30,0.027952598605389865,0.75,-0.130412633723892,0.21433965258742307,28,30,hypothesis_only,sample_limited
513500,标普500ETF,QDII观察,qdii,10-45,proxy_rank_decline_3d,30,0.03401441230742458,0.625,-0.11919504643962842,0.2853676668908609,32,30,hypothesis_only,sample_limited
513500,标普500ETF,QDII观察,qdii,10-45,proxy_buy,60,0.049472652284308694,0.7384615384615385,-0.12925445705024308,0.38275393679521597,130,60,sample_limited,profile_mismatch
513500,标普500ETF,QDII观察,qdii,10-45,short_swing_weakening,60,0.05426350329255025,0.7692307692307693,-0.130412633723892,0.41609084751279746,26,60,hypothesis_only,sample_limited
513500,标普500ETF,QDII观察,qdii,10-45,proxy_rank_decline_3d,60,0.030636502561782998,0.5172413793103449,-0.1264227642276422,0.24233375016715825,29,60,hypothesis_only,sample_limited
513100,纳指ETF,QDII观察,qdii,10-45,proxy_buy,3,0.004933480541218045,0.578125,-0.08046976946498485,0.06130849602302851,128,3,sample_limited,profile_mismatch
513100,纳指ETF,QDII观察,qdii,10-45,short_swing_weakening,3,0.0021682678863897795,0.5384615384615384,-0.04524180967238689,0.04792619707502927,26,3,hypothesis_only,sample_limited
513100,纳指ETF,QDII观察,qdii,10-45,proxy_rank_decline_3d,3,0.009743217399173606,0.6666666666666666,-0.05625000000000013,0.17321275376308592,33,3,hypothesis_only,sample_limited
513100,纳指ETF,QDII观察,qdii,10-45,proxy_buy,5,0.008816137218858959,0.6190476190476191,-0.10613107822410162,0.08306838455219685,126,5,sample_limited,profile_mismatch
513100,纳指ETF,QDII观察,qdii,10-45,short_swing_weakening,5,0.005060363569878639,0.5384615384615384,-0.09851169383416014,0.05136815105826447,26,5,hypothesis_only,sample_limited
513100,纳指ETF,QDII观察,qdii,10-45,proxy_rank_decline_3d,5,0.014674074681686286,0.625,-0.038239916186485035,0.3837371036621801,32,5,hypothesis_only,sample_limited
513100,纳指ETF,QDII观察,qdii,10-45,proxy_buy,10,0.018182867862588718,0.6776859504132231,-0.07037974683544301,0.2583536980475736,121,10,sample_limited,profile_match
513100,纳指ETF,QDII观察,qdii,10-45,short_swing_weakening,10,0.016195708688186875,0.6153846153846154,-0.09851169383416014,0.16440392056857328,26,10,hypothesis_only,sample_limited
513100,纳指ETF,QDII观察,qdii,10-45,proxy_rank_decline_3d,10,0.02355494093102396,0.59375,-0.04948453608247416,0.4760060979811098,32,10,hypothesis_only,sample_limited
513100,纳指ETF,QDII观察,qdii,10-45,proxy_buy,20,0.03354153208206838,0.7387387387387387,-0.08199999999999996,0.40904307417156577,111,20,sample_limited,profile_match
513100,纳指ETF,QDII观察,qdii,10-45,short_swing_weakening,20,0.029597835156235888,0.64,-0.09851169383416014,0.30044996694567516,25,20,hypothesis_only,sample_limited
513100,纳指ETF,QDII观察,qdii,10-45,proxy_rank_decline_3d,20,0.033817780961522284,0.5666666666666667,-0.11173184357541899,0.30266913960562447,30,20,hypothesis_only,sample_limited
513100,纳指ETF,QDII观察,qdii,10-45,proxy_buy,30,0.03210593660958229,0.7745098039215687,-0.08199999999999996,0.3915358123119793,102,30,sample_limited,profile_match
513100,纳指ETF,QDII观察,qdii,10-45,short_swing_weakening,30,0.044463996024988565,0.72,-0.09851169383416014,0.45135754238315745,25,30,hypothesis_only,sample_limited
513100,纳指ETF,QDII观察,qdii,10-45,proxy_rank_decline_3d,30,0.05146794309195789,0.6666666666666666,-0.11173184357541899,0.46063809067302314,30,30,hypothesis_only,sample_limited
513100,纳指ETF,QDII观察,qdii,10-45,proxy_buy,60,0.061058311435462066,0.7745098039215687,-0.13624678663239076,0.4481449650640517,102,60,sample_limited,profile_mismatch
513100,纳指ETF,QDII观察,qdii,10-45,short_swing_weakening,60,0.07026855606559033,0.7619047619047619,-0.12630480167014613,0.5563411298416161,21,60,hypothesis_only,sample_limited
513100,纳指ETF,QDII观察,qdii,10-45,proxy_rank_decline_3d,60,0.08024137753399903,0.6071428571428571,-0.12539184952978055,0.6399249858336423,28,60,hypothesis_only,sample_limited
513180,恒生科技ETF,QDII观察,qdii,10-45,proxy_buy,3,-0.002166804275743235,0.5079365079365079,-0.08105022831050224,0.02673409219086021,63,3,sample_limited,profile_mismatch
513180,恒生科技ETF,QDII观察,qdii,10-45,short_swing_weakening,3,0.001306405911900112,0.45714285714285713,-0.06327160493827166,0.020647586119787117,35,3,hypothesis_only,sample_limited
513180,恒生科技ETF,QDII观察,qdii,10-45,proxy_rank_decline_3d,3,0.008606869924526452,0.6285714285714286,-0.06327160493827166,0.13603052953885697,35,3,hypothesis_only,sample_limited
513180,恒生科技ETF,QDII观察,qdii,10-45,proxy_buy,5,-0.0005171586201847097,0.4838709677419355,-0.08150064683053049,0.006345454180996511,62,5,sample_limited,profile_mismatch
513180,恒生科技ETF,QDII观察,qdii,10-45,short_swing_weakening,5,-0.005816362743900091,0.4857142857142857,-0.07714701601164486,0.07539323028413888,35,5,hypothesis_only,sample_limited
513180,恒生科技ETF,QDII观察,qdii,10-45,proxy_rank_decline_3d,5,0.012406178205043944,0.6571428571428571,-0.06327160493827166,0.19607813358215775,35,5,hypothesis_only,sample_limited
513180,恒生科技ETF,QDII观察,qdii,10-45,proxy_buy,10,0.004665973910953502,0.5245901639344263,-0.1038812785388128,0.044916408197750196,61,10,sample_limited,profile_match
513180,恒生科技ETF,QDII观察,qdii,10-45,short_swing_weakening,10,-0.009142671105661774,0.38235294117647056,-0.14948453608247425,0.06116131705166841,34,10,hypothesis_only,sample_limited
513180,恒生科技ETF,QDII观察,qdii,10-45,proxy_rank_decline_3d,10,0.009426984006475125,0.5714285714285714,-0.07253086419753096,0.12997203481267813,35,10,hypothesis_only,sample_limited
513180,恒生科技ETF,QDII观察,qdii,10-45,proxy_buy,20,0.014314177424938283,0.6557377049180327,-0.19146183699870634,0.07476256182079252,61,20,sample_limited,profile_match
513180,恒生科技ETF,QDII观察,qdii,10-45,short_swing_weakening,20,-0.0115164286531304,0.48484848484848486,-0.19720101781170485,0.058399438202325765,33,20,hypothesis_only,sample_limited
513180,恒生科技ETF,QDII观察,qdii,10-45,proxy_rank_decline_3d,20,0.009365310223128469,0.5,-0.19720101781170485,0.04749118603470307,32,20,hypothesis_only,sample_limited
513180,恒生科技ETF,QDII观察,qdii,10-45,proxy_buy,30,0.01438034462705357,0.6557377049180327,-0.19146183699870634,0.07510815132913791,61,30,sample_limited,profile_match
513180,恒生科技ETF,QDII观察,qdii,10-45,short_swing_weakening,30,-0.014493152035626134,0.48484848484848486,-0.19720101781170485,0.07349430645162672,33,30,hypothesis_only,sample_limited
513180,恒生科技ETF,QDII观察,qdii,10-45,proxy_rank_decline_3d,30,0.0019241263225736466,0.5625,-0.19720101781170485,0.00975718251317991,32,30,hypothesis_only,sample_limited
513180,恒生科技ETF,QDII观察,qdii,10-45,proxy_buy,60,-0.003862945564589066,0.45901639344262296,-0.22380336351875818,0.017260444632528016,61,60,sample_limited,profile_mismatch
513180,恒生科技ETF,QDII观察,qdii,10-45,short_swing_weakening,60,-0.03349797701040698,0.3793103448275862,-0.2227979274611399,0.15035138518624527,29,60,hypothesis_only,sample_limited
513180,恒生科技ETF,QDII观察,qdii,10-45,proxy_rank_decline_3d,60,0.00686323452780631,0.5,-0.2063492063492064,0.03326029040398442,28,60,hypothesis_only,sample_limited
159920,恒生ETF,QDII观察,qdii,10-45,proxy_buy,3,-0.002961772800686249,0.44565217391304346,-0.052818991097922874,0.05607401313658795,92,3,sample_limited,profile_mismatch
159920,恒生ETF,QDII观察,qdii,10-45,short_swing_weakening,3,0.0036677010760814937,0.5357142857142857,-0.04674127715602372,0.07846813992348996,28,3,hypothesis_only,sample_limited
159920,恒生ETF,QDII观察,qdii,10-45,proxy_rank_decline_3d,3,0.0053133127587090215,0.6486486486486487,-0.021343377275580666,0.24894433013598444,37,3,hypothesis_only,sample_limited
159920,恒生ETF,QDII观察,qdii,10-45,proxy_buy,5,-0.00396885846572744,0.41304347826086957,-0.052818991097922874,0.0751407473567498,92,5,sample_limited,profile_mismatch
159920,恒生ETF,QDII观察,qdii,10-45,short_swing_weakening,5,-0.000645015812214929,0.42857142857142855,-0.04674127715602372,0.013799704489499671,28,5,hypothesis_only,sample_limited
159920,恒生ETF,QDII观察,qdii,10-45,proxy_rank_decline_3d,5,0.007976993103961388,0.5945945945945946,-0.027210884353741527,0.2931544965705807,37,5,hypothesis_only,sample_limited
159920,恒生ETF,QDII观察,qdii,10-45,proxy_buy,10,-0.0042551347808278935,0.4782608695652174,-0.07918968692449357,0.053733446185803384,92,10,sample_limited,profile_match
159920,恒生ETF,QDII观察,qdii,10-45,short_swing_weakening,10,-0.0005233485049369602,0.5,-0.1302864938608459,0.004016905278730803,28,10,hypothesis_only,sample_limited
159920,恒生ETF,QDII观察,qdii,10-45,proxy_rank_decline_3d,10,-0.0011252893217771223,0.6216216216216216,-0.14013605442176869,0.008029977199089175,37,10,hypothesis_only,sample_limited
159920,恒生ETF,QDII观察,qdii,10-45,proxy_buy,20,0.0012047818728474972,0.5444444444444444,-0.10979228486646886,0.01097328354458396,90,20,sample_limited,profile_match
159920,恒生ETF,QDII观察,qdii,10-45,short_swing_weakening,20,0.002783517552406944,0.48148148148148145,-0.14051841746248295,0.019808916173925144,27,20,hypothesis_only,sample_limited
159920,恒生ETF,QDII观察,qdii,10-45,proxy_rank_decline_3d,20,0.005279850313274316,0.5882352941176471,-0.1428571428571428,0.03695895219292023,34,20,hypothesis_only,sample_limited
159920,恒生ETF,QDII观察,qdii,10-45,proxy_buy,30,0.010939499918047506,0.6704545454545454,-0.12082574377656352,0.09053947922122729,88,30,sample_limited,profile_match
159920,恒生ETF,QDII观察,qdii,10-45,short_swing_weakening,30,-7.198612871780926e-05,0.5925925925925926,-0.14051841746248295,0.0005122896344675164,27,30,hypothesis_only,sample_limited
159920,恒生ETF,QDII观察,qdii,10-45,proxy_rank_decline_3d,30,0.01574739246524428,0.6176470588235294,-0.1428571428571428,0.11023174725671,34,30,hypothesis_only,sample_limited
159920,恒生ETF,QDII观察,qdii,10-45,proxy_buy,60,0.018877265262334568,0.6136363636363636,-0.14065281899109794,0.13421178045161916,88,60,sample_limited,profile_mismatch
159920,恒生ETF,QDII观察,qdii,10-45,short_swing_weakening,60,0.007603428465756967,0.5,-0.14051841746248295,0.05410983558640638,22,60,hypothesis_only,sample_limited
159920,恒生ETF,QDII观察,qdii,10-45,proxy_rank_decline_3d,60,0.021575473262498205,0.625,-0.1428571428571428,0.1510283128374875,32,60,hypothesis_only,sample_limited
513050,中概互联网ETF,QDII观察,qdii,10-45,proxy_buy,3,0.0008068004182235048,0.5454545454545454,-0.08208955223880599,0.0098282960038136,55,3,sample_limited,profile_mismatch
513050,中概互联网ETF,QDII观察,qdii,10-45,short_swing_weakening,3,0.0020557195759767334,0.41379310344827586,-0.06819984139571755,0.030142585875658906,29,3,hypothesis_only,sample_limited
513050,中概互联网ETF,QDII观察,qdii,10-45,proxy_rank_decline_3d,3,0.0013978122931956384,0.5517241379310345,-0.054426705370101525,0.025682471200314562,29,3,hypothesis_only,sample_limited
513050,中概互联网ETF,QDII观察,qdii,10-45,proxy_buy,5,0.002745683032675578,0.5272727272727272,-0.0888888888888888,0.030888934117600287,55,5,sample_limited,profile_mismatch
513050,中概互联网ETF,QDII观察,qdii,10-45,short_swing_weakening,5,-0.0016429112980374278,0.41379310344827586,-0.06819984139571755,0.024089664497967445,29,5,hypothesis_only,sample_limited
513050,中概互联网ETF,QDII观察,qdii,10-45,proxy_rank_decline_3d,5,-0.0012390464739960591,0.5172413793103449,-0.07982583454281555,0.015521873101514292,29,5,hypothesis_only,sample_limited
513050,中概互联网ETF,QDII观察,qdii,10-45,proxy_buy,10,0.012705261316997809,0.5818181818181818,-0.10370370370370363,0.12251501984247895,55,10,sample_limited,profile_match
513050,中概互联网ETF,QDII观察,qdii,10-45,short_swing_weakening,10,-0.008076650097582091,0.41379310344827586,-0.14960106382978733,0.053987918874504257,29,10,hypothesis_only,sample_limited
513050,中概互联网ETF,QDII观察,qdii,10-45,proxy_rank_decline_3d,10,-0.0011198269413604915,0.4827586206896552,-0.1240143369175628,0.009029818399987772,29,10,hypothesis_only,sample_limited
513050,中概互联网ETF,QDII观察,qdii,10-45,proxy_buy,20,0.03256202720923323,0.6363636363636364,-0.11275088547815826,0.2887961994368642,55,20,sample_limited,profile_match
513050,中概互联网ETF,QDII观察,qdii,10-45,short_swing_weakening,20,-0.007355620641127452,0.39285714285714285,-0.17619680851063824,0.04174661677077619,28,20,hypothesis_only,sample_limited
513050,中概互联网ETF,QDII观察,qdii,10-45,proxy_rank_decline_3d,20,-0.003298797219379385,0.5384615384615384,-0.1692726036709722,0.019488075139385837,26,20,hypothesis_only,sample_limited
513050,中概互联网ETF,QDII观察,qdii,10-45,proxy_buy,30,0.039922641422044394,0.6545454545454545,-0.1176808266360505,0.33924507979122603,55,30,sample_limited,profile_match
513050,中概互联网ETF,QDII观察,qdii,10-45,short_swing_weakening,30,-0.010424835890637446,0.35714285714285715,-0.20122365737593473,0.05180720809164758,28,30,hypothesis_only,sample_limited
513050,中概互联网ETF,QDII观察,qdii,10-45,proxy_rank_decline_3d,30,-0.020147796866597106,0.38461538461538464,-0.20122365737593473,0.1001263824012309,26,30,hypothesis_only,sample_limited
513050,中概互联网ETF,QDII观察,qdii,10-45,proxy_buy,60,0.004557832673159489,0.5454545454545454,-0.16410256410256396,0.027774292852065657,55,60,sample_limited,profile_mismatch
513050,中概互联网ETF,QDII观察,qdii,10-45,short_swing_weakening,60,-0.02602400644082965,0.4583333333333333,-0.23066754791804367,0.1128204061460609,24,60,hypothesis_only,sample_limited
513050,中概互联网ETF,QDII观察,qdii,10-45,proxy_rank_decline_3d,60,-0.025876187370299845,0.44,-0.2250332889480693,0.11498826458636201,25,60,hypothesis_only,sample_limited
513060,恒生医疗ETF,QDII观察,qdii,10-45,proxy_buy,3,0.00941818620511773,0.5657894736842105,-0.06563039723661468,0.14350341612534684,76,3,sample_limited,profile_mismatch
513060,恒生医疗ETF,QDII观察,qdii,10-45,short_swing_weakening,3,-0.002868604670041234,0.36666666666666664,-0.06478873239436611,0.04427628947237563,30,3,hypothesis_only,sample_limited
513060,恒生医疗ETF,QDII观察,qdii,10-45,proxy_rank_decline_3d,3,0.020264917309430575,0.6521739130434783,-0.060070671378091745,0.3373512705040509,46,3,sample_limited,profile_mismatch
513060,恒生医疗ETF,QDII观察,qdii,10-45,proxy_buy,5,0.01556320813005869,0.6052631578947368,-0.0953177257525083,0.16327716599605444,76,5,sample_limited,profile_mismatch
513060,恒生医疗ETF,QDII观察,qdii,10-45,short_swing_weakening,5,0.011421279182341907,0.5333333333333333,-0.09424920127795533,0.12118170793467846,30,5,hypothesis_only,sample_limited
513060,恒生医疗ETF,QDII观察,qdii,10-45,proxy_rank_decline_3d,5,0.0315650851414301,0.6136363636363636,-0.060070671378091745,0.5254658291191022,44,5,sample_limited,profile_mismatch
513060,恒生医疗ETF,QDII观察,qdii,10-45,proxy_buy,10,0.02972280170185305,0.6710526315789473,-0.09905020352781546,0.30007814868857124,76,10,sample_limited,profile_match
513060,恒生医疗ETF,QDII观察,qdii,10-45,short_swing_weakening,10,0.017914003684516726,0.5666666666666667,-0.11977186311787069,0.149567713302473,30,10,hypothesis_only,sample_limited
513060,恒生医疗ETF,QDII观察,qdii,10-45,proxy_rank_decline_3d,10,0.03660319119218433,0.6363636363636364,-0.09471365638766527,0.3864616000291087,44,10,sample_limited,profile_match
513060,恒生医疗ETF,QDII观察,qdii,10-45,proxy_buy,20,0.052268290861917324,0.75,-0.1441860465116278,0.3625058882358785,76,20,sample_limited,profile_match
513060,恒生医疗ETF,QDII观察,qdii,10-45,short_swing_weakening,20,0.027378374683304334,0.5862068965517241,-0.15015974440894564,0.18232832501860127,29,20,hypothesis_only,sample_limited
513060,恒生医疗ETF,QDII观察,qdii,10-45,proxy_rank_decline_3d,20,0.07517915493005684,0.8048780487804879,-0.10823909531502418,0.6945656253985851,41,20,sample_limited,profile_match
513060,恒生医疗ETF,QDII观察,qdii,10-45,proxy_buy,30,0.0740708299739504,0.6973684210526315,-0.1441860465116278,0.5137170465935273,76,30,sample_limited,profile_match
513060,恒生医疗ETF,QDII观察,qdii,10-45,short_swing_weakening,30,0.03342095274607244,0.5517241379310345,-0.22719734660033164,0.1471009817947568,29,30,hypothesis_only,sample_limited
513060,恒生医疗ETF,QDII观察,qdii,10-45,proxy_rank_decline_3d,30,0.08367722913582197,0.7560975609756098,-0.14946070878274265,0.5598610485479224,41,30,sample_limited,profile_match
513060,恒生医疗ETF,QDII观察,qdii,10-45,proxy_buy,60,0.06618826113109455,0.4868421052631579,-0.19246298788694483,0.34390124489792484,76,60,sample_limited,profile_mismatch
513060,恒生医疗ETF,QDII观察,qdii,10-45,short_swing_weakening,60,0.093222982704189,0.4583333333333333,-0.18027734976887522,0.5171086818377663,24,60,hypothesis_only,sample_limited
513060,恒生医疗ETF,QDII观察,qdii,10-45,proxy_rank_decline_3d,60,0.1270626367215164,0.5384615384615384,-0.19246298788694483,0.6601925810075993,39,60,hypothesis_only,sample_limited
159941,纳指ETF,QDII观察,qdii,10-45,proxy_buy,3,0.0049178875581111,0.6062992125984252,-0.08084358523725843,0.06083213088185246,127,3,sample_limited,profile_mismatch
159941,纳指ETF,QDII观察,qdii,10-45,short_swing_weakening,3,0.0006497883142774732,0.46153846153846156,-0.03573931324456914,0.01818133185243042,26,3,hypothesis_only,sample_limited
159941,纳指ETF,QDII观察,qdii,10-45,proxy_rank_decline_3d,3,0.006484082703599271,0.6578947368421053,-0.06216377764494929,0.1043064457992458,38,3,hypothesis_only,sample_limited
159941,纳指ETF,QDII观察,qdii,10-45,proxy_buy,5,0.00884758765017778,0.616,-0.1105442176870749,0.08003663905083895,125,5,sample_limited,profile_mismatch
159941,纳指ETF,QDII观察,qdii,10-45,short_swing_weakening,5,0.003821667548628462,0.5769230769230769,-0.0995305164319249,0.03839694282348407,26,5,hypothesis_only,sample_limited
159941,纳指ETF,QDII观察,qdii,10-45,proxy_rank_decline_3d,5,0.011163269238762841,0.7027027027027027,-0.0995305164319249,0.11215926169134362,37,5,hypothesis_only,sample_limited
159941,纳指ETF,QDII观察,qdii,10-45,proxy_buy,10,0.017987144132920053,0.7083333333333334,-0.0652173913043479,0.2758028767047739,120,10,sample_limited,profile_match
159941,纳指ETF,QDII观察,qdii,10-45,short_swing_weakening,10,0.016399631694953492,0.5769230769230769,-0.0995305164319249,0.16476988448231572,26,10,hypothesis_only,sample_limited
159941,纳指ETF,QDII观察,qdii,10-45,proxy_rank_decline_3d,10,0.02266020866604802,0.6756756756756757,-0.0995305164319249,0.2276709644277466,37,10,hypothesis_only,sample_limited
159941,纳指ETF,QDII观察,qdii,10-45,proxy_buy,20,0.0339790578541039,0.7363636363636363,-0.07089804186360582,0.47926652078026444,110,20,sample_limited,profile_match
159941,纳指ETF,QDII观察,qdii,10-45,short_swing_weakening,20,0.025566120728727562,0.76,-0.0995305164319249,0.2568671563782533,25,20,hypothesis_only,sample_limited
159941,纳指ETF,QDII观察,qdii,10-45,proxy_rank_decline_3d,20,0.03201399785124561,0.7142857142857143,-0.11203703703703716,0.28574477420946465,35,20,hypothesis_only,sample_limited
159941,纳指ETF,QDII观察,qdii,10-45,proxy_buy,30,0.0323727643660039,0.7920792079207921,-0.07089804186360582,0.45661013358144453,101,30,sample_limited,profile_match
159941,纳指ETF,QDII观察,qdii,10-45,short_swing_weakening,30,0.03540606388988739,0.68,-0.0995305164319249,0.3557307362521704,25,30,hypothesis_only,sample_limited
159941,纳指ETF,QDII观察,qdii,10-45,proxy_rank_decline_3d,30,0.04387212896749093,0.6571428571428571,-0.11203703703703716,0.3915859445032244,35,30,hypothesis_only,sample_limited
159941,纳指ETF,QDII观察,qdii,10-45,proxy_buy,60,0.05806620111991444,0.7623762376237624,-0.1276891047883415,0.4547467163793297,101,60,sample_limited,profile_mismatch
159941,纳指ETF,QDII观察,qdii,10-45,short_swing_weakening,60,0.07457984143404746,0.782608695652174,-0.11652542372881358,0.6400306392158254,23,60,hypothesis_only,sample_limited
159941,纳指ETF,QDII观察,qdii,10-45,proxy_rank_decline_3d,60,0.07699206194140212,0.7272727272727273,-0.11203703703703716,0.6872018751794562,33,60,hypothesis_only,sample_limited
511010,国债ETF,债券货币观察,bond_cash,30-90,proxy_buy,3,0.0001908002470988836,0.6153846153846154,-0.004373353780182221,0.043627901306199306,130,3,sample_limited,profile_mismatch
511010,国债ETF,债券货币观察,bond_cash,30-90,short_swing_weakening,3,0.00031413831051930395,0.6896551724137931,-0.0022705811967045353,0.13835149827508325,29,3,hypothesis_only,sample_limited
511010,国债ETF,债券货币观察,bond_cash,30-90,proxy_rank_decline_3d,3,0.00013322068407627938,0.6410256410256411,-0.0037438549629167373,0.03558382613531874,39,3,hypothesis_only,sample_limited
511010,国债ETF,债券货币观察,bond_cash,30-90,proxy_buy,5,0.00028635236700873604,0.609375,-0.004663080045992141,0.06140841765194495,128,5,sample_limited,profile_mismatch
511010,国债ETF,债券货币观察,bond_cash,30-90,short_swing_weakening,5,0.0005487444885124407,0.6896551724137931,-0.002640406882372104,0.20782573025997284,29,5,hypothesis_only,sample_limited
511010,国债ETF,债券货币观察,bond_cash,30-90,proxy_rank_decline_3d,5,0.0005040600416196364,0.6153846153846154,-0.0037438549629167373,0.1346366369991365,39,5,hypothesis_only,sample_limited
511010,国债ETF,债券货币观察,bond_cash,30-90,proxy_buy,10,0.0006028114777500395,0.6422764227642277,-0.004663080045992141,0.12927324253593897,123,10,sample_limited,profile_mismatch
511010,国债ETF,债券货币观察,bond_cash,30-90,short_swing_weakening,10,0.0010196866656318414,0.6896551724137931,-0.002640406882372104,0.38618542938949224,29,10,hypothesis_only,sample_limited
511010,国债ETF,债券货币观察,bond_cash,30-90,proxy_rank_decline_3d,10,0.0003958744829806562,0.5526315789473685,-0.0037438549629167373,0.1057398021295785,38,10,hypothesis_only,sample_limited
511010,国债ETF,债券货币观察,bond_cash,30-90,proxy_buy,20,0.0006461904851937365,0.5752212389380531,-0.004917643844677189,0.13140245727497468,113,20,sample_limited,profile_mismatch
511010,国债ETF,债券货币观察,bond_cash,30-90,short_swing_weakening,20,0.0016574494045796093,0.6428571428571429,-0.004001065031698947,0.4142520532528853,28,20,hypothesis_only,sample_limited
511010,国债ETF,债券货币观察,bond_cash,30-90,proxy_rank_decline_3d,20,0.00047732497567766946,0.4722222222222222,-0.004774539623645491,0.09997298447660989,36,20,hypothesis_only,sample_limited
511010,国债ETF,债券货币观察,bond_cash,30-90,proxy_buy,30,0.0005581580534558888,0.5185185185185185,-0.004917643844677189,0.11350111376203745,108,30,sample_limited,profile_match
511010,国债ETF,债券货币观察,bond_cash,30-90,short_swing_weakening,30,0.002129467664100023,0.6923076923076923,-0.00412339975389131,0.5164349302030236,26,30,hypothesis_only,sample_limited
511010,国债ETF,债券货币观察,bond_cash,30-90,proxy_rank_decline_3d,30,0.0005090575059846009,0.6111111111111112,-0.00489677934292565,0.10395761588073874,36,30,hypothesis_only,sample_limited
511010,国债ETF,债券货币观察,bond_cash,30-90,proxy_buy,60,0.0026413047521506123,0.8076923076923077,-0.005399342876246438,0.48919003898985897,104,60,sample_limited,profile_match
511010,国债ETF,债券货币观察,bond_cash,30-90,short_swing_weakening,60,0.004328523022048496,0.8695652173913043,-0.0044832077603389475,0.9654968614975012,23,60,hypothesis_only,sample_limited
511010,国债ETF,债券货币观察,bond_cash,30-90,proxy_rank_decline_3d,60,0.0028869788459243775,0.9090909090909091,-0.005256307929043413,0.5492408140650492,33,60,hypothesis_only,sample_limited
511260,十年国债ETF,债券货币观察,bond_cash,30-90,proxy_buy,3,-9.091978967082578e-06,0.5842696629213483,-0.003942397606134351,0.0023062054808818634,89,3,sample_limited,profile_mismatch
511260,十年国债ETF,债券货币观察,bond_cash,30-90,short_swing_weakening,3,0.000407192816262887,0.5384615384615384,-0.004594634652438145,0.08862354617179626,26,3,hypothesis_only,sample_limited
511260,十年国债ETF,债券货币观察,bond_cash,30-90,proxy_rank_decline_3d,3,0.0006282951093101833,0.5581395348837209,-0.0042907849215978455,0.14642894500435888,43,3,sample_limited,profile_mismatch
511260,十年国债ETF,债券货币观察,bond_cash,30-90,proxy_buy,5,7.949976518276529e-05,0.5172413793103449,-0.005315803277007536,0.01495536253695202,87,5,sample_limited,profile_mismatch
511260,十年国债ETF,债券货币观察,bond_cash,30-90,short_swing_weakening,5,0.0005983104986236972,0.5769230769230769,-0.005127513156119257,0.11668629224474322,26,5,hypothesis_only,sample_limited
511260,十年国债ETF,债券货币观察,bond_cash,30-90,proxy_rank_decline_3d,5,0.001588152118062493,0.6744186046511628,-0.0042907849215978455,0.3701309077666566,43,5,sample_limited,profile_mismatch
511260,十年国债ETF,债券货币观察,bond_cash,30-90,proxy_buy,10,7.105542991874161e-05,0.524390243902439,-0.006349901745522302,0.011190004627842799,82,10,sample_limited,profile_mismatch
511260,十年国债ETF,债券货币观察,bond_cash,30-90,short_swing_weakening,10,0.0012652328177421097,0.6153846153846154,-0.005817178668345746,0.21749939100665597,26,10,hypothesis_only,sample_limited
511260,十年国债ETF,债券货币观察,bond_cash,30-90,proxy_rank_decline_3d,10,0.0017246141741921622,0.6511627906976745,-0.0057426142354024545,0.300318653403557,43,10,sample_limited,profile_mismatch
511260,十年国债ETF,债券货币观察,bond_cash,30-90,proxy_buy,20,-0.0013453099848894908,0.2777777777777778,-0.008138147098314286,0.1653091260992511,72,20,sample_limited,profile_mismatch
511260,十年国债ETF,债券货币观察,bond_cash,30-90,short_swing_weakening,20,0.0015375466949147177,0.64,-0.007368091014960165,0.2086763982411298,25,20,hypothesis_only,sample_limited
511260,十年国债ETF,债券货币观察,bond_cash,30-90,proxy_rank_decline_3d,20,0.002145050762610799,0.6097560975609756,-0.007619971639674761,0.2815037724605436,41,20,sample_limited,profile_mismatch
511260,十年国债ETF,债券货币观察,bond_cash,30-90,proxy_buy,30,-0.0027284116744013473,0.15151515151515152,-0.010040280471430574,0.2717465594875552,66,30,sample_limited,profile_match
511260,十年国债ETF,债券货币观察,bond_cash,30-90,short_swing_weakening,30,0.0018297104487614891,0.625,-0.009816656215473674,0.18638835960022482,24,30,hypothesis_only,sample_limited
511260,十年国债ETF,债券货币观察,bond_cash,30-90,proxy_rank_decline_3d,30,0.001184650677605875,0.5121951219512195,-0.009816656215473674,0.12067761685883927,41,30,sample_limited,profile_match
511260,十年国债ETF,债券货币观察,bond_cash,30-90,proxy_buy,60,-0.00032554649044845774,0.6666666666666666,-0.012539161569446677,0.025962381028863585,66,60,sample_limited,profile_match
511260,十年国债ETF,债券货币观察,bond_cash,30-90,short_swing_weakening,60,0.0030946441168859277,0.7619047619047619,-0.011772522320762091,0.26287009976003145,21,60,hypothesis_only,sample_limited
511260,十年国债ETF,债券货币观察,bond_cash,30-90,proxy_rank_decline_3d,60,0.003199102529327852,0.725,-0.012023285319800237,0.2660755728768653,40,60,sample_limited,profile_match
511880,银华日利ETF,债券货币观察,bond_cash,30-90,proxy_buy,3,0.0001331423296979387,0.8299595141700404,-0.0006915767950927965,0.19251994954526133,247,3,evidence_supported,profile_mismatch
511880,银华日利ETF,债券货币观察,bond_cash,30-90,short_swing_weakening,3,0.00018104225874968627,0.9333333333333333,-0.00010045808888525798,1.8021670604989366,15,3,hypothesis_only,sample_limited
511880,银华日利ETF,债券货币观察,bond_cash,30-90,proxy_rank_decline_3d,3,0.0001912910168247077,1.0,-6.022282445050653e-05,3.1763873343721722,26,3,hypothesis_only,sample_limited
511880,银华日利ETF,债券货币观察,bond_cash,30-90,proxy_buy,5,0.0002221524207376492,0.9142857142857143,-0.0006915767950927965,0.3212259611860467,245,5,evidence_supported,profile_mismatch
511880,银华日利ETF,债券货币观察,bond_cash,30-90,short_swing_weakening,5,0.00026693815811777987,1.0,-0.00010045808888525798,2.65720920116919,15,5,hypothesis_only,sample_limited
511880,银华日利ETF,债券货币观察,bond_cash,30-90,proxy_rank_decline_3d,5,0.000282595989259974,1.0,-6.022282445050653e-05,4.6925064016587665,26,5,hypothesis_only,sample_limited
511880,银华日利ETF,债券货币观察,bond_cash,30-90,proxy_buy,10,0.0004422286121079343,0.9708333333333333,-0.0006915767950927965,0.6394497548874462,240,10,evidence_supported,profile_mismatch
511880,银华日利ETF,债券货币观察,bond_cash,30-90,short_swing_weakening,10,0.0004808535738024057,1.0,-0.00010045808888525798,4.786608815061482,14,10,hypothesis_only,sample_limited
511880,银华日利ETF,债券货币观察,bond_cash,30-90,proxy_rank_decline_3d,10,0.0005691205382535036,1.0,-6.022282445050653e-05,9.450246537693182,24,10,hypothesis_only,sample_limited
511880,银华日利ETF,债券货币观察,bond_cash,30-90,proxy_buy,20,0.0008880430791863765,1.0,-0.0006915767950927965,1.2840845521244217,230,20,evidence_supported,profile_mismatch
511880,银华日利ETF,债券货币观察,bond_cash,30-90,short_swing_weakening,20,0.0009183654029353601,1.0,-0.00010045808888525798,9.141776566985124,14,20,hypothesis_only,sample_limited
511880,银华日利ETF,债券货币观察,bond_cash,30-90,proxy_rank_decline_3d,20,0.0009846159556676781,1.0,-6.022282445050653e-05,16.34954794385099,23,20,hypothesis_only,sample_limited
511880,银华日利ETF,债券货币观察,bond_cash,30-90,proxy_buy,30,0.0013248557389028718,1.0,-0.0006915767950927965,1.9157029968379742,220,30,evidence_supported,profile_match
511880,银华日利ETF,债券货币观察,bond_cash,30-90,short_swing_weakening,30,0.0013712316470377692,1.0,-0.00010045808888525798,13.649788307280796,14,30,hypothesis_only,sample_limited
511880,银华日利ETF,债券货币观察,bond_cash,30-90,proxy_rank_decline_3d,30,0.001412060575228686,1.0,-6.022282445050653e-05,23.447265851656834,23,30,hypothesis_only,sample_limited
511880,银华日利ETF,债券货币观察,bond_cash,30-90,proxy_buy,60,0.0026578499893314535,1.0,-0.0006915767950927965,3.84317404544324,190,60,sample_limited,profile_match
511880,银华日利ETF,债券货币观察,bond_cash,30-90,short_swing_weakening,60,0.0026923215574101342,1.0,-0.00010045808888525798,26.800445711099197,12,60,hypothesis_only,sample_limited
511880,银华日利ETF,债券货币观察,bond_cash,30-90,proxy_rank_decline_3d,60,0.0027632292151938335,1.0,-6.022282445050653e-05,45.88342111826328,23,60,hypothesis_only,sample_limited
511990,华宝添益ETF,债券货币观察,bond_cash,30-90,proxy_buy,3,-9.536281896314144e-05,0.07692307692307693,-0.00047978409715632164,0.19876194214930523,26,3,hypothesis_only,sample_limited
511990,华宝添益ETF,债券货币观察,bond_cash,30-90,short_swing_weakening,3,1.3969758717189523e-05,0.5873015873015873,-0.00016998640108789598,0.08218162528169586,63,3,sample_limited,profile_mismatch
511990,华宝添益ETF,债券货币观察,bond_cash,30-90,proxy_rank_decline_3d,3,1.4002180024963452e-05,0.4,-8.99964001439546e-05,0.1555860012463402,5,3,hypothesis_only,sample_limited
511990,华宝添益ETF,债券货币观察,bond_cash,30-90,proxy_buy,5,-7.728794939086788e-05,0.038461538461538464,-0.00047978409715632164,0.16108901868351458,26,5,hypothesis_only,sample_limited
511990,华宝添益ETF,债券货币观察,bond_cash,30-90,short_swing_weakening,5,7.461325371551184e-06,0.49206349206349204,-0.00016998640108789598,0.04389366045636267,63,5,sample_limited,profile_mismatch
511990,华宝添益ETF,债券货币观察,bond_cash,30-90,proxy_rank_decline_3d,5,2.8000880019218856e-05,0.6,-8.99964001439546e-05,0.31113333393813286,5,5,hypothesis_only,sample_limited
511990,华宝添益ETF,债券货币观察,bond_cash,30-90,proxy_buy,10,-9.190160350563543e-05,0.11538461538461539,-0.00047978409715632164,0.19154783172334358,26,10,hypothesis_only,sample_limited
511990,华宝添益ETF,债券货币观察,bond_cash,30-90,short_swing_weakening,10,1.8255436503904098e-05,0.49206349206349204,-0.00020997060411542812,0.08694282030959177,63,10,sample_limited,profile_mismatch
511990,华宝添益ETF,债券货币观察,bond_cash,30-90,proxy_rank_decline_3d,10,3.2500674373991956e-10,0.5,-8.99964001439546e-05,3.6113304889979146e-06,4,10,hypothesis_only,sample_limited
511990,华宝添益ETF,债券货币观察,bond_cash,30-90,proxy_buy,20,-7.60670684688016e-05,0.21739130434782608,-0.0004997751012044693,0.15220259729922167,23,20,hypothesis_only,sample_limited
511990,华宝添益ETF,债券货币观察,bond_cash,30-90,short_swing_weakening,20,1.9195088728422984e-05,0.5967741935483871,-0.00020997060411542812,0.09141798114687891,62,20,sample_limited,profile_mismatch
511990,华宝添益ETF,债券货币观察,bond_cash,30-90,proxy_rank_decline_3d,20,6.333613333875387e-05,0.6666666666666666,-0.00010999560017610488,0.5758060616729361,3,20,hypothesis_only,sample_limited
511990,华宝添益ETF,债券货币观察,bond_cash,30-90,proxy_buy,30,-9.954216899185027e-05,0.08695652173913043,-0.000519766105252728,0.19151339032284428,23,30,hypothesis_only,sample_limited
511990,华宝添益ETF,债券货币观察,bond_cash,30-90,short_swing_weakening,30,1.0679233891876931e-05,0.5254237288135594,-0.00020997060411542812,0.050860614212483696,59,30,sample_limited,profile_match
511990,华宝添益ETF,债券货币观察,bond_cash,30-90,proxy_rank_decline_3d,30,2.6668066665328876e-05,0.6666666666666666,-0.00011000220004409034,0.24243212094521713,3,30,hypothesis_only,sample_limited
511990,华宝添益ETF,债券货币观察,bond_cash,30-90,proxy_buy,60,-9.283722986158913e-05,0.19047619047619047,-0.000519766105252728,0.1786134742596355,21,60,hypothesis_only,sample_limited
511990,华宝添益ETF,债券货币观察,bond_cash,30-90,short_swing_weakening,60,1.7737582952595897e-05,0.5094339622641509,-0.00026996220529129644,0.06570394894150672,53,60,sample_limited,profile_match
511990,华宝添益ETF,债券货币观察,bond_cash,30-90,proxy_rank_decline_3d,60,-3.333273338268494e-05,0.0,-0.00011000220004409034,0.3030187884362744,3,60,hypothesis_only,sample_limited
511360,短融ETF,债券货币观察,bond_cash,30-90,proxy_buy,3,0.00018453360436489932,0.9190283400809717,-0.00040102662816809964,0.46015299584432523,247,3,evidence_supported,profile_mismatch
511360,短融ETF,债券货币观察,bond_cash,30-90,short_swing_weakening,3,0.000361215021674699,1.0,0.0,,5,3,hypothesis_only,sample_limited
511360,短融ETF,债券货币观察,bond_cash,30-90,proxy_rank_decline_3d,3,0.00024611789673244905,0.967741935483871,-8.011393982554349e-05,3.0720982798798384,31,3,hypothesis_only,sample_limited
511360,短融ETF,债券货币观察,bond_cash,30-90,proxy_buy,5,0.0003070430639150762,0.9673469387755103,-0.00040102662816809964,0.7656425841786545,245,5,evidence_supported,profile_mismatch
511360,短融ETF,债券货币观察,bond_cash,30-90,short_swing_weakening,5,0.0005551624496189511,1.0,0.0,,5,5,hypothesis_only,sample_limited
511360,短融ETF,债券货币观察,bond_cash,30-90,proxy_rank_decline_3d,5,0.0003942356536789989,1.0,-8.011393982554349e-05,4.920937037143453,31,5,hypothesis_only,sample_limited
511360,短融ETF,债券货币观察,bond_cash,30-90,proxy_buy,10,0.0006162403817522162,1.0,-0.00040102662816809964,1.5366570159373674,240,10,evidence_supported,profile_mismatch
511360,短融ETF,债券货币观察,bond_cash,30-90,short_swing_weakening,10,0.0009182343442876384,1.0,0.0,,5,10,hypothesis_only,sample_limited
511360,短融ETF,债券货币观察,bond_cash,30-90,proxy_rank_decline_3d,10,0.0007396830450460099,1.0,-8.011393982554349e-05,9.23288814227271,31,10,hypothesis_only,sample_limited
511360,短融ETF,债券货币观察,bond_cash,30-90,proxy_buy,20,0.0012410358926606903,1.0,-0.00040102662816809964,3.0946471019387802,230,20,evidence_supported,profile_mismatch
511360,短融ETF,债券货币观察,bond_cash,30-90,short_swing_weakening,20,0.0014710138243364756,1.0,0.0,,5,20,hypothesis_only,sample_limited
511360,短融ETF,债券货币观察,bond_cash,30-90,proxy_rank_decline_3d,20,0.001432832719152607,1.0,-8.011393982554349e-05,17.884936407730674,31,20,hypothesis_only,sample_limited
511360,短融ETF,债券货币观察,bond_cash,30-90,proxy_buy,30,0.001861167827039118,1.0,-0.00040102662816809964,4.641008093504868,220,30,evidence_supported,profile_match
511360,短融ETF,债券货币观察,bond_cash,30-90,short_swing_weakening,30,0.002143956706734862,1.0,0.0,,5,30,hypothesis_only,sample_limited
511360,短融ETF,债券货币观察,bond_cash,30-90,proxy_rank_decline_3d,30,0.002053676142211458,1.0,-8.011393982554349e-05,25.63444197955503,30,30,hypothesis_only,sample_limited
511360,短融ETF,债券货币观察,bond_cash,30-90,proxy_buy,60,0.0037519725069674473,1.0,-0.00040102662816809964,9.355918643374277,190,60,sample_limited,profile_match
511360,短融ETF,债券货币观察,bond_cash,30-90,short_swing_weakening,60,0.003965588988035673,1.0,0.0,,4,60,hypothesis_only,sample_limited
511360,短融ETF,债券货币观察,bond_cash,30-90,proxy_rank_decline_3d,60,0.003977277461821988,1.0,-8.011393982554349e-05,49.64526111788943,26,60,hypothesis_only,sample_limited
159001,货币ETF,债券货币观察,bond_cash,30-90,proxy_buy,3,-1.2162027028700844e-05,0.0,-6.9999300007062e-05,0.1737449806994335,37,3,hypothesis_only,sample_limited
159001,货币ETF,债券货币观察,bond_cash,30-90,short_swing_weakening,3,8.163877554409899e-07,0.3877551020408163,-6.9999300007062e-05,0.011662798847397434,49,3,sample_limited,profile_mismatch
159001,货币ETF,债券货币观察,bond_cash,30-90,proxy_rank_decline_3d,3,1.4167033352052716e-05,0.75,-1.0000000000065512e-05,1.4167033351959906,12,3,hypothesis_only,sample_limited
159001,货币ETF,债券货币观察,bond_cash,30-90,proxy_buy,5,-6.756681082031268e-06,0.05405405405405406,-6.9999300007062e-05,0.09652498069765852,37,5,hypothesis_only,sample_limited
159001,货币ETF,债券货币观察,bond_cash,30-90,short_swing_weakening,5,2.0837500049747382e-07,0.25,-6.9999300007062e-05,0.002976815489247057,48,5,sample_limited,profile_mismatch
159001,货币ETF,债券货币观察,bond_cash,30-90,proxy_rank_decline_3d,5,1.3333641682285643e-05,0.8333333333333334,-1.0000000000065512e-05,1.3333641682198292,12,5,hypothesis_only,sample_limited
159001,货币ETF,债券货币观察,bond_cash,30-90,proxy_buy,10,-9.729621622960676e-06,0.0,-6.9999300007062e-05,0.13899598455954681,37,10,hypothesis_only,sample_limited
159001,货币ETF,债券货币观察,bond_cash,30-90,short_swing_weakening,10,1.4894106390486775e-06,0.2553191489361702,-6.9999300007062e-05,0.021277507616482103,47,10,sample_limited,profile_mismatch
159001,货币ETF,债券货币观察,bond_cash,30-90,proxy_rank_decline_3d,10,5.000391688131378e-06,0.5,-5.999999999994898e-05,0.08333986146892716,12,10,hypothesis_only,sample_limited
159001,货币ETF,债券货币观察,bond_cash,30-90,proxy_buy,20,-9.189070272036975e-06,0.02702702702702703,-7.999840003192205e-05,0.11486567566814121,37,20,hypothesis_only,sample_limited
159001,货币ETF,债券货币观察,bond_cash,30-90,short_swing_weakening,20,-6.666177772970035e-07,0.24444444444444444,-6.9999300007062e-05,0.009523206335345504,45,20,sample_limited,profile_mismatch
159001,货币ETF,债券货币观察,bond_cash,30-90,proxy_rank_decline_3d,20,1.1818572747568368e-05,0.6363636363636364,-5.999999999994898e-05,0.19697621245964028,11,20,hypothesis_only,sample_limited
159001,货币ETF,债券货币观察,bond_cash,30-90,proxy_buy,30,-8.333238890095234e-06,0.0,-7.999840003192205e-05,0.10416756943601362,36,30,hypothesis_only,sample_limited
159001,货币ETF,债券货币观察,bond_cash,30-90,short_swing_weakening,30,1.5909500004957449e-06,0.3409090909090909,-5.999999999994898e-05,0.026515833341618295,44,30,sample_limited,profile_match
159001,货币ETF,债券货币观察,bond_cash,30-90,proxy_rank_decline_3d,30,6.000050000487534e-06,0.6,-5.999999999994898e-05,0.10000083334154393,10,30,hypothesis_only,sample_limited
159001,货币ETF,债券货币观察,bond_cash,30-90,proxy_buy,60,-7.857060715214606e-06,0.03571428571428571,-6.9999300007062e-05,0.11224484694021129,28,60,hypothesis_only,sample_limited
159001,货币ETF,债券货币观察,bond_cash,30-90,short_swing_weakening,60,3.0769717954681752e-06,0.41025641025641024,-6.9999300007062e-05,0.04395717950262002,39,60,hypothesis_only,sample_limited
159001,货币ETF,债券货币观察,bond_cash,30-90,proxy_rank_decline_3d,60,7.1429000004627085e-06,0.5714285714285714,-2.999999999997449e-05,0.23809666668229273,7,60,hypothesis_only,sample_limited
159338,国泰中证A500ETF,新宽基与新风格,broad_index,20-60,proxy_buy,3,0.003424249447875418,0.6223776223776224,-0.04401993355481726,0.07778861009890575,143,3,sample_limited,profile_mismatch
159338,国泰中证A500ETF,新宽基与新风格,broad_index,20-60,short_swing_weakening,3,0.0028662610766909424,0.6153846153846154,-0.028823058446757477,0.09944333568852717,26,3,hypothesis_only,sample_limited
159338,国泰中证A500ETF,新宽基与新风格,broad_index,20-60,proxy_rank_decline_3d,3,0.010067849569100779,0.8,-0.021428571428571463,0.4698329798913689,25,3,hypothesis_only,sample_limited
159338,国泰中证A500ETF,新宽基与新风格,broad_index,20-60,proxy_buy,5,0.00532139639730718,0.5944055944055944,-0.04401993355481726,0.12088606155392165,143,5,sample_limited,profile_mismatch
159338,国泰中证A500ETF,新宽基与新风格,broad_index,20-60,short_swing_weakening,5,0.004921167976424518,0.6153846153846154,-0.049959049959050095,0.09850403441334951,26,5,hypothesis_only,sample_limited
159338,国泰中证A500ETF,新宽基与新风格,broad_index,20-60,proxy_rank_decline_3d,5,0.01572194185798416,0.88,-0.021428571428571463,0.7336906200392596,25,5,hypothesis_only,sample_limited
159338,国泰中证A500ETF,新宽基与新风格,broad_index,20-60,proxy_buy,10,0.010466267889875269,0.6099290780141844,-0.0742218675179569,0.1410132652259539,141,10,sample_limited,profile_mismatch
159338,国泰中证A500ETF,新宽基与新风格,broad_index,20-60,short_swing_weakening,10,0.003685205184820317,0.6,-0.09968847352024923,0.0369672145102288,25,10,hypothesis_only,sample_limited
159338,国泰中证A500ETF,新宽基与新风格,broad_index,20-60,proxy_rank_decline_3d,10,0.016654146892530454,0.76,-0.02959999999999996,0.5626400977206242,25,10,hypothesis_only,sample_limited
159338,国泰中证A500ETF,新宽基与新风格,broad_index,20-60,proxy_buy,20,0.023524021888823736,0.6818181818181818,-0.08300395256916993,0.28340845418440036,132,20,sample_limited,profile_match
159338,国泰中证A500ETF,新宽基与新风格,broad_index,20-60,short_swing_weakening,20,0.015504339663299019,0.5833333333333334,-0.09968847352024923,0.15552790724746826,24,20,hypothesis_only,sample_limited
159338,国泰中证A500ETF,新宽基与新风格,broad_index,20-60,proxy_rank_decline_3d,20,0.04462282692521805,0.95,-0.02959999999999996,1.507527936662774,20,20,hypothesis_only,sample_limited
159338,国泰中证A500ETF,新宽基与新风格,broad_index,20-60,proxy_buy,30,0.03976120409447319,0.688,-0.08300395256916993,0.47902783980484387,125,30,sample_limited,profile_match
159338,国泰中证A500ETF,新宽基与新风格,broad_index,20-60,short_swing_weakening,30,0.026852770842161887,0.6521739130434783,-0.09968847352024923,0.2693668575104364,23,30,hypothesis_only,sample_limited
159338,国泰中证A500ETF,新宽基与新风格,broad_index,20-60,proxy_rank_decline_3d,30,0.051685595513324564,0.9,-0.02959999999999996,1.7461349835582647,20,30,hypothesis_only,sample_limited
159338,国泰中证A500ETF,新宽基与新风格,broad_index,20-60,proxy_buy,60,0.07755251901902942,0.904,-0.08300395256916993,0.9343232053244976,125,60,sample_limited,profile_match
159338,国泰中证A500ETF,新宽基与新风格,broad_index,20-60,short_swing_weakening,60,0.07232655527044693,0.9,-0.09968847352024923,0.7255257575566707,20,60,hypothesis_only,sample_limited
159338,国泰中证A500ETF,新宽基与新风格,broad_index,20-60,proxy_rank_decline_3d,60,0.08553425376423375,1.0,-0.07200000000000006,1.1879757467254677,19,60,hypothesis_only,sample_limited
159352,南方中证A500ETF,新宽基与新风格,broad_index,20-60,proxy_buy,3,0.003305700228591056,0.6312056737588653,-0.0471976401179941,0.070039523593273,141,3,sample_limited,profile_mismatch
159352,南方中证A500ETF,新宽基与新风格,broad_index,20-60,short_swing_weakening,3,0.003957378078788589,0.5833333333333334,-0.027734976887519247,0.14268546517409975,24,3,hypothesis_only,sample_limited
159352,南方中证A500ETF,新宽基与新风格,broad_index,20-60,proxy_rank_decline_3d,3,0.00986662623373407,0.7407407407407407,-0.022336769759450203,0.4417212667717862,27,3,hypothesis_only,sample_limited
159352,南方中证A500ETF,新宽基与新风格,broad_index,20-60,proxy_buy,5,0.005285771396446224,0.6071428571428571,-0.044764188649080605,0.11808035744561152,140,5,sample_limited,profile_mismatch
159352,南方中证A500ETF,新宽基与新风格,broad_index,20-60,short_swing_weakening,5,0.004556186953889735,0.5833333333333334,-0.05126182965299675,0.08888069319280299,24,5,hypothesis_only,sample_limited
159352,南方中证A500ETF,新宽基与新风格,broad_index,20-60,proxy_rank_decline_3d,5,0.013125425691169167,0.7407407407407407,-0.03295019157088119,0.39834140760408787,27,5,hypothesis_only,sample_limited
159352,南方中证A500ETF,新宽基与新风格,broad_index,20-60,proxy_buy,10,0.010505209729831494,0.6159420289855072,-0.07532667179093,0.13946201896439575,138,10,sample_limited,profile_mismatch
159352,南方中证A500ETF,新宽基与新风格,broad_index,20-60,short_swing_weakening,10,0.003333132412597164,0.6086956521739131,-0.11188811188811176,0.029789870937587185,23,10,hypothesis_only,sample_limited
159352,南方中证A500ETF,新宽基与新风格,broad_index,20-60,proxy_rank_decline_3d,10,0.0112586203031678,0.7407407407407407,-0.11188811188811176,0.10062391895956233,27,10,hypothesis_only,sample_limited
159352,南方中证A500ETF,新宽基与新风格,broad_index,20-60,proxy_buy,20,0.023510652769533225,0.6666666666666666,-0.08586626139817632,0.27380547827173196,129,20,sample_limited,profile_match
159352,南方中证A500ETF,新宽基与新风格,broad_index,20-60,short_swing_weakening,20,0.01538061060581381,0.5454545454545454,-0.11277445109780437,0.13638382147810124,22,20,hypothesis_only,sample_limited
159352,南方中证A500ETF,新宽基与新风格,broad_index,20-60,proxy_rank_decline_3d,20,0.036813019344397624,0.7727272727272727,-0.11188811188811176,0.32901636039055415,22,20,hypothesis_only,sample_limited
159352,南方中证A500ETF,新宽基与新风格,broad_index,20-60,proxy_buy,30,0.03943710915837599,0.6885245901639344,-0.08586626139817632,0.4592852712603786,122,30,sample_limited,profile_match
159352,南方中证A500ETF,新宽基与新风格,broad_index,20-60,short_swing_weakening,30,0.02777548109805803,0.6190476190476191,-0.11277445109780437,0.24629231911729338,21,30,hypothesis_only,sample_limited
159352,南方中证A500ETF,新宽基与新风格,broad_index,20-60,proxy_rank_decline_3d,30,0.046198957687698126,0.8181818181818182,-0.11188811188811176,0.41290318433380246,22,30,hypothesis_only,sample_limited
159352,南方中证A500ETF,新宽基与新风格,broad_index,20-60,proxy_buy,60,0.07585906099824115,0.9016393442622951,-0.08586626139817632,0.8834559670237638,122,60,sample_limited,profile_match
159352,南方中证A500ETF,新宽基与新风格,broad_index,20-60,short_swing_weakening,60,0.07320907964823299,0.8888888888888888,-0.11277445109780437,0.6491636974117652,18,60,hypothesis_only,sample_limited
159352,南方中证A500ETF,新宽基与新风格,broad_index,20-60,proxy_rank_decline_3d,60,0.08000131795990464,0.9523809523809523,-0.11188811188811176,0.7150117792666486,21,60,hypothesis_only,sample_limited
563360,华泰柏瑞中证A500ETF,新宽基与新风格,broad_index,20-60,proxy_buy,3,0.0031305722721009475,0.6223776223776224,-0.047169811320754707,0.06636813216854011,143,3,sample_limited,profile_mismatch
563360,华泰柏瑞中证A500ETF,新宽基与新风格,broad_index,20-60,short_swing_weakening,3,0.005000843557182912,0.5555555555555556,-0.02959028831562982,0.1690028668812067,27,3,hypothesis_only,sample_limited
563360,华泰柏瑞中证A500ETF,新宽基与新风格,broad_index,20-60,proxy_rank_decline_3d,3,0.009848130215000663,0.782608695652174,-0.032573289902280145,0.3023375976005202,23,3,hypothesis_only,sample_limited
563360,华泰柏瑞中证A500ETF,新宽基与新风格,broad_index,20-60,proxy_buy,5,0.005102220584165774,0.5774647887323944,-0.044095665171898446,0.11570798545108121,142,5,sample_limited,profile_mismatch
563360,华泰柏瑞中证A500ETF,新宽基与新风格,broad_index,20-60,short_swing_weakening,5,0.007716590250866462,0.6666666666666666,-0.048913043478260865,0.15776140068438102,27,5,hypothesis_only,sample_limited
563360,华泰柏瑞中证A500ETF,新宽基与新风格,broad_index,20-60,proxy_rank_decline_3d,5,0.015217958147717363,0.8695652173913043,-0.032573289902280145,0.46719131513492285,23,5,hypothesis_only,sample_limited
563360,华泰柏瑞中证A500ETF,新宽基与新风格,broad_index,20-60,proxy_buy,10,0.010310206018817025,0.6,-0.07337367624810887,0.14051641605026927,140,10,sample_limited,profile_mismatch
563360,华泰柏瑞中证A500ETF,新宽基与新风格,broad_index,20-60,short_swing_weakening,10,0.008587922921921454,0.6538461538461539,-0.11187438665358185,0.07676397769682429,26,10,hypothesis_only,sample_limited
563360,华泰柏瑞中证A500ETF,新宽基与新风格,broad_index,20-60,proxy_rank_decline_3d,10,0.017248563240542886,0.782608695652174,-0.032573289902280145,0.5295308914846664,23,10,hypothesis_only,sample_limited
563360,华泰柏瑞中证A500ETF,新宽基与新风格,broad_index,20-60,proxy_buy,20,0.023468068821739105,0.6717557251908397,-0.08308383233532934,0.28246252203462563,131,20,sample_limited,profile_match
563360,华泰柏瑞中证A500ETF,新宽基与新风格,broad_index,20-60,short_swing_weakening,20,0.022818767036022033,0.6,-0.11187438665358185,0.20396775096233746,25,20,hypothesis_only,sample_limited
563360,华泰柏瑞中证A500ETF,新宽基与新风格,broad_index,20-60,proxy_rank_decline_3d,20,0.04628454554250722,0.8888888888888888,-0.032573289902280145,1.420935548154971,18,20,hypothesis_only,sample_limited
563360,华泰柏瑞中证A500ETF,新宽基与新风格,broad_index,20-60,proxy_buy,30,0.039675259449302044,0.6935483870967742,-0.08308383233532934,0.4775328524708786,124,30,sample_limited,profile_match
563360,华泰柏瑞中证A500ETF,新宽基与新风格,broad_index,20-60,short_swing_weakening,30,0.03564051782927866,0.6666666666666666,-0.11187438665358185,0.318576207614342,24,30,hypothesis_only,sample_limited
563360,华泰柏瑞中证A500ETF,新宽基与新风格,broad_index,20-60,proxy_rank_decline_3d,30,0.0585081638972951,0.9444444444444444,-0.032573289902280145,1.7962006316469588,18,30,hypothesis_only,sample_limited
563360,华泰柏瑞中证A500ETF,新宽基与新风格,broad_index,20-60,proxy_buy,60,0.07707164495325,0.8870967741935484,-0.08445440956651717,0.9125828402429073,124,60,sample_limited,profile_match
563360,华泰柏瑞中证A500ETF,新宽基与新风格,broad_index,20-60,short_swing_weakening,60,0.08547253220874573,0.9,-0.11187438665358185,0.7640044764974735,20,60,hypothesis_only,sample_limited
563360,华泰柏瑞中证A500ETF,新宽基与新风格,broad_index,20-60,proxy_rank_decline_3d,60,0.0933643450973729,1.0,-0.032573289902280145,2.866285394489347,17,60,hypothesis_only,sample_limited
563800,广发中证A500ETF,新宽基与新风格,broad_index,20-60,proxy_buy,3,0.003282428269147179,0.6453900709219859,-0.04761904761904767,0.06893099365209068,141,3,sample_limited,profile_mismatch
563800,广发中证A500ETF,新宽基与新风格,broad_index,20-60,short_swing_weakening,3,0.004591717799410572,0.5925925925925926,-0.028180354267310692,0.16294038591051285,27,3,hypothesis_only,sample_limited
563800,广发中证A500ETF,新宽基与新风格,broad_index,20-60,proxy_rank_decline_3d,3,0.005819962784983375,0.6956521739130435,-0.03525881470367587,0.16506405090176277,23,3,hypothesis_only,sample_limited
563800,广发中证A500ETF,新宽基与新风格,broad_index,20-60,proxy_buy,5,0.0054902257638057275,0.6071428571428571,-0.04249999999999998,0.12918178267778188,140,5,sample_limited,profile_mismatch
563800,广发中证A500ETF,新宽基与新风格,broad_index,20-60,short_swing_weakening,5,0.007322431643095766,0.6666666666666666,-0.05180921052631571,0.1413345536191185,27,5,hypothesis_only,sample_limited
563800,广发中证A500ETF,新宽基与新风格,broad_index,20-60,proxy_rank_decline_3d,5,0.01177591587196906,0.782608695652174,-0.03525881470367587,0.33398501824116555,23,5,hypothesis_only,sample_limited
563800,广发中证A500ETF,新宽基与新风格,broad_index,20-60,proxy_buy,10,0.010467811647682781,0.6086956521739131,-0.07686148919135316,0.13619059112453938,138,10,sample_limited,profile_mismatch
563800,广发中证A500ETF,新宽基与新风格,broad_index,20-60,short_swing_weakening,10,0.006408279998509492,0.6538461538461539,-0.10416666666666663,0.06151948798569115,26,10,hypothesis_only,sample_limited
563800,广发中证A500ETF,新宽基与新风格,broad_index,20-60,proxy_rank_decline_3d,10,0.01499378115670802,0.6956521739130435,-0.04576144036009,0.3276509882277344,23,10,hypothesis_only,sample_limited
563800,广发中证A500ETF,新宽基与新风格,broad_index,20-60,proxy_buy,20,0.02341020528006396,0.6744186046511628,-0.08564631245043608,0.2733358227607471,129,20,sample_limited,profile_match
563800,广发中证A500ETF,新宽基与新风格,broad_index,20-60,short_swing_weakening,20,0.0211338663380642,0.6,-0.10416666666666663,0.20288511684541638,25,20,hypothesis_only,sample_limited
563800,广发中证A500ETF,新宽基与新风格,broad_index,20-60,proxy_rank_decline_3d,20,0.04278640100848977,0.8888888888888888,-0.05918057663125953,0.722980468322942,18,20,hypothesis_only,sample_limited
563800,广发中证A500ETF,新宽基与新风格,broad_index,20-60,proxy_buy,30,0.039687658898462166,0.6885245901639344,-0.08564631245043608,0.4633901654718596,122,30,sample_limited,profile_match
563800,广发中证A500ETF,新宽基与新风格,broad_index,20-60,short_swing_weakening,30,0.030736404124747957,0.625,-0.10416666666666663,0.2950694795975805,24,30,hypothesis_only,sample_limited
563800,广发中证A500ETF,新宽基与新风格,broad_index,20-60,proxy_rank_decline_3d,30,0.05643621182012019,0.8823529411764706,-0.030522088353413634,1.8490285188434126,17,30,hypothesis_only,sample_limited
563800,广发中证A500ETF,新宽基与新风格,broad_index,20-60,proxy_buy,60,0.07575003938205198,0.9098360655737705,-0.08564631245043608,0.8844518487108114,122,60,sample_limited,profile_match
563800,广发中证A500ETF,新宽基与新风格,broad_index,20-60,short_swing_weakening,60,0.07642034981372157,0.9,-0.10416666666666663,0.7336353582117274,20,60,hypothesis_only,sample_limited
563800,广发中证A500ETF,新宽基与新风格,broad_index,20-60,proxy_rank_decline_3d,60,0.08985241753769423,1.0,-0.07389558232931737,1.215937606895969,16,60,hypothesis_only,sample_limited
512050,华夏中证A500ETF,新宽基与新风格,broad_index,20-60,proxy_buy,3,0.0032071519942204977,0.6319444444444444,-0.046995377503852076,0.06824398833603618,144,3,sample_limited,profile_mismatch
512050,华夏中证A500ETF,新宽基与新风格,broad_index,20-60,short_swing_weakening,3,0.003415513508004895,0.6,-0.02824858757062154,0.12090917818337296,25,3,hypothesis_only,sample_limited
512050,华夏中证A500ETF,新宽基与新风格,broad_index,20-60,proxy_rank_decline_3d,3,0.004603232011727943,0.7692307692307693,-0.09619450317124734,0.04785337893510588,26,3,hypothesis_only,sample_limited
512050,华夏中证A500ETF,新宽基与新风格,broad_index,20-60,proxy_buy,5,0.005459645517378831,0.6083916083916084,-0.0434782608695653,0.12557184689971287,143,5,sample_limited,profile_mismatch
512050,华夏中证A500ETF,新宽基与新风格,broad_index,20-60,short_swing_weakening,5,0.005389744896898736,0.64,-0.051155115511551164,0.10536081959743979,25,5,hypothesis_only,sample_limited
512050,华夏中证A500ETF,新宽基与新风格,broad_index,20-60,proxy_rank_decline_3d,5,0.011019288138591462,0.7692307692307693,-0.09619450317124734,0.1145521602099728,26,5,hypothesis_only,sample_limited
512050,华夏中证A500ETF,新宽基与新风格,broad_index,20-60,proxy_buy,10,0.010426232061326975,0.6312056737588653,-0.07630522088353431,0.136638514908969,141,10,sample_limited,profile_mismatch
512050,华夏中证A500ETF,新宽基与新风格,broad_index,20-60,short_swing_weakening,10,0.004124393730383545,0.6666666666666666,-0.10751565762004178,0.038360865958324615,24,10,hypothesis_only,sample_limited
512050,华夏中证A500ETF,新宽基与新风格,broad_index,20-60,proxy_rank_decline_3d,10,0.013077769246165823,0.7692307692307693,-0.09619450317124734,0.13595131546014144,26,10,hypothesis_only,sample_limited
512050,华夏中证A500ETF,新宽基与新风格,broad_index,20-60,proxy_buy,20,0.023090883758462685,0.6666666666666666,-0.08657664813343924,0.2667102995587571,132,20,sample_limited,profile_match
512050,华夏中证A500ETF,新宽基与新风格,broad_index,20-60,short_swing_weakening,20,0.017639738673442817,0.5652173913043478,-0.10751565762004178,0.16406669562289528,23,20,hypothesis_only,sample_limited
512050,华夏中证A500ETF,新宽基与新风格,broad_index,20-60,proxy_rank_decline_3d,20,0.03496701122750812,0.7619047619047619,-0.09619450317124734,0.3635032156178318,21,20,hypothesis_only,sample_limited
512050,华夏中证A500ETF,新宽基与新风格,broad_index,20-60,proxy_buy,30,0.03874738392058468,0.68,-0.08657664813343924,0.44755005831207445,125,30,sample_limited,profile_match
512050,华夏中证A500ETF,新宽基与新风格,broad_index,20-60,short_swing_weakening,30,0.0297720264047335,0.6363636363636364,-0.10751565762004178,0.2769087504440261,22,30,hypothesis_only,sample_limited
512050,华夏中证A500ETF,新宽基与新风格,broad_index,20-60,proxy_rank_decline_3d,30,0.04907987427546969,0.8571428571428571,-0.09619450317124734,0.5102149567537839,21,30,hypothesis_only,sample_limited
512050,华夏中证A500ETF,新宽基与新风格,broad_index,20-60,proxy_buy,60,0.07636090671699843,0.912,-0.08657664813343924,0.8820035005201928,125,60,sample_limited,profile_match
512050,华夏中证A500ETF,新宽基与新风格,broad_index,20-60,short_swing_weakening,60,0.0798711812403144,0.8947368421052632,-0.10751565762004178,0.7428795303710795,19,60,hypothesis_only,sample_limited
512050,华夏中证A500ETF,新宽基与新风格,broad_index,20-60,proxy_rank_decline_3d,60,0.08602495446898908,1.0,-0.09619450317124734,0.8942813948094911,20,60,hypothesis_only,sample_limited
560510,泰康中证A500ETF,新宽基与新风格,broad_index,20-60,proxy_buy,3,0.0032602065697193887,0.6344827586206897,-0.04623824451410652,0.0705088742874906,145,3,sample_limited,profile_mismatch
560510,泰康中证A500ETF,新宽基与新风格,broad_index,20-60,short_swing_weakening,3,0.003490705299817134,0.52,-0.027004909983633363,0.12926187504171338,25,3,hypothesis_only,sample_limited
560510,泰康中证A500ETF,新宽基与新风格,broad_index,20-60,proxy_rank_decline_3d,3,0.0035599870502651533,0.7391304347826086,-0.08522114347357068,0.041773518931592354,23,3,hypothesis_only,sample_limited
560510,泰康中证A500ETF,新宽基与新风格,broad_index,20-60,proxy_buy,5,0.005461985209212622,0.6111111111111112,-0.04514480408858601,0.12098812520029474,144,5,sample_limited,profile_mismatch
560510,泰康中证A500ETF,新宽基与新风格,broad_index,20-60,short_swing_weakening,5,0.0054797053480929005,0.6,-0.04773869346733661,0.11478540676531461,25,5,hypothesis_only,sample_limited
560510,泰康中证A500ETF,新宽基与新风格,broad_index,20-60,proxy_rank_decline_3d,5,0.011065043619240612,0.8260869565217391,-0.08522114347357068,0.12983918272197525,23,5,hypothesis_only,sample_limited
560510,泰康中证A500ETF,新宽基与新风格,broad_index,20-60,proxy_buy,10,0.010055539517615699,0.5985915492957746,-0.07107843137254899,0.14147103873059336,142,10,sample_limited,profile_mismatch
560510,泰康中证A500ETF,新宽基与新风格,broad_index,20-60,short_swing_weakening,10,0.005761410559852233,0.5833333333333334,-0.09594882729211085,0.06004670116823773,24,10,hypothesis_only,sample_limited
560510,泰康中证A500ETF,新宽基与新风格,broad_index,20-60,proxy_rank_decline_3d,10,0.012507525472108944,0.782608695652174,-0.08522114347357068,0.14676552041322768,23,10,hypothesis_only,sample_limited
560510,泰康中证A500ETF,新宽基与新风格,broad_index,20-60,proxy_buy,20,0.023267996782976145,0.6766917293233082,-0.0808407437348424,0.2878251202054148,133,20,sample_limited,profile_match
560510,泰康中证A500ETF,新宽基与新风格,broad_index,20-60,short_swing_weakening,20,0.018363871131544376,0.6521739130434783,-0.09691160809371668,0.1894909339837382,23,20,hypothesis_only,sample_limited
560510,泰康中证A500ETF,新宽基与新风格,broad_index,20-60,proxy_rank_decline_3d,20,0.0427539345562328,0.8888888888888888,-0.08522114347357068,0.5016822447294658,18,20,hypothesis_only,sample_limited
560510,泰康中证A500ETF,新宽基与新风格,broad_index,20-60,proxy_buy,30,0.03952814122184848,0.6984126984126984,-0.0808407437348424,0.4889631069142654,126,30,sample_limited,profile_match
560510,泰康中证A500ETF,新宽基与新风格,broad_index,20-60,short_swing_weakening,30,0.02955809112593496,0.6818181818181818,-0.09691160809371668,0.30500052271706524,22,30,hypothesis_only,sample_limited
560510,泰康中证A500ETF,新宽基与新风格,broad_index,20-60,proxy_rank_decline_3d,30,0.046919093353346944,0.7777777777777778,-0.08522114347357068,0.5505569561842102,18,30,hypothesis_only,sample_limited
560510,泰康中证A500ETF,新宽基与新风格,broad_index,20-60,proxy_buy,60,0.07893736418663805,0.92,-0.0808407437348424,0.9764551949887121,125,60,sample_limited,profile_match
560510,泰康中证A500ETF,新宽基与新风格,broad_index,20-60,short_swing_weakening,60,0.07122970578889014,0.8947368421052632,-0.09691160809371668,0.7349966344589876,19,60,hypothesis_only,sample_limited
560510,泰康中证A500ETF,新宽基与新风格,broad_index,20-60,proxy_rank_decline_3d,60,0.08015246480129287,1.0,-0.08522114347357068,0.9405232262126388,17,60,hypothesis_only,sample_limited
588220,科创100ETF基金,新宽基与新风格,unknown,,proxy_buy,3,0.01026658092232005,0.64,-0.08426547352721847,0.12183615059142645,125,3,sample_limited,profile_mismatch
588220,科创100ETF基金,新宽基与新风格,unknown,,short_swing_weakening,3,0.002235570309625712,0.6,-0.12791878172588833,0.01747648218239148,30,3,hypothesis_only,sample_limited
588220,科创100ETF基金,新宽基与新风格,unknown,,proxy_rank_decline_3d,3,0.009943281861149983,0.7142857142857143,-0.04591836734693877,0.21654258275393298,28,3,hypothesis_only,sample_limited
588220,科创100ETF基金,新宽基与新风格,unknown,,proxy_buy,5,0.015235172580804502,0.7258064516129032,-0.08426547352721847,0.18079970292795436,124,5,sample_limited,profile_mismatch
588220,科创100ETF基金,新宽基与新风格,unknown,,short_swing_weakening,5,0.005393038490008184,0.5,-0.12791878172588833,0.04215986438617509,30,5,hypothesis_only,sample_limited
588220,科创100ETF基金,新宽基与新风格,unknown,,proxy_rank_decline_3d,5,0.022742637803736483,0.7857142857142857,-0.04591836734693877,0.49528411217026125,28,5,hypothesis_only,sample_limited
588220,科创100ETF基金,新宽基与新风格,unknown,,proxy_buy,10,0.027157471250114137,0.680327868852459,-0.10739191073919097,0.2528819076146994,122,10,sample_limited,profile_mismatch
588220,科创100ETF基金,新宽基与新风格,unknown,,short_swing_weakening,10,0.011799726225633498,0.4642857142857143,-0.1375502008032129,0.08578487095424059,28,10,hypothesis_only,sample_limited
588220,科创100ETF基金,新宽基与新风格,unknown,,proxy_rank_decline_3d,10,0.012523294359273966,0.6071428571428571,-0.1252545824847251,0.09998272407160187,28,10,hypothesis_only,sample_limited
588220,科创100ETF基金,新宽基与新风格,unknown,,proxy_buy,20,0.050710357315719504,0.7142857142857143,-0.12515883100381198,0.4051680325631598,112,20,sample_limited,profile_mismatch
588220,科创100ETF基金,新宽基与新风格,unknown,,short_swing_weakening,20,0.0339153992886487,0.6296296296296297,-0.1594911937377691,0.21264747284048446,27,20,hypothesis_only,sample_limited
588220,科创100ETF基金,新宽基与新风格,unknown,,proxy_rank_decline_3d,20,0.02074647112507646,0.7037037037037037,-0.1594911937377691,0.13007910116458982,27,20,hypothesis_only,sample_limited
588220,科创100ETF基金,新宽基与新风格,unknown,,proxy_buy,30,0.07115616715186215,0.6310679611650486,-0.12515883100381198,0.5685269395788376,103,30,sample_limited,profile_mismatch
588220,科创100ETF基金,新宽基与新风格,unknown,,short_swing_weakening,30,0.06386757674616686,0.5769230769230769,-0.1594911937377691,0.4004457879422241,26,30,hypothesis_only,sample_limited
588220,科创100ETF基金,新宽基与新风格,unknown,,proxy_rank_decline_3d,30,0.035056529689706,0.6153846153846154,-0.1594911937377691,0.21980229044711364,26,30,hypothesis_only,sample_limited
588220,科创100ETF基金,新宽基与新风格,unknown,,proxy_buy,60,0.12694178711409987,0.7864077669902912,-0.14842300556586274,0.8552702906812477,103,60,sample_limited,profile_mismatch
588220,科创100ETF基金,新宽基与新风格,unknown,,short_swing_weakening,60,0.15896454261932902,0.9090909090909091,-0.1594911937377691,0.9966979297972652,22,60,hypothesis_only,sample_limited
588220,科创100ETF基金,新宽基与新风格,unknown,,proxy_rank_decline_3d,60,0.118330547769931,0.9166666666666666,-0.1594911937377691,0.7419252749746593,24,60,hypothesis_only,sample_limited
588030,博时科创100ETF,新宽基与新风格,unknown,,proxy_buy,3,0.010296137913846912,0.624,-0.08543833580980686,0.12050957940902556,125,3,sample_limited,profile_mismatch
588030,博时科创100ETF,新宽基与新风格,unknown,,short_swing_weakening,3,0.002772664681708205,0.5625,-0.13109756097560976,0.021149628269774214,32,3,hypothesis_only,sample_limited
588030,博时科创100ETF,新宽基与新风格,unknown,,proxy_rank_decline_3d,3,0.012727599797249578,0.7352941176470589,-0.04507936507936505,0.2823376011361704,34,3,hypothesis_only,sample_limited
588030,博时科创100ETF,新宽基与新风格,unknown,,proxy_buy,5,0.01572494540345022,0.7096774193548387,-0.08543833580980686,0.18405023054820857,124,5,sample_limited,profile_mismatch
588030,博时科创100ETF,新宽基与新风格,unknown,,short_swing_weakening,5,0.006063327022829471,0.5,-0.13109756097560976,0.046250494499722475,32,5,hypothesis_only,sample_limited
588030,博时科创100ETF,新宽基与新风格,unknown,,proxy_rank_decline_3d,5,0.022103250024434376,0.7941176470588235,-0.04634920634920636,0.4768851888833443,34,5,hypothesis_only,sample_limited
588030,博时科创100ETF,新宽基与新风格,unknown,,proxy_buy,10,0.028156916454912684,0.6885245901639344,-0.1123439667128987,0.250631318073976,122,10,sample_limited,profile_mismatch
588030,博时科创100ETF,新宽基与新风格,unknown,,short_swing_weakening,10,0.009315073092022407,0.4666666666666667,-0.14070351758793975,0.06620355518973066,30,10,hypothesis_only,sample_limited
588030,博时科创100ETF,新宽基与新风格,unknown,,proxy_rank_decline_3d,10,0.015009082530719803,0.6363636363636364,-0.12932790224032586,0.11605448067060509,33,10,hypothesis_only,sample_limited
588030,博时科创100ETF,新宽基与新风格,unknown,,proxy_buy,20,0.051920492921301284,0.7142857142857143,-0.12460468058191021,0.41668172237856504,112,20,sample_limited,profile_mismatch
588030,博时科创100ETF,新宽基与新风格,unknown,,short_swing_weakening,20,0.0315516569559572,0.5714285714285714,-0.16340508806262233,0.19308858328735481,28,20,hypothesis_only,sample_limited
588030,博时科创100ETF,新宽基与新风格,unknown,,proxy_rank_decline_3d,20,0.034563456890862876,0.7241379310344828,-0.16340508806262233,0.21152007749977159,29,20,hypothesis_only,sample_limited
588030,博时科创100ETF,新宽基与新风格,unknown,,proxy_buy,30,0.07221099501664197,0.6310679611650486,-0.12460468058191021,0.5795207265041163,103,30,sample_limited,profile_mismatch
588030,博时科创100ETF,新宽基与新风格,unknown,,short_swing_weakening,30,0.06003097547042827,0.5555555555555556,-0.16340508806262233,0.3673751912022616,27,30,hypothesis_only,sample_limited
588030,博时科创100ETF,新宽基与新风格,unknown,,proxy_rank_decline_3d,30,0.0558756539769552,0.6428571428571429,-0.16340508806262233,0.34194561894879166,28,30,hypothesis_only,sample_limited
588030,博时科创100ETF,新宽基与新风格,unknown,,proxy_buy,60,0.1254058553991074,0.7766990291262136,-0.14778325123152725,0.8485796215339592,103,60,sample_limited,profile_mismatch
588030,博时科创100ETF,新宽基与新风格,unknown,,short_swing_weakening,60,0.15458976083124906,0.9130434782608695,-0.16340508806262233,0.9460523087996199,23,60,hypothesis_only,sample_limited
588030,博时科创100ETF,新宽基与新风格,unknown,,proxy_rank_decline_3d,60,0.12719631251685865,0.9230769230769231,-0.16340508806262233,0.7784109664205361,26,60,hypothesis_only,sample_limited
588190,银华科创100ETF,新宽基与新风格,unknown,,proxy_buy,3,0.010002879601616277,0.6370967741935484,-0.08233532934131749,0.12148951952508479,124,3,sample_limited,profile_mismatch
588190,银华科创100ETF,新宽基与新风格,unknown,,short_swing_weakening,3,0.0022751957614371536,0.53125,-0.12653061224489792,0.017981385856519445,32,3,hypothesis_only,sample_limited
588190,银华科创100ETF,新宽基与新风格,unknown,,proxy_rank_decline_3d,3,0.011505704410156506,0.7352941176470589,-0.04600638977635774,0.25008926947076343,34,3,hypothesis_only,sample_limited
588190,银华科创100ETF,新宽基与新风格,unknown,,proxy_buy,5,0.015230496738386386,0.7073170731707317,-0.08408728046833414,0.18112723652802562,123,5,sample_limited,profile_mismatch
588190,银华科创100ETF,新宽基与新风格,unknown,,short_swing_weakening,5,0.006210889338374385,0.5,-0.12653061224489792,0.049086060900055635,32,5,hypothesis_only,sample_limited
588190,银华科创100ETF,新宽基与新风格,unknown,,proxy_rank_decline_3d,5,0.018349271325147163,0.7647058823529411,-0.06997084548104959,0.2622416693552281,34,5,hypothesis_only,sample_limited
588190,银华科创100ETF,新宽基与新风格,unknown,,proxy_buy,10,0.02731820591565436,0.6859504132231405,-0.10956036287508719,0.24934387947218287,121,10,sample_limited,profile_mismatch
588190,银华科创100ETF,新宽基与新风格,unknown,,short_swing_weakening,10,0.008989674904116266,0.4666666666666667,-0.13709677419354838,0.0655717463594363,30,10,hypothesis_only,sample_limited
588190,银华科创100ETF,新宽基与新风格,unknown,,proxy_rank_decline_3d,10,0.01630301082096004,0.6470588235294118,-0.12474437627811863,0.13069134904015506,34,10,hypothesis_only,sample_limited
588190,银华科创100ETF,新宽基与新风格,unknown,,proxy_buy,20,0.05101183419129264,0.7117117117117117,-0.1203055378739657,0.42401900272233173,111,20,sample_limited,profile_mismatch
588190,银华科创100ETF,新宽基与新风格,unknown,,short_swing_weakening,20,0.030692107857411666,0.6071428571428571,-0.15748031496062997,0.19489488489456402,28,20,hypothesis_only,sample_limited
588190,银华科创100ETF,新宽基与新风格,unknown,,proxy_rank_decline_3d,20,0.031126941971864313,0.7096774193548387,-0.15748031496062997,0.19765608152133832,31,20,hypothesis_only,sample_limited
588190,银华科创100ETF,新宽基与新风格,unknown,,proxy_buy,30,0.07170722401728614,0.6274509803921569,-0.1203055378739657,0.5960425869373358,102,30,sample_limited,profile_mismatch
588190,银华科创100ETF,新宽基与新风格,unknown,,short_swing_weakening,30,0.06018668353168137,0.5555555555555556,-0.15748031496062997,0.3821854404261766,27,30,hypothesis_only,sample_limited
588190,银华科创100ETF,新宽基与新风格,unknown,,proxy_rank_decline_3d,30,0.05088281777806807,0.6666666666666666,-0.15748031496062997,0.32310589289073216,30,30,hypothesis_only,sample_limited
588190,银华科创100ETF,新宽基与新风格,unknown,,proxy_buy,60,0.12630489075757412,0.7843137254901961,-0.14375436147941378,0.8786160604640959,102,60,sample_limited,profile_mismatch
588190,银华科创100ETF,新宽基与新风格,unknown,,short_swing_weakening,60,0.151758257024218,0.9130434782608695,-0.15748031496062997,0.9636649321037839,23,60,hypothesis_only,sample_limited
588190,银华科创100ETF,新宽基与新风格,unknown,,proxy_rank_decline_3d,60,0.14391290777646365,0.9285714285714286,-0.15748031496062997,0.9138469643805439,28,60,hypothesis_only,sample_limited
588120,国泰科创100ETF,新宽基与新风格,unknown,,proxy_buy,3,0.01046104468756091,0.656,-0.0832095096582467,0.1257193406201516,125,3,sample_limited,profile_mismatch
588120,国泰科创100ETF,新宽基与新风格,unknown,,short_swing_weakening,3,0.0019892601886985477,0.5517241379310345,-0.1328600405679513,0.014972599588219605,29,3,hypothesis_only,sample_limited
588120,国泰科创100ETF,新宽基与新风格,unknown,,proxy_rank_decline_3d,3,0.010513596864693766,0.6666666666666666,-0.04364326375711569,0.24089850207363575,36,3,hypothesis_only,sample_limited
588120,国泰科创100ETF,新宽基与新风格,unknown,,proxy_buy,5,0.015983189395826675,0.717741935483871,-0.08495018353434713,0.18814779122124367,124,5,sample_limited,profile_mismatch
588120,国泰科创100ETF,新宽基与新风格,unknown,,short_swing_weakening,5,0.006966928375021732,0.5172413793103449,-0.1328600405679513,0.052438102120392585,29,5,hypothesis_only,sample_limited
588120,国泰科创100ETF,新宽基与新风格,unknown,,proxy_rank_decline_3d,5,0.019041653676028537,0.75,-0.06854256854256857,0.2778077052102689,36,5,hypothesis_only,sample_limited
588120,国泰科创100ETF,新宽基与新风格,unknown,,proxy_buy,10,0.028759262495994416,0.6885245901639344,-0.10595567867036015,0.2714272878706923,122,10,sample_limited,profile_mismatch
588120,国泰科创100ETF,新宽基与新风格,unknown,,short_swing_weakening,10,0.01472657488481284,0.5185185185185185,-0.14242728184553666,0.10339714901519997,27,10,hypothesis_only,sample_limited
588120,国泰科创100ETF,新宽基与新风格,unknown,,proxy_rank_decline_3d,10,0.015700860481389977,0.6285714285714286,-0.13109756097560976,0.11976470320688168,35,10,hypothesis_only,sample_limited
588120,国泰科创100ETF,新宽基与新风格,unknown,,proxy_buy,20,0.05271380463445594,0.7142857142857143,-0.12437185929648253,0.42384028776794835,112,20,sample_limited,profile_mismatch
588120,国泰科创100ETF,新宽基与新风格,unknown,,short_swing_weakening,20,0.03490113542188201,0.64,-0.16422287390029322,0.21252298533681727,25,20,hypothesis_only,sample_limited
588120,国泰科创100ETF,新宽基与新风格,unknown,,proxy_rank_decline_3d,20,0.032331546120666695,0.7096774193548387,-0.16422287390029322,0.19687602191334544,31,20,hypothesis_only,sample_limited
588120,国泰科创100ETF,新宽基与新风格,unknown,,proxy_buy,30,0.07336790996198816,0.6310679611650486,-0.12437185929648253,0.5899076396943689,103,30,sample_limited,profile_mismatch
588120,国泰科创100ETF,新宽基与新风格,unknown,,short_swing_weakening,30,0.06604408656152043,0.5833333333333334,-0.16422287390029322,0.40216131281211553,24,30,hypothesis_only,sample_limited
588120,国泰科创100ETF,新宽基与新风格,unknown,,proxy_rank_decline_3d,30,0.054271380075841424,0.6666666666666666,-0.16422287390029322,0.3304739393903916,30,30,hypothesis_only,sample_limited
588120,国泰科创100ETF,新宽基与新风格,unknown,,proxy_buy,60,0.12747937409173457,0.7864077669902912,-0.14948139109212943,0.8528109964749095,103,60,sample_limited,profile_mismatch
588120,国泰科创100ETF,新宽基与新风格,unknown,,short_swing_weakening,60,0.15673589331070814,0.9047619047619048,-0.16422287390029322,0.9544096360527051,21,60,hypothesis_only,sample_limited
588120,国泰科创100ETF,新宽基与新风格,unknown,,proxy_rank_decline_3d,60,0.13830833524643835,0.9285714285714286,-0.16422287390029322,0.8421989699827765,28,60,hypothesis_only,sample_limited
588800,华夏科创100ETF,新宽基与新风格,unknown,,proxy_buy,3,0.010486145320831934,0.656,-0.0855614973262031,0.12255682343722338,125,3,sample_limited,profile_mismatch
588800,华夏科创100ETF,新宽基与新风格,unknown,,short_swing_weakening,3,0.002378636636716744,0.6129032258064516,-0.13089005235602091,0.01817278390451593,31,3,hypothesis_only,sample_limited
588800,华夏科创100ETF,新宽基与新风格,unknown,,proxy_rank_decline_3d,3,0.011085870619164455,0.7142857142857143,-0.04339378238341962,0.25547140650731265,28,3,hypothesis_only,sample_limited
588800,华夏科创100ETF,新宽基与新风格,unknown,,proxy_buy,5,0.01606170481412183,0.717741935483871,-0.0855614973262031,0.1877211750150491,124,5,sample_limited,profile_mismatch
588800,华夏科创100ETF,新宽基与新风格,unknown,,short_swing_weakening,5,0.0064047758851947635,0.5161290322580645,-0.13089005235602091,0.048932487762888006,31,5,hypothesis_only,sample_limited
588800,华夏科创100ETF,新宽基与新风格,unknown,,proxy_rank_decline_3d,5,0.021084145246935495,0.7857142857142857,-0.04339378238341962,0.4858794068846038,28,5,hypothesis_only,sample_limited
588800,华夏科创100ETF,新宽基与新风格,unknown,,proxy_buy,10,0.02879527422313299,0.6885245901639344,-0.10833927298645774,0.26578795878326006,122,10,sample_limited,profile_mismatch
588800,华夏科创100ETF,新宽基与新风格,unknown,,short_swing_weakening,10,0.01122574791849812,0.4827586206896552,-0.13900414937759342,0.08075836562262824,29,10,hypothesis_only,sample_limited
588800,华夏科创100ETF,新宽基与新风格,unknown,,proxy_rank_decline_3d,10,0.012110159327756078,0.5925925925925926,-0.12723449001051523,0.0951798472784796,27,10,hypothesis_only,sample_limited
588800,华夏科创100ETF,新宽基与新风格,unknown,,proxy_buy,20,0.053222447675638156,0.7142857142857143,-0.12668810289389054,0.42010612251582446,112,20,sample_limited,profile_mismatch
588800,华夏科创100ETF,新宽基与新风格,unknown,,short_swing_weakening,20,0.033560484497645544,0.5925925925925926,-0.16246215943491427,0.20657416234265047,27,20,hypothesis_only,sample_limited
588800,华夏科创100ETF,新宽基与新风格,unknown,,proxy_rank_decline_3d,20,0.02352733497056443,0.6923076923076923,-0.16246215943491427,0.14481732270701458,26,20,hypothesis_only,sample_limited
588800,华夏科创100ETF,新宽基与新风格,unknown,,proxy_buy,30,0.07454706506723029,0.6310679611650486,-0.12668810289389054,0.5884298790839757,103,30,sample_limited,profile_mismatch
588800,华夏科创100ETF,新宽基与新风格,unknown,,short_swing_weakening,30,0.06457661789717956,0.5769230769230769,-0.16246215943491427,0.3974871325223908,26,30,hypothesis_only,sample_limited
588800,华夏科创100ETF,新宽基与新风格,unknown,,proxy_rank_decline_3d,30,0.04188201529736707,0.64,-0.16246215943491427,0.25779551030863823,25,30,hypothesis_only,sample_limited
588800,华夏科创100ETF,新宽基与新风格,unknown,,proxy_buy,60,0.13037693625977817,0.8058252427184466,-0.14805520702634878,0.8805967643986714,103,60,sample_limited,profile_mismatch
588800,华夏科创100ETF,新宽基与新风格,unknown,,short_swing_weakening,60,0.16014682568933647,0.9090909090909091,-0.16246215943491427,0.9857484736529963,22,60,hypothesis_only,sample_limited
588800,华夏科创100ETF,新宽基与新风格,unknown,,proxy_rank_decline_3d,60,0.13304638900013435,0.9565217391304348,-0.16246215943491427,0.8189377111747398,23,60,hypothesis_only,sample_limited
159593,中证A50ETF,新宽基与新风格,broad_index,20-60,proxy_buy,3,0.0013105645420546258,0.5263157894736842,-0.04825174825174827,0.027160975291856727,114,3,sample_limited,profile_mismatch
159593,中证A50ETF,新宽基与新风格,broad_index,20-60,short_swing_weakening,3,0.0038920340829774218,0.5806451612903226,-0.044742729306487705,0.08698696175454536,31,3,hypothesis_only,sample_limited
159593,中证A50ETF,新宽基与新风格,broad_index,20-60,proxy_rank_decline_3d,3,0.0009144537666991897,0.5172413793103449,-0.029363784665579096,0.031142231054811318,29,3,hypothesis_only,sample_limited
159593,中证A50ETF,新宽基与新风格,broad_index,20-60,proxy_buy,5,0.0021495491483101738,0.584070796460177,-0.04356992269852433,0.04933561996847373,113,5,sample_limited,profile_mismatch
159593,中证A50ETF,新宽基与新风格,broad_index,20-60,short_swing_weakening,5,0.004314650350926238,0.6129032258064516,-0.08072916666666663,0.053445991443731494,31,5,hypothesis_only,sample_limited
159593,中证A50ETF,新宽基与新风格,broad_index,20-60,proxy_rank_decline_3d,5,0.004333886879516134,0.6551724137931034,-0.029363784665579096,0.14759292539685512,29,5,hypothesis_only,sample_limited
159593,中证A50ETF,新宽基与新风格,broad_index,20-60,proxy_buy,10,0.0068822965042352885,0.5688073394495413,-0.047717842323651394,0.1442289963061484,109,10,sample_limited,profile_mismatch
159593,中证A50ETF,新宽基与新风格,broad_index,20-60,short_swing_weakening,10,0.005584443085843116,0.6333333333333333,-0.08072916666666663,0.06917503693431476,30,10,hypothesis_only,sample_limited
159593,中证A50ETF,新宽基与新风格,broad_index,20-60,proxy_rank_decline_3d,10,0.006317011736322023,0.6896551724137931,-0.03618906942392919,0.17455579369346935,29,10,hypothesis_only,sample_limited
159593,中证A50ETF,新宽基与新风格,broad_index,20-60,proxy_buy,20,0.01601044964198243,0.6634615384615384,-0.05670103092783518,0.28236611186768945,104,20,sample_limited,profile_match
159593,中证A50ETF,新宽基与新风格,broad_index,20-60,short_swing_weakening,20,0.011187998181261682,0.5862068965517241,-0.08072916666666663,0.13858681618078994,29,20,hypothesis_only,sample_limited
159593,中证A50ETF,新宽基与新风格,broad_index,20-60,proxy_rank_decline_3d,20,0.031208657113115896,0.8076923076923077,-0.041884816753926746,0.7451066885756412,26,20,hypothesis_only,sample_limited
159593,中证A50ETF,新宽基与新风格,broad_index,20-60,proxy_buy,30,0.02666290412730407,0.6702127659574468,-0.05670103092783518,0.47023667279063436,94,30,sample_limited,profile_match
159593,中证A50ETF,新宽基与新风格,broad_index,20-60,short_swing_weakening,30,0.01687314984463773,0.6071428571428571,-0.08072916666666663,0.20900934001099647,28,30,hypothesis_only,sample_limited
159593,中证A50ETF,新宽基与新风格,broad_index,20-60,proxy_rank_decline_3d,30,0.03630958720644591,0.8076923076923077,-0.053914327917282234,0.6734682339387352,26,30,hypothesis_only,sample_limited
159593,中证A50ETF,新宽基与新风格,broad_index,20-60,proxy_buy,60,0.05353303954794484,0.8043478260869565,-0.08040201005025127,0.6658171793775638,92,60,sample_limited,profile_match
159593,中证A50ETF,新宽基与新风格,broad_index,20-60,short_swing_weakening,60,0.04769824057629964,0.8076923076923077,-0.08072916666666663,0.5908427219773894,26,60,hypothesis_only,sample_limited
159593,中证A50ETF,新宽基与新风格,broad_index,20-60,proxy_rank_decline_3d,60,0.063130760152739,1.0,-0.05670103092783518,1.1133970426937578,23,60,hypothesis_only,sample_limited
562500,机器人ETF华夏,科技与新质生产力,hot_theme,3-10,proxy_buy,3,0.004241439838734301,0.6097560975609756,-0.09262589928057574,0.045791078647306145,82,3,sample_limited,profile_match
562500,机器人ETF华夏,科技与新质生产力,hot_theme,3-10,short_swing_weakening,3,-0.0018086577903500334,0.41379310344827586,-0.06139534883720932,0.02945919885797402,29,3,hypothesis_only,sample_limited
562500,机器人ETF华夏,科技与新质生产力,hot_theme,3-10,proxy_rank_decline_3d,3,-0.0017305831226509024,0.5238095238095238,-0.1661129568106312,0.010418110398358434,42,3,sample_limited,profile_match
562500,机器人ETF华夏,科技与新质生产力,hot_theme,3-10,proxy_buy,5,0.006124637572608108,0.6341463414634146,-0.09374999999999989,0.06532946744115323,82,5,sample_limited,profile_match
562500,机器人ETF华夏,科技与新质生产力,hot_theme,3-10,short_swing_weakening,5,-0.0006100408657607403,0.4482758620689655,-0.09116279069767441,0.006691774802987713,29,5,hypothesis_only,sample_limited
562500,机器人ETF华夏,科技与新质生产力,hot_theme,3-10,proxy_rank_decline_3d,5,0.004046736587685874,0.5476190476190477,-0.1661129568106312,0.024361354257868967,42,5,sample_limited,profile_match
562500,机器人ETF华夏,科技与新质生产力,hot_theme,3-10,proxy_buy,10,0.010364572763517304,0.6,-0.12140287769784186,0.08537336972615725,80,10,sample_limited,profile_match
562500,机器人ETF华夏,科技与新质生产力,hot_theme,3-10,short_swing_weakening,10,0.007977052265853503,0.4642857142857143,-0.1560509554140127,0.051118253295469394,28,10,hypothesis_only,sample_limited
562500,机器人ETF华夏,科技与新质生产力,hot_theme,3-10,proxy_rank_decline_3d,10,0.012174093957252382,0.5263157894736842,-0.1797385620915033,0.06773223183489506,38,10,hypothesis_only,sample_limited
562500,机器人ETF华夏,科技与新质生产力,hot_theme,3-10,proxy_buy,20,0.026336444912724778,0.5428571428571428,-0.12140287769784186,0.21693427216999941,70,20,sample_limited,profile_mismatch
562500,机器人ETF华夏,科技与新质生产力,hot_theme,3-10,short_swing_weakening,20,0.010131244517829615,0.4642857142857143,-0.20653319283456262,0.04905383187459341,28,20,hypothesis_only,sample_limited
562500,机器人ETF华夏,科技与新质生产力,hot_theme,3-10,proxy_rank_decline_3d,20,0.016177695395409725,0.5263157894736842,-0.20653319283456262,0.07832975984818283,38,20,hypothesis_only,sample_limited
562500,机器人ETF华夏,科技与新质生产力,hot_theme,3-10,proxy_buy,30,0.013189137165721631,0.4626865671641791,-0.15017985611510798,0.08782227861246975,67,30,sample_limited,profile_mismatch
562500,机器人ETF华夏,科技与新质生产力,hot_theme,3-10,short_swing_weakening,30,0.021592178435877258,0.5,-0.20653319283456262,0.10454580273289554,26,30,hypothesis_only,sample_limited
562500,机器人ETF华夏,科技与新质生产力,hot_theme,3-10,proxy_rank_decline_3d,30,0.036874595992339956,0.5789473684210527,-0.20653319283456262,0.1785407734527073,38,30,hypothesis_only,sample_limited
562500,机器人ETF华夏,科技与新质生产力,hot_theme,3-10,proxy_buy,60,-0.023193691903992408,0.29850746268656714,-0.195575221238938,0.11859218032358113,67,60,sample_limited,profile_mismatch
562500,机器人ETF华夏,科技与新质生产力,hot_theme,3-10,short_swing_weakening,60,0.03219531802455327,0.5652173913043478,-0.20653319283456262,0.155884473496434,23,60,hypothesis_only,sample_limited
562500,机器人ETF华夏,科技与新质生产力,hot_theme,3-10,proxy_rank_decline_3d,60,0.07453137704437209,0.7647058823529411,-0.20653319283456262,0.3608687592607609,34,60,hypothesis_only,sample_limited
159770,机器人ETF,科技与新质生产力,hot_theme,3-10,proxy_buy,3,0.004063562732547925,0.5802469135802469,-0.09201388888888884,0.04416249309335105,81,3,sample_limited,profile_match
159770,机器人ETF,科技与新质生产力,hot_theme,3-10,short_swing_weakening,3,9.16787458366237e-05,0.41935483870967744,-0.06272401433691766,0.0014616211479095986,31,3,hypothesis_only,sample_limited
159770,机器人ETF,科技与新质生产力,hot_theme,3-10,proxy_rank_decline_3d,3,-0.002490959725028041,0.525,-0.16291532690246513,0.015289904101652388,40,3,sample_limited,profile_match
159770,机器人ETF,科技与新质生产力,hot_theme,3-10,proxy_buy,5,0.00567991144097477,0.6419753086419753,-0.09229390681003602,0.06154156473910516,81,5,sample_limited,profile_match
159770,机器人ETF,科技与新质生产力,hot_theme,3-10,short_swing_weakening,5,0.002766015217732955,0.4838709677419355,-0.09229390681003602,0.029969640611553126,31,5,hypothesis_only,sample_limited
159770,机器人ETF,科技与新质生产力,hot_theme,3-10,proxy_rank_decline_3d,5,0.0030792713893411706,0.525,-0.16291532690246513,0.018901053988521793,40,5,sample_limited,profile_match
159770,机器人ETF,科技与新质生产力,hot_theme,3-10,proxy_buy,10,0.009902091958805507,0.5822784810126582,-0.12065972222222221,0.08206625853628738,79,10,sample_limited,profile_match
159770,机器人ETF,科技与新质生产力,hot_theme,3-10,short_swing_weakening,10,0.008746938599442432,0.5,-0.15676229508196726,0.05579746452977655,30,10,hypothesis_only,sample_limited
159770,机器人ETF,科技与新质生产力,hot_theme,3-10,proxy_rank_decline_3d,10,0.009997247865752675,0.5555555555555556,-0.17875920084121966,0.055925780707828235,36,10,hypothesis_only,sample_limited
159770,机器人ETF,科技与新质生产力,hot_theme,3-10,proxy_buy,20,0.027070942048469826,0.5652173913043478,-0.12065972222222221,0.22435773553839744,69,20,sample_limited,profile_mismatch
159770,机器人ETF,科技与新质生产力,hot_theme,3-10,short_swing_weakening,20,0.007510953892405414,0.4666666666666667,-0.2046843177189409,0.03669530707632895,30,20,hypothesis_only,sample_limited
159770,机器人ETF,科技与新质生产力,hot_theme,3-10,proxy_rank_decline_3d,20,0.014736934163097447,0.5,-0.2046843177189409,0.07199835496597858,36,20,hypothesis_only,sample_limited
159770,机器人ETF,科技与新质生产力,hot_theme,3-10,proxy_buy,30,0.013550503039774356,0.4696969696969697,-0.14930555555555547,0.09075685756872132,66,30,sample_limited,profile_mismatch
159770,机器人ETF,科技与新质生产力,hot_theme,3-10,short_swing_weakening,30,0.016676979709028678,0.5,-0.2046843177189409,0.08147658743416002,28,30,hypothesis_only,sample_limited
159770,机器人ETF,科技与新质生产力,hot_theme,3-10,proxy_rank_decline_3d,30,0.03765529949304275,0.5833333333333334,-0.2046843177189409,0.18396768210033823,36,30,hypothesis_only,sample_limited
159770,机器人ETF,科技与新质生产力,hot_theme,3-10,proxy_buy,60,-0.02288172230282183,0.30303030303030304,-0.19691780821917804,0.11619935499867784,66,60,sample_limited,profile_mismatch
159770,机器人ETF,科技与新质生产力,hot_theme,3-10,short_swing_weakening,60,0.04940086912430125,0.6,-0.2046843177189409,0.24135150985106385,25,60,hypothesis_only,sample_limited
159770,机器人ETF,科技与新质生产力,hot_theme,3-10,proxy_rank_decline_3d,60,0.07060917557041896,0.75,-0.2046843177189409,0.34496622094602697,32,60,hypothesis_only,sample_limited
515120,广发创新药ETF,医药与消费升级,theme,5-20,proxy_buy,3,0.00395423558473111,0.5147058823529411,-0.05120000000000002,0.07723116376427946,68,3,sample_limited,profile_mismatch
515120,广发创新药ETF,医药与消费升级,theme,5-20,short_swing_weakening,3,0.0015841326442436188,0.5277777777777778,-0.058430717863105275,0.027111298682912174,36,3,hypothesis_only,sample_limited
515120,广发创新药ETF,医药与消费升级,theme,5-20,proxy_rank_decline_3d,3,0.01304791058218306,0.7142857142857143,-0.03284671532846717,0.39723638883535073,28,3,hypothesis_only,sample_limited
515120,广发创新药ETF,医药与消费升级,theme,5-20,proxy_buy,5,0.0070370711574706995,0.5441176470588235,-0.07200000000000006,0.09773709940931519,68,5,sample_limited,profile_match
515120,广发创新药ETF,医药与消费升级,theme,5-20,short_swing_weakening,5,-0.0006618186979325011,0.5,-0.06776859504132238,0.009765861274369824,36,5,hypothesis_only,sample_limited
515120,广发创新药ETF,医药与消费升级,theme,5-20,proxy_rank_decline_3d,5,0.02522876293056281,0.7307692307692307,-0.0273141122913505,0.9236530428467172,26,5,hypothesis_only,sample_limited
515120,广发创新药ETF,医药与消费升级,theme,5-20,proxy_buy,10,0.014970531297196816,0.5735294117647058,-0.07200000000000006,0.20792404579440005,68,10,sample_limited,profile_match
515120,广发创新药ETF,医药与消费升级,theme,5-20,short_swing_weakening,10,0.0023171406961324556,0.4444444444444444,-0.07717041800643099,0.030026281520716357,36,10,hypothesis_only,sample_limited
515120,广发创新药ETF,医药与消费升级,theme,5-20,proxy_rank_decline_3d,10,0.017139279484973333,0.6153846153846154,-0.0618729096989965,0.2770078143787589,26,10,hypothesis_only,sample_limited
515120,广发创新药ETF,医药与消费升级,theme,5-20,proxy_buy,20,0.01980816570845434,0.6029411764705882,-0.12005277044854878,0.1649954901869054,68,20,sample_limited,profile_match
515120,广发创新药ETF,医药与消费升级,theme,5-20,short_swing_weakening,20,0.004456963640799489,0.45714285714285713,-0.12297734627831713,0.03624215171071164,35,20,hypothesis_only,sample_limited
515120,广发创新药ETF,医药与消费升级,theme,5-20,proxy_rank_decline_3d,20,0.04600007706924899,0.7916666666666666,-0.09497964721845309,0.48431509714337917,24,20,hypothesis_only,sample_limited
515120,广发创新药ETF,医药与消费升级,theme,5-20,proxy_buy,30,0.02962721662048127,0.6764705882352942,-0.1573926868044515,0.18823756822507795,68,30,sample_limited,profile_mismatch
515120,广发创新药ETF,医药与消费升级,theme,5-20,short_swing_weakening,30,0.008571242084246459,0.5454545454545454,-0.1383647798742138,0.06194670415432669,33,30,hypothesis_only,sample_limited
515120,广发创新药ETF,医药与消费升级,theme,5-20,proxy_rank_decline_3d,30,0.062496617102121475,0.75,-0.1109399075500771,0.5633375624899558,24,30,hypothesis_only,sample_limited
515120,广发创新药ETF,医药与消费升级,theme,5-20,proxy_buy,60,0.01637922830507329,0.4153846153846154,-0.15435356200527706,0.10611500047218421,65,60,sample_limited,profile_mismatch
515120,广发创新药ETF,医药与消费升级,theme,5-20,short_swing_weakening,60,0.03156344332982058,0.39285714285714285,-0.14932126696832593,0.21137942351182853,28,60,hypothesis_only,sample_limited
515120,广发创新药ETF,医药与消费升级,theme,5-20,proxy_rank_decline_3d,60,0.07704321913166788,0.5454545454545454,-0.13097072419106326,0.5882476378406167,22,60,hypothesis_only,sample_limited
516080,易方达创新药ETF,医药与消费升级,theme,5-20,proxy_buy,3,0.004238003786419035,0.4852941176470588,-0.05076923076923079,0.08347583215673852,68,3,sample_limited,profile_mismatch
516080,易方达创新药ETF,医药与消费升级,theme,5-20,short_swing_weakening,3,4.1660048252386716e-05,0.5142857142857142,-0.058544303797468444,0.0007115986620407666,35,3,hypothesis_only,sample_limited
516080,易方达创新药ETF,医药与消费升级,theme,5-20,proxy_rank_decline_3d,3,0.012921227341100303,0.6774193548387096,-0.039531478770131856,0.3268591953322773,31,3,hypothesis_only,sample_limited
516080,易方达创新药ETF,医药与消费升级,theme,5-20,proxy_buy,5,0.0075293111510767305,0.5441176470588235,-0.0707692307692308,0.1063924401782581,68,5,sample_limited,profile_match
516080,易方达创新药ETF,医药与消费升级,theme,5-20,short_swing_weakening,5,-0.0007676993623086809,0.45714285714285713,-0.06739811912225713,0.011390516119835764,35,5,hypothesis_only,sample_limited
516080,易方达创新药ETF,医药与消费升级,theme,5-20,proxy_rank_decline_3d,5,0.02479868463809583,0.7241379310344828,-0.039531478770131856,0.627314874363682,29,5,hypothesis_only,sample_limited
516080,易方达创新药ETF,医药与消费升级,theme,5-20,proxy_buy,10,0.015603841416687173,0.5882352941176471,-0.0707692307692308,0.22048906349666644,68,10,sample_limited,profile_match
516080,易方达创新药ETF,医药与消费升级,theme,5-20,short_swing_weakening,10,-0.0008984910907330906,0.42857142857142855,-0.0773899848254932,0.011609914290060912,35,10,hypothesis_only,sample_limited
516080,易方达创新药ETF,医药与消费升级,theme,5-20,proxy_rank_decline_3d,10,0.017614613105677163,0.5862068965517241,-0.06141732283464574,0.2868020339001278,29,10,hypothesis_only,sample_limited
516080,易方达创新药ETF,医药与消费升级,theme,5-20,proxy_buy,20,0.021294237537390046,0.6029411764705882,-0.1163084702907713,0.18308415100082076,68,20,sample_limited,profile_match
516080,易方达创新药ETF,医药与消费升级,theme,5-20,short_swing_weakening,20,0.002435074388661604,0.4411764705882353,-0.12195121951219523,0.019967609987025136,34,20,hypothesis_only,sample_limited
516080,易方达创新药ETF,医药与消费升级,theme,5-20,proxy_rank_decline_3d,20,0.04292293233207612,0.8148148148148148,-0.0922077922077923,0.4655022238830786,27,20,hypothesis_only,sample_limited
516080,易方达创新药ETF,医药与消费升级,theme,5-20,proxy_buy,30,0.03169355826625315,0.6764705882352942,-0.15488721804511274,0.20462345870930437,68,30,sample_limited,profile_mismatch
516080,易方达创新药ETF,医药与消费升级,theme,5-20,short_swing_weakening,30,0.00647794922797619,0.5,-0.1311475409836067,0.04939436286331839,32,30,hypothesis_only,sample_limited
516080,易方达创新药ETF,医药与消费升级,theme,5-20,proxy_rank_decline_3d,30,0.054181828015111226,0.7407407407407407,-0.10688140556368975,0.5069340895112454,27,30,hypothesis_only,sample_limited
516080,易方达创新药ETF,医药与消费升级,theme,5-20,proxy_buy,60,0.021028450064585067,0.4461538461538462,-0.1504424778761062,0.1397773445469478,65,60,sample_limited,profile_mismatch
516080,易方达创新药ETF,医药与消费升级,theme,5-20,short_swing_weakening,60,0.02951784959075347,0.37037037037037035,-0.14511494252873558,0.2034101318333111,27,60,hypothesis_only,sample_limited
516080,易方达创新药ETF,医药与消费升级,theme,5-20,proxy_rank_decline_3d,60,0.07342326754546838,0.52,-0.12884333821376293,0.5698646787903962,25,60,hypothesis_only,sample_limited
159992,银华创新药ETF,医药与消费升级,theme,5-20,proxy_buy,3,0.002998166519999933,0.5606060606060606,-0.053763440860215006,0.0557658972719988,66,3,sample_limited,profile_mismatch
159992,银华创新药ETF,医药与消费升级,theme,5-20,short_swing_weakening,3,0.0007104730529938609,0.5,-0.05632040050062581,0.012614843763157657,36,3,hypothesis_only,sample_limited
159992,银华创新药ETF,医药与消费升级,theme,5-20,proxy_rank_decline_3d,3,0.010000341682620525,0.6451612903225806,-0.05632040050062581,0.17756162232030656,31,3,hypothesis_only,sample_limited
159992,银华创新药ETF,医药与消费升级,theme,5-20,proxy_buy,5,0.006519095926354174,0.5606060606060606,-0.07407407407407396,0.08800779500578149,66,5,sample_limited,profile_match
159992,银华创新药ETF,医药与消费升级,theme,5-20,short_swing_weakening,5,-0.0002760828915978773,0.4444444444444444,-0.06683168316831689,0.004131018081686753,36,5,hypothesis_only,sample_limited
159992,银华创新药ETF,医药与消费升级,theme,5-20,proxy_rank_decline_3d,5,0.021821674279024345,0.6551724137931034,-0.05632040050062581,0.3874559499764543,29,5,hypothesis_only,sample_limited
159992,银华创新药ETF,医药与消费升级,theme,5-20,proxy_buy,10,0.014023384518279919,0.5606060606060606,-0.07407407407407396,0.1893156909967792,66,10,sample_limited,profile_match
159992,银华创新药ETF,医药与消费升级,theme,5-20,short_swing_weakening,10,-3.1896998072476914e-05,0.4444444444444444,-0.07599517490952945,0.00041972399050926027,36,10,hypothesis_only,sample_limited
159992,银华创新药ETF,医药与消费升级,theme,5-20,proxy_rank_decline_3d,10,0.022516932217897342,0.6551724137931034,-0.061403508771929904,0.3667043246914705,29,10,hypothesis_only,sample_limited
159992,银华创新药ETF,医药与消费升级,theme,5-20,proxy_buy,20,0.02025711235517724,0.6060606060606061,-0.11496531219028727,0.1762019514342574,66,20,sample_limited,profile_match
159992,银华创新药ETF,医药与消费升级,theme,5-20,short_swing_weakening,20,0.0016010029746923607,0.4,-0.12242424242424244,0.01307749954575443,35,20,hypothesis_only,sample_limited
159992,银华创新药ETF,医药与消费升级,theme,5-20,proxy_rank_decline_3d,20,0.04589579930569475,0.7777777777777778,-0.09155645981688709,0.5012841190833104,27,20,hypothesis_only,sample_limited
159992,银华创新药ETF,医药与消费升级,theme,5-20,proxy_buy,30,0.03245723989200315,0.696969696969697,-0.14014251781472686,0.23160166092429363,66,30,sample_limited,profile_mismatch
159992,银华创新药ETF,医药与消费升级,theme,5-20,short_swing_weakening,30,0.007877883910587986,0.5454545454545454,-0.13561320754716977,0.05809083092329229,33,30,hypothesis_only,sample_limited
159992,银华创新药ETF,医药与消费升级,theme,5-20,proxy_rank_decline_3d,30,0.05809394700280541,0.7407407407407407,-0.10763888888888884,0.5397115076389666,27,30,hypothesis_only,sample_limited
159992,银华创新药ETF,医药与消费升级,theme,5-20,proxy_buy,60,0.016576448105137587,0.4375,-0.15228426395939088,0.1088520092237368,64,60,sample_limited,profile_mismatch
159992,银华创新药ETF,医药与消费升级,theme,5-20,short_swing_weakening,60,0.0206099177359392,0.35714285714285715,-0.14512471655328796,0.14201521439920609,28,60,hypothesis_only,sample_limited
159992,银华创新药ETF,医药与消费升级,theme,5-20,proxy_rank_decline_3d,60,0.07088571649636152,0.5217391304347826,-0.12919633774160733,0.5486666087867983,23,60,hypothesis_only,sample_limited
159858,南方创新药ETF,医药与消费升级,theme,5-20,proxy_buy,3,0.0042048611570235095,0.5294117647058824,-0.051515151515151514,0.0816237754010446,68,3,sample_limited,profile_mismatch
159858,南方创新药ETF,医药与消费升级,theme,5-20,short_swing_weakening,3,0.00198905705325669,0.5135135135135135,-0.05580693815987936,0.0356417520624104,37,3,hypothesis_only,sample_limited
159858,南方创新药ETF,医药与消费升级,theme,5-20,proxy_rank_decline_3d,3,0.011025762160828626,0.696969696969697,-0.03583617747440282,0.30767126791645516,33,3,hypothesis_only,sample_limited
159858,南方创新药ETF,医药与消费升级,theme,5-20,proxy_buy,5,0.0074396465880874965,0.5735294117647058,-0.07121212121212128,0.10447163293910092,68,5,sample_limited,profile_match
159858,南方创新药ETF,医药与消费升级,theme,5-20,short_swing_weakening,5,0.0005866643324653596,0.4864864864864865,-0.06562500000000004,0.008939646970900711,37,5,hypothesis_only,sample_limited
159858,南方创新药ETF,医药与消费升级,theme,5-20,proxy_rank_decline_3d,5,0.017659218208900724,0.6451612903225806,-0.05936073059360736,0.2974899067499427,31,5,hypothesis_only,sample_limited
159858,南方创新药ETF,医药与消费升级,theme,5-20,proxy_buy,10,0.015406490623485128,0.5882352941176471,-0.07272727272727275,0.21183924607292046,68,10,sample_limited,profile_match
159858,南方创新药ETF,医药与消费升级,theme,5-20,short_swing_weakening,10,0.0038088150292496523,0.4594594594594595,-0.07715582450832081,0.049365230084980734,37,10,hypothesis_only,sample_limited
159858,南方创新药ETF,医药与消费升级,theme,5-20,proxy_rank_decline_3d,10,0.011996270397542324,0.6129032258064516,-0.07153729071537296,0.16769254576990003,31,10,hypothesis_only,sample_limited
159858,南方创新药ETF,医药与消费升级,theme,5-20,proxy_buy,20,0.020376755315387855,0.6029411764705882,-0.11403508771929838,0.1786884696887856,68,20,sample_limited,profile_match
159858,南方创新药ETF,医药与消费升级,theme,5-20,short_swing_weakening,20,0.005463014895290037,0.4444444444444444,-0.12291350531107748,0.04444601007402632,36,20,hypothesis_only,sample_limited
159858,南方创新药ETF,医药与消费升级,theme,5-20,proxy_rank_decline_3d,20,0.028627657593168904,0.6428571428571429,-0.12143928035982021,0.23573639030424245,28,20,hypothesis_only,sample_limited
159858,南方创新药ETF,医药与消费升级,theme,5-20,proxy_buy,30,0.03053443257372987,0.6764705882352942,-0.15292353823088467,0.19967124045762558,68,30,sample_limited,profile_mismatch
159858,南方创新药ETF,医药与消费升级,theme,5-20,short_swing_weakening,30,0.01130720043843219,0.5294117647058824,-0.13056379821958464,0.08660287608526468,34,30,hypothesis_only,sample_limited
159858,南方创新药ETF,医药与消费升级,theme,5-20,proxy_rank_decline_3d,30,0.0565798662713286,0.7037037037037037,-0.1094890510948906,0.5167627786114675,27,30,hypothesis_only,sample_limited
159858,南方创新药ETF,医药与消费升级,theme,5-20,proxy_buy,60,0.018099408009648967,0.46153846153846156,-0.15345268542199486,0.11794780886287912,65,60,sample_limited,profile_mismatch
159858,南方创新药ETF,医药与消费升级,theme,5-20,short_swing_weakening,60,0.02780034073705248,0.3793103448275862,-0.14571428571428569,0.19078665211702686,29,60,hypothesis_only,sample_limited
159858,南方创新药ETF,医药与消费升级,theme,5-20,proxy_rank_decline_3d,60,0.06333550796314817,0.48,-0.1299871299871299,0.48724445235015995,25,60,hypothesis_only,sample_limited
159835,建信创新药ETF,医药与消费升级,theme,5-20,proxy_buy,3,0.0032877818304267088,0.5,-0.04930662557781207,0.06668032524834162,66,3,sample_limited,profile_mismatch
159835,建信创新药ETF,医药与消费升级,theme,5-20,short_swing_weakening,3,-0.0004505809323675256,0.5,-0.057187017001545604,0.007879077384913216,36,3,hypothesis_only,sample_limited
159835,建信创新药ETF,医药与消费升级,theme,5-20,proxy_rank_decline_3d,3,0.014647946055738893,0.696969696969697,-0.038461538461538325,0.38084659744921256,33,3,hypothesis_only,sample_limited
159835,建信创新药ETF,医药与消费升级,theme,5-20,proxy_buy,5,0.0069415662293272696,0.5606060606060606,-0.0739599383667181,0.09385576005902903,66,5,sample_limited,profile_match
159835,建信创新药ETF,医药与消费升级,theme,5-20,short_swing_weakening,5,-0.003379082836254682,0.4722222222222222,-0.0652866242038217,0.05175765905287656,36,5,hypothesis_only,sample_limited
159835,建信创新药ETF,医药与消费升级,theme,5-20,proxy_rank_decline_3d,5,0.02458040343717819,0.6774193548387096,-0.026755852842809347,0.9186925784645354,31,5,hypothesis_only,sample_limited
159835,建信创新药ETF,医药与消费升级,theme,5-20,proxy_buy,10,0.014668488985002589,0.5606060606060606,-0.0739599383667181,0.19833019481805564,66,10,sample_limited,profile_match
159835,建信创新药ETF,医药与消费升级,theme,5-20,short_swing_weakening,10,-0.0014807263786839454,0.4166666666666667,-0.07727975270479137,0.019160599340170247,36,10,hypothesis_only,sample_limited
159835,建信创新药ETF,医药与消费升级,theme,5-20,proxy_rank_decline_3d,10,0.02381937769380412,0.6774193548387096,-0.08026755852842793,0.29674974710197694,31,10,hypothesis_only,sample_limited
159835,建信创新药ETF,医药与消费升级,theme,5-20,proxy_buy,20,0.0213023094194856,0.6060606060606061,-0.11111111111111116,0.19172078477537033,66,20,sample_limited,profile_match
159835,建信创新药ETF,医药与消费升级,theme,5-20,short_swing_weakening,20,-0.0005804877542378176,0.42857142857142855,-0.12577639751552805,0.004615235971964867,35,20,hypothesis_only,sample_limited
159835,建信创新药ETF,医药与消费升级,theme,5-20,proxy_rank_decline_3d,20,0.045999597853097415,0.8214285714285714,-0.08900523560209428,0.5168190111730354,28,20,hypothesis_only,sample_limited
159835,建信创新药ETF,医药与消费升级,theme,5-20,proxy_buy,30,0.033032895335900106,0.696969696969697,-0.14003044140030452,0.23589795908354733,66,30,sample_limited,profile_mismatch
159835,建信创新药ETF,医药与消费升级,theme,5-20,short_swing_weakening,30,0.004827319087881301,0.5454545454545454,-0.13464447806354018,0.035852336147073456,33,30,hypothesis_only,sample_limited
159835,建信创新药ETF,医药与消费升级,theme,5-20,proxy_rank_decline_3d,30,0.06062424193558123,0.75,-0.1071428571428572,0.5658262580654245,28,30,hypothesis_only,sample_limited
159835,建信创新药ETF,医药与消费升级,theme,5-20,proxy_buy,60,0.017102732527103044,0.421875,-0.15494791666666663,0.11037729899844656,64,60,sample_limited,profile_mismatch
159835,建信创新药ETF,医药与消费升级,theme,5-20,short_swing_weakening,60,0.018558593569443026,0.35714285714285715,-0.14680232558139528,0.12641893441363175,28,60,hypothesis_only,sample_limited
159835,建信创新药ETF,医药与消费升级,theme,5-20,proxy_rank_decline_3d,60,0.07580682898304776,0.5384615384615384,-0.12958115183246066,0.5850143165964498,26,60,hypothesis_only,sample_limited
513120,港股创新药ETF,医药与消费升级,qdii,10-45,proxy_buy,3,0.011759503377343522,0.5866666666666667,-0.08401305057096242,0.13997234117109872,75,3,sample_limited,profile_mismatch
513120,港股创新药ETF,医药与消费升级,qdii,10-45,short_swing_weakening,3,-0.00504381394340098,0.36666666666666664,-0.08108108108108103,0.062207038635278794,30,3,hypothesis_only,sample_limited
513120,港股创新药ETF,医药与消费升级,qdii,10-45,proxy_rank_decline_3d,3,0.021117883721427134,0.6521739130434783,-0.08108108108108103,0.2604538992309348,46,3,sample_limited,profile_mismatch
513120,港股创新药ETF,医药与消费升级,qdii,10-45,proxy_buy,5,0.01994160249415723,0.6266666666666667,-0.10766721044045668,0.1852151868017938,75,5,sample_limited,profile_mismatch
513120,港股创新药ETF,医药与消费升级,qdii,10-45,short_swing_weakening,5,0.007064712914847297,0.5,-0.09568627450980383,0.07383204070844518,30,5,hypothesis_only,sample_limited
513120,港股创新药ETF,医药与消费升级,qdii,10-45,proxy_rank_decline_3d,5,0.03219823500080732,0.5681818181818182,-0.08108108108108103,0.3971115650099572,44,5,sample_limited,profile_mismatch
513120,港股创新药ETF,医药与消费升级,qdii,10-45,proxy_buy,10,0.037970094515766196,0.6933333333333334,-0.10766721044045668,0.35266163542673784,75,10,sample_limited,profile_match
513120,港股创新药ETF,医药与消费升级,qdii,10-45,short_swing_weakening,10,0.0065896577069645395,0.43333333333333335,-0.11764705882352933,0.05601209050919863,30,10,hypothesis_only,sample_limited
513120,港股创新药ETF,医药与消费升级,qdii,10-45,proxy_rank_decline_3d,10,0.0525480284024571,0.6818181818181818,-0.12451361867704269,0.42202635310723396,44,10,sample_limited,profile_match
513120,港股创新药ETF,医药与消费升级,qdii,10-45,proxy_buy,20,0.06844526980508013,0.7333333333333333,-0.14492753623188404,0.472272361655053,75,20,sample_limited,profile_match
513120,港股创新药ETF,医药与消费升级,qdii,10-45,short_swing_weakening,20,0.010342132881560339,0.5,-0.16065573770491803,0.06437450058930415,30,20,hypothesis_only,sample_limited
513120,港股创新药ETF,医药与消费升级,qdii,10-45,proxy_rank_decline_3d,20,0.08377182224737634,0.7857142857142857,-0.14163424124513613,0.591465887845487,42,20,sample_limited,profile_match
513120,港股创新药ETF,医药与消费升级,qdii,10-45,proxy_buy,30,0.09194888027304401,0.7333333333333333,-0.2320872274143303,0.39618242372680695,75,30,sample_limited,profile_match
513120,港股创新药ETF,医药与消费升级,qdii,10-45,short_swing_weakening,30,0.019241019606015087,0.5714285714285714,-0.2320872274143303,0.08290425897356833,28,30,hypothesis_only,sample_limited
513120,港股创新药ETF,医药与消费升级,qdii,10-45,proxy_rank_decline_3d,30,0.09978297038144374,0.7619047619047619,-0.15982028241335056,0.6243448508204387,42,30,sample_limited,profile_match
513120,港股创新药ETF,医药与消费升级,qdii,10-45,proxy_buy,60,0.0935338545509874,0.5,-0.17992424242424254,0.5198513179254874,72,60,sample_limited,profile_mismatch
513120,港股创新药ETF,医药与消费升级,qdii,10-45,short_swing_weakening,60,0.09494180193438116,0.34782608695652173,-0.18775510204081636,0.5056682929113778,23,60,hypothesis_only,sample_limited
513120,港股创新药ETF,医药与消费升级,qdii,10-45,proxy_rank_decline_3d,60,0.16188295986409426,0.47368421052631576,-0.19255874673629236,0.8406938797009915,38,60,hypothesis_only,sample_limited
520550,港股红利低波ETF,防御、红利、质量,qdii,10-45,proxy_buy,3,0.004045941991841983,0.5764705882352941,-0.02779984114376488,0.1455383133636874,85,3,sample_limited,profile_mismatch
520550,港股红利低波ETF,防御、红利、质量,qdii,10-45,short_swing_weakening,3,0.0014666099573907854,0.6,-0.07767944936086524,0.018880282616030756,25,3,hypothesis_only,sample_limited
520550,港股红利低波ETF,防御、红利、质量,qdii,10-45,proxy_rank_decline_3d,3,-0.0008516370803207436,0.4318181818181818,-0.02779984114376488,0.030634602403537617,44,3,sample_limited,profile_mismatch
520550,港股红利低波ETF,防御、红利、质量,qdii,10-45,proxy_buy,5,0.006104275185032664,0.6235294117647059,-0.029341792228390062,0.20804029752233016,85,5,sample_limited,profile_mismatch
520550,港股红利低波ETF,防御、红利、质量,qdii,10-45,short_swing_weakening,5,0.0025066172864077973,0.56,-0.07767944936086524,0.032268731395907996,25,5,hypothesis_only,sample_limited
520550,港股红利低波ETF,防御、红利、质量,qdii,10-45,proxy_rank_decline_3d,5,-0.0021006875459850098,0.38636363636363635,-0.043089430894308944,0.0487518053124823,44,5,sample_limited,profile_mismatch
520550,港股红利低波ETF,防御、红利、质量,qdii,10-45,proxy_buy,10,0.008236284770611835,0.5647058823529412,-0.038992688870836734,0.2112263865129826,85,10,sample_limited,profile_match
520550,港股红利低波ETF,防御、红利、质量,qdii,10-45,short_swing_weakening,10,-0.0024761954903789805,0.48,-0.08398437500000011,0.029484002118000844,25,10,hypothesis_only,sample_limited
520550,港股红利低波ETF,防御、红利、质量,qdii,10-45,proxy_rank_decline_3d,10,-0.012837244242417521,0.30952380952380953,-0.08666017526777015,0.1481331442355371,42,10,sample_limited,profile_match
520550,港股红利低波ETF,防御、红利、质量,qdii,10-45,proxy_buy,20,0.005695509155472138,0.49411764705882355,-0.0705229793977813,0.08076103993489707,85,20,sample_limited,profile_match
520550,港股红利低波ETF,防御、红利、质量,qdii,10-45,short_swing_weakening,20,-0.002041373364161006,0.375,-0.08398437500000011,0.0243065851732659,24,20,hypothesis_only,sample_limited
520550,港股红利低波ETF,防御、红利、质量,qdii,10-45,proxy_rank_decline_3d,20,-0.01101813288846932,0.21621621621621623,-0.08666017526777015,0.12714182557817977,37,20,hypothesis_only,sample_limited
520550,港股红利低波ETF,防御、红利、质量,qdii,10-45,proxy_buy,30,0.0031050492599718907,0.4235294117647059,-0.07125890736342033,0.04357419128160559,85,30,sample_limited,profile_match
520550,港股红利低波ETF,防御、红利、质量,qdii,10-45,short_swing_weakening,30,0.002414788060496725,0.45454545454545453,-0.08398437500000011,0.028752825278472595,22,30,hypothesis_only,sample_limited
520550,港股红利低波ETF,防御、红利、质量,qdii,10-45,proxy_rank_decline_3d,30,-0.0038481190804695105,0.40540540540540543,-0.08666017526777015,0.04440469995103584,37,30,hypothesis_only,sample_limited
520550,港股红利低波ETF,防御、红利、质量,qdii,10-45,proxy_buy,60,0.012779322425023847,0.6941176470588235,-0.10372129849564526,0.12320827650996277,85,60,sample_limited,profile_mismatch
520550,港股红利低波ETF,防御、红利、质量,qdii,10-45,short_swing_weakening,60,0.02346525357902327,0.7894736842105263,-0.08635996771590004,0.27171447835897,19,60,hypothesis_only,sample_limited
520550,港股红利低波ETF,防御、红利、质量,qdii,10-45,proxy_rank_decline_3d,60,0.027534716895926827,0.7941176470588235,-0.09872611464968162,0.27890003565551663,34,60,hypothesis_only,sample_limited
516020,化工ETF,周期、资源、商品,commodity_resource,10-45,proxy_buy,3,0.004854038269993199,0.5902777777777778,-0.08761329305135945,0.05540298852992242,144,3,sample_limited,profile_mismatch
516020,化工ETF,周期、资源、商品,commodity_resource,10-45,short_swing_weakening,3,0.0009725864013950858,0.52,-0.06981519507186851,0.01393086992586492,25,3,hypothesis_only,sample_limited
516020,化工ETF,周期、资源、商品,commodity_resource,10-45,proxy_rank_decline_3d,3,-0.00077565323368331,0.4166666666666667,-0.06596858638743452,0.011757918066151767,24,3,hypothesis_only,sample_limited
516020,化工ETF,周期、资源、商品,commodity_resource,10-45,proxy_buy,5,0.006410349316839008,0.5902777777777778,-0.11296660117878188,0.056745526996018376,144,5,sample_limited,profile_mismatch
516020,化工ETF,周期、资源、商品,commodity_resource,10-45,short_swing_weakening,5,0.006875779850995975,0.56,-0.11296660117878188,0.060865599028816574,25,5,hypothesis_only,sample_limited
516020,化工ETF,周期、资源、商品,commodity_resource,10-45,proxy_rank_decline_3d,5,0.00447136755519104,0.4166666666666667,-0.06596858638743452,0.067780254209642,24,5,hypothesis_only,sample_limited
516020,化工ETF,周期、资源、商品,commodity_resource,10-45,proxy_buy,10,0.01578353615597392,0.6388888888888888,-0.12720156555773,0.12408287654927183,144,10,sample_limited,profile_match
516020,化工ETF,周期、资源、商品,commodity_resource,10-45,short_swing_weakening,10,0.01708668908377106,0.64,-0.12377210216110024,0.13804959910538836,25,10,hypothesis_only,sample_limited
516020,化工ETF,周期、资源、商品,commodity_resource,10-45,proxy_rank_decline_3d,10,0.006306382535169855,0.6521739130434783,-0.08782435129740518,0.07180676477545676,23,10,hypothesis_only,sample_limited
516020,化工ETF,周期、资源、商品,commodity_resource,10-45,proxy_buy,20,0.03213071370175658,0.6923076923076923,-0.1556420233463035,0.20643983553378603,143,20,sample_limited,profile_match
516020,化工ETF,周期、资源、商品,commodity_resource,10-45,short_swing_weakening,20,0.018034733905876735,0.6,-0.12377210216110024,0.14570919933478182,25,20,hypothesis_only,sample_limited
516020,化工ETF,周期、资源、商品,commodity_resource,10-45,proxy_rank_decline_3d,20,0.03467562660836806,0.8095238095238095,-0.14256619144602856,0.2432247523529816,21,20,hypothesis_only,sample_limited
516020,化工ETF,周期、资源、商品,commodity_resource,10-45,proxy_buy,30,0.060022594285842175,0.7681159420289855,-0.14559386973180077,0.4122604502264423,138,30,sample_limited,profile_match
516020,化工ETF,周期、资源、商品,commodity_resource,10-45,short_swing_weakening,30,0.039683561438503635,0.7083333333333334,-0.12377210216110024,0.3206179805110848,24,30,hypothesis_only,sample_limited
516020,化工ETF,周期、资源、商品,commodity_resource,10-45,proxy_rank_decline_3d,30,0.08085896725828486,0.8421052631578947,-0.13500784929356358,0.5989204900410169,19,30,hypothesis_only,sample_limited
516020,化工ETF,周期、资源、商品,commodity_resource,10-45,proxy_buy,60,0.10992756054202057,0.8602941176470589,-0.1761252446183953,0.6241442604108057,136,60,sample_limited,profile_mismatch
516020,化工ETF,周期、资源、商品,commodity_resource,10-45,short_swing_weakening,60,0.14078348258501103,0.8947368421052632,-0.1258811681772407,1.1183839856553275,19,60,hypothesis_only,sample_limited
516020,化工ETF,周期、资源、商品,commodity_resource,10-45,proxy_rank_decline_3d,60,0.15220535039542657,0.875,-0.13500784929356358,1.1273814907196131,16,60,hypothesis_only,sample_limited
159870,化工ETF,周期、资源、商品,commodity_resource,10-45,proxy_buy,3,0.005419958611608576,0.6180555555555556,-0.08565310492505362,0.06327801679053006,144,3,sample_limited,profile_mismatch
159870,化工ETF,周期、资源、商品,commodity_resource,10-45,short_swing_weakening,3,0.0025926382581406985,0.5,-0.06971677559912859,0.037188155015205615,26,3,hypothesis_only,sample_limited
159870,化工ETF,周期、资源、商品,commodity_resource,10-45,proxy_rank_decline_3d,3,-0.00204726221688534,0.4166666666666667,-0.069042316258352,0.029652281786500527,36,3,hypothesis_only,sample_limited
159870,化工ETF,周期、资源、商品,commodity_resource,10-45,proxy_buy,5,0.007525707233664344,0.5972222222222222,-0.11180773249738762,0.0673093628281942,144,5,sample_limited,profile_mismatch
159870,化工ETF,周期、资源、商品,commodity_resource,10-45,short_swing_weakening,5,0.009177569245625917,0.5384615384615384,-0.11180773249738762,0.08208349315947669,26,5,hypothesis_only,sample_limited
159870,化工ETF,周期、资源、商品,commodity_resource,10-45,proxy_rank_decline_3d,5,-0.0004546616837507764,0.3611111111111111,-0.069042316258352,0.006585261161422526,36,5,hypothesis_only,sample_limited
159870,化工ETF,周期、资源、商品,commodity_resource,10-45,proxy_buy,10,0.01722122729581719,0.6527777777777778,-0.13187954309449634,0.13058300697536973,144,10,sample_limited,profile_match
159870,化工ETF,周期、资源、商品,commodity_resource,10-45,short_swing_weakening,10,0.021238936281285745,0.6538461538461539,-0.12643678160919536,0.16798067786107823,26,10,hypothesis_only,sample_limited
159870,化工ETF,周期、资源、商品,commodity_resource,10-45,proxy_rank_decline_3d,10,-0.0005235385421842542,0.5714285714285714,-0.11525423728813555,0.004542466763069266,35,10,hypothesis_only,sample_limited
159870,化工ETF,周期、资源、商品,commodity_resource,10-45,proxy_buy,20,0.033131727680022385,0.7013888888888888,-0.15702479338842978,0.21099679206751093,144,20,sample_limited,profile_match
159870,化工ETF,周期、资源、商品,commodity_resource,10-45,short_swing_weakening,20,0.020352102977352054,0.6153846153846154,-0.12854757929883132,0.15832350238225826,26,20,hypothesis_only,sample_limited
159870,化工ETF,周期、资源、商品,commodity_resource,10-45,proxy_rank_decline_3d,20,0.02628707855544605,0.7333333333333333,-0.14393939393939392,0.18262601943783574,30,20,hypothesis_only,sample_limited
159870,化工ETF,周期、资源、商品,commodity_resource,10-45,proxy_buy,30,0.059496813850878856,0.7642857142857142,-0.14780835881753318,0.4025267199152561,140,30,sample_limited,profile_match
159870,化工ETF,周期、资源、商品,commodity_resource,10-45,short_swing_weakening,30,0.04675744113190457,0.72,-0.12854757929883132,0.3637364576365046,25,30,hypothesis_only,sample_limited
159870,化工ETF,周期、资源、商品,commodity_resource,10-45,proxy_rank_decline_3d,30,0.06453229412681567,0.7857142857142857,-0.13432835820895517,0.480407078499628,28,30,hypothesis_only,sample_limited
159870,化工ETF,周期、资源、商品,commodity_resource,10-45,proxy_buy,60,0.10864075915345489,0.8695652173913043,-0.17860851505711317,0.6082619247952156,138,60,sample_limited,profile_mismatch
159870,化工ETF,周期、资源、商品,commodity_resource,10-45,short_swing_weakening,60,0.14783286934699874,0.9,-0.12854757929883132,1.1500245290760038,20,60,hypothesis_only,sample_limited
159870,化工ETF,周期、资源、商品,commodity_resource,10-45,proxy_rank_decline_3d,60,0.12743369514680652,0.84,-0.13467656415694595,0.9462202718380985,25,60,hypothesis_only,sample_limited
513330,恒生互联网ETF,跨境与港股,qdii,10-45,proxy_buy,3,0.00011989069772918495,0.5230769230769231,-0.08617886178861778,0.001391184511385827,65,3,sample_limited,profile_mismatch
513330,恒生互联网ETF,跨境与港股,qdii,10-45,short_swing_weakening,3,-0.0018063936516205363,0.4117647058823529,-0.06445672191528551,0.028024907223712866,34,3,hypothesis_only,sample_limited
513330,恒生互联网ETF,跨境与港股,qdii,10-45,proxy_rank_decline_3d,3,0.005479739540092044,0.6153846153846154,-0.047008547008547064,0.11656900476195789,26,3,hypothesis_only,sample_limited
513330,恒生互联网ETF,跨境与港股,qdii,10-45,proxy_buy,5,0.00023887684466715998,0.5076923076923077,-0.0920840064620354,0.0025941187166486357,65,5,sample_limited,profile_mismatch
513330,恒生互联网ETF,跨境与港股,qdii,10-45,short_swing_weakening,5,-0.008624742026742186,0.35294117647058826,-0.07918968692449357,0.10891244001211642,34,5,hypothesis_only,sample_limited
513330,恒生互联网ETF,跨境与港股,qdii,10-45,proxy_rank_decline_3d,5,0.008732111836638549,0.6153846153846154,-0.06623931623931634,0.13182672063054307,26,5,hypothesis_only,sample_limited
513330,恒生互联网ETF,跨境与港股,qdii,10-45,proxy_buy,10,-8.372408675377892e-05,0.46153846153846156,-0.11308562197092076,0.0007403601385798456,65,10,sample_limited,profile_match
513330,恒生互联网ETF,跨境与港股,qdii,10-45,short_swing_weakening,10,-0.014807265439988556,0.3235294117647059,-0.1401151631477927,0.10567925060594571,34,10,hypothesis_only,sample_limited
513330,恒生互联网ETF,跨境与港股,qdii,10-45,proxy_rank_decline_3d,10,0.008895679617553852,0.5,-0.07874015748031493,0.11297513114293396,26,10,hypothesis_only,sample_limited
513330,恒生互联网ETF,跨境与港股,qdii,10-45,proxy_buy,20,0.004634552717696483,0.6307692307692307,-0.21261261261261266,0.021798108121369047,65,20,sample_limited,profile_match
513330,恒生互联网ETF,跨境与港股,qdii,10-45,short_swing_weakening,20,-0.006201115896971315,0.5454545454545454,-0.19521178637200742,0.03176609369863607,33,20,hypothesis_only,sample_limited
513330,恒生互联网ETF,跨境与港股,qdii,10-45,proxy_rank_decline_3d,20,0.004948072498446315,0.5217391304347826,-0.1752380952380953,0.02823628327917733,23,20,hypothesis_only,sample_limited
513330,恒生互联网ETF,跨境与港股,qdii,10-45,proxy_buy,30,0.015841729207519122,0.6461538461538462,-0.21261261261261266,0.0745098280523145,65,30,sample_limited,profile_match
513330,恒生互联网ETF,跨境与港股,qdii,10-45,short_swing_weakening,30,-0.015993363304526553,0.48484848484848486,-0.2302025782688767,0.06947517019486332,33,30,hypothesis_only,sample_limited
513330,恒生互联网ETF,跨境与港股,qdii,10-45,proxy_rank_decline_3d,30,-0.022346177703372713,0.43478260869565216,-0.1992337164750958,0.11216062270346687,23,30,hypothesis_only,sample_limited
513330,恒生互联网ETF,跨境与港股,qdii,10-45,proxy_buy,60,0.0025157597314370114,0.5076923076923077,-0.2594594594594596,0.00969615729824681,65,60,sample_limited,profile_mismatch
513330,恒生互联网ETF,跨境与港股,qdii,10-45,short_swing_weakening,60,-0.047242409127185296,0.3103448275862069,-0.24309392265193375,0.19433809209137584,29,60,hypothesis_only,sample_limited
513330,恒生互联网ETF,跨境与港股,qdii,10-45,proxy_rank_decline_3d,60,-0.0264350828138631,0.36363636363636365,-0.23888888888888893,0.11065848619756645,22,60,hypothesis_only,sample_limited
513130,恒生科技ETF,跨境与港股,qdii,10-45,proxy_buy,3,-0.002224460426000181,0.5161290322580645,-0.08139534883720922,0.027329085233716535,62,3,sample_limited,profile_mismatch
513130,恒生科技ETF,跨境与港股,qdii,10-45,short_swing_weakening,3,-0.0005926508540403536,0.4,-0.06289308176100639,0.009423148579241609,35,3,hypothesis_only,sample_limited
513130,恒生科技ETF,跨境与港股,qdii,10-45,proxy_rank_decline_3d,3,0.01029725621594109,0.6774193548387096,-0.036193029490616646,0.28450937544785365,31,3,hypothesis_only,sample_limited
513130,恒生科技ETF,跨境与港股,qdii,10-45,proxy_buy,5,2.18121873902617e-05,0.4918032786885246,-0.08139534883720922,0.00026797830222321546,61,5,sample_limited,profile_mismatch
513130,恒生科技ETF,跨境与港股,qdii,10-45,short_swing_weakening,5,-0.008939319254657328,0.45714285714285713,-0.07563025210084029,0.11819766570046918,35,5,hypothesis_only,sample_limited
513130,恒生科技ETF,跨境与港股,qdii,10-45,proxy_rank_decline_3d,5,0.013393769563641389,0.6774193548387096,-0.07440476190476197,0.1800122629353401,31,5,hypothesis_only,sample_limited
513130,恒生科技ETF,跨境与港股,qdii,10-45,proxy_buy,10,0.00517806876954466,0.5333333333333333,-0.10465116279069764,0.04947932379787121,60,10,sample_limited,profile_match
513130,恒生科技ETF,跨境与港股,qdii,10-45,short_swing_weakening,10,-0.013245461256851039,0.35294117647058826,-0.15505913272010508,0.0854220001395224,34,10,hypothesis_only,sample_limited
513130,恒生科技ETF,跨境与港股,qdii,10-45,proxy_rank_decline_3d,10,0.01748297349056498,0.6129032258064516,-0.08928571428571441,0.1958093030943275,31,10,hypothesis_only,sample_limited
513130,恒生科技ETF,跨境与港股,qdii,10-45,proxy_buy,20,0.016670845914020245,0.6666666666666666,-0.19154557463672395,0.08703331280629878,60,20,sample_limited,profile_match
513130,恒生科技ETF,跨境与港股,qdii,10-45,short_swing_weakening,20,-0.014490842832353135,0.45454545454545453,-0.19350649350649352,0.0748855636302813,33,20,hypothesis_only,sample_limited
513130,恒生科技ETF,跨境与港股,qdii,10-45,proxy_rank_decline_3d,20,0.017156622379782938,0.5714285714285714,-0.19350649350649352,0.08866173981498565,28,20,hypothesis_only,sample_limited
513130,恒生科技ETF,跨境与港股,qdii,10-45,proxy_buy,30,0.015936276818282896,0.6666666666666666,-0.19154557463672395,0.08319835552717345,60,30,sample_limited,profile_match
513130,恒生科技ETF,跨境与港股,qdii,10-45,short_swing_weakening,30,-0.02016394958287231,0.45454545454545453,-0.19350649350649352,0.104202960931622,33,30,hypothesis_only,sample_limited
513130,恒生科技ETF,跨境与港股,qdii,10-45,proxy_rank_decline_3d,30,0.009728181180926351,0.6071428571428571,-0.19350649350649352,0.05027315106921671,28,30,hypothesis_only,sample_limited
513130,恒生科技ETF,跨境与港股,qdii,10-45,proxy_buy,60,-0.00283084129597909,0.4666666666666667,-0.22324966974900928,0.012680158941160773,60,60,sample_limited,profile_mismatch
513130,恒生科技ETF,跨境与港股,qdii,10-45,short_swing_weakening,60,-0.042143151883636445,0.3448275862068966,-0.22324966974900928,0.18877139630717624,29,60,hypothesis_only,sample_limited
513130,恒生科技ETF,跨境与港股,qdii,10-45,proxy_rank_decline_3d,60,0.0035541469637996315,0.48148148148148145,-0.20000000000000007,0.01777073481899815,27,60,hypothesis_only,sample_limited
513150,港股科技ETF,跨境与港股,qdii,10-45,proxy_buy,3,0.0008755120298399616,0.5507246376811594,-0.09019327129563359,0.009707065918146232,69,3,sample_limited,profile_mismatch
513150,港股科技ETF,跨境与港股,qdii,10-45,short_swing_weakening,3,-0.002742719031933565,0.5,-0.16901408450704225,0.016227754272273593,34,3,hypothesis_only,sample_limited
513150,港股科技ETF,跨境与港股,qdii,10-45,proxy_rank_decline_3d,3,0.008939387165654506,0.6551724137931034,-0.05882352941176461,0.15196958181612685,29,3,hypothesis_only,sample_limited
513150,港股科技ETF,跨境与港股,qdii,10-45,proxy_buy,5,0.0018311879934947532,0.4927536231884058,-0.09019327129563359,0.020302933546921965,69,5,sample_limited,profile_mismatch
513150,港股科技ETF,跨境与港股,qdii,10-45,short_swing_weakening,5,-0.005167284865829125,0.5294117647058824,-0.16901408450704225,0.030573102122822323,34,5,hypothesis_only,sample_limited
513150,港股科技ETF,跨境与港股,qdii,10-45,proxy_rank_decline_3d,5,0.009782343847903066,0.6896551724137931,-0.07812500000000011,0.12521400125315907,29,5,hypothesis_only,sample_limited
513150,港股科技ETF,跨境与港股,qdii,10-45,proxy_buy,10,0.006376852493081674,0.5797101449275363,-0.10808876163206871,0.05899644326380861,69,10,sample_limited,profile_match
513150,港股科技ETF,跨境与港股,qdii,10-45,short_swing_weakening,10,-0.007012658609313892,0.4117647058823529,-0.16901408450704225,0.04149156343844053,34,10,hypothesis_only,sample_limited
513150,港股科技ETF,跨境与港股,qdii,10-45,proxy_rank_decline_3d,10,0.013239953655266205,0.5517241379310345,-0.11261261261261268,0.11757078845876383,29,10,hypothesis_only,sample_limited
513150,港股科技ETF,跨境与港股,qdii,10-45,proxy_buy,20,0.02064035974395626,0.6764705882352942,-0.11667859699355765,0.17689927952335516,68,20,sample_limited,profile_match
513150,港股科技ETF,跨境与港股,qdii,10-45,short_swing_weakening,20,-0.0076795346710135624,0.5454545454545454,-0.19316239316239314,0.039756883031353406,33,20,hypothesis_only,sample_limited
513150,港股科技ETF,跨境与港股,qdii,10-45,proxy_rank_decline_3d,20,0.021492932199448207,0.5769230769230769,-0.1225225225225226,0.17542025545137863,26,20,hypothesis_only,sample_limited
513150,港股科技ETF,跨境与港股,qdii,10-45,proxy_buy,30,0.02655613590003989,0.7352941176470589,-0.1510379384395133,0.17582427418178065,68,30,sample_limited,profile_match
513150,港股科技ETF,跨境与港股,qdii,10-45,short_swing_weakening,30,-0.00949730846038846,0.48484848484848486,-0.19316239316239314,0.04916748185245354,33,30,hypothesis_only,sample_limited
513150,港股科技ETF,跨境与港股,qdii,10-45,proxy_rank_decline_3d,30,0.010764299230026884,0.5,-0.15378006872852235,0.06999801287011895,26,30,hypothesis_only,sample_limited
513150,港股科技ETF,跨境与港股,qdii,10-45,proxy_buy,60,-0.003955077348549696,0.5147058823529411,-0.199713672154617,0.01980373855169866,68,60,sample_limited,profile_mismatch
513150,港股科技ETF,跨境与港股,qdii,10-45,short_swing_weakening,60,-0.02420102777038892,0.3103448275862069,-0.19316239316239314,0.1252885065989161,29,60,hypothesis_only,sample_limited
513150,港股科技ETF,跨境与港股,qdii,10-45,proxy_rank_decline_3d,60,0.003784474431732304,0.36363636363636365,-0.16815476190476186,0.022505901045346097,22,60,hypothesis_only,sample_limited
513520,日经ETF,跨境与港股,qdii,10-45,proxy_buy,3,0.0055585310441149,0.5255474452554745,-0.10009398496240607,0.055533117661392024,137,3,sample_limited,profile_mismatch
513520,日经ETF,跨境与港股,qdii,10-45,short_swing_weakening,3,0.009947442830581583,0.5806451612903226,-0.05102577590741708,0.19494936928799603,31,3,hypothesis_only,sample_limited
513520,日经ETF,跨境与港股,qdii,10-45,proxy_rank_decline_3d,3,0.006999798008399065,0.5142857142857142,-0.09541804440245627,0.07335926922663775,35,3,hypothesis_only,sample_limited
513520,日经ETF,跨境与港股,qdii,10-45,proxy_buy,5,0.0099105065336371,0.5851851851851851,-0.10555815039701077,0.09388670127662399,135,5,sample_limited,profile_mismatch
513520,日经ETF,跨境与港股,qdii,10-45,short_swing_weakening,5,0.012967359970520106,0.6129032258064516,-0.05733824302998425,0.2261555165500799,31,5,hypothesis_only,sample_limited
513520,日经ETF,跨境与港股,qdii,10-45,proxy_rank_decline_3d,5,0.009625262821846177,0.5714285714285714,-0.10319767441860461,0.09327015241450946,35,5,hypothesis_only,sample_limited
513520,日经ETF,跨境与港股,qdii,10-45,proxy_buy,10,0.016513784717550103,0.6461538461538462,-0.10555815039701077,0.15644253575342815,130,10,sample_limited,profile_match
513520,日经ETF,跨境与港股,qdii,10-45,short_swing_weakening,10,0.021502927119336837,0.7096774193548387,-0.1334269662921348,0.16115878009439824,31,10,hypothesis_only,sample_limited
513520,日经ETF,跨境与港股,qdii,10-45,proxy_rank_decline_3d,10,0.023190893864783794,0.5714285714285714,-0.138268156424581,0.16772404047661812,35,10,hypothesis_only,sample_limited
513520,日经ETF,跨境与港股,qdii,10-45,proxy_buy,20,0.02869437507365677,0.7258064516129032,-0.1597384399813172,0.17963350009561146,124,20,sample_limited,profile_match
513520,日经ETF,跨境与港股,qdii,10-45,short_swing_weakening,20,0.05011746209118411,0.7666666666666667,-0.1334269662921348,0.37561718956761153,30,20,hypothesis_only,sample_limited
513520,日经ETF,跨境与港股,qdii,10-45,proxy_rank_decline_3d,20,0.0316148927439315,0.6451612903225806,-0.15021256495040158,0.21046769792107847,31,20,hypothesis_only,sample_limited
513520,日经ETF,跨境与港股,qdii,10-45,proxy_buy,30,0.03455810411617121,0.6869565217391305,-0.1597384399813172,0.21634181553427642,115,30,sample_limited,profile_match
513520,日经ETF,跨境与港股,qdii,10-45,short_swing_weakening,30,0.059916858901858015,0.8275862068965517,-0.1334269662921348,0.44906108987497806,29,30,hypothesis_only,sample_limited
513520,日经ETF,跨境与港股,qdii,10-45,proxy_rank_decline_3d,30,0.037641110326189005,0.7,-0.15021256495040158,0.25058563069352857,30,30,hypothesis_only,sample_limited
513520,日经ETF,跨境与港股,qdii,10-45,proxy_buy,60,0.08923598004690202,0.8260869565217391,-0.1597384399813172,0.5586381090070677,115,60,sample_limited,profile_mismatch
513520,日经ETF,跨境与港股,qdii,10-45,short_swing_weakening,60,0.10887345551192969,0.96,-0.1334269662921348,0.8159778981525679,25,60,hypothesis_only,sample_limited
513520,日经ETF,跨境与港股,qdii,10-45,proxy_rank_decline_3d,60,0.10181361339032106,0.9642857142857143,-0.15021256495040158,0.677796916815439,28,60,hypothesis_only,sample_limited
513880,日经225ETF,跨境与港股,qdii,10-45,proxy_buy,3,0.004710003883508502,0.549618320610687,-0.08505154639175261,0.05537822747882722,131,3,sample_limited,profile_mismatch
513880,日经225ETF,跨境与港股,qdii,10-45,short_swing_weakening,3,0.009947796499994242,0.625,-0.07213800313643504,0.13789952684412285,32,3,hypothesis_only,sample_limited
513880,日经225ETF,跨境与港股,qdii,10-45,proxy_rank_decline_3d,3,0.0038193365632362523,0.4864864864864865,-0.07213800313643504,0.052944861199064774,37,3,hypothesis_only,sample_limited
513880,日经225ETF,跨境与港股,qdii,10-45,proxy_buy,5,0.00876825212439199,0.5891472868217055,-0.08834103749357991,0.09925457491971626,129,5,sample_limited,profile_mismatch
513880,日经225ETF,跨境与港股,qdii,10-45,short_swing_weakening,5,0.011747272069072182,0.65625,-0.0768426555148981,0.15287436372881,32,5,hypothesis_only,sample_limited
513880,日经225ETF,跨境与港股,qdii,10-45,proxy_rank_decline_3d,5,0.009112203300848054,0.5833333333333334,-0.10795902285263992,0.08440427729033705,36,5,hypothesis_only,sample_limited
513880,日经225ETF,跨境与港股,qdii,10-45,proxy_buy,10,0.015658056419738272,0.6451612903225806,-0.09424350483953137,0.16614467433484442,124,10,sample_limited,profile_match
513880,日经225ETF,跨境与港股,qdii,10-45,short_swing_weakening,10,0.021805106463998455,0.65625,-0.1332312404287903,0.16366361518380437,32,10,hypothesis_only,sample_limited
513880,日经225ETF,跨境与港股,qdii,10-45,proxy_rank_decline_3d,10,0.021450590265286992,0.5833333333333334,-0.1391634980988593,0.15413948742542294,36,10,hypothesis_only,sample_limited
513880,日经225ETF,跨境与港股,qdii,10-45,proxy_buy,20,0.03222741660914074,0.7372881355932204,-0.16076014381099135,0.2004689461277859,118,20,sample_limited,profile_match
513880,日经225ETF,跨境与港股,qdii,10-45,short_swing_weakening,20,0.0431513134396519,0.7419354838709677,-0.14584422373235761,0.29587262584248764,31,20,hypothesis_only,sample_limited
513880,日经225ETF,跨境与港股,qdii,10-45,proxy_rank_decline_3d,20,0.022284496231474646,0.65625,-0.14584422373235761,0.1527965637663476,32,20,hypothesis_only,sample_limited
513880,日经225ETF,跨境与港股,qdii,10-45,proxy_buy,30,0.0397828367190938,0.7247706422018348,-0.16076014381099135,0.24746703863282937,109,30,sample_limited,profile_match
513880,日经225ETF,跨境与港股,qdii,10-45,short_swing_weakening,30,0.053682126452260025,0.8,-0.14584422373235761,0.36807852295044224,30,30,hypothesis_only,sample_limited
513880,日经225ETF,跨境与港股,qdii,10-45,proxy_rank_decline_3d,30,0.04113240160167106,0.75,-0.14584422373235761,0.28202969270249717,32,30,hypothesis_only,sample_limited
513880,日经225ETF,跨境与港股,qdii,10-45,proxy_buy,60,0.0929773767932531,0.8532110091743119,-0.16076014381099135,0.5783608709791173,109,60,sample_limited,profile_mismatch
513880,日经225ETF,跨境与港股,qdii,10-45,short_swing_weakening,60,0.10536082707905182,0.9615384615384616,-0.14584422373235761,0.7224202946316346,26,60,hypothesis_only,sample_limited
513880,日经225ETF,跨境与港股,qdii,10-45,proxy_rank_decline_3d,60,0.10351693666998685,0.9333333333333333,-0.14584422373235761,0.7097774188160744,30,60,hypothesis_only,sample_limited
513030,德国ETF,跨境与港股,qdii,10-45,proxy_buy,3,-0.00911663978569927,0.3333333333333333,-0.10314341846758346,0.08838799335087487,57,3,sample_limited,profile_mismatch
513030,德国ETF,跨境与港股,qdii,10-45,short_swing_weakening,3,0.003197265541216957,0.6,-0.0674157303370786,0.04742610552805157,35,3,hypothesis_only,sample_limited
513030,德国ETF,跨境与港股,qdii,10-45,proxy_rank_decline_3d,3,-0.003860946148793318,0.3611111111111111,-0.04318936877076418,0.08939575313744516,36,3,hypothesis_only,sample_limited
513030,德国ETF,跨境与港股,qdii,10-45,proxy_buy,5,-0.015372065857265747,0.21052631578947367,-0.10314341846758346,0.14903583850187177,57,5,sample_limited,profile_mismatch
513030,德国ETF,跨境与港股,qdii,10-45,short_swing_weakening,5,0.0004842403078298276,0.45714285714285713,-0.0873340143003064,0.005544693115384811,35,5,hypothesis_only,sample_limited
513030,德国ETF,跨境与港股,qdii,10-45,proxy_rank_decline_3d,5,0.002833043483109669,0.5,-0.04318936877076418,0.06559585295507762,34,5,hypothesis_only,sample_limited
513030,德国ETF,跨境与港股,qdii,10-45,proxy_buy,10,-0.022676702188882333,0.11538461538461539,-0.12229862475442044,0.18542074560869248,52,10,sample_limited,profile_match
513030,德国ETF,跨境与港股,qdii,10-45,short_swing_weakening,10,0.0016395661226811927,0.5588235294117647,-0.14213483146067418,0.01153528734534594,34,10,hypothesis_only,sample_limited
513030,德国ETF,跨境与港股,qdii,10-45,proxy_rank_decline_3d,10,0.007569594464312396,0.5882352941176471,-0.13337116912599323,0.056755852962206116,34,10,hypothesis_only,sample_limited
513030,德国ETF,跨境与港股,qdii,10-45,proxy_buy,20,-0.030557391848467196,0.1568627450980392,-0.2008840864440079,0.15211454719677064,51,20,sample_limited,profile_match
513030,德国ETF,跨境与港股,qdii,10-45,short_swing_weakening,20,0.004776734997329745,0.696969696969697,-0.1690500510725229,0.028256335724385635,33,20,hypothesis_only,sample_limited
513030,德国ETF,跨境与港股,qdii,10-45,proxy_rank_decline_3d,20,0.010787807325820268,0.5333333333333333,-0.13337116912599323,0.08088560216210769,30,20,hypothesis_only,sample_limited
513030,德国ETF,跨境与港股,qdii,10-45,proxy_buy,30,-0.029125532775969153,0.21568627450980393,-0.2008840864440079,0.14498675973563124,51,30,sample_limited,profile_match
513030,德国ETF,跨境与港股,qdii,10-45,short_swing_weakening,30,0.00333808190158378,0.6666666666666666,-0.1690500510725229,0.019746115901211614,33,30,hypothesis_only,sample_limited
513030,德国ETF,跨境与港股,qdii,10-45,proxy_rank_decline_3d,30,0.0003885682937691862,0.5517241379310345,-0.13337116912599323,0.002913435462218323,29,30,hypothesis_only,sample_limited
513030,德国ETF,跨境与港股,qdii,10-45,proxy_buy,60,-0.03557710489079972,0.11764705882352941,-0.2008840864440079,0.17710265417522789,51,60,sample_limited,profile_mismatch
513030,德国ETF,跨境与港股,qdii,10-45,short_swing_weakening,60,-0.003038515503909263,0.5357142857142857,-0.1690500510725229,0.017974058479318246,28,60,hypothesis_only,sample_limited
513030,德国ETF,跨境与港股,qdii,10-45,proxy_rank_decline_3d,60,0.0007638284595598606,0.39285714285714285,-0.16220391349124608,0.004709063074492857,28,60,hypothesis_only,sample_limited
511090,30年国债ETF,债券货币,bond_cash,30-90,proxy_buy,3,-0.0017991690963915427,0.4,-0.013895614277808499,0.12947747831953296,55,3,sample_limited,profile_mismatch
511090,30年国债ETF,债券货币,bond_cash,30-90,short_swing_weakening,3,-0.0011678849980819284,0.4230769230769231,-0.012082912032356008,0.09665592159857894,26,3,hypothesis_only,sample_limited
511090,30年国债ETF,债券货币,bond_cash,30-90,proxy_rank_decline_3d,3,-0.0026492310801751163,0.3617021276595745,-0.02130468703114685,0.12434968306748723,47,3,sample_limited,profile_mismatch
511090,30年国债ETF,债券货币,bond_cash,30-90,proxy_buy,5,-0.0022294039026682973,0.37735849056603776,-0.01469113171001657,0.15175167894984334,53,5,sample_limited,profile_mismatch
511090,30年国债ETF,债券货币,bond_cash,30-90,short_swing_weakening,5,-0.0025662030891829965,0.38461538461538464,-0.02095573349198876,0.12245828045885578,26,5,hypothesis_only,sample_limited
511090,30年国债ETF,债券货币,bond_cash,30-90,proxy_rank_decline_3d,5,-0.0029301737454158513,0.44680851063829785,-0.023885254756046304,0.12267709829111655,47,5,sample_limited,profile_mismatch
511090,30年国债ETF,债券货币,bond_cash,30-90,proxy_buy,10,-0.004949480571050259,0.375,-0.021063918096292156,0.23497435512348994,48,10,sample_limited,profile_mismatch
511090,30年国债ETF,债券货币,bond_cash,30-90,short_swing_weakening,10,-0.004424464625688702,0.4230769230769231,-0.029976038862994825,0.14760004301804755,26,10,hypothesis_only,sample_limited
511090,30年国债ETF,债券货币,bond_cash,30-90,proxy_rank_decline_3d,10,-0.0014186172635764908,0.44680851063829785,-0.029625677228698022,0.04788472015763049,47,10,sample_limited,profile_mismatch
511090,30年国债ETF,债券货币,bond_cash,30-90,proxy_buy,20,-0.00839272515689984,0.28888888888888886,-0.03855735046993358,0.21766861712773433,45,20,sample_limited,profile_mismatch
511090,30年国债ETF,债券货币,bond_cash,30-90,short_swing_weakening,20,-0.007671848706348363,0.3076923076923077,-0.03495537341391264,0.2194755185563224,26,20,hypothesis_only,sample_limited
511090,30年国债ETF,债券货币,bond_cash,30-90,proxy_rank_decline_3d,20,-0.0054153641885071905,0.3404255319148936,-0.033644356719899515,0.16095906465360305,47,20,sample_limited,profile_mismatch
511090,30年国债ETF,债券货币,bond_cash,30-90,proxy_buy,30,-0.01478095589071072,0.15384615384615385,-0.04150652720343795,0.35611160187563046,39,30,hypothesis_only,sample_limited
511090,30年国债ETF,债券货币,bond_cash,30-90,short_swing_weakening,30,-0.009829701590956393,0.32,-0.04150652720343795,0.2368230312976463,25,30,hypothesis_only,sample_limited
511090,30年国债ETF,债券货币,bond_cash,30-90,proxy_rank_decline_3d,30,-0.010209722471300193,0.41304347826086957,-0.04150652720343795,0.24597872091921316,46,30,sample_limited,profile_match
511090,30年国债ETF,债券货币,bond_cash,30-90,proxy_buy,60,-0.03142365493424929,0.2222222222222222,-0.0632102962603206,0.497128739989391,36,60,hypothesis_only,sample_limited
511090,30年国债ETF,债券货币,bond_cash,30-90,short_swing_weakening,60,-0.018148062700421037,0.25,-0.062222690881954534,0.29166309658401857,24,60,hypothesis_only,sample_limited
511090,30年国债ETF,债券货币,bond_cash,30-90,proxy_rank_decline_3d,60,-0.013950088006260146,0.23809523809523808,-0.0632102962603206,0.22069328624579038,42,60,sample_limited,profile_match
511520,政金债ETF,债券货币,bond_cash,30-90,proxy_buy,3,0.00030740478374971465,0.6228070175438597,-0.006626182790661961,0.04639243942725653,114,3,sample_limited,profile_mismatch
511520,政金债ETF,债券货币,bond_cash,30-90,short_swing_weakening,3,-0.00027212263513125387,0.46153846153846156,-0.005269442425501092,0.05164163741771534,26,3,hypothesis_only,sample_limited
511520,政金债ETF,债券货币,bond_cash,30-90,proxy_rank_decline_3d,3,-0.0005492125612786935,0.44,-0.0061366224238789124,0.08949753192270553,50,3,sample_limited,profile_mismatch
511520,政金债ETF,债券货币,bond_cash,30-90,proxy_buy,5,0.000628897854677917,0.625,-0.006626182790661961,0.0949110331764768,112,5,sample_limited,profile_mismatch
511520,政金债ETF,债券货币,bond_cash,30-90,short_swing_weakening,5,-0.00010735229497837579,0.4230769230769231,-0.00672190494293301,0.0159705166749255,26,5,hypothesis_only,sample_limited
511520,政金债ETF,债券货币,bond_cash,30-90,proxy_rank_decline_3d,5,-0.00046917050705936437,0.48,-0.0073704314610643085,0.06365577232999803,50,5,sample_limited,profile_mismatch
511520,政金债ETF,债券货币,bond_cash,30-90,proxy_buy,10,0.0012448788785925852,0.6915887850467289,-0.007623964979839193,0.16328496810839793,107,10,sample_limited,profile_mismatch
511520,政金债ETF,债券货币,bond_cash,30-90,short_swing_weakening,10,0.00012700931666977005,0.6153846153846154,-0.008817256506736482,0.014404629895107796,26,10,hypothesis_only,sample_limited
511520,政金债ETF,债券货币,bond_cash,30-90,proxy_rank_decline_3d,10,3.4554384806926295e-05,0.54,-0.008628165105792451,0.00400483583511035,50,10,sample_limited,profile_mismatch
511520,政金债ETF,债券货币,bond_cash,30-90,proxy_buy,20,0.0019323948115499935,0.64,-0.008941736438653702,0.21610956941165907,100,20,sample_limited,profile_mismatch
511520,政金债ETF,债券货币,bond_cash,30-90,short_swing_weakening,20,0.0005878903966919769,0.56,-0.010651368843664577,0.05519388214986597,25,20,hypothesis_only,sample_limited
511520,政金债ETF,债券货币,bond_cash,30-90,proxy_rank_decline_3d,20,-0.00015021815648907694,0.46938775510204084,-0.011387020353110122,0.01319205128565947,49,20,sample_limited,profile_mismatch
511520,政金债ETF,债券货币,bond_cash,30-90,proxy_buy,30,0.002581492950048067,0.5913978494623656,-0.014072240952635595,0.1834457609656391,93,30,sample_limited,profile_match
511520,政金债ETF,债券货币,bond_cash,30-90,short_swing_weakening,30,0.0014662750202613696,0.5833333333333334,-0.01341054030497335,0.10933750519489478,24,30,hypothesis_only,sample_limited
511520,政金债ETF,债券货币,bond_cash,30-90,proxy_rank_decline_3d,30,-0.0003637787802593939,0.40425531914893614,-0.013527853747336338,0.02689109352110069,47,30,sample_limited,profile_match
511520,政金债ETF,债券货币,bond_cash,30-90,proxy_buy,60,0.0026690673024482975,0.6507936507936508,-0.018004190630577788,0.1482470030013586,63,60,sample_limited,profile_match
511520,政金债ETF,债券货币,bond_cash,30-90,short_swing_weakening,60,0.0030212193063418867,0.6956521739130435,-0.017207604483987615,0.17557465997973487,23,60,hypothesis_only,sample_limited
511520,政金债ETF,债券货币,bond_cash,30-90,proxy_rank_decline_3d,60,0.0014743291080169128,0.6222222222222222,-0.01746197447997999,0.08443083625550014,45,60,sample_limited,profile_match
511380,可转债ETF,债券货币,bond_cash,30-90,proxy_buy,3,0.0021001200286363494,0.6148148148148148,-0.04974421109316096,0.042218380440354045,135,3,sample_limited,profile_mismatch
511380,可转债ETF,债券货币,bond_cash,30-90,short_swing_weakening,3,-0.000835775755647764,0.4838709677419355,-0.028302549336329808,0.029530052071137736,31,3,hypothesis_only,sample_limited
511380,可转债ETF,债券货币,bond_cash,30-90,proxy_rank_decline_3d,3,0.0008190567240036047,0.5333333333333333,-0.04505705005413507,0.01817821457506707,30,3,hypothesis_only,sample_limited
511380,可转债ETF,债券货币,bond_cash,30-90,proxy_buy,5,0.0026541359540645584,0.6148148148148148,-0.04974421109316096,0.053355674876296506,135,5,sample_limited,profile_mismatch
511380,可转债ETF,债券货币,bond_cash,30-90,short_swing_weakening,5,0.0025985185672663686,0.5333333333333333,-0.03251632839384799,0.07991426755789567,30,5,hypothesis_only,sample_limited
511380,可转债ETF,债券货币,bond_cash,30-90,proxy_rank_decline_3d,5,0.0035756286301053836,0.6666666666666666,-0.04505705005413507,0.07935780584413189,30,5,hypothesis_only,sample_limited
511380,可转债ETF,债券货币,bond_cash,30-90,proxy_buy,10,0.0054758127606073514,0.6074074074074074,-0.04974421109316096,0.1100793969845506,135,10,sample_limited,profile_mismatch
511380,可转债ETF,债券货币,bond_cash,30-90,short_swing_weakening,10,0.004028503952521932,0.6896551724137931,-0.049805253998508436,0.08088512012492853,29,10,hypothesis_only,sample_limited
511380,可转债ETF,债券货币,bond_cash,30-90,proxy_rank_decline_3d,10,0.0007733403291604784,0.5172413793103449,-0.046724309943465325,0.01655113430452352,29,10,hypothesis_only,sample_limited
511380,可转债ETF,债券货币,bond_cash,30-90,proxy_buy,20,0.009162810165981366,0.631578947368421,-0.07877595331795362,0.11631481156436979,133,20,sample_limited,profile_mismatch
511380,可转债ETF,债券货币,bond_cash,30-90,short_swing_weakening,20,0.009186525463140669,0.6296296296296297,-0.06949489411280918,0.1321899339572837,27,20,hypothesis_only,sample_limited
511380,可转债ETF,债券货币,bond_cash,30-90,proxy_rank_decline_3d,20,0.009316816178082662,0.6428571428571429,-0.06584560341268753,0.14149488644958552,28,20,hypothesis_only,sample_limited
511380,可转债ETF,债券货币,bond_cash,30-90,proxy_buy,30,0.014960737877104592,0.6434108527131783,-0.08325417288641612,0.1796995556909269,129,30,sample_limited,profile_match
511380,可转债ETF,债券货币,bond_cash,30-90,short_swing_weakening,30,0.021975520597473,0.7307692307692307,-0.07401823041600986,0.2968933528127117,26,30,hypothesis_only,sample_limited
511380,可转债ETF,债券货币,bond_cash,30-90,proxy_rank_decline_3d,30,0.019755129495006456,0.8214285714285714,-0.07038667951011435,0.2806657400590648,28,30,hypothesis_only,sample_limited
511380,可转债ETF,债券货币,bond_cash,30-90,proxy_buy,60,0.04043101094441995,0.7596899224806202,-0.09053581044695747,0.4465747944909314,129,60,sample_limited,profile_match
511380,可转债ETF,债券货币,bond_cash,30-90,short_swing_weakening,60,0.053687616425847386,0.9090909090909091,-0.07401823041600986,0.7253296400643883,22,60,hypothesis_only,sample_limited
511380,可转债ETF,债券货币,bond_cash,30-90,proxy_rank_decline_3d,60,0.04046584584962034,0.8260869565217391,-0.07038667951011435,0.5749077258830703,23,60,hypothesis_only,sample_limited
511030,公司债ETF,债券货币,bond_cash,30-90,proxy_buy,3,0.00026785767564837566,0.7558139534883721,-0.0025984785719664893,0.1030825031763356,172,3,sample_limited,profile_mismatch
511030,公司债ETF,债券货币,bond_cash,30-90,short_swing_weakening,3,6.69635373765693e-05,0.6111111111111112,-0.0020159391073346633,0.03321704367603836,18,3,hypothesis_only,sample_limited
511030,公司债ETF,债券货币,bond_cash,30-90,proxy_rank_decline_3d,3,0.0002076597084458509,0.6333333333333333,-0.0018278779655906963,0.11360698709377115,30,3,hypothesis_only,sample_limited
511030,公司债ETF,债券货币,bond_cash,30-90,proxy_buy,5,0.000434508998642619,0.8,-0.003480387545856445,0.12484500444782971,170,5,sample_limited,profile_mismatch
511030,公司债ETF,债券货币,bond_cash,30-90,short_swing_weakening,5,0.00010484584363194364,0.6111111111111112,-0.0021101418693595386,0.04968663252190054,18,5,hypothesis_only,sample_limited
511030,公司债ETF,债券货币,bond_cash,30-90,proxy_rank_decline_3d,5,0.0005709046810526678,0.7666666666666667,-0.0019220984792808204,0.29702155597473845,30,5,hypothesis_only,sample_limited
511030,公司债ETF,债券货币,bond_cash,30-90,proxy_buy,10,0.000808022009464169,0.8,-0.0035744520741227692,0.22605478901615184,165,10,sample_limited,profile_mismatch
511030,公司债ETF,债券货币,bond_cash,30-90,short_swing_weakening,10,0.0006370649752477858,0.6666666666666666,-0.002401242996374564,0.2653063335154488,18,10,hypothesis_only,sample_limited
511030,公司债ETF,债券货币,bond_cash,30-90,proxy_rank_decline_3d,10,0.0009940204143622665,0.7586206896551724,-0.0027674755727921108,0.35917947176653764,29,10,hypothesis_only,sample_limited
511030,公司债ETF,债券货币,bond_cash,30-90,proxy_buy,20,0.0016448579903708262,0.8387096774193549,-0.0035744520741227692,0.4601706656745431,155,20,sample_limited,profile_mismatch
511030,公司债ETF,债券货币,bond_cash,30-90,short_swing_weakening,20,0.0019137643542821868,0.8333333333333334,-0.0024954093883891026,0.7669139834075909,18,20,hypothesis_only,sample_limited
511030,公司债ETF,债券货币,bond_cash,30-90,proxy_rank_decline_3d,20,0.0019279739504065125,0.9655172413793104,-0.0028616073949958576,0.6737381073930666,29,20,hypothesis_only,sample_limited
511030,公司债ETF,债券货币,bond_cash,30-90,proxy_buy,30,0.002317151900257265,0.8620689655172413,-0.0035744520741227692,0.6482537329377771,145,30,sample_limited,profile_match
511030,公司债ETF,债券货币,bond_cash,30-90,short_swing_weakening,30,0.0025156622825817307,0.875,-0.0024954093883891026,1.008116060750137,16,30,hypothesis_only,sample_limited
511030,公司债ETF,债券货币,bond_cash,30-90,proxy_rank_decline_3d,30,0.002527613445931284,0.8571428571428571,-0.0028616073949958576,0.8832844961022135,28,30,hypothesis_only,sample_limited
511030,公司债ETF,债券货币,bond_cash,30-90,proxy_buy,60,0.004248786993155565,0.8608695652173913,-0.0035744520741227692,1.1886540664273106,115,60,sample_limited,profile_match
511030,公司债ETF,债券货币,bond_cash,30-90,short_swing_weakening,60,0.004816541055690203,0.9375,-0.0024954093883891026,1.9301606694681444,16,60,hypothesis_only,sample_limited
511030,公司债ETF,债券货币,bond_cash,30-90,proxy_rank_decline_3d,60,0.004296775296804176,0.88,-0.0028616073949958576,1.501525088423388,25,60,hypothesis_only,sample_limited
