date,strategy,initial_cash,equity,cash,position_value,cash_ratio,exposure,holdings
2025-05-30,original_baseline_v2,20000.0,20000.0,20000.0,0.0,1.0,0.0,0
2025-05-30,original_baseline_v2,20000.0,20042.79,8281.49,11761.3,0.41319,0.58681,3
2025-06-03,original_baseline_v2,20000.0,20041.79,8281.49,11760.3,0.413211,0.586789,3
2025-06-04,original_baseline_v2,20000.0,20129.89,8281.49,11848.4,0.411403,0.588597,3
2025-06-05,original_baseline_v2,20000.0,20234.39,8281.49,11952.9,0.409278,0.590722,3
2025-06-06,original_baseline_v2,20000.0,20191.59,8281.49,11910.1,0.410146,0.589854,3
2025-06-09,original_baseline_v2,20000.0,20248.99,8281.49,11967.5,0.408983,0.591017,3
2025-06-10,original_baseline_v2,20000.0,20081.59,8281.49,11800.1,0.412392,0.587608,3
2025-06-11,original_baseline_v2,20000.0,20115.99,8281.49,11834.5,0.411687,0.588313,3
2025-06-12,original_baseline_v2,20000.0,20072.99,8281.49,11791.5,0.412569,0.587431,3
2025-06-13,original_baseline_v2,20000.0,19933.29,8281.49,11651.8,0.41546,0.58454,3
2025-06-16,original_baseline_v2,20000.0,20016.99,8281.49,11735.5,0.413723,0.586277,3
2025-06-17,original_baseline_v2,20000.0,19949.89,8281.49,11668.4,0.415115,0.584885,3
2025-06-18,original_baseline_v2,20000.0,19946.39,8281.49,11664.9,0.415187,0.584813,3
2025-06-19,original_baseline_v2,20000.0,19817.69,8281.49,11536.2,0.417884,0.582116,3
2025-06-20,original_baseline_v2,20000.0,19716.69,8281.49,11435.2,0.420024,0.579976,3
2025-06-23,original_baseline_v2,20000.0,19775.29,8281.49,11493.8,0.41878,0.58122,3
2025-06-24,original_baseline_v2,20000.0,20024.29,8281.49,11742.8,0.413572,0.586428,3
2025-06-25,original_baseline_v2,20000.0,20224.69,8281.49,11943.2,0.409474,0.590526,3
2025-06-26,original_baseline_v2,20000.0,20151.39,8281.49,11869.9,0.410964,0.589036,3
2025-06-27,original_baseline_v2,20000.0,20152.59,8281.49,11871.1,0.410939,0.589061,3
2025-06-30,original_baseline_v2,20000.0,20297.19,8281.49,12015.7,0.408012,0.591988,3
2025-07-01,original_baseline_v2,20000.0,20153.0581,8310.0581,11843.0,0.412347,0.587653,3
2025-07-02,original_baseline_v2,20000.0,20160.4581,8310.0581,11850.4,0.412196,0.587804,3
2025-07-03,original_baseline_v2,20000.0,20201.0581,8310.0581,11891.0,0.411367,0.588633,3
2025-07-04,original_baseline_v2,20000.0,20221.3581,8310.0581,11911.3,0.410954,0.589046,3
2025-07-07,original_baseline_v2,20000.0,20149.7581,8310.0581,11839.7,0.412415,0.587585,3
2025-07-08,original_baseline_v2,20000.0,20223.9581,8310.0581,11913.9,0.410902,0.589098,3
2025-07-09,original_baseline_v2,20000.0,20294.2581,8310.0581,11984.2,0.409478,0.590522,3
2025-07-10,original_baseline_v2,20000.0,20340.9581,8310.0581,12030.9,0.408538,0.591462,3
2025-07-11,original_baseline_v2,20000.0,20474.7581,8310.0581,12164.7,0.405868,0.594132,3
2025-07-14,original_baseline_v2,20000.0,20468.8581,8310.0581,12158.8,0.405985,0.594015,3
2025-07-15,original_baseline_v2,20000.0,20412.3581,8310.0581,12102.3,0.407109,0.592891,3
2025-07-16,original_baseline_v2,20000.0,20445.9581,8310.0581,12135.9,0.40644,0.59356,3
2025-07-17,original_baseline_v2,20000.0,20529.3581,8310.0581,12219.3,0.404789,0.595211,3
2025-07-18,original_baseline_v2,20000.0,20653.7581,8310.0581,12343.7,0.402351,0.597649,3
2025-07-21,original_baseline_v2,20000.0,20674.2581,8310.0581,12364.2,0.401952,0.598048,3
2025-07-22,original_baseline_v2,20000.0,20885.2581,8310.0581,12575.2,0.397891,0.602109,3
2025-07-23,original_baseline_v2,20000.0,20850.3581,8310.0581,12540.3,0.398557,0.601443,3
2025-07-24,original_baseline_v2,20000.0,20974.3581,8310.0581,12664.3,0.396201,0.603799,3
2025-07-25,original_baseline_v2,20000.0,20861.5581,8310.0581,12551.5,0.398343,0.601657,3
2025-07-28,original_baseline_v2,20000.0,20976.2259,12744.2259,8232.0,0.607556,0.392444,2
2025-07-29,original_baseline_v2,20000.0,20946.0288,8747.7288,12198.3,0.417632,0.582368,3
2025-07-30,original_baseline_v2,20000.0,21018.1541,13315.8541,7702.3,0.633541,0.366459,2
2025-07-31,original_baseline_v2,20000.0,20970.2859,9415.6859,11554.6,0.449001,0.550999,3
2025-08-01,original_baseline_v2,20000.0,20998.0859,9415.6859,11582.4,0.448407,0.551593,3
2025-08-04,original_baseline_v2,20000.0,21088.3859,9415.6859,11672.7,0.446487,0.553513,3
2025-08-05,original_baseline_v2,20000.0,21196.8859,9415.6859,11781.2,0.444201,0.555799,3
2025-08-06,original_baseline_v2,20000.0,21201.9859,9415.6859,11786.3,0.444095,0.555905,3
2025-08-07,original_baseline_v2,20000.0,21245.2859,9415.6859,11829.6,0.443189,0.556811,3
2025-08-08,original_baseline_v2,20000.0,21241.7859,9415.6859,11826.1,0.443262,0.556738,3
2025-08-11,original_baseline_v2,20000.0,21146.2859,9415.6859,11730.6,0.445264,0.554736,3
2025-08-12,original_baseline_v2,20000.0,21147.2859,9415.6859,11731.6,0.445243,0.554757,3
2025-08-13,original_baseline_v2,20000.0,21104.4859,9415.6859,11688.8,0.446146,0.553854,3
2025-08-14,original_baseline_v2,20000.0,21107.5859,9415.6859,11691.9,0.446081,0.553919,3
2025-08-15,original_baseline_v2,20000.0,21026.4859,9415.6859,11610.8,0.447801,0.552199,3
2025-08-18,original_baseline_v2,20000.0,21048.4859,9415.6859,11632.8,0.447333,0.552667,3
2025-08-19,original_baseline_v2,20000.0,21038.8859,9415.6859,11623.2,0.447537,0.552463,3
2025-08-20,original_baseline_v2,20000.0,21085.4859,9415.6859,11669.8,0.446548,0.553452,3
2025-08-21,original_baseline_v2,20000.0,21137.3859,9415.6859,11721.7,0.445452,0.554548,3
2025-08-22,original_baseline_v2,20000.0,21098.7859,9415.6859,11683.1,0.446267,0.553733,3
2025-08-25,original_baseline_v2,20000.0,21184.4859,9415.6859,11768.8,0.444461,0.555539,3
2025-08-26,original_baseline_v2,20000.0,21162.0859,9415.6859,11746.4,0.444932,0.555068,3
2025-08-27,original_baseline_v2,20000.0,21031.8065,9339.7065,11692.1,0.444075,0.555925,3
2025-08-28,original_baseline_v2,20000.0,21013.3845,13073.5845,7939.8,0.622155,0.377845,2
2025-08-29,original_baseline_v2,20000.0,20993.4024,17007.6024,3985.8,0.81014,0.18986,1
2025-09-01,original_baseline_v2,20000.0,21001.2024,17007.6024,3993.6,0.809839,0.190161,1
2025-09-02,original_baseline_v2,20000.0,20967.7239,13073.0239,7894.7,0.623483,0.376517,2
2025-09-03,original_baseline_v2,20000.0,20835.6302,9087.6302,11748.0,0.436158,0.563842,3
2025-09-04,original_baseline_v2,20000.0,20903.6302,9087.6302,11816.0,0.434739,0.565261,3
2025-09-05,original_baseline_v2,20000.0,20899.1302,9087.6302,11811.5,0.434833,0.565167,3
2025-09-08,original_baseline_v2,20000.0,20879.2302,9087.6302,11791.6,0.435247,0.564753,3
2025-09-09,original_baseline_v2,20000.0,20917.0302,9087.6302,11829.4,0.434461,0.565539,3
2025-09-10,original_baseline_v2,20000.0,20892.3302,9087.6302,11804.7,0.434974,0.565026,3
2025-09-11,original_baseline_v2,20000.0,20974.7302,9087.6302,11887.1,0.433266,0.566734,3
2025-09-12,original_baseline_v2,20000.0,20866.3302,9087.6302,11778.7,0.435516,0.564484,3
2025-09-15,original_baseline_v2,20000.0,20843.9302,9087.6302,11756.3,0.435984,0.564016,3
2025-09-16,original_baseline_v2,20000.0,20781.9302,9087.6302,11694.3,0.437285,0.562715,3
2025-09-17,original_baseline_v2,20000.0,20842.1302,9087.6302,11754.5,0.436022,0.563978,3
2025-09-18,original_baseline_v2,20000.0,20587.5302,9087.6302,11499.9,0.441414,0.558586,3
2025-09-19,original_baseline_v2,20000.0,20698.5302,9087.6302,11610.9,0.439047,0.560953,3
2025-09-22,original_baseline_v2,20000.0,20605.4302,9087.6302,11517.8,0.441031,0.558969,3
2025-09-23,original_baseline_v2,20000.0,20700.9302,9087.6302,11613.3,0.438996,0.561004,3
2025-09-24,original_baseline_v2,20000.0,20685.7302,9087.6302,11598.1,0.439319,0.560681,3
2025-09-25,original_baseline_v2,20000.0,20615.5067,9163.5067,11452.0,0.444496,0.555504,3
2025-09-26,original_baseline_v2,20000.0,20621.2067,9163.5067,11457.7,0.444373,0.555627,3
2025-09-29,original_baseline_v2,20000.0,20802.0067,9163.5067,11638.5,0.440511,0.559489,3
2025-09-30,original_baseline_v2,20000.0,20662.4067,9163.5067,11498.9,0.443487,0.556513,3
2025-10-09,original_baseline_v2,20000.0,20645.3063,8825.0063,11820.3,0.427458,0.572542,3
2025-10-10,original_baseline_v2,20000.0,20758.7929,8589.1929,12169.6,0.413762,0.586238,3
2025-10-13,original_baseline_v2,20000.0,20691.3929,8589.1929,12102.2,0.415109,0.584891,3
2025-10-14,original_baseline_v2,20000.0,20912.8929,8589.1929,12323.7,0.410713,0.589287,3
2025-10-15,original_baseline_v2,20000.0,21023.7929,8589.1929,12434.6,0.408546,0.591454,3
2025-10-16,original_baseline_v2,20000.0,21114.1929,8589.1929,12525.0,0.406797,0.593203,3
2025-10-17,original_baseline_v2,20000.0,20940.5929,8589.1929,12351.4,0.41017,0.58983,3
2025-10-20,original_baseline_v2,20000.0,20943.4929,8589.1929,12354.3,0.410113,0.589887,3
2025-10-21,original_baseline_v2,20000.0,20993.7929,8589.1929,12404.6,0.40913,0.59087,3
2025-10-22,original_baseline_v2,20000.0,20976.3929,8589.1929,12387.2,0.409469,0.590531,3
2025-10-23,original_baseline_v2,20000.0,21061.3929,8589.1929,12472.2,0.407817,0.592183,3
2025-10-24,original_baseline_v2,20000.0,20977.4929,8589.1929,12388.3,0.409448,0.590552,3
2025-10-27,original_baseline_v2,20000.0,21018.5929,8589.1929,12429.4,0.408647,0.591353,3
2025-10-28,original_baseline_v2,20000.0,21004.4929,8589.1929,12415.3,0.408922,0.591078,3
2025-10-29,original_baseline_v2,20000.0,21025.1929,8589.1929,12436.0,0.408519,0.591481,3
2025-10-30,original_baseline_v2,20000.0,20979.2929,8589.1929,12390.1,0.409413,0.590587,3
2025-10-31,original_baseline_v2,20000.0,20977.9929,8589.1929,12388.8,0.409438,0.590562,3
2025-11-03,original_baseline_v2,20000.0,21007.8483,8728.4483,12279.4,0.415485,0.584515,3
2025-11-04,original_baseline_v2,20000.0,20956.4745,8981.9745,11974.5,0.428601,0.571399,3
2025-11-05,original_baseline_v2,20000.0,20918.6745,8981.9745,11936.7,0.429376,0.570624,3
2025-11-06,original_baseline_v2,20000.0,20969.1745,8981.9745,11987.2,0.428342,0.571658,3
2025-11-07,original_baseline_v2,20000.0,20889.9745,8981.9745,11908.0,0.429966,0.570034,3
2025-11-10,original_baseline_v2,20000.0,21107.2505,9169.3505,11937.9,0.434417,0.565583,3
2025-11-11,original_baseline_v2,20000.0,21033.8505,9169.3505,11864.5,0.435933,0.564067,3
2025-11-12,original_baseline_v2,20000.0,21037.3505,9169.3505,11868.0,0.435861,0.564139,3
2025-11-13,original_baseline_v2,20000.0,21209.8505,9169.3505,12040.5,0.432316,0.567684,3
2025-11-14,original_baseline_v2,20000.0,21151.9505,9169.3505,11982.6,0.433499,0.566501,3
2025-11-17,original_baseline_v2,20000.0,21039.5505,9169.3505,11870.2,0.435815,0.564185,3
2025-11-18,original_baseline_v2,20000.0,20937.1505,9169.3505,11767.8,0.437946,0.562054,3
2025-11-19,original_baseline_v2,20000.0,20911.1505,9169.3505,11741.8,0.438491,0.561509,3
2025-11-20,original_baseline_v2,20000.0,20811.0505,9169.3505,11641.7,0.4406,0.5594,3
2025-11-21,original_baseline_v2,20000.0,20576.5505,9169.3505,11407.2,0.445621,0.554379,3
2025-11-24,original_baseline_v2,20000.0,20837.3505,9169.3505,11668.0,0.440044,0.559956,3
2025-11-25,original_baseline_v2,20000.0,20845.3505,9169.3505,11676.0,0.439875,0.560125,3
2025-11-26,original_baseline_v2,20000.0,20824.5505,9169.3505,11655.2,0.440314,0.559686,3
2025-11-27,original_baseline_v2,20000.0,20774.3505,9169.3505,11605.0,0.441378,0.558622,3
2025-11-28,original_baseline_v2,20000.0,20836.3505,9169.3505,11667.0,0.440065,0.559935,3
2025-12-01,original_baseline_v2,20000.0,20887.9505,9169.3505,11718.6,0.438978,0.561022,3
2025-12-02,original_baseline_v2,20000.0,20734.9343,9021.6343,11713.3,0.435093,0.564907,3
2025-12-03,original_baseline_v2,20000.0,20624.9891,8931.8891,11693.1,0.433062,0.566938,3
2025-12-04,original_baseline_v2,20000.0,20742.2891,8931.8891,11810.4,0.430613,0.569387,3
2025-12-05,original_baseline_v2,20000.0,20988.6891,8931.8891,12056.8,0.425557,0.574443,3
2025-12-08,original_baseline_v2,20000.0,21146.4891,8931.8891,12214.6,0.422382,0.577618,3
2025-12-09,original_baseline_v2,20000.0,21033.4924,8916.4924,12117.0,0.423919,0.576081,3
2025-12-10,original_baseline_v2,20000.0,21194.6924,8916.4924,12278.2,0.420695,0.579305,3
2025-12-11,original_baseline_v2,20000.0,20922.5924,8916.4924,12006.1,0.426166,0.573834,3
2025-12-12,original_baseline_v2,20000.0,20948.1924,8916.4924,12031.7,0.425645,0.574355,3
2025-12-15,original_baseline_v2,20000.0,20857.3924,8916.4924,11940.9,0.427498,0.572502,3
2025-12-16,original_baseline_v2,20000.0,20716.9924,8916.4924,11800.5,0.430395,0.569605,3
2025-12-17,original_baseline_v2,20000.0,20859.2924,8916.4924,11942.8,0.427459,0.572541,3
2025-12-18,original_baseline_v2,20000.0,20764.9924,8916.4924,11848.5,0.4294,0.5706,3
2025-12-19,original_baseline_v2,20000.0,20890.8924,8916.4924,11974.4,0.426812,0.573188,3
2025-12-22,original_baseline_v2,20000.0,20999.4924,8916.4924,12083.0,0.424605,0.575395,3
2025-12-23,original_baseline_v2,20000.0,20905.3924,8916.4924,11988.9,0.426516,0.573484,3
2025-12-24,original_baseline_v2,20000.0,21013.7924,8916.4924,12097.3,0.424316,0.575684,3
2025-12-25,original_baseline_v2,20000.0,21173.6924,8916.4924,12257.2,0.421112,0.578888,3
2025-12-26,original_baseline_v2,20000.0,21223.7924,8916.4924,12307.3,0.420118,0.579882,3
2025-12-29,original_baseline_v2,20000.0,21219.7924,8916.4924,12303.3,0.420197,0.579803,3
2025-12-30,original_baseline_v2,20000.0,21284.1924,8916.4924,12367.7,0.418926,0.581074,3
2025-12-31,original_baseline_v2,20000.0,21265.9502,9195.5502,12070.4,0.432407,0.567593,3
2026-01-05,original_baseline_v2,20000.0,21527.8992,9410.9992,12116.9,0.437154,0.562846,3
2026-01-06,original_baseline_v2,20000.0,21619.6992,9410.9992,12208.7,0.435297,0.564703,3
2026-01-07,original_baseline_v2,20000.0,21738.3992,9410.9992,12327.4,0.432921,0.567079,3
2026-01-08,original_baseline_v2,20000.0,21805.8992,9410.9992,12394.9,0.43158,0.56842,3
2026-01-09,original_baseline_v2,20000.0,21930.3344,9628.2344,12302.1,0.439037,0.560963,3
2026-01-12,original_baseline_v2,20000.0,21986.3344,9628.2344,12358.1,0.437919,0.562081,3
2026-01-13,original_baseline_v2,20000.0,22044.2344,9628.2344,12416.0,0.436769,0.563231,3
2026-01-14,original_baseline_v2,20000.0,21929.3344,9628.2344,12301.1,0.439057,0.560943,3
2026-01-15,original_baseline_v2,20000.0,21821.9344,9628.2344,12193.7,0.441218,0.558782,3
2026-01-16,original_baseline_v2,20000.0,21738.0344,9628.2344,12109.8,0.442921,0.557079,3
2026-01-19,original_baseline_v2,20000.0,21647.8344,9628.2344,12019.6,0.444767,0.555233,3
2026-01-20,original_baseline_v2,20000.0,21589.9344,9628.2344,11961.7,0.445959,0.554041,3
2026-01-21,original_baseline_v2,20000.0,21512.0344,9628.2344,11883.8,0.447574,0.552426,3
2026-01-22,original_baseline_v2,20000.0,21407.7344,9628.2344,11779.5,0.449755,0.550245,3
2026-01-23,original_baseline_v2,20000.0,21467.3344,9628.2344,11839.1,0.448506,0.551494,3
2026-01-26,original_baseline_v2,20000.0,21493.3344,9628.2344,11865.1,0.447964,0.552036,3
2026-01-27,original_baseline_v2,20000.0,21314.2344,9628.2344,11686.0,0.451728,0.548272,3
2026-01-28,original_baseline_v2,20000.0,21217.0344,9628.2344,11588.8,0.453797,0.546203,3
2026-01-29,original_baseline_v2,20000.0,21633.7344,9628.2344,12005.5,0.445057,0.554943,3
2026-01-30,original_baseline_v2,20000.0,21340.8344,9628.2344,11712.6,0.451165,0.548835,3
2026-02-02,original_baseline_v2,20000.0,21178.7088,9543.7088,11635.0,0.450628,0.549372,3
2026-02-03,original_baseline_v2,20000.0,21190.8882,9286.7882,11904.1,0.438244,0.561756,3
2026-02-04,original_baseline_v2,20000.0,21367.8882,9286.7882,12081.1,0.434614,0.565386,3
2026-02-05,original_baseline_v2,20000.0,21345.8882,9286.7882,12059.1,0.435062,0.564938,3
2026-02-06,original_baseline_v2,20000.0,21317.4882,9286.7882,12030.7,0.435642,0.564358,3
2026-02-09,original_baseline_v2,20000.0,21383.2891,9351.2891,12032.0,0.437318,0.562682,3
2026-02-10,original_baseline_v2,20000.0,21424.9891,9351.2891,12073.7,0.436466,0.563534,3
2026-02-11,original_baseline_v2,20000.0,21503.6891,9351.2891,12152.4,0.434869,0.565131,3
2026-02-12,original_baseline_v2,20000.0,21478.1891,9351.2891,12126.9,0.435385,0.564615,3
2026-02-13,original_baseline_v2,20000.0,21342.8891,9351.2891,11991.6,0.438145,0.561855,3
2026-02-24,original_baseline_v2,20000.0,21322.2891,9351.2891,11971.0,0.438569,0.561431,3
2026-02-25,original_baseline_v2,20000.0,21439.8891,9351.2891,12088.6,0.436163,0.563837,3
2026-02-26,original_baseline_v2,20000.0,21262.3891,9351.2891,11911.1,0.439804,0.560196,3
2026-02-27,original_baseline_v2,20000.0,21279.7891,9351.2891,11928.5,0.439445,0.560555,3
2026-03-02,original_baseline_v2,20000.0,21169.9891,9351.2891,11818.7,0.441724,0.558276,3
2026-03-03,original_baseline_v2,20000.0,20944.8891,9351.2891,11593.6,0.446471,0.553529,3
2026-03-04,original_baseline_v2,20000.0,20847.4891,9351.2891,11496.2,0.448557,0.551443,3
2026-03-05,original_baseline_v2,20000.0,20919.6891,9351.2891,11568.4,0.447009,0.552991,3
2026-03-06,original_baseline_v2,20000.0,21032.2891,9351.2891,11681.0,0.444616,0.555384,3
2026-03-09,original_baseline_v2,20000.0,20962.9891,9351.2891,11611.7,0.446086,0.553914,3
2026-03-10,original_baseline_v2,20000.0,21183.0891,9351.2891,11831.8,0.441451,0.558549,3
2026-03-11,original_baseline_v2,20000.0,21276.0421,9183.2421,12092.8,0.431624,0.568376,3
2026-03-12,original_baseline_v2,20000.0,21239.9788,9486.9788,11753.0,0.446657,0.553343,3
2026-03-13,original_baseline_v2,20000.0,21263.3788,9486.9788,11776.4,0.446165,0.553835,3
2026-03-16,original_baseline_v2,20000.0,21384.9788,9486.9788,11898.0,0.443628,0.556372,3
2026-03-17,original_baseline_v2,20000.0,21408.5788,9486.9788,11921.6,0.443139,0.556861,3
2026-03-18,original_baseline_v2,20000.0,21351.1474,9359.3474,11991.8,0.438353,0.561647,3
2026-03-19,original_baseline_v2,20000.0,21101.5474,9359.3474,11742.2,0.443538,0.556462,3
2026-03-20,original_baseline_v2,20000.0,20936.6474,9359.3474,11577.3,0.447032,0.552968,3
2026-03-23,original_baseline_v2,20000.0,20475.5474,9359.3474,11116.2,0.457099,0.542901,3
2026-03-24,original_baseline_v2,20000.0,20653.7474,9359.3474,11294.4,0.453155,0.546845,3
2026-03-25,original_baseline_v2,20000.0,20770.5474,9359.3474,11411.2,0.450607,0.549393,3
2026-03-26,original_baseline_v2,20000.0,20544.8474,9359.3474,11185.5,0.455557,0.544443,3
2026-03-27,original_baseline_v2,20000.0,20628.6474,9359.3474,11269.3,0.453706,0.546294,3
2026-03-30,original_baseline_v2,20000.0,20592.8474,9359.3474,11233.5,0.454495,0.545505,3
2026-03-31,original_baseline_v2,20000.0,20553.0474,9359.3474,11193.7,0.455375,0.544625,3
2026-04-01,original_baseline_v2,20000.0,20679.9474,9359.3474,11320.6,0.452581,0.547419,3
2026-04-02,original_baseline_v2,20000.0,20532.2474,9359.3474,11172.9,0.455836,0.544164,3
2026-04-03,original_baseline_v2,20000.0,20398.3474,9359.3474,11039.0,0.458829,0.541171,3
2026-04-07,original_baseline_v2,20000.0,20356.5474,9359.3474,10997.2,0.459771,0.540229,3
2026-04-08,original_baseline_v2,20000.0,20697.2474,9359.3474,11337.9,0.452203,0.547797,3
2026-04-09,original_baseline_v2,20000.0,20512.2474,9359.3474,11152.9,0.456281,0.543719,3
2026-04-10,original_baseline_v2,20000.0,20650.7915,9220.0915,11430.7,0.446476,0.553524,3
2026-04-13,original_baseline_v2,20000.0,20694.2085,8974.0085,11720.2,0.433648,0.566352,3
2026-04-14,original_baseline_v2,20000.0,20828.7085,8974.0085,11854.7,0.430848,0.569152,3
2026-04-15,original_baseline_v2,20000.0,20763.7085,8974.0085,11789.7,0.432197,0.567803,3
2026-04-16,original_baseline_v2,20000.0,20850.9085,8974.0085,11876.9,0.430389,0.569611,3
2026-04-17,original_baseline_v2,20000.0,20844.3811,8742.4811,12101.9,0.419417,0.580583,3
2026-04-20,original_baseline_v2,20000.0,21013.1811,8742.4811,12270.7,0.416047,0.583953,3
2026-04-21,original_baseline_v2,20000.0,20938.0811,8742.4811,12195.6,0.41754,0.58246,3
2026-04-22,original_baseline_v2,20000.0,20994.4811,8742.4811,12252.0,0.416418,0.583582,3
2026-04-23,original_baseline_v2,20000.0,20947.2811,8742.4811,12204.8,0.417356,0.582644,3
2026-04-24,original_baseline_v2,20000.0,20767.0811,8742.4811,12024.6,0.420978,0.579022,3
2026-04-27,original_baseline_v2,20000.0,20728.4811,8742.4811,11986.0,0.421762,0.578238,3
2026-04-28,original_baseline_v2,20000.0,20662.4811,8742.4811,11920.0,0.423109,0.576891,3
2026-04-29,original_baseline_v2,20000.0,20772.9811,8742.4811,12030.5,0.420858,0.579142,3
2026-04-30,original_baseline_v2,20000.0,20861.1811,8742.4811,12118.7,0.419079,0.580921,3
2026-05-06,original_baseline_v2,20000.0,21098.4811,8742.4811,12356.0,0.414365,0.585635,3
2026-05-07,original_baseline_v2,20000.0,21183.4811,8742.4811,12441.0,0.412703,0.587297,3
2026-05-08,original_baseline_v2,20000.0,21215.6811,8742.4811,12473.2,0.412076,0.587924,3
2026-05-11,original_baseline_v2,20000.0,21405.4811,8742.4811,12663.0,0.408423,0.591577,3
2026-05-12,original_baseline_v2,20000.0,21378.2811,8742.4811,12635.8,0.408942,0.591058,3
2026-05-13,original_baseline_v2,20000.0,21498.1811,8742.4811,12755.7,0.406661,0.593339,3
2026-05-14,original_baseline_v2,20000.0,21134.1187,9018.0187,12116.1,0.426704,0.573296,3
2026-05-15,original_baseline_v2,20000.0,20880.2108,9097.3108,11782.9,0.435691,0.564309,3
2026-05-18,original_baseline_v2,20000.0,20769.1108,9097.3108,11671.8,0.438021,0.561979,3
2026-05-19,original_baseline_v2,20000.0,20824.3108,9097.3108,11727.0,0.43686,0.56314,3
2026-05-20,original_baseline_v2,20000.0,20817.9108,9097.3108,11720.6,0.436994,0.563006,3
2026-05-21,original_baseline_v2,20000.0,20850.6692,9086.4692,11764.2,0.435788,0.564212,3
2026-05-22,original_baseline_v2,20000.0,20848.2692,9086.4692,11761.8,0.435838,0.564162,3
2026-05-25,original_baseline_v2,20000.0,20842.2692,9086.4692,11755.8,0.435964,0.564036,3
2026-05-26,original_baseline_v2,20000.0,20940.8692,9086.4692,11854.4,0.433911,0.566089,3
2026-05-27,original_baseline_v2,20000.0,20841.9692,9086.4692,11755.5,0.43597,0.56403,3
2026-05-28,original_baseline_v2,20000.0,20625.1692,9086.4692,11538.7,0.440552,0.559448,3
2026-05-29,original_baseline_v2,20000.0,20780.7692,9086.4692,11694.3,0.437254,0.562746,3
2026-06-01,original_baseline_v2,20000.0,20700.4692,9086.4692,11614.0,0.43895,0.56105,3
2026-06-02,original_baseline_v2,20000.0,20696.8692,9086.4692,11610.4,0.439026,0.560974,3
2026-06-03,original_baseline_v2,20000.0,20630.0692,9086.4692,11543.6,0.440448,0.559552,3
2026-06-04,original_baseline_v2,20000.0,20370.7692,9086.4692,11284.3,0.446054,0.553946,3
2026-06-05,original_baseline_v2,20000.0,20282.7692,9086.4692,11196.3,0.44799,0.55201,3
2026-06-08,original_baseline_v2,20000.0,19921.9692,9086.4692,10835.5,0.456103,0.543897,3
2026-06-09,original_baseline_v2,20000.0,19998.3692,9086.4692,10911.9,0.454361,0.545639,3
2026-06-10,original_baseline_v2,20000.0,20049.2692,9086.4692,10962.8,0.453207,0.546793,3
2026-06-11,original_baseline_v2,20000.0,20086.0692,9086.4692,10999.6,0.452377,0.547623,3
2026-06-12,original_baseline_v2,20000.0,20351.8842,8717.5842,11634.3,0.428343,0.571657,3
2026-06-15,original_baseline_v2,20000.0,20509.1966,8475.0966,12034.1,0.413234,0.586766,3
2026-06-16,original_baseline_v2,20000.0,20403.6966,8475.0966,11928.6,0.415371,0.584629,3
2026-06-17,original_baseline_v2,20000.0,20457.6966,8475.0966,11982.6,0.414274,0.585726,3
2026-06-18,original_baseline_v2,20000.0,20328.4351,20328.4351,0.0,1.0,0.0,0
2025-05-30,adjusted_preview_baseline_v2,20000.0,20000.0,20000.0,0.0,1.0,0.0,0
2025-05-30,adjusted_preview_baseline_v2,20000.0,20027.5791,8245.0791,11782.5,0.411686,0.588314,3
2025-06-03,adjusted_preview_baseline_v2,20000.0,20018.7791,8245.0791,11773.7,0.411867,0.588133,3
2025-06-04,adjusted_preview_baseline_v2,20000.0,20122.6791,8245.0791,11877.6,0.409741,0.590259,3
2025-06-05,adjusted_preview_baseline_v2,20000.0,20192.1791,8245.0791,11947.1,0.40833,0.59167,3
2025-06-06,adjusted_preview_baseline_v2,20000.0,20164.5791,8245.0791,11919.5,0.408889,0.591111,3
2025-06-09,adjusted_preview_baseline_v2,20000.0,20248.5791,8245.0791,12003.5,0.407193,0.592807,3
2025-06-10,adjusted_preview_baseline_v2,20000.0,20102.1791,8245.0791,11857.1,0.410158,0.589842,3
2025-06-11,adjusted_preview_baseline_v2,20000.0,20176.9791,8245.0791,11931.9,0.408638,0.591362,3
2025-06-12,adjusted_preview_baseline_v2,20000.0,20119.9791,8245.0791,11874.9,0.409796,0.590204,3
2025-06-13,adjusted_preview_baseline_v2,20000.0,19978.0791,8245.0791,11733.0,0.412706,0.587294,3
2025-06-16,adjusted_preview_baseline_v2,20000.0,20071.1791,8245.0791,11826.1,0.410792,0.589208,3
2025-06-17,adjusted_preview_baseline_v2,20000.0,20022.4791,8245.0791,11777.4,0.411791,0.588209,3
2025-06-18,adjusted_preview_baseline_v2,20000.0,20008.3791,8245.0791,11763.3,0.412081,0.587919,3
2025-06-19,adjusted_preview_baseline_v2,20000.0,19839.0791,8245.0791,11594.0,0.415598,0.584402,3
2025-06-20,adjusted_preview_baseline_v2,20000.0,19828.6791,8245.0791,11583.6,0.415816,0.584184,3
2025-06-23,adjusted_preview_baseline_v2,20000.0,19887.4791,8245.0791,11642.4,0.414586,0.585414,3
2025-06-24,adjusted_preview_baseline_v2,20000.0,20060.4791,8245.0791,11815.4,0.411011,0.588989,3
2025-06-25,adjusted_preview_baseline_v2,20000.0,20239.8791,8245.0791,11994.8,0.407368,0.592632,3
2025-06-26,adjusted_preview_baseline_v2,20000.0,20155.3791,8245.0791,11910.3,0.409076,0.590924,3
2025-06-27,adjusted_preview_baseline_v2,20000.0,20198.3791,8245.0791,11953.3,0.408205,0.591795,3
2025-06-30,adjusted_preview_baseline_v2,20000.0,20377.7791,8245.0791,12132.7,0.404611,0.595389,3
2025-07-01,adjusted_preview_baseline_v2,20000.0,20259.6043,8416.6043,11843.0,0.415438,0.584562,3
2025-07-02,adjusted_preview_baseline_v2,20000.0,20267.0043,8416.6043,11850.4,0.415286,0.584714,3
2025-07-03,adjusted_preview_baseline_v2,20000.0,20307.6043,8416.6043,11891.0,0.414456,0.585544,3
2025-07-04,adjusted_preview_baseline_v2,20000.0,20327.9042,8416.6043,11911.3,0.414042,0.585958,3
2025-07-07,adjusted_preview_baseline_v2,20000.0,20256.3043,8416.6043,11839.7,0.415505,0.584495,3
2025-07-08,adjusted_preview_baseline_v2,20000.0,20330.5043,8416.6043,11913.9,0.413989,0.586011,3
2025-07-09,adjusted_preview_baseline_v2,20000.0,20400.8043,8416.6043,11984.2,0.412562,0.587438,3
2025-07-10,adjusted_preview_baseline_v2,20000.0,20447.5043,8416.6043,12030.9,0.41162,0.58838,3
2025-07-11,adjusted_preview_baseline_v2,20000.0,20581.3043,8416.6043,12164.7,0.408944,0.591056,3
2025-07-14,adjusted_preview_baseline_v2,20000.0,20575.4042,8416.6043,12158.8,0.409061,0.590939,3
2025-07-15,adjusted_preview_baseline_v2,20000.0,20518.9043,8416.6043,12102.3,0.410188,0.589812,3
2025-07-16,adjusted_preview_baseline_v2,20000.0,20552.5043,8416.6043,12135.9,0.409517,0.590483,3
2025-07-17,adjusted_preview_baseline_v2,20000.0,20635.9042,8416.6043,12219.3,0.407862,0.592138,3
2025-07-18,adjusted_preview_baseline_v2,20000.0,20760.3043,8416.6043,12343.7,0.405418,0.594582,3
2025-07-21,adjusted_preview_baseline_v2,20000.0,20780.8043,8416.6043,12364.2,0.405018,0.594982,3
2025-07-22,adjusted_preview_baseline_v2,20000.0,20991.8043,8416.6043,12575.2,0.400947,0.599053,3
2025-07-23,adjusted_preview_baseline_v2,20000.0,20956.9042,8416.6043,12540.3,0.401615,0.598385,3
2025-07-24,adjusted_preview_baseline_v2,20000.0,21080.9042,8416.6043,12664.3,0.399253,0.600747,3
2025-07-25,adjusted_preview_baseline_v2,20000.0,20968.1043,8416.6043,12551.5,0.4014,0.5986,3
2025-07-28,adjusted_preview_baseline_v2,20000.0,21082.7721,12850.7721,8232.0,0.609539,0.390461,2
2025-07-29,adjusted_preview_baseline_v2,20000.0,21052.575,8854.275,12198.3,0.420579,0.579421,3
2025-07-30,adjusted_preview_baseline_v2,20000.0,21124.7003,13422.4003,7702.3,0.635389,0.364611,2
2025-07-31,adjusted_preview_baseline_v2,20000.0,21076.8321,9522.2321,11554.6,0.451787,0.548213,3
2025-08-01,adjusted_preview_baseline_v2,20000.0,21104.6321,9522.2321,11582.4,0.451192,0.548808,3
2025-08-04,adjusted_preview_baseline_v2,20000.0,21194.9321,9522.2321,11672.7,0.449269,0.550731,3
2025-08-05,adjusted_preview_baseline_v2,20000.0,21303.4321,9522.2321,11781.2,0.446981,0.553019,3
2025-08-06,adjusted_preview_baseline_v2,20000.0,21308.5321,9522.2321,11786.3,0.446874,0.553126,3
2025-08-07,adjusted_preview_baseline_v2,20000.0,21351.8321,9522.2321,11829.6,0.445968,0.554032,3
2025-08-08,adjusted_preview_baseline_v2,20000.0,21348.3321,9522.2321,11826.1,0.446041,0.553959,3
2025-08-11,adjusted_preview_baseline_v2,20000.0,21252.8321,9522.2321,11730.6,0.448045,0.551955,3
2025-08-12,adjusted_preview_baseline_v2,20000.0,21253.8321,9522.2321,11731.6,0.448024,0.551976,3
2025-08-13,adjusted_preview_baseline_v2,20000.0,21211.0321,9522.2321,11688.8,0.448928,0.551072,3
2025-08-14,adjusted_preview_baseline_v2,20000.0,21214.1321,9522.2321,11691.9,0.448863,0.551137,3
2025-08-15,adjusted_preview_baseline_v2,20000.0,21133.0321,9522.2321,11610.8,0.450585,0.549415,3
2025-08-18,adjusted_preview_baseline_v2,20000.0,21155.0321,9522.2321,11632.8,0.450117,0.549883,3
2025-08-19,adjusted_preview_baseline_v2,20000.0,21145.4321,9522.2321,11623.2,0.450321,0.549679,3
2025-08-20,adjusted_preview_baseline_v2,20000.0,21192.0321,9522.2321,11669.8,0.449331,0.550669,3
2025-08-21,adjusted_preview_baseline_v2,20000.0,21243.9321,9522.2321,11721.7,0.448233,0.551767,3
2025-08-22,adjusted_preview_baseline_v2,20000.0,21205.3321,9522.2321,11683.1,0.449049,0.550951,3
2025-08-25,adjusted_preview_baseline_v2,20000.0,21291.0321,9522.2321,11768.8,0.447241,0.552759,3
2025-08-26,adjusted_preview_baseline_v2,20000.0,21268.6321,9522.2321,11746.4,0.447712,0.552288,3
2025-08-27,adjusted_preview_baseline_v2,20000.0,21138.3527,9446.2527,11692.1,0.446877,0.553123,3
2025-08-28,adjusted_preview_baseline_v2,20000.0,21119.9307,13180.1307,7939.8,0.624061,0.375939,2
2025-08-29,adjusted_preview_baseline_v2,20000.0,21099.9486,17114.1486,3985.8,0.811099,0.188901,1
2025-09-01,adjusted_preview_baseline_v2,20000.0,21107.7486,17114.1486,3993.6,0.810799,0.189201,1
2025-09-02,adjusted_preview_baseline_v2,20000.0,21074.2701,13179.5701,7894.7,0.625387,0.374613,2
2025-09-03,adjusted_preview_baseline_v2,20000.0,20942.1763,9194.1763,11748.0,0.439027,0.560973,3
2025-09-04,adjusted_preview_baseline_v2,20000.0,21010.1763,9194.1763,11816.0,0.437606,0.562394,3
2025-09-05,adjusted_preview_baseline_v2,20000.0,21005.6763,9194.1763,11811.5,0.4377,0.5623,3
2025-09-08,adjusted_preview_baseline_v2,20000.0,20985.7763,9194.1763,11791.6,0.438115,0.561885,3
2025-09-09,adjusted_preview_baseline_v2,20000.0,21023.5763,9194.1763,11829.4,0.437327,0.562673,3
2025-09-10,adjusted_preview_baseline_v2,20000.0,20998.8763,9194.1763,11804.7,0.437841,0.562159,3
2025-09-11,adjusted_preview_baseline_v2,20000.0,21081.2763,9194.1763,11887.1,0.43613,0.56387,3
2025-09-12,adjusted_preview_baseline_v2,20000.0,20972.8763,9194.1763,11778.7,0.438384,0.561616,3
2025-09-15,adjusted_preview_baseline_v2,20000.0,20950.4763,9194.1763,11756.3,0.438853,0.561147,3
2025-09-16,adjusted_preview_baseline_v2,20000.0,20888.4763,9194.1763,11694.3,0.440155,0.559845,3
2025-09-17,adjusted_preview_baseline_v2,20000.0,20948.6763,9194.1763,11754.5,0.438891,0.561109,3
2025-09-18,adjusted_preview_baseline_v2,20000.0,20694.0763,9194.1763,11499.9,0.44429,0.55571,3
2025-09-19,adjusted_preview_baseline_v2,20000.0,20805.0763,9194.1763,11610.9,0.44192,0.55808,3
2025-09-22,adjusted_preview_baseline_v2,20000.0,20711.9763,9194.1763,11517.8,0.443906,0.556094,3
2025-09-23,adjusted_preview_baseline_v2,20000.0,20807.4763,9194.1763,11613.3,0.441869,0.558131,3
2025-09-24,adjusted_preview_baseline_v2,20000.0,20792.2763,9194.1763,11598.1,0.442192,0.557808,3
2025-09-25,adjusted_preview_baseline_v2,20000.0,20722.0529,9270.0529,11452.0,0.447352,0.552648,3
2025-09-26,adjusted_preview_baseline_v2,20000.0,20727.7529,9270.0529,11457.7,0.447229,0.552771,3
2025-09-29,adjusted_preview_baseline_v2,20000.0,20908.5529,9270.0529,11638.5,0.443362,0.556638,3
2025-09-30,adjusted_preview_baseline_v2,20000.0,20768.9529,9270.0529,11498.9,0.446342,0.553658,3
2025-10-09,adjusted_preview_baseline_v2,20000.0,20751.8525,8931.5525,11820.3,0.430398,0.569602,3
2025-10-10,adjusted_preview_baseline_v2,20000.0,20865.3391,8695.7391,12169.6,0.416755,0.583245,3
2025-10-13,adjusted_preview_baseline_v2,20000.0,20797.9391,8695.7391,12102.2,0.418106,0.581894,3
2025-10-14,adjusted_preview_baseline_v2,20000.0,21019.4391,8695.7391,12323.7,0.4137,0.5863,3
2025-10-15,adjusted_preview_baseline_v2,20000.0,21130.3391,8695.7391,12434.6,0.411529,0.588471,3
2025-10-16,adjusted_preview_baseline_v2,20000.0,21220.7391,8695.7391,12525.0,0.409776,0.590224,3
2025-10-17,adjusted_preview_baseline_v2,20000.0,21047.1391,8695.7391,12351.4,0.413155,0.586845,3
2025-10-20,adjusted_preview_baseline_v2,20000.0,21050.0391,8695.7391,12354.3,0.413098,0.586902,3
2025-10-21,adjusted_preview_baseline_v2,20000.0,21100.3391,8695.7391,12404.6,0.412114,0.587886,3
2025-10-22,adjusted_preview_baseline_v2,20000.0,21082.9391,8695.7391,12387.2,0.412454,0.587546,3
2025-10-23,adjusted_preview_baseline_v2,20000.0,21167.9391,8695.7391,12472.2,0.410798,0.589202,3
2025-10-24,adjusted_preview_baseline_v2,20000.0,21084.0391,8695.7391,12388.3,0.412432,0.587568,3
2025-10-27,adjusted_preview_baseline_v2,20000.0,21125.1391,8695.7391,12429.4,0.41163,0.58837,3
2025-10-28,adjusted_preview_baseline_v2,20000.0,21111.0391,8695.7391,12415.3,0.411905,0.588095,3
2025-10-29,adjusted_preview_baseline_v2,20000.0,21131.7391,8695.7391,12436.0,0.411501,0.588499,3
2025-10-30,adjusted_preview_baseline_v2,20000.0,21070.9778,8957.8778,12113.1,0.425129,0.574871,3
2025-10-31,adjusted_preview_baseline_v2,20000.0,21255.8778,8957.8778,12298.0,0.421431,0.578569,3
2025-11-03,adjusted_preview_baseline_v2,20000.0,21282.3778,8957.8778,12324.5,0.420906,0.579094,3
2025-11-04,adjusted_preview_baseline_v2,20000.0,21199.204,9211.404,11987.8,0.434517,0.565483,3
2025-11-05,adjusted_preview_baseline_v2,20000.0,21161.804,9211.404,11950.4,0.435284,0.564716,3
2025-11-06,adjusted_preview_baseline_v2,20000.0,21212.304,9211.404,12000.9,0.434248,0.565752,3
2025-11-07,adjusted_preview_baseline_v2,20000.0,21133.104,9211.404,11921.7,0.435876,0.564124,3
2025-11-10,adjusted_preview_baseline_v2,20000.0,21350.4799,9398.7799,11951.7,0.440214,0.559786,3
2025-11-11,adjusted_preview_baseline_v2,20000.0,21277.2799,9398.7799,11878.5,0.441728,0.558272,3
2025-11-12,adjusted_preview_baseline_v2,20000.0,21280.4799,9398.7799,11881.7,0.441662,0.558338,3
2025-11-13,adjusted_preview_baseline_v2,20000.0,21452.7799,9398.7799,12054.0,0.438115,0.561885,3
2025-11-14,adjusted_preview_baseline_v2,20000.0,21394.4799,9398.7799,11995.7,0.439309,0.560691,3
2025-11-17,adjusted_preview_baseline_v2,20000.0,21282.1799,9398.7799,11883.4,0.441627,0.558373,3
2025-11-18,adjusted_preview_baseline_v2,20000.0,21179.8799,9398.7799,11781.1,0.44376,0.55624,3
2025-11-19,adjusted_preview_baseline_v2,20000.0,21154.2799,9398.7799,11755.5,0.444297,0.555703,3
2025-11-20,adjusted_preview_baseline_v2,20000.0,21053.6799,9398.7799,11654.9,0.44642,0.55358,3
2025-11-21,adjusted_preview_baseline_v2,20000.0,20819.2799,9398.7799,11420.5,0.451446,0.548554,3
2025-11-24,adjusted_preview_baseline_v2,20000.0,21080.0799,9398.7799,11681.3,0.445861,0.554139,3
2025-11-25,adjusted_preview_baseline_v2,20000.0,21087.9799,9398.7799,11689.2,0.445694,0.554306,3
2025-11-26,adjusted_preview_baseline_v2,20000.0,21066.6799,9398.7799,11667.9,0.446144,0.553856,3
2025-11-27,adjusted_preview_baseline_v2,20000.0,21016.4799,9398.7799,11617.7,0.44721,0.55279,3
2025-11-28,adjusted_preview_baseline_v2,20000.0,21066.2345,9332.6345,11733.6,0.443014,0.556986,3
2025-12-01,adjusted_preview_baseline_v2,20000.0,21153.8345,9332.6345,11821.2,0.441179,0.558821,3
2025-12-02,adjusted_preview_baseline_v2,20000.0,21037.9345,9332.6345,11705.3,0.44361,0.55639,3
2025-12-03,adjusted_preview_baseline_v2,20000.0,20940.4846,9207.2846,11733.2,0.439688,0.560312,3
2025-12-04,adjusted_preview_baseline_v2,20000.0,21102.6846,9207.2846,11895.4,0.436309,0.563691,3
2025-12-05,adjusted_preview_baseline_v2,20000.0,21247.0846,9207.2846,12039.8,0.433343,0.566657,3
2025-12-08,adjusted_preview_baseline_v2,20000.0,21402.0846,9207.2846,12194.8,0.430205,0.569795,3
2025-12-09,adjusted_preview_baseline_v2,20000.0,21326.0879,9191.8879,12134.2,0.431016,0.568984,3
2025-12-10,adjusted_preview_baseline_v2,20000.0,21473.1879,9191.8879,12281.3,0.428063,0.571937,3
2025-12-11,adjusted_preview_baseline_v2,20000.0,21188.7879,9191.8879,11996.9,0.433809,0.566191,3
2025-12-12,adjusted_preview_baseline_v2,20000.0,21269.3879,9191.8879,12077.5,0.432165,0.567835,3
2025-12-15,adjusted_preview_baseline_v2,20000.0,21074.0879,9191.8879,11882.2,0.43617,0.56383,3
2025-12-16,adjusted_preview_baseline_v2,20000.0,20883.0879,9191.8879,11691.2,0.440159,0.559841,3
2025-12-17,adjusted_preview_baseline_v2,20000.0,21041.8879,9191.8879,11850.0,0.436838,0.563162,3
2025-12-18,adjusted_preview_baseline_v2,20000.0,20930.3879,9191.8879,11738.5,0.439165,0.560835,3
2025-12-19,adjusted_preview_baseline_v2,20000.0,21050.8879,9191.8879,11859.0,0.436651,0.563349,3
2025-12-22,adjusted_preview_baseline_v2,20000.0,21231.9879,9191.8879,12040.1,0.432926,0.567074,3
2025-12-23,adjusted_preview_baseline_v2,20000.0,21165.9879,9191.8879,11974.1,0.434276,0.565724,3
2025-12-24,adjusted_preview_baseline_v2,20000.0,21274.6879,9191.8879,12082.8,0.432057,0.567943,3
2025-12-25,adjusted_preview_baseline_v2,20000.0,21421.4879,9191.8879,12229.6,0.429097,0.570903,3
2025-12-26,adjusted_preview_baseline_v2,20000.0,21435.6879,9191.8879,12243.8,0.428812,0.571188,3
2025-12-29,adjusted_preview_baseline_v2,20000.0,21423.3797,9320.1797,12103.2,0.435047,0.564953,3
2025-12-30,adjusted_preview_baseline_v2,20000.0,21403.0797,9320.1797,12082.9,0.43546,0.56454,3
2025-12-31,adjusted_preview_baseline_v2,20000.0,21382.4797,9320.1797,12062.3,0.435879,0.564121,3
2026-01-05,adjusted_preview_baseline_v2,20000.0,21764.4136,9677.2136,12087.2,0.444635,0.555365,3
2026-01-06,adjusted_preview_baseline_v2,20000.0,21910.1136,9677.2136,12232.9,0.441678,0.558322,3
2026-01-07,adjusted_preview_baseline_v2,20000.0,22125.9136,9677.2136,12448.7,0.43737,0.56263,3
2026-01-08,adjusted_preview_baseline_v2,20000.0,22189.6136,9677.2136,12512.4,0.436115,0.563885,3
2026-01-09,adjusted_preview_baseline_v2,20000.0,22268.2488,9894.4488,12373.8,0.44433,0.55567,3
2026-01-12,adjusted_preview_baseline_v2,20000.0,22304.4488,9894.4488,12410.0,0.443609,0.556391,3
2026-01-13,adjusted_preview_baseline_v2,20000.0,22270.2488,9894.4488,12375.8,0.44429,0.55571,3
2026-01-14,adjusted_preview_baseline_v2,20000.0,22157.7488,9894.4488,12263.3,0.446546,0.553454,3
2026-01-15,adjusted_preview_baseline_v2,20000.0,22074.0488,9894.4488,12179.6,0.448239,0.551761,3
2026-01-16,adjusted_preview_baseline_v2,20000.0,21965.1488,9894.4488,12070.7,0.450461,0.549539,3
2026-01-19,adjusted_preview_baseline_v2,20000.0,21974.6488,9894.4488,12080.2,0.450267,0.549733,3
2026-01-20,adjusted_preview_baseline_v2,20000.0,22012.6488,9894.4488,12118.2,0.449489,0.550511,3
2026-01-21,adjusted_preview_baseline_v2,20000.0,21897.5488,9894.4488,12003.1,0.451852,0.548148,3
2026-01-22,adjusted_preview_baseline_v2,20000.0,21908.1488,9894.4488,12013.7,0.451633,0.548367,3
2026-01-23,adjusted_preview_baseline_v2,20000.0,21893.1488,9894.4488,11998.7,0.451943,0.548057,3
2026-01-26,adjusted_preview_baseline_v2,20000.0,21978.3488,9894.4488,12083.9,0.450191,0.549809,3
2026-01-27,adjusted_preview_baseline_v2,20000.0,21747.7488,9894.4488,11853.3,0.454964,0.545036,3
2026-01-28,adjusted_preview_baseline_v2,20000.0,21899.2488,9894.4488,12004.8,0.451817,0.548183,3
2026-01-29,adjusted_preview_baseline_v2,20000.0,22289.7641,9885.3641,12404.4,0.443493,0.556507,3
2026-01-30,adjusted_preview_baseline_v2,20000.0,22081.1641,9885.3641,12195.8,0.447683,0.552317,3
2026-02-02,adjusted_preview_baseline_v2,20000.0,21890.0641,9885.3641,12004.7,0.451591,0.548409,3
2026-02-03,adjusted_preview_baseline_v2,20000.0,21889.4733,10058.5733,11830.9,0.459516,0.540484,3
2026-02-04,adjusted_preview_baseline_v2,20000.0,22069.3733,10058.5733,12010.8,0.455771,0.544229,3
2026-02-05,adjusted_preview_baseline_v2,20000.0,22201.0733,10058.5733,12142.5,0.453067,0.546933,3
2026-02-06,adjusted_preview_baseline_v2,20000.0,22090.2733,10058.5733,12031.7,0.455339,0.544661,3
2026-02-09,adjusted_preview_baseline_v2,20000.0,22124.4743,10123.0743,12001.4,0.457551,0.542449,3
2026-02-10,adjusted_preview_baseline_v2,20000.0,22191.5743,10123.0743,12068.5,0.456167,0.543833,3
2026-02-11,adjusted_preview_baseline_v2,20000.0,22193.0743,10123.0743,12070.0,0.456137,0.543863,3
2026-02-12,adjusted_preview_baseline_v2,20000.0,22064.5743,10123.0743,11941.5,0.458793,0.541207,3
2026-02-13,adjusted_preview_baseline_v2,20000.0,21953.1743,10123.0743,11830.1,0.461121,0.538879,3
2026-02-24,adjusted_preview_baseline_v2,20000.0,21895.7743,10123.0743,11772.7,0.46233,0.53767,3
2026-02-25,adjusted_preview_baseline_v2,20000.0,21910.6743,10123.0743,11787.6,0.462016,0.537984,3
2026-02-26,adjusted_preview_baseline_v2,20000.0,21802.7743,10123.0743,11679.7,0.464302,0.535698,3
2026-02-27,adjusted_preview_baseline_v2,20000.0,21813.8743,10123.0743,11690.8,0.464066,0.535934,3
2026-03-02,adjusted_preview_baseline_v2,20000.0,21720.6743,10123.0743,11597.6,0.466057,0.533943,3
2026-03-03,adjusted_preview_baseline_v2,20000.0,21656.6743,10123.0743,11533.6,0.467434,0.532566,3
2026-03-04,adjusted_preview_baseline_v2,20000.0,21517.1743,10123.0743,11394.1,0.470465,0.529535,3
2026-03-05,adjusted_preview_baseline_v2,20000.0,21622.5743,10123.0743,11499.5,0.468172,0.531828,3
2026-03-06,adjusted_preview_baseline_v2,20000.0,21759.2743,10123.0743,11636.2,0.46523,0.53477,3
2026-03-09,adjusted_preview_baseline_v2,20000.0,21591.5053,10139.5053,11452.0,0.469606,0.530394,3
2026-03-10,adjusted_preview_baseline_v2,20000.0,21772.3053,10139.5053,11632.8,0.465707,0.534293,3
2026-03-11,adjusted_preview_baseline_v2,20000.0,21778.6053,10139.5053,11639.1,0.465572,0.534428,3
2026-03-12,adjusted_preview_baseline_v2,20000.0,21718.66,9965.66,11753.0,0.458852,0.541148,3
2026-03-13,adjusted_preview_baseline_v2,20000.0,21742.06,9965.66,11776.4,0.458359,0.541641,3
2026-03-16,adjusted_preview_baseline_v2,20000.0,21863.66,9965.66,11898.0,0.455809,0.544191,3
2026-03-17,adjusted_preview_baseline_v2,20000.0,21887.26,9965.66,11921.6,0.455318,0.544682,3
2026-03-18,adjusted_preview_baseline_v2,20000.0,21829.8287,9838.0287,11991.8,0.450669,0.549331,3
2026-03-19,adjusted_preview_baseline_v2,20000.0,21580.2287,9838.0287,11742.2,0.455882,0.544118,3
2026-03-20,adjusted_preview_baseline_v2,20000.0,21415.3287,9838.0287,11577.3,0.459392,0.540608,3
2026-03-23,adjusted_preview_baseline_v2,20000.0,20954.2287,9838.0287,11116.2,0.469501,0.530499,3
2026-03-24,adjusted_preview_baseline_v2,20000.0,21132.4287,9838.0287,11294.4,0.465542,0.534458,3
2026-03-25,adjusted_preview_baseline_v2,20000.0,21249.2287,9838.0287,11411.2,0.462983,0.537017,3
2026-03-26,adjusted_preview_baseline_v2,20000.0,21023.5287,9838.0287,11185.5,0.467953,0.532047,3
2026-03-27,adjusted_preview_baseline_v2,20000.0,21107.3287,9838.0287,11269.3,0.466095,0.533905,3
2026-03-30,adjusted_preview_baseline_v2,20000.0,21071.5287,9838.0287,11233.5,0.466887,0.533113,3
2026-03-31,adjusted_preview_baseline_v2,20000.0,21031.7287,9838.0287,11193.7,0.467771,0.532229,3
2026-04-01,adjusted_preview_baseline_v2,20000.0,21158.6287,9838.0287,11320.6,0.464965,0.535035,3
2026-04-02,adjusted_preview_baseline_v2,20000.0,21010.9287,9838.0287,11172.9,0.468234,0.531766,3
2026-04-03,adjusted_preview_baseline_v2,20000.0,20877.0287,9838.0287,11039.0,0.471237,0.528763,3
2026-04-07,adjusted_preview_baseline_v2,20000.0,20835.2287,9838.0287,10997.2,0.472182,0.527818,3
2026-04-08,adjusted_preview_baseline_v2,20000.0,21178.0503,9494.2503,11683.8,0.448306,0.551694,3
2026-04-09,adjusted_preview_baseline_v2,20000.0,21014.3503,9494.2503,11520.1,0.451798,0.548202,3
2026-04-10,adjusted_preview_baseline_v2,20000.0,21164.2503,9494.2503,11670.0,0.448598,0.551402,3
2026-04-13,adjusted_preview_baseline_v2,20000.0,21143.2148,9423.0148,11720.2,0.445676,0.554324,3
2026-04-14,adjusted_preview_baseline_v2,20000.0,21277.7148,9423.0148,11854.7,0.442858,0.557142,3
2026-04-15,adjusted_preview_baseline_v2,20000.0,21212.7148,9423.0148,11789.7,0.444215,0.555785,3
2026-04-16,adjusted_preview_baseline_v2,20000.0,21299.9148,9423.0148,11876.9,0.442397,0.557603,3
2026-04-17,adjusted_preview_baseline_v2,20000.0,21320.4105,9268.5105,12051.9,0.434725,0.565275,3
2026-04-20,adjusted_preview_baseline_v2,20000.0,21476.1105,9268.5105,12207.6,0.431573,0.568427,3
2026-04-21,adjusted_preview_baseline_v2,20000.0,21420.3105,9268.5105,12151.8,0.432697,0.567303,3
2026-04-22,adjusted_preview_baseline_v2,20000.0,21463.0105,9268.5105,12194.5,0.431836,0.568164,3
2026-04-23,adjusted_preview_baseline_v2,20000.0,21426.7105,9268.5105,12158.2,0.432568,0.567432,3
2026-04-24,adjusted_preview_baseline_v2,20000.0,21258.3105,9268.5105,11989.8,0.435995,0.564005,3
2026-04-27,adjusted_preview_baseline_v2,20000.0,21207.6105,9268.5105,11939.1,0.437037,0.562963,3
2026-04-28,adjusted_preview_baseline_v2,20000.0,21107.5105,9268.5105,11839.0,0.43911,0.56089,3
2026-04-29,adjusted_preview_baseline_v2,20000.0,21277.0105,9268.5105,12008.5,0.435612,0.564388,3
2026-04-30,adjusted_preview_baseline_v2,20000.0,21425.0105,9268.5105,12156.5,0.432602,0.567398,3
2026-05-06,adjusted_preview_baseline_v2,20000.0,21670.3105,9268.5105,12401.8,0.427705,0.572295,3
2026-05-07,adjusted_preview_baseline_v2,20000.0,21796.2105,9268.5105,12527.7,0.425235,0.574765,3
2026-05-08,adjusted_preview_baseline_v2,20000.0,21912.1105,9268.5105,12643.6,0.422986,0.577014,3
2026-05-11,adjusted_preview_baseline_v2,20000.0,22097.8105,9268.5105,12829.3,0.419431,0.580569,3
2026-05-12,adjusted_preview_baseline_v2,20000.0,22015.4005,9649.5005,12365.9,0.438307,0.561693,3
2026-05-13,adjusted_preview_baseline_v2,20000.0,21991.5005,9649.5005,12342.0,0.438783,0.561217,3
2026-05-14,adjusted_preview_baseline_v2,20000.0,21860.9005,9649.5005,12211.4,0.441405,0.558595,3
2026-05-15,adjusted_preview_baseline_v2,20000.0,21602.6889,9716.1889,11886.5,0.449768,0.550232,3
2026-05-18,adjusted_preview_baseline_v2,20000.0,21444.5889,9716.1889,11728.4,0.453083,0.546917,3
2026-05-19,adjusted_preview_baseline_v2,20000.0,21497.2889,9716.1889,11781.1,0.451973,0.548027,3
2026-05-20,adjusted_preview_baseline_v2,20000.0,21488.0889,9716.1889,11771.9,0.452166,0.547834,3
2026-05-21,adjusted_preview_baseline_v2,20000.0,21356.6717,9623.8717,11732.8,0.450626,0.549374,3
2026-05-22,adjusted_preview_baseline_v2,20000.0,21355.3717,9623.8717,11731.5,0.450653,0.549347,3
2026-05-25,adjusted_preview_baseline_v2,20000.0,21347.7717,9623.8717,11723.9,0.450814,0.549186,3
2026-05-26,adjusted_preview_baseline_v2,20000.0,21447.0717,9623.8717,11823.2,0.448727,0.551273,3
2026-05-27,adjusted_preview_baseline_v2,20000.0,21346.1717,9623.8717,11722.3,0.450848,0.549152,3
2026-05-28,adjusted_preview_baseline_v2,20000.0,21130.0717,9623.8717,11506.2,0.455459,0.544541,3
2026-05-29,adjusted_preview_baseline_v2,20000.0,21284.1717,9623.8717,11660.3,0.452161,0.547839,3
2026-06-01,adjusted_preview_baseline_v2,20000.0,21203.4717,9623.8717,11579.6,0.453882,0.546118,3
2026-06-02,adjusted_preview_baseline_v2,20000.0,21200.4717,9623.8717,11576.6,0.453946,0.546054,3
2026-06-03,adjusted_preview_baseline_v2,20000.0,21133.4717,9623.8717,11509.6,0.455385,0.544615,3
2026-06-04,adjusted_preview_baseline_v2,20000.0,20875.7717,9623.8717,11251.9,0.461007,0.538993,3
2026-06-05,adjusted_preview_baseline_v2,20000.0,20787.7717,9623.8717,11163.9,0.462958,0.537042,3
2026-06-08,adjusted_preview_baseline_v2,20000.0,20427.3717,9623.8717,10803.5,0.471126,0.528874,3
2026-06-09,adjusted_preview_baseline_v2,20000.0,20504.7717,9623.8717,10880.9,0.469348,0.530652,3
2026-06-10,adjusted_preview_baseline_v2,20000.0,20572.4946,9229.1946,11343.3,0.448618,0.551382,3
2026-06-11,adjusted_preview_baseline_v2,20000.0,20616.4946,9229.1946,11387.3,0.447661,0.552339,3
2026-06-12,adjusted_preview_baseline_v2,20000.0,20984.6946,9229.1946,11755.5,0.439806,0.560194,3
2026-06-15,adjusted_preview_baseline_v2,20000.0,21188.701,8901.401,12287.3,0.420101,0.579899,3
2026-06-16,adjusted_preview_baseline_v2,20000.0,21083.401,8901.401,12182.0,0.422199,0.577801,3
2026-06-17,adjusted_preview_baseline_v2,20000.0,21141.801,8901.401,12240.4,0.421033,0.578967,3
2026-06-18,adjusted_preview_baseline_v2,20000.0,21010.0628,21010.0628,0.0,1.0,0.0,0
2025-05-30,momentum_trend_confirmation_v2,20000.0,20000.0,20000.0,0.0,1.0,0.0,0
2025-05-30,momentum_trend_confirmation_v2,20000.0,20000.0,20000.0,0.0,1.0,0.0,0
2025-06-03,momentum_trend_confirmation_v2,20000.0,20000.0,20000.0,0.0,1.0,0.0,0
2025-06-04,momentum_trend_confirmation_v2,20000.0,19980.239,12117.739,7862.5,0.606486,0.393514,2
2025-06-05,momentum_trend_confirmation_v2,20000.0,19992.5702,8215.4702,11777.1,0.410926,0.589074,3
2025-06-06,momentum_trend_confirmation_v2,20000.0,19996.2702,8215.4702,11780.8,0.41085,0.58915,3
2025-06-09,momentum_trend_confirmation_v2,20000.0,20122.0702,8215.4702,11906.6,0.408282,0.591718,3
2025-06-10,momentum_trend_confirmation_v2,20000.0,20011.0702,8215.4702,11795.6,0.410546,0.589454,3
2025-06-11,momentum_trend_confirmation_v2,20000.0,20173.8702,8215.4702,11958.4,0.407233,0.592767,3
2025-06-12,momentum_trend_confirmation_v2,20000.0,20181.2702,8215.4702,11965.8,0.407084,0.592916,3
2025-06-13,momentum_trend_confirmation_v2,20000.0,20174.7947,8256.2987,11918.4959,0.409238,0.590762,3
2025-06-16,momentum_trend_confirmation_v2,20000.0,20221.8182,8256.2987,11965.5195,0.408287,0.591713,3
2025-06-17,momentum_trend_confirmation_v2,20000.0,20235.5418,8256.2987,11979.2431,0.40801,0.59199,3
2025-06-18,momentum_trend_confirmation_v2,20000.0,20182.6654,8256.2987,11926.3667,0.409079,0.590921,3
2025-06-19,momentum_trend_confirmation_v2,20000.0,20009.506,8256.2987,11753.2073,0.412619,0.587381,3
2025-06-20,momentum_trend_confirmation_v2,20000.0,19974.6787,12146.2299,7828.4488,0.608081,0.391919,2
2025-06-23,momentum_trend_confirmation_v2,20000.0,20025.3249,12275.1249,7750.2,0.61298,0.38702,2
2025-06-24,momentum_trend_confirmation_v2,20000.0,20001.5249,12275.1249,7726.4,0.613709,0.386291,2
2025-06-25,momentum_trend_confirmation_v2,20000.0,20041.1249,12275.1249,7766.0,0.612497,0.387503,2
2025-06-26,momentum_trend_confirmation_v2,20000.0,20066.1249,12275.1249,7791.0,0.611734,0.388266,2
2025-06-27,momentum_trend_confirmation_v2,20000.0,20094.2359,8305.5359,11788.7,0.413329,0.586671,3
2025-06-30,momentum_trend_confirmation_v2,20000.0,20148.9359,8305.5359,11843.4,0.412207,0.587793,3
2025-07-01,momentum_trend_confirmation_v2,20000.0,20205.9279,7994.7279,12211.2,0.395662,0.604338,3
2025-07-02,momentum_trend_confirmation_v2,20000.0,20165.8279,7994.7279,12171.1,0.396449,0.603551,3
2025-07-03,momentum_trend_confirmation_v2,20000.0,20155.3706,8286.5706,11868.8,0.411135,0.588865,3
2025-07-04,momentum_trend_confirmation_v2,20000.0,20109.2706,8286.5706,11822.7,0.412077,0.587923,3
2025-07-07,momentum_trend_confirmation_v2,20000.0,20008.1706,8286.5706,11721.6,0.414159,0.585841,3
2025-07-08,momentum_trend_confirmation_v2,20000.0,20168.7973,8297.5973,11871.2,0.411408,0.588592,3
2025-07-09,momentum_trend_confirmation_v2,20000.0,20154.6022,8269.6022,11885.0,0.410308,0.589692,3
2025-07-10,momentum_trend_confirmation_v2,20000.0,20198.7022,8269.6022,11929.1,0.409413,0.590587,3
2025-07-11,momentum_trend_confirmation_v2,20000.0,20399.1366,8324.4366,12074.7,0.408078,0.591922,3
2025-07-14,momentum_trend_confirmation_v2,20000.0,20465.7366,8324.4366,12141.3,0.40675,0.59325,3
2025-07-15,momentum_trend_confirmation_v2,20000.0,20487.6366,8324.4366,12163.2,0.406315,0.593685,3
2025-07-16,momentum_trend_confirmation_v2,20000.0,20571.9366,8324.4366,12247.5,0.40465,0.59535,3
2025-07-17,momentum_trend_confirmation_v2,20000.0,20750.268,12905.468,7844.8,0.621942,0.378058,2
2025-07-18,momentum_trend_confirmation_v2,20000.0,20818.1036,9017.7036,11800.4,0.433166,0.566834,3
2025-07-21,momentum_trend_confirmation_v2,20000.0,20975.7036,9017.7036,11958.0,0.429912,0.570088,3
2025-07-22,momentum_trend_confirmation_v2,20000.0,21496.2036,9017.7036,12478.5,0.419502,0.580498,3
2025-07-23,momentum_trend_confirmation_v2,20000.0,21389.2036,9017.7036,12371.5,0.421601,0.578399,3
2025-07-24,momentum_trend_confirmation_v2,20000.0,21466.1036,9017.7036,12448.4,0.42009,0.57991,3
2025-07-25,momentum_trend_confirmation_v2,20000.0,21331.9036,9017.7036,12314.2,0.422733,0.577267,3
2025-07-28,momentum_trend_confirmation_v2,20000.0,21107.8636,8853.3636,12254.5,0.419434,0.580566,3
2025-07-29,momentum_trend_confirmation_v2,20000.0,21157.2636,8853.3636,12303.9,0.418455,0.581545,3
2025-07-30,momentum_trend_confirmation_v2,20000.0,21191.3636,8853.3636,12338.0,0.417782,0.582218,3
2025-07-31,momentum_trend_confirmation_v2,20000.0,20928.9636,8853.3636,12075.6,0.42302,0.57698,3
2025-08-01,momentum_trend_confirmation_v2,20000.0,20862.2636,8853.3636,12008.9,0.424372,0.575628,3
2025-08-04,momentum_trend_confirmation_v2,20000.0,20914.0899,9164.1899,11749.9,0.438183,0.561817,3
2025-08-05,momentum_trend_confirmation_v2,20000.0,21037.6331,9247.9579,11789.6753,0.439591,0.560409,3
2025-08-06,momentum_trend_confirmation_v2,20000.0,21162.9599,9247.9579,11915.002,0.436988,0.563012,3
2025-08-07,momentum_trend_confirmation_v2,20000.0,21171.2052,9247.9579,11923.2474,0.436818,0.563182,3
2025-08-08,momentum_trend_confirmation_v2,20000.0,21150.8506,9247.9579,11902.8927,0.437238,0.562762,3
2025-08-11,momentum_trend_confirmation_v2,20000.0,21155.3372,9247.9579,11907.3794,0.437145,0.562855,3
2025-08-12,momentum_trend_confirmation_v2,20000.0,21253.7959,9247.9579,12005.8381,0.43512,0.56488,3
2025-08-13,momentum_trend_confirmation_v2,20000.0,21218.4372,9247.9579,11970.4794,0.435845,0.564155,3
2025-08-14,momentum_trend_confirmation_v2,20000.0,21108.6971,9247.9579,11860.7392,0.438111,0.561889,3
2025-08-15,momentum_trend_confirmation_v2,20000.0,21192.8877,9515.1877,11677.7,0.44898,0.55102,3
2025-08-18,momentum_trend_confirmation_v2,20000.0,21248.8877,9515.1877,11733.7,0.447797,0.552203,3
2025-08-19,momentum_trend_confirmation_v2,20000.0,21294.8877,9515.1877,11779.7,0.44683,0.55317,3
2025-08-20,momentum_trend_confirmation_v2,20000.0,21479.8877,9515.1877,11964.7,0.442981,0.557019,3
2025-08-21,momentum_trend_confirmation_v2,20000.0,21463.1877,9515.1877,11948.0,0.443326,0.556674,3
2025-08-22,momentum_trend_confirmation_v2,20000.0,21617.8877,9515.1877,12102.7,0.440153,0.559847,3
2025-08-25,momentum_trend_confirmation_v2,20000.0,21934.4877,9515.1877,12419.3,0.4338,0.5662,3
2025-08-26,momentum_trend_confirmation_v2,20000.0,21913.0877,9515.1877,12397.9,0.434224,0.565776,3
2025-08-27,momentum_trend_confirmation_v2,20000.0,21648.4877,9515.1877,12133.3,0.439531,0.560469,3
2025-08-28,momentum_trend_confirmation_v2,20000.0,21722.0877,9515.1877,12206.9,0.438042,0.561958,3
2025-08-29,momentum_trend_confirmation_v2,20000.0,21889.3877,9515.1877,12374.2,0.434694,0.565306,3
2025-09-01,momentum_trend_confirmation_v2,20000.0,21903.1877,9515.1877,12388.0,0.43442,0.56558,3
2025-09-02,momentum_trend_confirmation_v2,20000.0,21854.8811,13531.0811,8323.8,0.619133,0.380867,2
2025-09-03,momentum_trend_confirmation_v2,20000.0,21761.4811,13531.0811,8230.4,0.62179,0.37821,2
2025-09-04,momentum_trend_confirmation_v2,20000.0,21722.2811,13531.0811,8191.2,0.622913,0.377087,2
2025-09-05,momentum_trend_confirmation_v2,20000.0,21794.1787,10850.8787,10943.3,0.49788,0.50212,3
2025-09-08,momentum_trend_confirmation_v2,20000.0,21919.8787,10850.8787,11069.0,0.495025,0.504975,3
2025-09-09,momentum_trend_confirmation_v2,20000.0,21897.9787,10850.8787,11047.1,0.49552,0.50448,3
2025-09-10,momentum_trend_confirmation_v2,20000.0,21857.4787,10850.8787,11006.6,0.496438,0.503562,3
2025-09-11,momentum_trend_confirmation_v2,20000.0,21936.5787,10850.8787,11085.7,0.494648,0.505352,3
2025-09-12,momentum_trend_confirmation_v2,20000.0,21864.1787,10850.8787,11013.3,0.496286,0.503714,3
2025-09-15,momentum_trend_confirmation_v2,20000.0,21795.3996,11218.6996,10576.7,0.514728,0.485272,3
2025-09-16,momentum_trend_confirmation_v2,20000.0,21790.8158,9892.1158,11898.7,0.453958,0.546042,3
2025-09-17,momentum_trend_confirmation_v2,20000.0,21800.2158,9892.1158,11908.1,0.453762,0.546238,3
2025-09-18,momentum_trend_confirmation_v2,20000.0,21787.3158,9892.1158,11895.2,0.454031,0.545969,3
2025-09-19,momentum_trend_confirmation_v2,20000.0,21572.5158,9892.1158,11680.4,0.458552,0.541448,3
2025-09-22,momentum_trend_confirmation_v2,20000.0,21565.7158,9892.1158,11673.6,0.458696,0.541304,3
2025-09-23,momentum_trend_confirmation_v2,20000.0,21323.5714,13579.9714,7743.6,0.636853,0.363147,2
2025-09-24,momentum_trend_confirmation_v2,20000.0,21494.7135,13527.1135,7967.6,0.629323,0.370677,2
2025-09-25,momentum_trend_confirmation_v2,20000.0,21447.8199,9542.3199,11905.5,0.444909,0.555091,3
2025-09-26,momentum_trend_confirmation_v2,20000.0,21453.4199,9542.3199,11911.1,0.444792,0.555208,3
2025-09-29,momentum_trend_confirmation_v2,20000.0,21556.7199,9542.3199,12014.4,0.442661,0.557339,3
2025-09-30,momentum_trend_confirmation_v2,20000.0,21706.3199,9542.3199,12164.0,0.43961,0.56039,3
2025-10-09,momentum_trend_confirmation_v2,20000.0,21868.5199,9542.3199,12326.2,0.43635,0.56365,3
2025-10-10,momentum_trend_confirmation_v2,20000.0,21929.1199,9542.3199,12386.8,0.435144,0.564856,3
2025-10-13,momentum_trend_confirmation_v2,20000.0,21858.2199,9542.3199,12315.9,0.436555,0.563445,3
2025-10-14,momentum_trend_confirmation_v2,20000.0,21845.6199,9542.3199,12303.3,0.436807,0.563193,3
2025-10-15,momentum_trend_confirmation_v2,20000.0,21872.8199,9542.3199,12330.5,0.436264,0.563736,3
2025-10-16,momentum_trend_confirmation_v2,20000.0,21885.3199,9542.3199,12343.0,0.436015,0.563985,3
2025-10-17,momentum_trend_confirmation_v2,20000.0,21737.94,13469.14,8268.8,0.619614,0.380386,2
2025-10-20,momentum_trend_confirmation_v2,20000.0,21920.34,17462.94,4457.4,0.796655,0.203345,1
2025-10-21,momentum_trend_confirmation_v2,20000.0,21864.8422,13464.0422,8400.8,0.615785,0.384215,2
2025-10-22,momentum_trend_confirmation_v2,20000.0,21774.3422,13464.0422,8310.3,0.618344,0.381656,2
2025-10-23,momentum_trend_confirmation_v2,20000.0,21888.5422,13464.0422,8424.5,0.615118,0.384882,2
2025-10-24,momentum_trend_confirmation_v2,20000.0,21825.8422,13464.0422,8361.8,0.616885,0.383115,2
2025-10-27,momentum_trend_confirmation_v2,20000.0,21888.2422,13464.0422,8424.2,0.615127,0.384873,2
2025-10-28,momentum_trend_confirmation_v2,20000.0,21808.5511,9487.4511,12321.1,0.435034,0.564966,3
2025-10-29,momentum_trend_confirmation_v2,20000.0,22034.8511,9487.4511,12547.4,0.430566,0.569434,3
2025-10-30,momentum_trend_confirmation_v2,20000.0,21959.3511,9487.4511,12471.9,0.432046,0.567954,3
2025-10-31,momentum_trend_confirmation_v2,20000.0,21938.8511,9487.4511,12451.4,0.43245,0.56755,3
2025-11-03,momentum_trend_confirmation_v2,20000.0,22002.0264,13896.7264,8105.3,0.631611,0.368389,2
2025-11-04,momentum_trend_confirmation_v2,20000.0,21955.533,9912.533,12043.0,0.451482,0.548518,3
2025-11-05,momentum_trend_confirmation_v2,20000.0,22036.133,9912.533,12123.6,0.449831,0.550169,3
2025-11-06,momentum_trend_confirmation_v2,20000.0,22235.733,9912.533,12323.2,0.445793,0.554207,3
2025-11-07,momentum_trend_confirmation_v2,20000.0,22344.133,9912.533,12431.6,0.44363,0.55637,3
2025-11-10,momentum_trend_confirmation_v2,20000.0,22426.533,9912.533,12514.0,0.442,0.558,3
2025-11-11,momentum_trend_confirmation_v2,20000.0,22364.633,9912.533,12452.1,0.443224,0.556776,3
2025-11-12,momentum_trend_confirmation_v2,20000.0,22247.9275,10259.6275,11988.3,0.46115,0.53885,3
2025-11-13,momentum_trend_confirmation_v2,20000.0,22510.1275,10259.6275,12250.5,0.455778,0.544222,3
2025-11-14,momentum_trend_confirmation_v2,20000.0,22373.2275,10259.6275,12113.6,0.458567,0.541433,3
2025-11-17,momentum_trend_confirmation_v2,20000.0,22332.6275,10259.6275,12073.0,0.459401,0.540599,3
2025-11-18,momentum_trend_confirmation_v2,20000.0,22118.5275,10259.6275,11858.9,0.463848,0.536152,3
2025-11-19,momentum_trend_confirmation_v2,20000.0,22258.4275,10259.6275,11998.8,0.460932,0.539068,3
2025-11-20,momentum_trend_confirmation_v2,20000.0,22148.7614,9804.1614,12344.6,0.442651,0.557349,3
2025-11-21,momentum_trend_confirmation_v2,20000.0,21904.3614,9804.1614,12100.2,0.447589,0.552411,3
2025-11-24,momentum_trend_confirmation_v2,20000.0,21865.1246,17914.3246,3950.8,0.81931,0.18069,1
2025-11-25,momentum_trend_confirmation_v2,20000.0,21871.9246,17914.3246,3957.6,0.819056,0.180944,1
2025-11-26,momentum_trend_confirmation_v2,20000.0,21871.9246,17914.3246,3957.6,0.819056,0.180944,1
2025-11-27,momentum_trend_confirmation_v2,20000.0,21843.0346,14274.6346,7568.4,0.65351,0.34649,2
2025-11-28,momentum_trend_confirmation_v2,20000.0,21859.6452,18232.8452,3626.8,0.834087,0.165913,1
2025-12-01,momentum_trend_confirmation_v2,20000.0,21891.058,14269.258,7621.8,0.65183,0.34817,2
2025-12-02,momentum_trend_confirmation_v2,20000.0,21856.1674,10294.2674,11561.9,0.471001,0.528999,3
2025-12-03,momentum_trend_confirmation_v2,20000.0,21825.6674,10294.2674,11531.4,0.471659,0.528341,3
2025-12-04,momentum_trend_confirmation_v2,20000.0,21783.3674,10294.2674,11489.1,0.472575,0.527425,3
2025-12-05,momentum_trend_confirmation_v2,20000.0,21837.3674,10294.2674,11543.1,0.471406,0.528594,3
2025-12-08,momentum_trend_confirmation_v2,20000.0,21802.7674,10294.2674,11508.5,0.472154,0.527846,3
2025-12-09,momentum_trend_confirmation_v2,20000.0,21676.2465,10300.6465,11375.6,0.475204,0.524796,3
2025-12-10,momentum_trend_confirmation_v2,20000.0,21729.0843,10290.2843,11438.8,0.473572,0.526428,3
2025-12-11,momentum_trend_confirmation_v2,20000.0,21690.4843,10290.2843,11400.2,0.474415,0.525585,3
2025-12-12,momentum_trend_confirmation_v2,20000.0,21820.6843,10290.2843,11530.4,0.471584,0.528416,3
2025-12-15,momentum_trend_confirmation_v2,20000.0,21891.0843,10290.2843,11600.8,0.470067,0.529933,3
2025-12-16,momentum_trend_confirmation_v2,20000.0,21682.4843,10290.2843,11392.2,0.47459,0.52541,3
2025-12-17,momentum_trend_confirmation_v2,20000.0,21842.4843,10290.2843,11552.2,0.471113,0.528887,3
2025-12-18,momentum_trend_confirmation_v2,20000.0,21880.6843,10290.2843,11590.4,0.470291,0.529709,3
2025-12-19,momentum_trend_confirmation_v2,20000.0,22006.8843,10290.2843,11716.6,0.467594,0.532406,3
2025-12-22,momentum_trend_confirmation_v2,20000.0,22196.4843,10290.2843,11906.2,0.4636,0.5364,3
2025-12-23,momentum_trend_confirmation_v2,20000.0,22213.2843,10290.2843,11923.0,0.463249,0.536751,3
2025-12-24,momentum_trend_confirmation_v2,20000.0,22348.4843,10290.2843,12058.2,0.460447,0.539553,3
2025-12-25,momentum_trend_confirmation_v2,20000.0,22394.4843,10290.2843,12104.2,0.459501,0.540499,3
2025-12-26,momentum_trend_confirmation_v2,20000.0,22620.3803,10309.8803,12310.5,0.455778,0.544222,3
2025-12-29,momentum_trend_confirmation_v2,20000.0,22551.9803,10309.8803,12242.1,0.457161,0.542839,3
2025-12-30,momentum_trend_confirmation_v2,20000.0,22594.4803,10309.8803,12284.6,0.456301,0.543699,3
2025-12-31,momentum_trend_confirmation_v2,20000.0,22733.3803,10309.8803,12423.5,0.453513,0.546487,3
2026-01-05,momentum_trend_confirmation_v2,20000.0,23011.3803,10309.8803,12701.5,0.448034,0.551966,3
2026-01-06,momentum_trend_confirmation_v2,20000.0,23384.8803,10309.8803,13075.0,0.440878,0.559122,3
2026-01-07,momentum_trend_confirmation_v2,20000.0,23350.3803,10309.8803,13040.5,0.441529,0.558471,3
2026-01-08,momentum_trend_confirmation_v2,20000.0,23453.9803,10309.8803,13144.1,0.439579,0.560421,3
2026-01-09,momentum_trend_confirmation_v2,20000.0,23944.4754,11069.8754,12874.6,0.462314,0.537686,3
2026-01-12,momentum_trend_confirmation_v2,20000.0,24282.7995,12389.8995,11892.9,0.510234,0.489766,3
2026-01-13,momentum_trend_confirmation_v2,20000.0,24284.5995,12389.8995,11894.7,0.510196,0.489804,3
2026-01-14,momentum_trend_confirmation_v2,20000.0,24200.8995,12389.8995,11811.0,0.51196,0.48804,3
2026-01-15,momentum_trend_confirmation_v2,20000.0,24109.4995,12389.8995,11719.6,0.513901,0.486099,3
2026-01-16,momentum_trend_confirmation_v2,20000.0,24023.3995,12389.8995,11633.5,0.515743,0.484257,3
2026-01-19,momentum_trend_confirmation_v2,20000.0,24017.6456,16230.1456,7787.5,0.675759,0.324241,2
2026-01-20,momentum_trend_confirmation_v2,20000.0,24009.1456,16230.1456,7779.0,0.675998,0.324002,2
2026-01-21,momentum_trend_confirmation_v2,20000.0,23999.2025,20034.4025,3964.8,0.834795,0.165205,1
2026-01-22,momentum_trend_confirmation_v2,20000.0,23990.8025,20034.4025,3956.4,0.835087,0.164913,1
2026-01-23,momentum_trend_confirmation_v2,20000.0,24005.5025,20034.4025,3971.1,0.834575,0.165425,1
2026-01-26,momentum_trend_confirmation_v2,20000.0,24037.0025,20034.4025,4002.6,0.833482,0.166518,1
2026-01-27,momentum_trend_confirmation_v2,20000.0,23971.9025,20034.4025,3937.5,0.835745,0.164255,1
2026-01-28,momentum_trend_confirmation_v2,20000.0,23995.1124,23995.1124,0.0,1.0,0.0,0
2026-01-29,momentum_trend_confirmation_v2,20000.0,23995.1124,23995.1124,0.0,1.0,0.0,0
2026-01-30,momentum_trend_confirmation_v2,20000.0,23995.1124,23995.1124,0.0,1.0,0.0,0
2026-02-02,momentum_trend_confirmation_v2,20000.0,23995.1124,23995.1124,0.0,1.0,0.0,0
2026-02-03,momentum_trend_confirmation_v2,20000.0,24003.3266,20036.1266,3967.2,0.834723,0.165277,1
2026-02-04,momentum_trend_confirmation_v2,20000.0,24082.5266,20036.1266,4046.4,0.831978,0.168022,1
2026-02-05,momentum_trend_confirmation_v2,20000.0,24127.9596,16139.9596,7988.0,0.668932,0.331068,2
2026-02-06,momentum_trend_confirmation_v2,20000.0,23996.2596,16139.9596,7856.3,0.672603,0.327397,2
2026-02-09,momentum_trend_confirmation_v2,20000.0,24081.2596,16139.9596,7941.3,0.670229,0.329771,2
2026-02-10,momentum_trend_confirmation_v2,20000.0,23951.4596,16139.9596,7811.5,0.673861,0.326139,2
2026-02-11,momentum_trend_confirmation_v2,20000.0,23941.4596,16139.9596,7801.5,0.674143,0.325857,2
2026-02-12,momentum_trend_confirmation_v2,20000.0,23849.4596,16139.9596,7709.5,0.676743,0.323257,2
2026-02-13,momentum_trend_confirmation_v2,20000.0,23863.4388,23863.4388,0.0,1.0,0.0,0
2026-02-24,momentum_trend_confirmation_v2,20000.0,23863.4388,23863.4388,0.0,1.0,0.0,0
2026-02-25,momentum_trend_confirmation_v2,20000.0,23857.2946,20043.2946,3814.0,0.840133,0.159867,1
2026-02-26,momentum_trend_confirmation_v2,20000.0,23850.1192,16119.1192,7731.0,0.675851,0.324149,2
2026-02-27,momentum_trend_confirmation_v2,20000.0,23896.9489,12211.7489,11685.2,0.511017,0.488983,3
2026-03-02,momentum_trend_confirmation_v2,20000.0,23892.1489,12211.7489,11680.4,0.51112,0.48888,3
2026-03-03,momentum_trend_confirmation_v2,20000.0,23632.7489,12211.7489,11421.0,0.51673,0.48327,3
2026-03-04,momentum_trend_confirmation_v2,20000.0,23507.5489,12211.7489,11295.8,0.519482,0.480518,3
2026-03-05,momentum_trend_confirmation_v2,20000.0,23683.4646,12021.0646,11662.4,0.507572,0.492428,3
2026-03-06,momentum_trend_confirmation_v2,20000.0,23581.218,15836.918,7744.3,0.67159,0.32841,2
2026-03-09,momentum_trend_confirmation_v2,20000.0,23588.0418,19751.1418,3836.9,0.837337,0.162663,1
2026-03-10,momentum_trend_confirmation_v2,20000.0,23625.4418,19751.1418,3874.3,0.836012,0.163988,1
2026-03-11,momentum_trend_confirmation_v2,20000.0,23611.8418,19751.1418,3860.7,0.836493,0.163507,1
2026-03-12,momentum_trend_confirmation_v2,20000.0,23615.7748,12515.3748,11100.4,0.529958,0.470042,3
2026-03-13,momentum_trend_confirmation_v2,20000.0,23382.3791,12205.1791,11177.2,0.521982,0.478018,3
2026-03-16,momentum_trend_confirmation_v2,20000.0,23344.5791,12205.1791,11139.4,0.522827,0.477173,3
2026-03-17,momentum_trend_confirmation_v2,20000.0,23323.4791,12205.1791,11118.3,0.5233,0.4767,3
2026-03-18,momentum_trend_confirmation_v2,20000.0,23323.3791,12205.1791,11118.2,0.523302,0.476698,3
2026-03-19,momentum_trend_confirmation_v2,20000.0,23097.1791,12205.1791,10892.0,0.528427,0.471573,3
2026-03-20,momentum_trend_confirmation_v2,20000.0,22816.5876,18831.5876,3985.0,0.825346,0.174654,1
2026-03-23,momentum_trend_confirmation_v2,20000.0,22686.5876,18831.5876,3855.0,0.830076,0.169924,1
2026-03-24,momentum_trend_confirmation_v2,20000.0,22766.5876,18831.5876,3935.0,0.827159,0.172841,1
2026-03-25,momentum_trend_confirmation_v2,20000.0,22791.8938,14845.8938,7946.0,0.651367,0.348633,2
2026-03-26,momentum_trend_confirmation_v2,20000.0,22703.8938,14845.8938,7858.0,0.653892,0.346108,2
2026-03-27,momentum_trend_confirmation_v2,20000.0,22680.3938,14845.8938,7834.5,0.654569,0.345431,2
2026-03-30,momentum_trend_confirmation_v2,20000.0,22549.2127,10902.8127,11646.4,0.483512,0.516488,3
2026-03-31,momentum_trend_confirmation_v2,20000.0,22485.2127,10902.8127,11582.4,0.484888,0.515112,3
2026-04-01,momentum_trend_confirmation_v2,20000.0,22506.4127,10902.8127,11603.6,0.484431,0.515569,3
2026-04-02,momentum_trend_confirmation_v2,20000.0,22409.5553,14421.2553,7988.3,0.643532,0.356468,2
2026-04-03,momentum_trend_confirmation_v2,20000.0,22309.6598,10429.8598,11879.8,0.467504,0.532496,3
2026-04-07,momentum_trend_confirmation_v2,20000.0,22249.0598,10429.8598,11819.2,0.468778,0.531222,3
2026-04-08,momentum_trend_confirmation_v2,20000.0,22356.1932,18306.1932,4050.0,0.818842,0.181158,1
2026-04-09,momentum_trend_confirmation_v2,20000.0,22334.5932,18306.1932,4028.4,0.819634,0.180366,1
2026-04-10,momentum_trend_confirmation_v2,20000.0,22334.5932,18306.1932,4028.4,0.819634,0.180366,1
2026-04-13,momentum_trend_confirmation_v2,20000.0,22312.9932,18306.1932,4006.8,0.820427,0.179573,1
2026-04-14,momentum_trend_confirmation_v2,20000.0,22356.1932,18306.1932,4050.0,0.818842,0.181158,1
2026-04-15,momentum_trend_confirmation_v2,20000.0,22377.7932,18306.1932,4071.6,0.818052,0.181948,1
2026-04-16,momentum_trend_confirmation_v2,20000.0,22377.7932,18306.1932,4071.6,0.818052,0.181948,1
2026-04-17,momentum_trend_confirmation_v2,20000.0,22258.9932,18306.1932,3952.8,0.822418,0.177582,1
2026-04-20,momentum_trend_confirmation_v2,20000.0,22246.6149,18272.0149,3974.6,0.821339,0.178661,1
2026-04-21,momentum_trend_confirmation_v2,20000.0,22222.8149,18272.0149,3950.8,0.822219,0.177781,1
2026-04-22,momentum_trend_confirmation_v2,20000.0,22258.0604,10411.0604,11847.0,0.467743,0.532257,3
2026-04-23,momentum_trend_confirmation_v2,20000.0,22259.9604,10411.0604,11848.9,0.467703,0.532297,3
2026-04-24,momentum_trend_confirmation_v2,20000.0,22250.9604,10411.0604,11839.9,0.467893,0.532107,3
2026-04-27,momentum_trend_confirmation_v2,20000.0,22164.5604,10411.0604,11753.5,0.469717,0.530283,3
2026-04-28,momentum_trend_confirmation_v2,20000.0,22290.6604,10411.0604,11879.6,0.467059,0.532941,3
2026-04-29,momentum_trend_confirmation_v2,20000.0,22279.7604,10411.0604,11868.7,0.467288,0.532712,3
2026-04-30,momentum_trend_confirmation_v2,20000.0,22223.8604,10411.0604,11812.8,0.468463,0.531537,3
2026-05-06,momentum_trend_confirmation_v2,20000.0,22170.8184,10393.3184,11777.5,0.468784,0.531216,3
2026-05-07,momentum_trend_confirmation_v2,20000.0,22180.5538,14269.1538,7911.4,0.643318,0.356682,2
2026-05-08,momentum_trend_confirmation_v2,20000.0,22139.2538,14269.1538,7870.1,0.644518,0.355482,2
2026-05-11,momentum_trend_confirmation_v2,20000.0,22202.2538,14269.1538,7933.1,0.642689,0.357311,2
2026-05-12,momentum_trend_confirmation_v2,20000.0,22124.5538,14269.1538,7855.4,0.644947,0.355053,2
2026-05-13,momentum_trend_confirmation_v2,20000.0,22114.869,10313.569,11801.3,0.466364,0.533636,3
2026-05-14,momentum_trend_confirmation_v2,20000.0,21921.669,10313.569,11608.1,0.470474,0.529526,3
2026-05-15,momentum_trend_confirmation_v2,20000.0,21723.1787,17935.4787,3787.7,0.825638,0.174362,1
2026-05-18,momentum_trend_confirmation_v2,20000.0,21703.5787,17935.4787,3768.1,0.826383,0.173617,1
2026-05-19,momentum_trend_confirmation_v2,20000.0,21718.6195,15065.6195,6653.0,0.693673,0.306327,2
2026-05-20,momentum_trend_confirmation_v2,20000.0,21674.0195,15065.6195,6608.4,0.6951,0.3049,2
2026-05-21,momentum_trend_confirmation_v2,20000.0,21638.992,18817.792,2821.2,0.869624,0.130376,1
2026-05-22,momentum_trend_confirmation_v2,20000.0,21644.392,18817.792,2826.6,0.869407,0.130593,1
2026-05-25,momentum_trend_confirmation_v2,20000.0,21649.392,18817.792,2831.6,0.869206,0.130794,1
2026-05-26,momentum_trend_confirmation_v2,20000.0,21640.592,18817.792,2822.8,0.86956,0.13044,1
2026-05-27,momentum_trend_confirmation_v2,20000.0,21610.5524,21610.5524,0.0,1.0,0.0,0
2026-05-28,momentum_trend_confirmation_v2,20000.0,21610.5524,21610.5524,0.0,1.0,0.0,0
2026-05-29,momentum_trend_confirmation_v2,20000.0,21610.5524,21610.5524,0.0,1.0,0.0,0
2026-06-01,momentum_trend_confirmation_v2,20000.0,21610.5524,21610.5524,0.0,1.0,0.0,0
2026-06-02,momentum_trend_confirmation_v2,20000.0,21610.5524,21610.5524,0.0,1.0,0.0,0
2026-06-03,momentum_trend_confirmation_v2,20000.0,21644.9849,17712.5849,3932.4,0.818323,0.181677,1
2026-06-04,momentum_trend_confirmation_v2,20000.0,21632.1067,13779.2067,7852.9,0.636979,0.363021,2
2026-06-05,momentum_trend_confirmation_v2,20000.0,21496.1067,13779.2067,7716.9,0.641009,0.358991,2
2026-06-08,momentum_trend_confirmation_v2,20000.0,21317.2067,13779.2067,7538.0,0.646389,0.353611,2
2026-06-09,momentum_trend_confirmation_v2,20000.0,21453.5067,13779.2067,7674.3,0.642282,0.357718,2
2026-06-10,momentum_trend_confirmation_v2,20000.0,21390.9067,13779.2067,7611.7,0.644162,0.355838,2
2026-06-11,momentum_trend_confirmation_v2,20000.0,21400.3689,13589.5689,7810.8,0.635016,0.364984,2
2026-06-12,momentum_trend_confirmation_v2,20000.0,21539.803,17469.803,4070.0,0.811047,0.188953,1
2026-06-15,momentum_trend_confirmation_v2,20000.0,21500.6393,13584.6393,7916.0,0.631825,0.368175,2
2026-06-16,momentum_trend_confirmation_v2,20000.0,21417.6393,13584.6393,7833.0,0.634273,0.365727,2
2026-06-17,momentum_trend_confirmation_v2,20000.0,21361.6393,13584.6393,7777.0,0.635936,0.364064,2
2026-06-18,momentum_trend_confirmation_v2,20000.0,21337.3098,21337.3098,0.0,1.0,0.0,0
2025-05-30,relative_strength_rotation_v2,20000.0,20000.0,20000.0,0.0,1.0,0.0,0
2025-05-30,relative_strength_rotation_v2,20000.0,20042.7714,8219.3714,11823.4,0.410092,0.589908,3
2025-06-03,relative_strength_rotation_v2,20000.0,20011.8714,8219.3714,11792.5,0.410725,0.589275,3
2025-06-04,relative_strength_rotation_v2,20000.0,20079.2714,8219.3714,11859.9,0.409346,0.590654,3
2025-06-05,relative_strength_rotation_v2,20000.0,20130.8714,8219.3714,11911.5,0.408297,0.591703,3
2025-06-06,relative_strength_rotation_v2,20000.0,20108.7714,8219.3714,11889.4,0.408746,0.591254,3
2025-06-09,relative_strength_rotation_v2,20000.0,20122.4714,8219.3714,11903.1,0.408467,0.591533,3
2025-06-10,relative_strength_rotation_v2,20000.0,19984.9714,8219.3714,11765.6,0.411278,0.588722,3
2025-06-11,relative_strength_rotation_v2,20000.0,20017.0714,8219.3714,11797.7,0.410618,0.589382,3
2025-06-12,relative_strength_rotation_v2,20000.0,19909.6714,8219.3714,11690.3,0.412833,0.587167,3
2025-06-13,relative_strength_rotation_v2,20000.0,19726.2714,8219.3714,11506.9,0.416671,0.583329,3
2025-06-16,relative_strength_rotation_v2,20000.0,19807.6714,8219.3714,11588.3,0.414959,0.585041,3
2025-06-17,relative_strength_rotation_v2,20000.0,19765.8714,8219.3714,11546.5,0.415837,0.584163,3
2025-06-18,relative_strength_rotation_v2,20000.0,19760.0714,8219.3714,11540.7,0.415959,0.584041,3
2025-06-19,relative_strength_rotation_v2,20000.0,19631.3714,8219.3714,11412.0,0.418686,0.581314,3
2025-06-20,relative_strength_rotation_v2,20000.0,19691.3714,8219.3714,11472.0,0.41741,0.58259,3
2025-06-23,relative_strength_rotation_v2,20000.0,19683.2714,8219.3714,11463.9,0.417582,0.582418,3
2025-06-24,relative_strength_rotation_v2,20000.0,19821.8714,8219.3714,11602.5,0.414662,0.585338,3
2025-06-25,relative_strength_rotation_v2,20000.0,19964.7714,8219.3714,11745.4,0.411694,0.588306,3
2025-06-26,relative_strength_rotation_v2,20000.0,19923.6714,8219.3714,11704.3,0.412543,0.587457,3
2025-06-27,relative_strength_rotation_v2,20000.0,19901.8714,8219.3714,11682.5,0.412995,0.587005,3
2025-06-30,relative_strength_rotation_v2,20000.0,20002.7714,8219.3714,11783.4,0.410912,0.589088,3
2025-07-01,relative_strength_rotation_v2,20000.0,19901.6623,15894.8623,4006.8,0.79867,0.20133,1
2025-07-02,relative_strength_rotation_v2,20000.0,19960.2667,11903.4667,8056.8,0.596358,0.403642,2
2025-07-03,relative_strength_rotation_v2,20000.0,19955.1837,7953.9837,12001.2,0.398592,0.601408,3
2025-07-04,relative_strength_rotation_v2,20000.0,19923.6837,7953.9837,11969.7,0.399223,0.600777,3
2025-07-07,relative_strength_rotation_v2,20000.0,19838.1837,7953.9837,11884.2,0.400943,0.599057,3
2025-07-08,relative_strength_rotation_v2,20000.0,19937.6837,7953.9837,11983.7,0.398942,0.601058,3
2025-07-09,relative_strength_rotation_v2,20000.0,20011.1837,7953.9837,12057.2,0.397477,0.602523,3
2025-07-10,relative_strength_rotation_v2,20000.0,20079.2837,7953.9837,12125.3,0.396129,0.603871,3
2025-07-11,relative_strength_rotation_v2,20000.0,20188.3837,7953.9837,12234.4,0.393988,0.606012,3
2025-07-14,relative_strength_rotation_v2,20000.0,20256.4837,7953.9837,12302.5,0.392664,0.607336,3
2025-07-15,relative_strength_rotation_v2,20000.0,20184.7837,7953.9837,12230.8,0.394058,0.605942,3
2025-07-16,relative_strength_rotation_v2,20000.0,20191.4837,7953.9837,12237.5,0.393928,0.606072,3
2025-07-17,relative_strength_rotation_v2,20000.0,20321.0837,7953.9837,12367.1,0.391415,0.608585,3
2025-07-18,relative_strength_rotation_v2,20000.0,20406.2837,7953.9837,12452.3,0.389781,0.610219,3
2025-07-21,relative_strength_rotation_v2,20000.0,20556.3837,7953.9837,12602.4,0.386935,0.613065,3
2025-07-22,relative_strength_rotation_v2,20000.0,20903.0837,7953.9837,12949.1,0.380517,0.619483,3
2025-07-23,relative_strength_rotation_v2,20000.0,20787.1754,8526.4754,12260.7,0.41018,0.58982,3
2025-07-24,relative_strength_rotation_v2,20000.0,20905.8754,8526.4754,12379.4,0.407851,0.592149,3
2025-07-25,relative_strength_rotation_v2,20000.0,20919.3754,8526.4754,12392.9,0.407587,0.592413,3
2025-07-28,relative_strength_rotation_v2,20000.0,21063.2364,9014.6364,12048.6,0.42798,0.57202,3
2025-07-29,relative_strength_rotation_v2,20000.0,21035.4364,9014.6364,12020.8,0.428545,0.571455,3
2025-07-30,relative_strength_rotation_v2,20000.0,21017.9364,9014.6364,12003.3,0.428902,0.571098,3
2025-07-31,relative_strength_rotation_v2,20000.0,20878.7364,9014.6364,11864.1,0.431762,0.568238,3
2025-08-01,relative_strength_rotation_v2,20000.0,20848.4929,9147.8929,11700.6,0.43878,0.56122,3
2025-08-04,relative_strength_rotation_v2,20000.0,20891.1929,9147.8929,11743.3,0.437883,0.562117,3
2025-08-05,relative_strength_rotation_v2,20000.0,21042.1929,9147.8929,11894.3,0.43474,0.56526,3
2025-08-06,relative_strength_rotation_v2,20000.0,21047.5929,9147.8929,11899.7,0.434629,0.565371,3
2025-08-07,relative_strength_rotation_v2,20000.0,21089.2929,9147.8929,11941.4,0.43377,0.56623,3
2025-08-08,relative_strength_rotation_v2,20000.0,21052.9929,9147.8929,11905.1,0.434517,0.565483,3
2025-08-11,relative_strength_rotation_v2,20000.0,21073.5929,9147.8929,11925.7,0.434093,0.565907,3
2025-08-12,relative_strength_rotation_v2,20000.0,21075.5929,9147.8929,11927.7,0.434052,0.565948,3
2025-08-13,relative_strength_rotation_v2,20000.0,21025.1929,9147.8929,11877.3,0.435092,0.564908,3
2025-08-14,relative_strength_rotation_v2,20000.0,21009.8929,9147.8929,11862.0,0.435409,0.564591,3
2025-08-15,relative_strength_rotation_v2,20000.0,20947.5929,9147.8929,11799.7,0.436704,0.563296,3
2025-08-18,relative_strength_rotation_v2,20000.0,20990.9929,9147.8929,11843.1,0.435801,0.564199,3
2025-08-19,relative_strength_rotation_v2,20000.0,21054.5929,9147.8929,11906.7,0.434484,0.565516,3
2025-08-20,relative_strength_rotation_v2,20000.0,21212.0929,9147.8929,12064.2,0.431258,0.568742,3
2025-08-21,relative_strength_rotation_v2,20000.0,21196.8594,9114.1594,12082.7,0.429977,0.570023,3
2025-08-22,relative_strength_rotation_v2,20000.0,21220.4594,9114.1594,12106.3,0.429499,0.570501,3
2025-08-25,relative_strength_rotation_v2,20000.0,21459.1594,9114.1594,12345.0,0.424721,0.575279,3
2025-08-26,relative_strength_rotation_v2,20000.0,21375.3574,13447.9574,7927.4,0.629134,0.370866,2
2025-08-27,relative_strength_rotation_v2,20000.0,21200.8633,9461.2633,11739.6,0.446268,0.553732,3
2025-08-28,relative_strength_rotation_v2,20000.0,21184.2633,9461.2633,11723.0,0.446618,0.553382,3
2025-08-29,relative_strength_rotation_v2,20000.0,21266.3633,9461.2633,11805.1,0.444893,0.555107,3
2025-09-01,relative_strength_rotation_v2,20000.0,21358.4,13332.6,8025.8,0.624232,0.375768,2
2025-09-02,relative_strength_rotation_v2,20000.0,21351.5,13332.6,8018.9,0.624434,0.375566,2
2025-09-03,relative_strength_rotation_v2,20000.0,21289.415,9376.315,11913.1,0.440421,0.559579,3
2025-09-04,relative_strength_rotation_v2,20000.0,21033.415,9376.315,11657.1,0.445782,0.554218,3
2025-09-05,relative_strength_rotation_v2,20000.0,21283.415,9376.315,11907.1,0.440546,0.559454,3
2025-09-08,relative_strength_rotation_v2,20000.0,21434.015,9376.315,12057.7,0.43745,0.56255,3
2025-09-09,relative_strength_rotation_v2,20000.0,21227.2544,9597.8544,11629.4,0.452148,0.547852,3
2025-09-10,relative_strength_rotation_v2,20000.0,21231.7544,9597.8544,11633.9,0.452052,0.547948,3
2025-09-11,relative_strength_rotation_v2,20000.0,21348.2544,9597.8544,11750.4,0.449585,0.550415,3
2025-09-12,relative_strength_rotation_v2,20000.0,21290.7544,9597.8544,11692.9,0.450799,0.549201,3
2025-09-15,relative_strength_rotation_v2,20000.0,21267.0544,9597.8544,11669.2,0.451302,0.548698,3
2025-09-16,relative_strength_rotation_v2,20000.0,21223.6544,9597.8544,11625.8,0.452224,0.547776,3
2025-09-17,relative_strength_rotation_v2,20000.0,21307.1544,9597.8544,11709.3,0.450452,0.549548,3
2025-09-18,relative_strength_rotation_v2,20000.0,21119.1544,9597.8544,11521.3,0.454462,0.545538,3
2025-09-19,relative_strength_rotation_v2,20000.0,21240.4815,9505.0815,11735.4,0.447498,0.552502,3
2025-09-22,relative_strength_rotation_v2,20000.0,21250.0815,9505.0815,11745.0,0.447296,0.552704,3
2025-09-23,relative_strength_rotation_v2,20000.0,21226.0815,9505.0815,11721.0,0.447802,0.552198,3
2025-09-24,relative_strength_rotation_v2,20000.0,21285.6815,9505.0815,11780.6,0.446548,0.553452,3
2025-09-25,relative_strength_rotation_v2,20000.0,21251.8815,9505.0815,11746.8,0.447258,0.552742,3
2025-09-26,relative_strength_rotation_v2,20000.0,21238.7815,9505.0815,11733.7,0.447534,0.552466,3
2025-09-29,relative_strength_rotation_v2,20000.0,21387.9815,9505.0815,11882.9,0.444412,0.555588,3
2025-09-30,relative_strength_rotation_v2,20000.0,21405.3815,9505.0815,11900.3,0.444051,0.555949,3
2025-10-09,relative_strength_rotation_v2,20000.0,21446.7815,9505.0815,11941.7,0.443194,0.556806,3
2025-10-10,relative_strength_rotation_v2,20000.0,21342.9135,9526.0135,11816.9,0.446331,0.553669,3
2025-10-13,relative_strength_rotation_v2,20000.0,21338.5135,9526.0135,11812.5,0.446423,0.553577,3
2025-10-14,relative_strength_rotation_v2,20000.0,21545.3135,9526.0135,12019.3,0.442139,0.557861,3
2025-10-15,relative_strength_rotation_v2,20000.0,21669.3135,9526.0135,12143.3,0.439608,0.560392,3
2025-10-16,relative_strength_rotation_v2,20000.0,21767.0338,9453.4338,12313.6,0.434301,0.565699,3
2025-10-17,relative_strength_rotation_v2,20000.0,21576.2338,9453.4338,12122.8,0.438141,0.561859,3
2025-10-20,relative_strength_rotation_v2,20000.0,21611.3339,9453.4338,12157.9,0.437429,0.562571,3
2025-10-21,relative_strength_rotation_v2,20000.0,21693.8339,9453.4338,12240.4,0.435766,0.564234,3
2025-10-22,relative_strength_rotation_v2,20000.0,21657.6338,9453.4338,12204.2,0.436494,0.563506,3
2025-10-23,relative_strength_rotation_v2,20000.0,21688.5338,9453.4338,12235.1,0.435872,0.564128,3
2025-10-24,relative_strength_rotation_v2,20000.0,21767.1649,13677.1648,8090.0,0.628339,0.371661,2
2025-10-27,relative_strength_rotation_v2,20000.0,21825.1175,17828.9175,3996.2,0.816899,0.183101,1
2025-10-28,relative_strength_rotation_v2,20000.0,21782.1223,13838.7223,7943.4,0.635325,0.364675,2
2025-10-29,relative_strength_rotation_v2,20000.0,21864.7301,9858.6301,12006.1,0.450892,0.549108,3
2025-10-30,relative_strength_rotation_v2,20000.0,21649.8301,9858.6301,11791.2,0.455368,0.544632,3
2025-10-31,relative_strength_rotation_v2,20000.0,21820.7301,9858.6301,11962.1,0.451801,0.548199,3
2025-11-03,relative_strength_rotation_v2,20000.0,21802.3301,9858.6301,11943.7,0.452182,0.547818,3
2025-11-04,relative_strength_rotation_v2,20000.0,21725.6301,9858.6301,11867.0,0.453779,0.546221,3
2025-11-05,relative_strength_rotation_v2,20000.0,21702.4301,9858.6301,11843.8,0.454264,0.545736,3
2025-11-06,relative_strength_rotation_v2,20000.0,21722.0116,9977.4116,11744.6,0.459323,0.540677,3
2025-11-07,relative_strength_rotation_v2,20000.0,21681.4116,9977.4116,11704.0,0.460183,0.539817,3
2025-11-10,relative_strength_rotation_v2,20000.0,21778.8116,9977.4116,11801.4,0.458125,0.541875,3
2025-11-11,relative_strength_rotation_v2,20000.0,21690.8116,9977.4116,11713.4,0.459983,0.540017,3
2025-11-12,relative_strength_rotation_v2,20000.0,21731.7116,9977.4116,11754.3,0.459118,0.540882,3
2025-11-13,relative_strength_rotation_v2,20000.0,22033.8116,9977.4116,12056.4,0.452823,0.547177,3
2025-11-14,relative_strength_rotation_v2,20000.0,21802.9379,9963.9379,11839.0,0.457,0.543,3
2025-11-17,relative_strength_rotation_v2,20000.0,21761.2379,9963.9379,11797.3,0.457876,0.542124,3
2025-11-18,relative_strength_rotation_v2,20000.0,21530.5933,10321.7933,11208.8,0.479401,0.520599,3
2025-11-19,relative_strength_rotation_v2,20000.0,21611.5933,10321.7933,11289.8,0.477604,0.522396,3
2025-11-20,relative_strength_rotation_v2,20000.0,21509.8933,10321.7933,11188.1,0.479863,0.520137,3
2025-11-21,relative_strength_rotation_v2,20000.0,21336.7933,10321.7933,11015.0,0.483756,0.516244,3
2025-11-24,relative_strength_rotation_v2,20000.0,21548.1933,10321.7933,11226.4,0.47901,0.52099,3
2025-11-25,relative_strength_rotation_v2,20000.0,21599.1933,10321.7933,11277.4,0.477879,0.522121,3
2025-11-26,relative_strength_rotation_v2,20000.0,21480.8094,9784.8094,11696.0,0.455514,0.544486,3
2025-11-27,relative_strength_rotation_v2,20000.0,21462.4094,9784.8094,11677.6,0.455905,0.544095,3
2025-11-28,relative_strength_rotation_v2,20000.0,21564.8094,9784.8094,11780.0,0.45374,0.54626,3
2025-12-01,relative_strength_rotation_v2,20000.0,21645.4094,9784.8094,11860.6,0.45205,0.54795,3
2025-12-02,relative_strength_rotation_v2,20000.0,21550.5094,9784.8094,11765.7,0.454041,0.545959,3
2025-12-03,relative_strength_rotation_v2,20000.0,21439.9094,9784.8094,11655.1,0.456383,0.543617,3
2025-12-04,relative_strength_rotation_v2,20000.0,21526.4094,9784.8094,11741.6,0.454549,0.545451,3
2025-12-05,relative_strength_rotation_v2,20000.0,21720.8094,9784.8094,11936.0,0.450481,0.549519,3
2025-12-08,relative_strength_rotation_v2,20000.0,21907.2221,9827.0221,12080.2,0.448575,0.551425,3
2025-12-09,relative_strength_rotation_v2,20000.0,21776.8221,9827.0221,11949.8,0.451261,0.548739,3
2025-12-10,relative_strength_rotation_v2,20000.0,21807.7221,9827.0221,11980.7,0.450621,0.549379,3
2025-12-11,relative_strength_rotation_v2,20000.0,21651.9221,9827.0221,11824.9,0.453864,0.546136,3
2025-12-12,relative_strength_rotation_v2,20000.0,21730.3221,9827.0221,11903.3,0.452226,0.547774,3
2025-12-15,relative_strength_rotation_v2,20000.0,21699.1221,9827.0221,11872.1,0.452876,0.547124,3
2025-12-16,relative_strength_rotation_v2,20000.0,21523.5221,9827.0221,11696.5,0.456571,0.543429,3
2025-12-17,relative_strength_rotation_v2,20000.0,21706.5221,9827.0221,11879.5,0.452722,0.547278,3
2025-12-18,relative_strength_rotation_v2,20000.0,21683.7221,9827.0221,11856.7,0.453198,0.546802,3
2025-12-19,relative_strength_rotation_v2,20000.0,21697.1221,9827.0221,11870.1,0.452918,0.547082,3
2025-12-22,relative_strength_rotation_v2,20000.0,21759.7221,9827.0221,11932.7,0.451615,0.548385,3
2025-12-23,relative_strength_rotation_v2,20000.0,21737.9221,9827.0221,11910.9,0.452068,0.547932,3
2025-12-24,relative_strength_rotation_v2,20000.0,21793.2221,9827.0221,11966.2,0.450921,0.549079,3
2025-12-25,relative_strength_rotation_v2,20000.0,21797.0312,10090.6312,11706.4,0.462936,0.537064,3
2025-12-26,relative_strength_rotation_v2,20000.0,21797.5312,10090.6312,11706.9,0.462925,0.537075,3
2025-12-29,relative_strength_rotation_v2,20000.0,21746.3312,10090.6312,11655.7,0.464015,0.535985,3
2025-12-30,relative_strength_rotation_v2,20000.0,21660.7312,10090.6312,11570.1,0.465849,0.534151,3
2025-12-31,relative_strength_rotation_v2,20000.0,21650.8312,10090.6312,11560.2,0.466062,0.533938,3
2026-01-05,relative_strength_rotation_v2,20000.0,21784.0312,10090.6312,11693.4,0.463212,0.536788,3
2026-01-06,relative_strength_rotation_v2,20000.0,21940.3312,10090.6312,11849.7,0.459912,0.540088,3
2026-01-07,relative_strength_rotation_v2,20000.0,22069.3312,10090.6312,11978.7,0.457224,0.542776,3
2026-01-08,relative_strength_rotation_v2,20000.0,22066.6482,10126.8482,11939.8,0.458921,0.541079,3
2026-01-09,relative_strength_rotation_v2,20000.0,22108.4482,10126.8482,11981.6,0.458053,0.541947,3
2026-01-12,relative_strength_rotation_v2,20000.0,22145.4482,10126.8482,12018.6,0.457288,0.542712,3
2026-01-13,relative_strength_rotation_v2,20000.0,22035.6482,10126.8482,11908.8,0.459567,0.540433,3
2026-01-14,relative_strength_rotation_v2,20000.0,21922.8482,10126.8482,11796.0,0.461931,0.538069,3
2026-01-15,relative_strength_rotation_v2,20000.0,21907.8482,10126.8482,11781.0,0.462248,0.537752,3
2026-01-16,relative_strength_rotation_v2,20000.0,21808.0482,10126.8482,11681.2,0.464363,0.535637,3
2026-01-19,relative_strength_rotation_v2,20000.0,21843.8482,10126.8482,11717.0,0.463602,0.536398,3
2026-01-20,relative_strength_rotation_v2,20000.0,22004.4482,10126.8482,11877.6,0.460218,0.539782,3
2026-01-21,relative_strength_rotation_v2,20000.0,21932.4482,10126.8482,11805.6,0.461729,0.538271,3
2026-01-22,relative_strength_rotation_v2,20000.0,21942.2482,10126.8482,11815.4,0.461523,0.538477,3
2026-01-23,relative_strength_rotation_v2,20000.0,21950.6482,10126.8482,11823.8,0.461346,0.538654,3
2026-01-26,relative_strength_rotation_v2,20000.0,21862.6482,10126.8482,11735.8,0.463203,0.536797,3
2026-01-27,relative_strength_rotation_v2,20000.0,21714.7685,9901.2685,11813.5,0.455969,0.544031,3
2026-01-28,relative_strength_rotation_v2,20000.0,21670.4685,9901.2685,11769.2,0.456901,0.543099,3
2026-01-29,relative_strength_rotation_v2,20000.0,21888.6685,9901.2685,11987.4,0.452347,0.547653,3
2026-01-30,relative_strength_rotation_v2,20000.0,21829.0685,9901.2685,11927.8,0.453582,0.546418,3
2026-02-02,relative_strength_rotation_v2,20000.0,21766.3685,9901.2685,11865.1,0.454888,0.545112,3
2026-02-03,relative_strength_rotation_v2,20000.0,21696.6685,9901.2685,11795.4,0.45635,0.54365,3
2026-02-04,relative_strength_rotation_v2,20000.0,21851.7685,9901.2685,11950.5,0.453111,0.546889,3
2026-02-05,relative_strength_rotation_v2,20000.0,22013.8685,9901.2685,12112.6,0.449774,0.550226,3
2026-02-06,relative_strength_rotation_v2,20000.0,21936.5783,9925.1783,12011.4,0.452449,0.547551,3
2026-02-09,relative_strength_rotation_v2,20000.0,21984.6783,9925.1783,12059.5,0.451459,0.548541,3
2026-02-10,relative_strength_rotation_v2,20000.0,22049.4783,9925.1783,12124.3,0.450132,0.549868,3
2026-02-11,relative_strength_rotation_v2,20000.0,22051.1783,9925.1783,12126.0,0.450097,0.549903,3
2026-02-12,relative_strength_rotation_v2,20000.0,21929.1783,9925.1783,12004.0,0.452601,0.547399,3
2026-02-13,relative_strength_rotation_v2,20000.0,21819.7783,9925.1783,11894.6,0.454871,0.545129,3
2026-02-24,relative_strength_rotation_v2,20000.0,21775.8783,9925.1783,11850.7,0.455788,0.544212,3
2026-02-25,relative_strength_rotation_v2,20000.0,21764.7783,9925.1783,11839.6,0.45602,0.54398,3
2026-02-26,relative_strength_rotation_v2,20000.0,21696.0783,9925.1783,11770.9,0.457464,0.542536,3
2026-02-27,relative_strength_rotation_v2,20000.0,21690.9783,9925.1783,11765.8,0.457572,0.542428,3
2026-03-02,relative_strength_rotation_v2,20000.0,21617.7783,9925.1783,11692.6,0.459121,0.540879,3
2026-03-03,relative_strength_rotation_v2,20000.0,21594.9626,9982.9626,11612.0,0.462282,0.537718,3
2026-03-04,relative_strength_rotation_v2,20000.0,21447.8626,9982.9626,11464.9,0.465453,0.534547,3
2026-03-05,relative_strength_rotation_v2,20000.0,21571.8497,9887.7497,11684.1,0.458364,0.541636,3
2026-03-06,relative_strength_rotation_v2,20000.0,21714.6497,9887.7497,11826.9,0.455349,0.544651,3
2026-03-09,relative_strength_rotation_v2,20000.0,21560.7497,9887.7497,11673.0,0.4586,0.5414,3
2026-03-10,relative_strength_rotation_v2,20000.0,21800.2497,9887.7497,11912.5,0.453561,0.546439,3
2026-03-11,relative_strength_rotation_v2,20000.0,21737.3497,9887.7497,11849.6,0.454874,0.545126,3
2026-03-12,relative_strength_rotation_v2,20000.0,21648.8497,9887.7497,11761.1,0.456733,0.543267,3
2026-03-13,relative_strength_rotation_v2,20000.0,21488.2497,9887.7497,11600.5,0.460147,0.539853,3
2026-03-16,relative_strength_rotation_v2,20000.0,21430.1497,9887.7497,11542.4,0.461394,0.538606,3
2026-03-17,relative_strength_rotation_v2,20000.0,21397.5149,9714.9149,11682.6,0.454021,0.545979,3
2026-03-18,relative_strength_rotation_v2,20000.0,21396.3149,9714.9149,11681.4,0.454046,0.545954,3
2026-03-19,relative_strength_rotation_v2,20000.0,21038.1149,9714.9149,11323.2,0.461777,0.538223,3
2026-03-20,relative_strength_rotation_v2,20000.0,20874.4149,9714.9149,11159.5,0.465398,0.534602,3
2026-03-23,relative_strength_rotation_v2,20000.0,20380.4149,9714.9149,10665.5,0.476679,0.523321,3
2026-03-24,relative_strength_rotation_v2,20000.0,20636.4149,9714.9149,10921.5,0.470766,0.529234,3
2026-03-25,relative_strength_rotation_v2,20000.0,20830.9149,9714.9149,11116.0,0.46637,0.53363,3
2026-03-26,relative_strength_rotation_v2,20000.0,20621.2149,9714.9149,10906.3,0.471113,0.528887,3
2026-03-27,relative_strength_rotation_v2,20000.0,20942.0149,9714.9149,11227.1,0.463896,0.536104,3
2026-03-30,relative_strength_rotation_v2,20000.0,20983.0149,9714.9149,11268.1,0.462989,0.537011,3
2026-03-31,relative_strength_rotation_v2,20000.0,20881.4398,9992.9398,10888.5,0.478556,0.521444,3
2026-04-01,relative_strength_rotation_v2,20000.0,21150.3398,9992.9398,11157.4,0.472472,0.527528,3
2026-04-02,relative_strength_rotation_v2,20000.0,20915.3398,9992.9398,10922.4,0.47778,0.52222,3
2026-04-03,relative_strength_rotation_v2,20000.0,20884.654,9392.754,11491.9,0.449744,0.550256,3
2026-04-07,relative_strength_rotation_v2,20000.0,20861.654,9392.754,11468.9,0.45024,0.54976,3
2026-04-08,relative_strength_rotation_v2,20000.0,21320.854,9392.754,11928.1,0.440543,0.559457,3
2026-04-09,relative_strength_rotation_v2,20000.0,21137.354,9392.754,11744.6,0.444368,0.555632,3
2026-04-10,relative_strength_rotation_v2,20000.0,21306.554,9392.754,11913.8,0.440839,0.559161,3
2026-04-13,relative_strength_rotation_v2,20000.0,21310.454,9392.754,11917.7,0.440758,0.559242,3
2026-04-14,relative_strength_rotation_v2,20000.0,21452.554,9392.754,12059.8,0.437838,0.562162,3
2026-04-15,relative_strength_rotation_v2,20000.0,21430.154,9392.754,12037.4,0.438296,0.561704,3
2026-04-16,relative_strength_rotation_v2,20000.0,21471.0192,9164.8192,12306.2,0.426846,0.573154,3
2026-04-17,relative_strength_rotation_v2,20000.0,21544.6192,9164.8192,12379.8,0.425388,0.574612,3
2026-04-20,relative_strength_rotation_v2,20000.0,21650.9192,9164.8192,12486.1,0.423299,0.576701,3
2026-04-21,relative_strength_rotation_v2,20000.0,21527.4335,13527.1335,8000.3,0.628367,0.371633,2
2026-04-22,relative_strength_rotation_v2,20000.0,21518.9573,9600.5573,11918.4,0.446144,0.553856,3
2026-04-23,relative_strength_rotation_v2,20000.0,21536.1573,9600.5573,11935.6,0.445788,0.554212,3
2026-04-24,relative_strength_rotation_v2,20000.0,21460.6573,9600.5573,11860.1,0.447356,0.552644,3
2026-04-27,relative_strength_rotation_v2,20000.0,21345.7573,9600.5573,11745.2,0.449764,0.550236,3
2026-04-28,relative_strength_rotation_v2,20000.0,21313.4573,9600.5573,11712.9,0.450446,0.549554,3
2026-04-29,relative_strength_rotation_v2,20000.0,21506.9573,9600.5573,11906.4,0.446393,0.553607,3
2026-04-30,relative_strength_rotation_v2,20000.0,21566.3573,9600.5573,11965.8,0.445164,0.554836,3
2026-05-06,relative_strength_rotation_v2,20000.0,21661.3573,9600.5573,12060.8,0.443211,0.556789,3
2026-05-07,relative_strength_rotation_v2,20000.0,21711.9062,9908.7061,11803.2,0.456372,0.543628,3
2026-05-08,relative_strength_rotation_v2,20000.0,21682.5062,9908.7061,11773.8,0.456991,0.543009,3
2026-05-11,relative_strength_rotation_v2,20000.0,21771.5062,9908.7061,11862.8,0.455123,0.544877,3
2026-05-12,relative_strength_rotation_v2,20000.0,21703.7061,9908.7061,11795.0,0.456544,0.543456,3
2026-05-13,relative_strength_rotation_v2,20000.0,21722.7061,9908.7061,11814.0,0.456145,0.543855,3
2026-05-14,relative_strength_rotation_v2,20000.0,21692.4122,10016.5122,11675.9,0.461752,0.538248,3
2026-05-15,relative_strength_rotation_v2,20000.0,21552.7122,10016.5122,11536.2,0.464745,0.535255,3
2026-05-18,relative_strength_rotation_v2,20000.0,21411.3122,10016.5122,11394.8,0.467814,0.532186,3
2026-05-19,relative_strength_rotation_v2,20000.0,21444.4122,10016.5122,11427.9,0.467092,0.532908,3
2026-05-20,relative_strength_rotation_v2,20000.0,21438.9122,10016.5122,11422.4,0.467212,0.532788,3
2026-05-21,relative_strength_rotation_v2,20000.0,21480.0122,10016.5122,11463.5,0.466318,0.533682,3
2026-05-22,relative_strength_rotation_v2,20000.0,21329.2122,10016.5122,11312.7,0.469615,0.530385,3
2026-05-25,relative_strength_rotation_v2,20000.0,21296.5724,9836.1724,11460.4,0.461866,0.538134,3
2026-05-26,relative_strength_rotation_v2,20000.0,21439.7724,9836.1724,11603.6,0.458782,0.541218,3
2026-05-27,relative_strength_rotation_v2,20000.0,21249.2724,9836.1724,11413.1,0.462895,0.537105,3
2026-05-28,relative_strength_rotation_v2,20000.0,21094.1724,9836.1724,11258.0,0.466298,0.533702,3
2026-05-29,relative_strength_rotation_v2,20000.0,21207.9724,9836.1724,11371.8,0.463796,0.536204,3
2026-06-01,relative_strength_rotation_v2,20000.0,21173.5724,9836.1724,11337.4,0.464549,0.535451,3
2026-06-02,relative_strength_rotation_v2,20000.0,21270.0724,9836.1724,11433.9,0.462442,0.537558,3
2026-06-03,relative_strength_rotation_v2,20000.0,21219.9143,9783.4143,11436.5,0.461049,0.538951,3
2026-06-04,relative_strength_rotation_v2,20000.0,20981.2143,9783.4143,11197.8,0.466294,0.533706,3
2026-06-05,relative_strength_rotation_v2,20000.0,20907.2143,9783.4143,11123.8,0.467944,0.532056,3
2026-06-08,relative_strength_rotation_v2,20000.0,20502.5143,9783.4143,10719.1,0.477181,0.522819,3
2026-06-09,relative_strength_rotation_v2,20000.0,20667.8143,9783.4143,10884.4,0.473365,0.526635,3
2026-06-10,relative_strength_rotation_v2,20000.0,20677.2143,9783.4143,10893.8,0.47315,0.52685,3
2026-06-11,relative_strength_rotation_v2,20000.0,20790.4143,9783.4143,11007.0,0.470573,0.529427,3
2026-06-12,relative_strength_rotation_v2,20000.0,21155.2364,9390.9364,11764.3,0.443906,0.556094,3
2026-06-15,relative_strength_rotation_v2,20000.0,21450.9364,9390.9364,12060.0,0.437787,0.562213,3
2026-06-16,relative_strength_rotation_v2,20000.0,21268.1776,9271.6776,11996.5,0.435941,0.564059,3
2026-06-17,relative_strength_rotation_v2,20000.0,21285.1776,9271.6776,12013.5,0.435593,0.564407,3
2026-06-18,relative_strength_rotation_v2,20000.0,21199.0938,21199.0938,0.0,1.0,0.0,0
2025-05-30,low_turnover_stable_ranking_v2,20000.0,20000.0,20000.0,0.0,1.0,0.0,0
2025-05-30,low_turnover_stable_ranking_v2,20000.0,20042.7714,8219.3714,11823.4,0.410092,0.589908,3
2025-06-03,low_turnover_stable_ranking_v2,20000.0,20011.8714,8219.3714,11792.5,0.410725,0.589275,3
2025-06-04,low_turnover_stable_ranking_v2,20000.0,20079.2714,8219.3714,11859.9,0.409346,0.590654,3
2025-06-05,low_turnover_stable_ranking_v2,20000.0,20130.8714,8219.3714,11911.5,0.408297,0.591703,3
2025-06-06,low_turnover_stable_ranking_v2,20000.0,20108.7714,8219.3714,11889.4,0.408746,0.591254,3
2025-06-09,low_turnover_stable_ranking_v2,20000.0,20122.4714,8219.3714,11903.1,0.408467,0.591533,3
2025-06-10,low_turnover_stable_ranking_v2,20000.0,19984.9714,8219.3714,11765.6,0.411278,0.588722,3
2025-06-11,low_turnover_stable_ranking_v2,20000.0,20017.0714,8219.3714,11797.7,0.410618,0.589382,3
2025-06-12,low_turnover_stable_ranking_v2,20000.0,19909.6714,8219.3714,11690.3,0.412833,0.587167,3
2025-06-13,low_turnover_stable_ranking_v2,20000.0,19726.2714,8219.3714,11506.9,0.416671,0.583329,3
2025-06-16,low_turnover_stable_ranking_v2,20000.0,19807.6714,8219.3714,11588.3,0.414959,0.585041,3
2025-06-17,low_turnover_stable_ranking_v2,20000.0,19765.8714,8219.3714,11546.5,0.415837,0.584163,3
2025-06-18,low_turnover_stable_ranking_v2,20000.0,19760.0714,8219.3714,11540.7,0.415959,0.584041,3
2025-06-19,low_turnover_stable_ranking_v2,20000.0,19631.3714,8219.3714,11412.0,0.418686,0.581314,3
2025-06-20,low_turnover_stable_ranking_v2,20000.0,19691.3714,8219.3714,11472.0,0.41741,0.58259,3
2025-06-23,low_turnover_stable_ranking_v2,20000.0,19683.2714,8219.3714,11463.9,0.417582,0.582418,3
2025-06-24,low_turnover_stable_ranking_v2,20000.0,19821.8714,8219.3714,11602.5,0.414662,0.585338,3
2025-06-25,low_turnover_stable_ranking_v2,20000.0,19964.7714,8219.3714,11745.4,0.411694,0.588306,3
2025-06-26,low_turnover_stable_ranking_v2,20000.0,19923.6714,8219.3714,11704.3,0.412543,0.587457,3
2025-06-27,low_turnover_stable_ranking_v2,20000.0,19901.8714,8219.3714,11682.5,0.412995,0.587005,3
2025-06-30,low_turnover_stable_ranking_v2,20000.0,20002.7714,8219.3714,11783.4,0.410912,0.589088,3
2025-07-01,low_turnover_stable_ranking_v2,20000.0,19870.1992,8005.5992,11864.6,0.402895,0.597105,3
2025-07-02,low_turnover_stable_ranking_v2,20000.0,19839.1992,8005.5992,11833.6,0.403524,0.596476,3
2025-07-03,low_turnover_stable_ranking_v2,20000.0,19884.5992,8005.5992,11879.0,0.402603,0.597397,3
2025-07-04,low_turnover_stable_ranking_v2,20000.0,19904.8992,8005.5992,11899.3,0.402192,0.597808,3
2025-07-07,low_turnover_stable_ranking_v2,20000.0,19804.4992,8005.5992,11798.9,0.404231,0.595769,3
2025-07-08,low_turnover_stable_ranking_v2,20000.0,19878.6992,8005.5992,11873.1,0.402722,0.597278,3
2025-07-09,low_turnover_stable_ranking_v2,20000.0,19939.3992,8005.5992,11933.8,0.401497,0.598503,3
2025-07-10,low_turnover_stable_ranking_v2,20000.0,19988.4992,8005.5992,11982.9,0.40051,0.59949,3
2025-07-11,low_turnover_stable_ranking_v2,20000.0,20158.2992,8005.5992,12152.7,0.397137,0.602863,3
2025-07-14,low_turnover_stable_ranking_v2,20000.0,20140.3992,8005.5992,12134.8,0.39749,0.60251,3
2025-07-15,low_turnover_stable_ranking_v2,20000.0,20129.4992,8005.5992,12123.9,0.397705,0.602295,3
2025-07-16,low_turnover_stable_ranking_v2,20000.0,20151.0992,8005.5992,12145.5,0.397279,0.602721,3
2025-07-17,low_turnover_stable_ranking_v2,20000.0,20275.2992,8005.5992,12269.7,0.394845,0.605155,3
2025-07-18,low_turnover_stable_ranking_v2,20000.0,20385.2992,8005.5992,12379.7,0.392714,0.607286,3
2025-07-21,low_turnover_stable_ranking_v2,20000.0,20405.7992,8005.5992,12400.2,0.39232,0.60768,3
2025-07-22,low_turnover_stable_ranking_v2,20000.0,20525.5992,8005.5992,12520.0,0.39003,0.60997,3
2025-07-23,low_turnover_stable_ranking_v2,20000.0,20567.4992,8005.5992,12561.9,0.389235,0.610765,3
2025-07-24,low_turnover_stable_ranking_v2,20000.0,20782.0048,8414.3048,12367.7,0.404884,0.595116,3
2025-07-25,low_turnover_stable_ranking_v2,20000.0,20736.6048,8414.3048,12322.3,0.405771,0.594229,3
2025-07-28,low_turnover_stable_ranking_v2,20000.0,20874.8726,12848.4726,8026.4,0.615499,0.384501,2
2025-07-29,low_turnover_stable_ranking_v2,20000.0,20789.3646,9148.8646,11640.5,0.440074,0.559926,3
2025-07-30,low_turnover_stable_ranking_v2,20000.0,20841.9398,13225.0398,7616.9,0.63454,0.36546,2
2025-07-31,low_turnover_stable_ranking_v2,20000.0,20794.6716,9324.8716,11469.8,0.448426,0.551574,3
2025-08-01,low_turnover_stable_ranking_v2,20000.0,20821.9716,9324.8716,11497.1,0.447838,0.552162,3
2025-08-04,low_turnover_stable_ranking_v2,20000.0,20911.7716,9324.8716,11586.9,0.445915,0.554085,3
2025-08-05,low_turnover_stable_ranking_v2,20000.0,21018.9716,9324.8716,11694.1,0.443641,0.556359,3
2025-08-06,low_turnover_stable_ranking_v2,20000.0,21024.1716,9324.8716,11699.3,0.443531,0.556469,3
2025-08-07,low_turnover_stable_ranking_v2,20000.0,21067.0716,9324.8716,11742.2,0.442628,0.557372,3
2025-08-08,low_turnover_stable_ranking_v2,20000.0,21063.9716,9324.8716,11739.1,0.442693,0.557307,3
2025-08-11,low_turnover_stable_ranking_v2,20000.0,20969.1716,9324.8716,11644.3,0.444694,0.555306,3
2025-08-12,low_turnover_stable_ranking_v2,20000.0,20969.9716,9324.8716,11645.1,0.444677,0.555323,3
2025-08-13,low_turnover_stable_ranking_v2,20000.0,20927.9716,9324.8716,11603.1,0.44557,0.55443,3
2025-08-14,low_turnover_stable_ranking_v2,20000.0,20931.1716,9324.8716,11606.3,0.445502,0.554498,3
2025-08-15,low_turnover_stable_ranking_v2,20000.0,20851.2716,9324.8716,11526.4,0.447209,0.552791,3
2025-08-18,low_turnover_stable_ranking_v2,20000.0,20873.0716,9324.8716,11548.2,0.446742,0.553258,3
2025-08-19,low_turnover_stable_ranking_v2,20000.0,20863.3716,9324.8716,11538.5,0.446949,0.553051,3
2025-08-20,low_turnover_stable_ranking_v2,20000.0,20909.5716,9324.8716,11584.7,0.445962,0.554038,3
2025-08-21,low_turnover_stable_ranking_v2,20000.0,20961.0716,9324.8716,11636.2,0.444866,0.555134,3
2025-08-22,low_turnover_stable_ranking_v2,20000.0,20874.4234,9295.9234,11578.5,0.445326,0.554674,3
2025-08-25,low_turnover_stable_ranking_v2,20000.0,20983.7234,9295.9234,11687.8,0.443006,0.556994,3
2025-08-26,low_turnover_stable_ranking_v2,20000.0,20951.5234,9295.9234,11655.6,0.443687,0.556313,3
2025-08-27,low_turnover_stable_ranking_v2,20000.0,20784.4375,9125.7375,11658.7,0.439066,0.560934,3
2025-08-28,low_turnover_stable_ranking_v2,20000.0,20761.4375,9125.7375,11635.7,0.439552,0.560448,3
2025-08-29,low_turnover_stable_ranking_v2,20000.0,20704.2795,9133.7795,11570.5,0.441154,0.558846,3
2025-09-01,low_turnover_stable_ranking_v2,20000.0,20684.9795,9133.7795,11551.2,0.441566,0.558434,3
2025-09-02,low_turnover_stable_ranking_v2,20000.0,20742.9794,9133.7795,11609.2,0.440331,0.559669,3
2025-09-03,low_turnover_stable_ranking_v2,20000.0,20585.9795,9133.7795,11452.2,0.443689,0.556311,3
2025-09-04,low_turnover_stable_ranking_v2,20000.0,20626.7795,9133.7795,11493.0,0.442812,0.557188,3
2025-09-05,low_turnover_stable_ranking_v2,20000.0,20651.7795,9133.7795,11518.0,0.442276,0.557724,3
2025-09-08,low_turnover_stable_ranking_v2,20000.0,20676.2795,9133.7795,11542.5,0.441752,0.558248,3
2025-09-09,low_turnover_stable_ranking_v2,20000.0,20685.4795,9133.7795,11551.7,0.441555,0.558445,3
2025-09-10,low_turnover_stable_ranking_v2,20000.0,20636.5795,9133.7795,11502.8,0.442601,0.557399,3
2025-09-11,low_turnover_stable_ranking_v2,20000.0,20681.7795,9133.7795,11548.0,0.441634,0.558366,3
2025-09-12,low_turnover_stable_ranking_v2,20000.0,20632.5795,9133.7795,11498.8,0.442687,0.557313,3
2025-09-15,low_turnover_stable_ranking_v2,20000.0,20671.2795,9133.7795,11537.5,0.441858,0.558142,3
2025-09-16,low_turnover_stable_ranking_v2,20000.0,20639.7795,9133.7795,11506.0,0.442533,0.557467,3
2025-09-17,low_turnover_stable_ranking_v2,20000.0,20767.9795,9133.7795,11634.2,0.439801,0.560199,3
2025-09-18,low_turnover_stable_ranking_v2,20000.0,20499.7795,9133.7795,11366.0,0.445555,0.554445,3
2025-09-19,low_turnover_stable_ranking_v2,20000.0,20689.4795,9133.7795,11555.7,0.44147,0.55853,3
2025-09-22,low_turnover_stable_ranking_v2,20000.0,20551.7419,9077.3419,11474.4,0.441682,0.558318,3
2025-09-23,low_turnover_stable_ranking_v2,20000.0,20657.7419,9077.3419,11580.4,0.439416,0.560584,3
2025-09-24,low_turnover_stable_ranking_v2,20000.0,20639.4419,9077.3419,11562.1,0.439806,0.560194,3
2025-09-25,low_turnover_stable_ranking_v2,20000.0,20590.9776,8955.9776,11635.0,0.434947,0.565053,3
2025-09-26,low_turnover_stable_ranking_v2,20000.0,20596.9776,8955.9776,11641.0,0.43482,0.56518,3
2025-09-29,low_turnover_stable_ranking_v2,20000.0,20754.3798,8663.2798,12091.1,0.417419,0.582581,3
2025-09-30,low_turnover_stable_ranking_v2,20000.0,20762.1798,8663.2798,12098.9,0.417263,0.582737,3
2025-10-09,low_turnover_stable_ranking_v2,20000.0,20799.3798,8663.2798,12136.1,0.416516,0.583484,3
2025-10-10,low_turnover_stable_ranking_v2,20000.0,20805.0798,8663.2798,12141.8,0.416402,0.583598,3
2025-10-13,low_turnover_stable_ranking_v2,20000.0,20819.8798,8663.2798,12156.6,0.416106,0.583894,3
2025-10-14,low_turnover_stable_ranking_v2,20000.0,20882.6798,8663.2798,12219.4,0.414855,0.585145,3
2025-10-15,low_turnover_stable_ranking_v2,20000.0,20977.5798,8663.2798,12314.3,0.412978,0.587022,3
2025-10-16,low_turnover_stable_ranking_v2,20000.0,21000.0798,8663.2798,12336.8,0.412536,0.587464,3
2025-10-17,low_turnover_stable_ranking_v2,20000.0,20737.7798,8663.2798,12074.5,0.417753,0.582247,3
2025-10-20,low_turnover_stable_ranking_v2,20000.0,20771.1798,8663.2798,12107.9,0.417082,0.582918,3
2025-10-21,low_turnover_stable_ranking_v2,20000.0,20865.8798,8663.2798,12202.6,0.415189,0.584811,3
2025-10-22,low_turnover_stable_ranking_v2,20000.0,20812.4798,8663.2798,12149.2,0.416254,0.583746,3
2025-10-23,low_turnover_stable_ranking_v2,20000.0,20859.1798,8663.2798,12195.9,0.415322,0.584678,3
2025-10-24,low_turnover_stable_ranking_v2,20000.0,20978.6798,8663.2798,12315.4,0.412956,0.587044,3
2025-10-27,low_turnover_stable_ranking_v2,20000.0,21077.4798,8663.2798,12414.2,0.411021,0.588979,3
2025-10-28,low_turnover_stable_ranking_v2,20000.0,21103.5798,8663.2798,12440.3,0.410512,0.589488,3
2025-10-29,low_turnover_stable_ranking_v2,20000.0,21178.7477,8800.0477,12378.7,0.415513,0.584487,3
2025-10-30,low_turnover_stable_ranking_v2,20000.0,20938.7477,8800.0477,12138.7,0.420276,0.579724,3
2025-10-31,low_turnover_stable_ranking_v2,20000.0,20960.4477,8800.0477,12160.4,0.419841,0.580159,3
2025-11-03,low_turnover_stable_ranking_v2,20000.0,20931.7032,8939.3032,11992.4,0.42707,0.57293,3
2025-11-04,low_turnover_stable_ranking_v2,20000.0,20714.2032,8939.3032,11774.9,0.431554,0.568446,3
2025-11-05,low_turnover_stable_ranking_v2,20000.0,20676.4486,8952.2486,11724.2,0.432968,0.567032,3
2025-11-06,low_turnover_stable_ranking_v2,20000.0,20741.2486,8952.2486,11789.0,0.431616,0.568384,3
2025-11-07,low_turnover_stable_ranking_v2,20000.0,20641.8486,8952.2486,11689.6,0.433694,0.566306,3
2025-11-10,low_turnover_stable_ranking_v2,20000.0,20756.8486,8952.2486,11804.6,0.431291,0.568709,3
2025-11-11,low_turnover_stable_ranking_v2,20000.0,20706.2486,8952.2486,11754.0,0.432345,0.567655,3
2025-11-12,low_turnover_stable_ranking_v2,20000.0,20775.8486,8952.2486,11823.6,0.430897,0.569103,3
2025-11-13,low_turnover_stable_ranking_v2,20000.0,20990.6486,8952.2486,12038.4,0.426487,0.573513,3
2025-11-14,low_turnover_stable_ranking_v2,20000.0,20932.0486,8952.2486,11979.8,0.427681,0.572319,3
2025-11-17,low_turnover_stable_ranking_v2,20000.0,20701.6486,8952.2486,11749.4,0.432441,0.567559,3
2025-11-18,low_turnover_stable_ranking_v2,20000.0,20626.6486,8952.2486,11674.4,0.434014,0.565986,3
2025-11-19,low_turnover_stable_ranking_v2,20000.0,20542.4486,8952.2486,11590.2,0.435793,0.564207,3
2025-11-20,low_turnover_stable_ranking_v2,20000.0,20472.6486,8952.2486,11520.4,0.437278,0.562722,3
2025-11-21,low_turnover_stable_ranking_v2,20000.0,20229.0486,8952.2486,11276.8,0.442544,0.557456,3
2025-11-24,low_turnover_stable_ranking_v2,20000.0,20388.8486,8952.2486,11436.6,0.439076,0.560924,3
2025-11-25,low_turnover_stable_ranking_v2,20000.0,20438.0486,8952.2486,11485.8,0.438019,0.561981,3
2025-11-26,low_turnover_stable_ranking_v2,20000.0,20532.4486,8952.2486,11580.2,0.436005,0.563995,3
2025-11-27,low_turnover_stable_ranking_v2,20000.0,20457.524,8800.924,11656.6,0.430205,0.569795,3
2025-11-28,low_turnover_stable_ranking_v2,20000.0,20496.924,8800.924,11696.0,0.429378,0.570622,3
2025-12-01,low_turnover_stable_ranking_v2,20000.0,20564.924,8800.924,11764.0,0.427958,0.572042,3
2025-12-02,low_turnover_stable_ranking_v2,20000.0,20358.7878,8586.1878,11772.6,0.421744,0.578256,3
2025-12-03,low_turnover_stable_ranking_v2,20000.0,20261.3878,8586.1878,11675.2,0.423771,0.576229,3
2025-12-04,low_turnover_stable_ranking_v2,20000.0,20369.8464,8398.9464,11970.9,0.412323,0.587677,3
2025-12-05,low_turnover_stable_ranking_v2,20000.0,20557.3464,8398.9464,12158.4,0.408562,0.591438,3
2025-12-08,low_turnover_stable_ranking_v2,20000.0,20697.6464,8398.9464,12298.7,0.405792,0.594208,3
2025-12-09,low_turnover_stable_ranking_v2,20000.0,20561.0464,8398.9464,12162.1,0.408488,0.591512,3
2025-12-10,low_turnover_stable_ranking_v2,20000.0,20603.2464,8398.9464,12204.3,0.407652,0.592348,3
2025-12-11,low_turnover_stable_ranking_v2,20000.0,20433.9464,8398.9464,12035.0,0.411029,0.588971,3
2025-12-12,low_turnover_stable_ranking_v2,20000.0,20498.7464,8398.9464,12099.8,0.40973,0.59027,3
2025-12-15,low_turnover_stable_ranking_v2,20000.0,20428.5464,8398.9464,12029.6,0.411138,0.588862,3
2025-12-16,low_turnover_stable_ranking_v2,20000.0,20294.7464,8398.9464,11895.8,0.413848,0.586152,3
2025-12-17,low_turnover_stable_ranking_v2,20000.0,20497.0464,8398.9464,12098.1,0.409764,0.590236,3
2025-12-18,low_turnover_stable_ranking_v2,20000.0,20457.7464,8398.9464,12058.8,0.410551,0.589449,3
2025-12-19,low_turnover_stable_ranking_v2,20000.0,20547.6464,8398.9464,12148.7,0.408755,0.591245,3
2025-12-22,low_turnover_stable_ranking_v2,20000.0,20574.6464,8398.9464,12175.7,0.408218,0.591782,3
2025-12-23,low_turnover_stable_ranking_v2,20000.0,20496.5464,8398.9464,12097.6,0.409774,0.590226,3
2025-12-24,low_turnover_stable_ranking_v2,20000.0,20587.6464,8398.9464,12188.7,0.40796,0.59204,3
2025-12-25,low_turnover_stable_ranking_v2,20000.0,20762.2464,8398.9464,12363.3,0.40453,0.59547,3
2025-12-26,low_turnover_stable_ranking_v2,20000.0,20775.0257,8608.1257,12166.9,0.41435,0.58565,3
2025-12-29,low_turnover_stable_ranking_v2,20000.0,20672.6257,8608.1257,12064.5,0.416402,0.583598,3
2025-12-30,low_turnover_stable_ranking_v2,20000.0,20594.1257,8608.1257,11986.0,0.417989,0.582011,3
2025-12-31,low_turnover_stable_ranking_v2,20000.0,20527.2964,8760.2964,11767.0,0.426763,0.573237,3
2026-01-05,low_turnover_stable_ranking_v2,20000.0,20972.8964,8760.2964,12212.6,0.417696,0.582304,3
2026-01-06,low_turnover_stable_ranking_v2,20000.0,21028.4503,9064.9503,11963.5,0.43108,0.56892,3
2026-01-07,low_turnover_stable_ranking_v2,20000.0,21214.0503,9064.9503,12149.1,0.427309,0.572691,3
2026-01-08,low_turnover_stable_ranking_v2,20000.0,21202.9503,9064.9503,12138.0,0.427532,0.572468,3
2026-01-09,low_turnover_stable_ranking_v2,20000.0,21294.1503,9064.9503,12229.2,0.425701,0.574299,3
2026-01-12,low_turnover_stable_ranking_v2,20000.0,21331.1503,9064.9503,12266.2,0.424963,0.575037,3
2026-01-13,low_turnover_stable_ranking_v2,20000.0,21296.6503,9064.9503,12231.7,0.425651,0.574349,3
2026-01-14,low_turnover_stable_ranking_v2,20000.0,21185.9503,9064.9503,12121.0,0.427876,0.572124,3
2026-01-15,low_turnover_stable_ranking_v2,20000.0,21102.8503,9064.9503,12037.9,0.42956,0.57044,3
2026-01-16,low_turnover_stable_ranking_v2,20000.0,20995.7503,9064.9503,11930.8,0.431752,0.568248,3
2026-01-19,low_turnover_stable_ranking_v2,20000.0,21004.2503,9064.9503,11939.3,0.431577,0.568423,3
2026-01-20,low_turnover_stable_ranking_v2,20000.0,21042.4503,9064.9503,11977.5,0.430793,0.569207,3
2026-01-21,low_turnover_stable_ranking_v2,20000.0,20927.7503,9064.9503,11862.8,0.433155,0.566845,3
2026-01-22,low_turnover_stable_ranking_v2,20000.0,20937.2503,9064.9503,11872.3,0.432958,0.567042,3
2026-01-23,low_turnover_stable_ranking_v2,20000.0,20922.2503,9064.9503,11857.3,0.433268,0.566732,3
2026-01-26,low_turnover_stable_ranking_v2,20000.0,21004.4503,9064.9503,11939.5,0.431573,0.568427,3
2026-01-27,low_turnover_stable_ranking_v2,20000.0,20777.2503,9064.9503,11712.3,0.436292,0.563708,3
2026-01-28,low_turnover_stable_ranking_v2,20000.0,20903.5979,8948.3979,11955.2,0.428079,0.571921,3
2026-01-29,low_turnover_stable_ranking_v2,20000.0,21374.4979,8948.3979,12426.1,0.418648,0.581352,3
2026-01-30,low_turnover_stable_ranking_v2,20000.0,21162.7979,8948.3979,12214.4,0.422836,0.577164,3
2026-02-02,low_turnover_stable_ranking_v2,20000.0,20916.8968,8983.5968,11933.3,0.42949,0.57051,3
2026-02-03,low_turnover_stable_ranking_v2,20000.0,20942.9968,8983.5968,11959.4,0.428955,0.571045,3
2026-02-04,low_turnover_stable_ranking_v2,20000.0,21309.6572,9267.5572,12042.1,0.434899,0.565101,3
2026-02-05,low_turnover_stable_ranking_v2,20000.0,21427.2572,9267.5572,12159.7,0.432513,0.567487,3
2026-02-06,low_turnover_stable_ranking_v2,20000.0,21403.0572,9267.5572,12135.5,0.433002,0.566998,3
2026-02-09,low_turnover_stable_ranking_v2,20000.0,21457.6572,9267.5572,12190.1,0.4319,0.5681,3
2026-02-10,low_turnover_stable_ranking_v2,20000.0,21522.9572,9267.5572,12255.4,0.430589,0.569411,3
2026-02-11,low_turnover_stable_ranking_v2,20000.0,21518.1572,9267.5572,12250.6,0.430685,0.569315,3
2026-02-12,low_turnover_stable_ranking_v2,20000.0,21399.9572,9267.5572,12132.4,0.433064,0.566936,3
2026-02-13,low_turnover_stable_ranking_v2,20000.0,21283.5572,9267.5572,12016.0,0.435433,0.564567,3
2026-02-24,low_turnover_stable_ranking_v2,20000.0,21230.4572,9267.5572,11962.9,0.436522,0.563478,3
2026-02-25,low_turnover_stable_ranking_v2,20000.0,21235.0572,9267.5572,11967.5,0.436427,0.563573,3
2026-02-26,low_turnover_stable_ranking_v2,20000.0,21134.9572,9267.5572,11867.4,0.438494,0.561506,3
2026-02-27,low_turnover_stable_ranking_v2,20000.0,21133.6572,9267.5572,11866.1,0.438521,0.561479,3
2026-03-02,low_turnover_stable_ranking_v2,20000.0,21038.8572,9267.5572,11771.3,0.440497,0.559503,3
2026-03-03,low_turnover_stable_ranking_v2,20000.0,20985.0572,9267.5572,11717.5,0.441626,0.558374,3
2026-03-04,low_turnover_stable_ranking_v2,20000.0,20829.6572,9267.5572,11562.1,0.444921,0.555079,3
2026-03-05,low_turnover_stable_ranking_v2,20000.0,20950.8572,9267.5572,11683.3,0.442347,0.557653,3
2026-03-06,low_turnover_stable_ranking_v2,20000.0,21090.9435,9321.6435,11769.3,0.441974,0.558026,3
2026-03-09,low_turnover_stable_ranking_v2,20000.0,20949.4435,9321.6435,11627.8,0.444959,0.555041,3
2026-03-10,low_turnover_stable_ranking_v2,20000.0,21110.4435,9321.6435,11788.8,0.441565,0.558435,3
2026-03-11,low_turnover_stable_ranking_v2,20000.0,21074.0714,9254.3714,11819.7,0.439135,0.560865,3
2026-03-12,low_turnover_stable_ranking_v2,20000.0,21050.5714,9254.3714,11796.2,0.439626,0.560374,3
2026-03-13,low_turnover_stable_ranking_v2,20000.0,21049.4234,9076.9234,11972.5,0.43122,0.56878,3
2026-03-16,low_turnover_stable_ranking_v2,20000.0,21064.3234,9076.9234,11987.4,0.430915,0.569085,3
2026-03-17,low_turnover_stable_ranking_v2,20000.0,21174.8234,9076.9234,12097.9,0.428666,0.571334,3
2026-03-18,low_turnover_stable_ranking_v2,20000.0,21120.9234,9076.9234,12044.0,0.42976,0.57024,3
2026-03-19,low_turnover_stable_ranking_v2,20000.0,20932.5234,9076.9234,11855.6,0.433628,0.566372,3
2026-03-20,low_turnover_stable_ranking_v2,20000.0,20770.3234,9076.9234,11693.4,0.437014,0.562986,3
2026-03-23,low_turnover_stable_ranking_v2,20000.0,20329.0234,9076.9234,11252.1,0.446501,0.553499,3
2026-03-24,low_turnover_stable_ranking_v2,20000.0,20444.2234,9076.9234,11367.3,0.443985,0.556015,3
2026-03-25,low_turnover_stable_ranking_v2,20000.0,20550.2234,9076.9234,11473.3,0.441695,0.558305,3
2026-03-26,low_turnover_stable_ranking_v2,20000.0,20308.3234,9076.9234,11231.4,0.446956,0.553044,3
2026-03-27,low_turnover_stable_ranking_v2,20000.0,20386.7234,9076.9234,11309.8,0.445237,0.554763,3
2026-03-30,low_turnover_stable_ranking_v2,20000.0,20347.3234,9076.9234,11270.4,0.446099,0.553901,3
2026-03-31,low_turnover_stable_ranking_v2,20000.0,20313.8234,9076.9234,11236.9,0.446835,0.553165,3
2026-04-01,low_turnover_stable_ranking_v2,20000.0,20476.7234,9076.9234,11399.8,0.44328,0.55672,3
2026-04-02,low_turnover_stable_ranking_v2,20000.0,20351.5234,9076.9234,11274.6,0.446007,0.553993,3
2026-04-03,low_turnover_stable_ranking_v2,20000.0,20260.8234,9076.9234,11183.9,0.448004,0.551996,3
2026-04-07,low_turnover_stable_ranking_v2,20000.0,20163.2883,9102.0883,11061.2,0.451419,0.548581,3
2026-04-08,low_turnover_stable_ranking_v2,20000.0,20646.0883,9102.0883,11544.0,0.440863,0.559137,3
2026-04-09,low_turnover_stable_ranking_v2,20000.0,20462.7883,9102.0883,11360.7,0.444812,0.555188,3
2026-04-10,low_turnover_stable_ranking_v2,20000.0,20721.8019,8950.8019,11771.0,0.431951,0.568049,3
2026-04-13,low_turnover_stable_ranking_v2,20000.0,20817.8019,8950.8019,11867.0,0.429959,0.570041,3
2026-04-14,low_turnover_stable_ranking_v2,20000.0,21020.038,8863.738,12156.3,0.42168,0.57832,3
2026-04-15,low_turnover_stable_ranking_v2,20000.0,20943.238,8863.738,12079.5,0.423227,0.576773,3
2026-04-16,low_turnover_stable_ranking_v2,20000.0,20986.938,8863.738,12123.2,0.422345,0.577655,3
2026-04-17,low_turnover_stable_ranking_v2,20000.0,21021.838,8863.738,12158.1,0.421644,0.578356,3
2026-04-20,low_turnover_stable_ranking_v2,20000.0,21113.338,8863.738,12249.6,0.419817,0.580183,3
2026-04-21,low_turnover_stable_ranking_v2,20000.0,21063.738,8863.738,12200.0,0.420806,0.579194,3
2026-04-22,low_turnover_stable_ranking_v2,20000.0,21087.938,8863.738,12224.2,0.420323,0.579677,3
2026-04-23,low_turnover_stable_ranking_v2,20000.0,21141.538,8863.738,12277.8,0.419257,0.580743,3
2026-04-24,low_turnover_stable_ranking_v2,20000.0,21039.538,8863.738,12175.8,0.42129,0.57871,3
2026-04-27,low_turnover_stable_ranking_v2,20000.0,20948.938,8863.738,12085.2,0.423112,0.576888,3
2026-04-28,low_turnover_stable_ranking_v2,20000.0,20897.438,8863.738,12033.7,0.424154,0.575846,3
2026-04-29,low_turnover_stable_ranking_v2,20000.0,21040.038,8863.738,12176.3,0.42128,0.57872,3
2026-04-30,low_turnover_stable_ranking_v2,20000.0,21151.338,8863.738,12287.6,0.419063,0.580937,3
2026-05-06,low_turnover_stable_ranking_v2,20000.0,21257.238,8863.738,12393.5,0.416975,0.583025,3
2026-05-07,low_turnover_stable_ranking_v2,20000.0,21336.538,8863.738,12472.8,0.415425,0.584575,3
2026-05-08,low_turnover_stable_ranking_v2,20000.0,21456.538,8863.738,12592.8,0.413102,0.586898,3
2026-05-11,low_turnover_stable_ranking_v2,20000.0,21461.4189,9328.2189,12133.2,0.434651,0.565349,3
2026-05-12,low_turnover_stable_ranking_v2,20000.0,21428.5189,9328.2189,12100.3,0.435318,0.564682,3
2026-05-13,low_turnover_stable_ranking_v2,20000.0,21315.9189,9328.2189,11987.7,0.437617,0.562383,3
2026-05-14,low_turnover_stable_ranking_v2,20000.0,21221.1776,9593.8776,11627.3,0.45209,0.54791,3
2026-05-15,low_turnover_stable_ranking_v2,20000.0,21011.1776,9593.8776,11417.3,0.456608,0.543392,3
2026-05-18,low_turnover_stable_ranking_v2,20000.0,20896.3838,9257.9838,11638.4,0.443042,0.556958,3
2026-05-19,low_turnover_stable_ranking_v2,20000.0,20915.6838,9257.9838,11657.7,0.442634,0.557366,3
2026-05-20,low_turnover_stable_ranking_v2,20000.0,20854.5838,9257.9838,11596.6,0.44393,0.55607,3
2026-05-21,low_turnover_stable_ranking_v2,20000.0,20962.8838,9257.9838,11704.9,0.441637,0.558363,3
2026-05-22,low_turnover_stable_ranking_v2,20000.0,20847.2838,9257.9838,11589.3,0.444086,0.555914,3
2026-05-25,low_turnover_stable_ranking_v2,20000.0,20764.2838,9257.9838,11506.3,0.445861,0.554139,3
2026-05-26,low_turnover_stable_ranking_v2,20000.0,20724.4838,9257.9838,11466.5,0.446717,0.553283,3
2026-05-27,low_turnover_stable_ranking_v2,20000.0,20652.5838,9257.9838,11394.6,0.448272,0.551728,3
2026-05-28,low_turnover_stable_ranking_v2,20000.0,20395.6838,9257.9838,11137.7,0.453919,0.546081,3
2026-05-29,low_turnover_stable_ranking_v2,20000.0,20678.2838,9257.9838,11420.3,0.447715,0.552285,3
2026-06-01,low_turnover_stable_ranking_v2,20000.0,20567.2838,9257.9838,11309.3,0.450132,0.549868,3
2026-06-02,low_turnover_stable_ranking_v2,20000.0,20471.7838,9257.9838,11213.8,0.452231,0.547769,3
2026-06-03,low_turnover_stable_ranking_v2,20000.0,20288.4838,9257.9838,11030.5,0.456317,0.543683,3
2026-06-04,low_turnover_stable_ranking_v2,20000.0,20207.1838,9257.9838,10949.2,0.458153,0.541847,3
2026-06-05,low_turnover_stable_ranking_v2,20000.0,20191.9838,9257.9838,10934.0,0.458498,0.541502,3
2026-06-08,low_turnover_stable_ranking_v2,20000.0,19907.4838,9257.9838,10649.5,0.46505,0.53495,3
2026-06-09,low_turnover_stable_ranking_v2,20000.0,19859.0571,8815.3571,11043.7,0.443896,0.556104,3
2026-06-10,low_turnover_stable_ranking_v2,20000.0,19937.4571,8815.3571,11122.1,0.442151,0.557849,3
2026-06-11,low_turnover_stable_ranking_v2,20000.0,19892.7571,8815.3571,11077.4,0.443144,0.556856,3
2026-06-12,low_turnover_stable_ranking_v2,20000.0,20115.5792,8422.8792,11692.7,0.418724,0.581276,3
2026-06-15,low_turnover_stable_ranking_v2,20000.0,20190.7792,8422.8792,11767.9,0.417165,0.582835,3
2026-06-16,low_turnover_stable_ranking_v2,20000.0,20026.2863,8084.1863,11942.1,0.403679,0.596321,3
2026-06-17,low_turnover_stable_ranking_v2,20000.0,20104.0863,8084.1863,12019.9,0.402117,0.597883,3
2026-06-18,low_turnover_stable_ranking_v2,20000.0,20018.0005,20018.0005,0.0,1.0,0.0,0
2025-05-30,risk_aware_adjusted_ranking_v2,20000.0,20000.0,20000.0,0.0,1.0,0.0,0
2025-05-30,risk_aware_adjusted_ranking_v2,20000.0,20042.7714,8219.3714,11823.4,0.410092,0.589908,3
2025-06-03,risk_aware_adjusted_ranking_v2,20000.0,20011.8714,8219.3714,11792.5,0.410725,0.589275,3
2025-06-04,risk_aware_adjusted_ranking_v2,20000.0,20079.2714,8219.3714,11859.9,0.409346,0.590654,3
2025-06-05,risk_aware_adjusted_ranking_v2,20000.0,20130.8714,8219.3714,11911.5,0.408297,0.591703,3
2025-06-06,risk_aware_adjusted_ranking_v2,20000.0,20108.7714,8219.3714,11889.4,0.408746,0.591254,3
2025-06-09,risk_aware_adjusted_ranking_v2,20000.0,20122.4714,8219.3714,11903.1,0.408467,0.591533,3
2025-06-10,risk_aware_adjusted_ranking_v2,20000.0,19984.9714,8219.3714,11765.6,0.411278,0.588722,3
2025-06-11,risk_aware_adjusted_ranking_v2,20000.0,20017.0714,8219.3714,11797.7,0.410618,0.589382,3
2025-06-12,risk_aware_adjusted_ranking_v2,20000.0,19909.6714,8219.3714,11690.3,0.412833,0.587167,3
2025-06-13,risk_aware_adjusted_ranking_v2,20000.0,19726.2714,8219.3714,11506.9,0.416671,0.583329,3
2025-06-16,risk_aware_adjusted_ranking_v2,20000.0,19807.6714,8219.3714,11588.3,0.414959,0.585041,3
2025-06-17,risk_aware_adjusted_ranking_v2,20000.0,19765.8714,8219.3714,11546.5,0.415837,0.584163,3
2025-06-18,risk_aware_adjusted_ranking_v2,20000.0,19760.0714,8219.3714,11540.7,0.415959,0.584041,3
2025-06-19,risk_aware_adjusted_ranking_v2,20000.0,19631.3714,8219.3714,11412.0,0.418686,0.581314,3
2025-06-20,risk_aware_adjusted_ranking_v2,20000.0,19691.3714,8219.3714,11472.0,0.41741,0.58259,3
2025-06-23,risk_aware_adjusted_ranking_v2,20000.0,19683.2714,8219.3714,11463.9,0.417582,0.582418,3
2025-06-24,risk_aware_adjusted_ranking_v2,20000.0,19821.8714,8219.3714,11602.5,0.414662,0.585338,3
2025-06-25,risk_aware_adjusted_ranking_v2,20000.0,19964.7714,8219.3714,11745.4,0.411694,0.588306,3
2025-06-26,risk_aware_adjusted_ranking_v2,20000.0,19923.6714,8219.3714,11704.3,0.412543,0.587457,3
2025-06-27,risk_aware_adjusted_ranking_v2,20000.0,19901.8714,8219.3714,11682.5,0.412995,0.587005,3
2025-06-30,risk_aware_adjusted_ranking_v2,20000.0,20002.7714,8219.3714,11783.4,0.410912,0.589088,3
2025-07-01,risk_aware_adjusted_ranking_v2,20000.0,19878.5726,7916.7726,11961.8,0.398257,0.601743,3
2025-07-02,risk_aware_adjusted_ranking_v2,20000.0,19908.7726,7916.7726,11992.0,0.397652,0.602348,3
2025-07-03,risk_aware_adjusted_ranking_v2,20000.0,19916.9726,7916.7726,12000.2,0.397489,0.602511,3
2025-07-04,risk_aware_adjusted_ranking_v2,20000.0,19927.6726,7916.7726,12010.9,0.397275,0.602725,3
2025-07-07,risk_aware_adjusted_ranking_v2,20000.0,19848.8726,7916.7726,11932.1,0.398853,0.601147,3
2025-07-08,risk_aware_adjusted_ranking_v2,20000.0,19923.0726,7916.7726,12006.3,0.397367,0.602633,3
2025-07-09,risk_aware_adjusted_ranking_v2,20000.0,20022.1726,7916.7726,12105.4,0.3954,0.6046,3
2025-07-10,risk_aware_adjusted_ranking_v2,20000.0,20128.2726,7916.7726,12211.5,0.393316,0.606684,3
2025-07-11,risk_aware_adjusted_ranking_v2,20000.0,20247.6726,7916.7726,12330.9,0.390997,0.609003,3
2025-07-14,risk_aware_adjusted_ranking_v2,20000.0,20233.3726,7916.7726,12316.6,0.391273,0.608727,3
2025-07-15,risk_aware_adjusted_ranking_v2,20000.0,20135.4726,7916.7726,12218.7,0.393175,0.606825,3
2025-07-16,risk_aware_adjusted_ranking_v2,20000.0,20142.6726,7916.7726,12225.9,0.393035,0.606965,3
2025-07-17,risk_aware_adjusted_ranking_v2,20000.0,20263.2726,7916.7726,12346.5,0.390696,0.609304,3
2025-07-18,risk_aware_adjusted_ranking_v2,20000.0,20371.6471,8171.3471,12200.3,0.401114,0.598886,3
2025-07-21,risk_aware_adjusted_ranking_v2,20000.0,20521.1471,8171.3471,12349.8,0.398192,0.601808,3
2025-07-22,risk_aware_adjusted_ranking_v2,20000.0,21068.1471,8171.3471,12896.8,0.387853,0.612147,3
2025-07-23,risk_aware_adjusted_ranking_v2,20000.0,20967.4863,8902.3863,12065.1,0.424581,0.575419,3
2025-07-24,risk_aware_adjusted_ranking_v2,20000.0,21027.0863,8902.3863,12124.7,0.423377,0.576623,3
2025-07-25,risk_aware_adjusted_ranking_v2,20000.0,20971.5863,8902.3863,12069.2,0.424498,0.575502,3
2025-07-28,risk_aware_adjusted_ranking_v2,20000.0,21036.2598,9349.0598,11687.2,0.444426,0.555574,3
2025-07-29,risk_aware_adjusted_ranking_v2,20000.0,21058.8598,9349.0598,11709.8,0.443949,0.556051,3
2025-07-30,risk_aware_adjusted_ranking_v2,20000.0,21117.4598,9349.0598,11768.4,0.442717,0.557283,3
2025-07-31,risk_aware_adjusted_ranking_v2,20000.0,20936.2598,9349.0598,11587.2,0.446549,0.553451,3
2025-08-01,risk_aware_adjusted_ranking_v2,20000.0,20876.3598,9349.0598,11527.3,0.44783,0.55217,3
2025-08-04,risk_aware_adjusted_ranking_v2,20000.0,20950.3598,9349.0598,11601.3,0.446248,0.553752,3
2025-08-05,risk_aware_adjusted_ranking_v2,20000.0,21033.1598,9349.0598,11684.1,0.444491,0.555509,3
2025-08-06,risk_aware_adjusted_ranking_v2,20000.0,21106.5598,9349.0598,11757.5,0.442946,0.557054,3
2025-08-07,risk_aware_adjusted_ranking_v2,20000.0,21142.4598,9349.0598,11793.4,0.442194,0.557806,3
2025-08-08,risk_aware_adjusted_ranking_v2,20000.0,21139.7598,9349.0598,11790.7,0.44225,0.55775,3
2025-08-11,risk_aware_adjusted_ranking_v2,20000.0,21161.1598,9349.0598,11812.1,0.441803,0.558197,3
2025-08-12,risk_aware_adjusted_ranking_v2,20000.0,21183.3598,9349.0598,11834.3,0.44134,0.55866,3
2025-08-13,risk_aware_adjusted_ranking_v2,20000.0,21167.3598,9349.0598,11818.3,0.441673,0.558327,3
2025-08-14,risk_aware_adjusted_ranking_v2,20000.0,21119.0598,9349.0598,11770.0,0.442684,0.557316,3
2025-08-15,risk_aware_adjusted_ranking_v2,20000.0,21141.4598,9349.0598,11792.4,0.442214,0.557786,3
2025-08-18,risk_aware_adjusted_ranking_v2,20000.0,21119.3578,9400.1578,11719.2,0.445097,0.554903,3
2025-08-19,risk_aware_adjusted_ranking_v2,20000.0,21175.1578,9400.1578,11775.0,0.443924,0.556076,3
2025-08-20,risk_aware_adjusted_ranking_v2,20000.0,21288.9578,9400.1578,11888.8,0.441551,0.558449,3
2025-08-21,risk_aware_adjusted_ranking_v2,20000.0,21268.2786,9185.5786,12082.7,0.431891,0.568109,3
2025-08-22,risk_aware_adjusted_ranking_v2,20000.0,21291.8786,9185.5786,12106.3,0.431412,0.568588,3
2025-08-25,risk_aware_adjusted_ranking_v2,20000.0,21530.5786,9185.5786,12345.0,0.426629,0.573371,3
2025-08-26,risk_aware_adjusted_ranking_v2,20000.0,21438.0741,9580.3453,11857.7288,0.446885,0.553115,3
2025-08-27,risk_aware_adjusted_ranking_v2,20000.0,21194.6845,9580.3453,11614.3392,0.452016,0.547984,3
2025-08-28,risk_aware_adjusted_ranking_v2,20000.0,21185.0618,9580.3453,11604.7166,0.452222,0.547778,3
2025-08-29,risk_aware_adjusted_ranking_v2,20000.0,21158.2072,9580.3453,11577.8619,0.452796,0.547204,3
2025-09-01,risk_aware_adjusted_ranking_v2,20000.0,21108.5165,9580.3453,11528.1712,0.453862,0.546138,3
2025-09-02,risk_aware_adjusted_ranking_v2,20000.0,21167.9072,9580.3453,11587.5619,0.452588,0.547412,3
2025-09-03,risk_aware_adjusted_ranking_v2,20000.0,21013.2897,9580.3453,11432.9444,0.455918,0.544082,3
2025-09-04,risk_aware_adjusted_ranking_v2,20000.0,21063.167,9580.3453,11482.8218,0.454839,0.545161,3
2025-09-05,risk_aware_adjusted_ranking_v2,20000.0,21083.7577,9580.3453,11503.4125,0.454395,0.545605,3
2025-09-08,risk_aware_adjusted_ranking_v2,20000.0,21126.1752,9580.3453,11545.8299,0.453482,0.546518,3
2025-09-09,risk_aware_adjusted_ranking_v2,20000.0,21152.0206,9580.3453,11571.6753,0.452928,0.547072,3
2025-09-10,risk_aware_adjusted_ranking_v2,20000.0,21108.2845,9580.3453,11527.9392,0.453867,0.546133,3
2025-09-11,risk_aware_adjusted_ranking_v2,20000.0,21157.0206,9580.3453,11576.6753,0.452821,0.547179,3
2025-09-12,risk_aware_adjusted_ranking_v2,20000.0,21093.0618,9580.3453,11512.7166,0.454194,0.545806,3
2025-09-15,risk_aware_adjusted_ranking_v2,20000.0,21087.2484,9580.3453,11506.9032,0.454319,0.545681,3
2025-09-16,risk_aware_adjusted_ranking_v2,20000.0,21043.0565,9447.7306,11595.3259,0.448971,0.551029,3
2025-09-17,risk_aware_adjusted_ranking_v2,20000.0,21120.4245,9447.7306,11672.6939,0.447327,0.552673,3
2025-09-18,risk_aware_adjusted_ranking_v2,20000.0,20874.5349,9447.7306,11426.8043,0.452596,0.547404,3
2025-09-19,risk_aware_adjusted_ranking_v2,20000.0,20989.0289,9413.0752,11575.9537,0.448476,0.551524,3
2025-09-22,risk_aware_adjusted_ranking_v2,20000.0,20965.8248,9413.0752,11552.7497,0.448972,0.551028,3
2025-09-23,risk_aware_adjusted_ranking_v2,20000.0,20975.2155,9413.0752,11562.1404,0.448771,0.551229,3
2025-09-24,risk_aware_adjusted_ranking_v2,20000.0,21000.9505,9257.5505,11743.4,0.440816,0.559184,3
2025-09-25,risk_aware_adjusted_ranking_v2,20000.0,20953.6505,9257.5505,11696.1,0.441811,0.558189,3
2025-09-26,risk_aware_adjusted_ranking_v2,20000.0,20951.2505,9257.5505,11693.7,0.441861,0.558139,3
2025-09-29,risk_aware_adjusted_ranking_v2,20000.0,20995.8505,9257.5505,11738.3,0.440923,0.559077,3
2025-09-30,risk_aware_adjusted_ranking_v2,20000.0,21021.6505,9257.5505,11764.1,0.440382,0.559618,3
2025-10-09,risk_aware_adjusted_ranking_v2,20000.0,21054.1505,9257.5505,11796.6,0.439702,0.560298,3
2025-10-10,risk_aware_adjusted_ranking_v2,20000.0,21045.7505,9257.5505,11788.2,0.439877,0.560123,3
2025-10-13,risk_aware_adjusted_ranking_v2,20000.0,21142.2505,9257.5505,11884.7,0.43787,0.56213,3
2025-10-14,risk_aware_adjusted_ranking_v2,20000.0,21259.8505,9257.5505,12002.3,0.435448,0.564552,3
2025-10-15,risk_aware_adjusted_ranking_v2,20000.0,21307.6505,9257.5505,12050.1,0.434471,0.565529,3
2025-10-16,risk_aware_adjusted_ranking_v2,20000.0,21374.4505,9257.5505,12116.9,0.433113,0.566887,3
2025-10-17,risk_aware_adjusted_ranking_v2,20000.0,21202.2505,9257.5505,11944.7,0.436631,0.563369,3
2025-10-20,risk_aware_adjusted_ranking_v2,20000.0,21202.1505,9257.5505,11944.6,0.436633,0.563367,3
2025-10-21,risk_aware_adjusted_ranking_v2,20000.0,21278.6505,9257.5505,12021.1,0.435063,0.564937,3
2025-10-22,risk_aware_adjusted_ranking_v2,20000.0,21287.7505,9257.5505,12030.2,0.434877,0.565123,3
2025-10-23,risk_aware_adjusted_ranking_v2,20000.0,21311.7545,9285.5545,12026.2,0.435701,0.564299,3
2025-10-24,risk_aware_adjusted_ranking_v2,20000.0,21407.7545,9285.5545,12122.2,0.433747,0.566253,3
2025-10-27,risk_aware_adjusted_ranking_v2,20000.0,21516.1545,9285.5545,12230.6,0.431562,0.568438,3
2025-10-28,risk_aware_adjusted_ranking_v2,20000.0,21492.1459,9402.1459,12090.0,0.437469,0.562531,3
2025-10-29,risk_aware_adjusted_ranking_v2,20000.0,21496.7459,9402.1459,12094.6,0.437375,0.562625,3
2025-10-30,risk_aware_adjusted_ranking_v2,20000.0,21281.7459,9402.1459,11879.6,0.441794,0.558206,3
2025-10-31,risk_aware_adjusted_ranking_v2,20000.0,21515.5341,9480.3341,12035.2,0.440627,0.559373,3
2025-11-03,risk_aware_adjusted_ranking_v2,20000.0,21421.7341,9480.3341,11941.4,0.442557,0.557443,3
2025-11-04,risk_aware_adjusted_ranking_v2,20000.0,21169.3341,9480.3341,11689.0,0.447833,0.552167,3
2025-11-05,risk_aware_adjusted_ranking_v2,20000.0,21124.1341,9480.3341,11643.8,0.448792,0.551208,3
2025-11-06,risk_aware_adjusted_ranking_v2,20000.0,21188.5341,9480.3341,11708.2,0.447428,0.552572,3
2025-11-07,risk_aware_adjusted_ranking_v2,20000.0,21089.7341,9480.3341,11609.4,0.449524,0.550476,3
2025-11-10,risk_aware_adjusted_ranking_v2,20000.0,21203.9341,9480.3341,11723.6,0.447103,0.552897,3
2025-11-11,risk_aware_adjusted_ranking_v2,20000.0,21153.5341,9480.3341,11673.2,0.448168,0.551832,3
2025-11-12,risk_aware_adjusted_ranking_v2,20000.0,21222.9341,9480.3341,11742.6,0.446702,0.553298,3
2025-11-13,risk_aware_adjusted_ranking_v2,20000.0,21436.5341,9480.3341,11956.2,0.442251,0.557749,3
2025-11-14,risk_aware_adjusted_ranking_v2,20000.0,21378.5341,9480.3341,11898.2,0.443451,0.556549,3
2025-11-17,risk_aware_adjusted_ranking_v2,20000.0,21149.5341,9480.3341,11669.2,0.448253,0.551747,3
2025-11-18,risk_aware_adjusted_ranking_v2,20000.0,21074.9341,9480.3341,11594.6,0.449839,0.550161,3
2025-11-19,risk_aware_adjusted_ranking_v2,20000.0,20990.9341,9480.3341,11510.6,0.451639,0.548361,3
2025-11-20,risk_aware_adjusted_ranking_v2,20000.0,20921.9341,9480.3341,11441.6,0.453129,0.546871,3
2025-11-21,risk_aware_adjusted_ranking_v2,20000.0,20673.5086,9284.5086,11389.0,0.449102,0.550898,3
2025-11-24,risk_aware_adjusted_ranking_v2,20000.0,20825.5086,9284.5086,11541.0,0.445824,0.554176,3
2025-11-25,risk_aware_adjusted_ranking_v2,20000.0,20841.0086,9284.5086,11556.5,0.445492,0.554508,3
2025-11-26,risk_aware_adjusted_ranking_v2,20000.0,20856.5909,9202.5909,11654.0,0.441232,0.558768,3
2025-11-27,risk_aware_adjusted_ranking_v2,20000.0,20794.4909,9202.5909,11591.9,0.442549,0.557451,3
2025-11-28,risk_aware_adjusted_ranking_v2,20000.0,20854.7909,9202.5909,11652.2,0.44127,0.55873,3
2025-12-01,risk_aware_adjusted_ranking_v2,20000.0,20896.2639,8979.0639,11917.2,0.429697,0.570303,3
2025-12-02,risk_aware_adjusted_ranking_v2,20000.0,20735.1639,8979.0639,11756.1,0.433036,0.566964,3
2025-12-03,risk_aware_adjusted_ranking_v2,20000.0,20638.5639,8979.0639,11659.5,0.435062,0.564938,3
2025-12-04,risk_aware_adjusted_ranking_v2,20000.0,20775.7639,8979.0639,11796.7,0.432189,0.567811,3
2025-12-05,risk_aware_adjusted_ranking_v2,20000.0,20862.2639,8979.0639,11883.2,0.430397,0.569603,3
2025-12-08,risk_aware_adjusted_ranking_v2,20000.0,20986.5639,8979.0639,12007.5,0.427848,0.572152,3
2025-12-09,risk_aware_adjusted_ranking_v2,20000.0,20898.7639,8979.0639,11919.7,0.429646,0.570354,3
2025-12-10,risk_aware_adjusted_ranking_v2,20000.0,20921.5639,8979.0639,11942.5,0.429177,0.570823,3
2025-12-11,risk_aware_adjusted_ranking_v2,20000.0,20742.6639,8979.0639,11763.6,0.432879,0.567121,3
2025-12-12,risk_aware_adjusted_ranking_v2,20000.0,20854.4639,8979.0639,11875.4,0.430558,0.569442,3
2025-12-15,risk_aware_adjusted_ranking_v2,20000.0,20682.2639,8979.0639,11703.2,0.434143,0.565857,3
2025-12-16,risk_aware_adjusted_ranking_v2,20000.0,20508.8639,8979.0639,11529.8,0.437814,0.562186,3
2025-12-17,risk_aware_adjusted_ranking_v2,20000.0,20724.3639,8979.0639,11745.3,0.433261,0.566739,3
2025-12-18,risk_aware_adjusted_ranking_v2,20000.0,20662.8639,8979.0639,11683.8,0.434551,0.565449,3
2025-12-19,risk_aware_adjusted_ranking_v2,20000.0,20744.5639,8979.0639,11765.5,0.432839,0.567161,3
2025-12-22,risk_aware_adjusted_ranking_v2,20000.0,20839.2061,9088.4061,11750.8,0.436121,0.563879,3
2025-12-23,risk_aware_adjusted_ranking_v2,20000.0,20774.2061,9088.4061,11685.8,0.437485,0.562515,3
2025-12-24,risk_aware_adjusted_ranking_v2,20000.0,20880.6061,9088.4061,11792.2,0.435256,0.564744,3
2025-12-25,risk_aware_adjusted_ranking_v2,20000.0,21028.2332,9135.0332,11893.2,0.434418,0.565582,3
2025-12-26,risk_aware_adjusted_ranking_v2,20000.0,21061.8332,9135.0332,11926.8,0.433725,0.566275,3
2025-12-29,risk_aware_adjusted_ranking_v2,20000.0,21097.4332,9135.0332,11962.4,0.432993,0.567007,3
2025-12-30,risk_aware_adjusted_ranking_v2,20000.0,21148.974,9421.274,11727.7,0.445472,0.554528,3
2025-12-31,risk_aware_adjusted_ranking_v2,20000.0,21137.874,9421.274,11716.6,0.445706,0.554294,3
2026-01-05,risk_aware_adjusted_ranking_v2,20000.0,21272.674,9421.274,11851.4,0.442882,0.557118,3
2026-01-06,risk_aware_adjusted_ranking_v2,20000.0,21431.274,9421.274,12010.0,0.439604,0.560396,3
2026-01-07,risk_aware_adjusted_ranking_v2,20000.0,21563.974,9421.274,12142.7,0.436899,0.563101,3
2026-01-08,risk_aware_adjusted_ranking_v2,20000.0,21617.874,9421.274,12196.6,0.435809,0.564191,3
2026-01-09,risk_aware_adjusted_ranking_v2,20000.0,21671.574,9421.274,12250.3,0.43473,0.56527,3
2026-01-12,risk_aware_adjusted_ranking_v2,20000.0,21694.774,9421.274,12273.5,0.434265,0.565735,3
2026-01-13,risk_aware_adjusted_ranking_v2,20000.0,21528.274,9421.274,12107.0,0.437623,0.562377,3
2026-01-14,risk_aware_adjusted_ranking_v2,20000.0,21414.974,9421.274,11993.7,0.439939,0.560061,3
2026-01-15,risk_aware_adjusted_ranking_v2,20000.0,21390.674,9421.274,11969.4,0.440438,0.559562,3
2026-01-16,risk_aware_adjusted_ranking_v2,20000.0,21275.174,9421.274,11853.9,0.442829,0.557171,3
2026-01-19,risk_aware_adjusted_ranking_v2,20000.0,21364.374,9421.274,11943.1,0.440981,0.559019,3
2026-01-20,risk_aware_adjusted_ranking_v2,20000.0,21524.274,9421.274,12103.0,0.437705,0.562295,3
2026-01-21,risk_aware_adjusted_ranking_v2,20000.0,21432.574,9421.274,12011.3,0.439577,0.560423,3
2026-01-22,risk_aware_adjusted_ranking_v2,20000.0,21506.359,9553.959,11952.4,0.444239,0.555761,3
2026-01-23,risk_aware_adjusted_ranking_v2,20000.0,21412.959,9553.959,11859.0,0.446176,0.553824,3
2026-01-26,risk_aware_adjusted_ranking_v2,20000.0,21495.059,9553.959,11941.1,0.444472,0.555528,3
2026-01-27,risk_aware_adjusted_ranking_v2,20000.0,21320.3616,9720.2616,11600.1,0.455914,0.544086,3
2026-01-28,risk_aware_adjusted_ranking_v2,20000.0,21262.9616,9720.2616,11542.7,0.457145,0.542855,3
2026-01-29,risk_aware_adjusted_ranking_v2,20000.0,21801.6616,9720.2616,12081.4,0.44585,0.55415,3
2026-01-30,risk_aware_adjusted_ranking_v2,20000.0,21509.9994,9659.6994,11850.3,0.449079,0.550921,3
2026-02-02,risk_aware_adjusted_ranking_v2,20000.0,21447.1994,9659.6994,11787.5,0.450394,0.549606,3
2026-02-03,risk_aware_adjusted_ranking_v2,20000.0,21378.2994,9659.6994,11718.6,0.451846,0.548154,3
2026-02-04,risk_aware_adjusted_ranking_v2,20000.0,21532.2994,9659.6994,11872.6,0.448614,0.551386,3
2026-02-05,risk_aware_adjusted_ranking_v2,20000.0,21693.0994,9659.6994,12033.4,0.445289,0.554711,3
2026-02-06,risk_aware_adjusted_ranking_v2,20000.0,21652.3994,9659.6994,11992.7,0.446126,0.553874,3
2026-02-09,risk_aware_adjusted_ranking_v2,20000.0,21710.4994,9659.6994,12050.8,0.444932,0.555068,3
2026-02-10,risk_aware_adjusted_ranking_v2,20000.0,21740.5994,9659.6994,12080.9,0.444316,0.555684,3
2026-02-11,risk_aware_adjusted_ranking_v2,20000.0,21748.8994,9659.6994,12089.2,0.444147,0.555853,3
2026-02-12,risk_aware_adjusted_ranking_v2,20000.0,21600.9994,9659.6994,11941.3,0.447188,0.552812,3
2026-02-13,risk_aware_adjusted_ranking_v2,20000.0,21509.5994,9659.6994,11849.9,0.449088,0.550912,3
2026-02-24,risk_aware_adjusted_ranking_v2,20000.0,21493.1994,9659.6994,11833.5,0.449431,0.550569,3
2026-02-25,risk_aware_adjusted_ranking_v2,20000.0,21461.8994,9659.6994,11802.2,0.450086,0.549914,3
2026-02-26,risk_aware_adjusted_ranking_v2,20000.0,21410.5994,9659.6994,11750.9,0.451164,0.548836,3
2026-02-27,risk_aware_adjusted_ranking_v2,20000.0,21429.2994,9659.6994,11769.6,0.450771,0.549229,3
2026-03-02,risk_aware_adjusted_ranking_v2,20000.0,21451.4222,9638.3222,11813.1,0.449309,0.550691,3
2026-03-03,risk_aware_adjusted_ranking_v2,20000.0,21403.7222,9638.3222,11765.4,0.450311,0.549689,3
2026-03-04,risk_aware_adjusted_ranking_v2,20000.0,21146.3582,9763.1582,11383.2,0.461695,0.538305,3
2026-03-05,risk_aware_adjusted_ranking_v2,20000.0,21323.1452,9667.9452,11655.2,0.453401,0.546599,3
2026-03-06,risk_aware_adjusted_ranking_v2,20000.0,21385.4452,9667.9452,11717.5,0.452081,0.547919,3
2026-03-09,risk_aware_adjusted_ranking_v2,20000.0,21221.0452,9667.9452,11553.1,0.455583,0.544417,3
2026-03-10,risk_aware_adjusted_ranking_v2,20000.0,21455.2452,9667.9452,11787.3,0.45061,0.54939,3
2026-03-11,risk_aware_adjusted_ranking_v2,20000.0,21361.8452,9667.9452,11693.9,0.45258,0.54742,3
2026-03-12,risk_aware_adjusted_ranking_v2,20000.0,21238.7452,9667.9452,11570.8,0.455203,0.544797,3
2026-03-13,risk_aware_adjusted_ranking_v2,20000.0,21099.6452,9667.9452,11431.7,0.458204,0.541796,3
2026-03-16,risk_aware_adjusted_ranking_v2,20000.0,21039.5452,9667.9452,11371.6,0.459513,0.540487,3
2026-03-17,risk_aware_adjusted_ranking_v2,20000.0,20928.4452,9667.9452,11260.5,0.461952,0.538048,3
2026-03-18,risk_aware_adjusted_ranking_v2,20000.0,20971.8452,9667.9452,11303.9,0.460996,0.539004,3
2026-03-19,risk_aware_adjusted_ranking_v2,20000.0,20594.7452,9667.9452,10926.8,0.469437,0.530563,3
2026-03-20,risk_aware_adjusted_ranking_v2,20000.0,20436.2452,9667.9452,10768.3,0.473078,0.526922,3
2026-03-23,risk_aware_adjusted_ranking_v2,20000.0,19944.8452,9667.9452,10276.9,0.484734,0.515266,3
2026-03-24,risk_aware_adjusted_ranking_v2,20000.0,20245.7452,9667.9452,10577.8,0.47753,0.52247,3
2026-03-25,risk_aware_adjusted_ranking_v2,20000.0,20448.3452,9667.9452,10780.4,0.472798,0.527202,3
2026-03-26,risk_aware_adjusted_ranking_v2,20000.0,20286.4452,9667.9452,10618.5,0.476572,0.523428,3
2026-03-27,risk_aware_adjusted_ranking_v2,20000.0,20608.5452,9667.9452,10940.6,0.469123,0.530877,3
2026-03-30,risk_aware_adjusted_ranking_v2,20000.0,20667.3452,9667.9452,10999.4,0.467788,0.532212,3
2026-03-31,risk_aware_adjusted_ranking_v2,20000.0,20488.4262,9762.9262,10725.5,0.476509,0.523491,3
2026-04-01,risk_aware_adjusted_ranking_v2,20000.0,20693.5262,9762.9262,10930.6,0.471786,0.528214,3
2026-04-02,risk_aware_adjusted_ranking_v2,20000.0,20458.3879,9231.6879,11226.7,0.451242,0.548758,3
2026-04-03,risk_aware_adjusted_ranking_v2,20000.0,20289.5072,8648.5072,11641.0,0.426255,0.573745,3
2026-04-07,risk_aware_adjusted_ranking_v2,20000.0,20300.5072,8648.5072,11652.0,0.426024,0.573976,3
2026-04-08,risk_aware_adjusted_ranking_v2,20000.0,20830.5072,8648.5072,12182.0,0.415185,0.584815,3
2026-04-09,risk_aware_adjusted_ranking_v2,20000.0,20687.5072,8648.5072,12039.0,0.418055,0.581945,3
2026-04-10,risk_aware_adjusted_ranking_v2,20000.0,20857.5072,8648.5072,12209.0,0.414647,0.585353,3
2026-04-13,risk_aware_adjusted_ranking_v2,20000.0,21005.5072,8648.5072,12357.0,0.411726,0.588274,3
2026-04-14,risk_aware_adjusted_ranking_v2,20000.0,21223.5072,8648.5072,12575.0,0.407497,0.592503,3
2026-04-15,risk_aware_adjusted_ranking_v2,20000.0,21112.5072,8648.5072,12464.0,0.409639,0.590361,3
2026-04-16,risk_aware_adjusted_ranking_v2,20000.0,21196.5072,8648.5072,12548.0,0.408016,0.591984,3
2026-04-17,risk_aware_adjusted_ranking_v2,20000.0,21302.5072,8648.5072,12654.0,0.405985,0.594015,3
2026-04-20,risk_aware_adjusted_ranking_v2,20000.0,21461.5072,8648.5072,12813.0,0.402978,0.597022,3
2026-04-21,risk_aware_adjusted_ranking_v2,20000.0,21357.2597,8889.6597,12467.6,0.416236,0.583764,3
2026-04-22,risk_aware_adjusted_ranking_v2,20000.0,21382.0597,8889.6597,12492.4,0.415753,0.584247,3
2026-04-23,risk_aware_adjusted_ranking_v2,20000.0,21395.6597,8889.6597,12506.0,0.415489,0.584511,3
2026-04-24,risk_aware_adjusted_ranking_v2,20000.0,21312.8597,8889.6597,12423.2,0.417103,0.582897,3
2026-04-27,risk_aware_adjusted_ranking_v2,20000.0,21194.0597,8889.6597,12304.4,0.419441,0.580559,3
2026-04-28,risk_aware_adjusted_ranking_v2,20000.0,21157.0597,8889.6597,12267.4,0.420175,0.579825,3
2026-04-29,risk_aware_adjusted_ranking_v2,20000.0,21361.0597,8889.6597,12471.4,0.416162,0.583838,3
2026-04-30,risk_aware_adjusted_ranking_v2,20000.0,21424.4597,8889.6597,12534.8,0.41493,0.58507,3
2026-05-06,risk_aware_adjusted_ranking_v2,20000.0,21531.0597,8889.6597,12641.4,0.412876,0.587124,3
2026-05-07,risk_aware_adjusted_ranking_v2,20000.0,21587.7646,9344.1646,12243.6,0.432845,0.567155,3
2026-05-08,risk_aware_adjusted_ranking_v2,20000.0,21555.8592,9772.4592,11783.4,0.453355,0.546645,3
2026-05-11,risk_aware_adjusted_ranking_v2,20000.0,21656.4592,9772.4592,11884.0,0.451249,0.548751,3
2026-05-12,risk_aware_adjusted_ranking_v2,20000.0,21560.2592,9772.4592,11787.8,0.453263,0.546737,3
2026-05-13,risk_aware_adjusted_ranking_v2,20000.0,21441.6592,9772.4592,11669.2,0.45577,0.54423,3
2026-05-14,risk_aware_adjusted_ranking_v2,20000.0,21372.8592,9772.4592,11600.4,0.457237,0.542763,3
2026-05-15,risk_aware_adjusted_ranking_v2,20000.0,21225.6592,9772.4592,11453.2,0.460408,0.539592,3
2026-05-18,risk_aware_adjusted_ranking_v2,20000.0,21082.4592,9772.4592,11310.0,0.463535,0.536465,3
2026-05-19,risk_aware_adjusted_ranking_v2,20000.0,21123.4592,9772.4592,11351.0,0.462635,0.537365,3
2026-05-20,risk_aware_adjusted_ranking_v2,20000.0,21106.6592,9772.4592,11334.2,0.463004,0.536996,3
2026-05-21,risk_aware_adjusted_ranking_v2,20000.0,21151.8592,9772.4592,11379.4,0.462014,0.537986,3
2026-05-22,risk_aware_adjusted_ranking_v2,20000.0,21002.2592,9772.4592,11229.8,0.465305,0.534695,3
2026-05-25,risk_aware_adjusted_ranking_v2,20000.0,20967.4194,9592.1194,11375.3,0.457477,0.542523,3
2026-05-26,risk_aware_adjusted_ranking_v2,20000.0,21114.0194,9592.1194,11521.9,0.454301,0.545699,3
2026-05-27,risk_aware_adjusted_ranking_v2,20000.0,20925.4194,9592.1194,11333.3,0.458396,0.541604,3
2026-05-28,risk_aware_adjusted_ranking_v2,20000.0,20770.4194,9592.1194,11178.3,0.461816,0.538184,3
2026-05-29,risk_aware_adjusted_ranking_v2,20000.0,20879.2194,9592.1194,11287.1,0.45941,0.54059,3
2026-06-01,risk_aware_adjusted_ranking_v2,20000.0,20855.4194,9592.1194,11263.3,0.459934,0.540066,3
2026-06-02,risk_aware_adjusted_ranking_v2,20000.0,20941.8194,9592.1194,11349.7,0.458037,0.541963,3
2026-06-03,risk_aware_adjusted_ranking_v2,20000.0,20875.1194,9592.1194,11283.0,0.4595,0.5405,3
2026-06-04,risk_aware_adjusted_ranking_v2,20000.0,20673.9194,9592.1194,11081.8,0.463972,0.536028,3
2026-06-05,risk_aware_adjusted_ranking_v2,20000.0,20714.7404,9509.7404,11205.0,0.459081,0.540919,3
2026-06-08,risk_aware_adjusted_ranking_v2,20000.0,20226.3492,8952.1492,11274.2,0.442598,0.557402,3
2026-06-09,risk_aware_adjusted_ranking_v2,20000.0,20370.5492,8952.1492,11418.4,0.439465,0.560535,3
2026-06-10,risk_aware_adjusted_ranking_v2,20000.0,20282.6492,8952.1492,11330.5,0.44137,0.55863,3
2026-06-11,risk_aware_adjusted_ranking_v2,20000.0,20330.9492,8952.1492,11378.8,0.440321,0.559679,3
2026-06-12,risk_aware_adjusted_ranking_v2,20000.0,20652.4492,8952.1492,11700.3,0.433467,0.566533,3
2026-06-15,risk_aware_adjusted_ranking_v2,20000.0,20906.5492,8952.1492,11954.4,0.428198,0.571802,3
2026-06-16,risk_aware_adjusted_ranking_v2,20000.0,20802.5492,8952.1492,11850.4,0.430339,0.569661,3
2026-06-17,risk_aware_adjusted_ranking_v2,20000.0,20801.4012,8773.8012,12027.6,0.421789,0.578211,3
2026-06-18,risk_aware_adjusted_ranking_v2,20000.0,20719.212,20719.212,0.0,1.0,0.0,0
2025-05-30,top10_diversified_filter_v2,20000.0,20000.0,20000.0,0.0,1.0,0.0,0
2025-05-30,top10_diversified_filter_v2,20000.0,20000.0,20000.0,0.0,1.0,0.0,0
2025-06-03,top10_diversified_filter_v2,20000.0,20000.0,20000.0,0.0,1.0,0.0,0
2025-06-04,top10_diversified_filter_v2,20000.0,19980.239,12117.739,7862.5,0.606486,0.393514,2
2025-06-05,top10_diversified_filter_v2,20000.0,19992.5702,8215.4702,11777.1,0.410926,0.589074,3
2025-06-06,top10_diversified_filter_v2,20000.0,19996.2702,8215.4702,11780.8,0.41085,0.58915,3
2025-06-09,top10_diversified_filter_v2,20000.0,20122.0702,8215.4702,11906.6,0.408282,0.591718,3
2025-06-10,top10_diversified_filter_v2,20000.0,20011.0702,8215.4702,11795.6,0.410546,0.589454,3
2025-06-11,top10_diversified_filter_v2,20000.0,20173.8702,8215.4702,11958.4,0.407233,0.592767,3
2025-06-12,top10_diversified_filter_v2,20000.0,20181.2702,8215.4702,11965.8,0.407084,0.592916,3
2025-06-13,top10_diversified_filter_v2,20000.0,20174.7403,8437.5443,11737.1959,0.418223,0.581777,3
2025-06-16,top10_diversified_filter_v2,20000.0,20236.5639,8437.5443,11799.0195,0.416946,0.583054,3
2025-06-17,top10_diversified_filter_v2,20000.0,20246.5874,8437.5443,11809.0431,0.416739,0.583261,3
2025-06-18,top10_diversified_filter_v2,20000.0,20227.011,8437.5443,11789.4667,0.417142,0.582858,3
2025-06-19,top10_diversified_filter_v2,20000.0,20057.5516,8437.5443,11620.0073,0.420667,0.579333,3
2025-06-20,top10_diversified_filter_v2,20000.0,20025.1931,8437.5443,11587.6488,0.421346,0.578654,3
2025-06-23,top10_diversified_filter_v2,20000.0,20151.9346,8437.5443,11714.3903,0.418696,0.581304,3
2025-06-24,top10_diversified_filter_v2,20000.0,20278.368,12301.168,7977.2,0.606615,0.393385,2
2025-06-25,top10_diversified_filter_v2,20000.0,20622.468,12301.168,8321.3,0.596493,0.403507,2
2025-06-26,top10_diversified_filter_v2,20000.0,20549.6026,16512.9026,4036.7,0.803563,0.196437,1
2025-06-27,top10_diversified_filter_v2,20000.0,20556.3373,8616.3373,11940.0,0.419157,0.580843,3
2025-06-30,top10_diversified_filter_v2,20000.0,20801.6643,8848.0643,11953.6,0.425354,0.574646,3
2025-07-01,top10_diversified_filter_v2,20000.0,20732.1643,8848.0643,11884.1,0.42678,0.57322,3
2025-07-02,top10_diversified_filter_v2,20000.0,20654.2643,8848.0643,11806.2,0.428389,0.571611,3
2025-07-03,top10_diversified_filter_v2,20000.0,20676.8643,8848.0643,11828.8,0.427921,0.572079,3
2025-07-04,top10_diversified_filter_v2,20000.0,20610.4643,8848.0643,11762.4,0.4293,0.5707,3
2025-07-07,top10_diversified_filter_v2,20000.0,20609.1643,8848.0643,11761.1,0.429327,0.570673,3
2025-07-08,top10_diversified_filter_v2,20000.0,20770.7643,8848.0643,11922.7,0.425986,0.574014,3
2025-07-09,top10_diversified_filter_v2,20000.0,20717.5643,8848.0643,11869.5,0.42708,0.57292,3
2025-07-10,top10_diversified_filter_v2,20000.0,20831.2643,8848.0643,11983.2,0.424749,0.575251,3
2025-07-11,top10_diversified_filter_v2,20000.0,20977.4643,8848.0643,12129.4,0.421789,0.578211,3
2025-07-14,top10_diversified_filter_v2,20000.0,20974.5643,8848.0643,12126.5,0.421847,0.578153,3
2025-07-15,top10_diversified_filter_v2,20000.0,20952.7643,8848.0643,12104.7,0.422286,0.577714,3
2025-07-16,top10_diversified_filter_v2,20000.0,20959.7643,8848.0643,12111.7,0.422145,0.577855,3
2025-07-17,top10_diversified_filter_v2,20000.0,21046.5643,8848.0643,12198.5,0.420404,0.579596,3
2025-07-18,top10_diversified_filter_v2,20000.0,21084.0643,8848.0643,12236.0,0.419656,0.580344,3
2025-07-21,top10_diversified_filter_v2,20000.0,21177.2643,8848.0643,12329.2,0.41781,0.58219,3
2025-07-22,top10_diversified_filter_v2,20000.0,21242.1643,8848.0643,12394.1,0.416533,0.583467,3
2025-07-23,top10_diversified_filter_v2,20000.0,21192.3643,8848.0643,12344.3,0.417512,0.582488,3
2025-07-24,top10_diversified_filter_v2,20000.0,21391.8643,8848.0643,12543.8,0.413618,0.586382,3
2025-07-25,top10_diversified_filter_v2,20000.0,21541.8643,8848.0643,12693.8,0.410738,0.589262,3
2025-07-28,top10_diversified_filter_v2,20000.0,21525.9365,9334.5365,12191.4,0.433641,0.566359,3
2025-07-29,top10_diversified_filter_v2,20000.0,21470.8268,9665.0062,11805.8206,0.450146,0.549854,3
2025-07-30,top10_diversified_filter_v2,20000.0,21525.8722,9665.0062,11860.866,0.448995,0.551005,3
2025-07-31,top10_diversified_filter_v2,20000.0,21319.9053,9665.0062,11654.8991,0.453333,0.546667,3
2025-08-01,top10_diversified_filter_v2,20000.0,21293.6826,9665.0062,11628.6764,0.453891,0.546109,3
2025-08-04,top10_diversified_filter_v2,20000.0,21336.5413,9665.0062,11671.5352,0.452979,0.547021,3
2025-08-05,top10_diversified_filter_v2,20000.0,21481.4815,9665.0062,11816.4753,0.449923,0.550077,3
2025-08-06,top10_diversified_filter_v2,20000.0,21510.8082,9665.0062,11845.802,0.449309,0.550691,3
2025-08-07,top10_diversified_filter_v2,20000.0,21533.9536,9665.0062,11868.9474,0.448826,0.551174,3
2025-08-08,top10_diversified_filter_v2,20000.0,21493.0989,9665.0062,11828.0927,0.44968,0.55032,3
2025-08-11,top10_diversified_filter_v2,20000.0,21542.3856,9665.0062,11877.3794,0.448651,0.551349,3
2025-08-12,top10_diversified_filter_v2,20000.0,21563.0443,9665.0062,11898.0381,0.448221,0.551779,3
2025-08-13,top10_diversified_filter_v2,20000.0,21531.3856,9665.0062,11866.3794,0.44888,0.55112,3
2025-08-14,top10_diversified_filter_v2,20000.0,21502.1454,9665.0062,11837.1392,0.44949,0.55051,3
2025-08-15,top10_diversified_filter_v2,20000.0,21515.7815,9665.0062,11850.7753,0.449205,0.550795,3
2025-08-18,top10_diversified_filter_v2,20000.0,21544.4908,9665.0062,11879.4846,0.448607,0.551393,3
2025-08-19,top10_diversified_filter_v2,20000.0,21578.8681,9665.0062,11913.8619,0.447892,0.552108,3
2025-08-20,top10_diversified_filter_v2,20000.0,21738.6722,9665.0062,12073.666,0.4446,0.5554,3
2025-08-21,top10_diversified_filter_v2,20000.0,21731.1763,9665.0062,12066.1701,0.444753,0.555247,3
2025-08-22,top10_diversified_filter_v2,20000.0,21801.4082,9665.0062,12136.402,0.44332,0.55668,3
2025-08-25,top10_diversified_filter_v2,20000.0,22015.8577,9665.0062,12350.8515,0.439002,0.560998,3
2025-08-26,top10_diversified_filter_v2,20000.0,21943.2594,10110.0306,11833.2288,0.460735,0.539265,3
2025-08-27,top10_diversified_filter_v2,20000.0,21711.0382,9984.4382,11726.6,0.459878,0.540122,3
2025-08-28,top10_diversified_filter_v2,20000.0,21693.4382,9984.4382,11709.0,0.460252,0.539748,3
2025-08-29,top10_diversified_filter_v2,20000.0,21865.8382,9984.4382,11881.4,0.456623,0.543377,3
2025-09-01,top10_diversified_filter_v2,20000.0,22226.6382,9984.4382,12242.2,0.44921,0.55079,3
2025-09-02,top10_diversified_filter_v2,20000.0,22248.8382,9984.4382,12264.4,0.448762,0.551238,3
2025-09-03,top10_diversified_filter_v2,20000.0,22223.6382,9984.4382,12239.2,0.449271,0.550729,3
2025-09-04,top10_diversified_filter_v2,20000.0,21878.5382,9984.4382,11894.1,0.456358,0.543642,3
2025-09-05,top10_diversified_filter_v2,20000.0,22206.0382,9984.4382,12221.6,0.449627,0.550373,3
2025-09-08,top10_diversified_filter_v2,20000.0,22356.9382,9984.4382,12372.5,0.446592,0.553408,3
2025-09-09,top10_diversified_filter_v2,20000.0,22137.0728,14196.1728,7940.9,0.641285,0.358715,2
2025-09-10,top10_diversified_filter_v2,20000.0,22144.8801,10214.1801,11930.7,0.461243,0.538757,3
2025-09-11,top10_diversified_filter_v2,20000.0,22170.8801,10214.1801,11956.7,0.460703,0.539297,3
2025-09-12,top10_diversified_filter_v2,20000.0,22169.3801,10214.1801,11955.2,0.460734,0.539266,3
2025-09-15,top10_diversified_filter_v2,20000.0,22227.3801,10214.1801,12013.2,0.459531,0.540469,3
2025-09-16,top10_diversified_filter_v2,20000.0,22217.2801,10214.1801,12003.1,0.45974,0.54026,3
2025-09-17,top10_diversified_filter_v2,20000.0,22283.6801,10214.1801,12069.5,0.45837,0.54163,3
2025-09-18,top10_diversified_filter_v2,20000.0,22152.6801,10214.1801,11938.5,0.461081,0.538919,3
2025-09-19,top10_diversified_filter_v2,20000.0,22107.5801,10214.1801,11893.4,0.462022,0.537978,3
2025-09-22,top10_diversified_filter_v2,20000.0,22046.0801,10214.1801,11831.9,0.46331,0.53669,3
2025-09-23,top10_diversified_filter_v2,20000.0,21914.9801,10214.1801,11700.8,0.466082,0.533918,3
2025-09-24,top10_diversified_filter_v2,20000.0,22044.017,18078.517,3965.5,0.82011,0.17989,1
2025-09-25,top10_diversified_filter_v2,20000.0,22074.917,18078.517,3996.4,0.818962,0.181038,1
2025-09-26,top10_diversified_filter_v2,20000.0,22013.117,18078.517,3934.6,0.821261,0.178739,1
2025-09-29,top10_diversified_filter_v2,20000.0,22033.717,18078.517,3955.2,0.820493,0.179507,1
2025-09-30,top10_diversified_filter_v2,20000.0,22109.9262,14102.9262,8007.0,0.637855,0.362145,2
2025-10-09,top10_diversified_filter_v2,20000.0,22136.3456,10161.4456,11974.9,0.459039,0.540961,3
2025-10-10,top10_diversified_filter_v2,20000.0,21982.1456,10161.4456,11820.7,0.462259,0.537741,3
2025-10-13,top10_diversified_filter_v2,20000.0,21787.3456,10161.4456,11625.9,0.466392,0.533608,3
2025-10-14,top10_diversified_filter_v2,20000.0,21716.4456,10161.4456,11555.0,0.467915,0.532085,3
2025-10-15,top10_diversified_filter_v2,20000.0,21824.2456,10161.4456,11662.8,0.465604,0.534396,3
2025-10-16,top10_diversified_filter_v2,20000.0,21915.8456,10161.4456,11754.4,0.463657,0.536343,3
2025-10-17,top10_diversified_filter_v2,20000.0,21696.6023,13966.3023,7730.3,0.643709,0.356291,2
2025-10-20,top10_diversified_filter_v2,20000.0,21818.2023,13966.3023,7851.9,0.640122,0.359878,2
2025-10-21,top10_diversified_filter_v2,20000.0,21839.5023,13966.3023,7873.2,0.639497,0.360503,2
2025-10-22,top10_diversified_filter_v2,20000.0,21807.0023,13966.3023,7840.7,0.64045,0.35955,2
2025-10-23,top10_diversified_filter_v2,20000.0,21873.7023,13966.3023,7907.4,0.638497,0.361503,2
2025-10-24,top10_diversified_filter_v2,20000.0,21853.6023,13966.3023,7887.3,0.639085,0.360915,2
2025-10-27,top10_diversified_filter_v2,20000.0,21897.4626,14179.3626,7718.1,0.647535,0.352465,2
2025-10-28,top10_diversified_filter_v2,20000.0,21788.9626,14179.3626,7609.6,0.650759,0.349241,2
2025-10-29,top10_diversified_filter_v2,20000.0,21855.3626,14179.3626,7676.0,0.648782,0.351218,2
2025-10-30,top10_diversified_filter_v2,20000.0,21755.4943,10278.7943,11476.7,0.472469,0.527531,3
2025-10-31,top10_diversified_filter_v2,20000.0,21756.2943,10278.7943,11477.5,0.472452,0.527548,3
2025-11-03,top10_diversified_filter_v2,20000.0,21733.0943,10278.7943,11454.3,0.472956,0.527044,3
2025-11-04,top10_diversified_filter_v2,20000.0,21578.9943,10278.7943,11300.2,0.476333,0.523667,3
2025-11-05,top10_diversified_filter_v2,20000.0,21572.5943,10278.7943,11293.8,0.476475,0.523525,3
2025-11-06,top10_diversified_filter_v2,20000.0,21665.3314,9879.1314,11786.2,0.455988,0.544012,3
2025-11-07,top10_diversified_filter_v2,20000.0,21653.9314,9879.1314,11774.8,0.456228,0.543772,3
2025-11-10,top10_diversified_filter_v2,20000.0,21740.7314,9879.1314,11861.6,0.454407,0.545593,3
2025-11-11,top10_diversified_filter_v2,20000.0,21629.5314,9879.1314,11750.4,0.456743,0.543257,3
2025-11-12,top10_diversified_filter_v2,20000.0,21612.0314,9879.1314,11732.9,0.457113,0.542887,3
2025-11-13,top10_diversified_filter_v2,20000.0,21828.3314,9879.1314,11949.2,0.452583,0.547417,3
2025-11-14,top10_diversified_filter_v2,20000.0,21685.7314,9879.1314,11806.6,0.455559,0.544441,3
2025-11-17,top10_diversified_filter_v2,20000.0,21674.6314,9879.1314,11795.5,0.455792,0.544208,3
2025-11-18,top10_diversified_filter_v2,20000.0,21493.1314,9879.1314,11614.0,0.459641,0.540359,3
2025-11-19,top10_diversified_filter_v2,20000.0,21625.3441,13830.7441,7794.6,0.639562,0.360438,2
2025-11-20,top10_diversified_filter_v2,20000.0,21565.3441,13830.7441,7734.6,0.641341,0.358659,2
2025-11-21,top10_diversified_filter_v2,20000.0,21280.1441,13830.7441,7449.4,0.649937,0.350063,2
2025-11-24,top10_diversified_filter_v2,20000.0,21399.7441,13830.7441,7569.0,0.646304,0.353696,2
2025-11-25,top10_diversified_filter_v2,20000.0,21463.3441,13830.7441,7632.6,0.644389,0.355611,2
2025-11-26,top10_diversified_filter_v2,20000.0,21392.9441,13830.7441,7562.2,0.64651,0.35349,2
2025-11-27,top10_diversified_filter_v2,20000.0,21391.1441,13830.7441,7560.4,0.646564,0.353436,2
2025-11-28,top10_diversified_filter_v2,20000.0,21516.6122,17597.4122,3919.2,0.817852,0.182148,1
2025-12-01,top10_diversified_filter_v2,20000.0,21636.2122,17597.4122,4038.8,0.813331,0.186669,1
2025-12-02,top10_diversified_filter_v2,20000.0,21574.8172,21574.8172,0.0,1.0,0.0,0
2025-12-03,top10_diversified_filter_v2,20000.0,21574.8172,21574.8172,0.0,1.0,0.0,0
2025-12-04,top10_diversified_filter_v2,20000.0,21574.8172,21574.8172,0.0,1.0,0.0,0
2025-12-05,top10_diversified_filter_v2,20000.0,21574.8172,21574.8172,0.0,1.0,0.0,0
2025-12-08,top10_diversified_filter_v2,20000.0,21574.8172,21574.8172,0.0,1.0,0.0,0
2025-12-09,top10_diversified_filter_v2,20000.0,21574.8172,21574.8172,0.0,1.0,0.0,0
2025-12-10,top10_diversified_filter_v2,20000.0,21574.8172,21574.8172,0.0,1.0,0.0,0
2025-12-11,top10_diversified_filter_v2,20000.0,21574.8172,21574.8172,0.0,1.0,0.0,0
2025-12-12,top10_diversified_filter_v2,20000.0,21574.8172,21574.8172,0.0,1.0,0.0,0
2025-12-15,top10_diversified_filter_v2,20000.0,21574.8172,21574.8172,0.0,1.0,0.0,0
2025-12-16,top10_diversified_filter_v2,20000.0,21574.8172,21574.8172,0.0,1.0,0.0,0
2025-12-17,top10_diversified_filter_v2,20000.0,21574.8172,21574.8172,0.0,1.0,0.0,0
2025-12-18,top10_diversified_filter_v2,20000.0,21574.8172,21574.8172,0.0,1.0,0.0,0
2025-12-19,top10_diversified_filter_v2,20000.0,21574.8172,21574.8172,0.0,1.0,0.0,0
2025-12-22,top10_diversified_filter_v2,20000.0,21574.8172,21574.8172,0.0,1.0,0.0,0
2025-12-23,top10_diversified_filter_v2,20000.0,21574.8172,21574.8172,0.0,1.0,0.0,0
2025-12-24,top10_diversified_filter_v2,20000.0,21560.6292,17608.6292,3952.0,0.816703,0.183297,1
2025-12-25,top10_diversified_filter_v2,20000.0,21634.4532,13682.4532,7952.0,0.632438,0.367562,2
2025-12-26,top10_diversified_filter_v2,20000.0,21704.2612,9703.0612,12001.2,0.447058,0.552942,3
2025-12-29,top10_diversified_filter_v2,20000.0,21718.6612,9703.0612,12015.6,0.446761,0.553239,3
2025-12-30,top10_diversified_filter_v2,20000.0,21843.4612,9703.0612,12140.4,0.444209,0.555791,3
2025-12-31,top10_diversified_filter_v2,20000.0,21738.6612,9703.0612,12035.6,0.44635,0.55365,3
2026-01-05,top10_diversified_filter_v2,20000.0,22052.2612,9703.0612,12349.2,0.440003,0.559997,3
2026-01-06,top10_diversified_filter_v2,20000.0,22245.0612,9703.0612,12542.0,0.436189,0.563811,3
2026-01-07,top10_diversified_filter_v2,20000.0,22271.0612,9703.0612,12568.0,0.43568,0.56432,3
2026-01-08,top10_diversified_filter_v2,20000.0,22385.8612,9703.0612,12682.8,0.433446,0.566554,3
2026-01-09,top10_diversified_filter_v2,20000.0,22564.3728,10165.3728,12399.0,0.450505,0.549495,3
2026-01-12,top10_diversified_filter_v2,20000.0,22767.8728,10165.3728,12602.5,0.446479,0.553521,3
2026-01-13,top10_diversified_filter_v2,20000.0,22602.3728,10165.3728,12437.0,0.449748,0.550252,3
2026-01-14,top10_diversified_filter_v2,20000.0,22583.3728,10165.3728,12418.0,0.450126,0.549874,3
2026-01-15,top10_diversified_filter_v2,20000.0,22656.8372,10708.9372,11947.9,0.472658,0.527342,3
2026-01-16,top10_diversified_filter_v2,20000.0,22618.2372,10708.9372,11909.3,0.473465,0.526535,3
2026-01-19,top10_diversified_filter_v2,20000.0,22771.7787,11101.4787,11670.3,0.48751,0.51249,3
2026-01-20,top10_diversified_filter_v2,20000.0,22946.0787,11101.4787,11844.6,0.483807,0.516193,3
2026-01-21,top10_diversified_filter_v2,20000.0,22895.4787,11101.4787,11794.0,0.484876,0.515124,3
2026-01-22,top10_diversified_filter_v2,20000.0,23013.2787,11101.4787,11911.8,0.482394,0.517606,3
2026-01-23,top10_diversified_filter_v2,20000.0,23011.2787,11101.4787,11909.8,0.482436,0.517564,3
2026-01-26,top10_diversified_filter_v2,20000.0,23030.1787,11101.4787,11928.7,0.48204,0.51796,3
2026-01-27,top10_diversified_filter_v2,20000.0,22856.5787,11101.4787,11755.1,0.485702,0.514298,3
2026-01-28,top10_diversified_filter_v2,20000.0,23137.7787,11101.4787,12036.3,0.479799,0.520201,3
2026-01-29,top10_diversified_filter_v2,20000.0,23341.2787,11101.4787,12239.8,0.475616,0.524384,3
2026-01-30,top10_diversified_filter_v2,20000.0,23159.9787,11101.4787,12058.5,0.479339,0.520661,3
2026-02-02,top10_diversified_filter_v2,20000.0,22659.5787,11101.4787,11558.1,0.489924,0.510076,3
2026-02-03,top10_diversified_filter_v2,20000.0,22791.7787,11101.4787,11690.3,0.487083,0.512917,3
2026-02-04,top10_diversified_filter_v2,20000.0,23363.1787,11101.4787,12261.7,0.47517,0.52483,3
2026-02-05,top10_diversified_filter_v2,20000.0,23223.5787,11101.4787,12122.1,0.478026,0.521974,3
2026-02-06,top10_diversified_filter_v2,20000.0,23137.5787,11101.4787,12036.1,0.479803,0.520197,3
2026-02-09,top10_diversified_filter_v2,20000.0,23241.0989,15027.7989,8213.3,0.646604,0.353396,2
2026-02-10,top10_diversified_filter_v2,20000.0,23289.4054,11043.1054,12246.3,0.474169,0.525831,3
2026-02-11,top10_diversified_filter_v2,20000.0,23376.1054,11043.1054,12333.0,0.47241,0.52759,3
2026-02-12,top10_diversified_filter_v2,20000.0,23272.0222,15314.0222,7958.0,0.658044,0.341956,2
2026-02-13,top10_diversified_filter_v2,20000.0,23217.0222,15314.0222,7903.0,0.659603,0.340397,2
2026-02-24,top10_diversified_filter_v2,20000.0,23225.7222,15314.0222,7911.7,0.659356,0.340644,2
2026-02-25,top10_diversified_filter_v2,20000.0,23260.2555,15562.6555,7697.6,0.669066,0.330934,2
2026-02-26,top10_diversified_filter_v2,20000.0,23193.1555,15562.6555,7630.5,0.671002,0.328998,2
2026-02-27,top10_diversified_filter_v2,20000.0,23250.2852,11655.2852,11595.0,0.501296,0.498704,3
2026-03-02,top10_diversified_filter_v2,20000.0,23154.4852,11655.2852,11499.2,0.503371,0.496629,3
2026-03-03,top10_diversified_filter_v2,20000.0,22980.7852,11655.2852,11325.5,0.507175,0.492825,3
2026-03-04,top10_diversified_filter_v2,20000.0,22796.6852,11655.2852,11141.4,0.511271,0.488729,3
2026-03-05,top10_diversified_filter_v2,20000.0,22894.3852,11655.2852,11239.1,0.509089,0.490911,3
2026-03-06,top10_diversified_filter_v2,20000.0,23000.2852,11655.2852,11345.0,0.506745,0.493255,3
2026-03-09,top10_diversified_filter_v2,20000.0,22882.9852,11655.2852,11227.7,0.509343,0.490657,3
2026-03-10,top10_diversified_filter_v2,20000.0,23064.8852,11655.2852,11409.6,0.505326,0.494674,3
2026-03-11,top10_diversified_filter_v2,20000.0,23113.0852,11655.2852,11457.8,0.504272,0.495728,3
2026-03-12,top10_diversified_filter_v2,20000.0,23030.9008,15597.1008,7433.8,0.677225,0.322775,2
2026-03-13,top10_diversified_filter_v2,20000.0,23058.7008,15597.1008,7461.6,0.676408,0.323592,2
2026-03-16,top10_diversified_filter_v2,20000.0,23077.8008,15597.1008,7480.7,0.675849,0.324151,2
2026-03-17,top10_diversified_filter_v2,20000.0,23058.5008,15597.1008,7461.4,0.676414,0.323586,2
2026-03-18,top10_diversified_filter_v2,20000.0,23012.0008,15597.1008,7414.9,0.677781,0.322219,2
2026-03-19,top10_diversified_filter_v2,20000.0,22863.4948,19277.4948,3586.0,0.843156,0.156844,1
2026-03-20,top10_diversified_filter_v2,20000.0,22825.4948,19277.4948,3548.0,0.84456,0.15544,1
2026-03-23,top10_diversified_filter_v2,20000.0,22713.4948,19277.4948,3436.0,0.848724,0.151276,1
2026-03-24,top10_diversified_filter_v2,20000.0,22773.4948,19277.4948,3496.0,0.846488,0.153512,1
2026-03-25,top10_diversified_filter_v2,20000.0,22817.4948,19277.4948,3540.0,0.844856,0.155144,1
2026-03-26,top10_diversified_filter_v2,20000.0,22751.4508,22751.4508,0.0,1.0,0.0,0
2026-03-27,top10_diversified_filter_v2,20000.0,22751.4508,22751.4508,0.0,1.0,0.0,0
2026-03-30,top10_diversified_filter_v2,20000.0,22751.4508,22751.4508,0.0,1.0,0.0,0
2026-03-31,top10_diversified_filter_v2,20000.0,22751.4508,22751.4508,0.0,1.0,0.0,0
2026-04-01,top10_diversified_filter_v2,20000.0,22751.4508,22751.4508,0.0,1.0,0.0,0
2026-04-02,top10_diversified_filter_v2,20000.0,22751.4508,22751.4508,0.0,1.0,0.0,0
2026-04-03,top10_diversified_filter_v2,20000.0,22751.4508,22751.4508,0.0,1.0,0.0,0
2026-04-07,top10_diversified_filter_v2,20000.0,22751.4508,22751.4508,0.0,1.0,0.0,0
2026-04-08,top10_diversified_filter_v2,20000.0,22751.4508,22751.4508,0.0,1.0,0.0,0
2026-04-09,top10_diversified_filter_v2,20000.0,22751.4508,22751.4508,0.0,1.0,0.0,0
2026-04-10,top10_diversified_filter_v2,20000.0,22751.4508,22751.4508,0.0,1.0,0.0,0
2026-04-13,top10_diversified_filter_v2,20000.0,22751.4508,22751.4508,0.0,1.0,0.0,0
2026-04-14,top10_diversified_filter_v2,20000.0,22751.4508,22751.4508,0.0,1.0,0.0,0
2026-04-15,top10_diversified_filter_v2,20000.0,22751.4508,22751.4508,0.0,1.0,0.0,0
2026-04-16,top10_diversified_filter_v2,20000.0,22751.4508,22751.4508,0.0,1.0,0.0,0
2026-04-17,top10_diversified_filter_v2,20000.0,22751.4508,22751.4508,0.0,1.0,0.0,0
2026-04-20,top10_diversified_filter_v2,20000.0,22745.2584,18770.6584,3974.6,0.825256,0.174744,1
2026-04-21,top10_diversified_filter_v2,20000.0,22721.4584,18770.6584,3950.8,0.82612,0.17388,1
2026-04-22,top10_diversified_filter_v2,20000.0,22756.7039,10909.7039,11847.0,0.479406,0.520594,3
2026-04-23,top10_diversified_filter_v2,20000.0,22758.6039,10909.7039,11848.9,0.479366,0.520634,3
2026-04-24,top10_diversified_filter_v2,20000.0,22749.6039,10909.7039,11839.9,0.479556,0.520444,3
2026-04-27,top10_diversified_filter_v2,20000.0,22663.2039,10909.7039,11753.5,0.481384,0.518616,3
2026-04-28,top10_diversified_filter_v2,20000.0,22789.3039,10909.7039,11879.6,0.47872,0.52128,3
2026-04-29,top10_diversified_filter_v2,20000.0,22778.4039,10909.7039,11868.7,0.478949,0.521051,3
2026-04-30,top10_diversified_filter_v2,20000.0,22722.5039,10909.7039,11812.8,0.480128,0.519872,3
2026-05-06,top10_diversified_filter_v2,20000.0,22685.1039,10909.7039,11775.4,0.480919,0.519081,3
2026-05-07,top10_diversified_filter_v2,20000.0,22698.3039,10909.7039,11788.6,0.48064,0.51936,3
2026-05-08,top10_diversified_filter_v2,20000.0,22677.1039,10909.7039,11767.4,0.481089,0.518911,3
2026-05-11,top10_diversified_filter_v2,20000.0,22725.1039,10909.7039,11815.4,0.480073,0.519927,3
2026-05-12,top10_diversified_filter_v2,20000.0,22679.8039,10909.7039,11770.1,0.481032,0.518968,3
2026-05-13,top10_diversified_filter_v2,20000.0,22638.2039,10909.7039,11728.5,0.481916,0.518084,3
2026-05-14,top10_diversified_filter_v2,20000.0,22530.6039,10909.7039,11620.9,0.484217,0.515783,3
2026-05-15,top10_diversified_filter_v2,20000.0,22432.1039,10909.7039,11522.4,0.486343,0.513657,3
2026-05-18,top10_diversified_filter_v2,20000.0,22322.5039,10909.7039,11412.8,0.488731,0.511269,3
2026-05-19,top10_diversified_filter_v2,20000.0,22399.9039,10909.7039,11490.2,0.487042,0.512958,3
2026-05-20,top10_diversified_filter_v2,20000.0,22302.8039,10909.7039,11393.1,0.489163,0.510837,3
2026-05-21,top10_diversified_filter_v2,20000.0,22334.6039,10909.7039,11424.9,0.488466,0.511534,3
2026-05-22,top10_diversified_filter_v2,20000.0,22240.0615,14711.5615,7528.5,0.661489,0.338511,2
2026-05-25,top10_diversified_filter_v2,20000.0,22242.1615,14711.5615,7530.6,0.661427,0.338573,2
2026-05-26,top10_diversified_filter_v2,20000.0,22261.0929,22261.0929,0.0,1.0,0.0,0
2026-05-27,top10_diversified_filter_v2,20000.0,22261.0929,22261.0929,0.0,1.0,0.0,0
2026-05-28,top10_diversified_filter_v2,20000.0,22261.0929,22261.0929,0.0,1.0,0.0,0
2026-05-29,top10_diversified_filter_v2,20000.0,22261.0929,22261.0929,0.0,1.0,0.0,0
2026-06-01,top10_diversified_filter_v2,20000.0,22261.0929,22261.0929,0.0,1.0,0.0,0
2026-06-02,top10_diversified_filter_v2,20000.0,22261.0929,22261.0929,0.0,1.0,0.0,0
2026-06-03,top10_diversified_filter_v2,20000.0,22261.0929,22261.0929,0.0,1.0,0.0,0
2026-06-04,top10_diversified_filter_v2,20000.0,22261.0929,22261.0929,0.0,1.0,0.0,0
2026-06-05,top10_diversified_filter_v2,20000.0,22261.0929,22261.0929,0.0,1.0,0.0,0
2026-06-08,top10_diversified_filter_v2,20000.0,22261.0929,22261.0929,0.0,1.0,0.0,0
2026-06-09,top10_diversified_filter_v2,20000.0,22261.0929,22261.0929,0.0,1.0,0.0,0
2026-06-10,top10_diversified_filter_v2,20000.0,22261.0929,22261.0929,0.0,1.0,0.0,0
2026-06-11,top10_diversified_filter_v2,20000.0,22261.0929,22261.0929,0.0,1.0,0.0,0
2026-06-12,top10_diversified_filter_v2,20000.0,22261.0929,22261.0929,0.0,1.0,0.0,0
2026-06-15,top10_diversified_filter_v2,20000.0,22261.0929,22261.0929,0.0,1.0,0.0,0
2026-06-16,top10_diversified_filter_v2,20000.0,22261.0929,22261.0929,0.0,1.0,0.0,0
2026-06-17,top10_diversified_filter_v2,20000.0,22261.0929,22261.0929,0.0,1.0,0.0,0
2026-06-18,top10_diversified_filter_v2,20000.0,22261.0929,22261.0929,0.0,1.0,0.0,0
2025-05-30,buy_and_hold_510300,20000.0,20000.0,20000.0,0.0,1.0,0.0,0
2025-06-03,buy_and_hold_510300,20000.0,20026.6144,8039.4144,11987.2,0.401437,0.598563,1
2025-06-04,buy_and_hold_510300,20000.0,20081.0144,8039.4144,12041.6,0.400349,0.599651,1
2025-06-05,buy_and_hold_510300,20000.0,20113.0144,8039.4144,12073.6,0.399712,0.600288,1
2025-06-06,buy_and_hold_510300,20000.0,20119.4144,8039.4144,12080.0,0.399585,0.600415,1
2025-06-09,buy_and_hold_510300,20000.0,20148.2144,8039.4144,12108.8,0.399014,0.600986,1
2025-06-10,buy_and_hold_510300,20000.0,20074.6144,8039.4144,12035.2,0.400477,0.599523,1
2025-06-11,buy_and_hold_510300,20000.0,20177.0144,8039.4144,12137.6,0.398444,0.601556,1
2025-06-12,buy_and_hold_510300,20000.0,20183.4144,8039.4144,12144.0,0.398318,0.601682,1
2025-06-13,buy_and_hold_510300,20000.0,20100.2144,8039.4144,12060.8,0.399967,0.600033,1
2025-06-16,buy_and_hold_510300,20000.0,20132.2144,8039.4144,12092.8,0.399331,0.600669,1
2025-06-17,buy_and_hold_510300,20000.0,20129.0144,8039.4144,12089.6,0.399394,0.600606,1
2025-06-18,buy_and_hold_510300,20000.0,20138.6144,8039.4144,12099.2,0.399204,0.600796,1
2025-06-19,buy_and_hold_510300,20000.0,20039.4144,8039.4144,12000.0,0.40118,0.59882,1
2025-06-20,buy_and_hold_510300,20000.0,20055.4144,8039.4144,12016.0,0.40086,0.59914,1
2025-06-23,buy_and_hold_510300,20000.0,20097.0144,8039.4144,12057.6,0.40003,0.59997,1
2025-06-24,buy_and_hold_510300,20000.0,20241.0144,8039.4144,12201.6,0.397184,0.602816,1
2025-06-25,buy_and_hold_510300,20000.0,20449.0144,8039.4144,12409.6,0.393144,0.606856,1
2025-06-26,buy_and_hold_510300,20000.0,20401.0144,8039.4144,12361.6,0.394069,0.605931,1
2025-06-27,buy_and_hold_510300,20000.0,20327.4144,8039.4144,12288.0,0.395496,0.604504,1
2025-06-30,buy_and_hold_510300,20000.0,20388.2144,8039.4144,12348.8,0.394317,0.605683,1
2025-07-01,buy_and_hold_510300,20000.0,20407.4144,8039.4144,12368.0,0.393946,0.606054,1
2025-07-02,buy_and_hold_510300,20000.0,20420.2144,8039.4144,12380.8,0.393699,0.606301,1
2025-07-03,buy_and_hold_510300,20000.0,20493.8144,8039.4144,12454.4,0.392285,0.607715,1
2025-07-04,buy_and_hold_510300,20000.0,20548.2144,8039.4144,12508.8,0.391246,0.608754,1
2025-07-07,buy_and_hold_510300,20000.0,20490.6144,8039.4144,12451.2,0.392346,0.607654,1
2025-07-08,buy_and_hold_510300,20000.0,20599.4144,8039.4144,12560.0,0.390274,0.609726,1
2025-07-09,buy_and_hold_510300,20000.0,20589.8144,8039.4144,12550.4,0.390456,0.609544,1
2025-07-10,buy_and_hold_510300,20000.0,20653.8144,8039.4144,12614.4,0.389246,0.610754,1
2025-07-11,buy_and_hold_510300,20000.0,20698.6144,8039.4144,12659.2,0.388404,0.611596,1
2025-07-14,buy_and_hold_510300,20000.0,20695.4144,8039.4144,12656.0,0.388464,0.611536,1
2025-07-15,buy_and_hold_510300,20000.0,20695.4144,8039.4144,12656.0,0.388464,0.611536,1
2025-07-16,buy_and_hold_510300,20000.0,20666.6144,8039.4144,12627.2,0.389005,0.610995,1
2025-07-17,buy_and_hold_510300,20000.0,20772.2144,8039.4144,12732.8,0.387027,0.612973,1
2025-07-18,buy_and_hold_510300,20000.0,20868.2144,8039.4144,12828.8,0.385247,0.614753,1
2025-07-21,buy_and_hold_510300,20000.0,20948.2144,8039.4144,12908.8,0.383776,0.616224,1
2025-07-22,buy_and_hold_510300,20000.0,21089.0144,8039.4144,13049.6,0.381213,0.618787,1
2025-07-23,buy_and_hold_510300,20000.0,21082.6144,8039.4144,13043.2,0.381329,0.618671,1
2025-07-24,buy_and_hold_510300,20000.0,21165.8144,8039.4144,13126.4,0.37983,0.62017,1
2025-07-25,buy_and_hold_510300,20000.0,21095.4144,8039.4144,13056.0,0.381098,0.618902,1
2025-07-28,buy_and_hold_510300,20000.0,21130.6144,8039.4144,13091.2,0.380463,0.619537,1
2025-07-29,buy_and_hold_510300,20000.0,21197.8144,8039.4144,13158.4,0.379257,0.620743,1
2025-07-30,buy_and_hold_510300,20000.0,21188.2144,8039.4144,13148.8,0.379429,0.620571,1
2025-07-31,buy_and_hold_510300,20000.0,20941.8144,8039.4144,12902.4,0.383893,0.616107,1
2025-08-01,buy_and_hold_510300,20000.0,20871.4144,8039.4144,12832.0,0.385188,0.614812,1
2025-08-04,buy_and_hold_510300,20000.0,20932.2144,8039.4144,12892.8,0.384069,0.615931,1
2025-08-05,buy_and_hold_510300,20000.0,21031.4144,8039.4144,12992.0,0.382257,0.617743,1
2025-08-06,buy_and_hold_510300,20000.0,21066.6144,8039.4144,13027.2,0.381619,0.618381,1
2025-08-07,buy_and_hold_510300,20000.0,21063.4144,8039.4144,13024.0,0.381677,0.618323,1
2025-08-08,buy_and_hold_510300,20000.0,21031.4144,8039.4144,12992.0,0.382257,0.617743,1
2025-08-11,buy_and_hold_510300,20000.0,21092.2144,8039.4144,13052.8,0.381156,0.618844,1
2025-08-12,buy_and_hold_510300,20000.0,21175.4144,8039.4144,13136.0,0.379658,0.620342,1
2025-08-13,buy_and_hold_510300,20000.0,21287.4144,8039.4144,13248.0,0.37766,0.62234,1
2025-08-14,buy_and_hold_510300,20000.0,21265.0144,8039.4144,13225.6,0.378058,0.621942,1
2025-08-15,buy_and_hold_510300,20000.0,21389.8144,8039.4144,13350.4,0.375852,0.624148,1
2025-08-18,buy_and_hold_510300,20000.0,21492.2144,8039.4144,13452.8,0.374062,0.625938,1
2025-08-19,buy_and_hold_510300,20000.0,21421.8144,8039.4144,13382.4,0.375291,0.624709,1
2025-08-20,buy_and_hold_510300,20000.0,21610.6144,8039.4144,13571.2,0.372012,0.627988,1
2025-08-21,buy_and_hold_510300,20000.0,21655.4144,8039.4144,13616.0,0.371243,0.628757,1
2025-08-22,buy_and_hold_510300,20000.0,21978.6144,8039.4144,13939.2,0.365783,0.634217,1
2025-08-25,buy_and_hold_510300,20000.0,22253.8144,8039.4144,14214.4,0.36126,0.63874,1
2025-08-26,buy_and_hold_510300,20000.0,22177.0144,8039.4144,14137.6,0.362511,0.637489,1
2025-08-27,buy_and_hold_510300,20000.0,21965.8144,8039.4144,13926.4,0.365997,0.634003,1
2025-08-28,buy_and_hold_510300,20000.0,22234.6144,8039.4144,14195.2,0.361572,0.638428,1
2025-08-29,buy_and_hold_510300,20000.0,22369.0144,8039.4144,14329.6,0.3594,0.6406,1
2025-09-01,buy_and_hold_510300,20000.0,22417.0144,8039.4144,14377.6,0.35863,0.64137,1
2025-09-02,buy_and_hold_510300,20000.0,22333.8144,8039.4144,14294.4,0.359966,0.640034,1
2025-09-03,buy_and_hold_510300,20000.0,22202.6144,8039.4144,14163.2,0.362093,0.637907,1
2025-09-04,buy_and_hold_510300,20000.0,21905.0144,8039.4144,13865.6,0.367013,0.632987,1
2025-09-05,buy_and_hold_510300,20000.0,22218.6144,8039.4144,14179.2,0.361832,0.638168,1
2025-09-08,buy_and_hold_510300,20000.0,22221.8144,8039.4144,14182.4,0.36178,0.63822,1
2025-09-09,buy_and_hold_510300,20000.0,22135.4144,8039.4144,14096.0,0.363192,0.636808,1
2025-09-10,buy_and_hold_510300,20000.0,22167.4144,8039.4144,14128.0,0.362668,0.637332,1
2025-09-11,buy_and_hold_510300,20000.0,22557.8144,8039.4144,14518.4,0.356392,0.643608,1
2025-09-12,buy_and_hold_510300,20000.0,22433.0144,8039.4144,14393.6,0.358374,0.641626,1
2025-09-15,buy_and_hold_510300,20000.0,22458.6144,8039.4144,14419.2,0.357966,0.642034,1
2025-09-16,buy_and_hold_510300,20000.0,22429.8144,8039.4144,14390.4,0.358425,0.641575,1
2025-09-17,buy_and_hold_510300,20000.0,22535.4144,8039.4144,14496.0,0.356746,0.643254,1
2025-09-18,buy_and_hold_510300,20000.0,22346.6144,8039.4144,14307.2,0.35976,0.64024,1
2025-09-19,buy_and_hold_510300,20000.0,22378.6144,8039.4144,14339.2,0.359245,0.640755,1
2025-09-22,buy_and_hold_510300,20000.0,22426.6144,8039.4144,14387.2,0.358477,0.641523,1
2025-09-23,buy_and_hold_510300,20000.0,22436.2144,8039.4144,14396.8,0.358323,0.641677,1
2025-09-24,buy_and_hold_510300,20000.0,22567.4144,8039.4144,14528.0,0.35624,0.64376,1
2025-09-25,buy_and_hold_510300,20000.0,22669.8144,8039.4144,14630.4,0.354631,0.645369,1
2025-09-26,buy_and_hold_510300,20000.0,22529.0144,8039.4144,14489.6,0.356847,0.643153,1
2025-09-29,buy_and_hold_510300,20000.0,22775.4144,8039.4144,14736.0,0.352987,0.647013,1
2025-09-30,buy_and_hold_510300,20000.0,22817.0144,8039.4144,14777.6,0.352343,0.647657,1
2025-10-09,buy_and_hold_510300,20000.0,23057.0144,8039.4144,15017.6,0.348675,0.651325,1
2025-10-10,buy_and_hold_510300,20000.0,22746.6144,8039.4144,14707.2,0.353433,0.646567,1
2025-10-13,buy_and_hold_510300,20000.0,22660.2144,8039.4144,14620.8,0.354781,0.645219,1
2025-10-14,buy_and_hold_510300,20000.0,22509.8144,8039.4144,14470.4,0.357152,0.642848,1
2025-10-15,buy_and_hold_510300,20000.0,22705.0144,8039.4144,14665.6,0.354081,0.645919,1
2025-10-16,buy_and_hold_510300,20000.0,22753.0144,8039.4144,14713.6,0.353334,0.646666,1
2025-10-17,buy_and_hold_510300,20000.0,22442.6144,8039.4144,14403.2,0.358221,0.641779,1
2025-10-20,buy_and_hold_510300,20000.0,22493.8144,8039.4144,14454.4,0.357406,0.642594,1
2025-10-21,buy_and_hold_510300,20000.0,22717.8144,8039.4144,14678.4,0.353882,0.646118,1
2025-10-22,buy_and_hold_510300,20000.0,22669.8144,8039.4144,14630.4,0.354631,0.645369,1
2025-10-23,buy_and_hold_510300,20000.0,22727.4144,8039.4144,14688.0,0.353732,0.646268,1
2025-10-24,buy_and_hold_510300,20000.0,22909.8144,8039.4144,14870.4,0.350916,0.649084,1
2025-10-27,buy_and_hold_510300,20000.0,23089.0144,8039.4144,15049.6,0.348192,0.651808,1
2025-10-28,buy_and_hold_510300,20000.0,23012.2144,8039.4144,14972.8,0.349354,0.650646,1
2025-10-29,buy_and_hold_510300,20000.0,23204.2144,8039.4144,15164.8,0.346464,0.653536,1
2025-10-30,buy_and_hold_510300,20000.0,23079.4144,8039.4144,15040.0,0.348337,0.651663,1
2025-10-31,buy_and_hold_510300,20000.0,22865.0144,8039.4144,14825.6,0.351603,0.648397,1
2025-11-03,buy_and_hold_510300,20000.0,22887.4144,8039.4144,14848.0,0.351259,0.648741,1
2025-11-04,buy_and_hold_510300,20000.0,22778.6144,8039.4144,14739.2,0.352937,0.647063,1
2025-11-05,buy_and_hold_510300,20000.0,22797.8144,8039.4144,14758.4,0.35264,0.64736,1
2025-11-06,buy_and_hold_510300,20000.0,23021.8144,8039.4144,14982.4,0.349209,0.650791,1
2025-11-07,buy_and_hold_510300,20000.0,22989.8144,8039.4144,14950.4,0.349695,0.650305,1
2025-11-10,buy_and_hold_510300,20000.0,23028.2144,8039.4144,14988.8,0.349111,0.650889,1
2025-11-11,buy_and_hold_510300,20000.0,22887.4144,8039.4144,14848.0,0.351259,0.648741,1
2025-11-12,buy_and_hold_510300,20000.0,22893.8144,8039.4144,14854.4,0.351161,0.648839,1
2025-11-13,buy_and_hold_510300,20000.0,23044.2144,8039.4144,15004.8,0.348869,0.651131,1
2025-11-14,buy_and_hold_510300,20000.0,22817.0144,8039.4144,14777.6,0.352343,0.647657,1
2025-11-17,buy_and_hold_510300,20000.0,22717.8144,8039.4144,14678.4,0.353882,0.646118,1
2025-11-18,buy_and_hold_510300,20000.0,22631.4144,8039.4144,14592.0,0.355233,0.644767,1
2025-11-19,buy_and_hold_510300,20000.0,22676.2144,8039.4144,14636.8,0.354531,0.645469,1
2025-11-20,buy_and_hold_510300,20000.0,22609.0144,8039.4144,14569.6,0.355584,0.644416,1
2025-11-21,buy_and_hold_510300,20000.0,22250.6144,8039.4144,14211.2,0.361312,0.638688,1
2025-11-24,buy_and_hold_510300,20000.0,22228.2144,8039.4144,14188.8,0.361676,0.638324,1
2025-11-25,buy_and_hold_510300,20000.0,22356.2144,8039.4144,14316.8,0.359605,0.640395,1
2025-11-26,buy_and_hold_510300,20000.0,22449.0144,8039.4144,14409.6,0.358119,0.641881,1
2025-11-27,buy_and_hold_510300,20000.0,22436.2144,8039.4144,14396.8,0.358323,0.641677,1
2025-11-28,buy_and_hold_510300,20000.0,22477.8144,8039.4144,14438.4,0.35766,0.64234,1
2025-12-01,buy_and_hold_510300,20000.0,22644.2144,8039.4144,14604.8,0.355032,0.644968,1
2025-12-02,buy_and_hold_510300,20000.0,22577.0144,8039.4144,14537.6,0.356088,0.643912,1
2025-12-03,buy_and_hold_510300,20000.0,22509.8144,8039.4144,14470.4,0.357152,0.642848,1
2025-12-04,buy_and_hold_510300,20000.0,22548.2144,8039.4144,14508.8,0.356543,0.643457,1
2025-12-05,buy_and_hold_510300,20000.0,22679.4144,8039.4144,14640.0,0.354481,0.645519,1
2025-12-08,buy_and_hold_510300,20000.0,22788.2144,8039.4144,14748.8,0.352788,0.647212,1
2025-12-09,buy_and_hold_510300,20000.0,22711.4144,8039.4144,14672.0,0.353981,0.646019,1
2025-12-10,buy_and_hold_510300,20000.0,22692.2144,8039.4144,14652.8,0.354281,0.645719,1
2025-12-11,buy_and_hold_510300,20000.0,22583.4144,8039.4144,14544.0,0.355988,0.644012,1
2025-12-12,buy_and_hold_510300,20000.0,22666.6144,8039.4144,14627.2,0.354681,0.645319,1
2025-12-15,buy_and_hold_510300,20000.0,22580.2144,8039.4144,14540.8,0.356038,0.643962,1
2025-12-16,buy_and_hold_510300,20000.0,22429.8144,8039.4144,14390.4,0.358425,0.641575,1
2025-12-17,buy_and_hold_510300,20000.0,22682.6144,8039.4144,14643.2,0.354431,0.645569,1
2025-12-18,buy_and_hold_510300,20000.0,22583.4144,8039.4144,14544.0,0.355988,0.644012,1
2025-12-19,buy_and_hold_510300,20000.0,22647.4144,8039.4144,14608.0,0.354982,0.645018,1
2025-12-22,buy_and_hold_510300,20000.0,22781.8144,8039.4144,14742.4,0.352887,0.647113,1
2025-12-23,buy_and_hold_510300,20000.0,22813.8144,8039.4144,14774.4,0.352392,0.647608,1
2025-12-24,buy_and_hold_510300,20000.0,22868.2144,8039.4144,14828.8,0.351554,0.648446,1
2025-12-25,buy_and_hold_510300,20000.0,22897.0144,8039.4144,14857.6,0.351112,0.648888,1
2025-12-26,buy_and_hold_510300,20000.0,22954.6144,8039.4144,14915.2,0.350231,0.649769,1
2025-12-29,buy_and_hold_510300,20000.0,22887.4144,8039.4144,14848.0,0.351259,0.648741,1
2025-12-30,buy_and_hold_510300,20000.0,22919.4144,8039.4144,14880.0,0.350769,0.649231,1
2025-12-31,buy_and_hold_510300,20000.0,22855.4144,8039.4144,14816.0,0.351751,0.648249,1
2026-01-05,buy_and_hold_510300,20000.0,23540.2144,8039.4144,15500.8,0.341518,0.658482,1
2026-01-06,buy_and_hold_510300,20000.0,23780.2144,8039.4144,15740.8,0.338072,0.661928,1
2026-01-07,buy_and_hold_510300,20000.0,23722.6144,8039.4144,15683.2,0.338892,0.661108,1
2026-01-08,buy_and_hold_510300,20000.0,23601.0144,8039.4144,15561.6,0.340639,0.659361,1
2026-01-09,buy_and_hold_510300,20000.0,23671.4144,8039.4144,15632.0,0.339625,0.660375,1
2026-01-12,buy_and_hold_510300,20000.0,23761.0144,8039.4144,15721.6,0.338345,0.661655,1
2026-01-13,buy_and_hold_510300,20000.0,23706.6144,8039.4144,15667.2,0.339121,0.660879,1
2026-01-14,buy_and_hold_510300,20000.0,23610.6144,8039.4144,15571.2,0.3405,0.6595,1
2026-01-15,buy_and_hold_510300,20000.0,23639.4144,8039.4144,15600.0,0.340085,0.659915,1
2026-01-16,buy_and_hold_510300,20000.0,23588.2144,8039.4144,15548.8,0.340823,0.659177,1
2026-01-19,buy_and_hold_510300,20000.0,23201.0144,8039.4144,15161.6,0.346511,0.653489,1
2026-01-20,buy_and_hold_510300,20000.0,23156.2144,8039.4144,15116.8,0.347182,0.652818,1
2026-01-21,buy_and_hold_510300,20000.0,23175.4144,8039.4144,15136.0,0.346894,0.653106,1
2026-01-22,buy_and_hold_510300,20000.0,23165.8144,8039.4144,15126.4,0.347038,0.652962,1
2026-01-23,buy_and_hold_510300,20000.0,23092.2144,8039.4144,15052.8,0.348144,0.651856,1
2026-01-26,buy_and_hold_510300,20000.0,23117.8144,8039.4144,15078.4,0.347758,0.652242,1
2026-01-27,buy_and_hold_510300,20000.0,23111.4144,8039.4144,15072.0,0.347855,0.652145,1
2026-01-28,buy_and_hold_510300,20000.0,23159.4144,8039.4144,15120.0,0.347134,0.652866,1
2026-01-29,buy_and_hold_510300,20000.0,23297.0144,8039.4144,15257.6,0.345083,0.654917,1
2026-01-30,buy_and_hold_510300,20000.0,23114.6144,8039.4144,15075.2,0.347807,0.652193,1
2026-02-02,buy_and_hold_510300,20000.0,22759.4144,8039.4144,14720.0,0.353235,0.646765,1
2026-02-03,buy_and_hold_510300,20000.0,22964.2144,8039.4144,14924.8,0.350084,0.649916,1
2026-02-04,buy_and_hold_510300,20000.0,23101.8144,8039.4144,15062.4,0.347999,0.652001,1
2026-02-05,buy_and_hold_510300,20000.0,23012.2144,8039.4144,14972.8,0.349354,0.650646,1
2026-02-06,buy_and_hold_510300,20000.0,22916.2144,8039.4144,14876.8,0.350818,0.649182,1
2026-02-09,buy_and_hold_510300,20000.0,23165.8144,8039.4144,15126.4,0.347038,0.652962,1
2026-02-10,buy_and_hold_510300,20000.0,23185.0144,8039.4144,15145.6,0.34675,0.65325,1
2026-02-11,buy_and_hold_510300,20000.0,23153.0144,8039.4144,15113.6,0.34723,0.65277,1
2026-02-12,buy_and_hold_510300,20000.0,23165.8144,8039.4144,15126.4,0.347038,0.652962,1
2026-02-13,buy_and_hold_510300,20000.0,22986.6144,8039.4144,14947.2,0.349743,0.650257,1
2026-02-24,buy_and_hold_510300,20000.0,23130.6144,8039.4144,15091.2,0.347566,0.652434,1
2026-02-25,buy_and_hold_510300,20000.0,23239.4144,8039.4144,15200.0,0.345939,0.654061,1
2026-02-26,buy_and_hold_510300,20000.0,23191.4144,8039.4144,15152.0,0.346655,0.653345,1
2026-02-27,buy_and_hold_510300,20000.0,23159.4144,8039.4144,15120.0,0.347134,0.652866,1
2026-03-02,buy_and_hold_510300,20000.0,23204.2144,8039.4144,15164.8,0.346464,0.653536,1
2026-03-03,buy_and_hold_510300,20000.0,23009.0144,8039.4144,14969.6,0.349403,0.650597,1
2026-03-04,buy_and_hold_510300,20000.0,22791.4144,8039.4144,14752.0,0.352739,0.647261,1
2026-03-05,buy_and_hold_510300,20000.0,22932.2144,8039.4144,14892.8,0.350573,0.649427,1
2026-03-06,buy_and_hold_510300,20000.0,22973.8144,8039.4144,14934.4,0.349938,0.650062,1
2026-03-09,buy_and_hold_510300,20000.0,22852.2144,8039.4144,14812.8,0.3518,0.6482,1
2026-03-10,buy_and_hold_510300,20000.0,23025.0144,8039.4144,14985.6,0.34916,0.65084,1
2026-03-11,buy_and_hold_510300,20000.0,23114.6144,8039.4144,15075.2,0.347807,0.652193,1
2026-03-12,buy_and_hold_510300,20000.0,23060.2144,8039.4144,15020.8,0.348627,0.651373,1
2026-03-13,buy_and_hold_510300,20000.0,23005.8144,8039.4144,14966.4,0.349451,0.650549,1
2026-03-16,buy_and_hold_510300,20000.0,23015.4144,8039.4144,14976.0,0.349306,0.650694,1
2026-03-17,buy_and_hold_510300,20000.0,22906.6144,8039.4144,14867.2,0.350965,0.649035,1
2026-03-18,buy_and_hold_510300,20000.0,22957.8144,8039.4144,14918.4,0.350182,0.649818,1
2026-03-19,buy_and_hold_510300,20000.0,22756.2144,8039.4144,14716.8,0.353284,0.646716,1
2026-03-20,buy_and_hold_510300,20000.0,22682.6144,8039.4144,14643.2,0.354431,0.645569,1
2026-03-23,buy_and_hold_510300,20000.0,22215.4144,8039.4144,14176.0,0.361885,0.638115,1
2026-03-24,buy_and_hold_510300,20000.0,22372.2144,8039.4144,14332.8,0.359348,0.640652,1
2026-03-25,buy_and_hold_510300,20000.0,22580.2144,8039.4144,14540.8,0.356038,0.643962,1
2026-03-26,buy_and_hold_510300,20000.0,22401.0144,8039.4144,14361.6,0.358886,0.641114,1
2026-03-27,buy_and_hold_510300,20000.0,22465.0144,8039.4144,14425.6,0.357864,0.642136,1
2026-03-30,buy_and_hold_510300,20000.0,22439.4144,8039.4144,14400.0,0.358272,0.641728,1
2026-03-31,buy_and_hold_510300,20000.0,22321.0144,8039.4144,14281.6,0.360172,0.639828,1
2026-04-01,buy_and_hold_510300,20000.0,22548.2144,8039.4144,14508.8,0.356543,0.643457,1
2026-04-02,buy_and_hold_510300,20000.0,22404.2144,8039.4144,14364.8,0.358835,0.641165,1
2026-04-03,buy_and_hold_510300,20000.0,22292.2144,8039.4144,14252.8,0.360638,0.639362,1
2026-04-07,buy_and_hold_510300,20000.0,22266.6144,8039.4144,14227.2,0.361052,0.638948,1
2026-04-08,buy_and_hold_510300,20000.0,22765.8144,8039.4144,14726.4,0.353135,0.646865,1
2026-04-09,buy_and_hold_510300,20000.0,22669.8144,8039.4144,14630.4,0.354631,0.645369,1
2026-04-10,buy_and_hold_510300,20000.0,22893.8144,8039.4144,14854.4,0.351161,0.648839,1
2026-04-13,buy_and_hold_510300,20000.0,22925.8144,8039.4144,14886.4,0.350671,0.649329,1
2026-04-14,buy_and_hold_510300,20000.0,23117.8144,8039.4144,15078.4,0.347758,0.652242,1
2026-04-15,buy_and_hold_510300,20000.0,23060.2144,8039.4144,15020.8,0.348627,0.651373,1
2026-04-16,buy_and_hold_510300,20000.0,23226.6144,8039.4144,15187.2,0.346129,0.653871,1
2026-04-17,buy_and_hold_510300,20000.0,23204.2144,8039.4144,15164.8,0.346464,0.653536,1
2026-04-20,buy_and_hold_510300,20000.0,23287.4144,8039.4144,15248.0,0.345226,0.654774,1
2026-04-21,buy_and_hold_510300,20000.0,23322.6144,8039.4144,15283.2,0.344705,0.655295,1
2026-04-22,buy_and_hold_510300,20000.0,23434.6144,8039.4144,15395.2,0.343057,0.656943,1
2026-04-23,buy_and_hold_510300,20000.0,23402.6144,8039.4144,15363.2,0.343526,0.656474,1
2026-04-24,buy_and_hold_510300,20000.0,23341.8144,8039.4144,15302.4,0.344421,0.655579,1
2026-04-27,buy_and_hold_510300,20000.0,23341.8144,8039.4144,15302.4,0.344421,0.655579,1
2026-04-28,buy_and_hold_510300,20000.0,23303.4144,8039.4144,15264.0,0.344989,0.655011,1
2026-04-29,buy_and_hold_510300,20000.0,23466.6144,8039.4144,15427.2,0.342589,0.657411,1
2026-04-30,buy_and_hold_510300,20000.0,23476.2144,8039.4144,15436.8,0.342449,0.657551,1
2026-05-06,buy_and_hold_510300,20000.0,23681.0144,8039.4144,15641.6,0.339488,0.660512,1
2026-05-07,buy_and_hold_510300,20000.0,23757.8144,8039.4144,15718.4,0.33839,0.66161,1
2026-05-08,buy_and_hold_510300,20000.0,23674.6144,8039.4144,15635.2,0.33958,0.66042,1
2026-05-11,buy_and_hold_510300,20000.0,23930.6144,8039.4144,15891.2,0.335947,0.664053,1
2026-05-12,buy_and_hold_510300,20000.0,23921.0144,8039.4144,15881.6,0.336082,0.663918,1
2026-05-13,buy_and_hold_510300,20000.0,24093.8144,8039.4144,16054.4,0.333671,0.666329,1
2026-05-14,buy_and_hold_510300,20000.0,23850.6144,8039.4144,15811.2,0.337074,0.662926,1
2026-05-15,buy_and_hold_510300,20000.0,23649.0144,8039.4144,15609.6,0.339947,0.660053,1
2026-05-18,buy_and_hold_510300,20000.0,23565.8144,8039.4144,15526.4,0.341147,0.658853,1
2026-05-19,buy_and_hold_510300,20000.0,23620.2144,8039.4144,15580.8,0.340362,0.659638,1
2026-05-20,buy_and_hold_510300,20000.0,23626.6144,8039.4144,15587.2,0.340269,0.659731,1
2026-05-21,buy_and_hold_510300,20000.0,23425.0144,8039.4144,15385.6,0.343198,0.656802,1
2026-05-22,buy_and_hold_510300,20000.0,23597.8144,8039.4144,15558.4,0.340685,0.659315,1
2026-05-25,buy_and_hold_510300,20000.0,23837.8144,8039.4144,15798.4,0.337255,0.662745,1
2026-05-26,buy_and_hold_510300,20000.0,23949.8144,8039.4144,15910.4,0.335678,0.664322,1
2026-05-27,buy_and_hold_510300,20000.0,23821.8144,8039.4144,15782.4,0.337481,0.662519,1
2026-05-28,buy_and_hold_510300,20000.0,23821.8144,8039.4144,15782.4,0.337481,0.662519,1
2026-05-29,buy_and_hold_510300,20000.0,23793.0144,8039.4144,15753.6,0.33789,0.66211,1
2026-06-01,buy_and_hold_510300,20000.0,23617.0144,8039.4144,15577.6,0.340408,0.659592,1
2026-06-02,buy_and_hold_510300,20000.0,23834.6144,8039.4144,15795.2,0.3373,0.6627,1
2026-06-03,buy_and_hold_510300,20000.0,23927.4144,8039.4144,15888.0,0.335992,0.664008,1
2026-06-04,buy_and_hold_510300,20000.0,23802.6144,8039.4144,15763.2,0.337753,0.662247,1
2026-06-05,buy_and_hold_510300,20000.0,23537.0144,8039.4144,15497.6,0.341565,0.658435,1
2026-06-08,buy_and_hold_510300,20000.0,23204.2144,8039.4144,15164.8,0.346464,0.653536,1
2026-06-09,buy_and_hold_510300,20000.0,23482.6144,8039.4144,15443.2,0.342356,0.657644,1
2026-06-10,buy_and_hold_510300,20000.0,23348.2144,8039.4144,15308.8,0.344327,0.655673,1
2026-06-11,buy_and_hold_510300,20000.0,23242.6144,8039.4144,15203.2,0.345891,0.654109,1
2026-06-12,buy_and_hold_510300,20000.0,23457.0144,8039.4144,15417.6,0.34273,0.65727,1
2026-06-15,buy_and_hold_510300,20000.0,23780.2144,8039.4144,15740.8,0.338072,0.661928,1
2026-06-16,buy_and_hold_510300,20000.0,23751.4144,8039.4144,15712.0,0.338482,0.661518,1
2026-06-17,buy_and_hold_510300,20000.0,23905.0144,8039.4144,15865.6,0.336307,0.663693,1
2026-06-18,buy_and_hold_510300,20000.0,23988.2144,8039.4144,15948.8,0.33514,0.66486,1
2025-05-30,cash_baseline,20000.0,20000.0,20000.0,0.0,1.0,0.0,0
2025-06-03,cash_baseline,20000.0,20000.0,20000.0,0.0,1.0,0.0,0
2025-06-04,cash_baseline,20000.0,20000.0,20000.0,0.0,1.0,0.0,0
2025-06-05,cash_baseline,20000.0,20000.0,20000.0,0.0,1.0,0.0,0
2025-06-06,cash_baseline,20000.0,20000.0,20000.0,0.0,1.0,0.0,0
2025-06-09,cash_baseline,20000.0,20000.0,20000.0,0.0,1.0,0.0,0
2025-06-10,cash_baseline,20000.0,20000.0,20000.0,0.0,1.0,0.0,0
2025-06-11,cash_baseline,20000.0,20000.0,20000.0,0.0,1.0,0.0,0
2025-06-12,cash_baseline,20000.0,20000.0,20000.0,0.0,1.0,0.0,0
2025-06-13,cash_baseline,20000.0,20000.0,20000.0,0.0,1.0,0.0,0
2025-06-16,cash_baseline,20000.0,20000.0,20000.0,0.0,1.0,0.0,0
2025-06-17,cash_baseline,20000.0,20000.0,20000.0,0.0,1.0,0.0,0
2025-06-18,cash_baseline,20000.0,20000.0,20000.0,0.0,1.0,0.0,0
2025-06-19,cash_baseline,20000.0,20000.0,20000.0,0.0,1.0,0.0,0
2025-06-20,cash_baseline,20000.0,20000.0,20000.0,0.0,1.0,0.0,0
2025-06-23,cash_baseline,20000.0,20000.0,20000.0,0.0,1.0,0.0,0
2025-06-24,cash_baseline,20000.0,20000.0,20000.0,0.0,1.0,0.0,0
2025-06-25,cash_baseline,20000.0,20000.0,20000.0,0.0,1.0,0.0,0
2025-06-26,cash_baseline,20000.0,20000.0,20000.0,0.0,1.0,0.0,0
2025-06-27,cash_baseline,20000.0,20000.0,20000.0,0.0,1.0,0.0,0
2025-06-30,cash_baseline,20000.0,20000.0,20000.0,0.0,1.0,0.0,0
2025-07-01,cash_baseline,20000.0,20000.0,20000.0,0.0,1.0,0.0,0
2025-07-02,cash_baseline,20000.0,20000.0,20000.0,0.0,1.0,0.0,0
2025-07-03,cash_baseline,20000.0,20000.0,20000.0,0.0,1.0,0.0,0
2025-07-04,cash_baseline,20000.0,20000.0,20000.0,0.0,1.0,0.0,0
2025-07-07,cash_baseline,20000.0,20000.0,20000.0,0.0,1.0,0.0,0
2025-07-08,cash_baseline,20000.0,20000.0,20000.0,0.0,1.0,0.0,0
2025-07-09,cash_baseline,20000.0,20000.0,20000.0,0.0,1.0,0.0,0
2025-07-10,cash_baseline,20000.0,20000.0,20000.0,0.0,1.0,0.0,0
2025-07-11,cash_baseline,20000.0,20000.0,20000.0,0.0,1.0,0.0,0
2025-07-14,cash_baseline,20000.0,20000.0,20000.0,0.0,1.0,0.0,0
2025-07-15,cash_baseline,20000.0,20000.0,20000.0,0.0,1.0,0.0,0
2025-07-16,cash_baseline,20000.0,20000.0,20000.0,0.0,1.0,0.0,0
2025-07-17,cash_baseline,20000.0,20000.0,20000.0,0.0,1.0,0.0,0
2025-07-18,cash_baseline,20000.0,20000.0,20000.0,0.0,1.0,0.0,0
2025-07-21,cash_baseline,20000.0,20000.0,20000.0,0.0,1.0,0.0,0
2025-07-22,cash_baseline,20000.0,20000.0,20000.0,0.0,1.0,0.0,0
2025-07-23,cash_baseline,20000.0,20000.0,20000.0,0.0,1.0,0.0,0
2025-07-24,cash_baseline,20000.0,20000.0,20000.0,0.0,1.0,0.0,0
2025-07-25,cash_baseline,20000.0,20000.0,20000.0,0.0,1.0,0.0,0
2025-07-28,cash_baseline,20000.0,20000.0,20000.0,0.0,1.0,0.0,0
2025-07-29,cash_baseline,20000.0,20000.0,20000.0,0.0,1.0,0.0,0
2025-07-30,cash_baseline,20000.0,20000.0,20000.0,0.0,1.0,0.0,0
2025-07-31,cash_baseline,20000.0,20000.0,20000.0,0.0,1.0,0.0,0
2025-08-01,cash_baseline,20000.0,20000.0,20000.0,0.0,1.0,0.0,0
2025-08-04,cash_baseline,20000.0,20000.0,20000.0,0.0,1.0,0.0,0
2025-08-05,cash_baseline,20000.0,20000.0,20000.0,0.0,1.0,0.0,0
2025-08-06,cash_baseline,20000.0,20000.0,20000.0,0.0,1.0,0.0,0
2025-08-07,cash_baseline,20000.0,20000.0,20000.0,0.0,1.0,0.0,0
2025-08-08,cash_baseline,20000.0,20000.0,20000.0,0.0,1.0,0.0,0
2025-08-11,cash_baseline,20000.0,20000.0,20000.0,0.0,1.0,0.0,0
2025-08-12,cash_baseline,20000.0,20000.0,20000.0,0.0,1.0,0.0,0
2025-08-13,cash_baseline,20000.0,20000.0,20000.0,0.0,1.0,0.0,0
2025-08-14,cash_baseline,20000.0,20000.0,20000.0,0.0,1.0,0.0,0
2025-08-15,cash_baseline,20000.0,20000.0,20000.0,0.0,1.0,0.0,0
2025-08-18,cash_baseline,20000.0,20000.0,20000.0,0.0,1.0,0.0,0
2025-08-19,cash_baseline,20000.0,20000.0,20000.0,0.0,1.0,0.0,0
2025-08-20,cash_baseline,20000.0,20000.0,20000.0,0.0,1.0,0.0,0
2025-08-21,cash_baseline,20000.0,20000.0,20000.0,0.0,1.0,0.0,0
2025-08-22,cash_baseline,20000.0,20000.0,20000.0,0.0,1.0,0.0,0
2025-08-25,cash_baseline,20000.0,20000.0,20000.0,0.0,1.0,0.0,0
2025-08-26,cash_baseline,20000.0,20000.0,20000.0,0.0,1.0,0.0,0
2025-08-27,cash_baseline,20000.0,20000.0,20000.0,0.0,1.0,0.0,0
2025-08-28,cash_baseline,20000.0,20000.0,20000.0,0.0,1.0,0.0,0
2025-08-29,cash_baseline,20000.0,20000.0,20000.0,0.0,1.0,0.0,0
2025-09-01,cash_baseline,20000.0,20000.0,20000.0,0.0,1.0,0.0,0
2025-09-02,cash_baseline,20000.0,20000.0,20000.0,0.0,1.0,0.0,0
2025-09-03,cash_baseline,20000.0,20000.0,20000.0,0.0,1.0,0.0,0
2025-09-04,cash_baseline,20000.0,20000.0,20000.0,0.0,1.0,0.0,0
2025-09-05,cash_baseline,20000.0,20000.0,20000.0,0.0,1.0,0.0,0
2025-09-08,cash_baseline,20000.0,20000.0,20000.0,0.0,1.0,0.0,0
2025-09-09,cash_baseline,20000.0,20000.0,20000.0,0.0,1.0,0.0,0
2025-09-10,cash_baseline,20000.0,20000.0,20000.0,0.0,1.0,0.0,0
2025-09-11,cash_baseline,20000.0,20000.0,20000.0,0.0,1.0,0.0,0
2025-09-12,cash_baseline,20000.0,20000.0,20000.0,0.0,1.0,0.0,0
2025-09-15,cash_baseline,20000.0,20000.0,20000.0,0.0,1.0,0.0,0
2025-09-16,cash_baseline,20000.0,20000.0,20000.0,0.0,1.0,0.0,0
2025-09-17,cash_baseline,20000.0,20000.0,20000.0,0.0,1.0,0.0,0
2025-09-18,cash_baseline,20000.0,20000.0,20000.0,0.0,1.0,0.0,0
2025-09-19,cash_baseline,20000.0,20000.0,20000.0,0.0,1.0,0.0,0
2025-09-22,cash_baseline,20000.0,20000.0,20000.0,0.0,1.0,0.0,0
2025-09-23,cash_baseline,20000.0,20000.0,20000.0,0.0,1.0,0.0,0
2025-09-24,cash_baseline,20000.0,20000.0,20000.0,0.0,1.0,0.0,0
2025-09-25,cash_baseline,20000.0,20000.0,20000.0,0.0,1.0,0.0,0
2025-09-26,cash_baseline,20000.0,20000.0,20000.0,0.0,1.0,0.0,0
2025-09-29,cash_baseline,20000.0,20000.0,20000.0,0.0,1.0,0.0,0
2025-09-30,cash_baseline,20000.0,20000.0,20000.0,0.0,1.0,0.0,0
2025-10-09,cash_baseline,20000.0,20000.0,20000.0,0.0,1.0,0.0,0
2025-10-10,cash_baseline,20000.0,20000.0,20000.0,0.0,1.0,0.0,0
2025-10-13,cash_baseline,20000.0,20000.0,20000.0,0.0,1.0,0.0,0
2025-10-14,cash_baseline,20000.0,20000.0,20000.0,0.0,1.0,0.0,0
2025-10-15,cash_baseline,20000.0,20000.0,20000.0,0.0,1.0,0.0,0
2025-10-16,cash_baseline,20000.0,20000.0,20000.0,0.0,1.0,0.0,0
2025-10-17,cash_baseline,20000.0,20000.0,20000.0,0.0,1.0,0.0,0
2025-10-20,cash_baseline,20000.0,20000.0,20000.0,0.0,1.0,0.0,0
2025-10-21,cash_baseline,20000.0,20000.0,20000.0,0.0,1.0,0.0,0
2025-10-22,cash_baseline,20000.0,20000.0,20000.0,0.0,1.0,0.0,0
2025-10-23,cash_baseline,20000.0,20000.0,20000.0,0.0,1.0,0.0,0
2025-10-24,cash_baseline,20000.0,20000.0,20000.0,0.0,1.0,0.0,0
2025-10-27,cash_baseline,20000.0,20000.0,20000.0,0.0,1.0,0.0,0
2025-10-28,cash_baseline,20000.0,20000.0,20000.0,0.0,1.0,0.0,0
2025-10-29,cash_baseline,20000.0,20000.0,20000.0,0.0,1.0,0.0,0
2025-10-30,cash_baseline,20000.0,20000.0,20000.0,0.0,1.0,0.0,0
2025-10-31,cash_baseline,20000.0,20000.0,20000.0,0.0,1.0,0.0,0
2025-11-03,cash_baseline,20000.0,20000.0,20000.0,0.0,1.0,0.0,0
2025-11-04,cash_baseline,20000.0,20000.0,20000.0,0.0,1.0,0.0,0
2025-11-05,cash_baseline,20000.0,20000.0,20000.0,0.0,1.0,0.0,0
2025-11-06,cash_baseline,20000.0,20000.0,20000.0,0.0,1.0,0.0,0
2025-11-07,cash_baseline,20000.0,20000.0,20000.0,0.0,1.0,0.0,0
2025-11-10,cash_baseline,20000.0,20000.0,20000.0,0.0,1.0,0.0,0
2025-11-11,cash_baseline,20000.0,20000.0,20000.0,0.0,1.0,0.0,0
2025-11-12,cash_baseline,20000.0,20000.0,20000.0,0.0,1.0,0.0,0
2025-11-13,cash_baseline,20000.0,20000.0,20000.0,0.0,1.0,0.0,0
2025-11-14,cash_baseline,20000.0,20000.0,20000.0,0.0,1.0,0.0,0
2025-11-17,cash_baseline,20000.0,20000.0,20000.0,0.0,1.0,0.0,0
2025-11-18,cash_baseline,20000.0,20000.0,20000.0,0.0,1.0,0.0,0
2025-11-19,cash_baseline,20000.0,20000.0,20000.0,0.0,1.0,0.0,0
2025-11-20,cash_baseline,20000.0,20000.0,20000.0,0.0,1.0,0.0,0
2025-11-21,cash_baseline,20000.0,20000.0,20000.0,0.0,1.0,0.0,0
2025-11-24,cash_baseline,20000.0,20000.0,20000.0,0.0,1.0,0.0,0
2025-11-25,cash_baseline,20000.0,20000.0,20000.0,0.0,1.0,0.0,0
2025-11-26,cash_baseline,20000.0,20000.0,20000.0,0.0,1.0,0.0,0
2025-11-27,cash_baseline,20000.0,20000.0,20000.0,0.0,1.0,0.0,0
2025-11-28,cash_baseline,20000.0,20000.0,20000.0,0.0,1.0,0.0,0
2025-12-01,cash_baseline,20000.0,20000.0,20000.0,0.0,1.0,0.0,0
2025-12-02,cash_baseline,20000.0,20000.0,20000.0,0.0,1.0,0.0,0
2025-12-03,cash_baseline,20000.0,20000.0,20000.0,0.0,1.0,0.0,0
2025-12-04,cash_baseline,20000.0,20000.0,20000.0,0.0,1.0,0.0,0
2025-12-05,cash_baseline,20000.0,20000.0,20000.0,0.0,1.0,0.0,0
2025-12-08,cash_baseline,20000.0,20000.0,20000.0,0.0,1.0,0.0,0
2025-12-09,cash_baseline,20000.0,20000.0,20000.0,0.0,1.0,0.0,0
2025-12-10,cash_baseline,20000.0,20000.0,20000.0,0.0,1.0,0.0,0
2025-12-11,cash_baseline,20000.0,20000.0,20000.0,0.0,1.0,0.0,0
2025-12-12,cash_baseline,20000.0,20000.0,20000.0,0.0,1.0,0.0,0
2025-12-15,cash_baseline,20000.0,20000.0,20000.0,0.0,1.0,0.0,0
2025-12-16,cash_baseline,20000.0,20000.0,20000.0,0.0,1.0,0.0,0
2025-12-17,cash_baseline,20000.0,20000.0,20000.0,0.0,1.0,0.0,0
2025-12-18,cash_baseline,20000.0,20000.0,20000.0,0.0,1.0,0.0,0
2025-12-19,cash_baseline,20000.0,20000.0,20000.0,0.0,1.0,0.0,0
2025-12-22,cash_baseline,20000.0,20000.0,20000.0,0.0,1.0,0.0,0
2025-12-23,cash_baseline,20000.0,20000.0,20000.0,0.0,1.0,0.0,0
2025-12-24,cash_baseline,20000.0,20000.0,20000.0,0.0,1.0,0.0,0
2025-12-25,cash_baseline,20000.0,20000.0,20000.0,0.0,1.0,0.0,0
2025-12-26,cash_baseline,20000.0,20000.0,20000.0,0.0,1.0,0.0,0
2025-12-29,cash_baseline,20000.0,20000.0,20000.0,0.0,1.0,0.0,0
2025-12-30,cash_baseline,20000.0,20000.0,20000.0,0.0,1.0,0.0,0
2025-12-31,cash_baseline,20000.0,20000.0,20000.0,0.0,1.0,0.0,0
2026-01-05,cash_baseline,20000.0,20000.0,20000.0,0.0,1.0,0.0,0
2026-01-06,cash_baseline,20000.0,20000.0,20000.0,0.0,1.0,0.0,0
2026-01-07,cash_baseline,20000.0,20000.0,20000.0,0.0,1.0,0.0,0
2026-01-08,cash_baseline,20000.0,20000.0,20000.0,0.0,1.0,0.0,0
2026-01-09,cash_baseline,20000.0,20000.0,20000.0,0.0,1.0,0.0,0
2026-01-12,cash_baseline,20000.0,20000.0,20000.0,0.0,1.0,0.0,0
2026-01-13,cash_baseline,20000.0,20000.0,20000.0,0.0,1.0,0.0,0
2026-01-14,cash_baseline,20000.0,20000.0,20000.0,0.0,1.0,0.0,0
2026-01-15,cash_baseline,20000.0,20000.0,20000.0,0.0,1.0,0.0,0
2026-01-16,cash_baseline,20000.0,20000.0,20000.0,0.0,1.0,0.0,0
2026-01-19,cash_baseline,20000.0,20000.0,20000.0,0.0,1.0,0.0,0
2026-01-20,cash_baseline,20000.0,20000.0,20000.0,0.0,1.0,0.0,0
2026-01-21,cash_baseline,20000.0,20000.0,20000.0,0.0,1.0,0.0,0
2026-01-22,cash_baseline,20000.0,20000.0,20000.0,0.0,1.0,0.0,0
2026-01-23,cash_baseline,20000.0,20000.0,20000.0,0.0,1.0,0.0,0
2026-01-26,cash_baseline,20000.0,20000.0,20000.0,0.0,1.0,0.0,0
2026-01-27,cash_baseline,20000.0,20000.0,20000.0,0.0,1.0,0.0,0
2026-01-28,cash_baseline,20000.0,20000.0,20000.0,0.0,1.0,0.0,0
2026-01-29,cash_baseline,20000.0,20000.0,20000.0,0.0,1.0,0.0,0
2026-01-30,cash_baseline,20000.0,20000.0,20000.0,0.0,1.0,0.0,0
2026-02-02,cash_baseline,20000.0,20000.0,20000.0,0.0,1.0,0.0,0
2026-02-03,cash_baseline,20000.0,20000.0,20000.0,0.0,1.0,0.0,0
2026-02-04,cash_baseline,20000.0,20000.0,20000.0,0.0,1.0,0.0,0
2026-02-05,cash_baseline,20000.0,20000.0,20000.0,0.0,1.0,0.0,0
2026-02-06,cash_baseline,20000.0,20000.0,20000.0,0.0,1.0,0.0,0
2026-02-09,cash_baseline,20000.0,20000.0,20000.0,0.0,1.0,0.0,0
2026-02-10,cash_baseline,20000.0,20000.0,20000.0,0.0,1.0,0.0,0
2026-02-11,cash_baseline,20000.0,20000.0,20000.0,0.0,1.0,0.0,0
2026-02-12,cash_baseline,20000.0,20000.0,20000.0,0.0,1.0,0.0,0
2026-02-13,cash_baseline,20000.0,20000.0,20000.0,0.0,1.0,0.0,0
2026-02-24,cash_baseline,20000.0,20000.0,20000.0,0.0,1.0,0.0,0
2026-02-25,cash_baseline,20000.0,20000.0,20000.0,0.0,1.0,0.0,0
2026-02-26,cash_baseline,20000.0,20000.0,20000.0,0.0,1.0,0.0,0
2026-02-27,cash_baseline,20000.0,20000.0,20000.0,0.0,1.0,0.0,0
2026-03-02,cash_baseline,20000.0,20000.0,20000.0,0.0,1.0,0.0,0
2026-03-03,cash_baseline,20000.0,20000.0,20000.0,0.0,1.0,0.0,0
2026-03-04,cash_baseline,20000.0,20000.0,20000.0,0.0,1.0,0.0,0
2026-03-05,cash_baseline,20000.0,20000.0,20000.0,0.0,1.0,0.0,0
2026-03-06,cash_baseline,20000.0,20000.0,20000.0,0.0,1.0,0.0,0
2026-03-09,cash_baseline,20000.0,20000.0,20000.0,0.0,1.0,0.0,0
2026-03-10,cash_baseline,20000.0,20000.0,20000.0,0.0,1.0,0.0,0
2026-03-11,cash_baseline,20000.0,20000.0,20000.0,0.0,1.0,0.0,0
2026-03-12,cash_baseline,20000.0,20000.0,20000.0,0.0,1.0,0.0,0
2026-03-13,cash_baseline,20000.0,20000.0,20000.0,0.0,1.0,0.0,0
2026-03-16,cash_baseline,20000.0,20000.0,20000.0,0.0,1.0,0.0,0
2026-03-17,cash_baseline,20000.0,20000.0,20000.0,0.0,1.0,0.0,0
2026-03-18,cash_baseline,20000.0,20000.0,20000.0,0.0,1.0,0.0,0
2026-03-19,cash_baseline,20000.0,20000.0,20000.0,0.0,1.0,0.0,0
2026-03-20,cash_baseline,20000.0,20000.0,20000.0,0.0,1.0,0.0,0
2026-03-23,cash_baseline,20000.0,20000.0,20000.0,0.0,1.0,0.0,0
2026-03-24,cash_baseline,20000.0,20000.0,20000.0,0.0,1.0,0.0,0
2026-03-25,cash_baseline,20000.0,20000.0,20000.0,0.0,1.0,0.0,0
2026-03-26,cash_baseline,20000.0,20000.0,20000.0,0.0,1.0,0.0,0
2026-03-27,cash_baseline,20000.0,20000.0,20000.0,0.0,1.0,0.0,0
2026-03-30,cash_baseline,20000.0,20000.0,20000.0,0.0,1.0,0.0,0
2026-03-31,cash_baseline,20000.0,20000.0,20000.0,0.0,1.0,0.0,0
2026-04-01,cash_baseline,20000.0,20000.0,20000.0,0.0,1.0,0.0,0
2026-04-02,cash_baseline,20000.0,20000.0,20000.0,0.0,1.0,0.0,0
2026-04-03,cash_baseline,20000.0,20000.0,20000.0,0.0,1.0,0.0,0
2026-04-07,cash_baseline,20000.0,20000.0,20000.0,0.0,1.0,0.0,0
2026-04-08,cash_baseline,20000.0,20000.0,20000.0,0.0,1.0,0.0,0
2026-04-09,cash_baseline,20000.0,20000.0,20000.0,0.0,1.0,0.0,0
2026-04-10,cash_baseline,20000.0,20000.0,20000.0,0.0,1.0,0.0,0
2026-04-13,cash_baseline,20000.0,20000.0,20000.0,0.0,1.0,0.0,0
2026-04-14,cash_baseline,20000.0,20000.0,20000.0,0.0,1.0,0.0,0
2026-04-15,cash_baseline,20000.0,20000.0,20000.0,0.0,1.0,0.0,0
2026-04-16,cash_baseline,20000.0,20000.0,20000.0,0.0,1.0,0.0,0
2026-04-17,cash_baseline,20000.0,20000.0,20000.0,0.0,1.0,0.0,0
2026-04-20,cash_baseline,20000.0,20000.0,20000.0,0.0,1.0,0.0,0
2026-04-21,cash_baseline,20000.0,20000.0,20000.0,0.0,1.0,0.0,0
2026-04-22,cash_baseline,20000.0,20000.0,20000.0,0.0,1.0,0.0,0
2026-04-23,cash_baseline,20000.0,20000.0,20000.0,0.0,1.0,0.0,0
2026-04-24,cash_baseline,20000.0,20000.0,20000.0,0.0,1.0,0.0,0
2026-04-27,cash_baseline,20000.0,20000.0,20000.0,0.0,1.0,0.0,0
2026-04-28,cash_baseline,20000.0,20000.0,20000.0,0.0,1.0,0.0,0
2026-04-29,cash_baseline,20000.0,20000.0,20000.0,0.0,1.0,0.0,0
2026-04-30,cash_baseline,20000.0,20000.0,20000.0,0.0,1.0,0.0,0
2026-05-06,cash_baseline,20000.0,20000.0,20000.0,0.0,1.0,0.0,0
2026-05-07,cash_baseline,20000.0,20000.0,20000.0,0.0,1.0,0.0,0
2026-05-08,cash_baseline,20000.0,20000.0,20000.0,0.0,1.0,0.0,0
2026-05-11,cash_baseline,20000.0,20000.0,20000.0,0.0,1.0,0.0,0
2026-05-12,cash_baseline,20000.0,20000.0,20000.0,0.0,1.0,0.0,0
2026-05-13,cash_baseline,20000.0,20000.0,20000.0,0.0,1.0,0.0,0
2026-05-14,cash_baseline,20000.0,20000.0,20000.0,0.0,1.0,0.0,0
2026-05-15,cash_baseline,20000.0,20000.0,20000.0,0.0,1.0,0.0,0
2026-05-18,cash_baseline,20000.0,20000.0,20000.0,0.0,1.0,0.0,0
2026-05-19,cash_baseline,20000.0,20000.0,20000.0,0.0,1.0,0.0,0
2026-05-20,cash_baseline,20000.0,20000.0,20000.0,0.0,1.0,0.0,0
2026-05-21,cash_baseline,20000.0,20000.0,20000.0,0.0,1.0,0.0,0
2026-05-22,cash_baseline,20000.0,20000.0,20000.0,0.0,1.0,0.0,0
2026-05-25,cash_baseline,20000.0,20000.0,20000.0,0.0,1.0,0.0,0
2026-05-26,cash_baseline,20000.0,20000.0,20000.0,0.0,1.0,0.0,0
2026-05-27,cash_baseline,20000.0,20000.0,20000.0,0.0,1.0,0.0,0
2026-05-28,cash_baseline,20000.0,20000.0,20000.0,0.0,1.0,0.0,0
2026-05-29,cash_baseline,20000.0,20000.0,20000.0,0.0,1.0,0.0,0
2026-06-01,cash_baseline,20000.0,20000.0,20000.0,0.0,1.0,0.0,0
2026-06-02,cash_baseline,20000.0,20000.0,20000.0,0.0,1.0,0.0,0
2026-06-03,cash_baseline,20000.0,20000.0,20000.0,0.0,1.0,0.0,0
2026-06-04,cash_baseline,20000.0,20000.0,20000.0,0.0,1.0,0.0,0
2026-06-05,cash_baseline,20000.0,20000.0,20000.0,0.0,1.0,0.0,0
2026-06-08,cash_baseline,20000.0,20000.0,20000.0,0.0,1.0,0.0,0
2026-06-09,cash_baseline,20000.0,20000.0,20000.0,0.0,1.0,0.0,0
2026-06-10,cash_baseline,20000.0,20000.0,20000.0,0.0,1.0,0.0,0
2026-06-11,cash_baseline,20000.0,20000.0,20000.0,0.0,1.0,0.0,0
2026-06-12,cash_baseline,20000.0,20000.0,20000.0,0.0,1.0,0.0,0
2026-06-15,cash_baseline,20000.0,20000.0,20000.0,0.0,1.0,0.0,0
2026-06-16,cash_baseline,20000.0,20000.0,20000.0,0.0,1.0,0.0,0
2026-06-17,cash_baseline,20000.0,20000.0,20000.0,0.0,1.0,0.0,0
2026-06-18,cash_baseline,20000.0,20000.0,20000.0,0.0,1.0,0.0,0
2025-05-30,original_baseline_v2,10000.0,10000.0,10000.0,0.0,1.0,0.0,0
2025-05-30,original_baseline_v2,10000.0,10000.0,10000.0,0.0,1.0,0.0,0
2025-06-03,original_baseline_v2,10000.0,10000.0,10000.0,0.0,1.0,0.0,0
2025-06-04,original_baseline_v2,10000.0,10000.0,10000.0,0.0,1.0,0.0,0
2025-06-05,original_baseline_v2,10000.0,10000.0,10000.0,0.0,1.0,0.0,0
2025-06-06,original_baseline_v2,10000.0,10000.0,10000.0,0.0,1.0,0.0,0
2025-06-09,original_baseline_v2,10000.0,10000.0,10000.0,0.0,1.0,0.0,0
2025-06-10,original_baseline_v2,10000.0,10000.0,10000.0,0.0,1.0,0.0,0
2025-06-11,original_baseline_v2,10000.0,10000.0,10000.0,0.0,1.0,0.0,0
2025-06-12,original_baseline_v2,10000.0,10000.0,10000.0,0.0,1.0,0.0,0
2025-06-13,original_baseline_v2,10000.0,10000.0,10000.0,0.0,1.0,0.0,0
2025-06-16,original_baseline_v2,10000.0,10000.0,10000.0,0.0,1.0,0.0,0
2025-06-17,original_baseline_v2,10000.0,10000.0,10000.0,0.0,1.0,0.0,0
2025-06-18,original_baseline_v2,10000.0,10000.0,10000.0,0.0,1.0,0.0,0
2025-06-19,original_baseline_v2,10000.0,10000.0,10000.0,0.0,1.0,0.0,0
2025-06-20,original_baseline_v2,10000.0,10000.0,10000.0,0.0,1.0,0.0,0
2025-06-23,original_baseline_v2,10000.0,10000.0,10000.0,0.0,1.0,0.0,0
2025-06-24,original_baseline_v2,10000.0,10000.0,10000.0,0.0,1.0,0.0,0
2025-06-25,original_baseline_v2,10000.0,10000.0,10000.0,0.0,1.0,0.0,0
2025-06-26,original_baseline_v2,10000.0,10000.0,10000.0,0.0,1.0,0.0,0
2025-06-27,original_baseline_v2,10000.0,10000.0,10000.0,0.0,1.0,0.0,0
2025-06-30,original_baseline_v2,10000.0,10000.0,10000.0,0.0,1.0,0.0,0
2025-07-01,original_baseline_v2,10000.0,10000.0,10000.0,0.0,1.0,0.0,0
2025-07-02,original_baseline_v2,10000.0,10000.0,10000.0,0.0,1.0,0.0,0
2025-07-03,original_baseline_v2,10000.0,10000.0,10000.0,0.0,1.0,0.0,0
2025-07-04,original_baseline_v2,10000.0,10000.0,10000.0,0.0,1.0,0.0,0
2025-07-07,original_baseline_v2,10000.0,10000.0,10000.0,0.0,1.0,0.0,0
2025-07-08,original_baseline_v2,10000.0,10000.0,10000.0,0.0,1.0,0.0,0
2025-07-09,original_baseline_v2,10000.0,10000.0,10000.0,0.0,1.0,0.0,0
2025-07-10,original_baseline_v2,10000.0,10000.0,10000.0,0.0,1.0,0.0,0
2025-07-11,original_baseline_v2,10000.0,10000.0,10000.0,0.0,1.0,0.0,0
2025-07-14,original_baseline_v2,10000.0,10000.0,10000.0,0.0,1.0,0.0,0
2025-07-15,original_baseline_v2,10000.0,10000.0,10000.0,0.0,1.0,0.0,0
2025-07-16,original_baseline_v2,10000.0,10000.0,10000.0,0.0,1.0,0.0,0
2025-07-17,original_baseline_v2,10000.0,10000.0,10000.0,0.0,1.0,0.0,0
2025-07-18,original_baseline_v2,10000.0,10000.0,10000.0,0.0,1.0,0.0,0
2025-07-21,original_baseline_v2,10000.0,10000.0,10000.0,0.0,1.0,0.0,0
2025-07-22,original_baseline_v2,10000.0,10000.0,10000.0,0.0,1.0,0.0,0
2025-07-23,original_baseline_v2,10000.0,10000.0,10000.0,0.0,1.0,0.0,0
2025-07-24,original_baseline_v2,10000.0,10000.0,10000.0,0.0,1.0,0.0,0
2025-07-25,original_baseline_v2,10000.0,10000.0,10000.0,0.0,1.0,0.0,0
2025-07-28,original_baseline_v2,10000.0,10000.0,10000.0,0.0,1.0,0.0,0
2025-07-29,original_baseline_v2,10000.0,10000.0,10000.0,0.0,1.0,0.0,0
2025-07-30,original_baseline_v2,10000.0,10000.0,10000.0,0.0,1.0,0.0,0
2025-07-31,original_baseline_v2,10000.0,10000.0,10000.0,0.0,1.0,0.0,0
2025-08-01,original_baseline_v2,10000.0,10000.0,10000.0,0.0,1.0,0.0,0
2025-08-04,original_baseline_v2,10000.0,10000.0,10000.0,0.0,1.0,0.0,0
2025-08-05,original_baseline_v2,10000.0,10000.0,10000.0,0.0,1.0,0.0,0
2025-08-06,original_baseline_v2,10000.0,10000.0,10000.0,0.0,1.0,0.0,0
2025-08-07,original_baseline_v2,10000.0,10000.0,10000.0,0.0,1.0,0.0,0
2025-08-08,original_baseline_v2,10000.0,10000.0,10000.0,0.0,1.0,0.0,0
2025-08-11,original_baseline_v2,10000.0,10000.0,10000.0,0.0,1.0,0.0,0
2025-08-12,original_baseline_v2,10000.0,10000.0,10000.0,0.0,1.0,0.0,0
2025-08-13,original_baseline_v2,10000.0,10000.0,10000.0,0.0,1.0,0.0,0
2025-08-14,original_baseline_v2,10000.0,10000.0,10000.0,0.0,1.0,0.0,0
2025-08-15,original_baseline_v2,10000.0,10000.0,10000.0,0.0,1.0,0.0,0
2025-08-18,original_baseline_v2,10000.0,10000.0,10000.0,0.0,1.0,0.0,0
2025-08-19,original_baseline_v2,10000.0,10000.0,10000.0,0.0,1.0,0.0,0
2025-08-20,original_baseline_v2,10000.0,10000.0,10000.0,0.0,1.0,0.0,0
2025-08-21,original_baseline_v2,10000.0,10000.0,10000.0,0.0,1.0,0.0,0
2025-08-22,original_baseline_v2,10000.0,10000.0,10000.0,0.0,1.0,0.0,0
2025-08-25,original_baseline_v2,10000.0,10000.0,10000.0,0.0,1.0,0.0,0
2025-08-26,original_baseline_v2,10000.0,10000.0,10000.0,0.0,1.0,0.0,0
2025-08-27,original_baseline_v2,10000.0,10000.0,10000.0,0.0,1.0,0.0,0
2025-08-28,original_baseline_v2,10000.0,10000.0,10000.0,0.0,1.0,0.0,0
2025-08-29,original_baseline_v2,10000.0,10000.0,10000.0,0.0,1.0,0.0,0
2025-09-01,original_baseline_v2,10000.0,10000.0,10000.0,0.0,1.0,0.0,0
2025-09-02,original_baseline_v2,10000.0,10000.0,10000.0,0.0,1.0,0.0,0
2025-09-03,original_baseline_v2,10000.0,10000.0,10000.0,0.0,1.0,0.0,0
2025-09-04,original_baseline_v2,10000.0,10000.0,10000.0,0.0,1.0,0.0,0
2025-09-05,original_baseline_v2,10000.0,10000.0,10000.0,0.0,1.0,0.0,0
2025-09-08,original_baseline_v2,10000.0,10000.0,10000.0,0.0,1.0,0.0,0
2025-09-09,original_baseline_v2,10000.0,10000.0,10000.0,0.0,1.0,0.0,0
2025-09-10,original_baseline_v2,10000.0,10000.0,10000.0,0.0,1.0,0.0,0
2025-09-11,original_baseline_v2,10000.0,10000.0,10000.0,0.0,1.0,0.0,0
2025-09-12,original_baseline_v2,10000.0,10000.0,10000.0,0.0,1.0,0.0,0
2025-09-15,original_baseline_v2,10000.0,10000.0,10000.0,0.0,1.0,0.0,0
2025-09-16,original_baseline_v2,10000.0,10000.0,10000.0,0.0,1.0,0.0,0
2025-09-17,original_baseline_v2,10000.0,10000.0,10000.0,0.0,1.0,0.0,0
2025-09-18,original_baseline_v2,10000.0,10000.0,10000.0,0.0,1.0,0.0,0
2025-09-19,original_baseline_v2,10000.0,10000.0,10000.0,0.0,1.0,0.0,0
2025-09-22,original_baseline_v2,10000.0,10000.0,10000.0,0.0,1.0,0.0,0
2025-09-23,original_baseline_v2,10000.0,10000.0,10000.0,0.0,1.0,0.0,0
2025-09-24,original_baseline_v2,10000.0,10000.0,10000.0,0.0,1.0,0.0,0
2025-09-25,original_baseline_v2,10000.0,10000.0,10000.0,0.0,1.0,0.0,0
2025-09-26,original_baseline_v2,10000.0,10000.0,10000.0,0.0,1.0,0.0,0
2025-09-29,original_baseline_v2,10000.0,10000.0,10000.0,0.0,1.0,0.0,0
2025-09-30,original_baseline_v2,10000.0,10000.0,10000.0,0.0,1.0,0.0,0
2025-10-09,original_baseline_v2,10000.0,10000.0,10000.0,0.0,1.0,0.0,0
2025-10-10,original_baseline_v2,10000.0,10000.0,10000.0,0.0,1.0,0.0,0
2025-10-13,original_baseline_v2,10000.0,10000.0,10000.0,0.0,1.0,0.0,0
2025-10-14,original_baseline_v2,10000.0,10000.0,10000.0,0.0,1.0,0.0,0
2025-10-15,original_baseline_v2,10000.0,10000.0,10000.0,0.0,1.0,0.0,0
2025-10-16,original_baseline_v2,10000.0,10000.0,10000.0,0.0,1.0,0.0,0
2025-10-17,original_baseline_v2,10000.0,10000.0,10000.0,0.0,1.0,0.0,0
2025-10-20,original_baseline_v2,10000.0,10000.0,10000.0,0.0,1.0,0.0,0
2025-10-21,original_baseline_v2,10000.0,10000.0,10000.0,0.0,1.0,0.0,0
2025-10-22,original_baseline_v2,10000.0,10000.0,10000.0,0.0,1.0,0.0,0
2025-10-23,original_baseline_v2,10000.0,10000.0,10000.0,0.0,1.0,0.0,0
2025-10-24,original_baseline_v2,10000.0,10000.0,10000.0,0.0,1.0,0.0,0
2025-10-27,original_baseline_v2,10000.0,10000.0,10000.0,0.0,1.0,0.0,0
2025-10-28,original_baseline_v2,10000.0,10000.0,10000.0,0.0,1.0,0.0,0
2025-10-29,original_baseline_v2,10000.0,10000.0,10000.0,0.0,1.0,0.0,0
2025-10-30,original_baseline_v2,10000.0,10000.0,10000.0,0.0,1.0,0.0,0
2025-10-31,original_baseline_v2,10000.0,10000.0,10000.0,0.0,1.0,0.0,0
2025-11-03,original_baseline_v2,10000.0,10000.0,10000.0,0.0,1.0,0.0,0
2025-11-04,original_baseline_v2,10000.0,10000.0,10000.0,0.0,1.0,0.0,0
2025-11-05,original_baseline_v2,10000.0,10000.0,10000.0,0.0,1.0,0.0,0
2025-11-06,original_baseline_v2,10000.0,10000.0,10000.0,0.0,1.0,0.0,0
2025-11-07,original_baseline_v2,10000.0,10000.0,10000.0,0.0,1.0,0.0,0
2025-11-10,original_baseline_v2,10000.0,10000.0,10000.0,0.0,1.0,0.0,0
2025-11-11,original_baseline_v2,10000.0,10000.0,10000.0,0.0,1.0,0.0,0
2025-11-12,original_baseline_v2,10000.0,10000.0,10000.0,0.0,1.0,0.0,0
2025-11-13,original_baseline_v2,10000.0,10000.0,10000.0,0.0,1.0,0.0,0
2025-11-14,original_baseline_v2,10000.0,10000.0,10000.0,0.0,1.0,0.0,0
2025-11-17,original_baseline_v2,10000.0,10000.0,10000.0,0.0,1.0,0.0,0
2025-11-18,original_baseline_v2,10000.0,10000.0,10000.0,0.0,1.0,0.0,0
2025-11-19,original_baseline_v2,10000.0,10000.0,10000.0,0.0,1.0,0.0,0
2025-11-20,original_baseline_v2,10000.0,10000.0,10000.0,0.0,1.0,0.0,0
2025-11-21,original_baseline_v2,10000.0,10000.0,10000.0,0.0,1.0,0.0,0
2025-11-24,original_baseline_v2,10000.0,10000.0,10000.0,0.0,1.0,0.0,0
2025-11-25,original_baseline_v2,10000.0,10000.0,10000.0,0.0,1.0,0.0,0
2025-11-26,original_baseline_v2,10000.0,10000.0,10000.0,0.0,1.0,0.0,0
2025-11-27,original_baseline_v2,10000.0,10000.0,10000.0,0.0,1.0,0.0,0
2025-11-28,original_baseline_v2,10000.0,10000.0,10000.0,0.0,1.0,0.0,0
2025-12-01,original_baseline_v2,10000.0,10000.0,10000.0,0.0,1.0,0.0,0
2025-12-02,original_baseline_v2,10000.0,10000.0,10000.0,0.0,1.0,0.0,0
2025-12-03,original_baseline_v2,10000.0,10000.0,10000.0,0.0,1.0,0.0,0
2025-12-04,original_baseline_v2,10000.0,10000.0,10000.0,0.0,1.0,0.0,0
2025-12-05,original_baseline_v2,10000.0,10000.0,10000.0,0.0,1.0,0.0,0
2025-12-08,original_baseline_v2,10000.0,10000.0,10000.0,0.0,1.0,0.0,0
2025-12-09,original_baseline_v2,10000.0,10000.0,10000.0,0.0,1.0,0.0,0
2025-12-10,original_baseline_v2,10000.0,10000.0,10000.0,0.0,1.0,0.0,0
2025-12-11,original_baseline_v2,10000.0,10000.0,10000.0,0.0,1.0,0.0,0
2025-12-12,original_baseline_v2,10000.0,10000.0,10000.0,0.0,1.0,0.0,0
2025-12-15,original_baseline_v2,10000.0,10000.0,10000.0,0.0,1.0,0.0,0
2025-12-16,original_baseline_v2,10000.0,10000.0,10000.0,0.0,1.0,0.0,0
2025-12-17,original_baseline_v2,10000.0,10000.0,10000.0,0.0,1.0,0.0,0
2025-12-18,original_baseline_v2,10000.0,10000.0,10000.0,0.0,1.0,0.0,0
2025-12-19,original_baseline_v2,10000.0,10000.0,10000.0,0.0,1.0,0.0,0
2025-12-22,original_baseline_v2,10000.0,10000.0,10000.0,0.0,1.0,0.0,0
2025-12-23,original_baseline_v2,10000.0,10000.0,10000.0,0.0,1.0,0.0,0
2025-12-24,original_baseline_v2,10000.0,10000.0,10000.0,0.0,1.0,0.0,0
2025-12-25,original_baseline_v2,10000.0,10000.0,10000.0,0.0,1.0,0.0,0
2025-12-26,original_baseline_v2,10000.0,10000.0,10000.0,0.0,1.0,0.0,0
2025-12-29,original_baseline_v2,10000.0,10000.0,10000.0,0.0,1.0,0.0,0
2025-12-30,original_baseline_v2,10000.0,10000.0,10000.0,0.0,1.0,0.0,0
2025-12-31,original_baseline_v2,10000.0,10000.0,10000.0,0.0,1.0,0.0,0
2026-01-05,original_baseline_v2,10000.0,10000.0,10000.0,0.0,1.0,0.0,0
2026-01-06,original_baseline_v2,10000.0,10000.0,10000.0,0.0,1.0,0.0,0
2026-01-07,original_baseline_v2,10000.0,10000.0,10000.0,0.0,1.0,0.0,0
2026-01-08,original_baseline_v2,10000.0,10000.0,10000.0,0.0,1.0,0.0,0
2026-01-09,original_baseline_v2,10000.0,10000.0,10000.0,0.0,1.0,0.0,0
2026-01-12,original_baseline_v2,10000.0,10000.0,10000.0,0.0,1.0,0.0,0
2026-01-13,original_baseline_v2,10000.0,10000.0,10000.0,0.0,1.0,0.0,0
2026-01-14,original_baseline_v2,10000.0,10000.0,10000.0,0.0,1.0,0.0,0
2026-01-15,original_baseline_v2,10000.0,10000.0,10000.0,0.0,1.0,0.0,0
2026-01-16,original_baseline_v2,10000.0,10000.0,10000.0,0.0,1.0,0.0,0
2026-01-19,original_baseline_v2,10000.0,10000.0,10000.0,0.0,1.0,0.0,0
2026-01-20,original_baseline_v2,10000.0,10000.0,10000.0,0.0,1.0,0.0,0
2026-01-21,original_baseline_v2,10000.0,10000.0,10000.0,0.0,1.0,0.0,0
2026-01-22,original_baseline_v2,10000.0,10000.0,10000.0,0.0,1.0,0.0,0
2026-01-23,original_baseline_v2,10000.0,10000.0,10000.0,0.0,1.0,0.0,0
2026-01-26,original_baseline_v2,10000.0,10000.0,10000.0,0.0,1.0,0.0,0
2026-01-27,original_baseline_v2,10000.0,10000.0,10000.0,0.0,1.0,0.0,0
2026-01-28,original_baseline_v2,10000.0,10000.0,10000.0,0.0,1.0,0.0,0
2026-01-29,original_baseline_v2,10000.0,10000.0,10000.0,0.0,1.0,0.0,0
2026-01-30,original_baseline_v2,10000.0,10000.0,10000.0,0.0,1.0,0.0,0
2026-02-02,original_baseline_v2,10000.0,10000.0,10000.0,0.0,1.0,0.0,0
2026-02-03,original_baseline_v2,10000.0,10000.0,10000.0,0.0,1.0,0.0,0
2026-02-04,original_baseline_v2,10000.0,10000.0,10000.0,0.0,1.0,0.0,0
2026-02-05,original_baseline_v2,10000.0,10000.0,10000.0,0.0,1.0,0.0,0
2026-02-06,original_baseline_v2,10000.0,10000.0,10000.0,0.0,1.0,0.0,0
2026-02-09,original_baseline_v2,10000.0,10000.0,10000.0,0.0,1.0,0.0,0
2026-02-10,original_baseline_v2,10000.0,10000.0,10000.0,0.0,1.0,0.0,0
2026-02-11,original_baseline_v2,10000.0,10000.0,10000.0,0.0,1.0,0.0,0
2026-02-12,original_baseline_v2,10000.0,10000.0,10000.0,0.0,1.0,0.0,0
2026-02-13,original_baseline_v2,10000.0,10000.0,10000.0,0.0,1.0,0.0,0
2026-02-24,original_baseline_v2,10000.0,10000.0,10000.0,0.0,1.0,0.0,0
2026-02-25,original_baseline_v2,10000.0,10000.0,10000.0,0.0,1.0,0.0,0
2026-02-26,original_baseline_v2,10000.0,10000.0,10000.0,0.0,1.0,0.0,0
2026-02-27,original_baseline_v2,10000.0,10000.0,10000.0,0.0,1.0,0.0,0
2026-03-02,original_baseline_v2,10000.0,10000.0,10000.0,0.0,1.0,0.0,0
2026-03-03,original_baseline_v2,10000.0,10000.0,10000.0,0.0,1.0,0.0,0
2026-03-04,original_baseline_v2,10000.0,10000.0,10000.0,0.0,1.0,0.0,0
2026-03-05,original_baseline_v2,10000.0,10000.0,10000.0,0.0,1.0,0.0,0
2026-03-06,original_baseline_v2,10000.0,10000.0,10000.0,0.0,1.0,0.0,0
2026-03-09,original_baseline_v2,10000.0,10000.0,10000.0,0.0,1.0,0.0,0
2026-03-10,original_baseline_v2,10000.0,10000.0,10000.0,0.0,1.0,0.0,0
2026-03-11,original_baseline_v2,10000.0,10000.0,10000.0,0.0,1.0,0.0,0
2026-03-12,original_baseline_v2,10000.0,10000.0,10000.0,0.0,1.0,0.0,0
2026-03-13,original_baseline_v2,10000.0,10000.0,10000.0,0.0,1.0,0.0,0
2026-03-16,original_baseline_v2,10000.0,10000.0,10000.0,0.0,1.0,0.0,0
2026-03-17,original_baseline_v2,10000.0,10000.0,10000.0,0.0,1.0,0.0,0
2026-03-18,original_baseline_v2,10000.0,10000.0,10000.0,0.0,1.0,0.0,0
2026-03-19,original_baseline_v2,10000.0,10000.0,10000.0,0.0,1.0,0.0,0
2026-03-20,original_baseline_v2,10000.0,10000.0,10000.0,0.0,1.0,0.0,0
2026-03-23,original_baseline_v2,10000.0,10000.0,10000.0,0.0,1.0,0.0,0
2026-03-24,original_baseline_v2,10000.0,10000.0,10000.0,0.0,1.0,0.0,0
2026-03-25,original_baseline_v2,10000.0,10000.0,10000.0,0.0,1.0,0.0,0
2026-03-26,original_baseline_v2,10000.0,10000.0,10000.0,0.0,1.0,0.0,0
2026-03-27,original_baseline_v2,10000.0,10000.0,10000.0,0.0,1.0,0.0,0
2026-03-30,original_baseline_v2,10000.0,10000.0,10000.0,0.0,1.0,0.0,0
2026-03-31,original_baseline_v2,10000.0,10000.0,10000.0,0.0,1.0,0.0,0
2026-04-01,original_baseline_v2,10000.0,10000.0,10000.0,0.0,1.0,0.0,0
2026-04-02,original_baseline_v2,10000.0,10000.0,10000.0,0.0,1.0,0.0,0
2026-04-03,original_baseline_v2,10000.0,10000.0,10000.0,0.0,1.0,0.0,0
2026-04-07,original_baseline_v2,10000.0,10000.0,10000.0,0.0,1.0,0.0,0
2026-04-08,original_baseline_v2,10000.0,10000.0,10000.0,0.0,1.0,0.0,0
2026-04-09,original_baseline_v2,10000.0,10000.0,10000.0,0.0,1.0,0.0,0
2026-04-10,original_baseline_v2,10000.0,10000.0,10000.0,0.0,1.0,0.0,0
2026-04-13,original_baseline_v2,10000.0,10000.0,10000.0,0.0,1.0,0.0,0
2026-04-14,original_baseline_v2,10000.0,10000.0,10000.0,0.0,1.0,0.0,0
2026-04-15,original_baseline_v2,10000.0,10000.0,10000.0,0.0,1.0,0.0,0
2026-04-16,original_baseline_v2,10000.0,10000.0,10000.0,0.0,1.0,0.0,0
2026-04-17,original_baseline_v2,10000.0,10000.0,10000.0,0.0,1.0,0.0,0
2026-04-20,original_baseline_v2,10000.0,10000.0,10000.0,0.0,1.0,0.0,0
2026-04-21,original_baseline_v2,10000.0,10000.0,10000.0,0.0,1.0,0.0,0
2026-04-22,original_baseline_v2,10000.0,10000.0,10000.0,0.0,1.0,0.0,0
2026-04-23,original_baseline_v2,10000.0,10000.0,10000.0,0.0,1.0,0.0,0
2026-04-24,original_baseline_v2,10000.0,10000.0,10000.0,0.0,1.0,0.0,0
2026-04-27,original_baseline_v2,10000.0,10000.0,10000.0,0.0,1.0,0.0,0
2026-04-28,original_baseline_v2,10000.0,10000.0,10000.0,0.0,1.0,0.0,0
2026-04-29,original_baseline_v2,10000.0,10000.0,10000.0,0.0,1.0,0.0,0
2026-04-30,original_baseline_v2,10000.0,10000.0,10000.0,0.0,1.0,0.0,0
2026-05-06,original_baseline_v2,10000.0,10000.0,10000.0,0.0,1.0,0.0,0
2026-05-07,original_baseline_v2,10000.0,10000.0,10000.0,0.0,1.0,0.0,0
2026-05-08,original_baseline_v2,10000.0,10000.0,10000.0,0.0,1.0,0.0,0
2026-05-11,original_baseline_v2,10000.0,10000.0,10000.0,0.0,1.0,0.0,0
2026-05-12,original_baseline_v2,10000.0,10000.0,10000.0,0.0,1.0,0.0,0
2026-05-13,original_baseline_v2,10000.0,10000.0,10000.0,0.0,1.0,0.0,0
2026-05-14,original_baseline_v2,10000.0,10000.0,10000.0,0.0,1.0,0.0,0
2026-05-15,original_baseline_v2,10000.0,10000.0,10000.0,0.0,1.0,0.0,0
2026-05-18,original_baseline_v2,10000.0,10000.0,10000.0,0.0,1.0,0.0,0
2026-05-19,original_baseline_v2,10000.0,10000.0,10000.0,0.0,1.0,0.0,0
2026-05-20,original_baseline_v2,10000.0,10000.0,10000.0,0.0,1.0,0.0,0
2026-05-21,original_baseline_v2,10000.0,10000.0,10000.0,0.0,1.0,0.0,0
2026-05-22,original_baseline_v2,10000.0,10000.0,10000.0,0.0,1.0,0.0,0
2026-05-25,original_baseline_v2,10000.0,10000.0,10000.0,0.0,1.0,0.0,0
2026-05-26,original_baseline_v2,10000.0,10000.0,10000.0,0.0,1.0,0.0,0
2026-05-27,original_baseline_v2,10000.0,10000.0,10000.0,0.0,1.0,0.0,0
2026-05-28,original_baseline_v2,10000.0,10000.0,10000.0,0.0,1.0,0.0,0
2026-05-29,original_baseline_v2,10000.0,10000.0,10000.0,0.0,1.0,0.0,0
2026-06-01,original_baseline_v2,10000.0,10000.0,10000.0,0.0,1.0,0.0,0
2026-06-02,original_baseline_v2,10000.0,10000.0,10000.0,0.0,1.0,0.0,0
2026-06-03,original_baseline_v2,10000.0,10000.0,10000.0,0.0,1.0,0.0,0
2026-06-04,original_baseline_v2,10000.0,10000.0,10000.0,0.0,1.0,0.0,0
2026-06-05,original_baseline_v2,10000.0,10000.0,10000.0,0.0,1.0,0.0,0
2026-06-08,original_baseline_v2,10000.0,10000.0,10000.0,0.0,1.0,0.0,0
2026-06-09,original_baseline_v2,10000.0,10000.0,10000.0,0.0,1.0,0.0,0
2026-06-10,original_baseline_v2,10000.0,10000.0,10000.0,0.0,1.0,0.0,0
2026-06-11,original_baseline_v2,10000.0,10000.0,10000.0,0.0,1.0,0.0,0
2026-06-12,original_baseline_v2,10000.0,10000.0,10000.0,0.0,1.0,0.0,0
2026-06-15,original_baseline_v2,10000.0,10000.0,10000.0,0.0,1.0,0.0,0
2026-06-16,original_baseline_v2,10000.0,10000.0,10000.0,0.0,1.0,0.0,0
2026-06-17,original_baseline_v2,10000.0,10000.0,10000.0,0.0,1.0,0.0,0
2026-06-18,original_baseline_v2,10000.0,10000.0,10000.0,0.0,1.0,0.0,0
2025-05-30,adjusted_preview_baseline_v2,10000.0,10000.0,10000.0,0.0,1.0,0.0,0
2025-05-30,adjusted_preview_baseline_v2,10000.0,10000.0,10000.0,0.0,1.0,0.0,0
2025-06-03,adjusted_preview_baseline_v2,10000.0,10000.0,10000.0,0.0,1.0,0.0,0
2025-06-04,adjusted_preview_baseline_v2,10000.0,10000.0,10000.0,0.0,1.0,0.0,0
2025-06-05,adjusted_preview_baseline_v2,10000.0,10000.0,10000.0,0.0,1.0,0.0,0
2025-06-06,adjusted_preview_baseline_v2,10000.0,10000.0,10000.0,0.0,1.0,0.0,0
2025-06-09,adjusted_preview_baseline_v2,10000.0,10000.0,10000.0,0.0,1.0,0.0,0
2025-06-10,adjusted_preview_baseline_v2,10000.0,10000.0,10000.0,0.0,1.0,0.0,0
2025-06-11,adjusted_preview_baseline_v2,10000.0,10000.0,10000.0,0.0,1.0,0.0,0
2025-06-12,adjusted_preview_baseline_v2,10000.0,10000.0,10000.0,0.0,1.0,0.0,0
2025-06-13,adjusted_preview_baseline_v2,10000.0,10000.0,10000.0,0.0,1.0,0.0,0
2025-06-16,adjusted_preview_baseline_v2,10000.0,10000.0,10000.0,0.0,1.0,0.0,0
2025-06-17,adjusted_preview_baseline_v2,10000.0,10000.0,10000.0,0.0,1.0,0.0,0
2025-06-18,adjusted_preview_baseline_v2,10000.0,10000.0,10000.0,0.0,1.0,0.0,0
2025-06-19,adjusted_preview_baseline_v2,10000.0,10000.0,10000.0,0.0,1.0,0.0,0
2025-06-20,adjusted_preview_baseline_v2,10000.0,10000.0,10000.0,0.0,1.0,0.0,0
2025-06-23,adjusted_preview_baseline_v2,10000.0,10000.0,10000.0,0.0,1.0,0.0,0
2025-06-24,adjusted_preview_baseline_v2,10000.0,10000.0,10000.0,0.0,1.0,0.0,0
2025-06-25,adjusted_preview_baseline_v2,10000.0,10000.0,10000.0,0.0,1.0,0.0,0
2025-06-26,adjusted_preview_baseline_v2,10000.0,10000.0,10000.0,0.0,1.0,0.0,0
2025-06-27,adjusted_preview_baseline_v2,10000.0,10000.0,10000.0,0.0,1.0,0.0,0
2025-06-30,adjusted_preview_baseline_v2,10000.0,10000.0,10000.0,0.0,1.0,0.0,0
2025-07-01,adjusted_preview_baseline_v2,10000.0,10000.0,10000.0,0.0,1.0,0.0,0
2025-07-02,adjusted_preview_baseline_v2,10000.0,10000.0,10000.0,0.0,1.0,0.0,0
2025-07-03,adjusted_preview_baseline_v2,10000.0,10000.0,10000.0,0.0,1.0,0.0,0
2025-07-04,adjusted_preview_baseline_v2,10000.0,10000.0,10000.0,0.0,1.0,0.0,0
2025-07-07,adjusted_preview_baseline_v2,10000.0,10000.0,10000.0,0.0,1.0,0.0,0
2025-07-08,adjusted_preview_baseline_v2,10000.0,10000.0,10000.0,0.0,1.0,0.0,0
2025-07-09,adjusted_preview_baseline_v2,10000.0,10000.0,10000.0,0.0,1.0,0.0,0
2025-07-10,adjusted_preview_baseline_v2,10000.0,10000.0,10000.0,0.0,1.0,0.0,0
2025-07-11,adjusted_preview_baseline_v2,10000.0,10000.0,10000.0,0.0,1.0,0.0,0
2025-07-14,adjusted_preview_baseline_v2,10000.0,10000.0,10000.0,0.0,1.0,0.0,0
2025-07-15,adjusted_preview_baseline_v2,10000.0,10000.0,10000.0,0.0,1.0,0.0,0
2025-07-16,adjusted_preview_baseline_v2,10000.0,10000.0,10000.0,0.0,1.0,0.0,0
2025-07-17,adjusted_preview_baseline_v2,10000.0,10000.0,10000.0,0.0,1.0,0.0,0
2025-07-18,adjusted_preview_baseline_v2,10000.0,10000.0,10000.0,0.0,1.0,0.0,0
2025-07-21,adjusted_preview_baseline_v2,10000.0,10000.0,10000.0,0.0,1.0,0.0,0
2025-07-22,adjusted_preview_baseline_v2,10000.0,10000.0,10000.0,0.0,1.0,0.0,0
2025-07-23,adjusted_preview_baseline_v2,10000.0,10000.0,10000.0,0.0,1.0,0.0,0
2025-07-24,adjusted_preview_baseline_v2,10000.0,10000.0,10000.0,0.0,1.0,0.0,0
2025-07-25,adjusted_preview_baseline_v2,10000.0,10000.0,10000.0,0.0,1.0,0.0,0
2025-07-28,adjusted_preview_baseline_v2,10000.0,10000.0,10000.0,0.0,1.0,0.0,0
2025-07-29,adjusted_preview_baseline_v2,10000.0,10000.0,10000.0,0.0,1.0,0.0,0
2025-07-30,adjusted_preview_baseline_v2,10000.0,10000.0,10000.0,0.0,1.0,0.0,0
2025-07-31,adjusted_preview_baseline_v2,10000.0,10000.0,10000.0,0.0,1.0,0.0,0
2025-08-01,adjusted_preview_baseline_v2,10000.0,10000.0,10000.0,0.0,1.0,0.0,0
2025-08-04,adjusted_preview_baseline_v2,10000.0,10000.0,10000.0,0.0,1.0,0.0,0
2025-08-05,adjusted_preview_baseline_v2,10000.0,10000.0,10000.0,0.0,1.0,0.0,0
2025-08-06,adjusted_preview_baseline_v2,10000.0,10000.0,10000.0,0.0,1.0,0.0,0
2025-08-07,adjusted_preview_baseline_v2,10000.0,10000.0,10000.0,0.0,1.0,0.0,0
2025-08-08,adjusted_preview_baseline_v2,10000.0,10000.0,10000.0,0.0,1.0,0.0,0
2025-08-11,adjusted_preview_baseline_v2,10000.0,10000.0,10000.0,0.0,1.0,0.0,0
2025-08-12,adjusted_preview_baseline_v2,10000.0,10000.0,10000.0,0.0,1.0,0.0,0
2025-08-13,adjusted_preview_baseline_v2,10000.0,10000.0,10000.0,0.0,1.0,0.0,0
2025-08-14,adjusted_preview_baseline_v2,10000.0,10000.0,10000.0,0.0,1.0,0.0,0
2025-08-15,adjusted_preview_baseline_v2,10000.0,10000.0,10000.0,0.0,1.0,0.0,0
2025-08-18,adjusted_preview_baseline_v2,10000.0,10000.0,10000.0,0.0,1.0,0.0,0
2025-08-19,adjusted_preview_baseline_v2,10000.0,10000.0,10000.0,0.0,1.0,0.0,0
2025-08-20,adjusted_preview_baseline_v2,10000.0,10000.0,10000.0,0.0,1.0,0.0,0
2025-08-21,adjusted_preview_baseline_v2,10000.0,10000.0,10000.0,0.0,1.0,0.0,0
2025-08-22,adjusted_preview_baseline_v2,10000.0,10000.0,10000.0,0.0,1.0,0.0,0
2025-08-25,adjusted_preview_baseline_v2,10000.0,10000.0,10000.0,0.0,1.0,0.0,0
2025-08-26,adjusted_preview_baseline_v2,10000.0,10000.0,10000.0,0.0,1.0,0.0,0
2025-08-27,adjusted_preview_baseline_v2,10000.0,10000.0,10000.0,0.0,1.0,0.0,0
2025-08-28,adjusted_preview_baseline_v2,10000.0,10000.0,10000.0,0.0,1.0,0.0,0
2025-08-29,adjusted_preview_baseline_v2,10000.0,10000.0,10000.0,0.0,1.0,0.0,0
2025-09-01,adjusted_preview_baseline_v2,10000.0,10000.0,10000.0,0.0,1.0,0.0,0
2025-09-02,adjusted_preview_baseline_v2,10000.0,10000.0,10000.0,0.0,1.0,0.0,0
2025-09-03,adjusted_preview_baseline_v2,10000.0,10000.0,10000.0,0.0,1.0,0.0,0
2025-09-04,adjusted_preview_baseline_v2,10000.0,10000.0,10000.0,0.0,1.0,0.0,0
2025-09-05,adjusted_preview_baseline_v2,10000.0,10000.0,10000.0,0.0,1.0,0.0,0
2025-09-08,adjusted_preview_baseline_v2,10000.0,10000.0,10000.0,0.0,1.0,0.0,0
2025-09-09,adjusted_preview_baseline_v2,10000.0,10000.0,10000.0,0.0,1.0,0.0,0
2025-09-10,adjusted_preview_baseline_v2,10000.0,10000.0,10000.0,0.0,1.0,0.0,0
2025-09-11,adjusted_preview_baseline_v2,10000.0,10000.0,10000.0,0.0,1.0,0.0,0
2025-09-12,adjusted_preview_baseline_v2,10000.0,10000.0,10000.0,0.0,1.0,0.0,0
2025-09-15,adjusted_preview_baseline_v2,10000.0,10000.0,10000.0,0.0,1.0,0.0,0
2025-09-16,adjusted_preview_baseline_v2,10000.0,10000.0,10000.0,0.0,1.0,0.0,0
2025-09-17,adjusted_preview_baseline_v2,10000.0,10000.0,10000.0,0.0,1.0,0.0,0
2025-09-18,adjusted_preview_baseline_v2,10000.0,10000.0,10000.0,0.0,1.0,0.0,0
2025-09-19,adjusted_preview_baseline_v2,10000.0,10000.0,10000.0,0.0,1.0,0.0,0
2025-09-22,adjusted_preview_baseline_v2,10000.0,10000.0,10000.0,0.0,1.0,0.0,0
2025-09-23,adjusted_preview_baseline_v2,10000.0,10000.0,10000.0,0.0,1.0,0.0,0
2025-09-24,adjusted_preview_baseline_v2,10000.0,10000.0,10000.0,0.0,1.0,0.0,0
2025-09-25,adjusted_preview_baseline_v2,10000.0,10000.0,10000.0,0.0,1.0,0.0,0
2025-09-26,adjusted_preview_baseline_v2,10000.0,10000.0,10000.0,0.0,1.0,0.0,0
2025-09-29,adjusted_preview_baseline_v2,10000.0,10000.0,10000.0,0.0,1.0,0.0,0
2025-09-30,adjusted_preview_baseline_v2,10000.0,10000.0,10000.0,0.0,1.0,0.0,0
2025-10-09,adjusted_preview_baseline_v2,10000.0,10000.0,10000.0,0.0,1.0,0.0,0
2025-10-10,adjusted_preview_baseline_v2,10000.0,10000.0,10000.0,0.0,1.0,0.0,0
2025-10-13,adjusted_preview_baseline_v2,10000.0,10000.0,10000.0,0.0,1.0,0.0,0
2025-10-14,adjusted_preview_baseline_v2,10000.0,10000.0,10000.0,0.0,1.0,0.0,0
2025-10-15,adjusted_preview_baseline_v2,10000.0,10000.0,10000.0,0.0,1.0,0.0,0
2025-10-16,adjusted_preview_baseline_v2,10000.0,10000.0,10000.0,0.0,1.0,0.0,0
2025-10-17,adjusted_preview_baseline_v2,10000.0,10000.0,10000.0,0.0,1.0,0.0,0
2025-10-20,adjusted_preview_baseline_v2,10000.0,10000.0,10000.0,0.0,1.0,0.0,0
2025-10-21,adjusted_preview_baseline_v2,10000.0,10000.0,10000.0,0.0,1.0,0.0,0
2025-10-22,adjusted_preview_baseline_v2,10000.0,10000.0,10000.0,0.0,1.0,0.0,0
2025-10-23,adjusted_preview_baseline_v2,10000.0,10000.0,10000.0,0.0,1.0,0.0,0
2025-10-24,adjusted_preview_baseline_v2,10000.0,10000.0,10000.0,0.0,1.0,0.0,0
2025-10-27,adjusted_preview_baseline_v2,10000.0,10000.0,10000.0,0.0,1.0,0.0,0
2025-10-28,adjusted_preview_baseline_v2,10000.0,10000.0,10000.0,0.0,1.0,0.0,0
2025-10-29,adjusted_preview_baseline_v2,10000.0,10000.0,10000.0,0.0,1.0,0.0,0
2025-10-30,adjusted_preview_baseline_v2,10000.0,10000.0,10000.0,0.0,1.0,0.0,0
2025-10-31,adjusted_preview_baseline_v2,10000.0,10000.0,10000.0,0.0,1.0,0.0,0
2025-11-03,adjusted_preview_baseline_v2,10000.0,10000.0,10000.0,0.0,1.0,0.0,0
2025-11-04,adjusted_preview_baseline_v2,10000.0,10000.0,10000.0,0.0,1.0,0.0,0
2025-11-05,adjusted_preview_baseline_v2,10000.0,10000.0,10000.0,0.0,1.0,0.0,0
2025-11-06,adjusted_preview_baseline_v2,10000.0,10000.0,10000.0,0.0,1.0,0.0,0
2025-11-07,adjusted_preview_baseline_v2,10000.0,10000.0,10000.0,0.0,1.0,0.0,0
2025-11-10,adjusted_preview_baseline_v2,10000.0,10000.0,10000.0,0.0,1.0,0.0,0
2025-11-11,adjusted_preview_baseline_v2,10000.0,10000.0,10000.0,0.0,1.0,0.0,0
2025-11-12,adjusted_preview_baseline_v2,10000.0,10000.0,10000.0,0.0,1.0,0.0,0
2025-11-13,adjusted_preview_baseline_v2,10000.0,10000.0,10000.0,0.0,1.0,0.0,0
2025-11-14,adjusted_preview_baseline_v2,10000.0,10000.0,10000.0,0.0,1.0,0.0,0
2025-11-17,adjusted_preview_baseline_v2,10000.0,10000.0,10000.0,0.0,1.0,0.0,0
2025-11-18,adjusted_preview_baseline_v2,10000.0,10000.0,10000.0,0.0,1.0,0.0,0
2025-11-19,adjusted_preview_baseline_v2,10000.0,10000.0,10000.0,0.0,1.0,0.0,0
2025-11-20,adjusted_preview_baseline_v2,10000.0,10000.0,10000.0,0.0,1.0,0.0,0
2025-11-21,adjusted_preview_baseline_v2,10000.0,10000.0,10000.0,0.0,1.0,0.0,0
2025-11-24,adjusted_preview_baseline_v2,10000.0,10000.0,10000.0,0.0,1.0,0.0,0
2025-11-25,adjusted_preview_baseline_v2,10000.0,10000.0,10000.0,0.0,1.0,0.0,0
2025-11-26,adjusted_preview_baseline_v2,10000.0,10000.0,10000.0,0.0,1.0,0.0,0
2025-11-27,adjusted_preview_baseline_v2,10000.0,10000.0,10000.0,0.0,1.0,0.0,0
2025-11-28,adjusted_preview_baseline_v2,10000.0,10000.0,10000.0,0.0,1.0,0.0,0
2025-12-01,adjusted_preview_baseline_v2,10000.0,10000.0,10000.0,0.0,1.0,0.0,0
2025-12-02,adjusted_preview_baseline_v2,10000.0,10000.0,10000.0,0.0,1.0,0.0,0
2025-12-03,adjusted_preview_baseline_v2,10000.0,10000.0,10000.0,0.0,1.0,0.0,0
2025-12-04,adjusted_preview_baseline_v2,10000.0,10000.0,10000.0,0.0,1.0,0.0,0
2025-12-05,adjusted_preview_baseline_v2,10000.0,10000.0,10000.0,0.0,1.0,0.0,0
2025-12-08,adjusted_preview_baseline_v2,10000.0,10000.0,10000.0,0.0,1.0,0.0,0
2025-12-09,adjusted_preview_baseline_v2,10000.0,10000.0,10000.0,0.0,1.0,0.0,0
2025-12-10,adjusted_preview_baseline_v2,10000.0,10000.0,10000.0,0.0,1.0,0.0,0
2025-12-11,adjusted_preview_baseline_v2,10000.0,10000.0,10000.0,0.0,1.0,0.0,0
2025-12-12,adjusted_preview_baseline_v2,10000.0,10000.0,10000.0,0.0,1.0,0.0,0
2025-12-15,adjusted_preview_baseline_v2,10000.0,10000.0,10000.0,0.0,1.0,0.0,0
2025-12-16,adjusted_preview_baseline_v2,10000.0,10000.0,10000.0,0.0,1.0,0.0,0
2025-12-17,adjusted_preview_baseline_v2,10000.0,10000.0,10000.0,0.0,1.0,0.0,0
2025-12-18,adjusted_preview_baseline_v2,10000.0,10000.0,10000.0,0.0,1.0,0.0,0
2025-12-19,adjusted_preview_baseline_v2,10000.0,10000.0,10000.0,0.0,1.0,0.0,0
2025-12-22,adjusted_preview_baseline_v2,10000.0,10000.0,10000.0,0.0,1.0,0.0,0
2025-12-23,adjusted_preview_baseline_v2,10000.0,10000.0,10000.0,0.0,1.0,0.0,0
2025-12-24,adjusted_preview_baseline_v2,10000.0,10000.0,10000.0,0.0,1.0,0.0,0
2025-12-25,adjusted_preview_baseline_v2,10000.0,10000.0,10000.0,0.0,1.0,0.0,0
2025-12-26,adjusted_preview_baseline_v2,10000.0,10000.0,10000.0,0.0,1.0,0.0,0
2025-12-29,adjusted_preview_baseline_v2,10000.0,10000.0,10000.0,0.0,1.0,0.0,0
2025-12-30,adjusted_preview_baseline_v2,10000.0,10000.0,10000.0,0.0,1.0,0.0,0
2025-12-31,adjusted_preview_baseline_v2,10000.0,10000.0,10000.0,0.0,1.0,0.0,0
2026-01-05,adjusted_preview_baseline_v2,10000.0,10000.0,10000.0,0.0,1.0,0.0,0
2026-01-06,adjusted_preview_baseline_v2,10000.0,10000.0,10000.0,0.0,1.0,0.0,0
2026-01-07,adjusted_preview_baseline_v2,10000.0,10000.0,10000.0,0.0,1.0,0.0,0
2026-01-08,adjusted_preview_baseline_v2,10000.0,10000.0,10000.0,0.0,1.0,0.0,0
2026-01-09,adjusted_preview_baseline_v2,10000.0,10000.0,10000.0,0.0,1.0,0.0,0
2026-01-12,adjusted_preview_baseline_v2,10000.0,10000.0,10000.0,0.0,1.0,0.0,0
2026-01-13,adjusted_preview_baseline_v2,10000.0,10000.0,10000.0,0.0,1.0,0.0,0
2026-01-14,adjusted_preview_baseline_v2,10000.0,10000.0,10000.0,0.0,1.0,0.0,0
2026-01-15,adjusted_preview_baseline_v2,10000.0,10000.0,10000.0,0.0,1.0,0.0,0
2026-01-16,adjusted_preview_baseline_v2,10000.0,10000.0,10000.0,0.0,1.0,0.0,0
2026-01-19,adjusted_preview_baseline_v2,10000.0,10000.0,10000.0,0.0,1.0,0.0,0
2026-01-20,adjusted_preview_baseline_v2,10000.0,10000.0,10000.0,0.0,1.0,0.0,0
2026-01-21,adjusted_preview_baseline_v2,10000.0,10000.0,10000.0,0.0,1.0,0.0,0
2026-01-22,adjusted_preview_baseline_v2,10000.0,10000.0,10000.0,0.0,1.0,0.0,0
2026-01-23,adjusted_preview_baseline_v2,10000.0,10000.0,10000.0,0.0,1.0,0.0,0
2026-01-26,adjusted_preview_baseline_v2,10000.0,10000.0,10000.0,0.0,1.0,0.0,0
2026-01-27,adjusted_preview_baseline_v2,10000.0,10000.0,10000.0,0.0,1.0,0.0,0
2026-01-28,adjusted_preview_baseline_v2,10000.0,10000.0,10000.0,0.0,1.0,0.0,0
2026-01-29,adjusted_preview_baseline_v2,10000.0,10000.0,10000.0,0.0,1.0,0.0,0
2026-01-30,adjusted_preview_baseline_v2,10000.0,10000.0,10000.0,0.0,1.0,0.0,0
2026-02-02,adjusted_preview_baseline_v2,10000.0,10000.0,10000.0,0.0,1.0,0.0,0
2026-02-03,adjusted_preview_baseline_v2,10000.0,10000.0,10000.0,0.0,1.0,0.0,0
2026-02-04,adjusted_preview_baseline_v2,10000.0,10000.0,10000.0,0.0,1.0,0.0,0
2026-02-05,adjusted_preview_baseline_v2,10000.0,10000.0,10000.0,0.0,1.0,0.0,0
2026-02-06,adjusted_preview_baseline_v2,10000.0,10000.0,10000.0,0.0,1.0,0.0,0
2026-02-09,adjusted_preview_baseline_v2,10000.0,10000.0,10000.0,0.0,1.0,0.0,0
2026-02-10,adjusted_preview_baseline_v2,10000.0,10000.0,10000.0,0.0,1.0,0.0,0
2026-02-11,adjusted_preview_baseline_v2,10000.0,10000.0,10000.0,0.0,1.0,0.0,0
2026-02-12,adjusted_preview_baseline_v2,10000.0,10000.0,10000.0,0.0,1.0,0.0,0
2026-02-13,adjusted_preview_baseline_v2,10000.0,10000.0,10000.0,0.0,1.0,0.0,0
2026-02-24,adjusted_preview_baseline_v2,10000.0,10000.0,10000.0,0.0,1.0,0.0,0
2026-02-25,adjusted_preview_baseline_v2,10000.0,10000.0,10000.0,0.0,1.0,0.0,0
2026-02-26,adjusted_preview_baseline_v2,10000.0,10000.0,10000.0,0.0,1.0,0.0,0
2026-02-27,adjusted_preview_baseline_v2,10000.0,10000.0,10000.0,0.0,1.0,0.0,0
2026-03-02,adjusted_preview_baseline_v2,10000.0,10000.0,10000.0,0.0,1.0,0.0,0
2026-03-03,adjusted_preview_baseline_v2,10000.0,10000.0,10000.0,0.0,1.0,0.0,0
2026-03-04,adjusted_preview_baseline_v2,10000.0,10000.0,10000.0,0.0,1.0,0.0,0
2026-03-05,adjusted_preview_baseline_v2,10000.0,10000.0,10000.0,0.0,1.0,0.0,0
2026-03-06,adjusted_preview_baseline_v2,10000.0,10000.0,10000.0,0.0,1.0,0.0,0
2026-03-09,adjusted_preview_baseline_v2,10000.0,10000.0,10000.0,0.0,1.0,0.0,0
2026-03-10,adjusted_preview_baseline_v2,10000.0,10000.0,10000.0,0.0,1.0,0.0,0
2026-03-11,adjusted_preview_baseline_v2,10000.0,10000.0,10000.0,0.0,1.0,0.0,0
2026-03-12,adjusted_preview_baseline_v2,10000.0,10000.0,10000.0,0.0,1.0,0.0,0
2026-03-13,adjusted_preview_baseline_v2,10000.0,10000.0,10000.0,0.0,1.0,0.0,0
2026-03-16,adjusted_preview_baseline_v2,10000.0,10000.0,10000.0,0.0,1.0,0.0,0
2026-03-17,adjusted_preview_baseline_v2,10000.0,10000.0,10000.0,0.0,1.0,0.0,0
2026-03-18,adjusted_preview_baseline_v2,10000.0,10000.0,10000.0,0.0,1.0,0.0,0
2026-03-19,adjusted_preview_baseline_v2,10000.0,10000.0,10000.0,0.0,1.0,0.0,0
2026-03-20,adjusted_preview_baseline_v2,10000.0,10000.0,10000.0,0.0,1.0,0.0,0
2026-03-23,adjusted_preview_baseline_v2,10000.0,10000.0,10000.0,0.0,1.0,0.0,0
2026-03-24,adjusted_preview_baseline_v2,10000.0,10000.0,10000.0,0.0,1.0,0.0,0
2026-03-25,adjusted_preview_baseline_v2,10000.0,10000.0,10000.0,0.0,1.0,0.0,0
2026-03-26,adjusted_preview_baseline_v2,10000.0,10000.0,10000.0,0.0,1.0,0.0,0
2026-03-27,adjusted_preview_baseline_v2,10000.0,10000.0,10000.0,0.0,1.0,0.0,0
2026-03-30,adjusted_preview_baseline_v2,10000.0,10000.0,10000.0,0.0,1.0,0.0,0
2026-03-31,adjusted_preview_baseline_v2,10000.0,10000.0,10000.0,0.0,1.0,0.0,0
2026-04-01,adjusted_preview_baseline_v2,10000.0,10000.0,10000.0,0.0,1.0,0.0,0
2026-04-02,adjusted_preview_baseline_v2,10000.0,10000.0,10000.0,0.0,1.0,0.0,0
2026-04-03,adjusted_preview_baseline_v2,10000.0,10000.0,10000.0,0.0,1.0,0.0,0
2026-04-07,adjusted_preview_baseline_v2,10000.0,10000.0,10000.0,0.0,1.0,0.0,0
2026-04-08,adjusted_preview_baseline_v2,10000.0,10000.0,10000.0,0.0,1.0,0.0,0
2026-04-09,adjusted_preview_baseline_v2,10000.0,10000.0,10000.0,0.0,1.0,0.0,0
2026-04-10,adjusted_preview_baseline_v2,10000.0,10000.0,10000.0,0.0,1.0,0.0,0
2026-04-13,adjusted_preview_baseline_v2,10000.0,10000.0,10000.0,0.0,1.0,0.0,0
2026-04-14,adjusted_preview_baseline_v2,10000.0,10000.0,10000.0,0.0,1.0,0.0,0
2026-04-15,adjusted_preview_baseline_v2,10000.0,10000.0,10000.0,0.0,1.0,0.0,0
2026-04-16,adjusted_preview_baseline_v2,10000.0,10000.0,10000.0,0.0,1.0,0.0,0
2026-04-17,adjusted_preview_baseline_v2,10000.0,10000.0,10000.0,0.0,1.0,0.0,0
2026-04-20,adjusted_preview_baseline_v2,10000.0,10000.0,10000.0,0.0,1.0,0.0,0
2026-04-21,adjusted_preview_baseline_v2,10000.0,10000.0,10000.0,0.0,1.0,0.0,0
2026-04-22,adjusted_preview_baseline_v2,10000.0,10000.0,10000.0,0.0,1.0,0.0,0
2026-04-23,adjusted_preview_baseline_v2,10000.0,10000.0,10000.0,0.0,1.0,0.0,0
2026-04-24,adjusted_preview_baseline_v2,10000.0,10000.0,10000.0,0.0,1.0,0.0,0
2026-04-27,adjusted_preview_baseline_v2,10000.0,10000.0,10000.0,0.0,1.0,0.0,0
2026-04-28,adjusted_preview_baseline_v2,10000.0,10000.0,10000.0,0.0,1.0,0.0,0
2026-04-29,adjusted_preview_baseline_v2,10000.0,10000.0,10000.0,0.0,1.0,0.0,0
2026-04-30,adjusted_preview_baseline_v2,10000.0,10000.0,10000.0,0.0,1.0,0.0,0
2026-05-06,adjusted_preview_baseline_v2,10000.0,10000.0,10000.0,0.0,1.0,0.0,0
2026-05-07,adjusted_preview_baseline_v2,10000.0,10000.0,10000.0,0.0,1.0,0.0,0
2026-05-08,adjusted_preview_baseline_v2,10000.0,10000.0,10000.0,0.0,1.0,0.0,0
2026-05-11,adjusted_preview_baseline_v2,10000.0,10000.0,10000.0,0.0,1.0,0.0,0
2026-05-12,adjusted_preview_baseline_v2,10000.0,10000.0,10000.0,0.0,1.0,0.0,0
2026-05-13,adjusted_preview_baseline_v2,10000.0,10000.0,10000.0,0.0,1.0,0.0,0
2026-05-14,adjusted_preview_baseline_v2,10000.0,10000.0,10000.0,0.0,1.0,0.0,0
2026-05-15,adjusted_preview_baseline_v2,10000.0,10000.0,10000.0,0.0,1.0,0.0,0
2026-05-18,adjusted_preview_baseline_v2,10000.0,10000.0,10000.0,0.0,1.0,0.0,0
2026-05-19,adjusted_preview_baseline_v2,10000.0,10000.0,10000.0,0.0,1.0,0.0,0
2026-05-20,adjusted_preview_baseline_v2,10000.0,10000.0,10000.0,0.0,1.0,0.0,0
2026-05-21,adjusted_preview_baseline_v2,10000.0,10000.0,10000.0,0.0,1.0,0.0,0
2026-05-22,adjusted_preview_baseline_v2,10000.0,10000.0,10000.0,0.0,1.0,0.0,0
2026-05-25,adjusted_preview_baseline_v2,10000.0,10000.0,10000.0,0.0,1.0,0.0,0
2026-05-26,adjusted_preview_baseline_v2,10000.0,10000.0,10000.0,0.0,1.0,0.0,0
2026-05-27,adjusted_preview_baseline_v2,10000.0,10000.0,10000.0,0.0,1.0,0.0,0
2026-05-28,adjusted_preview_baseline_v2,10000.0,10000.0,10000.0,0.0,1.0,0.0,0
2026-05-29,adjusted_preview_baseline_v2,10000.0,10000.0,10000.0,0.0,1.0,0.0,0
2026-06-01,adjusted_preview_baseline_v2,10000.0,10000.0,10000.0,0.0,1.0,0.0,0
2026-06-02,adjusted_preview_baseline_v2,10000.0,10000.0,10000.0,0.0,1.0,0.0,0
2026-06-03,adjusted_preview_baseline_v2,10000.0,10000.0,10000.0,0.0,1.0,0.0,0
2026-06-04,adjusted_preview_baseline_v2,10000.0,10000.0,10000.0,0.0,1.0,0.0,0
2026-06-05,adjusted_preview_baseline_v2,10000.0,10000.0,10000.0,0.0,1.0,0.0,0
2026-06-08,adjusted_preview_baseline_v2,10000.0,10000.0,10000.0,0.0,1.0,0.0,0
2026-06-09,adjusted_preview_baseline_v2,10000.0,10000.0,10000.0,0.0,1.0,0.0,0
2026-06-10,adjusted_preview_baseline_v2,10000.0,10000.0,10000.0,0.0,1.0,0.0,0
2026-06-11,adjusted_preview_baseline_v2,10000.0,10000.0,10000.0,0.0,1.0,0.0,0
2026-06-12,adjusted_preview_baseline_v2,10000.0,10000.0,10000.0,0.0,1.0,0.0,0
2026-06-15,adjusted_preview_baseline_v2,10000.0,10000.0,10000.0,0.0,1.0,0.0,0
2026-06-16,adjusted_preview_baseline_v2,10000.0,10000.0,10000.0,0.0,1.0,0.0,0
2026-06-17,adjusted_preview_baseline_v2,10000.0,10000.0,10000.0,0.0,1.0,0.0,0
2026-06-18,adjusted_preview_baseline_v2,10000.0,10000.0,10000.0,0.0,1.0,0.0,0
2025-05-30,momentum_trend_confirmation_v2,10000.0,10000.0,10000.0,0.0,1.0,0.0,0
2025-05-30,momentum_trend_confirmation_v2,10000.0,10000.0,10000.0,0.0,1.0,0.0,0
2025-06-03,momentum_trend_confirmation_v2,10000.0,10000.0,10000.0,0.0,1.0,0.0,0
2025-06-04,momentum_trend_confirmation_v2,10000.0,10000.0,10000.0,0.0,1.0,0.0,0
2025-06-05,momentum_trend_confirmation_v2,10000.0,10000.0,10000.0,0.0,1.0,0.0,0
2025-06-06,momentum_trend_confirmation_v2,10000.0,10000.0,10000.0,0.0,1.0,0.0,0
2025-06-09,momentum_trend_confirmation_v2,10000.0,10000.0,10000.0,0.0,1.0,0.0,0
2025-06-10,momentum_trend_confirmation_v2,10000.0,10000.0,10000.0,0.0,1.0,0.0,0
2025-06-11,momentum_trend_confirmation_v2,10000.0,10000.0,10000.0,0.0,1.0,0.0,0
2025-06-12,momentum_trend_confirmation_v2,10000.0,10000.0,10000.0,0.0,1.0,0.0,0
2025-06-13,momentum_trend_confirmation_v2,10000.0,10000.0,10000.0,0.0,1.0,0.0,0
2025-06-16,momentum_trend_confirmation_v2,10000.0,10000.0,10000.0,0.0,1.0,0.0,0
2025-06-17,momentum_trend_confirmation_v2,10000.0,10000.0,10000.0,0.0,1.0,0.0,0
2025-06-18,momentum_trend_confirmation_v2,10000.0,10000.0,10000.0,0.0,1.0,0.0,0
2025-06-19,momentum_trend_confirmation_v2,10000.0,10000.0,10000.0,0.0,1.0,0.0,0
2025-06-20,momentum_trend_confirmation_v2,10000.0,10000.0,10000.0,0.0,1.0,0.0,0
2025-06-23,momentum_trend_confirmation_v2,10000.0,10000.0,10000.0,0.0,1.0,0.0,0
2025-06-24,momentum_trend_confirmation_v2,10000.0,10000.0,10000.0,0.0,1.0,0.0,0
2025-06-25,momentum_trend_confirmation_v2,10000.0,10000.0,10000.0,0.0,1.0,0.0,0
2025-06-26,momentum_trend_confirmation_v2,10000.0,10000.0,10000.0,0.0,1.0,0.0,0
2025-06-27,momentum_trend_confirmation_v2,10000.0,10000.0,10000.0,0.0,1.0,0.0,0
2025-06-30,momentum_trend_confirmation_v2,10000.0,10000.0,10000.0,0.0,1.0,0.0,0
2025-07-01,momentum_trend_confirmation_v2,10000.0,10000.0,10000.0,0.0,1.0,0.0,0
2025-07-02,momentum_trend_confirmation_v2,10000.0,10000.0,10000.0,0.0,1.0,0.0,0
2025-07-03,momentum_trend_confirmation_v2,10000.0,10000.0,10000.0,0.0,1.0,0.0,0
2025-07-04,momentum_trend_confirmation_v2,10000.0,10000.0,10000.0,0.0,1.0,0.0,0
2025-07-07,momentum_trend_confirmation_v2,10000.0,10000.0,10000.0,0.0,1.0,0.0,0
2025-07-08,momentum_trend_confirmation_v2,10000.0,10000.0,10000.0,0.0,1.0,0.0,0
2025-07-09,momentum_trend_confirmation_v2,10000.0,10000.0,10000.0,0.0,1.0,0.0,0
2025-07-10,momentum_trend_confirmation_v2,10000.0,10000.0,10000.0,0.0,1.0,0.0,0
2025-07-11,momentum_trend_confirmation_v2,10000.0,10000.0,10000.0,0.0,1.0,0.0,0
2025-07-14,momentum_trend_confirmation_v2,10000.0,10000.0,10000.0,0.0,1.0,0.0,0
2025-07-15,momentum_trend_confirmation_v2,10000.0,10000.0,10000.0,0.0,1.0,0.0,0
2025-07-16,momentum_trend_confirmation_v2,10000.0,10000.0,10000.0,0.0,1.0,0.0,0
2025-07-17,momentum_trend_confirmation_v2,10000.0,10000.0,10000.0,0.0,1.0,0.0,0
2025-07-18,momentum_trend_confirmation_v2,10000.0,10000.0,10000.0,0.0,1.0,0.0,0
2025-07-21,momentum_trend_confirmation_v2,10000.0,10000.0,10000.0,0.0,1.0,0.0,0
2025-07-22,momentum_trend_confirmation_v2,10000.0,10000.0,10000.0,0.0,1.0,0.0,0
2025-07-23,momentum_trend_confirmation_v2,10000.0,10000.0,10000.0,0.0,1.0,0.0,0
2025-07-24,momentum_trend_confirmation_v2,10000.0,10000.0,10000.0,0.0,1.0,0.0,0
2025-07-25,momentum_trend_confirmation_v2,10000.0,10000.0,10000.0,0.0,1.0,0.0,0
2025-07-28,momentum_trend_confirmation_v2,10000.0,10000.0,10000.0,0.0,1.0,0.0,0
2025-07-29,momentum_trend_confirmation_v2,10000.0,10000.0,10000.0,0.0,1.0,0.0,0
2025-07-30,momentum_trend_confirmation_v2,10000.0,10000.0,10000.0,0.0,1.0,0.0,0
2025-07-31,momentum_trend_confirmation_v2,10000.0,10000.0,10000.0,0.0,1.0,0.0,0
2025-08-01,momentum_trend_confirmation_v2,10000.0,10000.0,10000.0,0.0,1.0,0.0,0
2025-08-04,momentum_trend_confirmation_v2,10000.0,10000.0,10000.0,0.0,1.0,0.0,0
2025-08-05,momentum_trend_confirmation_v2,10000.0,10000.0,10000.0,0.0,1.0,0.0,0
2025-08-06,momentum_trend_confirmation_v2,10000.0,10000.0,10000.0,0.0,1.0,0.0,0
2025-08-07,momentum_trend_confirmation_v2,10000.0,10000.0,10000.0,0.0,1.0,0.0,0
2025-08-08,momentum_trend_confirmation_v2,10000.0,10000.0,10000.0,0.0,1.0,0.0,0
2025-08-11,momentum_trend_confirmation_v2,10000.0,10000.0,10000.0,0.0,1.0,0.0,0
2025-08-12,momentum_trend_confirmation_v2,10000.0,10000.0,10000.0,0.0,1.0,0.0,0
2025-08-13,momentum_trend_confirmation_v2,10000.0,10000.0,10000.0,0.0,1.0,0.0,0
2025-08-14,momentum_trend_confirmation_v2,10000.0,10000.0,10000.0,0.0,1.0,0.0,0
2025-08-15,momentum_trend_confirmation_v2,10000.0,10000.0,10000.0,0.0,1.0,0.0,0
2025-08-18,momentum_trend_confirmation_v2,10000.0,10000.0,10000.0,0.0,1.0,0.0,0
2025-08-19,momentum_trend_confirmation_v2,10000.0,10000.0,10000.0,0.0,1.0,0.0,0
2025-08-20,momentum_trend_confirmation_v2,10000.0,10000.0,10000.0,0.0,1.0,0.0,0
2025-08-21,momentum_trend_confirmation_v2,10000.0,10000.0,10000.0,0.0,1.0,0.0,0
2025-08-22,momentum_trend_confirmation_v2,10000.0,10000.0,10000.0,0.0,1.0,0.0,0
2025-08-25,momentum_trend_confirmation_v2,10000.0,10000.0,10000.0,0.0,1.0,0.0,0
2025-08-26,momentum_trend_confirmation_v2,10000.0,10000.0,10000.0,0.0,1.0,0.0,0
2025-08-27,momentum_trend_confirmation_v2,10000.0,10000.0,10000.0,0.0,1.0,0.0,0
2025-08-28,momentum_trend_confirmation_v2,10000.0,10000.0,10000.0,0.0,1.0,0.0,0
2025-08-29,momentum_trend_confirmation_v2,10000.0,10000.0,10000.0,0.0,1.0,0.0,0
2025-09-01,momentum_trend_confirmation_v2,10000.0,10000.0,10000.0,0.0,1.0,0.0,0
2025-09-02,momentum_trend_confirmation_v2,10000.0,10000.0,10000.0,0.0,1.0,0.0,0
2025-09-03,momentum_trend_confirmation_v2,10000.0,10000.0,10000.0,0.0,1.0,0.0,0
2025-09-04,momentum_trend_confirmation_v2,10000.0,10000.0,10000.0,0.0,1.0,0.0,0
2025-09-05,momentum_trend_confirmation_v2,10000.0,10000.0,10000.0,0.0,1.0,0.0,0
2025-09-08,momentum_trend_confirmation_v2,10000.0,10000.0,10000.0,0.0,1.0,0.0,0
2025-09-09,momentum_trend_confirmation_v2,10000.0,10000.0,10000.0,0.0,1.0,0.0,0
2025-09-10,momentum_trend_confirmation_v2,10000.0,10000.0,10000.0,0.0,1.0,0.0,0
2025-09-11,momentum_trend_confirmation_v2,10000.0,10000.0,10000.0,0.0,1.0,0.0,0
2025-09-12,momentum_trend_confirmation_v2,10000.0,10000.0,10000.0,0.0,1.0,0.0,0
2025-09-15,momentum_trend_confirmation_v2,10000.0,10000.0,10000.0,0.0,1.0,0.0,0
2025-09-16,momentum_trend_confirmation_v2,10000.0,10000.0,10000.0,0.0,1.0,0.0,0
2025-09-17,momentum_trend_confirmation_v2,10000.0,10000.0,10000.0,0.0,1.0,0.0,0
2025-09-18,momentum_trend_confirmation_v2,10000.0,10000.0,10000.0,0.0,1.0,0.0,0
2025-09-19,momentum_trend_confirmation_v2,10000.0,10000.0,10000.0,0.0,1.0,0.0,0
2025-09-22,momentum_trend_confirmation_v2,10000.0,10000.0,10000.0,0.0,1.0,0.0,0
2025-09-23,momentum_trend_confirmation_v2,10000.0,10000.0,10000.0,0.0,1.0,0.0,0
2025-09-24,momentum_trend_confirmation_v2,10000.0,10000.0,10000.0,0.0,1.0,0.0,0
2025-09-25,momentum_trend_confirmation_v2,10000.0,10000.0,10000.0,0.0,1.0,0.0,0
2025-09-26,momentum_trend_confirmation_v2,10000.0,10000.0,10000.0,0.0,1.0,0.0,0
2025-09-29,momentum_trend_confirmation_v2,10000.0,10000.0,10000.0,0.0,1.0,0.0,0
2025-09-30,momentum_trend_confirmation_v2,10000.0,10000.0,10000.0,0.0,1.0,0.0,0
2025-10-09,momentum_trend_confirmation_v2,10000.0,10000.0,10000.0,0.0,1.0,0.0,0
2025-10-10,momentum_trend_confirmation_v2,10000.0,10000.0,10000.0,0.0,1.0,0.0,0
2025-10-13,momentum_trend_confirmation_v2,10000.0,10000.0,10000.0,0.0,1.0,0.0,0
2025-10-14,momentum_trend_confirmation_v2,10000.0,10000.0,10000.0,0.0,1.0,0.0,0
2025-10-15,momentum_trend_confirmation_v2,10000.0,10000.0,10000.0,0.0,1.0,0.0,0
2025-10-16,momentum_trend_confirmation_v2,10000.0,10000.0,10000.0,0.0,1.0,0.0,0
2025-10-17,momentum_trend_confirmation_v2,10000.0,10000.0,10000.0,0.0,1.0,0.0,0
2025-10-20,momentum_trend_confirmation_v2,10000.0,10000.0,10000.0,0.0,1.0,0.0,0
2025-10-21,momentum_trend_confirmation_v2,10000.0,10000.0,10000.0,0.0,1.0,0.0,0
2025-10-22,momentum_trend_confirmation_v2,10000.0,10000.0,10000.0,0.0,1.0,0.0,0
2025-10-23,momentum_trend_confirmation_v2,10000.0,10000.0,10000.0,0.0,1.0,0.0,0
2025-10-24,momentum_trend_confirmation_v2,10000.0,10000.0,10000.0,0.0,1.0,0.0,0
2025-10-27,momentum_trend_confirmation_v2,10000.0,10000.0,10000.0,0.0,1.0,0.0,0
2025-10-28,momentum_trend_confirmation_v2,10000.0,10000.0,10000.0,0.0,1.0,0.0,0
2025-10-29,momentum_trend_confirmation_v2,10000.0,10000.0,10000.0,0.0,1.0,0.0,0
2025-10-30,momentum_trend_confirmation_v2,10000.0,10000.0,10000.0,0.0,1.0,0.0,0
2025-10-31,momentum_trend_confirmation_v2,10000.0,10000.0,10000.0,0.0,1.0,0.0,0
2025-11-03,momentum_trend_confirmation_v2,10000.0,10000.0,10000.0,0.0,1.0,0.0,0
2025-11-04,momentum_trend_confirmation_v2,10000.0,10000.0,10000.0,0.0,1.0,0.0,0
2025-11-05,momentum_trend_confirmation_v2,10000.0,10000.0,10000.0,0.0,1.0,0.0,0
2025-11-06,momentum_trend_confirmation_v2,10000.0,10000.0,10000.0,0.0,1.0,0.0,0
2025-11-07,momentum_trend_confirmation_v2,10000.0,10000.0,10000.0,0.0,1.0,0.0,0
2025-11-10,momentum_trend_confirmation_v2,10000.0,10000.0,10000.0,0.0,1.0,0.0,0
2025-11-11,momentum_trend_confirmation_v2,10000.0,10000.0,10000.0,0.0,1.0,0.0,0
2025-11-12,momentum_trend_confirmation_v2,10000.0,10000.0,10000.0,0.0,1.0,0.0,0
2025-11-13,momentum_trend_confirmation_v2,10000.0,10000.0,10000.0,0.0,1.0,0.0,0
2025-11-14,momentum_trend_confirmation_v2,10000.0,10000.0,10000.0,0.0,1.0,0.0,0
2025-11-17,momentum_trend_confirmation_v2,10000.0,10000.0,10000.0,0.0,1.0,0.0,0
2025-11-18,momentum_trend_confirmation_v2,10000.0,10000.0,10000.0,0.0,1.0,0.0,0
2025-11-19,momentum_trend_confirmation_v2,10000.0,10000.0,10000.0,0.0,1.0,0.0,0
2025-11-20,momentum_trend_confirmation_v2,10000.0,10000.0,10000.0,0.0,1.0,0.0,0
2025-11-21,momentum_trend_confirmation_v2,10000.0,10000.0,10000.0,0.0,1.0,0.0,0
2025-11-24,momentum_trend_confirmation_v2,10000.0,10000.0,10000.0,0.0,1.0,0.0,0
2025-11-25,momentum_trend_confirmation_v2,10000.0,10000.0,10000.0,0.0,1.0,0.0,0
2025-11-26,momentum_trend_confirmation_v2,10000.0,10000.0,10000.0,0.0,1.0,0.0,0
2025-11-27,momentum_trend_confirmation_v2,10000.0,10000.0,10000.0,0.0,1.0,0.0,0
2025-11-28,momentum_trend_confirmation_v2,10000.0,10000.0,10000.0,0.0,1.0,0.0,0
2025-12-01,momentum_trend_confirmation_v2,10000.0,10000.0,10000.0,0.0,1.0,0.0,0
2025-12-02,momentum_trend_confirmation_v2,10000.0,10000.0,10000.0,0.0,1.0,0.0,0
2025-12-03,momentum_trend_confirmation_v2,10000.0,10000.0,10000.0,0.0,1.0,0.0,0
2025-12-04,momentum_trend_confirmation_v2,10000.0,10000.0,10000.0,0.0,1.0,0.0,0
2025-12-05,momentum_trend_confirmation_v2,10000.0,10000.0,10000.0,0.0,1.0,0.0,0
2025-12-08,momentum_trend_confirmation_v2,10000.0,10000.0,10000.0,0.0,1.0,0.0,0
2025-12-09,momentum_trend_confirmation_v2,10000.0,10000.0,10000.0,0.0,1.0,0.0,0
2025-12-10,momentum_trend_confirmation_v2,10000.0,10000.0,10000.0,0.0,1.0,0.0,0
2025-12-11,momentum_trend_confirmation_v2,10000.0,10000.0,10000.0,0.0,1.0,0.0,0
2025-12-12,momentum_trend_confirmation_v2,10000.0,10000.0,10000.0,0.0,1.0,0.0,0
2025-12-15,momentum_trend_confirmation_v2,10000.0,10000.0,10000.0,0.0,1.0,0.0,0
2025-12-16,momentum_trend_confirmation_v2,10000.0,10000.0,10000.0,0.0,1.0,0.0,0
2025-12-17,momentum_trend_confirmation_v2,10000.0,10000.0,10000.0,0.0,1.0,0.0,0
2025-12-18,momentum_trend_confirmation_v2,10000.0,10000.0,10000.0,0.0,1.0,0.0,0
2025-12-19,momentum_trend_confirmation_v2,10000.0,10000.0,10000.0,0.0,1.0,0.0,0
2025-12-22,momentum_trend_confirmation_v2,10000.0,10000.0,10000.0,0.0,1.0,0.0,0
2025-12-23,momentum_trend_confirmation_v2,10000.0,10000.0,10000.0,0.0,1.0,0.0,0
2025-12-24,momentum_trend_confirmation_v2,10000.0,10000.0,10000.0,0.0,1.0,0.0,0
2025-12-25,momentum_trend_confirmation_v2,10000.0,10000.0,10000.0,0.0,1.0,0.0,0
2025-12-26,momentum_trend_confirmation_v2,10000.0,10000.0,10000.0,0.0,1.0,0.0,0
2025-12-29,momentum_trend_confirmation_v2,10000.0,10000.0,10000.0,0.0,1.0,0.0,0
2025-12-30,momentum_trend_confirmation_v2,10000.0,10000.0,10000.0,0.0,1.0,0.0,0
2025-12-31,momentum_trend_confirmation_v2,10000.0,10000.0,10000.0,0.0,1.0,0.0,0
2026-01-05,momentum_trend_confirmation_v2,10000.0,10000.0,10000.0,0.0,1.0,0.0,0
2026-01-06,momentum_trend_confirmation_v2,10000.0,10000.0,10000.0,0.0,1.0,0.0,0
2026-01-07,momentum_trend_confirmation_v2,10000.0,10000.0,10000.0,0.0,1.0,0.0,0
2026-01-08,momentum_trend_confirmation_v2,10000.0,10000.0,10000.0,0.0,1.0,0.0,0
2026-01-09,momentum_trend_confirmation_v2,10000.0,10000.0,10000.0,0.0,1.0,0.0,0
2026-01-12,momentum_trend_confirmation_v2,10000.0,10000.0,10000.0,0.0,1.0,0.0,0
2026-01-13,momentum_trend_confirmation_v2,10000.0,10000.0,10000.0,0.0,1.0,0.0,0
2026-01-14,momentum_trend_confirmation_v2,10000.0,10000.0,10000.0,0.0,1.0,0.0,0
2026-01-15,momentum_trend_confirmation_v2,10000.0,10000.0,10000.0,0.0,1.0,0.0,0
2026-01-16,momentum_trend_confirmation_v2,10000.0,10000.0,10000.0,0.0,1.0,0.0,0
2026-01-19,momentum_trend_confirmation_v2,10000.0,10000.0,10000.0,0.0,1.0,0.0,0
2026-01-20,momentum_trend_confirmation_v2,10000.0,10000.0,10000.0,0.0,1.0,0.0,0
2026-01-21,momentum_trend_confirmation_v2,10000.0,10000.0,10000.0,0.0,1.0,0.0,0
2026-01-22,momentum_trend_confirmation_v2,10000.0,10000.0,10000.0,0.0,1.0,0.0,0
2026-01-23,momentum_trend_confirmation_v2,10000.0,10000.0,10000.0,0.0,1.0,0.0,0
2026-01-26,momentum_trend_confirmation_v2,10000.0,10000.0,10000.0,0.0,1.0,0.0,0
2026-01-27,momentum_trend_confirmation_v2,10000.0,10000.0,10000.0,0.0,1.0,0.0,0
2026-01-28,momentum_trend_confirmation_v2,10000.0,10000.0,10000.0,0.0,1.0,0.0,0
2026-01-29,momentum_trend_confirmation_v2,10000.0,10000.0,10000.0,0.0,1.0,0.0,0
2026-01-30,momentum_trend_confirmation_v2,10000.0,10000.0,10000.0,0.0,1.0,0.0,0
2026-02-02,momentum_trend_confirmation_v2,10000.0,10000.0,10000.0,0.0,1.0,0.0,0
2026-02-03,momentum_trend_confirmation_v2,10000.0,10000.0,10000.0,0.0,1.0,0.0,0
2026-02-04,momentum_trend_confirmation_v2,10000.0,10000.0,10000.0,0.0,1.0,0.0,0
2026-02-05,momentum_trend_confirmation_v2,10000.0,10000.0,10000.0,0.0,1.0,0.0,0
2026-02-06,momentum_trend_confirmation_v2,10000.0,10000.0,10000.0,0.0,1.0,0.0,0
2026-02-09,momentum_trend_confirmation_v2,10000.0,10000.0,10000.0,0.0,1.0,0.0,0
2026-02-10,momentum_trend_confirmation_v2,10000.0,10000.0,10000.0,0.0,1.0,0.0,0
2026-02-11,momentum_trend_confirmation_v2,10000.0,10000.0,10000.0,0.0,1.0,0.0,0
2026-02-12,momentum_trend_confirmation_v2,10000.0,10000.0,10000.0,0.0,1.0,0.0,0
2026-02-13,momentum_trend_confirmation_v2,10000.0,10000.0,10000.0,0.0,1.0,0.0,0
2026-02-24,momentum_trend_confirmation_v2,10000.0,10000.0,10000.0,0.0,1.0,0.0,0
2026-02-25,momentum_trend_confirmation_v2,10000.0,10000.0,10000.0,0.0,1.0,0.0,0
2026-02-26,momentum_trend_confirmation_v2,10000.0,10000.0,10000.0,0.0,1.0,0.0,0
2026-02-27,momentum_trend_confirmation_v2,10000.0,10000.0,10000.0,0.0,1.0,0.0,0
2026-03-02,momentum_trend_confirmation_v2,10000.0,10000.0,10000.0,0.0,1.0,0.0,0
2026-03-03,momentum_trend_confirmation_v2,10000.0,10000.0,10000.0,0.0,1.0,0.0,0
2026-03-04,momentum_trend_confirmation_v2,10000.0,10000.0,10000.0,0.0,1.0,0.0,0
2026-03-05,momentum_trend_confirmation_v2,10000.0,10000.0,10000.0,0.0,1.0,0.0,0
2026-03-06,momentum_trend_confirmation_v2,10000.0,10000.0,10000.0,0.0,1.0,0.0,0
2026-03-09,momentum_trend_confirmation_v2,10000.0,10000.0,10000.0,0.0,1.0,0.0,0
2026-03-10,momentum_trend_confirmation_v2,10000.0,10000.0,10000.0,0.0,1.0,0.0,0
2026-03-11,momentum_trend_confirmation_v2,10000.0,10000.0,10000.0,0.0,1.0,0.0,0
2026-03-12,momentum_trend_confirmation_v2,10000.0,10000.0,10000.0,0.0,1.0,0.0,0
2026-03-13,momentum_trend_confirmation_v2,10000.0,10000.0,10000.0,0.0,1.0,0.0,0
2026-03-16,momentum_trend_confirmation_v2,10000.0,10000.0,10000.0,0.0,1.0,0.0,0
2026-03-17,momentum_trend_confirmation_v2,10000.0,10000.0,10000.0,0.0,1.0,0.0,0
2026-03-18,momentum_trend_confirmation_v2,10000.0,10000.0,10000.0,0.0,1.0,0.0,0
2026-03-19,momentum_trend_confirmation_v2,10000.0,10000.0,10000.0,0.0,1.0,0.0,0
2026-03-20,momentum_trend_confirmation_v2,10000.0,10000.0,10000.0,0.0,1.0,0.0,0
2026-03-23,momentum_trend_confirmation_v2,10000.0,10000.0,10000.0,0.0,1.0,0.0,0
2026-03-24,momentum_trend_confirmation_v2,10000.0,10000.0,10000.0,0.0,1.0,0.0,0
2026-03-25,momentum_trend_confirmation_v2,10000.0,10000.0,10000.0,0.0,1.0,0.0,0
2026-03-26,momentum_trend_confirmation_v2,10000.0,10000.0,10000.0,0.0,1.0,0.0,0
2026-03-27,momentum_trend_confirmation_v2,10000.0,10000.0,10000.0,0.0,1.0,0.0,0
2026-03-30,momentum_trend_confirmation_v2,10000.0,10000.0,10000.0,0.0,1.0,0.0,0
2026-03-31,momentum_trend_confirmation_v2,10000.0,10000.0,10000.0,0.0,1.0,0.0,0
2026-04-01,momentum_trend_confirmation_v2,10000.0,10000.0,10000.0,0.0,1.0,0.0,0
2026-04-02,momentum_trend_confirmation_v2,10000.0,10000.0,10000.0,0.0,1.0,0.0,0
2026-04-03,momentum_trend_confirmation_v2,10000.0,10000.0,10000.0,0.0,1.0,0.0,0
2026-04-07,momentum_trend_confirmation_v2,10000.0,10000.0,10000.0,0.0,1.0,0.0,0
2026-04-08,momentum_trend_confirmation_v2,10000.0,10000.0,10000.0,0.0,1.0,0.0,0
2026-04-09,momentum_trend_confirmation_v2,10000.0,10000.0,10000.0,0.0,1.0,0.0,0
2026-04-10,momentum_trend_confirmation_v2,10000.0,10000.0,10000.0,0.0,1.0,0.0,0
2026-04-13,momentum_trend_confirmation_v2,10000.0,10000.0,10000.0,0.0,1.0,0.0,0
2026-04-14,momentum_trend_confirmation_v2,10000.0,10000.0,10000.0,0.0,1.0,0.0,0
2026-04-15,momentum_trend_confirmation_v2,10000.0,10000.0,10000.0,0.0,1.0,0.0,0
2026-04-16,momentum_trend_confirmation_v2,10000.0,10000.0,10000.0,0.0,1.0,0.0,0
2026-04-17,momentum_trend_confirmation_v2,10000.0,10000.0,10000.0,0.0,1.0,0.0,0
2026-04-20,momentum_trend_confirmation_v2,10000.0,10000.0,10000.0,0.0,1.0,0.0,0
2026-04-21,momentum_trend_confirmation_v2,10000.0,10000.0,10000.0,0.0,1.0,0.0,0
2026-04-22,momentum_trend_confirmation_v2,10000.0,10000.0,10000.0,0.0,1.0,0.0,0
2026-04-23,momentum_trend_confirmation_v2,10000.0,10000.0,10000.0,0.0,1.0,0.0,0
2026-04-24,momentum_trend_confirmation_v2,10000.0,10000.0,10000.0,0.0,1.0,0.0,0
2026-04-27,momentum_trend_confirmation_v2,10000.0,10000.0,10000.0,0.0,1.0,0.0,0
2026-04-28,momentum_trend_confirmation_v2,10000.0,10000.0,10000.0,0.0,1.0,0.0,0
2026-04-29,momentum_trend_confirmation_v2,10000.0,10000.0,10000.0,0.0,1.0,0.0,0
2026-04-30,momentum_trend_confirmation_v2,10000.0,10000.0,10000.0,0.0,1.0,0.0,0
2026-05-06,momentum_trend_confirmation_v2,10000.0,10000.0,10000.0,0.0,1.0,0.0,0
2026-05-07,momentum_trend_confirmation_v2,10000.0,10000.0,10000.0,0.0,1.0,0.0,0
2026-05-08,momentum_trend_confirmation_v2,10000.0,10000.0,10000.0,0.0,1.0,0.0,0
2026-05-11,momentum_trend_confirmation_v2,10000.0,10000.0,10000.0,0.0,1.0,0.0,0
2026-05-12,momentum_trend_confirmation_v2,10000.0,10000.0,10000.0,0.0,1.0,0.0,0
2026-05-13,momentum_trend_confirmation_v2,10000.0,10000.0,10000.0,0.0,1.0,0.0,0
2026-05-14,momentum_trend_confirmation_v2,10000.0,10000.0,10000.0,0.0,1.0,0.0,0
2026-05-15,momentum_trend_confirmation_v2,10000.0,10000.0,10000.0,0.0,1.0,0.0,0
2026-05-18,momentum_trend_confirmation_v2,10000.0,10000.0,10000.0,0.0,1.0,0.0,0
2026-05-19,momentum_trend_confirmation_v2,10000.0,10000.0,10000.0,0.0,1.0,0.0,0
2026-05-20,momentum_trend_confirmation_v2,10000.0,10000.0,10000.0,0.0,1.0,0.0,0
2026-05-21,momentum_trend_confirmation_v2,10000.0,10000.0,10000.0,0.0,1.0,0.0,0
2026-05-22,momentum_trend_confirmation_v2,10000.0,10000.0,10000.0,0.0,1.0,0.0,0
2026-05-25,momentum_trend_confirmation_v2,10000.0,10000.0,10000.0,0.0,1.0,0.0,0
2026-05-26,momentum_trend_confirmation_v2,10000.0,10000.0,10000.0,0.0,1.0,0.0,0
2026-05-27,momentum_trend_confirmation_v2,10000.0,10000.0,10000.0,0.0,1.0,0.0,0
2026-05-28,momentum_trend_confirmation_v2,10000.0,10000.0,10000.0,0.0,1.0,0.0,0
2026-05-29,momentum_trend_confirmation_v2,10000.0,10000.0,10000.0,0.0,1.0,0.0,0
2026-06-01,momentum_trend_confirmation_v2,10000.0,10000.0,10000.0,0.0,1.0,0.0,0
2026-06-02,momentum_trend_confirmation_v2,10000.0,10000.0,10000.0,0.0,1.0,0.0,0
2026-06-03,momentum_trend_confirmation_v2,10000.0,10000.0,10000.0,0.0,1.0,0.0,0
2026-06-04,momentum_trend_confirmation_v2,10000.0,10000.0,10000.0,0.0,1.0,0.0,0
2026-06-05,momentum_trend_confirmation_v2,10000.0,10000.0,10000.0,0.0,1.0,0.0,0
2026-06-08,momentum_trend_confirmation_v2,10000.0,10000.0,10000.0,0.0,1.0,0.0,0
2026-06-09,momentum_trend_confirmation_v2,10000.0,10000.0,10000.0,0.0,1.0,0.0,0
2026-06-10,momentum_trend_confirmation_v2,10000.0,10000.0,10000.0,0.0,1.0,0.0,0
2026-06-11,momentum_trend_confirmation_v2,10000.0,10000.0,10000.0,0.0,1.0,0.0,0
2026-06-12,momentum_trend_confirmation_v2,10000.0,10000.0,10000.0,0.0,1.0,0.0,0
2026-06-15,momentum_trend_confirmation_v2,10000.0,10000.0,10000.0,0.0,1.0,0.0,0
2026-06-16,momentum_trend_confirmation_v2,10000.0,10000.0,10000.0,0.0,1.0,0.0,0
2026-06-17,momentum_trend_confirmation_v2,10000.0,10000.0,10000.0,0.0,1.0,0.0,0
2026-06-18,momentum_trend_confirmation_v2,10000.0,10000.0,10000.0,0.0,1.0,0.0,0
2025-05-30,relative_strength_rotation_v2,10000.0,10000.0,10000.0,0.0,1.0,0.0,0
2025-05-30,relative_strength_rotation_v2,10000.0,10000.0,10000.0,0.0,1.0,0.0,0
2025-06-03,relative_strength_rotation_v2,10000.0,10000.0,10000.0,0.0,1.0,0.0,0
2025-06-04,relative_strength_rotation_v2,10000.0,10000.0,10000.0,0.0,1.0,0.0,0
2025-06-05,relative_strength_rotation_v2,10000.0,10000.0,10000.0,0.0,1.0,0.0,0
2025-06-06,relative_strength_rotation_v2,10000.0,10000.0,10000.0,0.0,1.0,0.0,0
2025-06-09,relative_strength_rotation_v2,10000.0,10000.0,10000.0,0.0,1.0,0.0,0
2025-06-10,relative_strength_rotation_v2,10000.0,10000.0,10000.0,0.0,1.0,0.0,0
2025-06-11,relative_strength_rotation_v2,10000.0,10000.0,10000.0,0.0,1.0,0.0,0
2025-06-12,relative_strength_rotation_v2,10000.0,10000.0,10000.0,0.0,1.0,0.0,0
2025-06-13,relative_strength_rotation_v2,10000.0,10000.0,10000.0,0.0,1.0,0.0,0
2025-06-16,relative_strength_rotation_v2,10000.0,10000.0,10000.0,0.0,1.0,0.0,0
2025-06-17,relative_strength_rotation_v2,10000.0,10000.0,10000.0,0.0,1.0,0.0,0
2025-06-18,relative_strength_rotation_v2,10000.0,10000.0,10000.0,0.0,1.0,0.0,0
2025-06-19,relative_strength_rotation_v2,10000.0,10000.0,10000.0,0.0,1.0,0.0,0
2025-06-20,relative_strength_rotation_v2,10000.0,10000.0,10000.0,0.0,1.0,0.0,0
2025-06-23,relative_strength_rotation_v2,10000.0,10000.0,10000.0,0.0,1.0,0.0,0
2025-06-24,relative_strength_rotation_v2,10000.0,10000.0,10000.0,0.0,1.0,0.0,0
2025-06-25,relative_strength_rotation_v2,10000.0,10000.0,10000.0,0.0,1.0,0.0,0
2025-06-26,relative_strength_rotation_v2,10000.0,10000.0,10000.0,0.0,1.0,0.0,0
2025-06-27,relative_strength_rotation_v2,10000.0,10000.0,10000.0,0.0,1.0,0.0,0
2025-06-30,relative_strength_rotation_v2,10000.0,10000.0,10000.0,0.0,1.0,0.0,0
2025-07-01,relative_strength_rotation_v2,10000.0,10000.0,10000.0,0.0,1.0,0.0,0
2025-07-02,relative_strength_rotation_v2,10000.0,10000.0,10000.0,0.0,1.0,0.0,0
2025-07-03,relative_strength_rotation_v2,10000.0,10000.0,10000.0,0.0,1.0,0.0,0
2025-07-04,relative_strength_rotation_v2,10000.0,10000.0,10000.0,0.0,1.0,0.0,0
2025-07-07,relative_strength_rotation_v2,10000.0,10000.0,10000.0,0.0,1.0,0.0,0
2025-07-08,relative_strength_rotation_v2,10000.0,10000.0,10000.0,0.0,1.0,0.0,0
2025-07-09,relative_strength_rotation_v2,10000.0,10000.0,10000.0,0.0,1.0,0.0,0
2025-07-10,relative_strength_rotation_v2,10000.0,10000.0,10000.0,0.0,1.0,0.0,0
2025-07-11,relative_strength_rotation_v2,10000.0,10000.0,10000.0,0.0,1.0,0.0,0
2025-07-14,relative_strength_rotation_v2,10000.0,10000.0,10000.0,0.0,1.0,0.0,0
2025-07-15,relative_strength_rotation_v2,10000.0,10000.0,10000.0,0.0,1.0,0.0,0
2025-07-16,relative_strength_rotation_v2,10000.0,10000.0,10000.0,0.0,1.0,0.0,0
2025-07-17,relative_strength_rotation_v2,10000.0,10000.0,10000.0,0.0,1.0,0.0,0
2025-07-18,relative_strength_rotation_v2,10000.0,10000.0,10000.0,0.0,1.0,0.0,0
2025-07-21,relative_strength_rotation_v2,10000.0,10000.0,10000.0,0.0,1.0,0.0,0
2025-07-22,relative_strength_rotation_v2,10000.0,10000.0,10000.0,0.0,1.0,0.0,0
2025-07-23,relative_strength_rotation_v2,10000.0,10000.0,10000.0,0.0,1.0,0.0,0
2025-07-24,relative_strength_rotation_v2,10000.0,10000.0,10000.0,0.0,1.0,0.0,0
2025-07-25,relative_strength_rotation_v2,10000.0,10000.0,10000.0,0.0,1.0,0.0,0
2025-07-28,relative_strength_rotation_v2,10000.0,10000.0,10000.0,0.0,1.0,0.0,0
2025-07-29,relative_strength_rotation_v2,10000.0,10000.0,10000.0,0.0,1.0,0.0,0
2025-07-30,relative_strength_rotation_v2,10000.0,10000.0,10000.0,0.0,1.0,0.0,0
2025-07-31,relative_strength_rotation_v2,10000.0,10000.0,10000.0,0.0,1.0,0.0,0
2025-08-01,relative_strength_rotation_v2,10000.0,10000.0,10000.0,0.0,1.0,0.0,0
2025-08-04,relative_strength_rotation_v2,10000.0,10000.0,10000.0,0.0,1.0,0.0,0
2025-08-05,relative_strength_rotation_v2,10000.0,10000.0,10000.0,0.0,1.0,0.0,0
2025-08-06,relative_strength_rotation_v2,10000.0,10000.0,10000.0,0.0,1.0,0.0,0
2025-08-07,relative_strength_rotation_v2,10000.0,10000.0,10000.0,0.0,1.0,0.0,0
2025-08-08,relative_strength_rotation_v2,10000.0,10000.0,10000.0,0.0,1.0,0.0,0
2025-08-11,relative_strength_rotation_v2,10000.0,10000.0,10000.0,0.0,1.0,0.0,0
2025-08-12,relative_strength_rotation_v2,10000.0,10000.0,10000.0,0.0,1.0,0.0,0
2025-08-13,relative_strength_rotation_v2,10000.0,10000.0,10000.0,0.0,1.0,0.0,0
2025-08-14,relative_strength_rotation_v2,10000.0,10000.0,10000.0,0.0,1.0,0.0,0
2025-08-15,relative_strength_rotation_v2,10000.0,10000.0,10000.0,0.0,1.0,0.0,0
2025-08-18,relative_strength_rotation_v2,10000.0,10000.0,10000.0,0.0,1.0,0.0,0
2025-08-19,relative_strength_rotation_v2,10000.0,10000.0,10000.0,0.0,1.0,0.0,0
2025-08-20,relative_strength_rotation_v2,10000.0,10000.0,10000.0,0.0,1.0,0.0,0
2025-08-21,relative_strength_rotation_v2,10000.0,10000.0,10000.0,0.0,1.0,0.0,0
2025-08-22,relative_strength_rotation_v2,10000.0,10000.0,10000.0,0.0,1.0,0.0,0
2025-08-25,relative_strength_rotation_v2,10000.0,10000.0,10000.0,0.0,1.0,0.0,0
2025-08-26,relative_strength_rotation_v2,10000.0,10000.0,10000.0,0.0,1.0,0.0,0
2025-08-27,relative_strength_rotation_v2,10000.0,10000.0,10000.0,0.0,1.0,0.0,0
2025-08-28,relative_strength_rotation_v2,10000.0,10000.0,10000.0,0.0,1.0,0.0,0
2025-08-29,relative_strength_rotation_v2,10000.0,10000.0,10000.0,0.0,1.0,0.0,0
2025-09-01,relative_strength_rotation_v2,10000.0,10000.0,10000.0,0.0,1.0,0.0,0
2025-09-02,relative_strength_rotation_v2,10000.0,10000.0,10000.0,0.0,1.0,0.0,0
2025-09-03,relative_strength_rotation_v2,10000.0,10000.0,10000.0,0.0,1.0,0.0,0
2025-09-04,relative_strength_rotation_v2,10000.0,10000.0,10000.0,0.0,1.0,0.0,0
2025-09-05,relative_strength_rotation_v2,10000.0,10000.0,10000.0,0.0,1.0,0.0,0
2025-09-08,relative_strength_rotation_v2,10000.0,10000.0,10000.0,0.0,1.0,0.0,0
2025-09-09,relative_strength_rotation_v2,10000.0,10000.0,10000.0,0.0,1.0,0.0,0
2025-09-10,relative_strength_rotation_v2,10000.0,10000.0,10000.0,0.0,1.0,0.0,0
2025-09-11,relative_strength_rotation_v2,10000.0,10000.0,10000.0,0.0,1.0,0.0,0
2025-09-12,relative_strength_rotation_v2,10000.0,10000.0,10000.0,0.0,1.0,0.0,0
2025-09-15,relative_strength_rotation_v2,10000.0,10000.0,10000.0,0.0,1.0,0.0,0
2025-09-16,relative_strength_rotation_v2,10000.0,10000.0,10000.0,0.0,1.0,0.0,0
2025-09-17,relative_strength_rotation_v2,10000.0,10000.0,10000.0,0.0,1.0,0.0,0
2025-09-18,relative_strength_rotation_v2,10000.0,10000.0,10000.0,0.0,1.0,0.0,0
2025-09-19,relative_strength_rotation_v2,10000.0,10000.0,10000.0,0.0,1.0,0.0,0
2025-09-22,relative_strength_rotation_v2,10000.0,10000.0,10000.0,0.0,1.0,0.0,0
2025-09-23,relative_strength_rotation_v2,10000.0,10000.0,10000.0,0.0,1.0,0.0,0
2025-09-24,relative_strength_rotation_v2,10000.0,10000.0,10000.0,0.0,1.0,0.0,0
2025-09-25,relative_strength_rotation_v2,10000.0,10000.0,10000.0,0.0,1.0,0.0,0
2025-09-26,relative_strength_rotation_v2,10000.0,10000.0,10000.0,0.0,1.0,0.0,0
2025-09-29,relative_strength_rotation_v2,10000.0,10000.0,10000.0,0.0,1.0,0.0,0
2025-09-30,relative_strength_rotation_v2,10000.0,10000.0,10000.0,0.0,1.0,0.0,0
2025-10-09,relative_strength_rotation_v2,10000.0,10000.0,10000.0,0.0,1.0,0.0,0
2025-10-10,relative_strength_rotation_v2,10000.0,10000.0,10000.0,0.0,1.0,0.0,0
2025-10-13,relative_strength_rotation_v2,10000.0,10000.0,10000.0,0.0,1.0,0.0,0
2025-10-14,relative_strength_rotation_v2,10000.0,10000.0,10000.0,0.0,1.0,0.0,0
2025-10-15,relative_strength_rotation_v2,10000.0,10000.0,10000.0,0.0,1.0,0.0,0
2025-10-16,relative_strength_rotation_v2,10000.0,10000.0,10000.0,0.0,1.0,0.0,0
2025-10-17,relative_strength_rotation_v2,10000.0,10000.0,10000.0,0.0,1.0,0.0,0
2025-10-20,relative_strength_rotation_v2,10000.0,10000.0,10000.0,0.0,1.0,0.0,0
2025-10-21,relative_strength_rotation_v2,10000.0,10000.0,10000.0,0.0,1.0,0.0,0
2025-10-22,relative_strength_rotation_v2,10000.0,10000.0,10000.0,0.0,1.0,0.0,0
2025-10-23,relative_strength_rotation_v2,10000.0,10000.0,10000.0,0.0,1.0,0.0,0
2025-10-24,relative_strength_rotation_v2,10000.0,10000.0,10000.0,0.0,1.0,0.0,0
2025-10-27,relative_strength_rotation_v2,10000.0,10000.0,10000.0,0.0,1.0,0.0,0
2025-10-28,relative_strength_rotation_v2,10000.0,10000.0,10000.0,0.0,1.0,0.0,0
2025-10-29,relative_strength_rotation_v2,10000.0,10000.0,10000.0,0.0,1.0,0.0,0
2025-10-30,relative_strength_rotation_v2,10000.0,10000.0,10000.0,0.0,1.0,0.0,0
2025-10-31,relative_strength_rotation_v2,10000.0,10000.0,10000.0,0.0,1.0,0.0,0
2025-11-03,relative_strength_rotation_v2,10000.0,10000.0,10000.0,0.0,1.0,0.0,0
2025-11-04,relative_strength_rotation_v2,10000.0,10000.0,10000.0,0.0,1.0,0.0,0
2025-11-05,relative_strength_rotation_v2,10000.0,10000.0,10000.0,0.0,1.0,0.0,0
2025-11-06,relative_strength_rotation_v2,10000.0,10000.0,10000.0,0.0,1.0,0.0,0
2025-11-07,relative_strength_rotation_v2,10000.0,10000.0,10000.0,0.0,1.0,0.0,0
2025-11-10,relative_strength_rotation_v2,10000.0,10000.0,10000.0,0.0,1.0,0.0,0
2025-11-11,relative_strength_rotation_v2,10000.0,10000.0,10000.0,0.0,1.0,0.0,0
2025-11-12,relative_strength_rotation_v2,10000.0,10000.0,10000.0,0.0,1.0,0.0,0
2025-11-13,relative_strength_rotation_v2,10000.0,10000.0,10000.0,0.0,1.0,0.0,0
2025-11-14,relative_strength_rotation_v2,10000.0,10000.0,10000.0,0.0,1.0,0.0,0
2025-11-17,relative_strength_rotation_v2,10000.0,10000.0,10000.0,0.0,1.0,0.0,0
2025-11-18,relative_strength_rotation_v2,10000.0,10000.0,10000.0,0.0,1.0,0.0,0
2025-11-19,relative_strength_rotation_v2,10000.0,10000.0,10000.0,0.0,1.0,0.0,0
2025-11-20,relative_strength_rotation_v2,10000.0,10000.0,10000.0,0.0,1.0,0.0,0
2025-11-21,relative_strength_rotation_v2,10000.0,10000.0,10000.0,0.0,1.0,0.0,0
2025-11-24,relative_strength_rotation_v2,10000.0,10000.0,10000.0,0.0,1.0,0.0,0
2025-11-25,relative_strength_rotation_v2,10000.0,10000.0,10000.0,0.0,1.0,0.0,0
2025-11-26,relative_strength_rotation_v2,10000.0,10000.0,10000.0,0.0,1.0,0.0,0
2025-11-27,relative_strength_rotation_v2,10000.0,10000.0,10000.0,0.0,1.0,0.0,0
2025-11-28,relative_strength_rotation_v2,10000.0,10000.0,10000.0,0.0,1.0,0.0,0
2025-12-01,relative_strength_rotation_v2,10000.0,10000.0,10000.0,0.0,1.0,0.0,0
2025-12-02,relative_strength_rotation_v2,10000.0,10000.0,10000.0,0.0,1.0,0.0,0
2025-12-03,relative_strength_rotation_v2,10000.0,10000.0,10000.0,0.0,1.0,0.0,0
2025-12-04,relative_strength_rotation_v2,10000.0,10000.0,10000.0,0.0,1.0,0.0,0
2025-12-05,relative_strength_rotation_v2,10000.0,10000.0,10000.0,0.0,1.0,0.0,0
2025-12-08,relative_strength_rotation_v2,10000.0,10000.0,10000.0,0.0,1.0,0.0,0
2025-12-09,relative_strength_rotation_v2,10000.0,10000.0,10000.0,0.0,1.0,0.0,0
2025-12-10,relative_strength_rotation_v2,10000.0,10000.0,10000.0,0.0,1.0,0.0,0
2025-12-11,relative_strength_rotation_v2,10000.0,10000.0,10000.0,0.0,1.0,0.0,0
2025-12-12,relative_strength_rotation_v2,10000.0,10000.0,10000.0,0.0,1.0,0.0,0
2025-12-15,relative_strength_rotation_v2,10000.0,10000.0,10000.0,0.0,1.0,0.0,0
2025-12-16,relative_strength_rotation_v2,10000.0,10000.0,10000.0,0.0,1.0,0.0,0
2025-12-17,relative_strength_rotation_v2,10000.0,10000.0,10000.0,0.0,1.0,0.0,0
2025-12-18,relative_strength_rotation_v2,10000.0,10000.0,10000.0,0.0,1.0,0.0,0
2025-12-19,relative_strength_rotation_v2,10000.0,10000.0,10000.0,0.0,1.0,0.0,0
2025-12-22,relative_strength_rotation_v2,10000.0,10000.0,10000.0,0.0,1.0,0.0,0
2025-12-23,relative_strength_rotation_v2,10000.0,10000.0,10000.0,0.0,1.0,0.0,0
2025-12-24,relative_strength_rotation_v2,10000.0,10000.0,10000.0,0.0,1.0,0.0,0
2025-12-25,relative_strength_rotation_v2,10000.0,10000.0,10000.0,0.0,1.0,0.0,0
2025-12-26,relative_strength_rotation_v2,10000.0,10000.0,10000.0,0.0,1.0,0.0,0
2025-12-29,relative_strength_rotation_v2,10000.0,10000.0,10000.0,0.0,1.0,0.0,0
2025-12-30,relative_strength_rotation_v2,10000.0,10000.0,10000.0,0.0,1.0,0.0,0
2025-12-31,relative_strength_rotation_v2,10000.0,10000.0,10000.0,0.0,1.0,0.0,0
2026-01-05,relative_strength_rotation_v2,10000.0,10000.0,10000.0,0.0,1.0,0.0,0
2026-01-06,relative_strength_rotation_v2,10000.0,10000.0,10000.0,0.0,1.0,0.0,0
2026-01-07,relative_strength_rotation_v2,10000.0,10000.0,10000.0,0.0,1.0,0.0,0
2026-01-08,relative_strength_rotation_v2,10000.0,10000.0,10000.0,0.0,1.0,0.0,0
2026-01-09,relative_strength_rotation_v2,10000.0,10000.0,10000.0,0.0,1.0,0.0,0
2026-01-12,relative_strength_rotation_v2,10000.0,10000.0,10000.0,0.0,1.0,0.0,0
2026-01-13,relative_strength_rotation_v2,10000.0,10000.0,10000.0,0.0,1.0,0.0,0
2026-01-14,relative_strength_rotation_v2,10000.0,10000.0,10000.0,0.0,1.0,0.0,0
2026-01-15,relative_strength_rotation_v2,10000.0,10000.0,10000.0,0.0,1.0,0.0,0
2026-01-16,relative_strength_rotation_v2,10000.0,10000.0,10000.0,0.0,1.0,0.0,0
2026-01-19,relative_strength_rotation_v2,10000.0,10000.0,10000.0,0.0,1.0,0.0,0
2026-01-20,relative_strength_rotation_v2,10000.0,10000.0,10000.0,0.0,1.0,0.0,0
2026-01-21,relative_strength_rotation_v2,10000.0,10000.0,10000.0,0.0,1.0,0.0,0
2026-01-22,relative_strength_rotation_v2,10000.0,10000.0,10000.0,0.0,1.0,0.0,0
2026-01-23,relative_strength_rotation_v2,10000.0,10000.0,10000.0,0.0,1.0,0.0,0
2026-01-26,relative_strength_rotation_v2,10000.0,10000.0,10000.0,0.0,1.0,0.0,0
2026-01-27,relative_strength_rotation_v2,10000.0,10000.0,10000.0,0.0,1.0,0.0,0
2026-01-28,relative_strength_rotation_v2,10000.0,10000.0,10000.0,0.0,1.0,0.0,0
2026-01-29,relative_strength_rotation_v2,10000.0,10000.0,10000.0,0.0,1.0,0.0,0
2026-01-30,relative_strength_rotation_v2,10000.0,10000.0,10000.0,0.0,1.0,0.0,0
2026-02-02,relative_strength_rotation_v2,10000.0,10000.0,10000.0,0.0,1.0,0.0,0
2026-02-03,relative_strength_rotation_v2,10000.0,10000.0,10000.0,0.0,1.0,0.0,0
2026-02-04,relative_strength_rotation_v2,10000.0,10000.0,10000.0,0.0,1.0,0.0,0
2026-02-05,relative_strength_rotation_v2,10000.0,10000.0,10000.0,0.0,1.0,0.0,0
2026-02-06,relative_strength_rotation_v2,10000.0,10000.0,10000.0,0.0,1.0,0.0,0
2026-02-09,relative_strength_rotation_v2,10000.0,10000.0,10000.0,0.0,1.0,0.0,0
2026-02-10,relative_strength_rotation_v2,10000.0,10000.0,10000.0,0.0,1.0,0.0,0
2026-02-11,relative_strength_rotation_v2,10000.0,10000.0,10000.0,0.0,1.0,0.0,0
2026-02-12,relative_strength_rotation_v2,10000.0,10000.0,10000.0,0.0,1.0,0.0,0
2026-02-13,relative_strength_rotation_v2,10000.0,10000.0,10000.0,0.0,1.0,0.0,0
2026-02-24,relative_strength_rotation_v2,10000.0,10000.0,10000.0,0.0,1.0,0.0,0
2026-02-25,relative_strength_rotation_v2,10000.0,10000.0,10000.0,0.0,1.0,0.0,0
2026-02-26,relative_strength_rotation_v2,10000.0,10000.0,10000.0,0.0,1.0,0.0,0
2026-02-27,relative_strength_rotation_v2,10000.0,10000.0,10000.0,0.0,1.0,0.0,0
2026-03-02,relative_strength_rotation_v2,10000.0,10000.0,10000.0,0.0,1.0,0.0,0
2026-03-03,relative_strength_rotation_v2,10000.0,10000.0,10000.0,0.0,1.0,0.0,0
2026-03-04,relative_strength_rotation_v2,10000.0,10000.0,10000.0,0.0,1.0,0.0,0
2026-03-05,relative_strength_rotation_v2,10000.0,10000.0,10000.0,0.0,1.0,0.0,0
2026-03-06,relative_strength_rotation_v2,10000.0,10000.0,10000.0,0.0,1.0,0.0,0
2026-03-09,relative_strength_rotation_v2,10000.0,10000.0,10000.0,0.0,1.0,0.0,0
2026-03-10,relative_strength_rotation_v2,10000.0,10000.0,10000.0,0.0,1.0,0.0,0
2026-03-11,relative_strength_rotation_v2,10000.0,10000.0,10000.0,0.0,1.0,0.0,0
2026-03-12,relative_strength_rotation_v2,10000.0,10000.0,10000.0,0.0,1.0,0.0,0
2026-03-13,relative_strength_rotation_v2,10000.0,10000.0,10000.0,0.0,1.0,0.0,0
2026-03-16,relative_strength_rotation_v2,10000.0,10000.0,10000.0,0.0,1.0,0.0,0
2026-03-17,relative_strength_rotation_v2,10000.0,10000.0,10000.0,0.0,1.0,0.0,0
2026-03-18,relative_strength_rotation_v2,10000.0,10000.0,10000.0,0.0,1.0,0.0,0
2026-03-19,relative_strength_rotation_v2,10000.0,10000.0,10000.0,0.0,1.0,0.0,0
2026-03-20,relative_strength_rotation_v2,10000.0,10000.0,10000.0,0.0,1.0,0.0,0
2026-03-23,relative_strength_rotation_v2,10000.0,10000.0,10000.0,0.0,1.0,0.0,0
2026-03-24,relative_strength_rotation_v2,10000.0,10000.0,10000.0,0.0,1.0,0.0,0
2026-03-25,relative_strength_rotation_v2,10000.0,10000.0,10000.0,0.0,1.0,0.0,0
2026-03-26,relative_strength_rotation_v2,10000.0,10000.0,10000.0,0.0,1.0,0.0,0
2026-03-27,relative_strength_rotation_v2,10000.0,10000.0,10000.0,0.0,1.0,0.0,0
2026-03-30,relative_strength_rotation_v2,10000.0,10000.0,10000.0,0.0,1.0,0.0,0
2026-03-31,relative_strength_rotation_v2,10000.0,10000.0,10000.0,0.0,1.0,0.0,0
2026-04-01,relative_strength_rotation_v2,10000.0,10000.0,10000.0,0.0,1.0,0.0,0
2026-04-02,relative_strength_rotation_v2,10000.0,10000.0,10000.0,0.0,1.0,0.0,0
2026-04-03,relative_strength_rotation_v2,10000.0,10000.0,10000.0,0.0,1.0,0.0,0
2026-04-07,relative_strength_rotation_v2,10000.0,10000.0,10000.0,0.0,1.0,0.0,0
2026-04-08,relative_strength_rotation_v2,10000.0,10000.0,10000.0,0.0,1.0,0.0,0
2026-04-09,relative_strength_rotation_v2,10000.0,10000.0,10000.0,0.0,1.0,0.0,0
2026-04-10,relative_strength_rotation_v2,10000.0,10000.0,10000.0,0.0,1.0,0.0,0
2026-04-13,relative_strength_rotation_v2,10000.0,10000.0,10000.0,0.0,1.0,0.0,0
2026-04-14,relative_strength_rotation_v2,10000.0,10000.0,10000.0,0.0,1.0,0.0,0
2026-04-15,relative_strength_rotation_v2,10000.0,10000.0,10000.0,0.0,1.0,0.0,0
2026-04-16,relative_strength_rotation_v2,10000.0,10000.0,10000.0,0.0,1.0,0.0,0
2026-04-17,relative_strength_rotation_v2,10000.0,10000.0,10000.0,0.0,1.0,0.0,0
2026-04-20,relative_strength_rotation_v2,10000.0,10000.0,10000.0,0.0,1.0,0.0,0
2026-04-21,relative_strength_rotation_v2,10000.0,10000.0,10000.0,0.0,1.0,0.0,0
2026-04-22,relative_strength_rotation_v2,10000.0,10000.0,10000.0,0.0,1.0,0.0,0
2026-04-23,relative_strength_rotation_v2,10000.0,10000.0,10000.0,0.0,1.0,0.0,0
2026-04-24,relative_strength_rotation_v2,10000.0,10000.0,10000.0,0.0,1.0,0.0,0
2026-04-27,relative_strength_rotation_v2,10000.0,10000.0,10000.0,0.0,1.0,0.0,0
2026-04-28,relative_strength_rotation_v2,10000.0,10000.0,10000.0,0.0,1.0,0.0,0
2026-04-29,relative_strength_rotation_v2,10000.0,10000.0,10000.0,0.0,1.0,0.0,0
2026-04-30,relative_strength_rotation_v2,10000.0,10000.0,10000.0,0.0,1.0,0.0,0
2026-05-06,relative_strength_rotation_v2,10000.0,10000.0,10000.0,0.0,1.0,0.0,0
2026-05-07,relative_strength_rotation_v2,10000.0,10000.0,10000.0,0.0,1.0,0.0,0
2026-05-08,relative_strength_rotation_v2,10000.0,10000.0,10000.0,0.0,1.0,0.0,0
2026-05-11,relative_strength_rotation_v2,10000.0,10000.0,10000.0,0.0,1.0,0.0,0
2026-05-12,relative_strength_rotation_v2,10000.0,10000.0,10000.0,0.0,1.0,0.0,0
2026-05-13,relative_strength_rotation_v2,10000.0,10000.0,10000.0,0.0,1.0,0.0,0
2026-05-14,relative_strength_rotation_v2,10000.0,10000.0,10000.0,0.0,1.0,0.0,0
2026-05-15,relative_strength_rotation_v2,10000.0,10000.0,10000.0,0.0,1.0,0.0,0
2026-05-18,relative_strength_rotation_v2,10000.0,10000.0,10000.0,0.0,1.0,0.0,0
2026-05-19,relative_strength_rotation_v2,10000.0,10000.0,10000.0,0.0,1.0,0.0,0
2026-05-20,relative_strength_rotation_v2,10000.0,10000.0,10000.0,0.0,1.0,0.0,0
2026-05-21,relative_strength_rotation_v2,10000.0,10000.0,10000.0,0.0,1.0,0.0,0
2026-05-22,relative_strength_rotation_v2,10000.0,10000.0,10000.0,0.0,1.0,0.0,0
2026-05-25,relative_strength_rotation_v2,10000.0,10000.0,10000.0,0.0,1.0,0.0,0
2026-05-26,relative_strength_rotation_v2,10000.0,10000.0,10000.0,0.0,1.0,0.0,0
2026-05-27,relative_strength_rotation_v2,10000.0,10000.0,10000.0,0.0,1.0,0.0,0
2026-05-28,relative_strength_rotation_v2,10000.0,10000.0,10000.0,0.0,1.0,0.0,0
2026-05-29,relative_strength_rotation_v2,10000.0,10000.0,10000.0,0.0,1.0,0.0,0
2026-06-01,relative_strength_rotation_v2,10000.0,10000.0,10000.0,0.0,1.0,0.0,0
2026-06-02,relative_strength_rotation_v2,10000.0,10000.0,10000.0,0.0,1.0,0.0,0
2026-06-03,relative_strength_rotation_v2,10000.0,10000.0,10000.0,0.0,1.0,0.0,0
2026-06-04,relative_strength_rotation_v2,10000.0,10000.0,10000.0,0.0,1.0,0.0,0
2026-06-05,relative_strength_rotation_v2,10000.0,10000.0,10000.0,0.0,1.0,0.0,0
2026-06-08,relative_strength_rotation_v2,10000.0,10000.0,10000.0,0.0,1.0,0.0,0
2026-06-09,relative_strength_rotation_v2,10000.0,10000.0,10000.0,0.0,1.0,0.0,0
2026-06-10,relative_strength_rotation_v2,10000.0,10000.0,10000.0,0.0,1.0,0.0,0
2026-06-11,relative_strength_rotation_v2,10000.0,10000.0,10000.0,0.0,1.0,0.0,0
2026-06-12,relative_strength_rotation_v2,10000.0,10000.0,10000.0,0.0,1.0,0.0,0
2026-06-15,relative_strength_rotation_v2,10000.0,10000.0,10000.0,0.0,1.0,0.0,0
2026-06-16,relative_strength_rotation_v2,10000.0,10000.0,10000.0,0.0,1.0,0.0,0
2026-06-17,relative_strength_rotation_v2,10000.0,10000.0,10000.0,0.0,1.0,0.0,0
2026-06-18,relative_strength_rotation_v2,10000.0,10000.0,10000.0,0.0,1.0,0.0,0
2025-05-30,low_turnover_stable_ranking_v2,10000.0,10000.0,10000.0,0.0,1.0,0.0,0
2025-05-30,low_turnover_stable_ranking_v2,10000.0,10000.0,10000.0,0.0,1.0,0.0,0
2025-06-03,low_turnover_stable_ranking_v2,10000.0,10000.0,10000.0,0.0,1.0,0.0,0
2025-06-04,low_turnover_stable_ranking_v2,10000.0,10000.0,10000.0,0.0,1.0,0.0,0
2025-06-05,low_turnover_stable_ranking_v2,10000.0,10000.0,10000.0,0.0,1.0,0.0,0
2025-06-06,low_turnover_stable_ranking_v2,10000.0,10000.0,10000.0,0.0,1.0,0.0,0
2025-06-09,low_turnover_stable_ranking_v2,10000.0,10000.0,10000.0,0.0,1.0,0.0,0
2025-06-10,low_turnover_stable_ranking_v2,10000.0,10000.0,10000.0,0.0,1.0,0.0,0
2025-06-11,low_turnover_stable_ranking_v2,10000.0,10000.0,10000.0,0.0,1.0,0.0,0
2025-06-12,low_turnover_stable_ranking_v2,10000.0,10000.0,10000.0,0.0,1.0,0.0,0
2025-06-13,low_turnover_stable_ranking_v2,10000.0,10000.0,10000.0,0.0,1.0,0.0,0
2025-06-16,low_turnover_stable_ranking_v2,10000.0,10000.0,10000.0,0.0,1.0,0.0,0
2025-06-17,low_turnover_stable_ranking_v2,10000.0,10000.0,10000.0,0.0,1.0,0.0,0
2025-06-18,low_turnover_stable_ranking_v2,10000.0,10000.0,10000.0,0.0,1.0,0.0,0
2025-06-19,low_turnover_stable_ranking_v2,10000.0,10000.0,10000.0,0.0,1.0,0.0,0
2025-06-20,low_turnover_stable_ranking_v2,10000.0,10000.0,10000.0,0.0,1.0,0.0,0
2025-06-23,low_turnover_stable_ranking_v2,10000.0,10000.0,10000.0,0.0,1.0,0.0,0
2025-06-24,low_turnover_stable_ranking_v2,10000.0,10000.0,10000.0,0.0,1.0,0.0,0
2025-06-25,low_turnover_stable_ranking_v2,10000.0,10000.0,10000.0,0.0,1.0,0.0,0
2025-06-26,low_turnover_stable_ranking_v2,10000.0,10000.0,10000.0,0.0,1.0,0.0,0
2025-06-27,low_turnover_stable_ranking_v2,10000.0,10000.0,10000.0,0.0,1.0,0.0,0
2025-06-30,low_turnover_stable_ranking_v2,10000.0,10000.0,10000.0,0.0,1.0,0.0,0
2025-07-01,low_turnover_stable_ranking_v2,10000.0,10000.0,10000.0,0.0,1.0,0.0,0
2025-07-02,low_turnover_stable_ranking_v2,10000.0,10000.0,10000.0,0.0,1.0,0.0,0
2025-07-03,low_turnover_stable_ranking_v2,10000.0,10000.0,10000.0,0.0,1.0,0.0,0
2025-07-04,low_turnover_stable_ranking_v2,10000.0,10000.0,10000.0,0.0,1.0,0.0,0
2025-07-07,low_turnover_stable_ranking_v2,10000.0,10000.0,10000.0,0.0,1.0,0.0,0
2025-07-08,low_turnover_stable_ranking_v2,10000.0,10000.0,10000.0,0.0,1.0,0.0,0
2025-07-09,low_turnover_stable_ranking_v2,10000.0,10000.0,10000.0,0.0,1.0,0.0,0
2025-07-10,low_turnover_stable_ranking_v2,10000.0,10000.0,10000.0,0.0,1.0,0.0,0
2025-07-11,low_turnover_stable_ranking_v2,10000.0,10000.0,10000.0,0.0,1.0,0.0,0
2025-07-14,low_turnover_stable_ranking_v2,10000.0,10000.0,10000.0,0.0,1.0,0.0,0
2025-07-15,low_turnover_stable_ranking_v2,10000.0,10000.0,10000.0,0.0,1.0,0.0,0
2025-07-16,low_turnover_stable_ranking_v2,10000.0,10000.0,10000.0,0.0,1.0,0.0,0
2025-07-17,low_turnover_stable_ranking_v2,10000.0,10000.0,10000.0,0.0,1.0,0.0,0
2025-07-18,low_turnover_stable_ranking_v2,10000.0,10000.0,10000.0,0.0,1.0,0.0,0
2025-07-21,low_turnover_stable_ranking_v2,10000.0,10000.0,10000.0,0.0,1.0,0.0,0
2025-07-22,low_turnover_stable_ranking_v2,10000.0,10000.0,10000.0,0.0,1.0,0.0,0
2025-07-23,low_turnover_stable_ranking_v2,10000.0,10000.0,10000.0,0.0,1.0,0.0,0
2025-07-24,low_turnover_stable_ranking_v2,10000.0,10000.0,10000.0,0.0,1.0,0.0,0
2025-07-25,low_turnover_stable_ranking_v2,10000.0,10000.0,10000.0,0.0,1.0,0.0,0
2025-07-28,low_turnover_stable_ranking_v2,10000.0,10000.0,10000.0,0.0,1.0,0.0,0
2025-07-29,low_turnover_stable_ranking_v2,10000.0,10000.0,10000.0,0.0,1.0,0.0,0
2025-07-30,low_turnover_stable_ranking_v2,10000.0,10000.0,10000.0,0.0,1.0,0.0,0
2025-07-31,low_turnover_stable_ranking_v2,10000.0,10000.0,10000.0,0.0,1.0,0.0,0
2025-08-01,low_turnover_stable_ranking_v2,10000.0,10000.0,10000.0,0.0,1.0,0.0,0
2025-08-04,low_turnover_stable_ranking_v2,10000.0,10000.0,10000.0,0.0,1.0,0.0,0
2025-08-05,low_turnover_stable_ranking_v2,10000.0,10000.0,10000.0,0.0,1.0,0.0,0
2025-08-06,low_turnover_stable_ranking_v2,10000.0,10000.0,10000.0,0.0,1.0,0.0,0
2025-08-07,low_turnover_stable_ranking_v2,10000.0,10000.0,10000.0,0.0,1.0,0.0,0
2025-08-08,low_turnover_stable_ranking_v2,10000.0,10000.0,10000.0,0.0,1.0,0.0,0
2025-08-11,low_turnover_stable_ranking_v2,10000.0,10000.0,10000.0,0.0,1.0,0.0,0
2025-08-12,low_turnover_stable_ranking_v2,10000.0,10000.0,10000.0,0.0,1.0,0.0,0
2025-08-13,low_turnover_stable_ranking_v2,10000.0,10000.0,10000.0,0.0,1.0,0.0,0
2025-08-14,low_turnover_stable_ranking_v2,10000.0,10000.0,10000.0,0.0,1.0,0.0,0
2025-08-15,low_turnover_stable_ranking_v2,10000.0,10000.0,10000.0,0.0,1.0,0.0,0
2025-08-18,low_turnover_stable_ranking_v2,10000.0,10000.0,10000.0,0.0,1.0,0.0,0
2025-08-19,low_turnover_stable_ranking_v2,10000.0,10000.0,10000.0,0.0,1.0,0.0,0
2025-08-20,low_turnover_stable_ranking_v2,10000.0,10000.0,10000.0,0.0,1.0,0.0,0
2025-08-21,low_turnover_stable_ranking_v2,10000.0,10000.0,10000.0,0.0,1.0,0.0,0
2025-08-22,low_turnover_stable_ranking_v2,10000.0,10000.0,10000.0,0.0,1.0,0.0,0
2025-08-25,low_turnover_stable_ranking_v2,10000.0,10000.0,10000.0,0.0,1.0,0.0,0
2025-08-26,low_turnover_stable_ranking_v2,10000.0,10000.0,10000.0,0.0,1.0,0.0,0
2025-08-27,low_turnover_stable_ranking_v2,10000.0,10000.0,10000.0,0.0,1.0,0.0,0
2025-08-28,low_turnover_stable_ranking_v2,10000.0,10000.0,10000.0,0.0,1.0,0.0,0
2025-08-29,low_turnover_stable_ranking_v2,10000.0,10000.0,10000.0,0.0,1.0,0.0,0
2025-09-01,low_turnover_stable_ranking_v2,10000.0,10000.0,10000.0,0.0,1.0,0.0,0
2025-09-02,low_turnover_stable_ranking_v2,10000.0,10000.0,10000.0,0.0,1.0,0.0,0
2025-09-03,low_turnover_stable_ranking_v2,10000.0,10000.0,10000.0,0.0,1.0,0.0,0
2025-09-04,low_turnover_stable_ranking_v2,10000.0,10000.0,10000.0,0.0,1.0,0.0,0
2025-09-05,low_turnover_stable_ranking_v2,10000.0,10000.0,10000.0,0.0,1.0,0.0,0
2025-09-08,low_turnover_stable_ranking_v2,10000.0,10000.0,10000.0,0.0,1.0,0.0,0
2025-09-09,low_turnover_stable_ranking_v2,10000.0,10000.0,10000.0,0.0,1.0,0.0,0
2025-09-10,low_turnover_stable_ranking_v2,10000.0,10000.0,10000.0,0.0,1.0,0.0,0
2025-09-11,low_turnover_stable_ranking_v2,10000.0,10000.0,10000.0,0.0,1.0,0.0,0
2025-09-12,low_turnover_stable_ranking_v2,10000.0,10000.0,10000.0,0.0,1.0,0.0,0
2025-09-15,low_turnover_stable_ranking_v2,10000.0,10000.0,10000.0,0.0,1.0,0.0,0
2025-09-16,low_turnover_stable_ranking_v2,10000.0,10000.0,10000.0,0.0,1.0,0.0,0
2025-09-17,low_turnover_stable_ranking_v2,10000.0,10000.0,10000.0,0.0,1.0,0.0,0
2025-09-18,low_turnover_stable_ranking_v2,10000.0,10000.0,10000.0,0.0,1.0,0.0,0
2025-09-19,low_turnover_stable_ranking_v2,10000.0,10000.0,10000.0,0.0,1.0,0.0,0
2025-09-22,low_turnover_stable_ranking_v2,10000.0,10000.0,10000.0,0.0,1.0,0.0,0
2025-09-23,low_turnover_stable_ranking_v2,10000.0,10000.0,10000.0,0.0,1.0,0.0,0
2025-09-24,low_turnover_stable_ranking_v2,10000.0,10000.0,10000.0,0.0,1.0,0.0,0
2025-09-25,low_turnover_stable_ranking_v2,10000.0,10000.0,10000.0,0.0,1.0,0.0,0
2025-09-26,low_turnover_stable_ranking_v2,10000.0,10000.0,10000.0,0.0,1.0,0.0,0
2025-09-29,low_turnover_stable_ranking_v2,10000.0,10000.0,10000.0,0.0,1.0,0.0,0
2025-09-30,low_turnover_stable_ranking_v2,10000.0,10000.0,10000.0,0.0,1.0,0.0,0
2025-10-09,low_turnover_stable_ranking_v2,10000.0,10000.0,10000.0,0.0,1.0,0.0,0
2025-10-10,low_turnover_stable_ranking_v2,10000.0,10000.0,10000.0,0.0,1.0,0.0,0
2025-10-13,low_turnover_stable_ranking_v2,10000.0,10000.0,10000.0,0.0,1.0,0.0,0
2025-10-14,low_turnover_stable_ranking_v2,10000.0,10000.0,10000.0,0.0,1.0,0.0,0
2025-10-15,low_turnover_stable_ranking_v2,10000.0,10000.0,10000.0,0.0,1.0,0.0,0
2025-10-16,low_turnover_stable_ranking_v2,10000.0,10000.0,10000.0,0.0,1.0,0.0,0
2025-10-17,low_turnover_stable_ranking_v2,10000.0,10000.0,10000.0,0.0,1.0,0.0,0
2025-10-20,low_turnover_stable_ranking_v2,10000.0,10000.0,10000.0,0.0,1.0,0.0,0
2025-10-21,low_turnover_stable_ranking_v2,10000.0,10000.0,10000.0,0.0,1.0,0.0,0
2025-10-22,low_turnover_stable_ranking_v2,10000.0,10000.0,10000.0,0.0,1.0,0.0,0
2025-10-23,low_turnover_stable_ranking_v2,10000.0,10000.0,10000.0,0.0,1.0,0.0,0
2025-10-24,low_turnover_stable_ranking_v2,10000.0,10000.0,10000.0,0.0,1.0,0.0,0
2025-10-27,low_turnover_stable_ranking_v2,10000.0,10000.0,10000.0,0.0,1.0,0.0,0
2025-10-28,low_turnover_stable_ranking_v2,10000.0,10000.0,10000.0,0.0,1.0,0.0,0
2025-10-29,low_turnover_stable_ranking_v2,10000.0,10000.0,10000.0,0.0,1.0,0.0,0
2025-10-30,low_turnover_stable_ranking_v2,10000.0,10000.0,10000.0,0.0,1.0,0.0,0
2025-10-31,low_turnover_stable_ranking_v2,10000.0,10000.0,10000.0,0.0,1.0,0.0,0
2025-11-03,low_turnover_stable_ranking_v2,10000.0,10000.0,10000.0,0.0,1.0,0.0,0
2025-11-04,low_turnover_stable_ranking_v2,10000.0,10000.0,10000.0,0.0,1.0,0.0,0
2025-11-05,low_turnover_stable_ranking_v2,10000.0,10000.0,10000.0,0.0,1.0,0.0,0
2025-11-06,low_turnover_stable_ranking_v2,10000.0,10000.0,10000.0,0.0,1.0,0.0,0
2025-11-07,low_turnover_stable_ranking_v2,10000.0,10000.0,10000.0,0.0,1.0,0.0,0
2025-11-10,low_turnover_stable_ranking_v2,10000.0,10000.0,10000.0,0.0,1.0,0.0,0
2025-11-11,low_turnover_stable_ranking_v2,10000.0,10000.0,10000.0,0.0,1.0,0.0,0
2025-11-12,low_turnover_stable_ranking_v2,10000.0,10000.0,10000.0,0.0,1.0,0.0,0
2025-11-13,low_turnover_stable_ranking_v2,10000.0,10000.0,10000.0,0.0,1.0,0.0,0
2025-11-14,low_turnover_stable_ranking_v2,10000.0,10000.0,10000.0,0.0,1.0,0.0,0
2025-11-17,low_turnover_stable_ranking_v2,10000.0,10000.0,10000.0,0.0,1.0,0.0,0
2025-11-18,low_turnover_stable_ranking_v2,10000.0,10000.0,10000.0,0.0,1.0,0.0,0
2025-11-19,low_turnover_stable_ranking_v2,10000.0,10000.0,10000.0,0.0,1.0,0.0,0
2025-11-20,low_turnover_stable_ranking_v2,10000.0,10000.0,10000.0,0.0,1.0,0.0,0
2025-11-21,low_turnover_stable_ranking_v2,10000.0,10000.0,10000.0,0.0,1.0,0.0,0
2025-11-24,low_turnover_stable_ranking_v2,10000.0,10000.0,10000.0,0.0,1.0,0.0,0
2025-11-25,low_turnover_stable_ranking_v2,10000.0,10000.0,10000.0,0.0,1.0,0.0,0
2025-11-26,low_turnover_stable_ranking_v2,10000.0,10000.0,10000.0,0.0,1.0,0.0,0
2025-11-27,low_turnover_stable_ranking_v2,10000.0,10000.0,10000.0,0.0,1.0,0.0,0
2025-11-28,low_turnover_stable_ranking_v2,10000.0,10000.0,10000.0,0.0,1.0,0.0,0
2025-12-01,low_turnover_stable_ranking_v2,10000.0,10000.0,10000.0,0.0,1.0,0.0,0
2025-12-02,low_turnover_stable_ranking_v2,10000.0,10000.0,10000.0,0.0,1.0,0.0,0
2025-12-03,low_turnover_stable_ranking_v2,10000.0,10000.0,10000.0,0.0,1.0,0.0,0
2025-12-04,low_turnover_stable_ranking_v2,10000.0,10000.0,10000.0,0.0,1.0,0.0,0
2025-12-05,low_turnover_stable_ranking_v2,10000.0,10000.0,10000.0,0.0,1.0,0.0,0
2025-12-08,low_turnover_stable_ranking_v2,10000.0,10000.0,10000.0,0.0,1.0,0.0,0
2025-12-09,low_turnover_stable_ranking_v2,10000.0,10000.0,10000.0,0.0,1.0,0.0,0
2025-12-10,low_turnover_stable_ranking_v2,10000.0,10000.0,10000.0,0.0,1.0,0.0,0
2025-12-11,low_turnover_stable_ranking_v2,10000.0,10000.0,10000.0,0.0,1.0,0.0,0
2025-12-12,low_turnover_stable_ranking_v2,10000.0,10000.0,10000.0,0.0,1.0,0.0,0
2025-12-15,low_turnover_stable_ranking_v2,10000.0,10000.0,10000.0,0.0,1.0,0.0,0
2025-12-16,low_turnover_stable_ranking_v2,10000.0,10000.0,10000.0,0.0,1.0,0.0,0
2025-12-17,low_turnover_stable_ranking_v2,10000.0,10000.0,10000.0,0.0,1.0,0.0,0
2025-12-18,low_turnover_stable_ranking_v2,10000.0,10000.0,10000.0,0.0,1.0,0.0,0
2025-12-19,low_turnover_stable_ranking_v2,10000.0,10000.0,10000.0,0.0,1.0,0.0,0
2025-12-22,low_turnover_stable_ranking_v2,10000.0,10000.0,10000.0,0.0,1.0,0.0,0
2025-12-23,low_turnover_stable_ranking_v2,10000.0,10000.0,10000.0,0.0,1.0,0.0,0
2025-12-24,low_turnover_stable_ranking_v2,10000.0,10000.0,10000.0,0.0,1.0,0.0,0
2025-12-25,low_turnover_stable_ranking_v2,10000.0,10000.0,10000.0,0.0,1.0,0.0,0
2025-12-26,low_turnover_stable_ranking_v2,10000.0,10000.0,10000.0,0.0,1.0,0.0,0
2025-12-29,low_turnover_stable_ranking_v2,10000.0,10000.0,10000.0,0.0,1.0,0.0,0
2025-12-30,low_turnover_stable_ranking_v2,10000.0,10000.0,10000.0,0.0,1.0,0.0,0
2025-12-31,low_turnover_stable_ranking_v2,10000.0,10000.0,10000.0,0.0,1.0,0.0,0
2026-01-05,low_turnover_stable_ranking_v2,10000.0,10000.0,10000.0,0.0,1.0,0.0,0
2026-01-06,low_turnover_stable_ranking_v2,10000.0,10000.0,10000.0,0.0,1.0,0.0,0
2026-01-07,low_turnover_stable_ranking_v2,10000.0,10000.0,10000.0,0.0,1.0,0.0,0
2026-01-08,low_turnover_stable_ranking_v2,10000.0,10000.0,10000.0,0.0,1.0,0.0,0
2026-01-09,low_turnover_stable_ranking_v2,10000.0,10000.0,10000.0,0.0,1.0,0.0,0
2026-01-12,low_turnover_stable_ranking_v2,10000.0,10000.0,10000.0,0.0,1.0,0.0,0
2026-01-13,low_turnover_stable_ranking_v2,10000.0,10000.0,10000.0,0.0,1.0,0.0,0
2026-01-14,low_turnover_stable_ranking_v2,10000.0,10000.0,10000.0,0.0,1.0,0.0,0
2026-01-15,low_turnover_stable_ranking_v2,10000.0,10000.0,10000.0,0.0,1.0,0.0,0
2026-01-16,low_turnover_stable_ranking_v2,10000.0,10000.0,10000.0,0.0,1.0,0.0,0
2026-01-19,low_turnover_stable_ranking_v2,10000.0,10000.0,10000.0,0.0,1.0,0.0,0
2026-01-20,low_turnover_stable_ranking_v2,10000.0,10000.0,10000.0,0.0,1.0,0.0,0
2026-01-21,low_turnover_stable_ranking_v2,10000.0,10000.0,10000.0,0.0,1.0,0.0,0
2026-01-22,low_turnover_stable_ranking_v2,10000.0,10000.0,10000.0,0.0,1.0,0.0,0
2026-01-23,low_turnover_stable_ranking_v2,10000.0,10000.0,10000.0,0.0,1.0,0.0,0
2026-01-26,low_turnover_stable_ranking_v2,10000.0,10000.0,10000.0,0.0,1.0,0.0,0
2026-01-27,low_turnover_stable_ranking_v2,10000.0,10000.0,10000.0,0.0,1.0,0.0,0
2026-01-28,low_turnover_stable_ranking_v2,10000.0,10000.0,10000.0,0.0,1.0,0.0,0
2026-01-29,low_turnover_stable_ranking_v2,10000.0,10000.0,10000.0,0.0,1.0,0.0,0
2026-01-30,low_turnover_stable_ranking_v2,10000.0,10000.0,10000.0,0.0,1.0,0.0,0
2026-02-02,low_turnover_stable_ranking_v2,10000.0,10000.0,10000.0,0.0,1.0,0.0,0
2026-02-03,low_turnover_stable_ranking_v2,10000.0,10000.0,10000.0,0.0,1.0,0.0,0
2026-02-04,low_turnover_stable_ranking_v2,10000.0,10000.0,10000.0,0.0,1.0,0.0,0
2026-02-05,low_turnover_stable_ranking_v2,10000.0,10000.0,10000.0,0.0,1.0,0.0,0
2026-02-06,low_turnover_stable_ranking_v2,10000.0,10000.0,10000.0,0.0,1.0,0.0,0
2026-02-09,low_turnover_stable_ranking_v2,10000.0,10000.0,10000.0,0.0,1.0,0.0,0
2026-02-10,low_turnover_stable_ranking_v2,10000.0,10000.0,10000.0,0.0,1.0,0.0,0
2026-02-11,low_turnover_stable_ranking_v2,10000.0,10000.0,10000.0,0.0,1.0,0.0,0
2026-02-12,low_turnover_stable_ranking_v2,10000.0,10000.0,10000.0,0.0,1.0,0.0,0
2026-02-13,low_turnover_stable_ranking_v2,10000.0,10000.0,10000.0,0.0,1.0,0.0,0
2026-02-24,low_turnover_stable_ranking_v2,10000.0,10000.0,10000.0,0.0,1.0,0.0,0
2026-02-25,low_turnover_stable_ranking_v2,10000.0,10000.0,10000.0,0.0,1.0,0.0,0
2026-02-26,low_turnover_stable_ranking_v2,10000.0,10000.0,10000.0,0.0,1.0,0.0,0
2026-02-27,low_turnover_stable_ranking_v2,10000.0,10000.0,10000.0,0.0,1.0,0.0,0
2026-03-02,low_turnover_stable_ranking_v2,10000.0,10000.0,10000.0,0.0,1.0,0.0,0
2026-03-03,low_turnover_stable_ranking_v2,10000.0,10000.0,10000.0,0.0,1.0,0.0,0
2026-03-04,low_turnover_stable_ranking_v2,10000.0,10000.0,10000.0,0.0,1.0,0.0,0
2026-03-05,low_turnover_stable_ranking_v2,10000.0,10000.0,10000.0,0.0,1.0,0.0,0
2026-03-06,low_turnover_stable_ranking_v2,10000.0,10000.0,10000.0,0.0,1.0,0.0,0
2026-03-09,low_turnover_stable_ranking_v2,10000.0,10000.0,10000.0,0.0,1.0,0.0,0
2026-03-10,low_turnover_stable_ranking_v2,10000.0,10000.0,10000.0,0.0,1.0,0.0,0
2026-03-11,low_turnover_stable_ranking_v2,10000.0,10000.0,10000.0,0.0,1.0,0.0,0
2026-03-12,low_turnover_stable_ranking_v2,10000.0,10000.0,10000.0,0.0,1.0,0.0,0
2026-03-13,low_turnover_stable_ranking_v2,10000.0,10000.0,10000.0,0.0,1.0,0.0,0
2026-03-16,low_turnover_stable_ranking_v2,10000.0,10000.0,10000.0,0.0,1.0,0.0,0
2026-03-17,low_turnover_stable_ranking_v2,10000.0,10000.0,10000.0,0.0,1.0,0.0,0
2026-03-18,low_turnover_stable_ranking_v2,10000.0,10000.0,10000.0,0.0,1.0,0.0,0
2026-03-19,low_turnover_stable_ranking_v2,10000.0,10000.0,10000.0,0.0,1.0,0.0,0
2026-03-20,low_turnover_stable_ranking_v2,10000.0,10000.0,10000.0,0.0,1.0,0.0,0
2026-03-23,low_turnover_stable_ranking_v2,10000.0,10000.0,10000.0,0.0,1.0,0.0,0
2026-03-24,low_turnover_stable_ranking_v2,10000.0,10000.0,10000.0,0.0,1.0,0.0,0
2026-03-25,low_turnover_stable_ranking_v2,10000.0,10000.0,10000.0,0.0,1.0,0.0,0
2026-03-26,low_turnover_stable_ranking_v2,10000.0,10000.0,10000.0,0.0,1.0,0.0,0
2026-03-27,low_turnover_stable_ranking_v2,10000.0,10000.0,10000.0,0.0,1.0,0.0,0
2026-03-30,low_turnover_stable_ranking_v2,10000.0,10000.0,10000.0,0.0,1.0,0.0,0
2026-03-31,low_turnover_stable_ranking_v2,10000.0,10000.0,10000.0,0.0,1.0,0.0,0
2026-04-01,low_turnover_stable_ranking_v2,10000.0,10000.0,10000.0,0.0,1.0,0.0,0
2026-04-02,low_turnover_stable_ranking_v2,10000.0,10000.0,10000.0,0.0,1.0,0.0,0
2026-04-03,low_turnover_stable_ranking_v2,10000.0,10000.0,10000.0,0.0,1.0,0.0,0
2026-04-07,low_turnover_stable_ranking_v2,10000.0,10000.0,10000.0,0.0,1.0,0.0,0
2026-04-08,low_turnover_stable_ranking_v2,10000.0,10000.0,10000.0,0.0,1.0,0.0,0
2026-04-09,low_turnover_stable_ranking_v2,10000.0,10000.0,10000.0,0.0,1.0,0.0,0
2026-04-10,low_turnover_stable_ranking_v2,10000.0,10000.0,10000.0,0.0,1.0,0.0,0
2026-04-13,low_turnover_stable_ranking_v2,10000.0,10000.0,10000.0,0.0,1.0,0.0,0
2026-04-14,low_turnover_stable_ranking_v2,10000.0,10000.0,10000.0,0.0,1.0,0.0,0
2026-04-15,low_turnover_stable_ranking_v2,10000.0,10000.0,10000.0,0.0,1.0,0.0,0
2026-04-16,low_turnover_stable_ranking_v2,10000.0,10000.0,10000.0,0.0,1.0,0.0,0
2026-04-17,low_turnover_stable_ranking_v2,10000.0,10000.0,10000.0,0.0,1.0,0.0,0
2026-04-20,low_turnover_stable_ranking_v2,10000.0,10000.0,10000.0,0.0,1.0,0.0,0
2026-04-21,low_turnover_stable_ranking_v2,10000.0,10000.0,10000.0,0.0,1.0,0.0,0
2026-04-22,low_turnover_stable_ranking_v2,10000.0,10000.0,10000.0,0.0,1.0,0.0,0
2026-04-23,low_turnover_stable_ranking_v2,10000.0,10000.0,10000.0,0.0,1.0,0.0,0
2026-04-24,low_turnover_stable_ranking_v2,10000.0,10000.0,10000.0,0.0,1.0,0.0,0
2026-04-27,low_turnover_stable_ranking_v2,10000.0,10000.0,10000.0,0.0,1.0,0.0,0
2026-04-28,low_turnover_stable_ranking_v2,10000.0,10000.0,10000.0,0.0,1.0,0.0,0
2026-04-29,low_turnover_stable_ranking_v2,10000.0,10000.0,10000.0,0.0,1.0,0.0,0
2026-04-30,low_turnover_stable_ranking_v2,10000.0,10000.0,10000.0,0.0,1.0,0.0,0
2026-05-06,low_turnover_stable_ranking_v2,10000.0,10000.0,10000.0,0.0,1.0,0.0,0
2026-05-07,low_turnover_stable_ranking_v2,10000.0,10000.0,10000.0,0.0,1.0,0.0,0
2026-05-08,low_turnover_stable_ranking_v2,10000.0,10000.0,10000.0,0.0,1.0,0.0,0
2026-05-11,low_turnover_stable_ranking_v2,10000.0,10000.0,10000.0,0.0,1.0,0.0,0
2026-05-12,low_turnover_stable_ranking_v2,10000.0,10000.0,10000.0,0.0,1.0,0.0,0
2026-05-13,low_turnover_stable_ranking_v2,10000.0,10000.0,10000.0,0.0,1.0,0.0,0
2026-05-14,low_turnover_stable_ranking_v2,10000.0,10000.0,10000.0,0.0,1.0,0.0,0
2026-05-15,low_turnover_stable_ranking_v2,10000.0,10000.0,10000.0,0.0,1.0,0.0,0
2026-05-18,low_turnover_stable_ranking_v2,10000.0,10000.0,10000.0,0.0,1.0,0.0,0
2026-05-19,low_turnover_stable_ranking_v2,10000.0,10000.0,10000.0,0.0,1.0,0.0,0
2026-05-20,low_turnover_stable_ranking_v2,10000.0,10000.0,10000.0,0.0,1.0,0.0,0
2026-05-21,low_turnover_stable_ranking_v2,10000.0,10000.0,10000.0,0.0,1.0,0.0,0
2026-05-22,low_turnover_stable_ranking_v2,10000.0,10000.0,10000.0,0.0,1.0,0.0,0
2026-05-25,low_turnover_stable_ranking_v2,10000.0,10000.0,10000.0,0.0,1.0,0.0,0
2026-05-26,low_turnover_stable_ranking_v2,10000.0,10000.0,10000.0,0.0,1.0,0.0,0
2026-05-27,low_turnover_stable_ranking_v2,10000.0,10000.0,10000.0,0.0,1.0,0.0,0
2026-05-28,low_turnover_stable_ranking_v2,10000.0,10000.0,10000.0,0.0,1.0,0.0,0
2026-05-29,low_turnover_stable_ranking_v2,10000.0,10000.0,10000.0,0.0,1.0,0.0,0
2026-06-01,low_turnover_stable_ranking_v2,10000.0,10000.0,10000.0,0.0,1.0,0.0,0
2026-06-02,low_turnover_stable_ranking_v2,10000.0,10000.0,10000.0,0.0,1.0,0.0,0
2026-06-03,low_turnover_stable_ranking_v2,10000.0,10000.0,10000.0,0.0,1.0,0.0,0
2026-06-04,low_turnover_stable_ranking_v2,10000.0,10000.0,10000.0,0.0,1.0,0.0,0
2026-06-05,low_turnover_stable_ranking_v2,10000.0,10000.0,10000.0,0.0,1.0,0.0,0
2026-06-08,low_turnover_stable_ranking_v2,10000.0,10000.0,10000.0,0.0,1.0,0.0,0
2026-06-09,low_turnover_stable_ranking_v2,10000.0,10000.0,10000.0,0.0,1.0,0.0,0
2026-06-10,low_turnover_stable_ranking_v2,10000.0,10000.0,10000.0,0.0,1.0,0.0,0
2026-06-11,low_turnover_stable_ranking_v2,10000.0,10000.0,10000.0,0.0,1.0,0.0,0
2026-06-12,low_turnover_stable_ranking_v2,10000.0,10000.0,10000.0,0.0,1.0,0.0,0
2026-06-15,low_turnover_stable_ranking_v2,10000.0,10000.0,10000.0,0.0,1.0,0.0,0
2026-06-16,low_turnover_stable_ranking_v2,10000.0,10000.0,10000.0,0.0,1.0,0.0,0
2026-06-17,low_turnover_stable_ranking_v2,10000.0,10000.0,10000.0,0.0,1.0,0.0,0
2026-06-18,low_turnover_stable_ranking_v2,10000.0,10000.0,10000.0,0.0,1.0,0.0,0
2025-05-30,risk_aware_adjusted_ranking_v2,10000.0,10000.0,10000.0,0.0,1.0,0.0,0
2025-05-30,risk_aware_adjusted_ranking_v2,10000.0,10000.0,10000.0,0.0,1.0,0.0,0
2025-06-03,risk_aware_adjusted_ranking_v2,10000.0,10000.0,10000.0,0.0,1.0,0.0,0
2025-06-04,risk_aware_adjusted_ranking_v2,10000.0,10000.0,10000.0,0.0,1.0,0.0,0
2025-06-05,risk_aware_adjusted_ranking_v2,10000.0,10000.0,10000.0,0.0,1.0,0.0,0
2025-06-06,risk_aware_adjusted_ranking_v2,10000.0,10000.0,10000.0,0.0,1.0,0.0,0
2025-06-09,risk_aware_adjusted_ranking_v2,10000.0,10000.0,10000.0,0.0,1.0,0.0,0
2025-06-10,risk_aware_adjusted_ranking_v2,10000.0,10000.0,10000.0,0.0,1.0,0.0,0
2025-06-11,risk_aware_adjusted_ranking_v2,10000.0,10000.0,10000.0,0.0,1.0,0.0,0
2025-06-12,risk_aware_adjusted_ranking_v2,10000.0,10000.0,10000.0,0.0,1.0,0.0,0
2025-06-13,risk_aware_adjusted_ranking_v2,10000.0,10000.0,10000.0,0.0,1.0,0.0,0
2025-06-16,risk_aware_adjusted_ranking_v2,10000.0,10000.0,10000.0,0.0,1.0,0.0,0
2025-06-17,risk_aware_adjusted_ranking_v2,10000.0,10000.0,10000.0,0.0,1.0,0.0,0
2025-06-18,risk_aware_adjusted_ranking_v2,10000.0,10000.0,10000.0,0.0,1.0,0.0,0
2025-06-19,risk_aware_adjusted_ranking_v2,10000.0,10000.0,10000.0,0.0,1.0,0.0,0
2025-06-20,risk_aware_adjusted_ranking_v2,10000.0,10000.0,10000.0,0.0,1.0,0.0,0
2025-06-23,risk_aware_adjusted_ranking_v2,10000.0,10000.0,10000.0,0.0,1.0,0.0,0
2025-06-24,risk_aware_adjusted_ranking_v2,10000.0,10000.0,10000.0,0.0,1.0,0.0,0
2025-06-25,risk_aware_adjusted_ranking_v2,10000.0,10000.0,10000.0,0.0,1.0,0.0,0
2025-06-26,risk_aware_adjusted_ranking_v2,10000.0,10000.0,10000.0,0.0,1.0,0.0,0
2025-06-27,risk_aware_adjusted_ranking_v2,10000.0,10000.0,10000.0,0.0,1.0,0.0,0
2025-06-30,risk_aware_adjusted_ranking_v2,10000.0,10000.0,10000.0,0.0,1.0,0.0,0
2025-07-01,risk_aware_adjusted_ranking_v2,10000.0,10000.0,10000.0,0.0,1.0,0.0,0
2025-07-02,risk_aware_adjusted_ranking_v2,10000.0,10000.0,10000.0,0.0,1.0,0.0,0
2025-07-03,risk_aware_adjusted_ranking_v2,10000.0,10000.0,10000.0,0.0,1.0,0.0,0
2025-07-04,risk_aware_adjusted_ranking_v2,10000.0,10000.0,10000.0,0.0,1.0,0.0,0
2025-07-07,risk_aware_adjusted_ranking_v2,10000.0,10000.0,10000.0,0.0,1.0,0.0,0
2025-07-08,risk_aware_adjusted_ranking_v2,10000.0,10000.0,10000.0,0.0,1.0,0.0,0
2025-07-09,risk_aware_adjusted_ranking_v2,10000.0,10000.0,10000.0,0.0,1.0,0.0,0
2025-07-10,risk_aware_adjusted_ranking_v2,10000.0,10000.0,10000.0,0.0,1.0,0.0,0
2025-07-11,risk_aware_adjusted_ranking_v2,10000.0,10000.0,10000.0,0.0,1.0,0.0,0
2025-07-14,risk_aware_adjusted_ranking_v2,10000.0,10000.0,10000.0,0.0,1.0,0.0,0
2025-07-15,risk_aware_adjusted_ranking_v2,10000.0,10000.0,10000.0,0.0,1.0,0.0,0
2025-07-16,risk_aware_adjusted_ranking_v2,10000.0,10000.0,10000.0,0.0,1.0,0.0,0
2025-07-17,risk_aware_adjusted_ranking_v2,10000.0,10000.0,10000.0,0.0,1.0,0.0,0
2025-07-18,risk_aware_adjusted_ranking_v2,10000.0,10000.0,10000.0,0.0,1.0,0.0,0
2025-07-21,risk_aware_adjusted_ranking_v2,10000.0,10000.0,10000.0,0.0,1.0,0.0,0
2025-07-22,risk_aware_adjusted_ranking_v2,10000.0,10000.0,10000.0,0.0,1.0,0.0,0
2025-07-23,risk_aware_adjusted_ranking_v2,10000.0,10000.0,10000.0,0.0,1.0,0.0,0
2025-07-24,risk_aware_adjusted_ranking_v2,10000.0,10000.0,10000.0,0.0,1.0,0.0,0
2025-07-25,risk_aware_adjusted_ranking_v2,10000.0,10000.0,10000.0,0.0,1.0,0.0,0
2025-07-28,risk_aware_adjusted_ranking_v2,10000.0,10000.0,10000.0,0.0,1.0,0.0,0
2025-07-29,risk_aware_adjusted_ranking_v2,10000.0,10000.0,10000.0,0.0,1.0,0.0,0
2025-07-30,risk_aware_adjusted_ranking_v2,10000.0,10000.0,10000.0,0.0,1.0,0.0,0
2025-07-31,risk_aware_adjusted_ranking_v2,10000.0,10000.0,10000.0,0.0,1.0,0.0,0
2025-08-01,risk_aware_adjusted_ranking_v2,10000.0,10000.0,10000.0,0.0,1.0,0.0,0
2025-08-04,risk_aware_adjusted_ranking_v2,10000.0,10000.0,10000.0,0.0,1.0,0.0,0
2025-08-05,risk_aware_adjusted_ranking_v2,10000.0,10000.0,10000.0,0.0,1.0,0.0,0
2025-08-06,risk_aware_adjusted_ranking_v2,10000.0,10000.0,10000.0,0.0,1.0,0.0,0
2025-08-07,risk_aware_adjusted_ranking_v2,10000.0,10000.0,10000.0,0.0,1.0,0.0,0
2025-08-08,risk_aware_adjusted_ranking_v2,10000.0,10000.0,10000.0,0.0,1.0,0.0,0
2025-08-11,risk_aware_adjusted_ranking_v2,10000.0,10000.0,10000.0,0.0,1.0,0.0,0
2025-08-12,risk_aware_adjusted_ranking_v2,10000.0,10000.0,10000.0,0.0,1.0,0.0,0
2025-08-13,risk_aware_adjusted_ranking_v2,10000.0,10000.0,10000.0,0.0,1.0,0.0,0
2025-08-14,risk_aware_adjusted_ranking_v2,10000.0,10000.0,10000.0,0.0,1.0,0.0,0
2025-08-15,risk_aware_adjusted_ranking_v2,10000.0,10000.0,10000.0,0.0,1.0,0.0,0
2025-08-18,risk_aware_adjusted_ranking_v2,10000.0,10000.0,10000.0,0.0,1.0,0.0,0
2025-08-19,risk_aware_adjusted_ranking_v2,10000.0,10000.0,10000.0,0.0,1.0,0.0,0
2025-08-20,risk_aware_adjusted_ranking_v2,10000.0,10000.0,10000.0,0.0,1.0,0.0,0
2025-08-21,risk_aware_adjusted_ranking_v2,10000.0,10000.0,10000.0,0.0,1.0,0.0,0
2025-08-22,risk_aware_adjusted_ranking_v2,10000.0,10000.0,10000.0,0.0,1.0,0.0,0
2025-08-25,risk_aware_adjusted_ranking_v2,10000.0,10000.0,10000.0,0.0,1.0,0.0,0
2025-08-26,risk_aware_adjusted_ranking_v2,10000.0,10000.0,10000.0,0.0,1.0,0.0,0
2025-08-27,risk_aware_adjusted_ranking_v2,10000.0,10000.0,10000.0,0.0,1.0,0.0,0
2025-08-28,risk_aware_adjusted_ranking_v2,10000.0,10000.0,10000.0,0.0,1.0,0.0,0
2025-08-29,risk_aware_adjusted_ranking_v2,10000.0,10000.0,10000.0,0.0,1.0,0.0,0
2025-09-01,risk_aware_adjusted_ranking_v2,10000.0,10000.0,10000.0,0.0,1.0,0.0,0
2025-09-02,risk_aware_adjusted_ranking_v2,10000.0,10000.0,10000.0,0.0,1.0,0.0,0
2025-09-03,risk_aware_adjusted_ranking_v2,10000.0,10000.0,10000.0,0.0,1.0,0.0,0
2025-09-04,risk_aware_adjusted_ranking_v2,10000.0,10000.0,10000.0,0.0,1.0,0.0,0
2025-09-05,risk_aware_adjusted_ranking_v2,10000.0,10000.0,10000.0,0.0,1.0,0.0,0
2025-09-08,risk_aware_adjusted_ranking_v2,10000.0,10000.0,10000.0,0.0,1.0,0.0,0
2025-09-09,risk_aware_adjusted_ranking_v2,10000.0,10000.0,10000.0,0.0,1.0,0.0,0
2025-09-10,risk_aware_adjusted_ranking_v2,10000.0,10000.0,10000.0,0.0,1.0,0.0,0
2025-09-11,risk_aware_adjusted_ranking_v2,10000.0,10000.0,10000.0,0.0,1.0,0.0,0
2025-09-12,risk_aware_adjusted_ranking_v2,10000.0,10000.0,10000.0,0.0,1.0,0.0,0
2025-09-15,risk_aware_adjusted_ranking_v2,10000.0,10000.0,10000.0,0.0,1.0,0.0,0
2025-09-16,risk_aware_adjusted_ranking_v2,10000.0,10000.0,10000.0,0.0,1.0,0.0,0
2025-09-17,risk_aware_adjusted_ranking_v2,10000.0,10000.0,10000.0,0.0,1.0,0.0,0
2025-09-18,risk_aware_adjusted_ranking_v2,10000.0,10000.0,10000.0,0.0,1.0,0.0,0
2025-09-19,risk_aware_adjusted_ranking_v2,10000.0,10000.0,10000.0,0.0,1.0,0.0,0
2025-09-22,risk_aware_adjusted_ranking_v2,10000.0,10000.0,10000.0,0.0,1.0,0.0,0
2025-09-23,risk_aware_adjusted_ranking_v2,10000.0,10000.0,10000.0,0.0,1.0,0.0,0
2025-09-24,risk_aware_adjusted_ranking_v2,10000.0,10000.0,10000.0,0.0,1.0,0.0,0
2025-09-25,risk_aware_adjusted_ranking_v2,10000.0,10000.0,10000.0,0.0,1.0,0.0,0
2025-09-26,risk_aware_adjusted_ranking_v2,10000.0,10000.0,10000.0,0.0,1.0,0.0,0
2025-09-29,risk_aware_adjusted_ranking_v2,10000.0,10000.0,10000.0,0.0,1.0,0.0,0
2025-09-30,risk_aware_adjusted_ranking_v2,10000.0,10000.0,10000.0,0.0,1.0,0.0,0
2025-10-09,risk_aware_adjusted_ranking_v2,10000.0,10000.0,10000.0,0.0,1.0,0.0,0
2025-10-10,risk_aware_adjusted_ranking_v2,10000.0,10000.0,10000.0,0.0,1.0,0.0,0
2025-10-13,risk_aware_adjusted_ranking_v2,10000.0,10000.0,10000.0,0.0,1.0,0.0,0
2025-10-14,risk_aware_adjusted_ranking_v2,10000.0,10000.0,10000.0,0.0,1.0,0.0,0
2025-10-15,risk_aware_adjusted_ranking_v2,10000.0,10000.0,10000.0,0.0,1.0,0.0,0
2025-10-16,risk_aware_adjusted_ranking_v2,10000.0,10000.0,10000.0,0.0,1.0,0.0,0
2025-10-17,risk_aware_adjusted_ranking_v2,10000.0,10000.0,10000.0,0.0,1.0,0.0,0
2025-10-20,risk_aware_adjusted_ranking_v2,10000.0,10000.0,10000.0,0.0,1.0,0.0,0
2025-10-21,risk_aware_adjusted_ranking_v2,10000.0,10000.0,10000.0,0.0,1.0,0.0,0
2025-10-22,risk_aware_adjusted_ranking_v2,10000.0,10000.0,10000.0,0.0,1.0,0.0,0
2025-10-23,risk_aware_adjusted_ranking_v2,10000.0,10000.0,10000.0,0.0,1.0,0.0,0
2025-10-24,risk_aware_adjusted_ranking_v2,10000.0,10000.0,10000.0,0.0,1.0,0.0,0
2025-10-27,risk_aware_adjusted_ranking_v2,10000.0,10000.0,10000.0,0.0,1.0,0.0,0
2025-10-28,risk_aware_adjusted_ranking_v2,10000.0,10000.0,10000.0,0.0,1.0,0.0,0
2025-10-29,risk_aware_adjusted_ranking_v2,10000.0,10000.0,10000.0,0.0,1.0,0.0,0
2025-10-30,risk_aware_adjusted_ranking_v2,10000.0,10000.0,10000.0,0.0,1.0,0.0,0
2025-10-31,risk_aware_adjusted_ranking_v2,10000.0,10000.0,10000.0,0.0,1.0,0.0,0
2025-11-03,risk_aware_adjusted_ranking_v2,10000.0,10000.0,10000.0,0.0,1.0,0.0,0
2025-11-04,risk_aware_adjusted_ranking_v2,10000.0,10000.0,10000.0,0.0,1.0,0.0,0
2025-11-05,risk_aware_adjusted_ranking_v2,10000.0,10000.0,10000.0,0.0,1.0,0.0,0
2025-11-06,risk_aware_adjusted_ranking_v2,10000.0,10000.0,10000.0,0.0,1.0,0.0,0
2025-11-07,risk_aware_adjusted_ranking_v2,10000.0,10000.0,10000.0,0.0,1.0,0.0,0
2025-11-10,risk_aware_adjusted_ranking_v2,10000.0,10000.0,10000.0,0.0,1.0,0.0,0
2025-11-11,risk_aware_adjusted_ranking_v2,10000.0,10000.0,10000.0,0.0,1.0,0.0,0
2025-11-12,risk_aware_adjusted_ranking_v2,10000.0,10000.0,10000.0,0.0,1.0,0.0,0
2025-11-13,risk_aware_adjusted_ranking_v2,10000.0,10000.0,10000.0,0.0,1.0,0.0,0
2025-11-14,risk_aware_adjusted_ranking_v2,10000.0,10000.0,10000.0,0.0,1.0,0.0,0
2025-11-17,risk_aware_adjusted_ranking_v2,10000.0,10000.0,10000.0,0.0,1.0,0.0,0
2025-11-18,risk_aware_adjusted_ranking_v2,10000.0,10000.0,10000.0,0.0,1.0,0.0,0
2025-11-19,risk_aware_adjusted_ranking_v2,10000.0,10000.0,10000.0,0.0,1.0,0.0,0
2025-11-20,risk_aware_adjusted_ranking_v2,10000.0,10000.0,10000.0,0.0,1.0,0.0,0
2025-11-21,risk_aware_adjusted_ranking_v2,10000.0,10000.0,10000.0,0.0,1.0,0.0,0
2025-11-24,risk_aware_adjusted_ranking_v2,10000.0,10000.0,10000.0,0.0,1.0,0.0,0
2025-11-25,risk_aware_adjusted_ranking_v2,10000.0,10000.0,10000.0,0.0,1.0,0.0,0
2025-11-26,risk_aware_adjusted_ranking_v2,10000.0,10000.0,10000.0,0.0,1.0,0.0,0
2025-11-27,risk_aware_adjusted_ranking_v2,10000.0,10000.0,10000.0,0.0,1.0,0.0,0
2025-11-28,risk_aware_adjusted_ranking_v2,10000.0,10000.0,10000.0,0.0,1.0,0.0,0
2025-12-01,risk_aware_adjusted_ranking_v2,10000.0,10000.0,10000.0,0.0,1.0,0.0,0
2025-12-02,risk_aware_adjusted_ranking_v2,10000.0,10000.0,10000.0,0.0,1.0,0.0,0
2025-12-03,risk_aware_adjusted_ranking_v2,10000.0,10000.0,10000.0,0.0,1.0,0.0,0
2025-12-04,risk_aware_adjusted_ranking_v2,10000.0,10000.0,10000.0,0.0,1.0,0.0,0
2025-12-05,risk_aware_adjusted_ranking_v2,10000.0,10000.0,10000.0,0.0,1.0,0.0,0
2025-12-08,risk_aware_adjusted_ranking_v2,10000.0,10000.0,10000.0,0.0,1.0,0.0,0
2025-12-09,risk_aware_adjusted_ranking_v2,10000.0,10000.0,10000.0,0.0,1.0,0.0,0
2025-12-10,risk_aware_adjusted_ranking_v2,10000.0,10000.0,10000.0,0.0,1.0,0.0,0
2025-12-11,risk_aware_adjusted_ranking_v2,10000.0,10000.0,10000.0,0.0,1.0,0.0,0
2025-12-12,risk_aware_adjusted_ranking_v2,10000.0,10000.0,10000.0,0.0,1.0,0.0,0
2025-12-15,risk_aware_adjusted_ranking_v2,10000.0,10000.0,10000.0,0.0,1.0,0.0,0
2025-12-16,risk_aware_adjusted_ranking_v2,10000.0,10000.0,10000.0,0.0,1.0,0.0,0
2025-12-17,risk_aware_adjusted_ranking_v2,10000.0,10000.0,10000.0,0.0,1.0,0.0,0
2025-12-18,risk_aware_adjusted_ranking_v2,10000.0,10000.0,10000.0,0.0,1.0,0.0,0
2025-12-19,risk_aware_adjusted_ranking_v2,10000.0,10000.0,10000.0,0.0,1.0,0.0,0
2025-12-22,risk_aware_adjusted_ranking_v2,10000.0,10000.0,10000.0,0.0,1.0,0.0,0
2025-12-23,risk_aware_adjusted_ranking_v2,10000.0,10000.0,10000.0,0.0,1.0,0.0,0
2025-12-24,risk_aware_adjusted_ranking_v2,10000.0,10000.0,10000.0,0.0,1.0,0.0,0
2025-12-25,risk_aware_adjusted_ranking_v2,10000.0,10000.0,10000.0,0.0,1.0,0.0,0
2025-12-26,risk_aware_adjusted_ranking_v2,10000.0,10000.0,10000.0,0.0,1.0,0.0,0
2025-12-29,risk_aware_adjusted_ranking_v2,10000.0,10000.0,10000.0,0.0,1.0,0.0,0
2025-12-30,risk_aware_adjusted_ranking_v2,10000.0,10000.0,10000.0,0.0,1.0,0.0,0
2025-12-31,risk_aware_adjusted_ranking_v2,10000.0,10000.0,10000.0,0.0,1.0,0.0,0
2026-01-05,risk_aware_adjusted_ranking_v2,10000.0,10000.0,10000.0,0.0,1.0,0.0,0
2026-01-06,risk_aware_adjusted_ranking_v2,10000.0,10000.0,10000.0,0.0,1.0,0.0,0
2026-01-07,risk_aware_adjusted_ranking_v2,10000.0,10000.0,10000.0,0.0,1.0,0.0,0
2026-01-08,risk_aware_adjusted_ranking_v2,10000.0,10000.0,10000.0,0.0,1.0,0.0,0
2026-01-09,risk_aware_adjusted_ranking_v2,10000.0,10000.0,10000.0,0.0,1.0,0.0,0
2026-01-12,risk_aware_adjusted_ranking_v2,10000.0,10000.0,10000.0,0.0,1.0,0.0,0
2026-01-13,risk_aware_adjusted_ranking_v2,10000.0,10000.0,10000.0,0.0,1.0,0.0,0
2026-01-14,risk_aware_adjusted_ranking_v2,10000.0,10000.0,10000.0,0.0,1.0,0.0,0
2026-01-15,risk_aware_adjusted_ranking_v2,10000.0,10000.0,10000.0,0.0,1.0,0.0,0
2026-01-16,risk_aware_adjusted_ranking_v2,10000.0,10000.0,10000.0,0.0,1.0,0.0,0
2026-01-19,risk_aware_adjusted_ranking_v2,10000.0,10000.0,10000.0,0.0,1.0,0.0,0
2026-01-20,risk_aware_adjusted_ranking_v2,10000.0,10000.0,10000.0,0.0,1.0,0.0,0
2026-01-21,risk_aware_adjusted_ranking_v2,10000.0,10000.0,10000.0,0.0,1.0,0.0,0
2026-01-22,risk_aware_adjusted_ranking_v2,10000.0,10000.0,10000.0,0.0,1.0,0.0,0
2026-01-23,risk_aware_adjusted_ranking_v2,10000.0,10000.0,10000.0,0.0,1.0,0.0,0
2026-01-26,risk_aware_adjusted_ranking_v2,10000.0,10000.0,10000.0,0.0,1.0,0.0,0
2026-01-27,risk_aware_adjusted_ranking_v2,10000.0,10000.0,10000.0,0.0,1.0,0.0,0
2026-01-28,risk_aware_adjusted_ranking_v2,10000.0,10000.0,10000.0,0.0,1.0,0.0,0
2026-01-29,risk_aware_adjusted_ranking_v2,10000.0,10000.0,10000.0,0.0,1.0,0.0,0
2026-01-30,risk_aware_adjusted_ranking_v2,10000.0,10000.0,10000.0,0.0,1.0,0.0,0
2026-02-02,risk_aware_adjusted_ranking_v2,10000.0,10000.0,10000.0,0.0,1.0,0.0,0
2026-02-03,risk_aware_adjusted_ranking_v2,10000.0,10000.0,10000.0,0.0,1.0,0.0,0
2026-02-04,risk_aware_adjusted_ranking_v2,10000.0,10000.0,10000.0,0.0,1.0,0.0,0
2026-02-05,risk_aware_adjusted_ranking_v2,10000.0,10000.0,10000.0,0.0,1.0,0.0,0
2026-02-06,risk_aware_adjusted_ranking_v2,10000.0,10000.0,10000.0,0.0,1.0,0.0,0
2026-02-09,risk_aware_adjusted_ranking_v2,10000.0,10000.0,10000.0,0.0,1.0,0.0,0
2026-02-10,risk_aware_adjusted_ranking_v2,10000.0,10000.0,10000.0,0.0,1.0,0.0,0
2026-02-11,risk_aware_adjusted_ranking_v2,10000.0,10000.0,10000.0,0.0,1.0,0.0,0
2026-02-12,risk_aware_adjusted_ranking_v2,10000.0,10000.0,10000.0,0.0,1.0,0.0,0
2026-02-13,risk_aware_adjusted_ranking_v2,10000.0,10000.0,10000.0,0.0,1.0,0.0,0
2026-02-24,risk_aware_adjusted_ranking_v2,10000.0,10000.0,10000.0,0.0,1.0,0.0,0
2026-02-25,risk_aware_adjusted_ranking_v2,10000.0,10000.0,10000.0,0.0,1.0,0.0,0
2026-02-26,risk_aware_adjusted_ranking_v2,10000.0,10000.0,10000.0,0.0,1.0,0.0,0
2026-02-27,risk_aware_adjusted_ranking_v2,10000.0,10000.0,10000.0,0.0,1.0,0.0,0
2026-03-02,risk_aware_adjusted_ranking_v2,10000.0,10000.0,10000.0,0.0,1.0,0.0,0
2026-03-03,risk_aware_adjusted_ranking_v2,10000.0,10000.0,10000.0,0.0,1.0,0.0,0
2026-03-04,risk_aware_adjusted_ranking_v2,10000.0,10000.0,10000.0,0.0,1.0,0.0,0
2026-03-05,risk_aware_adjusted_ranking_v2,10000.0,10000.0,10000.0,0.0,1.0,0.0,0
2026-03-06,risk_aware_adjusted_ranking_v2,10000.0,10000.0,10000.0,0.0,1.0,0.0,0
2026-03-09,risk_aware_adjusted_ranking_v2,10000.0,10000.0,10000.0,0.0,1.0,0.0,0
2026-03-10,risk_aware_adjusted_ranking_v2,10000.0,10000.0,10000.0,0.0,1.0,0.0,0
2026-03-11,risk_aware_adjusted_ranking_v2,10000.0,10000.0,10000.0,0.0,1.0,0.0,0
2026-03-12,risk_aware_adjusted_ranking_v2,10000.0,10000.0,10000.0,0.0,1.0,0.0,0
2026-03-13,risk_aware_adjusted_ranking_v2,10000.0,10000.0,10000.0,0.0,1.0,0.0,0
2026-03-16,risk_aware_adjusted_ranking_v2,10000.0,10000.0,10000.0,0.0,1.0,0.0,0
2026-03-17,risk_aware_adjusted_ranking_v2,10000.0,10000.0,10000.0,0.0,1.0,0.0,0
2026-03-18,risk_aware_adjusted_ranking_v2,10000.0,10000.0,10000.0,0.0,1.0,0.0,0
2026-03-19,risk_aware_adjusted_ranking_v2,10000.0,10000.0,10000.0,0.0,1.0,0.0,0
2026-03-20,risk_aware_adjusted_ranking_v2,10000.0,10000.0,10000.0,0.0,1.0,0.0,0
2026-03-23,risk_aware_adjusted_ranking_v2,10000.0,10000.0,10000.0,0.0,1.0,0.0,0
2026-03-24,risk_aware_adjusted_ranking_v2,10000.0,10000.0,10000.0,0.0,1.0,0.0,0
2026-03-25,risk_aware_adjusted_ranking_v2,10000.0,10000.0,10000.0,0.0,1.0,0.0,0
2026-03-26,risk_aware_adjusted_ranking_v2,10000.0,10000.0,10000.0,0.0,1.0,0.0,0
2026-03-27,risk_aware_adjusted_ranking_v2,10000.0,10000.0,10000.0,0.0,1.0,0.0,0
2026-03-30,risk_aware_adjusted_ranking_v2,10000.0,10000.0,10000.0,0.0,1.0,0.0,0
2026-03-31,risk_aware_adjusted_ranking_v2,10000.0,10000.0,10000.0,0.0,1.0,0.0,0
2026-04-01,risk_aware_adjusted_ranking_v2,10000.0,10000.0,10000.0,0.0,1.0,0.0,0
2026-04-02,risk_aware_adjusted_ranking_v2,10000.0,10000.0,10000.0,0.0,1.0,0.0,0
2026-04-03,risk_aware_adjusted_ranking_v2,10000.0,10000.0,10000.0,0.0,1.0,0.0,0
2026-04-07,risk_aware_adjusted_ranking_v2,10000.0,10000.0,10000.0,0.0,1.0,0.0,0
2026-04-08,risk_aware_adjusted_ranking_v2,10000.0,10000.0,10000.0,0.0,1.0,0.0,0
2026-04-09,risk_aware_adjusted_ranking_v2,10000.0,10000.0,10000.0,0.0,1.0,0.0,0
2026-04-10,risk_aware_adjusted_ranking_v2,10000.0,10000.0,10000.0,0.0,1.0,0.0,0
2026-04-13,risk_aware_adjusted_ranking_v2,10000.0,10000.0,10000.0,0.0,1.0,0.0,0
2026-04-14,risk_aware_adjusted_ranking_v2,10000.0,10000.0,10000.0,0.0,1.0,0.0,0
2026-04-15,risk_aware_adjusted_ranking_v2,10000.0,10000.0,10000.0,0.0,1.0,0.0,0
2026-04-16,risk_aware_adjusted_ranking_v2,10000.0,10000.0,10000.0,0.0,1.0,0.0,0
2026-04-17,risk_aware_adjusted_ranking_v2,10000.0,10000.0,10000.0,0.0,1.0,0.0,0
2026-04-20,risk_aware_adjusted_ranking_v2,10000.0,10000.0,10000.0,0.0,1.0,0.0,0
2026-04-21,risk_aware_adjusted_ranking_v2,10000.0,10000.0,10000.0,0.0,1.0,0.0,0
2026-04-22,risk_aware_adjusted_ranking_v2,10000.0,10000.0,10000.0,0.0,1.0,0.0,0
2026-04-23,risk_aware_adjusted_ranking_v2,10000.0,10000.0,10000.0,0.0,1.0,0.0,0
2026-04-24,risk_aware_adjusted_ranking_v2,10000.0,10000.0,10000.0,0.0,1.0,0.0,0
2026-04-27,risk_aware_adjusted_ranking_v2,10000.0,10000.0,10000.0,0.0,1.0,0.0,0
2026-04-28,risk_aware_adjusted_ranking_v2,10000.0,10000.0,10000.0,0.0,1.0,0.0,0
2026-04-29,risk_aware_adjusted_ranking_v2,10000.0,10000.0,10000.0,0.0,1.0,0.0,0
2026-04-30,risk_aware_adjusted_ranking_v2,10000.0,10000.0,10000.0,0.0,1.0,0.0,0
2026-05-06,risk_aware_adjusted_ranking_v2,10000.0,10000.0,10000.0,0.0,1.0,0.0,0
2026-05-07,risk_aware_adjusted_ranking_v2,10000.0,10000.0,10000.0,0.0,1.0,0.0,0
2026-05-08,risk_aware_adjusted_ranking_v2,10000.0,10000.0,10000.0,0.0,1.0,0.0,0
2026-05-11,risk_aware_adjusted_ranking_v2,10000.0,10000.0,10000.0,0.0,1.0,0.0,0
2026-05-12,risk_aware_adjusted_ranking_v2,10000.0,10000.0,10000.0,0.0,1.0,0.0,0
2026-05-13,risk_aware_adjusted_ranking_v2,10000.0,10000.0,10000.0,0.0,1.0,0.0,0
2026-05-14,risk_aware_adjusted_ranking_v2,10000.0,10000.0,10000.0,0.0,1.0,0.0,0
2026-05-15,risk_aware_adjusted_ranking_v2,10000.0,10000.0,10000.0,0.0,1.0,0.0,0
2026-05-18,risk_aware_adjusted_ranking_v2,10000.0,10000.0,10000.0,0.0,1.0,0.0,0
2026-05-19,risk_aware_adjusted_ranking_v2,10000.0,10000.0,10000.0,0.0,1.0,0.0,0
2026-05-20,risk_aware_adjusted_ranking_v2,10000.0,10000.0,10000.0,0.0,1.0,0.0,0
2026-05-21,risk_aware_adjusted_ranking_v2,10000.0,10000.0,10000.0,0.0,1.0,0.0,0
2026-05-22,risk_aware_adjusted_ranking_v2,10000.0,10000.0,10000.0,0.0,1.0,0.0,0
2026-05-25,risk_aware_adjusted_ranking_v2,10000.0,10000.0,10000.0,0.0,1.0,0.0,0
2026-05-26,risk_aware_adjusted_ranking_v2,10000.0,10000.0,10000.0,0.0,1.0,0.0,0
2026-05-27,risk_aware_adjusted_ranking_v2,10000.0,10000.0,10000.0,0.0,1.0,0.0,0
2026-05-28,risk_aware_adjusted_ranking_v2,10000.0,10000.0,10000.0,0.0,1.0,0.0,0
2026-05-29,risk_aware_adjusted_ranking_v2,10000.0,10000.0,10000.0,0.0,1.0,0.0,0
2026-06-01,risk_aware_adjusted_ranking_v2,10000.0,10000.0,10000.0,0.0,1.0,0.0,0
2026-06-02,risk_aware_adjusted_ranking_v2,10000.0,10000.0,10000.0,0.0,1.0,0.0,0
2026-06-03,risk_aware_adjusted_ranking_v2,10000.0,10000.0,10000.0,0.0,1.0,0.0,0
2026-06-04,risk_aware_adjusted_ranking_v2,10000.0,10000.0,10000.0,0.0,1.0,0.0,0
2026-06-05,risk_aware_adjusted_ranking_v2,10000.0,10000.0,10000.0,0.0,1.0,0.0,0
2026-06-08,risk_aware_adjusted_ranking_v2,10000.0,10000.0,10000.0,0.0,1.0,0.0,0
2026-06-09,risk_aware_adjusted_ranking_v2,10000.0,10000.0,10000.0,0.0,1.0,0.0,0
2026-06-10,risk_aware_adjusted_ranking_v2,10000.0,10000.0,10000.0,0.0,1.0,0.0,0
2026-06-11,risk_aware_adjusted_ranking_v2,10000.0,10000.0,10000.0,0.0,1.0,0.0,0
2026-06-12,risk_aware_adjusted_ranking_v2,10000.0,10000.0,10000.0,0.0,1.0,0.0,0
2026-06-15,risk_aware_adjusted_ranking_v2,10000.0,10000.0,10000.0,0.0,1.0,0.0,0
2026-06-16,risk_aware_adjusted_ranking_v2,10000.0,10000.0,10000.0,0.0,1.0,0.0,0
2026-06-17,risk_aware_adjusted_ranking_v2,10000.0,10000.0,10000.0,0.0,1.0,0.0,0
2026-06-18,risk_aware_adjusted_ranking_v2,10000.0,10000.0,10000.0,0.0,1.0,0.0,0
2025-05-30,top10_diversified_filter_v2,10000.0,10000.0,10000.0,0.0,1.0,0.0,0
2025-05-30,top10_diversified_filter_v2,10000.0,10000.0,10000.0,0.0,1.0,0.0,0
2025-06-03,top10_diversified_filter_v2,10000.0,10000.0,10000.0,0.0,1.0,0.0,0
2025-06-04,top10_diversified_filter_v2,10000.0,10000.0,10000.0,0.0,1.0,0.0,0
2025-06-05,top10_diversified_filter_v2,10000.0,10000.0,10000.0,0.0,1.0,0.0,0
2025-06-06,top10_diversified_filter_v2,10000.0,10000.0,10000.0,0.0,1.0,0.0,0
2025-06-09,top10_diversified_filter_v2,10000.0,10000.0,10000.0,0.0,1.0,0.0,0
2025-06-10,top10_diversified_filter_v2,10000.0,10000.0,10000.0,0.0,1.0,0.0,0
2025-06-11,top10_diversified_filter_v2,10000.0,10000.0,10000.0,0.0,1.0,0.0,0
2025-06-12,top10_diversified_filter_v2,10000.0,10000.0,10000.0,0.0,1.0,0.0,0
2025-06-13,top10_diversified_filter_v2,10000.0,10000.0,10000.0,0.0,1.0,0.0,0
2025-06-16,top10_diversified_filter_v2,10000.0,10000.0,10000.0,0.0,1.0,0.0,0
2025-06-17,top10_diversified_filter_v2,10000.0,10000.0,10000.0,0.0,1.0,0.0,0
2025-06-18,top10_diversified_filter_v2,10000.0,10000.0,10000.0,0.0,1.0,0.0,0
2025-06-19,top10_diversified_filter_v2,10000.0,10000.0,10000.0,0.0,1.0,0.0,0
2025-06-20,top10_diversified_filter_v2,10000.0,10000.0,10000.0,0.0,1.0,0.0,0
2025-06-23,top10_diversified_filter_v2,10000.0,10000.0,10000.0,0.0,1.0,0.0,0
2025-06-24,top10_diversified_filter_v2,10000.0,10000.0,10000.0,0.0,1.0,0.0,0
2025-06-25,top10_diversified_filter_v2,10000.0,10000.0,10000.0,0.0,1.0,0.0,0
2025-06-26,top10_diversified_filter_v2,10000.0,10000.0,10000.0,0.0,1.0,0.0,0
2025-06-27,top10_diversified_filter_v2,10000.0,10000.0,10000.0,0.0,1.0,0.0,0
2025-06-30,top10_diversified_filter_v2,10000.0,10000.0,10000.0,0.0,1.0,0.0,0
2025-07-01,top10_diversified_filter_v2,10000.0,10000.0,10000.0,0.0,1.0,0.0,0
2025-07-02,top10_diversified_filter_v2,10000.0,10000.0,10000.0,0.0,1.0,0.0,0
2025-07-03,top10_diversified_filter_v2,10000.0,10000.0,10000.0,0.0,1.0,0.0,0
2025-07-04,top10_diversified_filter_v2,10000.0,10000.0,10000.0,0.0,1.0,0.0,0
2025-07-07,top10_diversified_filter_v2,10000.0,10000.0,10000.0,0.0,1.0,0.0,0
2025-07-08,top10_diversified_filter_v2,10000.0,10000.0,10000.0,0.0,1.0,0.0,0
2025-07-09,top10_diversified_filter_v2,10000.0,10000.0,10000.0,0.0,1.0,0.0,0
2025-07-10,top10_diversified_filter_v2,10000.0,10000.0,10000.0,0.0,1.0,0.0,0
2025-07-11,top10_diversified_filter_v2,10000.0,10000.0,10000.0,0.0,1.0,0.0,0
2025-07-14,top10_diversified_filter_v2,10000.0,10000.0,10000.0,0.0,1.0,0.0,0
2025-07-15,top10_diversified_filter_v2,10000.0,10000.0,10000.0,0.0,1.0,0.0,0
2025-07-16,top10_diversified_filter_v2,10000.0,10000.0,10000.0,0.0,1.0,0.0,0
2025-07-17,top10_diversified_filter_v2,10000.0,10000.0,10000.0,0.0,1.0,0.0,0
2025-07-18,top10_diversified_filter_v2,10000.0,10000.0,10000.0,0.0,1.0,0.0,0
2025-07-21,top10_diversified_filter_v2,10000.0,10000.0,10000.0,0.0,1.0,0.0,0
2025-07-22,top10_diversified_filter_v2,10000.0,10000.0,10000.0,0.0,1.0,0.0,0
2025-07-23,top10_diversified_filter_v2,10000.0,10000.0,10000.0,0.0,1.0,0.0,0
2025-07-24,top10_diversified_filter_v2,10000.0,10000.0,10000.0,0.0,1.0,0.0,0
2025-07-25,top10_diversified_filter_v2,10000.0,10000.0,10000.0,0.0,1.0,0.0,0
2025-07-28,top10_diversified_filter_v2,10000.0,10000.0,10000.0,0.0,1.0,0.0,0
2025-07-29,top10_diversified_filter_v2,10000.0,10000.0,10000.0,0.0,1.0,0.0,0
2025-07-30,top10_diversified_filter_v2,10000.0,10000.0,10000.0,0.0,1.0,0.0,0
2025-07-31,top10_diversified_filter_v2,10000.0,10000.0,10000.0,0.0,1.0,0.0,0
2025-08-01,top10_diversified_filter_v2,10000.0,10000.0,10000.0,0.0,1.0,0.0,0
2025-08-04,top10_diversified_filter_v2,10000.0,10000.0,10000.0,0.0,1.0,0.0,0
2025-08-05,top10_diversified_filter_v2,10000.0,10000.0,10000.0,0.0,1.0,0.0,0
2025-08-06,top10_diversified_filter_v2,10000.0,10000.0,10000.0,0.0,1.0,0.0,0
2025-08-07,top10_diversified_filter_v2,10000.0,10000.0,10000.0,0.0,1.0,0.0,0
2025-08-08,top10_diversified_filter_v2,10000.0,10000.0,10000.0,0.0,1.0,0.0,0
2025-08-11,top10_diversified_filter_v2,10000.0,10000.0,10000.0,0.0,1.0,0.0,0
2025-08-12,top10_diversified_filter_v2,10000.0,10000.0,10000.0,0.0,1.0,0.0,0
2025-08-13,top10_diversified_filter_v2,10000.0,10000.0,10000.0,0.0,1.0,0.0,0
2025-08-14,top10_diversified_filter_v2,10000.0,10000.0,10000.0,0.0,1.0,0.0,0
2025-08-15,top10_diversified_filter_v2,10000.0,10000.0,10000.0,0.0,1.0,0.0,0
2025-08-18,top10_diversified_filter_v2,10000.0,10000.0,10000.0,0.0,1.0,0.0,0
2025-08-19,top10_diversified_filter_v2,10000.0,10000.0,10000.0,0.0,1.0,0.0,0
2025-08-20,top10_diversified_filter_v2,10000.0,10000.0,10000.0,0.0,1.0,0.0,0
2025-08-21,top10_diversified_filter_v2,10000.0,10000.0,10000.0,0.0,1.0,0.0,0
2025-08-22,top10_diversified_filter_v2,10000.0,10000.0,10000.0,0.0,1.0,0.0,0
2025-08-25,top10_diversified_filter_v2,10000.0,10000.0,10000.0,0.0,1.0,0.0,0
2025-08-26,top10_diversified_filter_v2,10000.0,10000.0,10000.0,0.0,1.0,0.0,0
2025-08-27,top10_diversified_filter_v2,10000.0,10000.0,10000.0,0.0,1.0,0.0,0
2025-08-28,top10_diversified_filter_v2,10000.0,10000.0,10000.0,0.0,1.0,0.0,0
2025-08-29,top10_diversified_filter_v2,10000.0,10000.0,10000.0,0.0,1.0,0.0,0
2025-09-01,top10_diversified_filter_v2,10000.0,10000.0,10000.0,0.0,1.0,0.0,0
2025-09-02,top10_diversified_filter_v2,10000.0,10000.0,10000.0,0.0,1.0,0.0,0
2025-09-03,top10_diversified_filter_v2,10000.0,10000.0,10000.0,0.0,1.0,0.0,0
2025-09-04,top10_diversified_filter_v2,10000.0,10000.0,10000.0,0.0,1.0,0.0,0
2025-09-05,top10_diversified_filter_v2,10000.0,10000.0,10000.0,0.0,1.0,0.0,0
2025-09-08,top10_diversified_filter_v2,10000.0,10000.0,10000.0,0.0,1.0,0.0,0
2025-09-09,top10_diversified_filter_v2,10000.0,10000.0,10000.0,0.0,1.0,0.0,0
2025-09-10,top10_diversified_filter_v2,10000.0,10000.0,10000.0,0.0,1.0,0.0,0
2025-09-11,top10_diversified_filter_v2,10000.0,10000.0,10000.0,0.0,1.0,0.0,0
2025-09-12,top10_diversified_filter_v2,10000.0,10000.0,10000.0,0.0,1.0,0.0,0
2025-09-15,top10_diversified_filter_v2,10000.0,10000.0,10000.0,0.0,1.0,0.0,0
2025-09-16,top10_diversified_filter_v2,10000.0,10000.0,10000.0,0.0,1.0,0.0,0
2025-09-17,top10_diversified_filter_v2,10000.0,10000.0,10000.0,0.0,1.0,0.0,0
2025-09-18,top10_diversified_filter_v2,10000.0,10000.0,10000.0,0.0,1.0,0.0,0
2025-09-19,top10_diversified_filter_v2,10000.0,10000.0,10000.0,0.0,1.0,0.0,0
2025-09-22,top10_diversified_filter_v2,10000.0,10000.0,10000.0,0.0,1.0,0.0,0
2025-09-23,top10_diversified_filter_v2,10000.0,10000.0,10000.0,0.0,1.0,0.0,0
2025-09-24,top10_diversified_filter_v2,10000.0,10000.0,10000.0,0.0,1.0,0.0,0
2025-09-25,top10_diversified_filter_v2,10000.0,10000.0,10000.0,0.0,1.0,0.0,0
2025-09-26,top10_diversified_filter_v2,10000.0,10000.0,10000.0,0.0,1.0,0.0,0
2025-09-29,top10_diversified_filter_v2,10000.0,10000.0,10000.0,0.0,1.0,0.0,0
2025-09-30,top10_diversified_filter_v2,10000.0,10000.0,10000.0,0.0,1.0,0.0,0
2025-10-09,top10_diversified_filter_v2,10000.0,10000.0,10000.0,0.0,1.0,0.0,0
2025-10-10,top10_diversified_filter_v2,10000.0,10000.0,10000.0,0.0,1.0,0.0,0
2025-10-13,top10_diversified_filter_v2,10000.0,10000.0,10000.0,0.0,1.0,0.0,0
2025-10-14,top10_diversified_filter_v2,10000.0,10000.0,10000.0,0.0,1.0,0.0,0
2025-10-15,top10_diversified_filter_v2,10000.0,10000.0,10000.0,0.0,1.0,0.0,0
2025-10-16,top10_diversified_filter_v2,10000.0,10000.0,10000.0,0.0,1.0,0.0,0
2025-10-17,top10_diversified_filter_v2,10000.0,10000.0,10000.0,0.0,1.0,0.0,0
2025-10-20,top10_diversified_filter_v2,10000.0,10000.0,10000.0,0.0,1.0,0.0,0
2025-10-21,top10_diversified_filter_v2,10000.0,10000.0,10000.0,0.0,1.0,0.0,0
2025-10-22,top10_diversified_filter_v2,10000.0,10000.0,10000.0,0.0,1.0,0.0,0
2025-10-23,top10_diversified_filter_v2,10000.0,10000.0,10000.0,0.0,1.0,0.0,0
2025-10-24,top10_diversified_filter_v2,10000.0,10000.0,10000.0,0.0,1.0,0.0,0
2025-10-27,top10_diversified_filter_v2,10000.0,10000.0,10000.0,0.0,1.0,0.0,0
2025-10-28,top10_diversified_filter_v2,10000.0,10000.0,10000.0,0.0,1.0,0.0,0
2025-10-29,top10_diversified_filter_v2,10000.0,10000.0,10000.0,0.0,1.0,0.0,0
2025-10-30,top10_diversified_filter_v2,10000.0,10000.0,10000.0,0.0,1.0,0.0,0
2025-10-31,top10_diversified_filter_v2,10000.0,10000.0,10000.0,0.0,1.0,0.0,0
2025-11-03,top10_diversified_filter_v2,10000.0,10000.0,10000.0,0.0,1.0,0.0,0
2025-11-04,top10_diversified_filter_v2,10000.0,10000.0,10000.0,0.0,1.0,0.0,0
2025-11-05,top10_diversified_filter_v2,10000.0,10000.0,10000.0,0.0,1.0,0.0,0
2025-11-06,top10_diversified_filter_v2,10000.0,10000.0,10000.0,0.0,1.0,0.0,0
2025-11-07,top10_diversified_filter_v2,10000.0,10000.0,10000.0,0.0,1.0,0.0,0
2025-11-10,top10_diversified_filter_v2,10000.0,10000.0,10000.0,0.0,1.0,0.0,0
2025-11-11,top10_diversified_filter_v2,10000.0,10000.0,10000.0,0.0,1.0,0.0,0
2025-11-12,top10_diversified_filter_v2,10000.0,10000.0,10000.0,0.0,1.0,0.0,0
2025-11-13,top10_diversified_filter_v2,10000.0,10000.0,10000.0,0.0,1.0,0.0,0
2025-11-14,top10_diversified_filter_v2,10000.0,10000.0,10000.0,0.0,1.0,0.0,0
2025-11-17,top10_diversified_filter_v2,10000.0,10000.0,10000.0,0.0,1.0,0.0,0
2025-11-18,top10_diversified_filter_v2,10000.0,10000.0,10000.0,0.0,1.0,0.0,0
2025-11-19,top10_diversified_filter_v2,10000.0,10000.0,10000.0,0.0,1.0,0.0,0
2025-11-20,top10_diversified_filter_v2,10000.0,10000.0,10000.0,0.0,1.0,0.0,0
2025-11-21,top10_diversified_filter_v2,10000.0,10000.0,10000.0,0.0,1.0,0.0,0
2025-11-24,top10_diversified_filter_v2,10000.0,10000.0,10000.0,0.0,1.0,0.0,0
2025-11-25,top10_diversified_filter_v2,10000.0,10000.0,10000.0,0.0,1.0,0.0,0
2025-11-26,top10_diversified_filter_v2,10000.0,10000.0,10000.0,0.0,1.0,0.0,0
2025-11-27,top10_diversified_filter_v2,10000.0,10000.0,10000.0,0.0,1.0,0.0,0
2025-11-28,top10_diversified_filter_v2,10000.0,10000.0,10000.0,0.0,1.0,0.0,0
2025-12-01,top10_diversified_filter_v2,10000.0,10000.0,10000.0,0.0,1.0,0.0,0
2025-12-02,top10_diversified_filter_v2,10000.0,10000.0,10000.0,0.0,1.0,0.0,0
2025-12-03,top10_diversified_filter_v2,10000.0,10000.0,10000.0,0.0,1.0,0.0,0
2025-12-04,top10_diversified_filter_v2,10000.0,10000.0,10000.0,0.0,1.0,0.0,0
2025-12-05,top10_diversified_filter_v2,10000.0,10000.0,10000.0,0.0,1.0,0.0,0
2025-12-08,top10_diversified_filter_v2,10000.0,10000.0,10000.0,0.0,1.0,0.0,0
2025-12-09,top10_diversified_filter_v2,10000.0,10000.0,10000.0,0.0,1.0,0.0,0
2025-12-10,top10_diversified_filter_v2,10000.0,10000.0,10000.0,0.0,1.0,0.0,0
2025-12-11,top10_diversified_filter_v2,10000.0,10000.0,10000.0,0.0,1.0,0.0,0
2025-12-12,top10_diversified_filter_v2,10000.0,10000.0,10000.0,0.0,1.0,0.0,0
2025-12-15,top10_diversified_filter_v2,10000.0,10000.0,10000.0,0.0,1.0,0.0,0
2025-12-16,top10_diversified_filter_v2,10000.0,10000.0,10000.0,0.0,1.0,0.0,0
2025-12-17,top10_diversified_filter_v2,10000.0,10000.0,10000.0,0.0,1.0,0.0,0
2025-12-18,top10_diversified_filter_v2,10000.0,10000.0,10000.0,0.0,1.0,0.0,0
2025-12-19,top10_diversified_filter_v2,10000.0,10000.0,10000.0,0.0,1.0,0.0,0
2025-12-22,top10_diversified_filter_v2,10000.0,10000.0,10000.0,0.0,1.0,0.0,0
2025-12-23,top10_diversified_filter_v2,10000.0,10000.0,10000.0,0.0,1.0,0.0,0
2025-12-24,top10_diversified_filter_v2,10000.0,10000.0,10000.0,0.0,1.0,0.0,0
2025-12-25,top10_diversified_filter_v2,10000.0,10000.0,10000.0,0.0,1.0,0.0,0
2025-12-26,top10_diversified_filter_v2,10000.0,10000.0,10000.0,0.0,1.0,0.0,0
2025-12-29,top10_diversified_filter_v2,10000.0,10000.0,10000.0,0.0,1.0,0.0,0
2025-12-30,top10_diversified_filter_v2,10000.0,10000.0,10000.0,0.0,1.0,0.0,0
2025-12-31,top10_diversified_filter_v2,10000.0,10000.0,10000.0,0.0,1.0,0.0,0
2026-01-05,top10_diversified_filter_v2,10000.0,10000.0,10000.0,0.0,1.0,0.0,0
2026-01-06,top10_diversified_filter_v2,10000.0,10000.0,10000.0,0.0,1.0,0.0,0
2026-01-07,top10_diversified_filter_v2,10000.0,10000.0,10000.0,0.0,1.0,0.0,0
2026-01-08,top10_diversified_filter_v2,10000.0,10000.0,10000.0,0.0,1.0,0.0,0
2026-01-09,top10_diversified_filter_v2,10000.0,10000.0,10000.0,0.0,1.0,0.0,0
2026-01-12,top10_diversified_filter_v2,10000.0,10000.0,10000.0,0.0,1.0,0.0,0
2026-01-13,top10_diversified_filter_v2,10000.0,10000.0,10000.0,0.0,1.0,0.0,0
2026-01-14,top10_diversified_filter_v2,10000.0,10000.0,10000.0,0.0,1.0,0.0,0
2026-01-15,top10_diversified_filter_v2,10000.0,10000.0,10000.0,0.0,1.0,0.0,0
2026-01-16,top10_diversified_filter_v2,10000.0,10000.0,10000.0,0.0,1.0,0.0,0
2026-01-19,top10_diversified_filter_v2,10000.0,10000.0,10000.0,0.0,1.0,0.0,0
2026-01-20,top10_diversified_filter_v2,10000.0,10000.0,10000.0,0.0,1.0,0.0,0
2026-01-21,top10_diversified_filter_v2,10000.0,10000.0,10000.0,0.0,1.0,0.0,0
2026-01-22,top10_diversified_filter_v2,10000.0,10000.0,10000.0,0.0,1.0,0.0,0
2026-01-23,top10_diversified_filter_v2,10000.0,10000.0,10000.0,0.0,1.0,0.0,0
2026-01-26,top10_diversified_filter_v2,10000.0,10000.0,10000.0,0.0,1.0,0.0,0
2026-01-27,top10_diversified_filter_v2,10000.0,10000.0,10000.0,0.0,1.0,0.0,0
2026-01-28,top10_diversified_filter_v2,10000.0,10000.0,10000.0,0.0,1.0,0.0,0
2026-01-29,top10_diversified_filter_v2,10000.0,10000.0,10000.0,0.0,1.0,0.0,0
2026-01-30,top10_diversified_filter_v2,10000.0,10000.0,10000.0,0.0,1.0,0.0,0
2026-02-02,top10_diversified_filter_v2,10000.0,10000.0,10000.0,0.0,1.0,0.0,0
2026-02-03,top10_diversified_filter_v2,10000.0,10000.0,10000.0,0.0,1.0,0.0,0
2026-02-04,top10_diversified_filter_v2,10000.0,10000.0,10000.0,0.0,1.0,0.0,0
2026-02-05,top10_diversified_filter_v2,10000.0,10000.0,10000.0,0.0,1.0,0.0,0
2026-02-06,top10_diversified_filter_v2,10000.0,10000.0,10000.0,0.0,1.0,0.0,0
2026-02-09,top10_diversified_filter_v2,10000.0,10000.0,10000.0,0.0,1.0,0.0,0
2026-02-10,top10_diversified_filter_v2,10000.0,10000.0,10000.0,0.0,1.0,0.0,0
2026-02-11,top10_diversified_filter_v2,10000.0,10000.0,10000.0,0.0,1.0,0.0,0
2026-02-12,top10_diversified_filter_v2,10000.0,10000.0,10000.0,0.0,1.0,0.0,0
2026-02-13,top10_diversified_filter_v2,10000.0,10000.0,10000.0,0.0,1.0,0.0,0
2026-02-24,top10_diversified_filter_v2,10000.0,10000.0,10000.0,0.0,1.0,0.0,0
2026-02-25,top10_diversified_filter_v2,10000.0,10000.0,10000.0,0.0,1.0,0.0,0
2026-02-26,top10_diversified_filter_v2,10000.0,10000.0,10000.0,0.0,1.0,0.0,0
2026-02-27,top10_diversified_filter_v2,10000.0,10000.0,10000.0,0.0,1.0,0.0,0
2026-03-02,top10_diversified_filter_v2,10000.0,10000.0,10000.0,0.0,1.0,0.0,0
2026-03-03,top10_diversified_filter_v2,10000.0,10000.0,10000.0,0.0,1.0,0.0,0
2026-03-04,top10_diversified_filter_v2,10000.0,10000.0,10000.0,0.0,1.0,0.0,0
2026-03-05,top10_diversified_filter_v2,10000.0,10000.0,10000.0,0.0,1.0,0.0,0
2026-03-06,top10_diversified_filter_v2,10000.0,10000.0,10000.0,0.0,1.0,0.0,0
2026-03-09,top10_diversified_filter_v2,10000.0,10000.0,10000.0,0.0,1.0,0.0,0
2026-03-10,top10_diversified_filter_v2,10000.0,10000.0,10000.0,0.0,1.0,0.0,0
2026-03-11,top10_diversified_filter_v2,10000.0,10000.0,10000.0,0.0,1.0,0.0,0
2026-03-12,top10_diversified_filter_v2,10000.0,10000.0,10000.0,0.0,1.0,0.0,0
2026-03-13,top10_diversified_filter_v2,10000.0,10000.0,10000.0,0.0,1.0,0.0,0
2026-03-16,top10_diversified_filter_v2,10000.0,10000.0,10000.0,0.0,1.0,0.0,0
2026-03-17,top10_diversified_filter_v2,10000.0,10000.0,10000.0,0.0,1.0,0.0,0
2026-03-18,top10_diversified_filter_v2,10000.0,10000.0,10000.0,0.0,1.0,0.0,0
2026-03-19,top10_diversified_filter_v2,10000.0,10000.0,10000.0,0.0,1.0,0.0,0
2026-03-20,top10_diversified_filter_v2,10000.0,10000.0,10000.0,0.0,1.0,0.0,0
2026-03-23,top10_diversified_filter_v2,10000.0,10000.0,10000.0,0.0,1.0,0.0,0
2026-03-24,top10_diversified_filter_v2,10000.0,10000.0,10000.0,0.0,1.0,0.0,0
2026-03-25,top10_diversified_filter_v2,10000.0,10000.0,10000.0,0.0,1.0,0.0,0
2026-03-26,top10_diversified_filter_v2,10000.0,10000.0,10000.0,0.0,1.0,0.0,0
2026-03-27,top10_diversified_filter_v2,10000.0,10000.0,10000.0,0.0,1.0,0.0,0
2026-03-30,top10_diversified_filter_v2,10000.0,10000.0,10000.0,0.0,1.0,0.0,0
2026-03-31,top10_diversified_filter_v2,10000.0,10000.0,10000.0,0.0,1.0,0.0,0
2026-04-01,top10_diversified_filter_v2,10000.0,10000.0,10000.0,0.0,1.0,0.0,0
2026-04-02,top10_diversified_filter_v2,10000.0,10000.0,10000.0,0.0,1.0,0.0,0
2026-04-03,top10_diversified_filter_v2,10000.0,10000.0,10000.0,0.0,1.0,0.0,0
2026-04-07,top10_diversified_filter_v2,10000.0,10000.0,10000.0,0.0,1.0,0.0,0
2026-04-08,top10_diversified_filter_v2,10000.0,10000.0,10000.0,0.0,1.0,0.0,0
2026-04-09,top10_diversified_filter_v2,10000.0,10000.0,10000.0,0.0,1.0,0.0,0
2026-04-10,top10_diversified_filter_v2,10000.0,10000.0,10000.0,0.0,1.0,0.0,0
2026-04-13,top10_diversified_filter_v2,10000.0,10000.0,10000.0,0.0,1.0,0.0,0
2026-04-14,top10_diversified_filter_v2,10000.0,10000.0,10000.0,0.0,1.0,0.0,0
2026-04-15,top10_diversified_filter_v2,10000.0,10000.0,10000.0,0.0,1.0,0.0,0
2026-04-16,top10_diversified_filter_v2,10000.0,10000.0,10000.0,0.0,1.0,0.0,0
2026-04-17,top10_diversified_filter_v2,10000.0,10000.0,10000.0,0.0,1.0,0.0,0
2026-04-20,top10_diversified_filter_v2,10000.0,10000.0,10000.0,0.0,1.0,0.0,0
2026-04-21,top10_diversified_filter_v2,10000.0,10000.0,10000.0,0.0,1.0,0.0,0
2026-04-22,top10_diversified_filter_v2,10000.0,10000.0,10000.0,0.0,1.0,0.0,0
2026-04-23,top10_diversified_filter_v2,10000.0,10000.0,10000.0,0.0,1.0,0.0,0
2026-04-24,top10_diversified_filter_v2,10000.0,10000.0,10000.0,0.0,1.0,0.0,0
2026-04-27,top10_diversified_filter_v2,10000.0,10000.0,10000.0,0.0,1.0,0.0,0
2026-04-28,top10_diversified_filter_v2,10000.0,10000.0,10000.0,0.0,1.0,0.0,0
2026-04-29,top10_diversified_filter_v2,10000.0,10000.0,10000.0,0.0,1.0,0.0,0
2026-04-30,top10_diversified_filter_v2,10000.0,10000.0,10000.0,0.0,1.0,0.0,0
2026-05-06,top10_diversified_filter_v2,10000.0,10000.0,10000.0,0.0,1.0,0.0,0
2026-05-07,top10_diversified_filter_v2,10000.0,10000.0,10000.0,0.0,1.0,0.0,0
2026-05-08,top10_diversified_filter_v2,10000.0,10000.0,10000.0,0.0,1.0,0.0,0
2026-05-11,top10_diversified_filter_v2,10000.0,10000.0,10000.0,0.0,1.0,0.0,0
2026-05-12,top10_diversified_filter_v2,10000.0,10000.0,10000.0,0.0,1.0,0.0,0
2026-05-13,top10_diversified_filter_v2,10000.0,10000.0,10000.0,0.0,1.0,0.0,0
2026-05-14,top10_diversified_filter_v2,10000.0,10000.0,10000.0,0.0,1.0,0.0,0
2026-05-15,top10_diversified_filter_v2,10000.0,10000.0,10000.0,0.0,1.0,0.0,0
2026-05-18,top10_diversified_filter_v2,10000.0,10000.0,10000.0,0.0,1.0,0.0,0
2026-05-19,top10_diversified_filter_v2,10000.0,10000.0,10000.0,0.0,1.0,0.0,0
2026-05-20,top10_diversified_filter_v2,10000.0,10000.0,10000.0,0.0,1.0,0.0,0
2026-05-21,top10_diversified_filter_v2,10000.0,10000.0,10000.0,0.0,1.0,0.0,0
2026-05-22,top10_diversified_filter_v2,10000.0,10000.0,10000.0,0.0,1.0,0.0,0
2026-05-25,top10_diversified_filter_v2,10000.0,10000.0,10000.0,0.0,1.0,0.0,0
2026-05-26,top10_diversified_filter_v2,10000.0,10000.0,10000.0,0.0,1.0,0.0,0
2026-05-27,top10_diversified_filter_v2,10000.0,10000.0,10000.0,0.0,1.0,0.0,0
2026-05-28,top10_diversified_filter_v2,10000.0,10000.0,10000.0,0.0,1.0,0.0,0
2026-05-29,top10_diversified_filter_v2,10000.0,10000.0,10000.0,0.0,1.0,0.0,0
2026-06-01,top10_diversified_filter_v2,10000.0,10000.0,10000.0,0.0,1.0,0.0,0
2026-06-02,top10_diversified_filter_v2,10000.0,10000.0,10000.0,0.0,1.0,0.0,0
2026-06-03,top10_diversified_filter_v2,10000.0,10000.0,10000.0,0.0,1.0,0.0,0
2026-06-04,top10_diversified_filter_v2,10000.0,10000.0,10000.0,0.0,1.0,0.0,0
2026-06-05,top10_diversified_filter_v2,10000.0,10000.0,10000.0,0.0,1.0,0.0,0
2026-06-08,top10_diversified_filter_v2,10000.0,10000.0,10000.0,0.0,1.0,0.0,0
2026-06-09,top10_diversified_filter_v2,10000.0,10000.0,10000.0,0.0,1.0,0.0,0
2026-06-10,top10_diversified_filter_v2,10000.0,10000.0,10000.0,0.0,1.0,0.0,0
2026-06-11,top10_diversified_filter_v2,10000.0,10000.0,10000.0,0.0,1.0,0.0,0
2026-06-12,top10_diversified_filter_v2,10000.0,10000.0,10000.0,0.0,1.0,0.0,0
2026-06-15,top10_diversified_filter_v2,10000.0,10000.0,10000.0,0.0,1.0,0.0,0
2026-06-16,top10_diversified_filter_v2,10000.0,10000.0,10000.0,0.0,1.0,0.0,0
2026-06-17,top10_diversified_filter_v2,10000.0,10000.0,10000.0,0.0,1.0,0.0,0
2026-06-18,top10_diversified_filter_v2,10000.0,10000.0,10000.0,0.0,1.0,0.0,0
2025-05-30,buy_and_hold_510300,10000.0,10000.0,10000.0,0.0,1.0,0.0,0
2025-06-03,buy_and_hold_510300,10000.0,10010.8072,4017.2072,5993.6,0.401287,0.598713,1
2025-06-04,buy_and_hold_510300,10000.0,10038.0072,4017.2072,6020.8,0.4002,0.5998,1
2025-06-05,buy_and_hold_510300,10000.0,10054.0072,4017.2072,6036.8,0.399563,0.600437,1
2025-06-06,buy_and_hold_510300,10000.0,10057.2072,4017.2072,6040.0,0.399436,0.600564,1
2025-06-09,buy_and_hold_510300,10000.0,10071.6072,4017.2072,6054.4,0.398865,0.601135,1
2025-06-10,buy_and_hold_510300,10000.0,10034.8072,4017.2072,6017.6,0.400327,0.599673,1
2025-06-11,buy_and_hold_510300,10000.0,10086.0072,4017.2072,6068.8,0.398295,0.601705,1
2025-06-12,buy_and_hold_510300,10000.0,10089.2072,4017.2072,6072.0,0.398169,0.601831,1
2025-06-13,buy_and_hold_510300,10000.0,10047.6072,4017.2072,6030.4,0.399817,0.600183,1
2025-06-16,buy_and_hold_510300,10000.0,10063.6072,4017.2072,6046.4,0.399182,0.600818,1
2025-06-17,buy_and_hold_510300,10000.0,10062.0072,4017.2072,6044.8,0.399245,0.600755,1
2025-06-18,buy_and_hold_510300,10000.0,10066.8072,4017.2072,6049.6,0.399055,0.600945,1
2025-06-19,buy_and_hold_510300,10000.0,10017.2072,4017.2072,6000.0,0.401031,0.598969,1
2025-06-20,buy_and_hold_510300,10000.0,10025.2072,4017.2072,6008.0,0.400711,0.599289,1
2025-06-23,buy_and_hold_510300,10000.0,10046.0072,4017.2072,6028.8,0.399881,0.600119,1
2025-06-24,buy_and_hold_510300,10000.0,10118.0072,4017.2072,6100.8,0.397035,0.602965,1
2025-06-25,buy_and_hold_510300,10000.0,10222.0072,4017.2072,6204.8,0.392996,0.607004,1
2025-06-26,buy_and_hold_510300,10000.0,10198.0072,4017.2072,6180.8,0.393921,0.606079,1
2025-06-27,buy_and_hold_510300,10000.0,10161.2072,4017.2072,6144.0,0.395347,0.604653,1
2025-06-30,buy_and_hold_510300,10000.0,10191.6072,4017.2072,6174.4,0.394168,0.605832,1
2025-07-01,buy_and_hold_510300,10000.0,10201.2072,4017.2072,6184.0,0.393797,0.606203,1
2025-07-02,buy_and_hold_510300,10000.0,10207.6072,4017.2072,6190.4,0.39355,0.60645,1
2025-07-03,buy_and_hold_510300,10000.0,10244.4072,4017.2072,6227.2,0.392137,0.607863,1
2025-07-04,buy_and_hold_510300,10000.0,10271.6072,4017.2072,6254.4,0.391098,0.608902,1
2025-07-07,buy_and_hold_510300,10000.0,10242.8072,4017.2072,6225.6,0.392198,0.607802,1
2025-07-08,buy_and_hold_510300,10000.0,10297.2072,4017.2072,6280.0,0.390126,0.609874,1
2025-07-09,buy_and_hold_510300,10000.0,10292.4072,4017.2072,6275.2,0.390308,0.609692,1
2025-07-10,buy_and_hold_510300,10000.0,10324.4072,4017.2072,6307.2,0.389098,0.610902,1
2025-07-11,buy_and_hold_510300,10000.0,10346.8072,4017.2072,6329.6,0.388256,0.611744,1
2025-07-14,buy_and_hold_510300,10000.0,10345.2072,4017.2072,6328.0,0.388316,0.611684,1
2025-07-15,buy_and_hold_510300,10000.0,10345.2072,4017.2072,6328.0,0.388316,0.611684,1
2025-07-16,buy_and_hold_510300,10000.0,10330.8072,4017.2072,6313.6,0.388857,0.611143,1
2025-07-17,buy_and_hold_510300,10000.0,10383.6072,4017.2072,6366.4,0.38688,0.61312,1
2025-07-18,buy_and_hold_510300,10000.0,10431.6072,4017.2072,6414.4,0.3851,0.6149,1
2025-07-21,buy_and_hold_510300,10000.0,10471.6072,4017.2072,6454.4,0.383629,0.616371,1
2025-07-22,buy_and_hold_510300,10000.0,10542.0072,4017.2072,6524.8,0.381067,0.618933,1
2025-07-23,buy_and_hold_510300,10000.0,10538.8072,4017.2072,6521.6,0.381182,0.618818,1
2025-07-24,buy_and_hold_510300,10000.0,10580.4072,4017.2072,6563.2,0.379684,0.620316,1
2025-07-25,buy_and_hold_510300,10000.0,10545.2072,4017.2072,6528.0,0.380951,0.619049,1
2025-07-28,buy_and_hold_510300,10000.0,10562.8072,4017.2072,6545.6,0.380316,0.619684,1
2025-07-29,buy_and_hold_510300,10000.0,10596.4072,4017.2072,6579.2,0.37911,0.62089,1
2025-07-30,buy_and_hold_510300,10000.0,10591.6072,4017.2072,6574.4,0.379282,0.620718,1
2025-07-31,buy_and_hold_510300,10000.0,10468.4072,4017.2072,6451.2,0.383746,0.616254,1
2025-08-01,buy_and_hold_510300,10000.0,10433.2072,4017.2072,6416.0,0.38504,0.61496,1
2025-08-04,buy_and_hold_510300,10000.0,10463.6072,4017.2072,6446.4,0.383922,0.616078,1
2025-08-05,buy_and_hold_510300,10000.0,10513.2072,4017.2072,6496.0,0.382111,0.617889,1
2025-08-06,buy_and_hold_510300,10000.0,10530.8072,4017.2072,6513.6,0.381472,0.618528,1
2025-08-07,buy_and_hold_510300,10000.0,10529.2072,4017.2072,6512.0,0.38153,0.61847,1
2025-08-08,buy_and_hold_510300,10000.0,10513.2072,4017.2072,6496.0,0.382111,0.617889,1
2025-08-11,buy_and_hold_510300,10000.0,10543.6072,4017.2072,6526.4,0.381009,0.618991,1
2025-08-12,buy_and_hold_510300,10000.0,10585.2072,4017.2072,6568.0,0.379511,0.620489,1
2025-08-13,buy_and_hold_510300,10000.0,10641.2072,4017.2072,6624.0,0.377514,0.622486,1
2025-08-14,buy_and_hold_510300,10000.0,10630.0072,4017.2072,6612.8,0.377912,0.622088,1
2025-08-15,buy_and_hold_510300,10000.0,10692.4072,4017.2072,6675.2,0.375707,0.624293,1
2025-08-18,buy_and_hold_510300,10000.0,10743.6072,4017.2072,6726.4,0.373916,0.626084,1
2025-08-19,buy_and_hold_510300,10000.0,10708.4072,4017.2072,6691.2,0.375145,0.624855,1
2025-08-20,buy_and_hold_510300,10000.0,10802.8072,4017.2072,6785.6,0.371867,0.628133,1
2025-08-21,buy_and_hold_510300,10000.0,10825.2072,4017.2072,6808.0,0.371097,0.628903,1
2025-08-22,buy_and_hold_510300,10000.0,10986.8072,4017.2072,6969.6,0.365639,0.634361,1
2025-08-25,buy_and_hold_510300,10000.0,11124.4072,4017.2072,7107.2,0.361117,0.638883,1
2025-08-26,buy_and_hold_510300,10000.0,11086.0072,4017.2072,7068.8,0.362367,0.637633,1
2025-08-27,buy_and_hold_510300,10000.0,10980.4072,4017.2072,6963.2,0.365852,0.634148,1
2025-08-28,buy_and_hold_510300,10000.0,11114.8072,4017.2072,7097.6,0.361428,0.638572,1
2025-08-29,buy_and_hold_510300,10000.0,11182.0072,4017.2072,7164.8,0.359256,0.640744,1
2025-09-01,buy_and_hold_510300,10000.0,11206.0072,4017.2072,7188.8,0.358487,0.641513,1
2025-09-02,buy_and_hold_510300,10000.0,11164.4072,4017.2072,7147.2,0.359823,0.640177,1
2025-09-03,buy_and_hold_510300,10000.0,11098.8072,4017.2072,7081.6,0.361949,0.638051,1
2025-09-04,buy_and_hold_510300,10000.0,10950.0072,4017.2072,6932.8,0.366868,0.633132,1
2025-09-05,buy_and_hold_510300,10000.0,11106.8072,4017.2072,7089.6,0.361689,0.638311,1
2025-09-08,buy_and_hold_510300,10000.0,11108.4072,4017.2072,7091.2,0.361637,0.638363,1
2025-09-09,buy_and_hold_510300,10000.0,11065.2072,4017.2072,7048.0,0.363049,0.636951,1
2025-09-10,buy_and_hold_510300,10000.0,11081.2072,4017.2072,7064.0,0.362524,0.637476,1
2025-09-11,buy_and_hold_510300,10000.0,11276.4072,4017.2072,7259.2,0.356249,0.643751,1
2025-09-12,buy_and_hold_510300,10000.0,11214.0072,4017.2072,7196.8,0.358231,0.641769,1
2025-09-15,buy_and_hold_510300,10000.0,11226.8072,4017.2072,7209.6,0.357823,0.642177,1
2025-09-16,buy_and_hold_510300,10000.0,11212.4072,4017.2072,7195.2,0.358282,0.641718,1
2025-09-17,buy_and_hold_510300,10000.0,11265.2072,4017.2072,7248.0,0.356603,0.643397,1
2025-09-18,buy_and_hold_510300,10000.0,11170.8072,4017.2072,7153.6,0.359617,0.640383,1
2025-09-19,buy_and_hold_510300,10000.0,11186.8072,4017.2072,7169.6,0.359102,0.640898,1
2025-09-22,buy_and_hold_510300,10000.0,11210.8072,4017.2072,7193.6,0.358333,0.641667,1
2025-09-23,buy_and_hold_510300,10000.0,11215.6072,4017.2072,7198.4,0.35818,0.64182,1
2025-09-24,buy_and_hold_510300,10000.0,11281.2072,4017.2072,7264.0,0.356097,0.643903,1
2025-09-25,buy_and_hold_510300,10000.0,11332.4072,4017.2072,7315.2,0.354488,0.645512,1
2025-09-26,buy_and_hold_510300,10000.0,11262.0072,4017.2072,7244.8,0.356704,0.643296,1
2025-09-29,buy_and_hold_510300,10000.0,11385.2072,4017.2072,7368.0,0.352844,0.647156,1
2025-09-30,buy_and_hold_510300,10000.0,11406.0072,4017.2072,7388.8,0.352201,0.647799,1
2025-10-09,buy_and_hold_510300,10000.0,11526.0072,4017.2072,7508.8,0.348534,0.651466,1
2025-10-10,buy_and_hold_510300,10000.0,11370.8072,4017.2072,7353.6,0.353291,0.646709,1
2025-10-13,buy_and_hold_510300,10000.0,11327.6072,4017.2072,7310.4,0.354639,0.645361,1
2025-10-14,buy_and_hold_510300,10000.0,11252.4072,4017.2072,7235.2,0.357009,0.642991,1
2025-10-15,buy_and_hold_510300,10000.0,11350.0072,4017.2072,7332.8,0.353939,0.646061,1
2025-10-16,buy_and_hold_510300,10000.0,11374.0072,4017.2072,7356.8,0.353192,0.646808,1
2025-10-17,buy_and_hold_510300,10000.0,11218.8072,4017.2072,7201.6,0.358078,0.641922,1
2025-10-20,buy_and_hold_510300,10000.0,11244.4072,4017.2072,7227.2,0.357263,0.642737,1
2025-10-21,buy_and_hold_510300,10000.0,11356.4072,4017.2072,7339.2,0.353739,0.646261,1
2025-10-22,buy_and_hold_510300,10000.0,11332.4072,4017.2072,7315.2,0.354488,0.645512,1
2025-10-23,buy_and_hold_510300,10000.0,11361.2072,4017.2072,7344.0,0.35359,0.64641,1
2025-10-24,buy_and_hold_510300,10000.0,11452.4072,4017.2072,7435.2,0.350774,0.649226,1
2025-10-27,buy_and_hold_510300,10000.0,11542.0072,4017.2072,7524.8,0.348051,0.651949,1
2025-10-28,buy_and_hold_510300,10000.0,11503.6072,4017.2072,7486.4,0.349213,0.650787,1
2025-10-29,buy_and_hold_510300,10000.0,11599.6072,4017.2072,7582.4,0.346323,0.653677,1
2025-10-30,buy_and_hold_510300,10000.0,11537.2072,4017.2072,7520.0,0.348196,0.651804,1
2025-10-31,buy_and_hold_510300,10000.0,11430.0072,4017.2072,7412.8,0.351461,0.648539,1
2025-11-03,buy_and_hold_510300,10000.0,11441.2072,4017.2072,7424.0,0.351117,0.648883,1
2025-11-04,buy_and_hold_510300,10000.0,11386.8072,4017.2072,7369.6,0.352795,0.647205,1
2025-11-05,buy_and_hold_510300,10000.0,11396.4072,4017.2072,7379.2,0.352498,0.647502,1
2025-11-06,buy_and_hold_510300,10000.0,11508.4072,4017.2072,7491.2,0.349067,0.650933,1
2025-11-07,buy_and_hold_510300,10000.0,11492.4072,4017.2072,7475.2,0.349553,0.650447,1
2025-11-10,buy_and_hold_510300,10000.0,11511.6072,4017.2072,7494.4,0.34897,0.65103,1
2025-11-11,buy_and_hold_510300,10000.0,11441.2072,4017.2072,7424.0,0.351117,0.648883,1
2025-11-12,buy_and_hold_510300,10000.0,11444.4072,4017.2072,7427.2,0.351019,0.648981,1
2025-11-13,buy_and_hold_510300,10000.0,11519.6072,4017.2072,7502.4,0.348728,0.651272,1
2025-11-14,buy_and_hold_510300,10000.0,11406.0072,4017.2072,7388.8,0.352201,0.647799,1
2025-11-17,buy_and_hold_510300,10000.0,11356.4072,4017.2072,7339.2,0.353739,0.646261,1
2025-11-18,buy_and_hold_510300,10000.0,11313.2072,4017.2072,7296.0,0.35509,0.64491,1
2025-11-19,buy_and_hold_510300,10000.0,11335.6072,4017.2072,7318.4,0.354388,0.645612,1
2025-11-20,buy_and_hold_510300,10000.0,11302.0072,4017.2072,7284.8,0.355442,0.644558,1
2025-11-21,buy_and_hold_510300,10000.0,11122.8072,4017.2072,7105.6,0.361168,0.638832,1
2025-11-24,buy_and_hold_510300,10000.0,11111.6072,4017.2072,7094.4,0.361533,0.638467,1
2025-11-25,buy_and_hold_510300,10000.0,11175.6072,4017.2072,7158.4,0.359462,0.640538,1
2025-11-26,buy_and_hold_510300,10000.0,11222.0072,4017.2072,7204.8,0.357976,0.642024,1
2025-11-27,buy_and_hold_510300,10000.0,11215.6072,4017.2072,7198.4,0.35818,0.64182,1
2025-11-28,buy_and_hold_510300,10000.0,11236.4072,4017.2072,7219.2,0.357517,0.642483,1
2025-12-01,buy_and_hold_510300,10000.0,11319.6072,4017.2072,7302.4,0.354889,0.645111,1
2025-12-02,buy_and_hold_510300,10000.0,11286.0072,4017.2072,7268.8,0.355946,0.644054,1
2025-12-03,buy_and_hold_510300,10000.0,11252.4072,4017.2072,7235.2,0.357009,0.642991,1
2025-12-04,buy_and_hold_510300,10000.0,11271.6072,4017.2072,7254.4,0.356401,0.643599,1
2025-12-05,buy_and_hold_510300,10000.0,11337.2072,4017.2072,7320.0,0.354338,0.645662,1
2025-12-08,buy_and_hold_510300,10000.0,11391.6072,4017.2072,7374.4,0.352646,0.647354,1
2025-12-09,buy_and_hold_510300,10000.0,11353.2072,4017.2072,7336.0,0.353839,0.646161,1
2025-12-10,buy_and_hold_510300,10000.0,11343.6072,4017.2072,7326.4,0.354138,0.645862,1
2025-12-11,buy_and_hold_510300,10000.0,11289.2072,4017.2072,7272.0,0.355845,0.644155,1
2025-12-12,buy_and_hold_510300,10000.0,11330.8072,4017.2072,7313.6,0.354538,0.645462,1
2025-12-15,buy_and_hold_510300,10000.0,11287.6072,4017.2072,7270.4,0.355895,0.644105,1
2025-12-16,buy_and_hold_510300,10000.0,11212.4072,4017.2072,7195.2,0.358282,0.641718,1
2025-12-17,buy_and_hold_510300,10000.0,11338.8072,4017.2072,7321.6,0.354288,0.645712,1
2025-12-18,buy_and_hold_510300,10000.0,11289.2072,4017.2072,7272.0,0.355845,0.644155,1
2025-12-19,buy_and_hold_510300,10000.0,11321.2072,4017.2072,7304.0,0.354839,0.645161,1
2025-12-22,buy_and_hold_510300,10000.0,11388.4072,4017.2072,7371.2,0.352745,0.647255,1
2025-12-23,buy_and_hold_510300,10000.0,11404.4072,4017.2072,7387.2,0.35225,0.64775,1
2025-12-24,buy_and_hold_510300,10000.0,11431.6072,4017.2072,7414.4,0.351412,0.648588,1
2025-12-25,buy_and_hold_510300,10000.0,11446.0072,4017.2072,7428.8,0.35097,0.64903,1
2025-12-26,buy_and_hold_510300,10000.0,11474.8072,4017.2072,7457.6,0.350089,0.649911,1
2025-12-29,buy_and_hold_510300,10000.0,11441.2072,4017.2072,7424.0,0.351117,0.648883,1
2025-12-30,buy_and_hold_510300,10000.0,11457.2072,4017.2072,7440.0,0.350627,0.649373,1
2025-12-31,buy_and_hold_510300,10000.0,11425.2072,4017.2072,7408.0,0.351609,0.648391,1
2026-01-05,buy_and_hold_510300,10000.0,11767.6072,4017.2072,7750.4,0.341378,0.658622,1
2026-01-06,buy_and_hold_510300,10000.0,11887.6072,4017.2072,7870.4,0.337932,0.662068,1
2026-01-07,buy_and_hold_510300,10000.0,11858.8072,4017.2072,7841.6,0.338753,0.661247,1
2026-01-08,buy_and_hold_510300,10000.0,11798.0072,4017.2072,7780.8,0.340499,0.659501,1
2026-01-09,buy_and_hold_510300,10000.0,11833.2072,4017.2072,7816.0,0.339486,0.660514,1
2026-01-12,buy_and_hold_510300,10000.0,11878.0072,4017.2072,7860.8,0.338205,0.661795,1
2026-01-13,buy_and_hold_510300,10000.0,11850.8072,4017.2072,7833.6,0.338982,0.661018,1
2026-01-14,buy_and_hold_510300,10000.0,11802.8072,4017.2072,7785.6,0.34036,0.65964,1
2026-01-15,buy_and_hold_510300,10000.0,11817.2072,4017.2072,7800.0,0.339946,0.660054,1
2026-01-16,buy_and_hold_510300,10000.0,11791.6072,4017.2072,7774.4,0.340684,0.659316,1
2026-01-19,buy_and_hold_510300,10000.0,11598.0072,4017.2072,7580.8,0.34637,0.65363,1
2026-01-20,buy_and_hold_510300,10000.0,11575.6072,4017.2072,7558.4,0.347041,0.652959,1
2026-01-21,buy_and_hold_510300,10000.0,11585.2072,4017.2072,7568.0,0.346753,0.653247,1
2026-01-22,buy_and_hold_510300,10000.0,11580.4072,4017.2072,7563.2,0.346897,0.653103,1
2026-01-23,buy_and_hold_510300,10000.0,11543.6072,4017.2072,7526.4,0.348003,0.651997,1
2026-01-26,buy_and_hold_510300,10000.0,11556.4072,4017.2072,7539.2,0.347617,0.652383,1
2026-01-27,buy_and_hold_510300,10000.0,11553.2072,4017.2072,7536.0,0.347714,0.652286,1
2026-01-28,buy_and_hold_510300,10000.0,11577.2072,4017.2072,7560.0,0.346993,0.653007,1
2026-01-29,buy_and_hold_510300,10000.0,11646.0072,4017.2072,7628.8,0.344943,0.655057,1
2026-01-30,buy_and_hold_510300,10000.0,11554.8072,4017.2072,7537.6,0.347665,0.652335,1
2026-02-02,buy_and_hold_510300,10000.0,11377.2072,4017.2072,7360.0,0.353093,0.646907,1
2026-02-03,buy_and_hold_510300,10000.0,11479.6072,4017.2072,7462.4,0.349943,0.650057,1
2026-02-04,buy_and_hold_510300,10000.0,11548.4072,4017.2072,7531.2,0.347858,0.652142,1
2026-02-05,buy_and_hold_510300,10000.0,11503.6072,4017.2072,7486.4,0.349213,0.650787,1
2026-02-06,buy_and_hold_510300,10000.0,11455.6072,4017.2072,7438.4,0.350676,0.649324,1
2026-02-09,buy_and_hold_510300,10000.0,11580.4072,4017.2072,7563.2,0.346897,0.653103,1
2026-02-10,buy_and_hold_510300,10000.0,11590.0072,4017.2072,7572.8,0.34661,0.65339,1
2026-02-11,buy_and_hold_510300,10000.0,11574.0072,4017.2072,7556.8,0.347089,0.652911,1
2026-02-12,buy_and_hold_510300,10000.0,11580.4072,4017.2072,7563.2,0.346897,0.653103,1
2026-02-13,buy_and_hold_510300,10000.0,11490.8072,4017.2072,7473.6,0.349602,0.650398,1
2026-02-24,buy_and_hold_510300,10000.0,11562.8072,4017.2072,7545.6,0.347425,0.652575,1
2026-02-25,buy_and_hold_510300,10000.0,11617.2072,4017.2072,7600.0,0.345798,0.654202,1
2026-02-26,buy_and_hold_510300,10000.0,11593.2072,4017.2072,7576.0,0.346514,0.653486,1
2026-02-27,buy_and_hold_510300,10000.0,11577.2072,4017.2072,7560.0,0.346993,0.653007,1
2026-03-02,buy_and_hold_510300,10000.0,11599.6072,4017.2072,7582.4,0.346323,0.653677,1
2026-03-03,buy_and_hold_510300,10000.0,11502.0072,4017.2072,7484.8,0.349261,0.650739,1
2026-03-04,buy_and_hold_510300,10000.0,11393.2072,4017.2072,7376.0,0.352597,0.647403,1
2026-03-05,buy_and_hold_510300,10000.0,11463.6072,4017.2072,7446.4,0.350431,0.649569,1
2026-03-06,buy_and_hold_510300,10000.0,11484.4072,4017.2072,7467.2,0.349797,0.650203,1
2026-03-09,buy_and_hold_510300,10000.0,11423.6072,4017.2072,7406.4,0.351658,0.648342,1
2026-03-10,buy_and_hold_510300,10000.0,11510.0072,4017.2072,7492.8,0.349019,0.650981,1
2026-03-11,buy_and_hold_510300,10000.0,11554.8072,4017.2072,7537.6,0.347665,0.652335,1
2026-03-12,buy_and_hold_510300,10000.0,11527.6072,4017.2072,7510.4,0.348486,0.651514,1
2026-03-13,buy_and_hold_510300,10000.0,11500.4072,4017.2072,7483.2,0.34931,0.65069,1
2026-03-16,buy_and_hold_510300,10000.0,11505.2072,4017.2072,7488.0,0.349164,0.650836,1
2026-03-17,buy_and_hold_510300,10000.0,11450.8072,4017.2072,7433.6,0.350823,0.649177,1
2026-03-18,buy_and_hold_510300,10000.0,11476.4072,4017.2072,7459.2,0.35004,0.64996,1
2026-03-19,buy_and_hold_510300,10000.0,11375.6072,4017.2072,7358.4,0.353142,0.646858,1
2026-03-20,buy_and_hold_510300,10000.0,11338.8072,4017.2072,7321.6,0.354288,0.645712,1
2026-03-23,buy_and_hold_510300,10000.0,11105.2072,4017.2072,7088.0,0.361741,0.638259,1
2026-03-24,buy_and_hold_510300,10000.0,11183.6072,4017.2072,7166.4,0.359205,0.640795,1
2026-03-25,buy_and_hold_510300,10000.0,11287.6072,4017.2072,7270.4,0.355895,0.644105,1
2026-03-26,buy_and_hold_510300,10000.0,11198.0072,4017.2072,7180.8,0.358743,0.641257,1
2026-03-27,buy_and_hold_510300,10000.0,11230.0072,4017.2072,7212.8,0.357721,0.642279,1
2026-03-30,buy_and_hold_510300,10000.0,11217.2072,4017.2072,7200.0,0.358129,0.641871,1
2026-03-31,buy_and_hold_510300,10000.0,11158.0072,4017.2072,7140.8,0.360029,0.639971,1
2026-04-01,buy_and_hold_510300,10000.0,11271.6072,4017.2072,7254.4,0.356401,0.643599,1
2026-04-02,buy_and_hold_510300,10000.0,11199.6072,4017.2072,7182.4,0.358692,0.641308,1
2026-04-03,buy_and_hold_510300,10000.0,11143.6072,4017.2072,7126.4,0.360494,0.639506,1
2026-04-07,buy_and_hold_510300,10000.0,11130.8072,4017.2072,7113.6,0.360909,0.639091,1
2026-04-08,buy_and_hold_510300,10000.0,11380.4072,4017.2072,7363.2,0.352993,0.647007,1
2026-04-09,buy_and_hold_510300,10000.0,11332.4072,4017.2072,7315.2,0.354488,0.645512,1
2026-04-10,buy_and_hold_510300,10000.0,11444.4072,4017.2072,7427.2,0.351019,0.648981,1
2026-04-13,buy_and_hold_510300,10000.0,11460.4072,4017.2072,7443.2,0.350529,0.649471,1
2026-04-14,buy_and_hold_510300,10000.0,11556.4072,4017.2072,7539.2,0.347617,0.652383,1
2026-04-15,buy_and_hold_510300,10000.0,11527.6072,4017.2072,7510.4,0.348486,0.651514,1
2026-04-16,buy_and_hold_510300,10000.0,11610.8072,4017.2072,7593.6,0.345989,0.654011,1
2026-04-17,buy_and_hold_510300,10000.0,11599.6072,4017.2072,7582.4,0.346323,0.653677,1
2026-04-20,buy_and_hold_510300,10000.0,11641.2072,4017.2072,7624.0,0.345085,0.654915,1
2026-04-21,buy_and_hold_510300,10000.0,11658.8072,4017.2072,7641.6,0.344564,0.655436,1
2026-04-22,buy_and_hold_510300,10000.0,11714.8072,4017.2072,7697.6,0.342917,0.657083,1
2026-04-23,buy_and_hold_510300,10000.0,11698.8072,4017.2072,7681.6,0.343386,0.656614,1
2026-04-24,buy_and_hold_510300,10000.0,11668.4072,4017.2072,7651.2,0.344281,0.655719,1
2026-04-27,buy_and_hold_510300,10000.0,11668.4072,4017.2072,7651.2,0.344281,0.655719,1
2026-04-28,buy_and_hold_510300,10000.0,11649.2072,4017.2072,7632.0,0.344848,0.655152,1
2026-04-29,buy_and_hold_510300,10000.0,11730.8072,4017.2072,7713.6,0.342449,0.657551,1
2026-04-30,buy_and_hold_510300,10000.0,11735.6072,4017.2072,7718.4,0.342309,0.657691,1
2026-05-06,buy_and_hold_510300,10000.0,11838.0072,4017.2072,7820.8,0.339348,0.660652,1
2026-05-07,buy_and_hold_510300,10000.0,11876.4072,4017.2072,7859.2,0.338251,0.661749,1
2026-05-08,buy_and_hold_510300,10000.0,11834.8072,4017.2072,7817.6,0.33944,0.66056,1
2026-05-11,buy_and_hold_510300,10000.0,11962.8072,4017.2072,7945.6,0.335808,0.664192,1
2026-05-12,buy_and_hold_510300,10000.0,11958.0072,4017.2072,7940.8,0.335943,0.664057,1
2026-05-13,buy_and_hold_510300,10000.0,12044.4072,4017.2072,8027.2,0.333533,0.666467,1
2026-05-14,buy_and_hold_510300,10000.0,11922.8072,4017.2072,7905.6,0.336935,0.663065,1
2026-05-15,buy_and_hold_510300,10000.0,11822.0072,4017.2072,7804.8,0.339808,0.660192,1
2026-05-18,buy_and_hold_510300,10000.0,11780.4072,4017.2072,7763.2,0.341007,0.658993,1
2026-05-19,buy_and_hold_510300,10000.0,11807.6072,4017.2072,7790.4,0.340222,0.659778,1
2026-05-20,buy_and_hold_510300,10000.0,11810.8072,4017.2072,7793.6,0.34013,0.65987,1
2026-05-21,buy_and_hold_510300,10000.0,11710.0072,4017.2072,7692.8,0.343058,0.656942,1
2026-05-22,buy_and_hold_510300,10000.0,11796.4072,4017.2072,7779.2,0.340545,0.659455,1
2026-05-25,buy_and_hold_510300,10000.0,11916.4072,4017.2072,7899.2,0.337116,0.662884,1
2026-05-26,buy_and_hold_510300,10000.0,11972.4072,4017.2072,7955.2,0.335539,0.664461,1
2026-05-27,buy_and_hold_510300,10000.0,11908.4072,4017.2072,7891.2,0.337342,0.662658,1
2026-05-28,buy_and_hold_510300,10000.0,11908.4072,4017.2072,7891.2,0.337342,0.662658,1
2026-05-29,buy_and_hold_510300,10000.0,11894.0072,4017.2072,7876.8,0.337751,0.662249,1
2026-06-01,buy_and_hold_510300,10000.0,11806.0072,4017.2072,7788.8,0.340268,0.659732,1
2026-06-02,buy_and_hold_510300,10000.0,11914.8072,4017.2072,7897.6,0.337161,0.662839,1
2026-06-03,buy_and_hold_510300,10000.0,11961.2072,4017.2072,7944.0,0.335853,0.664147,1
2026-06-04,buy_and_hold_510300,10000.0,11898.8072,4017.2072,7881.6,0.337614,0.662386,1
2026-06-05,buy_and_hold_510300,10000.0,11766.0072,4017.2072,7748.8,0.341425,0.658575,1
2026-06-08,buy_and_hold_510300,10000.0,11599.6072,4017.2072,7582.4,0.346323,0.653677,1
2026-06-09,buy_and_hold_510300,10000.0,11738.8072,4017.2072,7721.6,0.342216,0.657784,1
2026-06-10,buy_and_hold_510300,10000.0,11671.6072,4017.2072,7654.4,0.344186,0.655814,1
2026-06-11,buy_and_hold_510300,10000.0,11618.8072,4017.2072,7601.6,0.34575,0.65425,1
2026-06-12,buy_and_hold_510300,10000.0,11726.0072,4017.2072,7708.8,0.34259,0.65741,1
2026-06-15,buy_and_hold_510300,10000.0,11887.6072,4017.2072,7870.4,0.337932,0.662068,1
2026-06-16,buy_and_hold_510300,10000.0,11873.2072,4017.2072,7856.0,0.338342,0.661658,1
2026-06-17,buy_and_hold_510300,10000.0,11950.0072,4017.2072,7932.8,0.336168,0.663832,1
2026-06-18,buy_and_hold_510300,10000.0,11991.6072,4017.2072,7974.4,0.335002,0.664998,1
2025-05-30,cash_baseline,10000.0,10000.0,10000.0,0.0,1.0,0.0,0
2025-06-03,cash_baseline,10000.0,10000.0,10000.0,0.0,1.0,0.0,0
2025-06-04,cash_baseline,10000.0,10000.0,10000.0,0.0,1.0,0.0,0
2025-06-05,cash_baseline,10000.0,10000.0,10000.0,0.0,1.0,0.0,0
2025-06-06,cash_baseline,10000.0,10000.0,10000.0,0.0,1.0,0.0,0
2025-06-09,cash_baseline,10000.0,10000.0,10000.0,0.0,1.0,0.0,0
2025-06-10,cash_baseline,10000.0,10000.0,10000.0,0.0,1.0,0.0,0
2025-06-11,cash_baseline,10000.0,10000.0,10000.0,0.0,1.0,0.0,0
2025-06-12,cash_baseline,10000.0,10000.0,10000.0,0.0,1.0,0.0,0
2025-06-13,cash_baseline,10000.0,10000.0,10000.0,0.0,1.0,0.0,0
2025-06-16,cash_baseline,10000.0,10000.0,10000.0,0.0,1.0,0.0,0
2025-06-17,cash_baseline,10000.0,10000.0,10000.0,0.0,1.0,0.0,0
2025-06-18,cash_baseline,10000.0,10000.0,10000.0,0.0,1.0,0.0,0
2025-06-19,cash_baseline,10000.0,10000.0,10000.0,0.0,1.0,0.0,0
2025-06-20,cash_baseline,10000.0,10000.0,10000.0,0.0,1.0,0.0,0
2025-06-23,cash_baseline,10000.0,10000.0,10000.0,0.0,1.0,0.0,0
2025-06-24,cash_baseline,10000.0,10000.0,10000.0,0.0,1.0,0.0,0
2025-06-25,cash_baseline,10000.0,10000.0,10000.0,0.0,1.0,0.0,0
2025-06-26,cash_baseline,10000.0,10000.0,10000.0,0.0,1.0,0.0,0
2025-06-27,cash_baseline,10000.0,10000.0,10000.0,0.0,1.0,0.0,0
2025-06-30,cash_baseline,10000.0,10000.0,10000.0,0.0,1.0,0.0,0
2025-07-01,cash_baseline,10000.0,10000.0,10000.0,0.0,1.0,0.0,0
2025-07-02,cash_baseline,10000.0,10000.0,10000.0,0.0,1.0,0.0,0
2025-07-03,cash_baseline,10000.0,10000.0,10000.0,0.0,1.0,0.0,0
2025-07-04,cash_baseline,10000.0,10000.0,10000.0,0.0,1.0,0.0,0
2025-07-07,cash_baseline,10000.0,10000.0,10000.0,0.0,1.0,0.0,0
2025-07-08,cash_baseline,10000.0,10000.0,10000.0,0.0,1.0,0.0,0
2025-07-09,cash_baseline,10000.0,10000.0,10000.0,0.0,1.0,0.0,0
2025-07-10,cash_baseline,10000.0,10000.0,10000.0,0.0,1.0,0.0,0
2025-07-11,cash_baseline,10000.0,10000.0,10000.0,0.0,1.0,0.0,0
2025-07-14,cash_baseline,10000.0,10000.0,10000.0,0.0,1.0,0.0,0
2025-07-15,cash_baseline,10000.0,10000.0,10000.0,0.0,1.0,0.0,0
2025-07-16,cash_baseline,10000.0,10000.0,10000.0,0.0,1.0,0.0,0
2025-07-17,cash_baseline,10000.0,10000.0,10000.0,0.0,1.0,0.0,0
2025-07-18,cash_baseline,10000.0,10000.0,10000.0,0.0,1.0,0.0,0
2025-07-21,cash_baseline,10000.0,10000.0,10000.0,0.0,1.0,0.0,0
2025-07-22,cash_baseline,10000.0,10000.0,10000.0,0.0,1.0,0.0,0
2025-07-23,cash_baseline,10000.0,10000.0,10000.0,0.0,1.0,0.0,0
2025-07-24,cash_baseline,10000.0,10000.0,10000.0,0.0,1.0,0.0,0
2025-07-25,cash_baseline,10000.0,10000.0,10000.0,0.0,1.0,0.0,0
2025-07-28,cash_baseline,10000.0,10000.0,10000.0,0.0,1.0,0.0,0
2025-07-29,cash_baseline,10000.0,10000.0,10000.0,0.0,1.0,0.0,0
2025-07-30,cash_baseline,10000.0,10000.0,10000.0,0.0,1.0,0.0,0
2025-07-31,cash_baseline,10000.0,10000.0,10000.0,0.0,1.0,0.0,0
2025-08-01,cash_baseline,10000.0,10000.0,10000.0,0.0,1.0,0.0,0
2025-08-04,cash_baseline,10000.0,10000.0,10000.0,0.0,1.0,0.0,0
2025-08-05,cash_baseline,10000.0,10000.0,10000.0,0.0,1.0,0.0,0
2025-08-06,cash_baseline,10000.0,10000.0,10000.0,0.0,1.0,0.0,0
2025-08-07,cash_baseline,10000.0,10000.0,10000.0,0.0,1.0,0.0,0
2025-08-08,cash_baseline,10000.0,10000.0,10000.0,0.0,1.0,0.0,0
2025-08-11,cash_baseline,10000.0,10000.0,10000.0,0.0,1.0,0.0,0
2025-08-12,cash_baseline,10000.0,10000.0,10000.0,0.0,1.0,0.0,0
2025-08-13,cash_baseline,10000.0,10000.0,10000.0,0.0,1.0,0.0,0
2025-08-14,cash_baseline,10000.0,10000.0,10000.0,0.0,1.0,0.0,0
2025-08-15,cash_baseline,10000.0,10000.0,10000.0,0.0,1.0,0.0,0
2025-08-18,cash_baseline,10000.0,10000.0,10000.0,0.0,1.0,0.0,0
2025-08-19,cash_baseline,10000.0,10000.0,10000.0,0.0,1.0,0.0,0
2025-08-20,cash_baseline,10000.0,10000.0,10000.0,0.0,1.0,0.0,0
2025-08-21,cash_baseline,10000.0,10000.0,10000.0,0.0,1.0,0.0,0
2025-08-22,cash_baseline,10000.0,10000.0,10000.0,0.0,1.0,0.0,0
2025-08-25,cash_baseline,10000.0,10000.0,10000.0,0.0,1.0,0.0,0
2025-08-26,cash_baseline,10000.0,10000.0,10000.0,0.0,1.0,0.0,0
2025-08-27,cash_baseline,10000.0,10000.0,10000.0,0.0,1.0,0.0,0
2025-08-28,cash_baseline,10000.0,10000.0,10000.0,0.0,1.0,0.0,0
2025-08-29,cash_baseline,10000.0,10000.0,10000.0,0.0,1.0,0.0,0
2025-09-01,cash_baseline,10000.0,10000.0,10000.0,0.0,1.0,0.0,0
2025-09-02,cash_baseline,10000.0,10000.0,10000.0,0.0,1.0,0.0,0
2025-09-03,cash_baseline,10000.0,10000.0,10000.0,0.0,1.0,0.0,0
2025-09-04,cash_baseline,10000.0,10000.0,10000.0,0.0,1.0,0.0,0
2025-09-05,cash_baseline,10000.0,10000.0,10000.0,0.0,1.0,0.0,0
2025-09-08,cash_baseline,10000.0,10000.0,10000.0,0.0,1.0,0.0,0
2025-09-09,cash_baseline,10000.0,10000.0,10000.0,0.0,1.0,0.0,0
2025-09-10,cash_baseline,10000.0,10000.0,10000.0,0.0,1.0,0.0,0
2025-09-11,cash_baseline,10000.0,10000.0,10000.0,0.0,1.0,0.0,0
2025-09-12,cash_baseline,10000.0,10000.0,10000.0,0.0,1.0,0.0,0
2025-09-15,cash_baseline,10000.0,10000.0,10000.0,0.0,1.0,0.0,0
2025-09-16,cash_baseline,10000.0,10000.0,10000.0,0.0,1.0,0.0,0
2025-09-17,cash_baseline,10000.0,10000.0,10000.0,0.0,1.0,0.0,0
2025-09-18,cash_baseline,10000.0,10000.0,10000.0,0.0,1.0,0.0,0
2025-09-19,cash_baseline,10000.0,10000.0,10000.0,0.0,1.0,0.0,0
2025-09-22,cash_baseline,10000.0,10000.0,10000.0,0.0,1.0,0.0,0
2025-09-23,cash_baseline,10000.0,10000.0,10000.0,0.0,1.0,0.0,0
2025-09-24,cash_baseline,10000.0,10000.0,10000.0,0.0,1.0,0.0,0
2025-09-25,cash_baseline,10000.0,10000.0,10000.0,0.0,1.0,0.0,0
2025-09-26,cash_baseline,10000.0,10000.0,10000.0,0.0,1.0,0.0,0
2025-09-29,cash_baseline,10000.0,10000.0,10000.0,0.0,1.0,0.0,0
2025-09-30,cash_baseline,10000.0,10000.0,10000.0,0.0,1.0,0.0,0
2025-10-09,cash_baseline,10000.0,10000.0,10000.0,0.0,1.0,0.0,0
2025-10-10,cash_baseline,10000.0,10000.0,10000.0,0.0,1.0,0.0,0
2025-10-13,cash_baseline,10000.0,10000.0,10000.0,0.0,1.0,0.0,0
2025-10-14,cash_baseline,10000.0,10000.0,10000.0,0.0,1.0,0.0,0
2025-10-15,cash_baseline,10000.0,10000.0,10000.0,0.0,1.0,0.0,0
2025-10-16,cash_baseline,10000.0,10000.0,10000.0,0.0,1.0,0.0,0
2025-10-17,cash_baseline,10000.0,10000.0,10000.0,0.0,1.0,0.0,0
2025-10-20,cash_baseline,10000.0,10000.0,10000.0,0.0,1.0,0.0,0
2025-10-21,cash_baseline,10000.0,10000.0,10000.0,0.0,1.0,0.0,0
2025-10-22,cash_baseline,10000.0,10000.0,10000.0,0.0,1.0,0.0,0
2025-10-23,cash_baseline,10000.0,10000.0,10000.0,0.0,1.0,0.0,0
2025-10-24,cash_baseline,10000.0,10000.0,10000.0,0.0,1.0,0.0,0
2025-10-27,cash_baseline,10000.0,10000.0,10000.0,0.0,1.0,0.0,0
2025-10-28,cash_baseline,10000.0,10000.0,10000.0,0.0,1.0,0.0,0
2025-10-29,cash_baseline,10000.0,10000.0,10000.0,0.0,1.0,0.0,0
2025-10-30,cash_baseline,10000.0,10000.0,10000.0,0.0,1.0,0.0,0
2025-10-31,cash_baseline,10000.0,10000.0,10000.0,0.0,1.0,0.0,0
2025-11-03,cash_baseline,10000.0,10000.0,10000.0,0.0,1.0,0.0,0
2025-11-04,cash_baseline,10000.0,10000.0,10000.0,0.0,1.0,0.0,0
2025-11-05,cash_baseline,10000.0,10000.0,10000.0,0.0,1.0,0.0,0
2025-11-06,cash_baseline,10000.0,10000.0,10000.0,0.0,1.0,0.0,0
2025-11-07,cash_baseline,10000.0,10000.0,10000.0,0.0,1.0,0.0,0
2025-11-10,cash_baseline,10000.0,10000.0,10000.0,0.0,1.0,0.0,0
2025-11-11,cash_baseline,10000.0,10000.0,10000.0,0.0,1.0,0.0,0
2025-11-12,cash_baseline,10000.0,10000.0,10000.0,0.0,1.0,0.0,0
2025-11-13,cash_baseline,10000.0,10000.0,10000.0,0.0,1.0,0.0,0
2025-11-14,cash_baseline,10000.0,10000.0,10000.0,0.0,1.0,0.0,0
2025-11-17,cash_baseline,10000.0,10000.0,10000.0,0.0,1.0,0.0,0
2025-11-18,cash_baseline,10000.0,10000.0,10000.0,0.0,1.0,0.0,0
2025-11-19,cash_baseline,10000.0,10000.0,10000.0,0.0,1.0,0.0,0
2025-11-20,cash_baseline,10000.0,10000.0,10000.0,0.0,1.0,0.0,0
2025-11-21,cash_baseline,10000.0,10000.0,10000.0,0.0,1.0,0.0,0
2025-11-24,cash_baseline,10000.0,10000.0,10000.0,0.0,1.0,0.0,0
2025-11-25,cash_baseline,10000.0,10000.0,10000.0,0.0,1.0,0.0,0
2025-11-26,cash_baseline,10000.0,10000.0,10000.0,0.0,1.0,0.0,0
2025-11-27,cash_baseline,10000.0,10000.0,10000.0,0.0,1.0,0.0,0
2025-11-28,cash_baseline,10000.0,10000.0,10000.0,0.0,1.0,0.0,0
2025-12-01,cash_baseline,10000.0,10000.0,10000.0,0.0,1.0,0.0,0
2025-12-02,cash_baseline,10000.0,10000.0,10000.0,0.0,1.0,0.0,0
2025-12-03,cash_baseline,10000.0,10000.0,10000.0,0.0,1.0,0.0,0
2025-12-04,cash_baseline,10000.0,10000.0,10000.0,0.0,1.0,0.0,0
2025-12-05,cash_baseline,10000.0,10000.0,10000.0,0.0,1.0,0.0,0
2025-12-08,cash_baseline,10000.0,10000.0,10000.0,0.0,1.0,0.0,0
2025-12-09,cash_baseline,10000.0,10000.0,10000.0,0.0,1.0,0.0,0
2025-12-10,cash_baseline,10000.0,10000.0,10000.0,0.0,1.0,0.0,0
2025-12-11,cash_baseline,10000.0,10000.0,10000.0,0.0,1.0,0.0,0
2025-12-12,cash_baseline,10000.0,10000.0,10000.0,0.0,1.0,0.0,0
2025-12-15,cash_baseline,10000.0,10000.0,10000.0,0.0,1.0,0.0,0
2025-12-16,cash_baseline,10000.0,10000.0,10000.0,0.0,1.0,0.0,0
2025-12-17,cash_baseline,10000.0,10000.0,10000.0,0.0,1.0,0.0,0
2025-12-18,cash_baseline,10000.0,10000.0,10000.0,0.0,1.0,0.0,0
2025-12-19,cash_baseline,10000.0,10000.0,10000.0,0.0,1.0,0.0,0
2025-12-22,cash_baseline,10000.0,10000.0,10000.0,0.0,1.0,0.0,0
2025-12-23,cash_baseline,10000.0,10000.0,10000.0,0.0,1.0,0.0,0
2025-12-24,cash_baseline,10000.0,10000.0,10000.0,0.0,1.0,0.0,0
2025-12-25,cash_baseline,10000.0,10000.0,10000.0,0.0,1.0,0.0,0
2025-12-26,cash_baseline,10000.0,10000.0,10000.0,0.0,1.0,0.0,0
2025-12-29,cash_baseline,10000.0,10000.0,10000.0,0.0,1.0,0.0,0
2025-12-30,cash_baseline,10000.0,10000.0,10000.0,0.0,1.0,0.0,0
2025-12-31,cash_baseline,10000.0,10000.0,10000.0,0.0,1.0,0.0,0
2026-01-05,cash_baseline,10000.0,10000.0,10000.0,0.0,1.0,0.0,0
2026-01-06,cash_baseline,10000.0,10000.0,10000.0,0.0,1.0,0.0,0
2026-01-07,cash_baseline,10000.0,10000.0,10000.0,0.0,1.0,0.0,0
2026-01-08,cash_baseline,10000.0,10000.0,10000.0,0.0,1.0,0.0,0
2026-01-09,cash_baseline,10000.0,10000.0,10000.0,0.0,1.0,0.0,0
2026-01-12,cash_baseline,10000.0,10000.0,10000.0,0.0,1.0,0.0,0
2026-01-13,cash_baseline,10000.0,10000.0,10000.0,0.0,1.0,0.0,0
2026-01-14,cash_baseline,10000.0,10000.0,10000.0,0.0,1.0,0.0,0
2026-01-15,cash_baseline,10000.0,10000.0,10000.0,0.0,1.0,0.0,0
2026-01-16,cash_baseline,10000.0,10000.0,10000.0,0.0,1.0,0.0,0
2026-01-19,cash_baseline,10000.0,10000.0,10000.0,0.0,1.0,0.0,0
2026-01-20,cash_baseline,10000.0,10000.0,10000.0,0.0,1.0,0.0,0
2026-01-21,cash_baseline,10000.0,10000.0,10000.0,0.0,1.0,0.0,0
2026-01-22,cash_baseline,10000.0,10000.0,10000.0,0.0,1.0,0.0,0
2026-01-23,cash_baseline,10000.0,10000.0,10000.0,0.0,1.0,0.0,0
2026-01-26,cash_baseline,10000.0,10000.0,10000.0,0.0,1.0,0.0,0
2026-01-27,cash_baseline,10000.0,10000.0,10000.0,0.0,1.0,0.0,0
2026-01-28,cash_baseline,10000.0,10000.0,10000.0,0.0,1.0,0.0,0
2026-01-29,cash_baseline,10000.0,10000.0,10000.0,0.0,1.0,0.0,0
2026-01-30,cash_baseline,10000.0,10000.0,10000.0,0.0,1.0,0.0,0
2026-02-02,cash_baseline,10000.0,10000.0,10000.0,0.0,1.0,0.0,0
2026-02-03,cash_baseline,10000.0,10000.0,10000.0,0.0,1.0,0.0,0
2026-02-04,cash_baseline,10000.0,10000.0,10000.0,0.0,1.0,0.0,0
2026-02-05,cash_baseline,10000.0,10000.0,10000.0,0.0,1.0,0.0,0
2026-02-06,cash_baseline,10000.0,10000.0,10000.0,0.0,1.0,0.0,0
2026-02-09,cash_baseline,10000.0,10000.0,10000.0,0.0,1.0,0.0,0
2026-02-10,cash_baseline,10000.0,10000.0,10000.0,0.0,1.0,0.0,0
2026-02-11,cash_baseline,10000.0,10000.0,10000.0,0.0,1.0,0.0,0
2026-02-12,cash_baseline,10000.0,10000.0,10000.0,0.0,1.0,0.0,0
2026-02-13,cash_baseline,10000.0,10000.0,10000.0,0.0,1.0,0.0,0
2026-02-24,cash_baseline,10000.0,10000.0,10000.0,0.0,1.0,0.0,0
2026-02-25,cash_baseline,10000.0,10000.0,10000.0,0.0,1.0,0.0,0
2026-02-26,cash_baseline,10000.0,10000.0,10000.0,0.0,1.0,0.0,0
2026-02-27,cash_baseline,10000.0,10000.0,10000.0,0.0,1.0,0.0,0
2026-03-02,cash_baseline,10000.0,10000.0,10000.0,0.0,1.0,0.0,0
2026-03-03,cash_baseline,10000.0,10000.0,10000.0,0.0,1.0,0.0,0
2026-03-04,cash_baseline,10000.0,10000.0,10000.0,0.0,1.0,0.0,0
2026-03-05,cash_baseline,10000.0,10000.0,10000.0,0.0,1.0,0.0,0
2026-03-06,cash_baseline,10000.0,10000.0,10000.0,0.0,1.0,0.0,0
2026-03-09,cash_baseline,10000.0,10000.0,10000.0,0.0,1.0,0.0,0
2026-03-10,cash_baseline,10000.0,10000.0,10000.0,0.0,1.0,0.0,0
2026-03-11,cash_baseline,10000.0,10000.0,10000.0,0.0,1.0,0.0,0
2026-03-12,cash_baseline,10000.0,10000.0,10000.0,0.0,1.0,0.0,0
2026-03-13,cash_baseline,10000.0,10000.0,10000.0,0.0,1.0,0.0,0
2026-03-16,cash_baseline,10000.0,10000.0,10000.0,0.0,1.0,0.0,0
2026-03-17,cash_baseline,10000.0,10000.0,10000.0,0.0,1.0,0.0,0
2026-03-18,cash_baseline,10000.0,10000.0,10000.0,0.0,1.0,0.0,0
2026-03-19,cash_baseline,10000.0,10000.0,10000.0,0.0,1.0,0.0,0
2026-03-20,cash_baseline,10000.0,10000.0,10000.0,0.0,1.0,0.0,0
2026-03-23,cash_baseline,10000.0,10000.0,10000.0,0.0,1.0,0.0,0
2026-03-24,cash_baseline,10000.0,10000.0,10000.0,0.0,1.0,0.0,0
2026-03-25,cash_baseline,10000.0,10000.0,10000.0,0.0,1.0,0.0,0
2026-03-26,cash_baseline,10000.0,10000.0,10000.0,0.0,1.0,0.0,0
2026-03-27,cash_baseline,10000.0,10000.0,10000.0,0.0,1.0,0.0,0
2026-03-30,cash_baseline,10000.0,10000.0,10000.0,0.0,1.0,0.0,0
2026-03-31,cash_baseline,10000.0,10000.0,10000.0,0.0,1.0,0.0,0
2026-04-01,cash_baseline,10000.0,10000.0,10000.0,0.0,1.0,0.0,0
2026-04-02,cash_baseline,10000.0,10000.0,10000.0,0.0,1.0,0.0,0
2026-04-03,cash_baseline,10000.0,10000.0,10000.0,0.0,1.0,0.0,0
2026-04-07,cash_baseline,10000.0,10000.0,10000.0,0.0,1.0,0.0,0
2026-04-08,cash_baseline,10000.0,10000.0,10000.0,0.0,1.0,0.0,0
2026-04-09,cash_baseline,10000.0,10000.0,10000.0,0.0,1.0,0.0,0
2026-04-10,cash_baseline,10000.0,10000.0,10000.0,0.0,1.0,0.0,0
2026-04-13,cash_baseline,10000.0,10000.0,10000.0,0.0,1.0,0.0,0
2026-04-14,cash_baseline,10000.0,10000.0,10000.0,0.0,1.0,0.0,0
2026-04-15,cash_baseline,10000.0,10000.0,10000.0,0.0,1.0,0.0,0
2026-04-16,cash_baseline,10000.0,10000.0,10000.0,0.0,1.0,0.0,0
2026-04-17,cash_baseline,10000.0,10000.0,10000.0,0.0,1.0,0.0,0
2026-04-20,cash_baseline,10000.0,10000.0,10000.0,0.0,1.0,0.0,0
2026-04-21,cash_baseline,10000.0,10000.0,10000.0,0.0,1.0,0.0,0
2026-04-22,cash_baseline,10000.0,10000.0,10000.0,0.0,1.0,0.0,0
2026-04-23,cash_baseline,10000.0,10000.0,10000.0,0.0,1.0,0.0,0
2026-04-24,cash_baseline,10000.0,10000.0,10000.0,0.0,1.0,0.0,0
2026-04-27,cash_baseline,10000.0,10000.0,10000.0,0.0,1.0,0.0,0
2026-04-28,cash_baseline,10000.0,10000.0,10000.0,0.0,1.0,0.0,0
2026-04-29,cash_baseline,10000.0,10000.0,10000.0,0.0,1.0,0.0,0
2026-04-30,cash_baseline,10000.0,10000.0,10000.0,0.0,1.0,0.0,0
2026-05-06,cash_baseline,10000.0,10000.0,10000.0,0.0,1.0,0.0,0
2026-05-07,cash_baseline,10000.0,10000.0,10000.0,0.0,1.0,0.0,0
2026-05-08,cash_baseline,10000.0,10000.0,10000.0,0.0,1.0,0.0,0
2026-05-11,cash_baseline,10000.0,10000.0,10000.0,0.0,1.0,0.0,0
2026-05-12,cash_baseline,10000.0,10000.0,10000.0,0.0,1.0,0.0,0
2026-05-13,cash_baseline,10000.0,10000.0,10000.0,0.0,1.0,0.0,0
2026-05-14,cash_baseline,10000.0,10000.0,10000.0,0.0,1.0,0.0,0
2026-05-15,cash_baseline,10000.0,10000.0,10000.0,0.0,1.0,0.0,0
2026-05-18,cash_baseline,10000.0,10000.0,10000.0,0.0,1.0,0.0,0
2026-05-19,cash_baseline,10000.0,10000.0,10000.0,0.0,1.0,0.0,0
2026-05-20,cash_baseline,10000.0,10000.0,10000.0,0.0,1.0,0.0,0
2026-05-21,cash_baseline,10000.0,10000.0,10000.0,0.0,1.0,0.0,0
2026-05-22,cash_baseline,10000.0,10000.0,10000.0,0.0,1.0,0.0,0
2026-05-25,cash_baseline,10000.0,10000.0,10000.0,0.0,1.0,0.0,0
2026-05-26,cash_baseline,10000.0,10000.0,10000.0,0.0,1.0,0.0,0
2026-05-27,cash_baseline,10000.0,10000.0,10000.0,0.0,1.0,0.0,0
2026-05-28,cash_baseline,10000.0,10000.0,10000.0,0.0,1.0,0.0,0
2026-05-29,cash_baseline,10000.0,10000.0,10000.0,0.0,1.0,0.0,0
2026-06-01,cash_baseline,10000.0,10000.0,10000.0,0.0,1.0,0.0,0
2026-06-02,cash_baseline,10000.0,10000.0,10000.0,0.0,1.0,0.0,0
2026-06-03,cash_baseline,10000.0,10000.0,10000.0,0.0,1.0,0.0,0
2026-06-04,cash_baseline,10000.0,10000.0,10000.0,0.0,1.0,0.0,0
2026-06-05,cash_baseline,10000.0,10000.0,10000.0,0.0,1.0,0.0,0
2026-06-08,cash_baseline,10000.0,10000.0,10000.0,0.0,1.0,0.0,0
2026-06-09,cash_baseline,10000.0,10000.0,10000.0,0.0,1.0,0.0,0
2026-06-10,cash_baseline,10000.0,10000.0,10000.0,0.0,1.0,0.0,0
2026-06-11,cash_baseline,10000.0,10000.0,10000.0,0.0,1.0,0.0,0
2026-06-12,cash_baseline,10000.0,10000.0,10000.0,0.0,1.0,0.0,0
2026-06-15,cash_baseline,10000.0,10000.0,10000.0,0.0,1.0,0.0,0
2026-06-16,cash_baseline,10000.0,10000.0,10000.0,0.0,1.0,0.0,0
2026-06-17,cash_baseline,10000.0,10000.0,10000.0,0.0,1.0,0.0,0
2026-06-18,cash_baseline,10000.0,10000.0,10000.0,0.0,1.0,0.0,0
