factor,horizon,rank_ic,rank_ic_mean,rank_ic_std,rank_ic_ir,top_quantile_return,bottom_quantile_return,spread,positive_ic_ratio,market_state,etf_type,stability_score,comment
risk_adjusted_momentum,1,0.04944106111310884,0.04944106111310884,0.35019519412696065,0.1411814380730318,0.0012629863347551518,5.08162369635687e-05,0.001212170097791583,0.5702127659574469,all,all,0.02819192420917696,positive_candidate
ma_distance_60,1,0.046280301606885524,0.046280301606885524,0.42104224206006613,0.10991842856537694,0.0018588015108668915,0.00015559120372578557,0.0017032103071411059,0.5361702127659574,all,all,0.024814119159436494,positive_candidate
trend_slope_20,1,0.044392795472994635,0.044392795472994635,0.41936028987964885,0.1058583670040261,0.0014899130165577598,-5.069302820206273e-06,0.001494982319377966,0.5404255319148936,all,all,0.023991000106682207,positive_candidate
trend_slope_60,1,0.03781412618001908,0.03781412618001908,0.41400106480825144,0.09133823411186891,0.0014149916266916211,0.0005760908060638949,0.0008389008206277262,0.5221238938053098,all,all,0.019743658801956866,positive_candidate
momentum_20d,1,0.0376716890100019,0.0376716890100019,0.40938153039850145,0.09202097850709437,0.0015625975640263451,0.00019188966578688853,0.0013707078982394566,0.5234042553191489,all,all,0.019717522332894612,positive_candidate
relative_strength_vs_510300,1,0.0376716890100019,0.0376716890100019,0.40938153039850145,0.09202097850709437,0.0015625975640263451,0.00019188966578688853,0.0013707078982394566,0.5234042553191489,all,all,0.019717522332894612,positive_candidate
momentum_60d,1,0.03652667039230351,0.03652667039230351,0.4160600881601232,0.08779181524916181,0.0014882649459875012,0.00044202346247607615,0.0010462414835114252,0.5276595744680851,all,all,0.019273647355938874,positive_candidate
ma_distance_20,1,0.02816894939401985,0.02816894939401985,0.39054476983902786,0.07212732462306522,0.0014638896385563134,0.0003096174052295245,0.001154272233326789,0.5191489361702127,all,all,0.014623880110937964,weak_or_context_dependent
amount_liquidity_20,1,0.023001599445775144,0.023001599445775144,0.2068566285948865,0.111195853872404,0.00039962940617698905,0.000753740043242831,-0.00035411063706584196,0.5446808510638298,all,all,0.01252853076195412,likely_trading_constraint_more_than_alpha
amount_liquidity_60,1,0.022815754008121,0.022815754008121,0.2124138026118391,0.10741182412620366,0.0002521754557589437,0.0008182291686072737,-0.00056605371284833,0.5361702127659574,all,all,0.012233127680949984,likely_trading_constraint_more_than_alpha
volatility_20,1,0.02154550298962976,0.02154550298962976,0.4347983315269315,0.049552864920079,0.001496314160046758,6.408170010360362e-06,0.0014899059900363976,0.4978723404255319,all,all,0.010726909999092264,risk_control_candidate_not_alpha_by_default
atr_pct,1,0.016459791962351922,0.016459791962351922,0.4327716923872915,0.038033430217108324,0.0013537275260557282,3.6798899550857064e-05,0.0013169286265048712,0.5148936170212766,all,all,0.008475041818913117,weak_or_context_dependent
drawdown_60,1,0.01535865485868503,0.01535865485868503,0.35806781952578837,0.04289314487692711,0.00039870517846838505,0.0009168818052881812,-0.0005181766268197961,0.5446808510638298,all,all,0.008365565199624187,weak_or_context_dependent
volatility_60,1,0.01390668186413806,0.01390668186413806,0.4296732440842335,0.0323657152396759,0.0013469228677318805,9.813127164745999e-06,0.0013371097405671345,0.5106382978723404,all,all,0.007101284356155604,risk_control_candidate_not_alpha_by_default
momentum_10d,1,0.01267286032899794,0.01267286032899794,0.39123965678019207,0.03239155364078509,0.001275217662460009,0.00054241656742793,0.000732801095032079,0.4808510638297872,all,all,0.0060937583709649665,weak_or_context_dependent
relative_strength_vs_group,1,0.009552956102971315,0.009552956102971315,0.24360621087055684,0.039214747722698236,0.0012157061304012146,0.0006591748690108543,0.0005565312613903603,0.5063829787234042,all,all,0.004837454367036538,weak_or_context_dependent
drawdown_20,1,0.00862843568891156,0.00862843568891156,0.3562777419216184,0.024218284427124915,0.0002791313909276229,0.0006670784447252531,-0.00038794705379763023,0.5191489361702127,all,all,0.004479443208711533,weak_or_context_dependent
momentum_5d,1,0.00578031173661439,0.00578031173661439,0.37839721565178863,0.015275777668336729,0.0012548326216214939,0.0003673724343305895,0.0008874601872909044,0.49361702127659574,all,all,0.002853260261477741,weak_or_context_dependent
volume_ratio_20,1,-0.029623612891018367,-0.029623612891018367,0.2091170328254347,-0.14166044960932173,0.0005724537681561677,0.000812743196665952,-0.00024028942850978427,0.44680851063829785,all,all,0.013236082355561398,weak_or_context_dependent
ma_distance_60,3,0.08984358081926996,0.08984358081926996,0.39082924548884573,0.22987937022700133,0.00478386428096908,0.0003909004255536122,0.004392963855415468,0.5829787234042553,all,all,0.05237689605208504,positive_candidate
momentum_20d,3,0.08655049413897511,0.08655049413897511,0.3710407235493832,0.23326413691476047,0.00481139832505784,-0.00014548684467053982,0.004956885169728379,0.625531914893617,all,all,0.05414009633374188,positive_candidate
relative_strength_vs_510300,3,0.08655049413897511,0.08655049413897511,0.3710407235493832,0.23326413691476047,0.00481139832505784,-0.00014548684467053982,0.004956885169728379,0.625531914893617,all,all,0.05414009633374188,positive_candidate
trend_slope_20,3,0.08290009582128548,0.08290009582128548,0.3768177256522963,0.22000052061717623,0.004749317139334111,0.00019015997777296589,0.004559157161561146,0.5957446808510638,all,all,0.049387291127574326,positive_candidate
risk_adjusted_momentum,3,0.07907323574020698,0.07907323574020698,0.32977699824870793,0.2397778988835732,0.0033926963455036905,-0.00030642429021334404,0.0036991206357170348,0.6170212765957447,all,all,0.048789868860978775,positive_candidate
volatility_20,3,0.07806146220372401,0.07806146220372401,0.39030508799214847,0.20000113912246598,0.004791929057361679,1.752635144205165e-05,0.004774402705919627,0.6085106382978723,all,all,0.04750123019205333,positive_candidate
ma_distance_20,3,0.07179314410382899,0.07179314410382899,0.3651960581556883,0.196587949131758,0.0041861770100236765,0.0002949698885439937,0.003891207121479683,0.5957446808510638,all,all,0.042770383721430036,positive_candidate
atr_pct,3,0.07073528291278292,0.07073528291278292,0.391234910330124,0.18080002843584814,0.0040349032600490485,0.0001119389957906501,0.003922964264258398,0.5829787234042553,all,all,0.041237164932133016,positive_candidate
momentum_60d,3,0.06960378871762328,0.06960378871762328,0.40059630522713746,0.17375045103862863,0.004367226575441396,0.0012141901471627791,0.003153036428278617,0.5702127659574469,all,all,0.0396889688857937,positive_candidate
volatility_60,3,0.06099616343612455,0.06099616343612455,0.38313113304837565,0.15920440333524902,0.004037242440368785,3.195437565413984e-05,0.004005288064714645,0.5787234042553191,all,all,0.03529990735026782,positive_candidate
trend_slope_60,3,0.05582319445152469,0.05582319445152469,0.3959753033260883,0.14097645480065185,0.003910911058847479,0.0018881407301324022,0.002022770328715077,0.5752212389380531,all,all,0.03211068707388588,positive_candidate
drawdown_60,3,0.02616576239614308,0.02616576239614308,0.3452809606932494,0.0757810750514824,0.001800130121050792,0.0025393009108723246,-0.0007391707898215325,0.5191489361702127,all,all,0.013583927712040237,weak_or_context_dependent
momentum_10d,3,0.025753266490831664,0.025753266490831664,0.36043798938678145,0.07144992273052594,0.003816393872600804,0.0013811592407671047,0.0024352346318336996,0.548936170212766,all,all,0.014136899477945893,weak_or_context_dependent
relative_strength_vs_group,3,0.02471102780646508,0.02471102780646508,0.23285654193052083,0.1061212521735305,0.0036740474518907823,0.0020297330677356597,0.0016443143841551227,0.5361702127659574,all,all,0.013249317036657871,weak_or_context_dependent
momentum_5d,3,0.023856514292935286,0.023856514292935286,0.36091842818818887,0.06609946300801273,0.004070916235769547,0.0017074683939972478,0.0023634478417722993,0.5531914893617021,all,all,0.013197220672687606,weak_or_context_dependent
drawdown_20,3,0.02098374756325267,0.02098374756325267,0.34147734675371555,0.06144989634813704,0.0019799429952478973,0.0019984492669698384,-1.850627172194112e-05,0.5702127659574469,all,all,0.011965200738195141,weak_or_context_dependent
amount_liquidity_20,3,0.01758613763094542,0.01758613763094542,0.21816438273597616,0.08060957251774808,0.0012637781319168738,0.002229058976635376,-0.0009652808447185024,0.5531914893617021,all,all,0.009728501668182572,likely_trading_constraint_more_than_alpha
amount_liquidity_60,3,0.015865009888680476,0.015865009888680476,0.22287605786059192,0.07118310526922536,0.0007721298868757356,0.002376897577184114,-0.0016047676903083786,0.5404255319148936,all,all,0.008573856407925193,likely_trading_constraint_more_than_alpha
volume_ratio_20,3,-0.010591642918526226,-0.010591642918526226,0.22938264672486117,-0.046174560585791134,0.00162789785483685,0.0030256995451550753,-0.0013978016903182253,0.5319148936170213,all,all,0.005633852616237354,weak_or_context_dependent
trend_slope_20,5,0.10434821735768934,0.10434821735768934,0.3938484911000661,0.26494507333576994,0.008344544700078492,4.733935652548085e-05,0.008297205343553011,0.6170212765957447,all,all,0.06438507028453172,positive_candidate
momentum_20d,5,0.10137952223059453,0.10137952223059453,0.3818672724959913,0.2654836628652401,0.00784283795103911,-0.0004425283756927159,0.008285366326731826,0.6170212765957447,all,all,0.06255332222738812,positive_candidate
relative_strength_vs_510300,5,0.10137952223059453,0.10137952223059453,0.3818672724959913,0.2654836628652401,0.00784283795103911,-0.0004425283756927159,0.008285366326731826,0.6170212765957447,all,all,0.06255332222738812,positive_candidate
ma_distance_60,5,0.09068613401630443,0.09068613401630443,0.38304547331107514,0.23675030860541535,0.007790938148838853,0.0009222726069385974,0.006868665541900256,0.6042553191489362,all,all,0.05479757885240523,positive_candidate
risk_adjusted_momentum,5,0.0891359839886601,0.0891359839886601,0.34362787554445695,0.25939683690512505,0.005309278038839592,-0.0002539072212740028,0.005563185260113595,0.5872340425531914,all,all,0.052343684214617416,positive_candidate
volatility_20,5,0.07862076329964121,0.07862076329964121,0.3943748040483307,0.19935544180962997,0.007923109293220208,4.894539580164415e-05,0.007874163897418563,0.574468085106383,all,all,0.045165119342347085,positive_candidate
ma_distance_20,5,0.07817545223592676,0.07817545223592676,0.35821297296541466,0.21823735636585828,0.006596908309606115,0.0006455948594870344,0.005951313450119081,0.5829787234042553,all,all,0.04557462534605091,positive_candidate
atr_pct,5,0.07328743532402046,0.07328743532402046,0.3993807095617489,0.18350269196637142,0.006665048307045371,0.00022583735390242776,0.006439210953142943,0.5787234042553191,all,all,0.04241315405985865,positive_candidate
volatility_60,5,0.0650426795885605,0.0650426795885605,0.39211107166338577,0.1658782020937105,0.006756309497156288,5.71240983341976e-05,0.00669918539882209,0.6042553191489362,all,all,0.03930238511308762,positive_candidate
momentum_60d,5,0.061107797807815147,0.061107797807815147,0.3920485685187978,0.1558679273812606,0.006644571891966686,0.002218501376802007,0.004426070515164679,0.5872340425531914,all,all,0.03588457913820634,positive_candidate
trend_slope_60,5,0.05075950460240892,0.05075950460240892,0.39088636487768014,0.12985744493362683,0.006800314854335826,0.0031831857187194943,0.0036171291356163317,0.5663716814159292,all,all,0.028748745969505936,positive_candidate
momentum_10d,5,0.0381000722241675,0.0381000722241675,0.3469553284128159,0.109812615930876,0.006111053668344487,0.00252577864461888,0.003585275023725607,0.5531914893617021,all,all,0.02107663569847564,positive_candidate
drawdown_60,5,0.027649815209207965,0.027649815209207965,0.35660728571234496,0.07753575520470862,0.0036790100319159824,0.004698874086340882,-0.0010198640544248996,0.5148936170212766,all,all,0.014236713363038993,weak_or_context_dependent
relative_strength_vs_group,5,0.025163510567365127,0.025163510567365127,0.24383365161298914,0.10319949851427584,0.006223059976429026,0.0032572473471270597,0.002965812629301966,0.5361702127659574,all,all,0.01349192481484258,weak_or_context_dependent
drawdown_20,5,0.023436893552471052,0.023436893552471052,0.35665734826759976,0.06571263333367905,0.004066641783631024,0.003648704253370559,0.00041793753026046505,0.5446808510638298,all,all,0.012765627126452317,weak_or_context_dependent
amount_liquidity_60,5,0.017768857324792685,0.017768857324792685,0.22398599716214568,0.07933021505772807,0.0013398702595100712,0.0039618158160043436,-0.002621945556494272,0.5319148936170213,all,all,0.00945151985361313,likely_trading_constraint_more_than_alpha
amount_liquidity_20,5,0.01723577062285313,0.01723577062285313,0.21840588526560906,0.07891623708716577,0.002005657246261364,0.0037463314102906616,-0.0017406741640292977,0.5404255319148936,all,all,0.009314650506818501,likely_trading_constraint_more_than_alpha
momentum_5d,5,0.012234022754045004,0.012234022754045004,0.37425582797875073,0.0326889305107618,0.005709347111300333,0.003058123927420475,0.002651223183879858,0.5148936170212766,all,all,0.006299220226550831,weak_or_context_dependent
volume_ratio_20,5,-0.01007133650794492,-0.01007133650794492,0.21392731805712537,-0.04707830958389127,0.002920431368142057,0.004112509474686044,-0.0011920781065439872,0.5446808510638298,all,all,0.005485664140497659,weak_or_context_dependent
momentum_20d,10,0.13878915363641625,0.13878915363641625,0.3748669324081657,0.3702357867225768,0.01592340821866897,-0.0009302117051825751,0.016853619923851544,0.6808510638297872,all,all,0.09449474290138979,positive_candidate
relative_strength_vs_510300,10,0.13878915363641625,0.13878915363641625,0.3748669324081657,0.3702357867225768,0.01592340821866897,-0.0009302117051825751,0.016853619923851544,0.6808510638297872,all,all,0.09449474290138979,positive_candidate
trend_slope_20,10,0.13321018304249835,0.13321018304249835,0.3760739884089124,0.35421270055416965,0.0157093239224432,-0.0006020222580407449,0.016311346180483945,0.6723404255319149,all,all,0.08956259115197761,positive_candidate
ma_distance_20,10,0.12556320333991658,0.12556320333991658,0.347581055749466,0.3612486965642387,0.013445104221082546,0.0006557360878573183,0.012789368133225228,0.676595744680851,all,all,0.08495552906828398,positive_candidate
risk_adjusted_momentum,10,0.1166202290997994,0.1166202290997994,0.3550822341604793,0.32843160789366027,0.010638409851759267,-0.0006137859287599335,0.011252195780519201,0.6553191489361702,all,all,0.07642346928242173,positive_candidate
ma_distance_60,10,0.1148449750124266,0.1148449750124266,0.3676868577430178,0.31234451978344463,0.014372215440601832,0.001620635780269893,0.01275157966033194,0.6893617021276596,all,all,0.07916972745537494,positive_candidate
momentum_10d,10,0.09399652918056174,0.09399652918056174,0.3274024522536271,0.28709781656658445,0.012970655168684725,0.0038838564973005725,0.009086798671384153,0.625531914893617,all,all,0.05879782889167054,positive_candidate
volatility_20,10,0.09251939198377843,0.09251939198377843,0.39630940031011436,0.23345242861103338,0.015006222379615013,6.678885180957174e-05,0.01493943352780544,0.6085106382978723,all,all,0.05629903427098006,positive_candidate
atr_pct,10,0.08607990155172712,0.08607990155172712,0.40007286839637485,0.21516055786728053,0.014047910978774652,0.00047065200882716036,0.013577258969947492,0.5957446808510638,all,all,0.051281643477624664,positive_candidate
volatility_60,10,0.07860617679574596,0.07860617679574596,0.3944732578580195,0.1992687089172423,0.012960393993042508,0.00011735314801117168,0.012843040845031337,0.6,all,all,0.04716370607744757,positive_candidate
momentum_60d,10,0.06987901180500763,0.06987901180500763,0.3628746933935489,0.1925706396098051,0.012869982202163672,0.004687572555161042,0.00818240964700263,0.6042553191489362,all,all,0.04222476458004717,positive_candidate
trend_slope_60,10,0.059936238826914484,0.059936238826914484,0.35767876418809125,0.1675700232384946,0.013846361366249641,0.006045293243922357,0.007801068122327284,0.6106194690265486,all,all,0.036598234327938926,positive_candidate
momentum_5d,10,0.04668416187902134,0.04668416187902134,0.3684757926802354,0.12669532926287513,0.011476678074443417,0.005211505990099057,0.00626517208434436,0.6,all,all,0.0280104971274128,positive_candidate
relative_strength_vs_group,10,0.04597592493601175,0.04597592493601175,0.25533359493219093,0.18006218472043053,0.013083714581740277,0.005648985427349074,0.007434729154391203,0.6297872340425532,all,all,0.02895505059799889,positive_candidate
drawdown_20,10,0.029689882312649768,0.029689882312649768,0.3412062399133453,0.08701447640638102,0.00816875196721619,0.00591787903924734,0.0022508729279688494,0.5574468085106383,all,all,0.016550530140243064,weak_or_context_dependent
drawdown_60,10,0.023275114753204217,0.023275114753204217,0.3468326632068682,0.06710762053953893,0.006988992286249104,0.007948957675794677,-0.000959965389545573,0.5319148936170213,all,all,0.012380380187874584,weak_or_context_dependent
amount_liquidity_60,10,0.021963405219136575,0.021963405219136575,0.21483757535039993,0.10223260611331271,0.0024174079709126054,0.007772242930420292,-0.005354834959507687,0.5446808510638298,all,all,0.011963046247019072,likely_trading_constraint_more_than_alpha
amount_liquidity_20,10,0.019289566274847115,0.019289566274847115,0.21210737466327165,0.09094245924013732,0.003789084560925898,0.007385698473949888,-0.0035966139130239896,0.5531914893617021,all,all,0.010670823896723936,likely_trading_constraint_more_than_alpha
volume_ratio_20,10,0.0071703628464520695,0.0071703628464520695,0.20146488134654603,0.03559113031773565,0.007682255940019459,0.00651196247891445,0.0011702934611050085,0.5234042553191489,all,all,0.0037529984260153385,weak_or_context_dependent
ma_distance_20,20,0.135808811469638,0.135808811469638,0.329259147137679,0.4124678468320573,0.026461199785835117,0.001978748532473605,0.02448245125336151,0.6808510638297872,all,all,0.09246557376656203,positive_candidate
momentum_10d,20,0.11922295502502958,0.11922295502502958,0.34118805468925845,0.34943472781781143,0.02687291322368411,0.004775468485505801,0.02209744473817831,0.6510638297872341,all,all,0.07762175369714693,positive_candidate
risk_adjusted_momentum,20,0.1185671140646697,0.1185671140646697,0.31036165357203316,0.38202887727929624,0.019785409081911943,0.0012265242401596221,0.018558884841752322,0.7021276595744681,all,all,0.08324925030072554,positive_candidate
momentum_20d,20,0.11102782651442769,0.11102782651442769,0.31588440358801995,0.3514824576753446,0.026288921069379967,0.002656078791564599,0.02363284227781537,0.6510638297872341,all,all,0.07228620194343591,positive_candidate
relative_strength_vs_510300,20,0.11102782651442769,0.11102782651442769,0.31588440358801995,0.3514824576753446,0.026288921069379967,0.002656078791564599,0.02363284227781537,0.6510638297872341,all,all,0.07228620194343591,positive_candidate
trend_slope_20,20,0.09642957964282566,0.09642957964282566,0.3138151845097112,0.30728143315780687,0.025709345253659904,0.004079594656202078,0.021629750597457826,0.6042553191489362,all,all,0.05826808642247337,positive_candidate
momentum_5d,20,0.09324138816686535,0.09324138816686535,0.37606818364609795,0.2479374544872717,0.024577324293776806,0.009012689387600564,0.015564634906176242,0.5957446808510638,all,all,0.055548061035579355,positive_candidate
ma_distance_60,20,0.09234755766774883,0.09234755766774883,0.3200865241327104,0.28850810860584936,0.0261801191429086,0.007170970337318927,0.019009148805589675,0.6297872340425532,all,all,0.058159312914156706,positive_candidate
volatility_60,20,0.09039149194492842,0.09039149194492842,0.4138673080310535,0.21840693911041198,0.025021602716139603,0.0001407439372807837,0.02488085877885882,0.5787234042553191,all,all,0.05231167193408623,positive_candidate
volatility_20,20,0.082299821059365,0.082299821059365,0.3983379617918252,0.2066080287431294,0.028590893365002923,0.00014559526257835665,0.028445298102424566,0.5446808510638298,all,all,0.04482713657701583,positive_candidate
trend_slope_60,20,0.07804882938951976,0.07804882938951976,0.31918996069205124,0.24452156709533818,0.02595715234477932,0.008801892494280105,0.017155259850499215,0.6504424778761062,all,all,0.0507662739834487,positive_candidate
atr_pct,20,0.07503897274220357,0.07503897274220357,0.40081056610778765,0.18721805033958056,0.02469017321877306,0.0007162636633185862,0.023973909555454476,0.5574468085106383,all,all,0.041830235869058166,positive_candidate
momentum_60d,20,0.06811999391133278,0.06811999391133278,0.316393681241671,0.21530137278342382,0.024949263632381473,0.010148833115670849,0.014800430516710624,0.6170212765957447,all,all,0.0420314856048649,positive_candidate
drawdown_20,20,0.04510715501688682,0.04510715501688682,0.3416074142943415,0.13204384076400882,0.0143917224385431,0.012400659773864411,0.001991062664678689,0.5872340425531914,all,all,0.02648845698863992,positive_candidate
drawdown_60,20,0.033087200998528694,0.033087200998528694,0.31555679573441564,0.10485339389228719,0.013005464700441968,0.015885036955918943,-0.002879572255476975,0.5914893617021276,all,all,0.019570727399129736,weak_or_context_dependent
volume_ratio_20,20,0.03191137139349982,0.03191137139349982,0.2201947448961901,0.14492340136702309,0.017280002332410397,0.013358341148694929,0.003921661183715468,0.5702127659574469,all,all,0.018196271347782875,positive_candidate
amount_liquidity_60,20,0.028757419837221538,0.028757419837221538,0.21054552565551224,0.13658528124826314,0.0038889714471188976,0.01362993779669281,-0.009740966349573913,0.5659574468085107,all,all,0.01627547590787432,likely_trading_constraint_more_than_alpha
amount_liquidity_20,20,0.019945674782622297,0.019945674782622297,0.20129695914796933,0.09908582259288197,0.006363759184463579,0.014458166654292798,-0.008094407469829219,0.548936170212766,all,all,0.010948902327482028,likely_trading_constraint_more_than_alpha
relative_strength_vs_group,20,1.210801694436604e-05,1.210801694436604e-05,0.22689002777949122,5.336513491960749e-05,0.02031934181325878,0.015472520217245366,0.004846821596013415,0.5361702127659574,all,all,6.491958021234558e-06,weak_or_context_dependent
risk_adjusted_momentum,1,0.16651378848118054,0.16651378848118054,0.4316361487892815,0.38577350147396977,-4.9236223095125606e-05,-0.00010925886538740124,6.0022642292275635e-05,0.6638297872340425,all,bond_cash,0.11053681277899643,positive_candidate
momentum_20d,1,0.1602960307008409,0.1602960307008409,0.5311025629564803,0.3018174678136055,0.0004420422510285941,-0.00023070172767697525,0.0006727439787055693,0.6425531914893617,all,bond_cash,0.10299872610990203,positive_candidate
relative_strength_vs_510300,1,0.1602960307008409,0.1602960307008409,0.5311025629564803,0.3018174678136055,0.0004420422510285941,-0.00023070172767697525,0.0006727439787055693,0.6425531914893617,all,bond_cash,0.10299872610990203,positive_candidate
ma_distance_20,1,0.15453586246162979,0.15453586246162979,0.513120185663895,0.30116894010257117,0.0005277567590361123,7.243771008253593e-05,0.00045531904895357636,0.6042553191489362,all,bond_cash,0.0933791168917082,positive_candidate
ma_distance_60,1,0.15254998019734411,0.15254998019734411,0.5072889106629337,0.300716173744049,0.00047410969500065545,3.150742104164399e-07,0.000473794620790239,0.625531914893617,all,bond_cash,0.09542488122982802,positive_candidate
trend_slope_20,1,0.15066405778587896,0.15066405778587896,0.5224697778417866,0.2883689433831765,0.00032473408033248136,-3.4053606751992705e-05,0.00035878768708447407,0.625531914893617,all,bond_cash,0.09424517657244344,positive_candidate
trend_slope_60,1,0.14307966346066506,0.14307966346066506,0.47686340845907194,0.30004328476997255,0.0004390250016777882,-0.00017685242901857307,0.0006158774306963613,0.6238938053097345,all,bond_cash,0.08926651569891049,positive_candidate
momentum_60d,1,0.14113714089960702,0.14113714089960702,0.4756773420347255,0.2967077227094489,0.0004256490465837731,-7.551865736256646e-06,0.00043320091232002976,0.6127659574468085,all,bond_cash,0.08648403527465282,positive_candidate
momentum_10d,1,0.13316171895977216,0.13316171895977216,0.5168318866885486,0.25764996779313964,0.00045627799892882095,-3.460183711343206e-05,0.0004908798360422531,0.6,all,bond_cash,0.07989703137586329,positive_candidate
atr_pct,1,0.11581280272886983,0.11581280272886983,0.51803099137009,0.22356346368885724,0.0007141747491452846,-3.8120302805052543e-07,0.0007145559521733352,0.6170212765957447,all,bond_cash,0.07145896338589841,positive_candidate
volatility_60,1,0.11458421840666617,0.11458421840666617,0.5248059497534127,0.21833635548626146,0.0007141747491452846,-5.08907283137045e-07,0.0007146836564284216,0.6,all,bond_cash,0.0687505310439997,positive_candidate
volatility_20,1,0.10698191904629051,0.10698191904629051,0.5259709492102719,0.20339891244358713,0.0005398599357669783,7.016706798377859e-06,0.0005328432289686004,0.6085106382978723,all,bond_cash,0.06509963584518955,positive_candidate
momentum_5d,1,0.09962570108337349,0.09962570108337349,0.5251390875578003,0.18971297974921364,0.00011848342060536846,4.876988814588832e-05,6.971353245948013e-05,0.5872340425531914,all,bond_cash,0.05850360318938528,positive_candidate
relative_strength_vs_group,1,0.09839370286295117,0.09839370286295117,0.49774865845906335,0.1976774847923441,0.00045489729694416024,-0.00017606587886035444,0.0006309631758045146,0.5702127659574469,all,bond_cash,0.05610534546227854,positive_candidate
amount_liquidity_60,1,0.06750348277383804,0.06750348277383804,0.272523235341654,0.2476980822908953,5.888431787672843e-05,-5.08907283137045e-07,5.9393225159865476e-05,0.5531914893617021,all,bond_cash,0.03734235217276147,positive_candidate
amount_liquidity_20,1,0.06715127452219617,0.06715127452219617,0.26436562398249347,0.2540091011478973,6.121879731958837e-05,-5.08907283137045e-07,6.172770460272542e-05,0.5574468085106383,all,bond_cash,0.03743326366981999,positive_candidate
drawdown_20,1,0.06446621628543556,0.06446621628543556,0.5271948006446686,0.12228158587035468,0.00036403769680919785,0.00013702217396813625,0.0002270155228410616,0.5276595744680851,all,bond_cash,0.03401621625274046,positive_candidate
drawdown_60,1,0.06118389265707,0.06118389265707,0.5304232216211994,0.11534919694893062,0.00035219385039305404,0.00015878906631892065,0.00019340478407413339,0.5404255319148936,all,bond_cash,0.03306533773382081,positive_candidate
volume_ratio_20,1,0.023876692840317463,0.023876692840317463,0.38595309721873533,0.06186423431338749,-9.714864480977682e-05,8.875433628188779e-05,-0.0001859029810916646,0.5148936170212766,all,bond_cash,0.012293956739057076,weak_or_context_dependent
trend_slope_60,3,0.21738900764438923,0.21738900764438923,0.4510371190774152,0.4819758695006141,0.0014779483007982814,-0.0004973026885521659,0.0019752509893504475,0.6991150442477876,all,bond_cash,0.1519799256982898,positive_candidate
risk_adjusted_momentum,3,0.21051233673362713,0.21051233673362713,0.4288007717525231,0.49093273753509387,-0.00015671218555067884,-0.00027745901018776245,0.0001207468246370836,0.7021276595744681,all,bond_cash,0.14780653430233395,positive_candidate
momentum_60d,3,0.2085611451854704,0.2085611451854704,0.4521120223286367,0.46130413456218367,0.0012748429888593967,-0.00024633857968695764,0.0015211815685463544,0.6808510638297872,all,bond_cash,0.14199907757308622,positive_candidate
momentum_20d,3,0.20837920050869657,0.20837920050869657,0.5466334581869385,0.3812046214658063,0.0014260945771230019,-0.0005092054890217522,0.0019353000661447542,0.6510638297872341,all,bond_cash,0.13566816033119394,positive_candidate
relative_strength_vs_510300,3,0.20837920050869657,0.20837920050869657,0.5466334581869385,0.3812046214658063,0.0014260945771230019,-0.0005092054890217522,0.0019353000661447542,0.6510638297872341,all,bond_cash,0.13566816033119394,positive_candidate
ma_distance_60,3,0.20101758342762371,0.20101758342762371,0.5028942411812802,0.3997213866586357,0.0012653942277636747,-7.904423319736566e-05,0.0013444384609610403,0.6510638297872341,all,bond_cash,0.13087527772096352,positive_candidate
atr_pct,3,0.18999577108209795,0.18999577108209795,0.5382682479353975,0.35297599628224974,0.0021181760037360126,-1.2540646460381098e-07,0.0021183014102006165,0.6297872340425532,all,bond_cash,0.11965691114957658,positive_candidate
volatility_60,3,0.18887641459982268,0.18887641459982268,0.5395786516105101,0.3500442688680748,0.0021181760037360126,-8.488439127572715e-07,0.00211902484764877,0.6340425531914894,all,bond_cash,0.11975568415052587,positive_candidate
ma_distance_20,3,0.18481779711355364,0.18481779711355364,0.5331740255683536,0.34663691074699543,0.0014712802703908988,0.00026503056796437803,0.0012062497024265208,0.6382978723404256,all,bond_cash,0.11796880666822573,positive_candidate
volatility_20,3,0.17904682815807788,0.17904682815807788,0.5412404286029846,0.3308083038442309,0.001474618458384852,2.0724260899739025e-05,0.001453894197485113,0.6297872340425532,all,bond_cash,0.1127614066697682,positive_candidate
trend_slope_20,3,0.175175023482327,0.175175023482327,0.546952607614988,0.3202745924298373,0.001216896407950435,-2.2547234130176895e-05,0.001239443642080612,0.625531914893617,all,bond_cash,0.10957756788043434,positive_candidate
momentum_10d,3,0.16784915264817088,0.16784915264817088,0.5345700598793865,0.31398906382082487,0.0008449159734457877,0.0006162616045120916,0.0002286543689336961,0.6425531914893617,all,bond_cash,0.10785200872286725,positive_candidate
momentum_5d,3,0.12645715636475754,0.12645715636475754,0.5333701039947084,0.23709082195955275,0.0008579675963808158,0.0006422400332668357,0.00021572756311398012,0.5702127659574469,all,bond_cash,0.07210748490586176,positive_candidate
relative_strength_vs_group,3,0.12111473211960268,0.12111473211960268,0.512575920008508,0.23628642585783652,0.0015746576029981283,-0.0001966451395919841,0.0017713027425901124,0.5361702127659574,all,bond_cash,0.06493811168965931,positive_candidate
amount_liquidity_60,3,0.09747559116920973,0.09747559116920973,0.25501620940801367,0.38223292313647983,0.0001785555158095897,-8.488439127572715e-07,0.00017940435972234697,0.5702127659574469,all,bond_cash,0.05558182645393236,positive_candidate
amount_liquidity_20,3,0.09716981425127445,0.09716981425127445,0.2565633119588978,0.3787362016391546,0.00018446915897164304,-8.488439127572715e-07,0.0001853180028844003,0.5574468085106383,all,bond_cash,0.05416700283794448,positive_candidate
drawdown_20,3,0.07718201548509025,0.07718201548509025,0.5299970337347871,0.1456272593474787,0.0004502600956783203,0.0003842869313977843,6.597316428053599e-05,0.5106382978723404,all,bond_cash,0.03941209301366311,positive_candidate
drawdown_60,3,0.0654214516676534,0.0654214516676534,0.5109717369836316,0.1280334056318835,0.000561677600767383,0.00016514989521428393,0.00039652770555309905,0.5191489361702127,all,bond_cash,0.03396347703597325,positive_candidate
volume_ratio_20,3,0.03421308863528042,0.03421308863528042,0.39141271961043117,0.08740924073528407,0.0002935942378653674,0.0004456196330970792,-0.00015202539523171175,0.502127659574468,all,bond_cash,0.01717933812324719,weak_or_context_dependent
momentum_60d,5,0.2430162690679512,0.2430162690679512,0.4661341748744009,0.521344029609997,0.0021971190536469293,-0.00014499479894285555,0.002342113852589785,0.6936170212765957,all,bond_cash,0.16856022067266402,positive_candidate
trend_slope_60,5,0.2380550594374985,0.2380550594374985,0.46552262750031576,0.5113716184232893,0.0024449237223503287,-0.0009263215620084922,0.003371245284358821,0.672566371681416,all,bond_cash,0.1601078275862822,positive_candidate
atr_pct,5,0.21791746184907906,0.21791746184907906,0.5266559873452139,0.41377572283487196,0.00343258483628362,1.719791328307163e-07,0.0034324128571507893,0.6212765957446809,all,bond_cash,0.1353870188509172,positive_candidate
volatility_60,5,0.21538331675080002,0.21538331675080002,0.5281150500370643,0.4078340822434126,0.00343258483628362,-1.5300447184700033e-06,0.0034341148810020897,0.6212765957446809,all,bond_cash,0.13381261381113532,positive_candidate
risk_adjusted_momentum,5,0.21248163119866514,0.21248163119866514,0.4232472717599596,0.5020271727095077,-0.00011050029052047306,-9.671453489924841e-05,-1.3785755621224653e-05,0.6978723404255319,all,bond_cash,0.14828505326204716,weak_or_context_dependent
ma_distance_60,5,0.20177959165558976,0.20177959165558976,0.4946538743236984,0.4079207747669362,0.002269851670295627,2.2032140756842785e-05,0.002247819529538784,0.6638297872340425,all,bond_cash,0.13394730339690214,positive_candidate
volatility_20,5,0.20028645696761796,0.20028645696761796,0.5313619882126115,0.3769303439287009,0.0021824610261953156,3.470467198135809e-05,0.0021477563542139574,0.5957446808510638,all,bond_cash,0.11931959138496388,positive_candidate
momentum_20d,5,0.1983329839372492,0.1983329839372492,0.5361186969257842,0.36994230023039987,0.0021627288916058534,-0.000295361649265267,0.0024580905408711205,0.6510638297872341,all,bond_cash,0.12912743209531546,positive_candidate
relative_strength_vs_510300,5,0.1983329839372492,0.1983329839372492,0.5361186969257842,0.36994230023039987,0.0021627288916058534,-0.000295361649265267,0.0024580905408711205,0.6510638297872341,all,bond_cash,0.12912743209531546,positive_candidate
ma_distance_20,5,0.18655220594734764,0.18655220594734764,0.513759715605379,0.3631117821830919,0.002220404784554529,0.00019646883311650888,0.00202393595143802,0.6297872340425532,all,bond_cash,0.11748819778811682,positive_candidate
momentum_10d,5,0.17455099596469775,0.17455099596469775,0.5267333535561332,0.3313839816412843,0.002090359172088822,0.000535841468758846,0.001554517703329976,0.6382978723404256,all,bond_cash,0.11141552933916879,positive_candidate
trend_slope_20,5,0.15686994012769645,0.15686994012769645,0.5250298404823064,0.2987829034319107,0.0022498970965453974,2.010965149316256e-05,0.0022297874450522347,0.6127659574468085,all,bond_cash,0.09612455905697144,positive_candidate
momentum_5d,5,0.12348069543562852,0.12348069543562852,0.5185556741595985,0.23812427785261153,0.0012613565099592354,0.0015115714812980313,-0.000250214971338796,0.548936170212766,all,bond_cash,0.06778302004764289,weak_or_context_dependent
relative_strength_vs_group,5,0.11321199655729264,0.11321199655729264,0.5062115810910589,0.22364560746176945,0.0022911904994065233,5.990507389112259e-05,0.0022312854255154006,0.5446808510638298,all,bond_cash,0.06166440663546152,positive_candidate
amount_liquidity_20,5,0.1075218077406571,0.1075218077406571,0.25539509987515585,0.42100184300018567,0.0003066468156684307,-1.5300447184700033e-06,0.0003081768603869007,0.5957446808510638,all,bond_cash,0.06405554503698721,positive_candidate
amount_liquidity_60,5,0.09881583739821391,0.09881583739821391,0.25297030620896604,0.3906222784763802,0.00029880097500245843,-1.5300447184700033e-06,0.00030033101972092843,0.574468085106383,all,bond_cash,0.05676654488833566,positive_candidate
volume_ratio_20,5,0.05405238064538971,0.05405238064538971,0.39289708046304644,0.137573892332533,0.0009646611089491927,0.0005398433524121509,0.00042481775653704175,0.5148936170212766,all,bond_cash,0.02783122577911555,positive_candidate
drawdown_60,5,0.04514486071123053,0.04514486071123053,0.49799090826169934,0.09065398577017081,0.0008230604934732308,0.00015498215991505563,0.0006680783335581752,0.48936170212765956,all,bond_cash,0.022092165879963873,positive_candidate
drawdown_20,5,0.03326152832475395,0.03326152832475395,0.51572632945328,0.06449453212911274,0.0005337323229310835,0.0006335764567928395,-9.984413386175596e-05,0.4851063829787234,all,bond_cash,0.016135379697965746,weak_or_context_dependent
trend_slope_60,10,0.2812316113043126,0.2812316113043126,0.44709455567233636,0.6290204336785075,0.005278264108008111,-0.0018673965352008148,0.007145660643208925,0.7079646017699115,all,bond_cash,0.19910202570216823,positive_candidate
momentum_60d,10,0.2672983015542329,0.2672983015542329,0.44161797195503777,0.6052704340154146,0.004501386073539554,-0.001084039985634676,0.005585426059174231,0.7063829787234043,all,bond_cash,0.18881497045958578,positive_candidate
momentum_10d,10,0.23824599765665394,0.23824599765665394,0.5028716808350986,0.47377095735637464,0.005399534623314083,-0.0004687248613797449,0.005868259484693827,0.6851063829787234,all,bond_cash,0.1632238537137076,positive_candidate
atr_pct,10,0.22924733259475213,0.22924733259475213,0.5225550768059131,0.43870463185624925,0.006638641328106395,-4.0639169505235613e-08,0.0066386819672759004,0.6340425531914894,all,bond_cash,0.1453525640707152,positive_candidate
volatility_60,10,0.22802848454003727,0.22802848454003727,0.5267163764824871,0.4329246150705531,0.006638641328106395,-1.7427540639539166e-06,0.006640384082170349,0.6468085106382979,all,bond_cash,0.14749076446844964,positive_candidate
ma_distance_20,10,0.22546102360692574,0.22546102360692574,0.4940952324701031,0.4563108663886329,0.00514440252897309,-0.0005946603828246001,0.005739062911797691,0.6893617021276596,all,bond_cash,0.15542419499711477,positive_candidate
risk_adjusted_momentum,10,0.22504556291700425,0.22504556291700425,0.43995031955356173,0.5115249447832395,0.00020167469818683262,-0.00037345187926291997,0.0005751265774497525,0.7021276595744681,all,bond_cash,0.1580107143885349,positive_candidate
volatility_20,10,0.21212108777610544,0.21212108777610544,0.5300015121877406,0.40022732557971746,0.003950223354273343,6.394558264486994e-05,0.0038862777716284734,0.6468085106382979,all,bond_cash,0.13720172485943843,positive_candidate
ma_distance_60,10,0.2048656559513707,0.2048656559513707,0.4736893683971089,0.43248945325626414,0.004419962880851223,2.976089725286652e-05,0.004390201983598356,0.6382978723404256,all,bond_cash,0.13076531230938557,positive_candidate
momentum_5d,10,0.1974418194023194,0.1974418194023194,0.49238199904333113,0.40099317153335634,0.003442705895620099,0.0011977400876056353,0.0022449658080144633,0.6170212765957447,all,bond_cash,0.12182580346100558,positive_candidate
momentum_20d,10,0.19001767768394773,0.19001767768394773,0.5225552258150357,0.3636317623416259,0.0047653176717766125,8.89797176332532e-05,0.004676337954143359,0.6425531914893617,all,bond_cash,0.12209646523521749,positive_candidate
relative_strength_vs_510300,10,0.19001767768394773,0.19001767768394773,0.5225552258150357,0.3636317623416259,0.0047653176717766125,8.89797176332532e-05,0.004676337954143359,0.6425531914893617,all,bond_cash,0.12209646523521749,positive_candidate
trend_slope_20,10,0.17457852997974746,0.17457852997974746,0.5078176001806879,0.34378196013220147,0.005003635889722099,-0.00033704626080580314,0.005340682150527902,0.6127659574468085,all,bond_cash,0.10697578007269631,positive_candidate
amount_liquidity_20,10,0.12026038193515345,0.12026038193515345,0.26051539135752555,0.4616248633467908,0.0006163844686101163,-1.7427540639539166e-06,0.0006181272226740703,0.5574468085106383,all,bond_cash,0.06703876610002171,positive_candidate
relative_strength_vs_group,10,0.1152030450395202,0.1152030450395202,0.5064688566023546,0.22746323596747806,0.004903063490636315,0.00037959270236038686,0.004523470788275928,0.5829787234042553,all,bond_cash,0.0671609241294224,positive_candidate
amount_liquidity_60,10,0.10907122931408707,0.10907122931408707,0.2583635262056928,0.42216186981149734,0.0005987417854412803,-1.7427540639539166e-06,0.0006004845395052343,0.5319148936170213,all,bond_cash,0.05801661133728035,positive_candidate
drawdown_60,10,0.07572192115899833,0.07572192115899833,0.5285336226242352,0.14326793588462652,0.0014756772366537887,-0.0010287009551789054,0.002504378191832694,0.5617021276595745,all,bond_cash,0.04253316422547991,positive_candidate
drawdown_20,10,0.05514392396433998,0.05514392396433998,0.54289222966245,0.1015743474512914,0.000926667293365173,0.0012907010223703805,-0.0003640337290052075,0.5574468085106383,all,bond_cash,0.03073980442267463,weak_or_context_dependent
volume_ratio_20,10,0.03941783733941888,0.03941783733941888,0.4049287763692669,0.097345112621664,0.001755206234012455,0.0005981513153084266,0.0011570549187040285,0.5063829787234042,all,bond_cash,0.01996052188676956,positive_candidate
trend_slope_60,20,0.3421433449474023,0.3421433449474023,0.4123101984450713,0.8298202330131866,0.009445640489854025,-0.0041919293052264,0.013637569795080426,0.7610619469026548,all,bond_cash,0.2603922802254566,positive_candidate
momentum_60d,20,0.323322563316193,0.323322563316193,0.38964825716847373,0.8297805966482145,0.008136050060620641,-0.002821886542321136,0.010957936602941778,0.7659574468085106,all,bond_cash,0.24765132509325422,positive_candidate
risk_adjusted_momentum,20,0.2771400583303387,0.2771400583303387,0.4228573298254496,0.6553984968044394,0.0006829198119709837,0.00014565454752729423,0.0005372652644436895,0.7276595744680852,all,bond_cash,0.2016636169127146,positive_candidate
ma_distance_60,20,0.21691767799093897,0.21691767799093897,0.4454145981482131,0.48700172579157125,0.0069846860052063175,0.0008228660595870995,0.006161819945619218,0.6085106382978723,all,bond_cash,0.1319967146923586,positive_candidate
momentum_10d,20,0.20649385302887852,0.20649385302887852,0.511662037355413,0.4035746996125937,0.0077739430613885385,0.0004889370409306137,0.0072850060204579245,0.6595744680851063,all,bond_cash,0.13619807327436667,positive_candidate
atr_pct,20,0.20371009363533285,0.20371009363533285,0.5413885204663592,0.37627338950566275,0.012680806543364804,-5.514868327891467e-07,0.012681358030197593,0.5702127659574469,all,bond_cash,0.11615809594525363,positive_candidate
momentum_5d,20,0.20289392741946052,0.20289392741946052,0.513000830014935,0.3955040919008916,0.006249195313023501,0.0015486714767758614,0.0047005238362476396,0.6127659574468085,all,bond_cash,0.124326491695329,positive_candidate
volatility_60,20,0.20208354302337092,0.20208354302337092,0.5426448568314247,0.3724047882870641,0.012680806543364804,-2.5511834643088023e-06,0.012683357726829114,0.5957446808510638,all,bond_cash,0.12039019584371033,positive_candidate
ma_distance_20,20,0.2005630250830869,0.2005630250830869,0.4716485624701597,0.4252382834216232,0.007541918701319556,0.0007933315772467782,0.0067485871240727776,0.6425531914893617,all,bond_cash,0.1288724118618984,positive_candidate
volatility_20,20,0.18860167203450784,0.18860167203450784,0.536201277348227,0.35173670784082006,0.008687181363295856,0.00012681257040118564,0.00856036879289467,0.6085106382978723,all,bond_cash,0.11476612383376435,positive_candidate
momentum_20d,20,0.17025703509320417,0.17025703509320417,0.4758415290604586,0.3578019670317005,0.00689103175674419,0.0009430282144732294,0.00594800354227096,0.6042553191489362,all,bond_cash,0.1028787190775957,positive_candidate
relative_strength_vs_510300,20,0.17025703509320417,0.17025703509320417,0.4758415290604586,0.3578019670317005,0.00689103175674419,0.0009430282144732294,0.00594800354227096,0.6042553191489362,all,bond_cash,0.1028787190775957,positive_candidate
relative_strength_vs_group,20,0.16078844800607686,0.16078844800607686,0.5115073108572828,0.31434242403416773,0.00716554870898791,0.0009658871534914466,0.0061996615554964635,0.6340425531914894,all,bond_cash,0.10194671809747001,positive_candidate
trend_slope_20,20,0.14078713978622923,0.14078713978622923,0.4685684346617393,0.3004622790860076,0.006478882776418412,0.0004776263072958864,0.0060012564691225255,0.5787234042553191,all,bond_cash,0.08147681281245606,positive_candidate
drawdown_60,20,0.126536689167122,0.126536689167122,0.5506434304545307,0.22979787312212516,0.0028384903190298554,-0.002137905118869338,0.004976395437899193,0.6085106382978723,all,bond_cash,0.07699892149318487,positive_candidate
amount_liquidity_20,20,0.11023242086524752,0.11023242086524752,0.23814755772918098,0.46287445446156006,0.001209065842337316,-2.5511834643088023e-06,0.0012116170258016248,0.6042553191489362,all,bond_cash,0.06660852665049,positive_candidate
amount_liquidity_60,20,0.10187710509321503,0.10187710509321503,0.22855875870657572,0.4457370422806903,0.0011774146186379747,-2.5511834643088023e-06,0.0011799658021022835,0.5829787234042553,all,bond_cash,0.05939218467136365,positive_candidate
drawdown_20,20,0.09562790334352442,0.09562790334352442,0.5267554940148509,0.18154134969654132,0.0022015685367099006,0.0003734203167412915,0.001828148219968609,0.5914893617021276,all,bond_cash,0.056562887509574014,positive_candidate
volume_ratio_20,20,0.04255623407295195,0.04255623407295195,0.4036269444276442,0.10543457185024661,0.003195630137878174,0.0003354205102122873,0.0028602096276658866,0.5234042553191489,all,bond_cash,0.022274114004140807,positive_candidate
atr_pct,1,0.0447851222194239,0.0447851222194239,0.6148065052212569,0.07284425561389693,0.002775843049571082,0.0012475819198258782,0.0015282611297452039,0.5361702127659574,all,broad_index,0.02401244850913792,positive_candidate
volatility_20,1,0.04432009993963074,0.04432009993963074,0.6144386026720102,0.07213104734451228,0.0026743807414871274,0.0013596446923100692,0.0013147360491770582,0.5361702127659574,all,broad_index,0.023763117414440312,positive_candidate
volatility_60,1,0.04147227257679043,0.04147227257679043,0.6059646282853346,0.06844008815191455,0.002806250558496121,0.0013511804695376583,0.0014550700889584627,0.5276595744680851,all,broad_index,0.021883241700093675,positive_candidate
trend_slope_20,1,0.0035187358967091716,0.0035187358967091716,0.5196369011623932,0.006771528135969545,0.0025563456337590494,0.001254361642700344,0.0013019839910587054,0.5148936170212766,all,broad_index,0.0018117746531991904,weak_or_context_dependent
volume_ratio_20,1,-0.005217313571507514,-0.005217313571507514,0.4427710907568368,-0.011783320276374557,0.001631316527532985,0.00184490919314467,-0.000213592665611685,0.502127659574468,all,broad_index,0.002619757452927177,weak_or_context_dependent
trend_slope_60,1,-0.011322632190675917,-0.011322632190675917,0.5551244773487073,-0.0203965644692037,0.002038191277551842,0.002756882153093954,-0.000718690875542112,0.5,all,broad_index,0.0056613160953379585,weak_or_context_dependent
amount_liquidity_20,1,-0.014795551907571125,-0.014795551907571125,0.47412520034266387,-0.031206001910208434,0.0018457159487816782,0.001610518102146566,0.0002351978466351122,0.4723404255319149,all,broad_index,0.00698853728400168,likely_trading_constraint_more_than_alpha
relative_strength_vs_group,1,-0.017496948829866178,-0.017496948829866178,0.5110822159538366,-0.03423509620112977,0.003118609037307366,0.001399096651043522,0.001719512386263844,0.4723404255319149,all,broad_index,0.00826451625580913,weak_or_context_dependent
momentum_20d,1,-0.029182881291767,-0.029182881291767,0.5101326596073876,-0.05720645550164728,0.003016159093518186,0.001307142466997423,0.0017090166265207628,0.4765957446808511,all,broad_index,0.01390843704118257,weak_or_context_dependent
relative_strength_vs_510300,1,-0.029182881291767,-0.029182881291767,0.5101326596073876,-0.05720645550164728,0.003016159093518186,0.001307142466997423,0.0017090166265207628,0.4765957446808511,all,broad_index,0.01390843704118257,weak_or_context_dependent
amount_liquidity_60,1,-0.029283161930222748,-0.029283161930222748,0.4970074652005426,-0.05891895792431807,0.0017754356913317643,0.002047070364948806,-0.0002716346736170419,0.4808510638297872,all,broad_index,0.014080839566447534,likely_trading_constraint_more_than_alpha
risk_adjusted_momentum,1,-0.03096398968114052,-0.03096398968114052,0.4829362623405462,-0.06411609998196,0.0026394176414985316,0.0011955028647345615,0.0014439147767639701,0.44680851063829785,all,broad_index,0.01383497411285002,inverse_or_noise
momentum_60d,1,-0.06774698962746223,-0.06774698962746223,0.5557319013912928,-0.12190588565791427,0.0018177217261801605,0.002374861739003897,-0.0005571400128237365,0.4553191489361702,all,broad_index,0.03084650166016365,inverse_or_noise
drawdown_60,1,-0.07283513639694332,-0.07283513639694332,0.5170424128352715,-0.14086878482084683,0.0019043062775803048,0.0023269499824765455,-0.00042264370489624066,0.4703196347031963,all,broad_index,0.03425579474376786,inverse_or_noise
momentum_10d,1,-0.08105606901913848,-0.08105606901913848,0.5458751528681923,-0.1484882918616931,0.0027630817673421695,0.0017808311871922334,0.0009822505801499362,0.4297872340425532,all,broad_index,0.034836863706097815,inverse_or_noise
momentum_5d,1,-0.08714967135467669,-0.08714967135467669,0.5475156331083673,-0.15917293696238177,0.0033528466110265987,0.001640008895959925,0.0017128377150666737,0.4340425531914894,all,broad_index,0.037826665864583074,inverse_or_noise
ma_distance_60,1,-0.08903068534169534,-0.08903068534169534,0.5210021683492458,-0.17088352170161214,0.002628561158620196,0.0015212640819324327,0.0011072970766877635,0.4,all,broad_index,0.03561227413667813,inverse_or_noise
ma_distance_20,1,-0.0903733963370966,-0.0903733963370966,0.5414116858997101,-0.1669217689435635,0.0025404546522048974,0.0012229796892868604,0.001317474962918037,0.42127659574468085,all,broad_index,0.03807219675477686,inverse_or_noise
drawdown_20,1,-0.11817024784260265,-0.11817024784260265,0.5295162054485119,-0.22316644255015736,0.0015457615595495405,0.0019787228064350112,-0.00043296124688547077,0.4182692307692308,all,broad_index,0.04942697866493476,inverse_or_noise
atr_pct,3,0.12649712629956675,0.12649712629956675,0.5961136828280058,0.21220302426117005,0.008799051476560824,0.003880276053269263,0.004918775423291562,0.574468085106383,all,broad_index,0.07266856191677239,positive_candidate
volatility_20,3,0.11968861566126889,0.11968861566126889,0.5812748762785571,0.20590708552129475,0.008762893871216398,0.004155417967137208,0.004607475904079191,0.5829787234042553,all,broad_index,0.06977591636422908,positive_candidate
volatility_60,3,0.11461265665640959,0.11461265665640959,0.5770770101075046,0.19860894585812425,0.008611974748139089,0.004159035930860979,0.00445293881727811,0.574468085106383,all,broad_index,0.06584131339836297,positive_candidate
relative_strength_vs_group,3,0.09428995895167935,0.09428995895167935,0.5257871108573662,0.1793310581499934,0.008640524588517317,0.003572597903501464,0.005067926685015853,0.5531914893617021,all,broad_index,0.05216040282433326,positive_candidate
trend_slope_20,3,0.08108661893054611,0.08108661893054611,0.5318524291280333,0.15246074754887706,0.00800235806794163,0.0036201818521535917,0.004382176215788039,0.5574468085106383,all,broad_index,0.04520147693575124,positive_candidate
momentum_20d,3,0.06102227867221379,0.06102227867221379,0.5318825897799219,0.1147288515261669,0.008588671143501737,0.0034617366353579034,0.005126934508143834,0.5191489361702127,all,broad_index,0.03167965105536205,positive_candidate
relative_strength_vs_510300,3,0.06102227867221379,0.06102227867221379,0.5318825897799219,0.1147288515261669,0.008588671143501737,0.0034617366353579034,0.005126934508143834,0.5191489361702127,all,broad_index,0.03167965105536205,positive_candidate
volume_ratio_20,3,0.0445820308229434,0.0445820308229434,0.4738367439517148,0.09408732309600377,0.005937893087518026,0.0052736597157940586,0.0006642333717239678,0.5446808510638298,all,broad_index,0.024282978490794704,positive_candidate
momentum_5d,3,0.04402355254702101,0.04402355254702101,0.5380271388199858,0.08182403706172618,0.009825710587633452,0.005369630539015234,0.004456080048618218,0.5617021276595745,all,broad_index,0.024728123132794783,positive_candidate
risk_adjusted_momentum,3,0.031061126645149022,0.031061126645149022,0.5085056106992822,0.06108315422996938,0.00894903450660691,0.004014857179953241,0.00493417732665367,0.5234042553191489,all,broad_index,0.016257525861078,positive_candidate
ma_distance_20,3,0.007165646286169229,0.007165646286169229,0.5635577934714149,0.01271501586737029,0.007969271463696422,0.003835069817083509,0.004134201646612913,0.48936170212765956,all,broad_index,0.003506592863444516,weak_or_context_dependent
momentum_10d,3,-0.004992408425076983,-0.004992408425076983,0.5592003284727283,-0.008927763756348472,0.007907391437035102,0.005502025849455164,0.0024053655875799383,0.4808510638297872,all,broad_index,0.00240060490227106,weak_or_context_dependent
amount_liquidity_20,3,-0.016801048830261876,-0.016801048830261876,0.4889266937779059,-0.034363124460317813,0.0054772251309117255,0.0054080226853664886,6.920244554523697e-05,0.46808510638297873,all,broad_index,0.00786432072905875,likely_trading_constraint_more_than_alpha
ma_distance_60,3,-0.01690730204209825,-0.01690730204209825,0.5511062194267,-0.030678844560466823,0.0072537237262977556,0.00460127645179395,0.0026524472745038056,0.502127659574468,all,broad_index,0.00848962400411742,weak_or_context_dependent
trend_slope_60,3,-0.031107782464760814,-0.031107782464760814,0.5829874637791218,-0.05335926481696476,0.006149435110436028,0.008894953317211487,-0.0027455182067754585,0.4646017699115044,all,broad_index,0.014452730791149936,inverse_or_noise
momentum_60d,3,-0.04172925856930917,-0.04172925856930917,0.5715787103313121,-0.07300702040690259,0.0062656494245909656,0.00674308897864065,-0.00047743955404968424,0.4978723404255319,all,broad_index,0.020775843628124138,inverse_or_noise
drawdown_60,3,-0.06007406828280788,-0.06007406828280788,0.5236124613319582,-0.11473002023288807,0.005556340471282147,0.007156069600741338,-0.001599729129459191,0.4611872146118721,all,broad_index,0.027705392221751578,inverse_or_noise
amount_liquidity_60,3,-0.06687702225366418,-0.06687702225366418,0.4967939207648565,-0.13461723152872185,0.005477040957048595,0.00608206593947574,-0.0006050249824271449,0.43829787234042555,all,broad_index,0.029312056562244303,inverse_or_noise
drawdown_20,3,-0.08221293715135856,-0.08221293715135856,0.5395497132119392,-0.1523732385324514,0.004539119558758192,0.005365989500223166,-0.0008268699414649737,0.4326923076923077,all,broad_index,0.035572905498183996,inverse_or_noise
atr_pct,5,0.15085114252366572,0.15085114252366572,0.598536784042122,0.25203320254591,0.014091499849174512,0.006524919200607533,0.0075665806485669795,0.5914893617021276,all,broad_index,0.08922684600335971,positive_candidate
trend_slope_20,5,0.15062626082937386,0.15062626082937386,0.5175636312415309,0.2910294536500793,0.013237204384579726,0.00657850141145253,0.006658702973127197,0.6042553191489362,all,broad_index,0.0910167193096642,positive_candidate
relative_strength_vs_group,5,0.14735562814586353,0.14735562814586353,0.5495825769842849,0.2681228159641551,0.0145974009768683,0.005953308358930715,0.008644092617937586,0.5872340425531914,all,broad_index,0.08653224120906028,positive_candidate
volatility_20,5,0.1426857209508621,0.1426857209508621,0.5957450754347278,0.2395080158182446,0.014198922008080596,0.006961627595819066,0.0072372944122615305,0.574468085106383,all,broad_index,0.08196839288666546,positive_candidate
volatility_60,5,0.12870827096226556,0.12870827096226556,0.5733511173430529,0.22448420709234548,0.01416484977839779,0.006997769906009632,0.007167079872388159,0.5957446808510638,all,broad_index,0.07667726780730713,positive_candidate
momentum_20d,5,0.11531287740273002,0.11531287740273002,0.5445589641026879,0.2117546216372363,0.01442851841236884,0.005860838369519787,0.008567680042849052,0.5404255319148936,all,broad_index,0.06231802310700729,positive_candidate
relative_strength_vs_510300,5,0.11531287740273002,0.11531287740273002,0.5445589641026879,0.2117546216372363,0.01442851841236884,0.005860838369519787,0.008567680042849052,0.5404255319148936,all,broad_index,0.06231802310700729,positive_candidate
risk_adjusted_momentum,5,0.06422293657096843,0.06422293657096843,0.484565332133697,0.13253720873545408,0.01566992394047564,0.007647348283619277,0.008022575656856363,0.5191489361702127,all,broad_index,0.03334126919854531,positive_candidate
ma_distance_20,5,0.05799163995634254,0.05799163995634254,0.5666421104808157,0.10234262311908764,0.012379648043822175,0.006342900702767579,0.006036747341054596,0.5361702127659574,all,broad_index,0.031093389934038977,positive_candidate
volume_ratio_20,5,0.05712954331403673,0.05712954331403673,0.4572296604133607,0.12494715076530356,0.008917436164801888,0.009160230458934377,-0.0002427942941324885,0.548936170212766,all,broad_index,0.03136047271281165,weak_or_context_dependent
momentum_5d,5,0.028753592328243063,0.028753592328243063,0.5167328512141357,0.05564498610971317,0.015148750684112516,0.00970421437915126,0.005444536304961256,0.502127659574468,all,broad_index,0.014437974020139068,weak_or_context_dependent
momentum_10d,5,0.02072054282918292,0.02072054282918292,0.5616623965719626,0.03689145464543862,0.012156046317953764,0.008991652562865422,0.0031643937550883423,0.5106382978723404,all,broad_index,0.010580702721284894,weak_or_context_dependent
ma_distance_60,5,0.0175620991177315,0.0175620991177315,0.5604798937715908,0.03133403947740627,0.011902250368448344,0.007881371040597777,0.004020879327850568,0.5063829787234042,all,broad_index,0.008893148063872546,weak_or_context_dependent
amount_liquidity_20,5,-0.00626183089127447,-0.00626183089127447,0.4756921006575348,-0.013163621768406351,0.009304454163681163,0.009166122408440924,0.00013833175524023862,0.502127659574468,all,broad_index,0.003144238490086755,likely_trading_constraint_more_than_alpha
trend_slope_60,5,-0.00844378602346165,-0.00844378602346165,0.5726703175611234,-0.014744584736680385,0.010836039492437975,0.015498230264643111,-0.004662190772205137,0.4690265486725664,all,broad_index,0.003960359816313871,weak_or_context_dependent
momentum_60d,5,-0.030901869993118013,-0.030901869993118013,0.5829628321879758,-0.05300830222252271,0.0102218588390166,0.011871460052696573,-0.0016496012136799736,0.48936170212765956,all,broad_index,0.015122191698759878,inverse_or_noise
drawdown_60,5,-0.04747001007823711,-0.04747001007823711,0.5411450668254181,-0.08772141332954567,0.009130318231760913,0.011347457036785049,-0.0022171388050241363,0.4703196347031963,all,broad_index,0.022326077799353528,inverse_or_noise
drawdown_20,5,-0.0533415516189621,-0.0533415516189621,0.5300818208126652,-0.10062890203852773,0.008353462048758167,0.008090845682736903,0.0002626163660212639,0.4807692307692308,all,broad_index,0.025644976739885625,inverse_or_noise
amount_liquidity_60,5,-0.07409352194682928,-0.07409352194682928,0.49477091033776116,-0.14975318960495973,0.009290655821645438,0.009995528366390274,-0.0007048725447448365,0.4765957446808511,all,broad_index,0.03531265726827608,inverse_or_noise
atr_pct,10,0.18346504559270518,0.18346504559270518,0.583797125157192,0.31426164618968583,0.02891280094290886,0.013167115434607381,0.01574568550830148,0.6085106382978723,all,broad_index,0.11164043199896528,positive_candidate
trend_slope_20,10,0.17033434650455928,0.17033434650455928,0.5677775622596118,0.30000189832558977,0.026138393624176637,0.01405959882514049,0.012078794799036147,0.6127659574468085,all,broad_index,0.10437508892194271,positive_candidate
volatility_20,10,0.16717325227963528,0.16717325227963528,0.5652363190211448,0.29575815752451945,0.02874537810260384,0.013760169789343243,0.014985208313260598,0.5659574468085107,all,broad_index,0.09461294703485743,positive_candidate
momentum_20d,10,0.14202382895123622,0.14202382895123622,0.5663059830252308,0.2507899143013444,0.027397065488024095,0.012586271021573874,0.01481079446645022,0.6212765957446809,all,broad_index,0.08823608096544888,positive_candidate
relative_strength_vs_510300,10,0.14202382895123622,0.14202382895123622,0.5663059830252308,0.2507899143013444,0.027397065488024095,0.012586271021573874,0.01481079446645022,0.6212765957446809,all,broad_index,0.08823608096544888,positive_candidate
volatility_60,10,0.139209726443769,0.139209726443769,0.550877152245292,0.25270557305993036,0.027664546611316877,0.013860174480505564,0.013804372130811314,0.5702127659574469,all,broad_index,0.07937916316368106,positive_candidate
relative_strength_vs_group,10,0.1381865012152792,0.1381865012152792,0.5719847044015542,0.24159125261899872,0.0274618933596167,0.012637085165018967,0.014824808194597732,0.5914893617021276,all,broad_index,0.08173584539967578,positive_candidate
risk_adjusted_momentum,10,0.0856725798246359,0.0856725798246359,0.5292169635385467,0.16188555115806627,0.02853274632808619,0.019120847213527924,0.009411899114558267,0.5617021276595745,all,broad_index,0.04812247036958272,positive_candidate
ma_distance_20,10,0.078419452887538,0.078419452887538,0.5848891239953115,0.13407575841360084,0.023163145060614884,0.01283006251558182,0.010333082545033064,0.5276595744680851,all,broad_index,0.041378775140658346,positive_candidate
volume_ratio_20,10,0.050942249240121584,0.050942249240121584,0.47406349177429685,0.10745870568825695,0.019374090875923768,0.018997620767411686,0.00037647010851208154,0.5191489361702127,all,broad_index,0.02644661449912695,positive_candidate
momentum_5d,10,0.037760581396635774,0.037760581396635774,0.546348920537369,0.06911440652156103,0.024328837973682717,0.019449136185864822,0.004879701787817894,0.5106382978723404,all,broad_index,0.019281999011048052,positive_candidate
momentum_10d,10,0.02711246200607903,0.02711246200607903,0.5402798754755076,0.050182254118232676,0.02345473523603935,0.019372067739198237,0.0040826674968411115,0.502127659574468,all,broad_index,0.01361391709241415,weak_or_context_dependent
ma_distance_60,10,0.022249240121580544,0.022249240121580544,0.5823530021196753,0.038205761867109354,0.022703780908190703,0.01944027747682187,0.003263503431368834,0.4765957446808511,all,broad_index,0.010603893164327749,weak_or_context_dependent
momentum_60d,10,0.005589155182397123,0.005589155182397123,0.5442954065593494,0.010268606192596423,0.02163611481248383,0.02717879537093863,-0.0055426805584547975,0.4765957446808511,all,broad_index,0.002663767576291395,weak_or_context_dependent
amount_liquidity_20,10,-0.0006079027355623079,-0.0006079027355623079,0.4508799467885582,-0.0013482585328803414,0.019453766276664446,0.01617389625674372,0.0032798700199207255,0.5063829787234042,all,broad_index,0.0003078315980081474,likely_trading_constraint_more_than_alpha
trend_slope_60,10,-0.009860935524652335,-0.009860935524652335,0.514928239049717,-0.019150116029469203,0.022903484198453408,0.033159296211307525,-0.010255812012854117,0.5088495575221239,all,broad_index,0.005017732678473533,weak_or_context_dependent
drawdown_20,10,-0.028432851756512983,-0.028432851756512983,0.524527276921497,-0.05420662186223799,0.019170766066179862,0.019727379725055373,-0.0005566136588755106,0.5048076923076923,all,broad_index,0.014353122280932034,weak_or_context_dependent
drawdown_60,10,-0.04460772946631255,-0.04460772946631255,0.5280845075387747,-0.08447081637409562,0.018191827390393708,0.0266567155043712,-0.008464888113977491,0.4748858447488584,all,broad_index,0.02118357928993838,inverse_or_noise
amount_liquidity_60,10,-0.14674772036474168,-0.14674772036474168,0.464782825022343,-0.3157339567306241,0.01639556975951341,0.020375837442023405,-0.003980267682509996,0.3574468085106383,all,broad_index,0.05245450430058852,inverse_or_noise
volatility_60,20,0.22903112587405758,0.22903112587405758,0.510444568572182,0.4486895149353916,0.059860306477962526,0.02553541718249161,0.034324889295470916,0.6978723404255319,all,broad_index,0.15983448784402315,positive_candidate
volatility_20,20,0.21456481576006264,0.21456481576006264,0.5245041397774222,0.40908126264001476,0.05735013283922163,0.025413150825111468,0.03193698201411016,0.6425531914893617,all,broad_index,0.13786930714795514,positive_candidate
atr_pct,20,0.20058837781929373,0.20058837781929373,0.5665964162647188,0.3540233790070022,0.05608661381406095,0.026210297457658148,0.029876316356402803,0.6085106382978723,all,broad_index,0.1220601618219532,positive_candidate
relative_strength_vs_group,20,0.13014443518197613,0.13014443518197613,0.5289547573244455,0.24604076885567985,0.05335276015576319,0.03447023227234291,0.018882527883420284,0.5829787234042553,all,broad_index,0.07587143668055629,positive_candidate
momentum_20d,20,0.09435715451359886,0.09435715451359886,0.5368244881954963,0.1757690950924665,0.052665912109143044,0.03388384515921792,0.018782066949925125,0.5617021276595745,all,broad_index,0.0530006144501917,positive_candidate
relative_strength_vs_510300,20,0.09435715451359886,0.09435715451359886,0.5368244881954963,0.1757690950924665,0.052665912109143044,0.03388384515921792,0.018782066949925125,0.5617021276595745,all,broad_index,0.0530006144501917,positive_candidate
trend_slope_20,20,0.09016839114774536,0.09016839114774536,0.5203593986716396,0.17328098882796192,0.050538962231220556,0.03937242093702872,0.01116654129419184,0.49361702127659574,all,broad_index,0.044508652651653026,positive_candidate
ma_distance_20,20,0.07949770288005763,0.07949770288005763,0.511121596086435,0.15553579322172464,0.04976762475436144,0.030465925548654755,0.019301699205706683,0.5361702127659574,all,broad_index,0.042624300267605365,positive_candidate
momentum_10d,20,0.06637765374624008,0.06637765374624008,0.5390971674502705,0.12312743927070095,0.05184466983674648,0.0350937538889509,0.016750915947795583,0.5063829787234042,all,broad_index,0.03361251402469178,positive_candidate
momentum_5d,20,0.06296401744123704,0.06296401744123704,0.4892239884690633,0.12870181946365997,0.04958204214232902,0.0363949176047326,0.01318712453759642,0.5276595744680851,all,broad_index,0.03322356664984422,positive_candidate
volume_ratio_20,20,0.022407201581178638,0.022407201581178638,0.4136633166649907,0.054167726937521345,0.03842485046560692,0.03679478073357191,0.0016300697320350069,0.5617021276595745,all,broad_index,0.012586172803045022,weak_or_context_dependent
amount_liquidity_20,20,0.011413490424742503,0.011413490424742503,0.43697406455009613,0.026119377214054367,0.03874903904132331,0.028214957085394246,0.010534081955929066,0.5148936170212766,all,broad_index,0.005876733367633374,likely_trading_constraint_more_than_alpha
risk_adjusted_momentum,20,0.004619179725549101,0.004619179725549101,0.5670271362463254,0.008146311578891452,0.0487126964640333,0.045115129703537205,0.003597566760496093,0.48936170212765956,all,broad_index,0.0022604496529282834,weak_or_context_dependent
momentum_60d,20,-0.023103853936143906,-0.023103853936143906,0.45132827849893364,-0.05119079622704938,0.04517980900776162,0.056601849889391376,-0.011422040881629757,0.43829787234042555,all,broad_index,0.01012637002307584,weak_or_context_dependent
ma_distance_60,20,-0.036025116785437974,-0.036025116785437974,0.5357819845965508,-0.06723838766726217,0.044824077936459227,0.04908260164842509,-0.0042585237119658614,0.40425531914893614,all,broad_index,0.014563345083474925,inverse_or_noise
drawdown_20,20,-0.055837362112264484,-0.055837362112264484,0.48874784335570554,-0.11424574629094914,0.04093631923647545,0.043864622429317476,-0.0029283031928420272,0.46153846153846156,all,broad_index,0.025771090205660534,inverse_or_noise
drawdown_60,20,-0.07217706450128633,-0.07217706450128633,0.446660143953198,-0.16159280266754492,0.040046141111834,0.05510596285118785,-0.01505982173935385,0.4474885844748858,all,broad_index,0.03229841242523315,inverse_or_noise
trend_slope_60,20,-0.08318584070796459,-0.08318584070796459,0.45059354206788665,-0.18461392128747323,0.044430712876278804,0.06143972482058414,-0.01700901194430534,0.42035398230088494,all,broad_index,0.03496749941263998,inverse_or_noise
amount_liquidity_60,20,-0.13897987136098497,-0.13897987136098497,0.4747389742083435,-0.29275007722452634,0.030174347716636442,0.042900199784611875,-0.012725852067975434,0.37872340425531914,all,broad_index,0.05263493000479856,inverse_or_noise
drawdown_60,1,0.019423650833812447,0.019423650833812447,0.4080681910125393,0.04759903188145235,0.0017111668085768395,0.0016122859502209856,9.888085835585382e-05,0.5446808510638298,all,commodity_resource,0.01057969066692763,weak_or_context_dependent
atr_pct,1,0.01287606637148374,0.01287606637148374,0.4539799509258803,0.02836263219383001,0.0019065812023009129,0.0011462755035249483,0.0007603056987759646,0.502127659574468,all,commodity_resource,0.006465429071638643,weak_or_context_dependent
volatility_20,1,0.00955115117345589,0.00955115117345589,0.4505185535503545,0.021200350347809496,0.0011371706645715083,0.0019349026815211588,-0.0007977320169496504,0.4978723404255319,all,commodity_resource,0.004755253988486549,risk_control_candidate_not_alpha_by_default
volume_ratio_20,1,0.007018356600324951,0.007018356600324951,0.39131647465305924,0.017935244373617078,0.002169184565764623,0.0013187579067346913,0.0008504266590299316,0.4808510638297872,all,commodity_resource,0.0033747842376030614,weak_or_context_dependent
risk_adjusted_momentum,1,0.004274612749378635,0.004274612749378635,0.4375749725166905,0.009768869377499849,0.002524501879666004,0.000827641529562607,0.001696860350103397,0.5106382978723404,all,commodity_resource,0.0021827809784061114,weak_or_context_dependent
trend_slope_60,1,0.0023847246198002267,0.0023847246198002267,0.47366121792714455,0.005034663023999211,0.0020454625982991776,0.0026645200876332887,-0.0006190574893341111,0.4911504424778761,all,commodity_resource,0.0011712585522027663,weak_or_context_dependent
relative_strength_vs_group,1,-0.0013173385160350603,-0.0013173385160350603,0.4458404027347123,-0.002954731127898505,0.001604691296971851,0.0003756642730127988,0.0012290270239590523,0.49361702127659574,all,commodity_resource,0.0006502607142981575,weak_or_context_dependent
trend_slope_20,1,-0.0025367751435995817,-0.0025367751435995817,0.4624844040108424,-0.005485104192919141,0.0010878793393287343,0.0013287221249289151,-0.00024084278560018084,0.49361702127659574,all,commodity_resource,0.001252195390032134,weak_or_context_dependent
momentum_60d,1,-0.004698997932527414,-0.004698997932527414,0.47240483648481996,-0.0099469725320613,0.000731352843736891,0.002135829219008598,-0.001404476375271707,0.48936170212765956,all,commodity_resource,0.0022995096265559685,weak_or_context_dependent
drawdown_20,1,-0.01183338524559475,-0.01183338524559475,0.42989731624274957,-0.027526073782030328,0.001153614426497406,0.0019221099418026272,-0.0007684955153052211,0.4892703862660944,all,commodity_resource,0.005789724969947646,weak_or_context_dependent
momentum_20d,1,-0.013911468667672922,-0.013911468667672922,0.4547479803136982,-0.030591600776492492,0.0006673489660765821,0.0015989350639871453,-0.0009315860979105632,0.4851063829787234,all,commodity_resource,0.006748542247296651,weak_or_context_dependent
relative_strength_vs_510300,1,-0.013911468667672922,-0.013911468667672922,0.4547479803136982,-0.030591600776492492,0.0006673489660765821,0.0015989350639871453,-0.0009315860979105632,0.4851063829787234,all,commodity_resource,0.006748542247296651,weak_or_context_dependent
amount_liquidity_20,1,-0.015575682407289114,-0.015575682407289114,0.32742267673990405,-0.047570567079756744,0.0012225704702201001,0.0014991272795929,-0.00027655680937279997,0.4553191489361702,all,commodity_resource,0.007091906457786958,likely_trading_constraint_more_than_alpha
volatility_60,1,-0.021957951609556298,-0.021957951609556298,0.43725842434507667,-0.05021733233029141,0.0008927199973273304,0.002182048025623057,-0.0012893280282957266,0.48936170212765956,all,commodity_resource,0.010745380574889251,risk_control_candidate_not_alpha_by_default
ma_distance_60,1,-0.023124227621255128,-0.023124227621255128,0.4635659811257032,-0.049883357629266226,0.0004962548369702394,0.0006894900772562765,-0.0001932352402860371,0.46382978723404256,all,commodity_resource,0.010725705577518336,weak_or_context_dependent
momentum_5d,1,-0.028090384870119035,-0.028090384870119035,0.4405311237786451,-0.06376481332164328,0.0018259638975899786,0.0011527647612772126,0.000673199136312766,0.4765957446808511,all,commodity_resource,0.013387757895546094,weak_or_context_dependent
amount_liquidity_60,1,-0.029647508717288704,-0.029647508717288704,0.3187689867145288,-0.09300625202864954,0.0012225704702201001,0.0016886234979276637,-0.0004660530277075636,0.43829787234042555,all,commodity_resource,0.012994439990981857,likely_trading_constraint_more_than_alpha
ma_distance_20,1,-0.030831994127914607,-0.030831994127914607,0.4482853087397062,-0.06877761444958928,0.00107939833752428,0.001802514389727121,-0.000723116052202841,0.4808510638297872,all,commodity_resource,0.014825597176401492,inverse_or_noise
momentum_10d,1,-0.04695046832221821,-0.04695046832221821,0.4476500473097582,-0.10488208055461262,0.0005361166043984894,0.002230114556627431,-0.0016939979522289416,0.4595744680851064,all,commodity_resource,0.021577236505530072,inverse_or_noise
drawdown_60,3,0.05022945587255149,0.05022945587255149,0.42475865774579086,0.11825410725968713,0.006778252883986089,0.004645374204407343,0.002132878679578746,0.5361702127659574,all,commodity_resource,0.026931538042304203,positive_candidate
atr_pct,3,0.045354163876896426,0.045354163876896426,0.4202569386801584,0.10792008341214744,0.006055031327348099,0.004006612008236933,0.0020484193191111656,0.548936170212766,all,commodity_resource,0.0248965410217857,positive_candidate
volatility_20,3,0.01094064550967106,0.01094064550967106,0.41690462900701547,0.026242561843771123,0.0029284063078824215,0.006500436719478511,-0.003572030411596089,0.5106382978723404,all,commodity_resource,0.005586712600683093,risk_control_candidate_not_alpha_by_default
drawdown_20,3,0.00715295931794447,0.00715295931794447,0.4212289638246629,0.0169811668528138,0.005278294702609417,0.006392041643474857,-0.00111374694086544,0.5064377682403434,all,commodity_resource,0.0036225287532937658,weak_or_context_dependent
risk_adjusted_momentum,3,0.004854438926855617,0.004854438926855617,0.41143368125069624,0.011798836964681298,0.00537659259596347,0.0033908440365611136,0.0019857485594023563,0.502127659574468,all,commodity_resource,0.0024375480568892033,weak_or_context_dependent
volume_ratio_20,3,0.0034487860397488935,0.0034487860397488935,0.39457312241540543,0.008740549834304279,0.005148222214141712,0.006001580340712784,-0.0008533581265710716,0.5361702127659574,all,commodity_resource,0.001849136344716428,weak_or_context_dependent
relative_strength_vs_group,3,-0.01198997875653164,-0.01198997875653164,0.4275839339952569,-0.028041228407484183,0.002846502356211292,0.001760411957730859,0.0010860903984804332,0.502127659574468,all,commodity_resource,0.006020499971364822,weak_or_context_dependent
trend_slope_20,3,-0.015647070231911538,-0.015647070231911538,0.41732208899187856,-0.03749399000112846,0.004743121028343454,0.004711173730575456,3.194729776799781e-05,0.4723404255319149,all,commodity_resource,0.0073907438116688545,weak_or_context_dependent
volatility_60,3,-0.018270886338967784,-0.018270886338967784,0.4228542822477821,-0.043208469456297235,0.0034074182825344864,0.006350071526564886,-0.0029426532440303996,0.46808510638297873,all,commodity_resource,0.008552329775687048,risk_control_candidate_not_alpha_by_default
momentum_20d,3,-0.01872727004089286,-0.01872727004089286,0.43357282434608757,-0.04319290552662575,0.0029701883607403667,0.004571509128313719,-0.001601320767573352,0.4851063829787234,all,commodity_resource,0.009084718232603345,weak_or_context_dependent
relative_strength_vs_510300,3,-0.01872727004089286,-0.01872727004089286,0.43357282434608757,-0.04319290552662575,0.0029701883607403667,0.004571509128313719,-0.001601320767573352,0.4851063829787234,all,commodity_resource,0.009084718232603345,weak_or_context_dependent
ma_distance_60,3,-0.02035877308277277,-0.02035877308277277,0.45400763014459783,-0.04484235887464857,0.0031511925552387375,0.00322861608021778,-7.742352497904252e-05,0.46808510638297873,all,commodity_resource,0.009529638464276617,weak_or_context_dependent
trend_slope_60,3,-0.027824545553165474,-0.027824545553165474,0.4869515630514119,-0.05714027362148088,0.004991756203315527,0.00733768981019476,-0.002345933606879233,0.4469026548672566,all,commodity_resource,0.01243486327818457,weak_or_context_dependent
ma_distance_20,3,-0.028347160950962357,-0.028347160950962357,0.4452024363705352,-0.06367251981381666,0.0037712116403218216,0.006051856856582738,-0.0022806452162609167,0.46808510638297873,all,commodity_resource,0.013268883849386636,weak_or_context_dependent
momentum_60d,3,-0.028535245354361655,-0.028535245354361655,0.4895088255974115,-0.05829362794334989,0.0022102665145564892,0.007285032762181514,-0.005074766247625025,0.4851063829787234,all,commodity_resource,0.013842629661264802,weak_or_context_dependent
amount_liquidity_20,3,-0.04178226805714275,-0.04178226805714275,0.29700268727551254,-0.14067976434968654,0.0035072086353871114,0.004437201755183481,-0.0009299931197963695,0.4340425531914894,all,commodity_resource,0.01813528230565345,inverse_or_noise
momentum_5d,3,-0.046361047980004434,-0.046361047980004434,0.43223989116287387,-0.107257680116653,0.004765072973597974,0.004887004202168227,-0.0001219312285702526,0.44680851063829785,all,commodity_resource,0.02071451079957645,inverse_or_noise
amount_liquidity_60,3,-0.05522243042138108,-0.05522243042138108,0.29113626508135165,-0.18967898212869627,0.0035072086353871114,0.00509033143916959,-0.0015831228037824783,0.4,all,commodity_resource,0.022088972168552434,inverse_or_noise
momentum_10d,3,-0.0692418633969864,-0.0692418633969864,0.434974964972953,-0.15918585889487202,0.0015933028530199262,0.008367881117364806,-0.00677457826434488,0.43829787234042555,all,commodity_resource,0.030348561403785532,inverse_or_noise
atr_pct,5,0.06893617021276595,0.06893617021276595,0.39849249402387815,0.17299239319834017,0.011709727383285308,0.005873495694060933,0.0058362316892243745,0.5787234042553191,all,commodity_resource,0.03989497510185604,positive_candidate
drawdown_60,5,0.057422477334258995,0.057422477334258995,0.4447792396700992,0.1291033218565918,0.010701572039620652,0.0071653608169280885,0.003536211222692563,0.5361702127659574,all,commodity_resource,0.030788221889858015,positive_candidate
risk_adjusted_momentum,5,0.01972255678727973,0.01972255678727973,0.4208578280070975,0.04686275382038783,0.009820985373341605,0.005295759470653982,0.004525225902687623,0.4851063829787234,all,commodity_resource,0.009567538186169742,weak_or_context_dependent
volatility_20,5,0.01709219858156029,0.01709219858156029,0.3989048939670503,0.042847803674657625,0.005720566450286139,0.01121780450064416,-0.0054972380503580205,0.502127659574468,all,commodity_resource,0.00858246567074091,risk_control_candidate_not_alpha_by_default
volume_ratio_20,5,0.011773049645390065,0.011773049645390065,0.37208876331369733,0.03164043316047291,0.006858431351062796,0.008131071212075756,-0.0012726398610129605,0.5319148936170213,all,commodity_resource,0.006262260449675566,weak_or_context_dependent
drawdown_20,5,0.010902947579047532,0.010902947579047532,0.43660538419896383,0.02497208686294851,0.007810364684622511,0.011706887135895414,-0.003896522451272903,0.5236051502145923,all,commodity_resource,0.005708839504909008,weak_or_context_dependent
relative_strength_vs_group,5,-0.00034985203914114676,-0.00034985203914114676,0.4317442873791441,-0.0008103223351602052,0.005052056832903652,0.004224169917034652,0.0008278869158690003,0.502127659574468,all,commodity_resource,0.00017567038561129922,weak_or_context_dependent
trend_slope_20,5,-0.0060283687943262386,-0.0060283687943262386,0.43377807962489323,-0.013897356914713697,0.009412324419157752,0.006401409394270805,0.003010915024886947,0.4765957446808511,all,commodity_resource,0.0028730949147427183,weak_or_context_dependent
volatility_60,5,-0.009716312056737588,-0.009716312056737588,0.3969224574796031,-0.02447911896553973,0.006583395705512919,0.010451601057329242,-0.003868205351816323,0.4851063829787234,all,commodity_resource,0.004713444997736532,risk_control_candidate_not_alpha_by_default
momentum_20d,5,-0.010348662566656933,-0.010348662566656933,0.4370554264386405,-0.023678146845088566,0.005907315595413268,0.007438161009464119,-0.0015308454140508512,0.4808510638297872,all,commodity_resource,0.0049761654043924824,weak_or_context_dependent
relative_strength_vs_510300,5,-0.010348662566656933,-0.010348662566656933,0.4370554264386405,-0.023678146845088566,0.005907315595413268,0.007438161009464119,-0.0015308454140508512,0.4808510638297872,all,commodity_resource,0.0049761654043924824,weak_or_context_dependent
ma_distance_20,5,-0.014751773049645391,-0.014751773049645391,0.45128906237134225,-0.03268808016779925,0.006639761291583378,0.010934069122715745,-0.004294307831132367,0.4978723404255319,all,commodity_resource,0.007344499773653237,weak_or_context_dependent
ma_distance_60,5,-0.018652482269503542,-0.018652482269503542,0.4659298436290013,-0.04003281293214535,0.004410871693113866,0.006113430939548373,-0.0017025592464345067,0.48936170212765956,all,commodity_resource,0.009127810472310243,weak_or_context_dependent
momentum_60d,5,-0.04099290780141843,-0.04099290780141843,0.49727670417693665,-0.08243480431939294,0.004949554140732471,0.011729096451232992,-0.006779542310500521,0.4978723404255319,all,commodity_resource,0.02040923494794024,inverse_or_noise
trend_slope_60,5,-0.046386430678466074,-0.046386430678466074,0.48442859337308647,-0.09575493955770939,0.00676845690333335,0.011990118487284082,-0.005221661583950732,0.4911504424778761,all,commodity_resource,0.02278271595269794,inverse_or_noise
momentum_10d,5,-0.05497346005072384,-0.05497346005072384,0.46536023088374473,-0.11813097983539807,0.0039003439871940415,0.014095810446077082,-0.01019546645888304,0.46808510638297873,all,commodity_resource,0.025732257896083497,inverse_or_noise
amount_liquidity_20,5,-0.0574468085106383,-0.0574468085106383,0.30957166531352914,-0.18556869037887272,0.0057328177443965915,0.007282087279547659,-0.0015492695351510674,0.451063829787234,all,commodity_resource,0.02591217745586238,inverse_or_noise
momentum_5d,5,-0.06900709219858156,-0.06900709219858156,0.45002543395085554,-0.15334042699043848,0.006191764522971158,0.010136139865276589,-0.0039443753423054305,0.4127659574468085,all,commodity_resource,0.028483778481967707,inverse_or_noise
amount_liquidity_60,5,-0.06978723404255319,-0.06978723404255319,0.3094641172042896,-0.22550993851246362,0.0057328177443965915,0.00866770300494821,-0.0029348852605516193,0.41702127659574467,all,commodity_resource,0.02910276143051154,inverse_or_noise
drawdown_60,10,0.09736692092666804,0.09736692092666804,0.40870202680272394,0.23823449491642967,0.027145992079474417,0.012222896339921454,0.014923095739552963,0.574468085106383,all,commodity_resource,0.0559341886174476,positive_candidate
volume_ratio_20,10,0.0754968999528908,0.0754968999528908,0.3655580490912204,0.20652506528190684,0.021871491453119004,0.014350152964666659,0.007521338488452345,0.5787234042553191,all,commodity_resource,0.0436918229514602,positive_candidate
atr_pct,10,0.0681281502629734,0.0681281502629734,0.404332406516439,0.16849539924325485,0.018583820511045304,0.011711009068188906,0.006872811442856399,0.5957446808510638,all,commodity_resource,0.04058698313538841,positive_candidate
relative_strength_vs_group,10,0.06093715158977661,0.06093715158977661,0.4343595422229734,0.14029196015335893,0.014423094161749838,0.005317745213991978,0.009105348947757861,0.5659574468085107,all,commodity_resource,0.03448783472953315,positive_candidate
risk_adjusted_momentum,10,0.044357985026146386,0.044357985026146386,0.4252655558446396,0.10430655484911056,0.020090013174817713,0.013765222500423974,0.006324790674393739,0.5404255319148936,all,commodity_resource,0.023972187652428048,positive_candidate
drawdown_20,10,0.0376963044591623,0.0376963044591623,0.4504042970810907,0.08369437126479161,0.021499058933315943,0.01587974199606683,0.005619316937249114,0.4978540772532189,all,commodity_resource,0.01876725887237265,positive_candidate
ma_distance_20,10,0.034862170498003026,0.034862170498003026,0.46031079246002016,0.07573615711178648,0.01681566590070215,0.020343055503408355,-0.0035273896027062067,0.5063829787234042,all,commodity_resource,0.017653609741541957,weak_or_context_dependent
trend_slope_20,10,0.029192277418328513,0.029192277418328513,0.44103922957850106,0.06618975243138218,0.017377362270148966,0.011069941412481434,0.006307420857667532,0.5276595744680851,all,commodity_resource,0.015403584680309513,weak_or_context_dependent
momentum_20d,10,0.012692061779782363,0.012692061779782363,0.44037342791793854,0.02882113446260765,0.014901653034391586,0.01348360504227791,0.0014180479921136763,0.4808510638297872,all,commodity_resource,0.006102991409001731,weak_or_context_dependent
relative_strength_vs_510300,10,0.012692061779782363,0.012692061779782363,0.44037342791793854,0.02882113446260765,0.014901653034391586,0.01348360504227791,0.0014180479921136763,0.4808510638297872,all,commodity_resource,0.006102991409001731,weak_or_context_dependent
momentum_10d,10,0.00513515318890748,0.00513515318890748,0.43278764514099044,0.011865295247128847,0.015021942596366758,0.02347548773829216,-0.008453545141925402,0.4978723404255319,all,commodity_resource,0.0025566507366050007,weak_or_context_dependent
ma_distance_60,10,-0.0024540940296041243,-0.0024540940296041243,0.45461411560797355,-0.005398191444896441,0.01049194336579687,0.013843440488415215,-0.0033514971226183445,0.5063829787234042,all,commodity_resource,0.0012427114447782586,weak_or_context_dependent
volatility_20,10,-0.005166897080302099,-0.005166897080302099,0.38038599998867356,-0.0135832998071852,0.007918132863303591,0.02333320674871631,-0.015415073885412718,0.4978723404255319,all,commodity_resource,0.0025724551421078537,risk_control_candidate_not_alpha_by_default
volatility_60,10,-0.014859494184913547,-0.014859494184913547,0.40806384145684316,-0.03641463093584362,0.014089766824734389,0.021606182273999994,-0.007516415449265606,0.4808510638297872,all,commodity_resource,0.007145203586788216,risk_control_candidate_not_alpha_by_default
momentum_60d,10,-0.035789211571663815,-0.035789211571663815,0.4680911051509891,-0.07645779032720462,0.011545253633642514,0.022450824579849787,-0.010905570946207274,0.5106382978723404,all,commodity_resource,0.01827534207914748,inverse_or_noise
momentum_5d,10,-0.03628804441734145,-0.03628804441734145,0.4337772880326079,-0.08365593455094313,0.012148010181146954,0.022600677992292685,-0.010452667811145731,0.44680851063829785,all,commodity_resource,0.016213807080088734,inverse_or_noise
trend_slope_60,10,-0.056170649333040924,-0.056170649333040924,0.4605953824089203,-0.12195226326253564,0.011938142194722622,0.026637512419747496,-0.014699370225024874,0.4646017699115044,all,commodity_resource,0.02609698309720928,inverse_or_noise
amount_liquidity_20,10,-0.07574378874670067,-0.07574378874670067,0.28655958500761647,-0.264321253622305,0.0111156340770115,0.015104612267766982,-0.0039889781907554815,0.3872340425531915,all,commodity_resource,0.029330573514679832,inverse_or_noise
amount_liquidity_60,10,-0.09939582496402263,-0.09939582496402263,0.2880076210799496,-0.3451152597674865,0.0111156340770115,0.018816338836415192,-0.007700704759403692,0.3617021276595745,all,commodity_resource,0.035951681369965634,inverse_or_noise
drawdown_60,20,0.09181132216706435,0.09181132216706435,0.37020890493045944,0.24799868653702514,0.0464142558449738,0.025526155815165836,0.020888100029807965,0.5361702127659574,all,commodity_resource,0.04922649614063876,positive_candidate
volume_ratio_20,20,0.07078014184397163,0.07078014184397163,0.3673296474091098,0.1926883450415886,0.03883840531071342,0.025333795646030974,0.013504609664682445,0.5574468085106383,all,commodity_resource,0.03945616417685227,positive_candidate
atr_pct,20,0.0429078014184397,0.0429078014184397,0.4056507581636109,0.1057752279637888,0.03420337934705136,0.02868588368148393,0.005517495665567428,0.5574468085106383,all,commodity_resource,0.023918816960917452,positive_candidate
relative_strength_vs_group,20,0.02485860208055038,0.02485860208055038,0.4399904403716022,0.056498050411176164,0.034923382895743205,0.01751205264655113,0.017411330249192076,0.5234042553191489,all,commodity_resource,0.013011098110245516,weak_or_context_dependent
drawdown_20,20,0.005250425958808472,0.005250425958808472,0.47882427248783765,0.010965246042204002,0.04017305329759891,0.027817790608786606,0.012355262688812305,0.5278969957081545,all,commodity_resource,0.002771684089843099,weak_or_context_dependent
momentum_10d,20,-0.015228377783802163,-0.015228377783802163,0.457890142156345,-0.033257710489435446,0.029792451448247322,0.038673620670324614,-0.008881169222077292,0.44680851063829785,all,commodity_resource,0.006804168797017987,weak_or_context_dependent
ma_distance_20,20,-0.016382978723404256,-0.016382978723404256,0.4947811942257393,-0.03311156308000193,0.029904552021724238,0.033870852192900675,-0.003966300171176437,0.4595744680851064,all,commodity_resource,0.007529198732458126,weak_or_context_dependent
risk_adjusted_momentum,20,-0.018983674614576458,-0.018983674614576458,0.44968356646483776,-0.042215629011786125,0.03183524418681089,0.03274530385120841,-0.0009100596643975209,0.502127659574468,all,commodity_resource,0.009532228104340519,weak_or_context_dependent
volatility_20,20,-0.030496453900709222,-0.030496453900709222,0.3577794523337637,-0.08523813679568112,0.015613099378855463,0.04413941679136702,-0.02852631741251156,0.4553191489361702,all,commodity_resource,0.013885619435642071,inverse_or_noise
momentum_5d,20,-0.030638297872340424,-0.030638297872340424,0.4178689820898979,-0.0733203448581141,0.027475880517237383,0.03973932524818155,-0.012263444730944168,0.4425531914893617,all,commodity_resource,0.013559076505205974,inverse_or_noise
volatility_60,20,-0.03163120567375887,-0.03163120567375887,0.424547525701655,-0.07450568843024484,0.026711025224174904,0.04024371758481584,-0.013532692360640936,0.48936170212765956,all,commodity_resource,0.015479100648860723,inverse_or_noise
momentum_20d,20,-0.05423071209244684,-0.05423071209244684,0.46111359790304324,-0.11760813894681489,0.032305603682543746,0.030641045941591647,0.0016645577409520988,0.44680851063829785,all,commodity_resource,0.024230743700880502,inverse_or_noise
relative_strength_vs_510300,20,-0.05423071209244684,-0.05423071209244684,0.46111359790304324,-0.11760813894681489,0.032305603682543746,0.030641045941591647,0.0016645577409520988,0.44680851063829785,all,commodity_resource,0.024230743700880502,inverse_or_noise
trend_slope_20,20,-0.06056737588652482,-0.06056737588652482,0.45677268487685996,-0.13259850663542413,0.03786755390665843,0.028842721989627396,0.009024831917031031,0.451063829787234,all,commodity_resource,0.027319752527538852,inverse_or_noise
trend_slope_60,20,-0.06910029498525073,-0.06910029498525073,0.451861904455382,-0.15292348016931326,0.03733069205351671,0.060436240126435045,-0.023105548072918335,0.43805309734513276,all,commodity_resource,0.030269598245751428,inverse_or_noise
ma_distance_60,20,-0.09198581560283686,-0.09198581560283686,0.4329549136406831,-0.21246049578080897,0.01984107183050545,0.034704288555982794,-0.014863216725477343,0.40425531914893614,all,commodity_resource,0.037185755243700006,inverse_or_noise
momentum_60d,20,-0.1054609929078014,-0.1054609929078014,0.4581798843228154,-0.2301737734812857,0.026702754225517374,0.05057658598124423,-0.023873831755726858,0.42127659574468085,all,commodity_resource,0.04442824807605251,inverse_or_noise
amount_liquidity_20,20,-0.13936170212765958,-0.13936170212765958,0.24053785112545825,-0.5793753518441975,0.020029281216187085,0.03145990834794501,-0.011430627131757923,0.2723404255319149,all,commodity_resource,0.03795382526029878,inverse_or_noise
amount_liquidity_60,20,-0.14319148936170215,-0.14319148936170215,0.2498292158469253,-0.573157502321258,0.020029281216187085,0.04016449579728856,-0.020135214581101478,0.2723404255319149,all,commodity_resource,0.038996831145314624,inverse_or_noise
risk_adjusted_momentum,1,0.07684989252773503,0.07684989252773503,0.5033240131862995,0.1526847329242961,0.0003529488068313138,-0.0012596898521263736,0.0016126386589576875,0.548936170212766,all,sector,0.04218568568543753,positive_candidate
drawdown_20,1,0.07289536729288883,0.07289536729288883,0.4714929852253889,0.15460541212090884,0.00011910409727920421,-0.0008423335000960015,0.0009614375973752057,0.5531914893617021,all,sector,0.04032509680032148,positive_candidate
momentum_20d,1,0.06326430674250808,0.06326430674250808,0.5258649585775996,0.12030523371176943,-0.0002969923399967468,-0.0010158165504171321,0.0007188242104203854,0.5531914893617021,all,sector,0.034997276070323616,positive_candidate
relative_strength_vs_510300,1,0.06326430674250808,0.06326430674250808,0.5258649585775996,0.12030523371176943,-0.0002969923399967468,-0.0010158165504171321,0.0007188242104203854,0.5531914893617021,all,sector,0.034997276070323616,positive_candidate
drawdown_60,1,0.061697379803363685,0.061697379803363685,0.4716666109655865,0.13080718110840628,0.0005661080516063874,0.00018608467934394122,0.0003800233722624462,0.5446808510638298,all,sector,0.033605381339704476,positive_candidate
trend_slope_20,1,0.05824432598092182,0.05824432598092182,0.5377041331302187,0.10832039850959539,-0.00026247480941317457,-0.0007030277228346853,0.0004405529134215107,0.5361702127659574,all,sector,0.031228872653600637,positive_candidate
ma_distance_20,1,0.049554044400222576,0.049554044400222576,0.5126666005315295,0.09665939686502936,0.00026335001232128324,-0.0007002107195847456,0.0009635607319060289,0.5361702127659574,all,sector,0.02656940252948104,positive_candidate
ma_distance_60,1,0.039953715085660986,0.039953715085660986,0.5287083041267151,0.07556854086423676,0.00016129158324782266,-0.00010193908238709153,0.0002632306656349142,0.5234042553191489,all,sector,0.020911944491643835,positive_candidate
momentum_10d,1,0.028434339534906657,0.028434339534906657,0.48804273373584867,0.05826198725928914,0.00013895404259877333,-0.000873772445765509,0.0010127264883642824,0.5148936170212766,all,sector,0.014640659930739172,weak_or_context_dependent
relative_strength_vs_group,1,0.025890292133772443,0.025890292133772443,0.47485143856020345,0.05452293081868799,0.00010513923668576125,-0.0005285276871089231,0.0006336669237946844,0.5404255319148936,all,sector,0.01399177489782596,weak_or_context_dependent
momentum_60d,1,0.014258039189113426,0.014258039189113426,0.48708462545022163,0.0292722012646867,-0.0001696260744225804,0.00039778947641105216,-0.0005674155508336325,0.5404255319148936,all,sector,0.007705408412840022,weak_or_context_dependent
momentum_5d,1,0.008378808625053693,0.008378808625053693,0.45695722204874073,0.01833608972736616,-0.0003072411469873995,-0.00042158982557728453,0.00011434867858988503,0.502127659574468,all,sector,0.004207231564920577,weak_or_context_dependent
trend_slope_60,1,-0.003290770247920638,-0.003290770247920638,0.4800204821718243,-0.006855478818386546,-0.000866426742063888,0.00021839126536494358,-0.0010848180074288316,0.5176991150442478,all,sector,0.0017036288451624543,weak_or_context_dependent
volume_ratio_20,1,-0.05245881573941198,-0.05245881573941198,0.39836885384217985,-0.13168402909378646,-0.0007976137376614573,0.0006706714391922084,-0.0014682851768536656,0.4340425531914894,all,sector,0.022769358320936264,inverse_or_noise
amount_liquidity_20,1,-0.06738688978085917,-0.06738688978085917,0.3287621494261573,-0.20497155739637488,-0.0009521667699802204,7.059828077374748e-05,-0.0010227650507539678,0.41702127659574467,all,sector,0.028101766802230633,inverse_or_noise
amount_liquidity_60,1,-0.06984320572188854,-0.06984320572188854,0.3193917738058039,-0.21867565620007012,-0.001143245381996335,0.0001616082471148483,-0.0013048536291111832,0.39574468085106385,all,sector,0.02764007715802398,inverse_or_noise
volatility_20,1,-0.0756947000377109,-0.0756947000377109,0.4631772072831274,-0.16342492429995767,-0.0008721953266701454,0.00021579240579714529,-0.0010879877324672907,0.4595744680851064,all,sector,0.03478735150669267,inverse_or_noise
atr_pct,1,-0.09187590022449033,-0.09187590022449033,0.4553548017623881,-0.20176772017973085,-0.0010386648821792796,0.0004284412879426546,-0.0014671061701219343,0.40425531914893614,all,sector,0.03714132136734715,inverse_or_noise
volatility_60,1,-0.09320320225667376,-0.09320320225667376,0.48304566806558014,-0.19294904895828635,-0.0008526727915609722,0.000420643235974092,-0.001273316027535064,0.41702127659574467,all,sector,0.03886771838788949,inverse_or_noise
risk_adjusted_momentum,3,0.1090498387104552,0.1090498387104552,0.4885793360933891,0.22319781180760162,0.00022158736931397153,-0.0032896214730580397,0.003511208842372011,0.6042553191489362,all,sector,0.06589394509312613,positive_candidate
momentum_20d,3,0.09932460561008598,0.09932460561008598,0.5060214041317171,0.196285383976034,-0.00023988197410201932,-0.0030730672989984277,0.002833185324896408,0.5872340425531914,all,sector,0.058326789677412186,positive_candidate
relative_strength_vs_510300,3,0.09932460561008598,0.09932460561008598,0.5060214041317171,0.196285383976034,-0.00023988197410201932,-0.0030730672989984277,0.002833185324896408,0.5872340425531914,all,sector,0.058326789677412186,positive_candidate
ma_distance_20,3,0.09728452063621254,0.09728452063621254,0.4777826917600576,0.20361666990873084,0.001033827238098211,-0.0030442401110985003,0.004078067349196711,0.6,all,sector,0.05837071238172752,positive_candidate
drawdown_20,3,0.08810178740214143,0.08810178740214143,0.4163803237643404,0.21158969906561811,0.0019506753307988339,-0.0029145916637390717,0.004865266994537905,0.5617021276595745,all,sector,0.049486961434394336,positive_candidate
trend_slope_20,3,0.08681653957756635,0.08681653957756635,0.5119500294286825,0.16958010467242365,-0.0010804582765852949,-0.0026054063920561217,0.0015249481154708268,0.5659574468085107,all,sector,0.04913446708006947,positive_candidate
drawdown_60,3,0.07811620575842684,0.07811620575842684,0.4497533744700353,0.17368675854955995,0.001450897489992002,-0.0007337712993869286,0.0021846687893789306,0.548936170212766,all,sector,0.042880810820583246,positive_candidate
ma_distance_60,3,0.04809194584976297,0.04809194584976297,0.4996332029997033,0.09625450342576919,-6.660935425355649e-05,-0.0015032155856777177,0.0014366062314241613,0.5361702127659574,all,sector,0.025785468838596316,positive_candidate
momentum_10d,3,0.04622604347515748,0.04622604347515748,0.4635293816024258,0.09972624241284031,0.0002479324040415854,-0.0021951457671719,0.0024430781712134857,0.5914893617021276,all,sector,0.0273422129491357,positive_candidate
relative_strength_vs_group,3,0.02435263239996741,0.02435263239996741,0.4462518167176412,0.05457150310129976,0.00034426297989353596,-0.0014967469687192875,0.0018410099486128235,0.5234042553191489,all,sector,0.01274627142636592,weak_or_context_dependent
momentum_60d,3,0.009176294037349776,0.009176294037349776,0.4926552729457105,0.018626196736883364,-0.0015885854215131464,0.0009924785681255455,-0.002581063989638692,0.5063829787234042,all,sector,0.004646719108274993,weak_or_context_dependent
momentum_5d,3,0.0062868549448572295,0.0062868549448572295,0.441707615057227,0.014233068959073105,-5.19146485516811e-05,-0.00119531354861482,0.001143398900063139,0.5106382978723404,all,sector,0.003210308908012202,weak_or_context_dependent
trend_slope_60,3,-0.023807690588475306,-0.023807690588475306,0.48473237879710906,-0.049115123374995996,-0.0021127184987223906,0.000605010309654886,-0.0027177288083772766,0.48672566371681414,all,sector,0.011587814003240193,weak_or_context_dependent
volume_ratio_20,3,-0.052666562618929894,-0.052666562618929894,0.40177611912263395,-0.13108435298229984,-0.0008838624269899424,0.0011195341849921877,-0.00200339661198213,0.451063829787234,all,sector,0.023755981436623694,inverse_or_noise
volatility_20,3,-0.07463580010454593,-0.07463580010454593,0.46130839308735005,-0.16179155034452936,-0.003887819104685592,0.0003869892130433612,-0.004274808317728953,0.43829787234042555,all,sector,0.03271271238624779,inverse_or_noise
atr_pct,3,-0.09221701838378905,-0.09221701838378905,0.4232881520094023,-0.21785872802256154,-0.00446147126632517,0.0009225372663250439,-0.005384008532650214,0.425531914893617,all,sector,0.03924128441863364,inverse_or_noise
amount_liquidity_20,3,-0.09961721459698002,-0.09961721459698002,0.32621916236590986,-0.30536898529965106,-0.0029325988325414323,0.0009103506095564264,-0.0038429494420978588,0.39148936170212767,all,sector,0.038999079757115584,inverse_or_noise
amount_liquidity_60,3,-0.10455000971267758,-0.10455000971267758,0.333820569642483,-0.31319223325467666,-0.0030622774649770573,0.00044367866154287964,-0.003505956126519937,0.4,all,sector,0.04182000388507104,inverse_or_noise
volatility_60,3,-0.11040248619656777,-0.11040248619656777,0.46730836440095697,-0.23625189405306884,-0.0023819230663490233,0.0010369324218235216,-0.003418855488172545,0.4127659574468085,all,sector,0.04557038791943435,inverse_or_noise
ma_distance_20,5,0.1170841696422918,0.1170841696422918,0.46957587294217246,0.24934025870769247,0.0007502429438425677,-0.0050258207263869335,0.005776063670229501,0.6042553191489362,all,sector,0.07074873229449122,positive_candidate
drawdown_20,5,0.1099500664709489,0.1099500664709489,0.42494297809795634,0.2587407537902735,0.0026241100284440403,-0.004768931222775955,0.007393041251219996,0.6127659574468085,all,sector,0.06737365775241125,positive_candidate
risk_adjusted_momentum,5,0.10778952371487414,0.10778952371487414,0.48105579139311305,0.22406865408006246,-0.0009817156871261223,-0.004526111641153194,0.003544395954027072,0.6212765957446809,all,sector,0.06696710835051756,positive_candidate
momentum_20d,5,0.1076530323694219,0.1076530323694219,0.4944313473996908,0.21773100135254334,-0.001364597093003418,-0.004677489128341798,0.0033128920353383802,0.5872340425531914,all,sector,0.0632175253914052,positive_candidate
relative_strength_vs_510300,5,0.1076530323694219,0.1076530323694219,0.4944313473996908,0.21773100135254334,-0.001364597093003418,-0.004677489128341798,0.0033128920353383802,0.5872340425531914,all,sector,0.0632175253914052,positive_candidate
trend_slope_20,5,0.10117184829062324,0.10117184829062324,0.5030823581444991,0.2011039477984714,-0.0019618117308874837,-0.0047293915850632265,0.0027675798541757428,0.5829787234042553,all,sector,0.05898103496091652,positive_candidate
drawdown_60,5,0.09475762208786825,0.09475762208786825,0.4430868808573622,0.21385788246430268,0.0025073562372964603,-0.0011834673940391669,0.003690823631335627,0.6,all,sector,0.05685457325272095,positive_candidate
momentum_10d,5,0.07049050653828813,0.07049050653828813,0.44633375057067853,0.15793227925999226,0.00014866824455321033,-0.003580470403653621,0.0037291386482068314,0.574468085106383,all,sector,0.04049454630922936,positive_candidate
momentum_5d,5,0.0378547957063897,0.0378547957063897,0.46594550857055816,0.08124296727855967,-0.00015738050147624905,-0.0025505051681832713,0.0023931246667070224,0.49361702127659574,all,sector,0.01868577149762215,positive_candidate
ma_distance_60,5,0.03748836555002773,0.03748836555002773,0.47487764847339087,0.07894320920460912,-0.0014177446215897034,-0.0016310072525789175,0.0002132626309892141,0.5234042553191489,all,sector,0.0196215700538443,positive_candidate
relative_strength_vs_group,5,0.013531825620969534,0.013531825620969534,0.4536034495997095,0.029831840196345365,-0.0005165679592605742,-0.0019502949495945115,0.0014337269903339374,0.5234042553191489,all,sector,0.007082615112252139,weak_or_context_dependent
momentum_60d,5,-0.008189259100794212,-0.008189259100794212,0.47055198312871743,-0.017403516283883296,-0.0026542920971353704,0.002451950335381108,-0.005106242432516478,0.4978723404255319,all,sector,0.004077205594863502,weak_or_context_dependent
volume_ratio_20,5,-0.04188433919811087,-0.04188433919811087,0.406519542347085,-0.10303155158614777,-0.0016664697930531972,0.00025627383901813487,-0.001922743632071332,0.46382978723404256,all,sector,0.019427204138698233,inverse_or_noise
trend_slope_60,5,-0.05688986905723671,-0.05688986905723671,0.46849913948002264,-0.1214300395949021,-0.003619755446226568,0.0008207856545429477,-0.004440541100769515,0.4247787610619469,all,sector,0.024165608095109398,inverse_or_noise
volatility_20,5,-0.09763972530153266,-0.09763972530153266,0.47455535124879056,-0.2057499194658623,-0.00720099643457544,0.00047931143076103655,-0.007680307865336477,0.44680851063829785,all,sector,0.04362626024111033,inverse_or_noise
amount_liquidity_20,5,-0.11799344312624753,-0.11799344312624753,0.34083380097360716,-0.3461905561866045,-0.005105072340626057,0.0011987208231922352,-0.0063037931638182925,0.3659574468085106,all,sector,0.04318057918662675,inverse_or_noise
amount_liquidity_60,5,-0.12164964249726425,-0.12164964249726425,0.3511182667787508,-0.3464634398355555,-0.005871081349420903,0.0007687771880868257,-0.006639858537507729,0.37872340425531914,all,sector,0.046071566733006455,inverse_or_noise
atr_pct,5,-0.12565182812184839,-0.12565182812184839,0.4315458284466973,-0.291166823635206,-0.007018906107369895,0.0014117262368063285,-0.008430632344176224,0.4,all,sector,0.05026073124873936,inverse_or_noise
volatility_60,5,-0.14419867083293117,-0.14419867083293117,0.4681805694946805,-0.3079979824634084,-0.003642395964431273,0.0015364327336766651,-0.005178828698107938,0.40425531914893614,all,sector,0.05829307969841898,inverse_or_noise
drawdown_20,10,0.159731044653396,0.159731044653396,0.41253070639509326,0.38719795200024865,0.0037066198884414636,-0.008314627801840994,0.012021247690282458,0.6680851063829787,all,sector,0.10671393195992838,positive_candidate
ma_distance_20,10,0.154496557948446,0.154496557948446,0.44808702803007255,0.3447914094448573,-0.0007745767137871661,-0.009471336250594247,0.008696759536807082,0.6893617021276596,all,sector,0.10650401016020532,positive_candidate
risk_adjusted_momentum,10,0.13790913957498444,0.13790913957498444,0.4698721375051652,0.2935035482359675,-0.0023369389939044763,-0.007367413849387848,0.005030474855483372,0.6808510638297872,all,sector,0.09389558439147876,positive_candidate
momentum_20d,10,0.1341152593860313,0.1341152593860313,0.47539268773932225,0.282114687173254,-0.004189604797636035,-0.008899849126819126,0.004710244329183091,0.6680851063829787,all,sector,0.0896004073344975,positive_candidate
relative_strength_vs_510300,10,0.1341152593860313,0.1341152593860313,0.47539268773932225,0.282114687173254,-0.004189604797636035,-0.008899849126819126,0.004710244329183091,0.6680851063829787,all,sector,0.0896004073344975,positive_candidate
momentum_10d,10,0.11418499189936268,0.11418499189936268,0.4208888174094361,0.2712949053913322,-0.002141304629645931,-0.006829613078200764,0.004688308448554833,0.6212765957446809,all,sector,0.07094046305237,positive_candidate
trend_slope_20,10,0.10545474817725928,0.10545474817725928,0.4874677541276329,0.21633174150355847,-0.00572857191874638,-0.006647327719848176,0.0009187558011017954,0.6170212765957447,all,sector,0.06506782334341529,positive_candidate
drawdown_60,10,0.09449941570865208,0.09449941570865208,0.44055596185137863,0.21450036747098072,0.003533786784704228,-0.0023947531220241567,0.005928539906728385,0.625531914893617,all,sector,0.05911240046456109,positive_candidate
momentum_5d,10,0.08714795479320211,0.08714795479320211,0.4604010785826388,0.18928703438638808,-0.00046303113385356254,-0.005959676379931736,0.005496645246078173,0.574468085106383,all,sector,0.050063718710988456,positive_candidate
ma_distance_60,10,0.02506720488430242,0.02506720488430242,0.440005865044792,0.056970160799448916,-0.005016560093535385,-0.0006663234906990517,-0.004350236602836333,0.5276595744680851,all,sector,0.013226950662355318,weak_or_context_dependent
relative_strength_vs_group,10,0.021239499227107255,0.021239499227107255,0.46492819520929574,0.04568339680398586,-0.0007112803856907221,-0.003226225540053888,0.0025149451543631657,0.5234042553191489,all,sector,0.011116844276315712,weak_or_context_dependent
volume_ratio_20,10,-0.02149055117461188,-0.02149055117461188,0.38409331788142165,-0.05595137997492188,-0.0029003708718308213,-0.0011519746101432103,-0.001748396261687611,0.43829787234042555,all,sector,0.00941926285525542,weak_or_context_dependent
momentum_60d,10,-0.04960948302583261,-0.04960948302583261,0.46433711568672587,-0.1068393659474394,-0.006258433682621373,0.0032752628605934512,-0.009533696543214825,0.4425531914893617,all,sector,0.021954835041219537,inverse_or_noise
trend_slope_60,10,-0.10010984644349062,-0.10010984644349062,0.4684915049178837,-0.2136855106071511,-0.007870872797565567,0.0019748817963414315,-0.009845754593906998,0.415929203539823,all,sector,0.04163860869773504,inverse_or_noise
amount_liquidity_20,10,-0.1262916128347941,-0.1262916128347941,0.3655501104129772,-0.3454837223058617,-0.009075160186599068,0.0015145713084655902,-0.01058973149506466,0.37446808510638296,all,sector,0.04729217842324204,inverse_or_noise
amount_liquidity_60,10,-0.13969646289018514,-0.13969646289018514,0.3810565064375795,-0.3666030117060045,-0.012044726568864393,0.0006836238903126051,-0.012728350459176998,0.3659574468085106,all,sector,0.05112296088747201,inverse_or_noise
volatility_20,10,-0.14631146200134654,-0.14631146200134654,0.49814629719379216,-0.29371183290042097,-0.01036301931436261,0.001497422955210799,-0.01186044226957341,0.3617021276595745,all,sector,0.052921167106870025,inverse_or_noise
volatility_60,10,-0.18868868668271394,-0.18868868668271394,0.48712235635708584,-0.38735378128363995,-0.005444620536120332,0.0029585939002420313,-0.008403214436362364,0.3404255319148936,all,sector,0.0642344465302856,inverse_or_noise
atr_pct,10,-0.19088607877051347,-0.19088607877051347,0.43824972651361327,-0.43556462724816786,-0.012544245654260152,0.0034791472944503098,-0.016023392948710462,0.3191489361702128,all,sector,0.060921088969312816,inverse_or_noise
drawdown_20,20,0.13540804726866865,0.13540804726866865,0.4243680524947461,0.3190816237759676,-0.0020685170151993936,-0.009712724838109008,0.007644207822909615,0.6510638297872341,all,sector,0.08815928183875023,positive_candidate
momentum_5d,20,0.11809640637157881,0.11809640637157881,0.49400979722079325,0.23905681028183473,-0.0046637943691388226,-0.011643373093297873,0.006979578724159051,0.5872340425531914,all,sector,0.0693502301245867,positive_candidate
ma_distance_20,20,0.10964539007092199,0.10964539007092199,0.47678654151170397,0.22996746032989787,-0.012170570142196371,-0.013606330891134577,0.001435760748938206,0.5829787234042553,all,sector,0.0639209295307077,positive_candidate
momentum_10d,20,0.09645657702230935,0.09645657702230935,0.4495119570380111,0.21458067024044236,-0.011804260593400666,-0.011144053533960507,-0.0006602070594401589,0.5914893617021276,all,sector,0.05705303917489787,weak_or_context_dependent
risk_adjusted_momentum,20,0.05509389351763912,0.05509389351763912,0.4681939652054094,0.11767322437286848,-0.011570705316837224,-0.011568634629172899,-2.0706876643246386e-06,0.5702127659574469,all,sector,0.031415241410058053,weak_or_context_dependent
drawdown_60,20,0.045621053467184175,0.045621053467184175,0.405578439697966,0.11248392173202833,-0.0004885006860198948,-0.0032918752269747416,0.002803374540954847,0.5872340425531914,all,sector,0.026790235653069854,positive_candidate
momentum_20d,20,0.03126380891547552,0.03126380891547552,0.4902062522839242,0.06377684652085532,-0.015434364173984767,-0.011902859184977164,-0.003531504989007603,0.5319148936170213,all,sector,0.01662968559333804,weak_or_context_dependent
relative_strength_vs_510300,20,0.03126380891547552,0.03126380891547552,0.4902062522839242,0.06377684652085532,-0.015434364173984767,-0.011902859184977164,-0.003531504989007603,0.5319148936170213,all,sector,0.01662968559333804,weak_or_context_dependent
trend_slope_20,20,-0.018936170212765953,-0.018936170212765953,0.5015645056944986,-0.037754207081591044,-0.017920101599454438,-0.008030896168957576,-0.009889205430496862,0.46382978723404256,all,sector,0.008783159800814845,weak_or_context_dependent
volume_ratio_20,20,-0.022695035460992902,-0.022695035460992902,0.4195351690388539,-0.05409566857764688,-0.008256273308472546,-0.0037731938415064272,-0.004483079466966119,0.451063829787234,all,sector,0.010236909612192542,weak_or_context_dependent
relative_strength_vs_group,20,-0.056241134751773045,-0.056241134751773045,0.4330537106666061,-0.1298710376253334,-0.007967932642223952,-0.0006276409513127962,-0.007340291690911155,0.4425531914893617,all,sector,0.02488969367738041,inverse_or_noise
ma_distance_60,20,-0.07078014184397165,-0.07078014184397165,0.4132836922638405,-0.1712628472133993,-0.01452082096625399,0.0016395668588882139,-0.016160387825142203,0.4340425531914894,all,sector,0.030721593481213227,inverse_or_noise
momentum_60d,20,-0.11531914893617021,-0.11531914893617021,0.4575004861574071,-0.2520634456692001,-0.01437644658338826,0.00432502713551517,-0.01870147371890343,0.37872340425531914,all,sector,0.043674060660932545,inverse_or_noise
amount_liquidity_20,20,-0.15602836879432627,-0.15602836879432627,0.3111449445197142,-0.5014652223746489,-0.018552273109065064,0.0022753972481594316,-0.020827670357224496,0.31063829787234043,all,sector,0.04846838690206731,inverse_or_noise
trend_slope_60,20,-0.1581858407079646,-0.1581858407079646,0.46529571366653116,-0.33996840302151043,-0.018437416685094712,-0.0006214600214671711,-0.01781595666362754,0.35398230088495575,all,sector,0.055994987861226406,inverse_or_noise
amount_liquidity_60,20,-0.16014184397163117,-0.16014184397163117,0.33839068266127864,-0.4732454295496354,-0.022747339334631946,-0.002419341935775036,-0.02032799739885691,0.3659574468085106,all,sector,0.05860510034706502,inverse_or_noise
volatility_20,20,-0.21234042553191484,-0.21234042553191484,0.5379994968199713,-0.39468517496210503,-0.0185191321586612,0.0027140265699352553,-0.021233158728596456,0.3574468085106383,all,sector,0.07590040742417382,inverse_or_noise
volatility_60,20,-0.219290780141844,-0.219290780141844,0.5340522354146651,-0.41061672548112377,-0.010109944417099954,0.003738206589027766,-0.01384815100612772,0.3659574468085106,all,sector,0.08025109400935566,inverse_or_noise
atr_pct,20,-0.2404255319148936,-0.2404255319148936,0.4783880622167798,-0.5025742716086958,-0.0158175134356533,0.007866526693158928,-0.023684040128812228,0.33191489361702126,all,sector,0.07980081484834765,inverse_or_noise
ma_distance_60,1,0.05022081911044024,0.05022081911044024,0.4124812092750378,0.12175298651472283,0.0012807890183836356,-7.6018851524353075e-06,0.001288390903536071,0.5176470588235295,neutral,all,0.02599665930422789,positive_candidate
momentum_60d,1,0.04414610127779447,0.04414610127779447,0.41403196495783473,0.10662486236368328,0.0010888448842940638,6.308798490373764e-05,0.0010257568993903262,0.5352941176470588,neutral,all,0.023631148331054685,positive_candidate
risk_adjusted_momentum,1,0.04334250911858292,0.04334250911858292,0.355762028905614,0.12183005941334446,0.0008362662537863269,3.373612153867535e-05,0.0008025301322476516,0.5470588235294118,neutral,all,0.02371090204722478,positive_candidate
trend_slope_60,1,0.042772890148031116,0.042772890148031116,0.4174736526040694,0.1024565020600157,0.0009380650703731453,0.00021455419096320612,0.0007235108794099392,0.5403726708074534,neutral,all,0.023113300887445388,positive_candidate
trend_slope_20,1,0.037604880043161815,0.037604880043161815,0.4113065142815097,0.09142787370837502,0.000723371622314745,-2.0320728661407906e-05,0.0007436923509761529,0.5294117647058824,neutral,all,0.019908465905203315,positive_candidate
momentum_20d,1,0.03057677971485427,0.03057677971485427,0.39514931192726666,0.07738031876032318,0.0009107954806615255,0.00020970312809994883,0.0007010923525615767,0.5058823529411764,neutral,all,0.015468253267514514,positive_candidate
relative_strength_vs_510300,1,0.03057677971485427,0.03057677971485427,0.39514931192726666,0.07738031876032318,0.0009107954806615255,0.00020970312809994883,0.0007010923525615767,0.5058823529411764,neutral,all,0.015468253267514514,positive_candidate
ma_distance_20,1,0.028339209367102977,0.028339209367102977,0.3699294197612807,0.07660707111478336,0.000941854643905793,0.00020809568794949578,0.0007337589559562972,0.49411764705882355,neutral,all,0.014002903451980296,weak_or_context_dependent
drawdown_60,1,0.02442790260365174,0.02442790260365174,0.37297516476459036,0.06549471630120421,0.0004259957182803082,0.0007051717461751328,-0.00027917602789482465,0.5470588235294118,neutral,all,0.013363499659644777,weak_or_context_dependent
amount_liquidity_20,1,0.023958507311177886,0.023958507311177886,0.1950654454597645,0.12282291850670049,0.0001483254864612099,0.0004517228250914154,-0.0003033973386302055,0.5470588235294118,neutral,all,0.013106712823173786,likely_trading_constraint_more_than_alpha
amount_liquidity_60,1,0.02189171375392269,0.02189171375392269,0.19881006575374832,0.11011370913703321,8.454121058495358e-05,0.000504535313298643,-0.00041999410271368936,0.5411764705882353,neutral,all,0.011847280384475807,likely_trading_constraint_more_than_alpha
relative_strength_vs_group,1,0.019387896004952845,0.019387896004952845,0.24041780367902452,0.08064251360867232,0.000905899476984316,0.0003682643913562075,0.0005376350856281085,0.5235294117647059,neutral,all,0.010150133790828256,weak_or_context_dependent
momentum_10d,1,0.016416747412179543,0.016416747412179543,0.375819895982515,0.04368248617934622,0.0009919064670588194,0.0004426613193936992,0.0005492451476651202,0.4823529411764706,neutral,all,0.007918666398816014,weak_or_context_dependent
momentum_5d,1,0.014948362096723955,0.014948362096723955,0.3718377485198065,0.04020130327334883,0.0010381344819097931,9.149586133656606e-06,0.0010289848957761366,0.5,neutral,all,0.0074741810483619775,weak_or_context_dependent
drawdown_20,1,0.012649724525366852,0.012649724525366852,0.36819737012153714,0.03435582530421481,0.00028520006980693773,0.00042258336905148894,-0.0001373832992445512,0.5235294117647059,neutral,all,0.006622502839750881,weak_or_context_dependent
volatility_20,1,0.010187319972110882,0.010187319972110882,0.43755290270991426,0.023282487463841144,0.0008242879635316525,4.104787166078859e-05,0.0007832400918708639,0.4823529411764706,neutral,all,0.004913883751253484,risk_control_candidate_not_alpha_by_default
atr_pct,1,0.005038600439147962,0.005038600439147962,0.4363644808204956,0.011546770327580025,0.0008940917487980194,3.539499065968937e-05,0.00085869675813833,0.48823529411764705,neutral,all,0.0024600225673487106,weak_or_context_dependent
volatility_60,1,0.0026182933846398988,0.0026182933846398988,0.4420219164548151,0.005923446976655849,0.0010037653196335124,3.5175697812076834e-05,0.0009685896218214355,0.48823529411764705,neutral,all,0.0012783432407359506,risk_control_candidate_not_alpha_by_default
volume_ratio_20,1,-0.04601342342377737,-0.04601342342377737,0.21469573760370644,-0.2143192218781292,-0.00028928222030735897,0.0006731763682968234,-0.0009624585886041823,0.4117647058823529,neutral,all,0.01894670376273186,inverse_or_noise
ma_distance_60,3,0.10244750669883881,0.10244750669883881,0.3988603891575175,0.2568505409003659,0.004533112869399176,0.0002852760584135261,0.00424783681098565,0.5764705882352941,neutral,all,0.05905797444991884,positive_candidate
momentum_60d,3,0.08721311917124012,0.08721311917124012,0.4038003355194471,0.21598079917157453,0.0043579847878990295,0.0006792345650956491,0.0036787502228033805,0.6058823529411764,neutral,all,0.05284088985081019,positive_candidate
volatility_20,3,0.0845352075921839,0.0845352075921839,0.39998239601242036,0.21134732036946668,0.004406984957051156,0.00010360300937739103,0.004303381947673765,0.6176470588235294,neutral,all,0.05221292233634888,positive_candidate
momentum_20d,3,0.08369607306650236,0.08369607306650236,0.37899259028770266,0.22083828341595438,0.0038863872187893398,0.00023501599573745615,0.0036513712230518834,0.6058823529411764,neutral,all,0.05070997368146907,positive_candidate
relative_strength_vs_510300,3,0.08369607306650236,0.08369607306650236,0.37899259028770266,0.22083828341595438,0.0038863872187893398,0.00023501599573745615,0.0036513712230518834,0.6058823529411764,neutral,all,0.05070997368146907,positive_candidate
trend_slope_20,3,0.07690011397104518,0.07690011397104518,0.3876276825787606,0.19838653797750921,0.003527804320501295,0.0005998283768778631,0.002927975943623432,0.5705882352941176,neutral,all,0.04387830032465519,positive_candidate
atr_pct,3,0.07648285750266291,0.07648285750266291,0.40187166148984504,0.19031662302119198,0.0040690777125656896,7.303633060771339e-05,0.003996041381957976,0.5882352941176471,neutral,all,0.04498991617803701,positive_candidate
trend_slope_60,3,0.07280015327434484,0.07280015327434484,0.39955409553499377,0.18220349656751011,0.004471861083526392,0.001610719808770701,0.002861141274755691,0.5962732919254659,neutral,all,0.043408787045572085,positive_candidate
ma_distance_20,3,0.06989023300726206,0.06989023300726206,0.37315035103300287,0.18729778174878547,0.003849844927350095,0.0006962464879197207,0.0031535984394303745,0.5823529411764706,neutral,all,0.04070078275128791,positive_candidate
volatility_60,3,0.06629752381850382,0.06629752381850382,0.40347337831597463,0.164316972027294,0.004543829259433046,7.283497309942744e-05,0.004470994286333619,0.5882352941176471,neutral,all,0.03899854342264931,positive_candidate
risk_adjusted_momentum,3,0.06600742144832424,0.06600742144832424,0.3477067537362338,0.18983646632989098,0.002930207709195521,-6.190945955955734e-05,0.0029921171687550784,0.5823529411764706,neutral,all,0.03843961601990647,positive_candidate
relative_strength_vs_group,3,0.031406530041237585,0.031406530041237585,0.22877122885178947,0.1372835657651009,0.004193490961846478,0.00228468139065477,0.0019088095711917077,0.5235294117647059,neutral,all,0.01644224219805968,positive_candidate
drawdown_60,3,0.023371523011300705,0.023371523011300705,0.36013956235149075,0.06489573891493336,0.002200257386130554,0.002905182958139271,-0.0007049255720087172,0.5176470588235295,neutral,all,0.012098200147026249,weak_or_context_dependent
momentum_5d,3,0.02326571687935406,0.02326571687935406,0.3699887248856633,0.06288223211813768,0.00419408983467368,0.001968580982497075,0.0022255088521766046,0.5411764705882353,neutral,all,0.012590858546473961,weak_or_context_dependent
momentum_10d,3,0.01944167283992727,0.01944167283992727,0.36806458025317607,0.0528213631057739,0.003602789895751104,0.0019203913254096,0.001682398570341504,0.5235294117647059,neutral,all,0.010178287545608983,weak_or_context_dependent
amount_liquidity_20,3,0.01366603994411592,0.01366603994411592,0.20766701324301906,0.06580746614833552,0.0013764457195064115,0.0024741696569758154,-0.0010977239374694039,0.5529411764705883,neutral,all,0.007556516204393509,likely_trading_constraint_more_than_alpha
drawdown_20,3,0.011964852967310832,0.011964852967310832,0.35726098282677,0.03349051125773898,0.00233745315934443,0.0022114517850105484,0.00012600137433388175,0.5705882352941176,neutral,all,0.0068270043401714746,weak_or_context_dependent
amount_liquidity_60,3,0.009902618198971666,0.009902618198971666,0.20960290724461725,0.047244660530470634,0.0008023372873310241,0.002385551994553064,-0.00158321470722204,0.5470588235294118,neutral,all,0.005417314661790382,likely_trading_constraint_more_than_alpha
volume_ratio_20,3,-0.015824138392616902,-0.015824138392616902,0.23390786909462297,-0.06765115878258696,0.001233397048075692,0.0032286735562936284,-0.0019952765082179363,0.5058823529411764,neutral,all,0.008005152363323845,weak_or_context_dependent
ma_distance_60,5,0.09283714744431479,0.09283714744431479,0.39613078523140516,0.23435983999598192,0.006439611202289333,0.0012244502674890012,0.0052151609348003326,0.5882352941176471,neutral,all,0.05461008673194988,positive_candidate
momentum_20d,5,0.08686742626068292,0.08686742626068292,0.38784909417736707,0.22397222931493457,0.005417801839556898,0.000373575337754693,0.005044226501802205,0.5647058823529412,neutral,all,0.049054546594268,positive_candidate
relative_strength_vs_510300,5,0.08686742626068292,0.08686742626068292,0.38784909417736707,0.22397222931493457,0.005417801839556898,0.000373575337754693,0.005044226501802205,0.5647058823529412,neutral,all,0.049054546594268,positive_candidate
trend_slope_20,5,0.08414066409476485,0.08414066409476485,0.4051894532591679,0.20765758688429306,0.005421315423098513,0.0011729413008417812,0.004248374122256732,0.5823529411764706,neutral,all,0.04899956320812777,positive_candidate
volatility_20,5,0.07336598646846516,0.07336598646846516,0.40974015203064196,0.17905491103292842,0.00631036705918345,0.00013599405668522323,0.006174373002498227,0.5705882352941176,neutral,all,0.04186176874965365,positive_candidate
ma_distance_20,5,0.0715598894586854,0.0715598894586854,0.35844069566120723,0.19964220113645448,0.0054298227774234546,0.0013818817772724339,0.004047941000151021,0.5470588235294118,neutral,all,0.03914746893916319,positive_candidate
risk_adjusted_momentum,5,0.06902986518053121,0.06902986518053121,0.35461699153897763,0.19466034292647202,0.003923065543149664,0.0005957149844771947,0.003327350558672469,0.5411764705882353,neutral,all,0.037357338803581594,positive_candidate
atr_pct,5,0.06861024846842423,0.06861024846842423,0.4140672041372795,0.16569834022806898,0.00601646697634175,8.419619850427051e-05,0.00593227077783748,0.5647058823529412,neutral,all,0.03874461089981603,positive_candidate
momentum_60d,5,0.0628528643554095,0.0628528643554095,0.3959721517907976,0.15873051695972878,0.005626852468745396,0.0017074407362323433,0.003919411732513052,0.5941176470588235,neutral,all,0.03734199588174329,positive_candidate
volatility_60,5,0.055644995026020154,0.055644995026020154,0.41677958056399084,0.13351180725005943,0.006395005810706436,7.634497333219736e-05,0.006318660837374238,0.5823529411764706,neutral,all,0.03240502651515292,positive_candidate
trend_slope_60,5,0.04664458887681047,0.04664458887681047,0.40047301569137533,0.11647373742843423,0.006217311736136067,0.003268397301910974,0.002948914434225093,0.5590062111801242,neutral,all,0.026074614900080385,positive_candidate
momentum_10d,5,0.02710015279090033,0.02710015279090033,0.3435138877124197,0.07889099614391086,0.005060344239448289,0.0037015899985788155,0.0013587542408694735,0.5294117647058824,neutral,all,0.014347139712829587,weak_or_context_dependent
relative_strength_vs_group,5,0.026962182617618485,0.026962182617618485,0.2396074142684485,0.11252649547568222,0.006565978751307554,0.0038266269042653454,0.002739351847042208,0.5235294117647059,neutral,all,0.014115495605694384,weak_or_context_dependent
momentum_5d,5,0.022978960644854742,0.022978960644854742,0.3704064678634493,0.06203714740026073,0.005802247808964777,0.0032051650348772064,0.0025970827740875706,0.5058823529411764,neutral,all,0.01162465067916181,weak_or_context_dependent
drawdown_20,5,0.019003084487452075,0.019003084487452075,0.3662997687368554,0.05187850528265996,0.0038295599435855835,0.00424599542986566,-0.0004164354862800767,0.5235294117647059,neutral,all,0.009948673643430793,weak_or_context_dependent
drawdown_60,5,0.01809647905757661,0.01809647905757661,0.3620887996167841,0.04997801389252852,0.003078564644923045,0.005682348827655805,-0.0026037841827327604,0.5,neutral,all,0.009048239528788304,weak_or_context_dependent
amount_liquidity_20,5,0.005261193324729649,0.005261193324729649,0.21382416278612124,0.024605232898735518,0.001916139264046299,0.004329757243339246,-0.0024136179792929474,0.5176470588235295,neutral,all,0.0027234412504482893,likely_trading_constraint_more_than_alpha
amount_liquidity_60,5,0.0037725535861892175,0.0037725535861892175,0.21671681652109254,0.017407756567991317,0.0011488509157657264,0.004083750367677078,-0.0029348994519113516,0.5,neutral,all,0.0018862767930946087,likely_trading_constraint_more_than_alpha
volume_ratio_20,5,-0.015125007918775973,-0.015125007918775973,0.21364634418424244,-0.0707946020631769,0.002317964708930767,0.004128525079565186,-0.0018105603706344191,0.5176470588235295,neutral,all,0.007829415863836975,weak_or_context_dependent
momentum_20d,10,0.10387999927404301,0.10387999927404301,0.3811075839219299,0.27257394934266876,0.010599890253114771,0.0007407753806081287,0.009859114872506642,0.6294117647058823,neutral,all,0.06538329366072118,positive_candidate
relative_strength_vs_510300,10,0.10387999927404301,0.10387999927404301,0.3811075839219299,0.27257394934266876,0.010599890253114771,0.0007407753806081287,0.009859114872506642,0.6294117647058823,neutral,all,0.06538329366072118,positive_candidate
ma_distance_20,10,0.10005916563065163,0.10005916563065163,0.3440801077484181,0.2908019480853341,0.009826657158772883,0.0025627355407376894,0.007263921618035194,0.6411764705882353,neutral,all,0.06415558266906488,positive_candidate
ma_distance_60,10,0.09196052126300643,0.09196052126300643,0.3759113296286551,0.2446335452401763,0.010678238148025937,0.0033192768980428544,0.007358961249983082,0.6705882352941176,neutral,all,0.06166764367048666,positive_candidate
trend_slope_20,10,0.09042026095852315,0.09042026095852315,0.38329360926117406,0.23590338783058423,0.01025288144714798,0.0014501190330728298,0.008802762414075151,0.6176470588235294,neutral,all,0.05584780823908783,positive_candidate
volatility_20,10,0.07304108031300889,0.07304108031300889,0.4273542601736621,0.17091459503253226,0.011207874233844223,0.00018986825872527432,0.011018005975118948,0.5764705882352941,neutral,all,0.04210603453338159,positive_candidate
atr_pct,10,0.06983487847183008,0.06983487847183008,0.43052151040676595,0.1622099634600106,0.011929845239705014,0.00015171523737536778,0.011778130002329646,0.5529411764705883,neutral,all,0.03861457986089428,positive_candidate
risk_adjusted_momentum,10,0.06938644447265914,0.06938644447265914,0.3574108844916472,0.1941363497402965,0.007423333192538034,0.0011787379784191643,0.00624459521411887,0.6,neutral,all,0.04163186668359548,positive_candidate
momentum_10d,10,0.06247310337470668,0.06247310337470668,0.3176704619110587,0.1966600954929133,0.009608888848916454,0.006526736398683635,0.0030821524502328192,0.5764705882352941,neutral,all,0.03601390665130149,positive_candidate
volatility_60,10,0.06144272221773912,0.06144272221773912,0.42639640211698365,0.14409765634204869,0.011229574073622035,0.0001192152561389594,0.011110358817483075,0.5588235294117647,neutral,all,0.03433563888638363,positive_candidate
relative_strength_vs_group,10,0.04700440072661982,0.04700440072661982,0.2519718510371064,0.18654623734020895,0.01301037703394394,0.006626296742990142,0.006384080290953798,0.6352941176470588,neutral,all,0.029861619285146707,positive_candidate
momentum_5d,10,0.04109083148584375,0.04109083148584375,0.3587181173490289,0.11454908324539072,0.010709854707557035,0.006663751659291398,0.004046103048265637,0.5882352941176471,neutral,all,0.024171077344613972,positive_candidate
momentum_60d,10,0.029899248357134263,0.029899248357134263,0.37237436099727445,0.0802935204160125,0.010081604605322425,0.006462617709098894,0.0036189868962235314,0.5588235294117647,neutral,all,0.016708403493692677,weak_or_context_dependent
drawdown_20,10,0.020036061965095435,0.020036061965095435,0.351879511161984,0.05694012106283746,0.008126759154399215,0.007882907610796349,0.00024385154360286564,0.5235294117647059,neutral,all,0.01048946773466761,weak_or_context_dependent
trend_slope_60,10,0.0075510093258124855,0.0075510093258124855,0.36991875944330194,0.02041261529200668,0.011679291921403188,0.008928641990587575,0.002750649930815613,0.5403726708074534,neutral,all,0.0040803590766812815,weak_or_context_dependent
volume_ratio_20,10,0.005782916740163392,0.005782916740163392,0.20105495350706,0.028762866267606414,0.007273273334812476,0.006836834644334511,0.00043643869047796467,0.48823529411764705,neutral,all,0.0028234240554915386,weak_or_context_dependent
drawdown_60,10,-0.003999347144211112,-0.003999347144211112,0.3415710503606947,-0.011708682981148,0.005764339909957303,0.009978394052138847,-0.0042140541421815435,0.4823529411764706,neutral,all,0.0019290968577959481,weak_or_context_dependent
amount_liquidity_60,10,-0.010162775028973815,-0.010162775028973815,0.21082440867374272,-0.04820492604677964,0.0011448074033943352,0.008820480273147538,-0.007675672869753203,0.5058823529411764,neutral,all,0.005141168544069106,likely_trading_constraint_more_than_alpha
amount_liquidity_20,10,-0.010429554874277259,-0.010429554874277259,0.208576728511114,-0.050003444529630355,0.0030334839049309067,0.00914659747570342,-0.006113113570772514,0.5235294117647059,neutral,all,0.005460178728298095,likely_trading_constraint_more_than_alpha
ma_distance_20,20,0.12431888607940274,0.12431888607940274,0.3241567764147404,0.38351469142308997,0.02592776015161825,0.005520344908612159,0.020407415243006093,0.6823529411764706,neutral,all,0.08482935756006305,positive_candidate
momentum_10d,20,0.10411179665727471,0.10411179665727471,0.32992010319731013,0.3155666952341192,0.026604766547619462,0.009034680450741673,0.01757008609687779,0.6529411764705882,neutral,all,0.0679788789938676,positive_candidate
volatility_60,20,0.10386673071341683,0.10386673071341683,0.4422253928487695,0.23487283270713666,0.02793040960727569,5.458962357631908e-05,0.02787581998369937,0.5823529411764706,neutral,all,0.060487096121342745,positive_candidate
volatility_20,20,0.09895722049804362,0.09895722049804362,0.41942831848815676,0.23593356989994904,0.029769216485116008,0.00014429530160165518,0.02962492118351435,0.5647058823529412,neutral,all,0.055881724516542275,positive_candidate
momentum_5d,20,0.09492789651608254,0.09492789651608254,0.3849321933200726,0.24660939813145122,0.028271884019326583,0.013021910102468202,0.015249973916858381,0.6,neutral,all,0.056956737909649516,positive_candidate
momentum_20d,20,0.09193861892076133,0.09193861892076133,0.3081074144568389,0.29839794372634454,0.02308502901883421,0.005654339724985972,0.017430689293848237,0.6352941176470588,neutral,all,0.05840806378495425,positive_candidate
relative_strength_vs_510300,20,0.09193861892076133,0.09193861892076133,0.3081074144568389,0.29839794372634454,0.02308502901883421,0.005654339724985972,0.017430689293848237,0.6352941176470588,neutral,all,0.05840806378495425,positive_candidate
atr_pct,20,0.08933088409740723,0.08933088409740723,0.4199341952189246,0.21272591066520863,0.026442451247452165,0.00011545512240296642,0.0263269961250492,0.5764705882352941,neutral,all,0.05149662730321122,positive_candidate
risk_adjusted_momentum,20,0.0774663437922402,0.0774663437922402,0.31605998300330845,0.2451001327536909,0.016774010171417105,0.004170895955858064,0.012603114215559041,0.6352941176470588,neutral,all,0.04921391252683495,positive_candidate
trend_slope_20,20,0.06899194939449023,0.06899194939449023,0.2972336187889144,0.23211354649450355,0.0224775812342107,0.008264705611942634,0.014212875622268065,0.5823529411764706,neutral,all,0.04017766464737961,positive_candidate
ma_distance_60,20,0.06718887767235722,0.06718887767235722,0.31047824373433586,0.21640446320563486,0.024309706511640602,0.012023208060183529,0.012286498451457073,0.611764705882353,neutral,all,0.04110378398779501,positive_candidate
volume_ratio_20,20,0.03395470103810817,0.03395470103810817,0.20898954246888155,0.16247081378803446,0.018516112172717317,0.016222149407150215,0.002293962765567103,0.5588235294117647,neutral,all,0.01897468587423692,positive_candidate
drawdown_20,20,0.027016295369330992,0.027016295369330992,0.3605178827457273,0.07493746264005867,0.015624170965407583,0.017203702876510716,-0.0015795319111031325,0.5470588235294118,neutral,all,0.014779502760869308,weak_or_context_dependent
momentum_60d,20,0.0167755884297608,0.0167755884297608,0.31877527790321053,0.05262512369247893,0.023658204336407744,0.01621039428369157,0.007447810052716174,0.5470588235294118,neutral,all,0.009177233670398556,weak_or_context_dependent
trend_slope_60,20,0.012959522578078144,0.012959522578078144,0.3187173966633648,0.040661484794211694,0.025970735710176187,0.017644675507703562,0.008326060202472625,0.5652173913043478,neutral,all,0.007324947544131124,weak_or_context_dependent
relative_strength_vs_group,20,0.00431563977164489,0.00431563977164489,0.20775242033673713,0.020772993954293537,0.02152798743841698,0.01627747760918315,0.005250509829233831,0.5705882352941176,neutral,all,0.0024624532814679664,weak_or_context_dependent
amount_liquidity_60,20,-0.0025680758252947075,-0.0025680758252947075,0.20889057353814736,-0.01229388086689191,0.0033153966305774613,0.016807993605290002,-0.01349259697471254,0.49411764705882355,neutral,all,0.0012689315842632674,likely_trading_constraint_more_than_alpha
drawdown_60,20,-0.004957836408758578,-0.004957836408758578,0.32277433721128235,-0.015360069984477318,0.011671029509034063,0.0210746492325699,-0.009403619723535839,0.5294117647058824,neutral,all,0.002624736922283953,weak_or_context_dependent
amount_liquidity_20,20,-0.008380162790841993,-0.008380162790841993,0.2027178011715731,-0.0413390572629057,0.00591168200840017,0.0192419140151286,-0.013330232006728428,0.48823529411764705,neutral,all,0.004091491244940502,likely_trading_constraint_more_than_alpha
volatility_20,1,0.35784332951761993,0.35784332951761993,0.3189401370883106,1.121976471147429,0.015846083269331346,6.827250143829189e-06,0.015839256019187516,0.8571428571428571,risk_off,all,0.3067228538722456,positive_candidate
volatility_60,1,0.3235738068702486,0.3235738068702486,0.3498531353961586,0.9248846848373893,0.012640177888544771,6.827250143829189e-06,0.012633350638400943,0.8571428571428571,risk_off,all,0.2773489773173559,positive_candidate
atr_pct,1,0.28771104071111353,0.28771104071111353,0.40411079529888116,0.7119607891155738,0.011122050259461625,6.827250143829189e-06,0.011115223009317797,0.8571428571428571,risk_off,all,0.24660946346666873,positive_candidate
volume_ratio_20,1,0.11998794835241121,0.11998794835241121,0.23455712072239288,0.5115510796810191,0.012622487032081547,0.005378733152254533,0.0072437538798270145,0.7142857142857143,risk_off,all,0.08570567739457943,positive_candidate
trend_slope_60,1,0.04135748245939324,0.04135748245939324,0.4544676532130578,0.09100203758617018,0.011217817350334799,0.01239864573162884,-0.0011808283812940416,0.42857142857142855,risk_off,all,0.017724635339739957,weak_or_context_dependent
momentum_60d,1,-0.08706933629503388,-0.08706933629503388,0.4269201096748237,-0.20394761062286998,0.008344694892333528,0.011904279705444573,-0.003559584813111045,0.42857142857142855,risk_off,all,0.0373154298407288,inverse_or_noise
trend_slope_20,1,-0.12738646016887176,-0.12738646016887176,0.5092456158929167,-0.2501473870236683,0.008995472189254996,0.007737084320187089,0.0012583878690679076,0.42857142857142855,risk_off,all,0.05459419721523075,inverse_or_noise
amount_liquidity_60,1,-0.13236074098925016,-0.13236074098925016,0.1583190043439503,-0.8360382351931329,0.0053166376154073335,0.008326558226024986,-0.003009920610617653,0.14285714285714285,risk_off,all,0.018908677284178593,inverse_or_noise
amount_liquidity_20,1,-0.13510759554785895,-0.13510759554785895,0.15822986915039086,-0.8538690973664703,0.0064903482677590016,0.011268923356344916,-0.004778575088585914,0.2857142857142857,risk_off,all,0.038602170156531126,inverse_or_noise
relative_strength_vs_group,1,-0.19576911687547827,-0.19576911687547827,0.2788642204517959,-0.7020230725845974,0.008064572890558322,0.012344880712653725,-0.004280307822095403,0.14285714285714285,risk_off,all,0.027967016696496892,inverse_or_noise
ma_distance_60,1,-0.2362452849046611,-0.2362452849046611,0.46838654500683413,-0.5043810233729368,0.007032891025470085,0.009276716376002499,-0.0022438253505324144,0.42857142857142855,risk_off,all,0.10124797924485475,inverse_or_noise
momentum_20d,1,-0.25670302001709716,-0.25670302001709716,0.45940691165106,-0.5587704788648773,0.0063205935040218,0.010530787142732131,-0.004210193638710331,0.2857142857142857,risk_off,all,0.0733437200048849,inverse_or_noise
relative_strength_vs_510300,1,-0.25670302001709716,-0.25670302001709716,0.45940691165106,-0.5587704788648773,0.0063205935040218,0.010530787142732131,-0.004210193638710331,0.2857142857142857,risk_off,all,0.0733437200048849,inverse_or_noise
risk_adjusted_momentum,1,-0.2650983383013756,-0.2650983383013756,0.3587065296897699,-0.7390396225311201,0.0015270034727549564,0.007049375132871462,-0.005522371660116506,0.2857142857142857,risk_off,all,0.07574238237182158,inverse_or_noise
ma_distance_20,1,-0.39595524664188897,-0.39595524664188897,0.373053499664539,-1.061389980252012,0.003641715100467364,0.013797454942315057,-0.010155739841847693,0.14285714285714285,risk_off,all,0.05656503523455556,inverse_or_noise
momentum_10d,1,-0.41077270467742666,-0.41077270467742666,0.3720911049765418,-1.1039573351352312,0.0026128281993010624,0.013876352088676935,-0.011263523889375873,0.14285714285714285,risk_off,all,0.05868181495391809,inverse_or_noise
drawdown_20,1,-0.41326506534055685,-0.41326506534055685,0.37198994639079225,-1.1109576195545974,-1.0383027109208735e-05,0.015449258757606625,-0.015459641784715834,0.14285714285714285,risk_off,all,0.0590378664772224,inverse_or_noise
drawdown_60,1,-0.4296454492487753,-0.4296454492487753,0.2763432794826319,-1.5547526614475835,-0.0006942946620227744,0.015897159072289897,-0.016591453734312672,0.14285714285714285,risk_off,all,0.06137792132125361,inverse_or_noise
momentum_5d,1,-0.43650492993686524,-0.43650492993686524,0.3533060663420239,-1.2354866545492578,0.00011832407300178444,0.013854528753354486,-0.013736204680352701,0.2857142857142857,risk_off,all,0.12471569426767577,inverse_or_noise
volatility_20,3,0.2463765595780782,0.2463765595780782,0.30304276820426723,0.8130092034138464,0.01593156927555861,0.0002747059820556623,0.015656863293502948,0.7142857142857143,risk_off,all,0.17598325684148441,positive_candidate
volatility_60,3,0.15074163507969285,0.15074163507969285,0.3078070377739031,0.48972770788437514,0.0050418696290493075,0.0002747059820556623,0.004767163646993645,0.5714285714285714,risk_off,all,0.0861380771883959,positive_candidate
atr_pct,3,0.12488763310073552,0.12488763310073552,0.3559512475511645,0.3508560061523149,0.0013550686073742267,0.0002747059820556623,0.0010803626253185644,0.5714285714285714,risk_off,all,0.07136436177184886,positive_candidate
volume_ratio_20,3,0.09506189741474382,0.09506189741474382,0.18151445221010837,0.523715308931472,0.010895623368129072,0.005293624026315528,0.005601999341813544,0.7142857142857143,risk_off,all,0.06790135529624558,positive_candidate
risk_adjusted_momentum,3,-0.1330484014829437,-0.1330484014829437,0.25763267367644416,-0.5164267388306367,0.0020402017487612485,0.005970923483979603,-0.003930721735218355,0.2857142857142857,risk_off,all,0.038013828995126765,inverse_or_noise
trend_slope_60,3,-0.1528833590549285,-0.1528833590549285,0.42887199957834443,-0.35647782836193403,0.003976752793299369,0.019348468754871177,-0.015371715961571808,0.42857142857142855,risk_off,all,0.06552143959496935,inverse_or_noise
trend_slope_20,3,-0.15509959351654373,-0.15509959351654373,0.27856459226263763,-0.556781435345925,0.0015897102288644671,0.008647061096649797,-0.00705735086778533,0.42857142857142855,risk_off,all,0.06647125436423303,inverse_or_noise
relative_strength_vs_group,3,-0.17971242997037154,-0.17971242997037154,0.17614275457241582,-1.0202658088697492,-0.0004000356391012761,0.011896033819088799,-0.012296069458190074,0.14285714285714285,risk_off,all,0.02567320428148165,inverse_or_noise
momentum_20d,3,-0.209871563022141,-0.209871563022141,0.3383829365184908,-0.6202191079179097,0.0035493276266298744,0.011796941699886434,-0.00824761407325656,0.2857142857142857,risk_off,all,0.05996330372061171,inverse_or_noise
relative_strength_vs_510300,3,-0.209871563022141,-0.209871563022141,0.3383829365184908,-0.6202191079179097,0.0035493276266298744,0.011796941699886434,-0.00824761407325656,0.2857142857142857,risk_off,all,0.05996330372061171,inverse_or_noise
momentum_60d,3,-0.21335404864488558,-0.21335404864488558,0.38445840897050065,-0.5549470207094785,0.0017841862630013157,0.016520001256311746,-0.01473581499331043,0.14285714285714285,risk_off,all,0.030479149806412226,inverse_or_noise
drawdown_20,3,-0.24387311219923877,-0.24387311219923877,0.3634517502076649,-0.6709917122696406,0.003899961155488625,0.013070123461554862,-0.009170162306066237,0.14285714285714285,risk_off,all,0.03483901602846268,inverse_or_noise
amount_liquidity_20,3,-0.25461266479508954,-0.25461266479508954,0.1787979416504223,-1.4240245857689837,0.0038437613484482137,0.015395768813944017,-0.011552007465495803,0.0,risk_off,all,0.0,inverse_or_noise
amount_liquidity_60,3,-0.2557269291636866,-0.2557269291636866,0.18074936815467543,-1.4148150656042653,0.003331864247645062,0.011591829018051397,-0.008259964770406334,0.0,risk_off,all,0.0,inverse_or_noise
momentum_10d,3,-0.2638820315666451,-0.2638820315666451,0.3741901308143091,-0.7052084216983154,0.004551014729768116,0.015865006905886252,-0.011313992176118136,0.2857142857142857,risk_off,all,0.0753948661618986,inverse_or_noise
momentum_5d,3,-0.26721715439876637,-0.26721715439876637,0.35735522295260524,-0.7477633940562454,0.0006260925529369013,0.009289770943063614,-0.008663678390126713,0.2857142857142857,risk_off,all,0.07634775839964753,inverse_or_noise
ma_distance_20,3,-0.26909073929584815,-0.26909073929584815,0.3399576851297622,-0.7915418626089771,0.0030848259175173054,0.0149441058847916,-0.011859279967274296,0.14285714285714285,risk_off,all,0.03844153418512116,inverse_or_noise
ma_distance_60,3,-0.3073286127071436,-0.3073286127071436,0.27791533675830304,-1.1058353824295082,-0.003219975508117311,0.008689765203180157,-0.011909740711297467,0.14285714285714285,risk_off,all,0.04390408752959194,inverse_or_noise
drawdown_60,3,-0.34880991924608207,-0.34880991924608207,0.21314222525524454,-1.6365125156611797,-0.0011197604621571292,0.012546067604821796,-0.013665828066978926,0.14285714285714285,risk_off,all,0.04982998846372601,inverse_or_noise
volatility_20,5,0.2832755354716912,0.2832755354716912,0.2927599431548863,0.9676034652111635,0.02713394103670801,0.0007222378385301362,0.026411703198177875,0.8571428571428571,risk_off,all,0.24280760183287817,positive_candidate
volatility_60,5,0.20828947353801025,0.20828947353801025,0.32673315989606866,0.6374910756051377,0.014216633568711886,0.0007222378385301362,0.01349439573018175,0.7142857142857143,risk_off,all,0.14877819538429304,positive_candidate
atr_pct,5,0.1801803771117672,0.1801803771117672,0.36487632271908815,0.4938121930440658,0.009927850007562387,0.0007222378385301362,0.00920561216903225,0.7142857142857143,risk_off,all,0.12870026936554801,positive_candidate
volume_ratio_20,5,0.08814202428445665,0.08814202428445665,0.1686978051912227,0.5224847127355671,0.015745398745216726,0.010735118923146282,0.005010279822070444,0.7142857142857143,risk_off,all,0.0629585887746119,positive_candidate
trend_slope_60,5,-0.021784771661742808,-0.021784771661742808,0.3827242091295069,-0.056920286572128595,0.012582321768167893,0.02754032428343781,-0.014958002515269917,0.2857142857142857,risk_off,all,0.006224220474783659,weak_or_context_dependent
trend_slope_20,5,-0.029929822765642888,-0.029929822765642888,0.3172119293602669,-0.09435276543982277,0.008937464468601938,0.01019193285593958,-0.0012544683873376428,0.42857142857142855,risk_off,all,0.012827066899561236,weak_or_context_dependent
momentum_60d,5,-0.0890512470534435,-0.0890512470534435,0.34457421125590115,-0.2584385138077231,0.008809691306184933,0.025833611285841274,-0.01702391997965634,0.2857142857142857,risk_off,all,0.025443213443840998,inverse_or_noise
risk_adjusted_momentum,5,-0.09495264335842225,-0.09495264335842225,0.2982554255712332,-0.3183601544768695,0.0024151857659745054,0.007776764029648242,-0.005361578263673736,0.2857142857142857,risk_off,all,0.027129326673834928,inverse_or_noise
momentum_20d,5,-0.1390240948880254,-0.1390240948880254,0.3466824938681926,-0.4010127345538302,0.006120908021983925,0.016723221761467563,-0.010602313739483638,0.2857142857142857,risk_off,all,0.03972116996800725,inverse_or_noise
relative_strength_vs_510300,5,-0.1390240948880254,-0.1390240948880254,0.3466824938681926,-0.4010127345538302,0.006120908021983925,0.016723221761467563,-0.010602313739483638,0.2857142857142857,risk_off,all,0.03972116996800725,inverse_or_noise
relative_strength_vs_group,5,-0.1520271432313523,-0.1520271432313523,0.16812078978446268,-0.904273311029867,2.6206256914643673e-05,0.01724700094721096,-0.017220794690296318,0.14285714285714285,risk_off,all,0.021718163318764614,inverse_or_noise
ma_distance_60,5,-0.15650711970072156,-0.15650711970072156,0.29871959115466373,-0.5239265328924781,0.0018428838704135499,0.012688982183166433,-0.010846098312752883,0.2857142857142857,risk_off,all,0.044716319914491875,inverse_or_noise
amount_liquidity_20,5,-0.2265200983081099,-0.2265200983081099,0.15223303228450996,-1.4879825679670102,0.008091168694050131,0.022530114524835675,-0.014438945830785544,0.14285714285714285,risk_off,all,0.0323600140440157,inverse_or_noise
amount_liquidity_60,5,-0.23305604862307225,-0.23305604862307225,0.15141398463507313,-1.5391976453480622,0.007040532586597878,0.016634430170414126,-0.009593897583816248,0.14285714285714285,risk_off,all,0.03329372123186746,inverse_or_noise
momentum_10d,5,-0.268755682978224,-0.268755682978224,0.43602805770113157,-0.616372451798591,0.004770555142130599,0.023505602950644352,-0.018735047808513754,0.2857142857142857,risk_off,all,0.07678733799377828,inverse_or_noise
drawdown_20,5,-0.2730500415644975,-0.2730500415644975,0.4071879471116428,-0.6705749605344596,0.002782089092115736,0.019717413215218724,-0.016935324123102988,0.2857142857142857,risk_off,all,0.07801429758985644,inverse_or_noise
ma_distance_20,5,-0.28217685688997335,-0.28217685688997335,0.37907424584619115,-0.7443841410541676,0.001600635967212317,0.02223981505316524,-0.020639179085952922,0.14285714285714285,risk_off,all,0.040310979555710474,inverse_or_noise
drawdown_60,5,-0.3330299328419171,-0.3330299328419171,0.25203493066631394,-1.3213641932944522,-0.0006479463001814967,0.02028715121835891,-0.020935097518540408,0.14285714285714285,risk_off,all,0.04757570469170244,inverse_or_noise
momentum_5d,5,-0.36697166927665475,-0.36697166927665475,0.3362272013757185,-1.0914395616272008,-0.0034302751970521563,0.019464973836614063,-0.02289524903366622,0.14285714285714285,risk_off,all,0.05242452418237925,inverse_or_noise
volatility_20,10,0.45263539014982673,0.45263539014982673,0.1053481830982786,4.296565700877501,0.04273167463252558,0.0010518895975074355,0.041679785035018145,1.0,risk_off,all,0.45263539014982673,positive_candidate
atr_pct,10,0.397314032383485,0.397314032383485,0.15470690898119668,2.5681725205418924,0.029774292521190928,0.0010518895975074355,0.028722402923683492,1.0,risk_off,all,0.397314032383485,positive_candidate
volatility_60,10,0.3954350722510488,0.3954350722510488,0.14218562223680112,2.781118554958228,0.03416361141089698,0.0010518895975074355,0.03311172181338955,1.0,risk_off,all,0.3954350722510488,positive_candidate
trend_slope_60,10,0.12679618210306076,0.12679618210306076,0.28042407792293633,0.4521586842407511,0.030927418195826364,0.03430568426205515,-0.0033782660662287876,0.42857142857142855,risk_off,all,0.05434122090131175,weak_or_context_dependent
volume_ratio_20,10,0.0869722639009475,0.0869722639009475,0.12294397449104492,0.7074137977154988,0.03427206850833259,0.01853164794740738,0.015740420560925207,1.0,risk_off,all,0.0869722639009475,positive_candidate
momentum_60d,10,-0.020688195223370075,-0.020688195223370075,0.3121156162232543,-0.0662837555957852,0.025413429439040448,0.03748370536917596,-0.012070275930135512,0.42857142857142855,risk_off,all,0.008866369381444318,weak_or_context_dependent
amount_liquidity_60,10,-0.045517433887528984,-0.045517433887528984,0.09747853384052813,-0.4669482817826754,0.01690559037501057,0.018557221884342525,-0.0016516315093319557,0.2857142857142857,risk_off,all,0.013004981110722565,inverse_or_noise
amount_liquidity_20,10,-0.06600637742674548,-0.06600637742674548,0.08066308607879308,-0.8182971993195167,0.018227644343940273,0.030169948911932455,-0.011942304567992182,0.14285714285714285,risk_off,all,0.009429482489535068,inverse_or_noise
trend_slope_20,10,-0.15990481426732725,-0.15990481426732725,0.543166559755129,-0.2943937018866105,0.013106540294697653,0.025966240512764135,-0.012859700218066481,0.2857142857142857,risk_off,all,0.04568708979066492,inverse_or_noise
ma_distance_60,10,-0.24732576712560725,-0.24732576712560725,0.423925634462351,-0.5834178143987006,0.00790416738574497,0.031488754350800834,-0.023584586965055863,0.2857142857142857,risk_off,all,0.07066450489303064,inverse_or_noise
relative_strength_vs_group,10,-0.2616123141971122,-0.2616123141971122,0.1932391936176202,-1.3538263604783407,0.0026226214516539554,0.0366273037183046,-0.03400468226665065,0.14285714285714285,risk_off,all,0.037373187742444594,inverse_or_noise
momentum_20d,10,-0.27452405889607545,-0.27452405889607545,0.4279518156264201,-0.6414835709815537,0.009458969870710264,0.03600598637082842,-0.026547016500118155,0.2857142857142857,risk_off,all,0.0784354453988787,inverse_or_noise
relative_strength_vs_510300,10,-0.27452405889607545,-0.27452405889607545,0.4279518156264201,-0.6414835709815537,0.009458969870710264,0.03600598637082842,-0.026547016500118155,0.2857142857142857,risk_off,all,0.0784354453988787,inverse_or_noise
risk_adjusted_momentum,10,-0.28972249213767715,-0.28972249213767715,0.25567084968040765,-1.1331854706934112,-0.00032270773337623445,0.027031096428039348,-0.02735380416141558,0.14285714285714285,risk_off,all,0.04138892744823959,inverse_or_noise
momentum_5d,10,-0.400686961745507,-0.400686961745507,0.34273941436947697,-1.1690717348123898,0.0012118818312337129,0.03441316707836976,-0.033201285247136045,0.14285714285714285,risk_off,all,0.05724099453507243,inverse_or_noise
ma_distance_20,10,-0.4272311077750271,-0.4272311077750271,0.19091538307474165,-2.2378034755207232,0.0063274510795795135,0.044791211702844995,-0.03846376062326548,0.0,risk_off,all,0.0,inverse_or_noise
momentum_10d,10,-0.43072338020774764,-0.43072338020774764,0.19398958324185933,-2.2203428298040984,0.004483740544899964,0.04638617607955016,-0.041902435534650194,0.0,risk_off,all,0.0,inverse_or_noise
drawdown_20,10,-0.4575156201313681,-0.4575156201313681,0.10753011474869419,-4.254767338439244,0.0029501719232584455,0.04443009334520589,-0.041479921421947445,0.0,risk_off,all,0.0,inverse_or_noise
drawdown_60,10,-0.4644777746617389,-0.4644777746617389,0.11462787485530612,-4.052049078359392,0.0020300511802691782,0.045495874479059555,-0.043465823298790375,0.0,risk_off,all,0.0,inverse_or_noise
volatility_20,20,0.3483424148940889,0.3483424148940889,0.15463271021354744,2.2527084626081297,0.05480672962262861,0.002335609979124446,0.05247111964350416,1.0,risk_off,all,0.3483424148940889,positive_candidate
atr_pct,20,0.3465785562957301,0.3465785562957301,0.1340072122680277,2.5862679361058465,0.0446055760209756,0.002335609979124446,0.042269966041851154,1.0,risk_off,all,0.3465785562957301,positive_candidate
volatility_60,20,0.29900713821828034,0.29900713821828034,0.10047240073348843,2.9760126764704484,0.046761328231914874,0.002335609979124446,0.04442571825279043,1.0,risk_off,all,0.29900713821828034,positive_candidate
trend_slope_60,20,0.24430794498280756,0.24430794498280756,0.15181085692740476,1.6092916536241837,0.04859108097427183,0.02619957488001055,0.02239150609426128,1.0,risk_off,all,0.24430794498280756,positive_candidate
volume_ratio_20,20,0.10927149750531094,0.10927149750531094,0.16593641713407675,0.6585142634303083,0.04567463846649428,0.025463407350249878,0.0202112311162444,0.7142857142857143,risk_off,all,0.07805106964665068,positive_candidate
momentum_60d,20,0.0695793156968437,0.0695793156968437,0.22393621737451738,0.31071041796011606,0.038916010658292706,0.032799219719539544,0.006116790938753162,0.42857142857142855,risk_off,all,0.029819706727218724,positive_candidate
amount_liquidity_60,20,0.06625244989406734,0.06625244989406734,0.04966499702675209,1.3339867886910455,0.023544731925532133,0.02185114935303595,0.0016935825724961814,1.0,risk_off,all,0.06625244989406734,positive_candidate
amount_liquidity_20,20,0.04084736546898072,0.04084736546898072,0.045035000607866985,0.9070137652411902,0.02629809493138729,0.03602545851216675,-0.009727363580779459,0.7142857142857143,risk_off,all,0.029176689620700514,likely_trading_constraint_more_than_alpha
trend_slope_20,20,-0.19731056073516282,-0.19731056073516282,0.4794605850649406,-0.4115261334952863,0.023728103996816723,0.04152908424892572,-0.017800980252108998,0.42857142857142855,risk_off,all,0.08456166888649834,inverse_or_noise
ma_distance_60,20,-0.20885085469508277,-0.20885085469508277,0.4359080769211041,-0.47911673527646775,0.018655650868164703,0.044998099319073,-0.026342448450908294,0.42857142857142855,risk_off,all,0.08950750915503547,inverse_or_noise
risk_adjusted_momentum,20,-0.2605984560414898,-0.2605984560414898,0.3233180794331499,-0.8060126315805728,0.006371749823504803,0.0391893941989793,-0.0328176443754745,0.2857142857142857,risk_off,all,0.07445670172613994,inverse_or_noise
momentum_20d,20,-0.2709364747925764,-0.2709364747925764,0.4403869130245928,-0.615223719823496,0.018975715858325887,0.05337770863433868,-0.034401992776012795,0.2857142857142857,risk_off,all,0.07741042136930754,inverse_or_noise
relative_strength_vs_510300,20,-0.2709364747925764,-0.2709364747925764,0.4403869130245928,-0.615223719823496,0.018975715858325887,0.05337770863433868,-0.034401992776012795,0.2857142857142857,risk_off,all,0.07741042136930754,inverse_or_noise
relative_strength_vs_group,20,-0.27255998556778066,-0.27255998556778066,0.1442808077963846,-1.8890938422830932,0.013922868308567296,0.0528555612793424,-0.038932692970775104,0.0,risk_off,all,0.0,inverse_or_noise
momentum_5d,20,-0.28195006210987295,-0.28195006210987295,0.30533231879172157,-0.92342030226483,0.0037081776227389286,0.05014321236012253,-0.0464350347373836,0.14285714285714285,risk_off,all,0.04027858030141042,inverse_or_noise
drawdown_60,20,-0.3073487725952993,-0.3073487725952993,0.25401101970800755,-1.2099820430964174,0.003578888665277947,0.05643992217705816,-0.05286103351178022,0.14285714285714285,risk_off,all,0.043906967513614184,inverse_or_noise
momentum_10d,20,-0.32122316956182084,-0.32122316956182084,0.31588709597146786,-1.0168923443167015,0.012590768623767437,0.05947123072315864,-0.0468804620993912,0.14285714285714285,risk_off,all,0.04588902422311726,inverse_or_noise
ma_distance_20,20,-0.3269573228603554,-0.3269573228603554,0.3382754849738252,-0.966541583365565,0.010971409709471719,0.054538151536941464,-0.043566741827469745,0.14285714285714285,risk_off,all,0.04670818898005077,inverse_or_noise
drawdown_20,20,-0.34709946566520833,-0.34709946566520833,0.26846370765137645,-1.2929101989306773,0.003474101633368551,0.05697195875100062,-0.05349785711763207,0.14285714285714285,risk_off,all,0.04958563795217261,inverse_or_noise
risk_adjusted_momentum,1,0.10527777895743297,0.10527777895743297,0.3085813859407844,0.3411669781586741,0.0024818534692155237,-0.000743775015607525,0.003225628484823049,0.6724137931034483,risk_on,all,0.07079023067827389,positive_candidate
momentum_20d,1,0.09399509493008452,0.09399509493008452,0.42676759866038594,0.2202489018030728,0.0028988110569927454,-0.0011081201778654717,0.004006931234858217,0.603448275862069,risk_on,all,0.056721177975051,positive_candidate
relative_strength_vs_510300,1,0.09399509493008452,0.09399509493008452,0.42676759866038594,0.2202489018030728,0.0028988110569927454,-0.0011081201778654717,0.004006931234858217,0.603448275862069,risk_on,all,0.056721177975051,positive_candidate
trend_slope_20,1,0.08502038879307469,0.08502038879307469,0.42432414579584093,0.2003666056609028,0.002830828927116932,-0.000894764698821012,0.003725593625937944,0.5862068965517241,risk_on,all,0.0498395382580093,positive_candidate
ma_distance_20,1,0.07885731451173073,0.07885731451173073,0.41929595220058913,0.1880707745874107,0.0027311512050599545,-0.0010206614020462316,0.003751812607106186,0.6379310344827587,risk_on,all,0.05030552822300064,positive_candidate
ma_distance_60,1,0.06882842453751523,0.06882842453751523,0.42769414055970817,0.16092907994353606,0.0029285169784519123,-0.0004669096772507576,0.00339542665570267,0.603448275862069,risk_on,all,0.04153439411746608,positive_candidate
momentum_10d,1,0.0528048974135514,0.0528048974135514,0.4076866432719482,0.1295232460640801,0.001944176791086128,-0.0007744654408983427,0.0027186422319844705,0.5172413793103449,risk_on,all,0.027312877972526586,positive_candidate
drawdown_20,1,0.04776008060285779,0.04776008060285779,0.2778150654043297,0.17191321332177636,0.0002962852791478693,-0.00040035430226836253,0.0006966395814162318,0.5517241379310345,risk_on,all,0.026350389298128434,positive_candidate
amount_liquidity_60,1,0.044252345528729815,0.044252345528729815,0.2461067907078033,0.17980952659396368,0.00013228901717341946,0.0008314990306856059,-0.0006992100135121865,0.5689655172413793,risk_on,all,0.025178058662898,likely_trading_constraint_more_than_alpha
drawdown_60,1,0.04248376886054503,0.04248376886054503,0.2786591846876555,0.15245780937801992,0.0004506294390789224,-0.00027055320884619406,0.0007211826479251165,0.5862068965517241,risk_on,all,0.024904278297560877,positive_candidate
amount_liquidity_20,1,0.03927901371882638,0.03927901371882638,0.2356653088568411,0.16667287140971218,0.0004011231013598923,0.0003698890758984528,3.123402546143948e-05,0.5689655172413793,risk_on,all,0.022348404357263287,positive_candidate
momentum_5d,1,0.03228769329688564,0.03228769329688564,0.3677858117583776,0.08778939334967474,0.002027147166299547,-0.00021042429049162947,0.0022375714567911763,0.5,risk_on,all,0.01614384664844282,positive_candidate
momentum_60d,1,0.02911061515571562,0.02911061515571562,0.41817075178555035,0.06961418279833295,0.0018314787539782285,0.00016932066051949062,0.0016621580934587379,0.5172413793103449,risk_on,all,0.015057214735714978,weak_or_context_dependent
trend_slope_60,1,0.023621634924750827,0.023621634924750827,0.3985840335649289,0.05926387646158157,0.0015557743077566624,0.0001528065052407267,0.0014029678025159356,0.4827586206896552,risk_on,all,0.011403547894707296,weak_or_context_dependent
atr_pct,1,0.01719847847447848,0.01719847847447848,0.4144523736137448,0.04149687532132911,0.0015220003364000245,4.4531072953403705e-05,0.0014774692634466208,0.5517241379310345,risk_on,all,0.009488815710057092,weak_or_context_dependent
volatility_20,1,0.014249060356565537,0.014249060356565537,0.42245115381945025,0.03372948618494101,0.0017341774297463422,-9.517256863631341e-05,0.0018293499983826557,0.5,risk_on,all,0.007124530178282768,risk_control_candidate_not_alpha_by_default
volatility_60,1,0.009619719217102082,0.009619719217102082,0.38550345011370923,0.024953652721563507,0.0009897504199910582,-6.416507750594062e-05,0.0010539154974969988,0.5344827586206896,risk_on,all,0.005141574064313181,risk_control_candidate_not_alpha_by_default
relative_strength_vs_group,1,0.0055066583014590255,0.0055066583014590255,0.23718406809500736,0.023216813615209844,0.0012971727469490257,0.00010149970169688716,0.0011956730452521386,0.5,risk_on,all,0.0027533291507295127,weak_or_context_dependent
volume_ratio_20,1,0.0003589192101027481,0.0003589192101027481,0.17621009848716473,0.002036882183167794,0.001643917305937578,0.0006707506300044311,0.0009731666759331468,0.5172413793103449,risk_on,all,0.0001856478672945249,weak_or_context_dependent
risk_adjusted_momentum,3,0.14297047522610565,0.14297047522610565,0.2612472654641771,0.547261135813535,0.004911498592910345,-0.0017807166286701436,0.006692215221580489,0.7586206896551724,risk_on,all,0.108460360516356,positive_candidate
momentum_20d,3,0.13069197659497836,0.13069197659497836,0.3322790016800676,0.3933199989592306,0.007674956651861989,-0.002702081373657749,0.010377038025519737,0.7241379310344828,risk_on,all,0.09463901753429467,positive_candidate
relative_strength_vs_510300,3,0.13069197659497836,0.13069197659497836,0.3322790016800676,0.3933199989592306,0.007674956651861989,-0.002702081373657749,0.010377038025519737,0.7241379310344828,risk_on,all,0.09463901753429467,positive_candidate
trend_slope_20,3,0.12921034995758987,0.12921034995758987,0.34125616107666196,0.37863155217456496,0.008710945200969737,-0.002031252706364454,0.01074219790733419,0.6896551724137931,risk_on,all,0.0891105861776482,positive_candidate
ma_distance_20,3,0.118511800486831,0.118511800486831,0.3195065379979643,0.3709213627659353,0.00530489962557632,-0.0026491848333112956,0.007954084458887616,0.6896551724137931,risk_on,all,0.0817322761978145,positive_candidate
ma_distance_60,3,0.10083561452889397,0.10083561452889397,0.3516349971058551,0.28676216917777025,0.006484805979080954,-0.00030109804047347757,0.006785904019554432,0.6551724137931034,risk_on,all,0.0660647129672064,positive_candidate
drawdown_60,3,0.07961146010163925,0.07961146010163925,0.27848450713546274,0.2858739285733909,0.0009797438972386529,0.00025917479202702647,0.0007205691052116264,0.5689655172413793,risk_on,all,0.04529617557507061,positive_candidate
drawdown_20,3,0.07938392169510702,0.07938392169510702,0.2651352089256742,0.29940920339011196,0.0007003420466600407,3.789500095232468e-05,0.000662447045707716,0.6206896551724138,risk_on,all,0.049272778983169875,positive_candidate
momentum_10d,3,0.07920874937110897,0.07920874937110897,0.31513919688059444,0.25134527902322795,0.004353813356467665,-0.001947399173802865,0.00630121253027053,0.6551724137931034,risk_on,all,0.051895387519002426,positive_candidate
amount_liquidity_60,3,0.06611932300276786,0.06611932300276786,0.23878658615508674,0.2768971409467062,0.0003746574971725582,0.0012393842834118273,-0.0008647267862392691,0.5862068965517241,risk_on,all,0.038759603139553574,likely_trading_constraint_more_than_alpha
amount_liquidity_20,3,0.06192765872996713,0.06192765872996713,0.2272232089730395,0.27254107980367,0.0006221682628489305,-7.845454955488394e-05,0.0007006228124038145,0.6206896551724138,risk_on,all,0.03843785714273822,positive_candidate
momentum_5d,3,0.06071774258863733,0.06071774258863733,0.31552259235051044,0.19243548341916095,0.00412564475242689,2.7032913162155258e-05,0.004098611839264735,0.6206896551724138,risk_on,all,0.03768687471018869,positive_candidate
momentum_60d,3,0.0521403177593939,0.0521403177593939,0.37891339121604667,0.1376048431333081,0.004706060818015239,0.0009349103400484573,0.003771150477966781,0.5172413793103449,risk_on,all,0.026969129875548573,positive_candidate
atr_pct,3,0.04735331512665764,0.04735331512665764,0.36127919609226544,0.1310712480509514,0.004258165081443785,0.00020631975746727358,0.0040518453239765115,0.5689655172413793,risk_on,all,0.0269424034341328,positive_candidate
volatility_20,3,0.03877280017512637,0.03877280017512637,0.3635085498715036,0.1066626911219341,0.004575774152627375,-0.00026580622206317194,0.004841580374690547,0.5689655172413793,risk_on,all,0.022060386306537418,positive_candidate
volatility_60,3,0.034626343323892625,0.034626343323892625,0.3231416069558936,0.10715532317266362,0.0024311708962017477,-0.00011716567280292133,0.002548336569004669,0.5517241379310345,risk_on,all,0.019104189420078688,positive_candidate
trend_slope_60,3,0.03388622038378551,0.03388622038378551,0.3729346444857388,0.0908636965882137,0.00234584474652906,0.0005509419743748586,0.0017949027721542014,0.5344827586206896,risk_on,all,0.018111600549954324,positive_candidate
relative_strength_vs_group,3,0.029758076505198357,0.029758076505198357,0.2394763667302378,0.12426310333461775,0.00264324029576106,9.171030643013291e-05,0.002551529989330927,0.6206896551724138,risk_on,all,0.018470530244605876,weak_or_context_dependent
volume_ratio_20,3,-0.008006307603655121,-0.008006307603655121,0.2177411028890175,-0.03676984959397368,0.00166567472649808,0.0021570606958158135,-0.0004913859693177335,0.5862068965517241,risk_on,all,0.00469335273317714,weak_or_context_dependent
trend_slope_20,5,0.17978322314321502,0.17978322314321502,0.35506247503455685,0.5063425052892943,0.01684107122950836,-0.004476186247434342,0.0213172574769427,0.7413793103448276,risk_on,all,0.133287561985487,positive_candidate
momentum_20d,5,0.17292920558775504,0.17292920558775504,0.35029875030359797,0.4936620682713833,0.015158521545097082,-0.00490628496614412,0.0200648065112412,0.8103448275862069,risk_on,all,0.14013228728662908,positive_candidate
relative_strength_vs_510300,5,0.17292920558775504,0.17292920558775504,0.35029875030359797,0.4936620682713833,0.015158521545097082,-0.00490628496614412,0.0200648065112412,0.8103448275862069,risk_on,all,0.14013228728662908,positive_candidate
risk_adjusted_momentum,5,0.17028530448540985,0.17028530448540985,0.29537239385357666,0.5765105610032888,0.009721601662586893,-0.0037133981477250255,0.013434999810311918,0.7586206896551724,risk_on,all,0.12918195512686265,positive_candidate
ma_distance_20,5,0.14105669078786354,0.14105669078786354,0.3259256957526827,0.4327878796488003,0.010620674634913162,-0.004118686474638231,0.014739361109551393,0.7413793103448276,risk_on,all,0.10457651213582987,positive_candidate
ma_distance_60,5,0.11421510803798407,0.11421510803798407,0.3403473863182474,0.33558391405181925,0.012469592646466365,-0.0013835406573228415,0.013853133303789206,0.6896551724137931,risk_on,all,0.07876904002619592,positive_candidate
momentum_10d,5,0.10737553067368744,0.10737553067368744,0.3200119119781012,0.33553604304903273,0.009352503540686743,-0.0034526127401288327,0.012805116280815576,0.6551724137931034,risk_on,all,0.07034948561379521,positive_candidate
drawdown_60,5,0.09918128731498739,0.09918128731498739,0.31971646005392174,0.31021639392060074,0.005961155033872562,-6.506808517055084e-05,0.006026223119043113,0.603448275862069,risk_on,all,0.05985077682800963,positive_candidate
amount_liquidity_60,5,0.08906447762130378,0.08906447762130378,0.22270437992944678,0.39992243371917335,0.00121174357238807,0.00207496798384515,-0.0008632244114570799,0.6724137931034483,risk_on,all,0.05988818322811806,likely_trading_constraint_more_than_alpha
amount_liquidity_20,5,0.08175248136764166,0.08175248136764166,0.21145211037041006,0.3866240976476054,0.0015335792607792877,-0.00023071813143476193,0.0017642973922140496,0.6551724137931034,risk_on,all,0.0535619705512135,positive_candidate
volatility_60,5,0.07529921093314171,0.07529921093314171,0.3132032760757914,0.24041642180945838,0.006914919121218108,-7.948529702841506e-05,0.0069944044182465226,0.6551724137931034,risk_on,all,0.0493339657837825,positive_candidate
momentum_60d,5,0.07411559092743189,0.07411559092743189,0.38204830980177873,0.1939953378301448,0.009366235099692406,0.0008663382653117987,0.008499896834380608,0.603448275862069,risk_on,all,0.044724925559657173,positive_candidate
atr_pct,5,0.07409555899535035,0.07409555899535035,0.35528522948520097,0.20855232035036436,0.008172276140079792,0.000581082061235062,0.00759119407884473,0.603448275862069,risk_on,all,0.04471283732478038,positive_candidate
drawdown_20,5,0.07221544677440218,0.07221544677440218,0.2984419529123534,0.24197484994882892,0.004916569053429852,-4.1303724855378446e-05,0.00495787277828523,0.6379310344827587,risk_on,all,0.046068474666428987,positive_candidate
trend_slope_60,5,0.07093728676914018,0.07093728676914018,0.3624995039427642,0.19568933473724318,0.0077208226756002515,6.995462739208961e-06,0.0077138272128610425,0.6206896551724138,risk_on,all,0.04403004006360425,positive_candidate
volatility_20,5,0.06932298150818562,0.06932298150818562,0.3500309998821986,0.1980481201136927,0.01033156373428632,-0.0002874566636691816,0.010619020397955502,0.5517241379310345,risk_on,all,0.03824716221141276,positive_candidate
relative_strength_vs_group,5,0.041276619671640154,0.041276619671640154,0.25524369390544394,0.16171455223858044,0.005965849361036802,-0.00010004230656424743,0.006065891667601049,0.6206896551724138,risk_on,all,0.0256199708306732,positive_candidate
momentum_5d,5,0.026506443491583674,0.026506443491583674,0.3658321034897081,0.07245521439681243,0.006540109827774669,0.0006470043130756596,0.005893105514699009,0.5862068965517241,risk_on,all,0.015538259977824912,weak_or_context_dependent
volume_ratio_20,5,-0.007112187985626528,-0.007112187985626528,0.21669772045283694,-0.032820778966959445,0.003138441030666134,0.003266286733846806,-0.0001278457031806718,0.603448275862069,risk_on,all,0.004291837577533249,weak_or_context_dependent
risk_adjusted_momentum,10,0.30410544350111285,0.30410544350111285,0.25870951190244873,1.1754706708108262,0.02138480390630337,-0.009204186630795136,0.030588990537098508,0.8793103448275862,risk_on,all,0.26740306238890954,positive_candidate
trend_slope_20,10,0.29400486813637017,0.29400486813637017,0.2554098033932394,1.151110349839267,0.032016474029243305,-0.009823433618125951,0.04183990764736926,0.8793103448275862,risk_on,all,0.25852152198198064,positive_candidate
momentum_20d,10,0.29099171793522477,0.29099171793522477,0.27239510156361463,1.0682707444622206,0.0323070137803918,-0.010285749483053205,0.04259276326344501,0.8793103448275862,risk_on,all,0.2558720278395942,positive_candidate
relative_strength_vs_510300,10,0.29099171793522477,0.29099171793522477,0.27239510156361463,1.0682707444622206,0.0323070137803918,-0.010285749483053205,0.04259276326344501,0.8793103448275862,risk_on,all,0.2558720278395942,positive_candidate
ma_distance_20,10,0.26703297210508287,0.26703297210508287,0.28158678292823114,0.9483150072890401,0.02490992443803364,-0.010260440399980215,0.035170364838013855,0.8620689655172413,risk_on,all,0.23020083802162314,positive_candidate
momentum_10d,10,0.24972104215838115,0.24972104215838115,0.27128544204944344,0.9205102945143218,0.02384839097432437,-0.008992105921852315,0.032840496896176685,0.8448275862068966,risk_on,all,0.2109712252717358,positive_candidate
ma_distance_60,10,0.22563036005324838,0.22563036005324838,0.2868036131286505,0.7867068255937144,0.025980016753048382,-0.006962912840680451,0.03294292959372883,0.7931034482758621,risk_on,all,0.17894821659395563,positive_candidate
momentum_60d,10,0.19799160206944064,0.19799160206944064,0.305373930188536,0.6483579064761744,0.01952894876776495,-0.004473299959796533,0.024002248727561484,0.7586206896551724,risk_on,all,0.1502005257078515,positive_candidate
trend_slope_60,10,0.19728110687423173,0.19728110687423173,0.28660380678185987,0.6883408461646376,0.017800340380271056,-0.0053692220205609105,0.023169562400831966,0.8275862068965517,risk_on,all,0.16326712293039866,positive_candidate
drawdown_60,10,0.1620842311060526,0.1620842311060526,0.30607346199085456,0.5295598973258768,0.011176983522653686,-0.0025309147656081307,0.013707898288261817,0.7413793103448276,risk_on,all,0.12016589547517693,positive_candidate
amount_liquidity_60,10,0.12427058652819561,0.12427058652819561,0.2038243066020814,0.609694636522446,0.00439887037866123,0.00339818774178086,0.0010006826368803702,0.6896551724137931,risk_on,all,0.08570385277806594,positive_candidate
momentum_5d,10,0.11707147277922633,0.11707147277922633,0.3599726669914838,0.32522322807913634,0.014963118523980534,-0.002569414550945649,0.017532533074926183,0.6896551724137931,risk_on,all,0.08073894674429402,positive_candidate
drawdown_20,10,0.11678622672975944,0.11678622672975944,0.266247713416307,0.4386374824829072,0.008921662975605654,-0.004489713328080961,0.013411376303686615,0.7241379310344828,risk_on,all,0.084569336597412,positive_candidate
amount_liquidity_20,10,0.11669167319316245,0.11669167319316245,0.20256718268243434,0.5760640576025615,0.004261191337443963,-0.0005253805495669939,0.004786571887010957,0.6896551724137931,risk_on,all,0.08047701599528445,positive_candidate
volatility_20,10,0.10614871951599363,0.10614871951599363,0.28771513895919637,0.36893685851910485,0.022793136500488465,-0.00041285260328619515,0.02320598910377466,0.6551724137931034,risk_on,all,0.06954571278634065,positive_candidate
atr_pct,10,0.09613188444414418,0.09613188444414418,0.2996572604702249,0.3208061246148121,0.01835802313127336,0.001335317319621002,0.01702270581165236,0.6724137931034483,risk_on,all,0.06464040505726937,positive_candidate
volatility_60,10,0.09067488386598806,0.09067488386598806,0.2863889507256168,0.3166144630798335,0.015474477861602831,-8.936369577551879e-07,0.015475371498560587,0.6724137931034483,risk_on,all,0.060971042599543696,positive_candidate
relative_strength_vs_group,10,0.08008414544512371,0.08008414544512371,0.2469222786058251,0.3243293634632548,0.01456121518580892,-0.0009543102915417925,0.015515525477350712,0.6724137931034483,risk_on,all,0.05384968400620387,positive_candidate
volume_ratio_20,10,0.0016057513065832196,0.0016057513065832196,0.20818463814031357,0.007713111404026677,0.005671882748760756,0.004109099265106506,0.0015627834836542502,0.5689655172413793,risk_on,all,0.0009136171227111423,weak_or_context_dependent
risk_adjusted_momentum,20,0.28479625091046495,0.28479625091046495,0.1869128018088883,1.5236850989032789,0.030230813040411454,-0.011985256473296806,0.04221606951370826,0.9482758620689655,risk_on,all,0.2700654103461306,positive_candidate
trend_slope_60,20,0.238662011932435,0.238662011932435,0.2670967937358193,0.8935412836460005,0.023187765754514783,-0.01784417374470764,0.041031939499222424,0.8448275862068966,risk_on,all,0.2016282514601606,positive_candidate
ma_distance_20,20,0.22533726417049915,0.22533726417049915,0.288459504582027,0.7811746903504153,0.029894187171204286,-0.014745168794678626,0.044639355965882914,0.7413793103448276,risk_on,all,0.1670603855057149,positive_candidate
momentum_60d,20,0.21843609183148208,0.21843609183148208,0.26716731697012336,0.8176003498807799,0.02704776106572896,-0.010351479035891271,0.03739924010162023,0.8448275862068966,risk_on,all,0.184540836202459,positive_candidate
momentum_10d,20,0.21667157217375857,0.21667157217375857,0.3271112730645609,0.6623787989446478,0.029382567484553198,-0.014309641337833306,0.0436922088223865,0.7068965517241379,risk_on,all,0.1531643872262776,positive_candidate
momentum_20d,20,0.2130780920329158,0.2130780920329158,0.27120511105457057,0.7856713732435568,0.03656226736369304,-0.012253503408108709,0.048815770771801756,0.7413793103448276,risk_on,all,0.15797168892095484,positive_candidate
relative_strength_vs_510300,20,0.2130780920329158,0.2130780920329158,0.27120511105457057,0.7856713732435568,0.03656226736369304,-0.012253503408108709,0.048815770771801756,0.7413793103448276,risk_on,all,0.15797168892095484,positive_candidate
trend_slope_20,20,0.2123016162783936,0.2123016162783936,0.29372153466032036,0.7227989480713891,0.03542087235890588,-0.012706875854573096,0.04812774821347898,0.6896551724137931,risk_on,all,0.1464149077782025,positive_candidate
ma_distance_60,20,0.20244004880147973,0.20244004880147973,0.29106910922291557,0.695505096167525,0.032570488543577,-0.011616448899909699,0.044186937443486694,0.7068965517241379,risk_on,all,0.14310417242863221,positive_candidate
drawdown_60,20,0.18568561779845338,0.18568561779845338,0.22087721113443548,0.8406734983874685,0.018054430472605625,-0.004220450691988602,0.022274881164594227,0.8275862068965517,risk_on,all,0.15367085610906486,positive_candidate
drawdown_20,20,0.1454673702730792,0.1454673702730792,0.2314468172145744,0.6285131591946514,0.01209701719835793,-0.007056519886304984,0.019153537084662914,0.7586206896551724,risk_on,all,0.11035455675888767,positive_candidate
momentum_5d,20,0.13357990079738682,0.13357990079738682,0.3299216102501452,0.40488375616288697,0.016267132455049252,-0.007702503411281369,0.02396963586633062,0.6379310344827587,risk_on,all,0.08521476430178125,positive_candidate
amount_liquidity_60,20,0.11604826556532229,0.11604826556532229,0.20186837831026394,0.5748709457949901,0.003197892058552544,0.003322731445728606,-0.00012483938717606233,0.7241379310344828,risk_on,all,0.08403495092661269,likely_trading_constraint_more_than_alpha
amount_liquidity_20,20,0.10044706362200884,0.10044706362200884,0.1860070708575112,0.5400174475031397,0.005282944868986227,-0.0021661108344520987,0.007449055703438326,0.7068965517241379,risk_on,all,0.07100568290521314,positive_candidate
volatility_60,20,0.025717352038781963,0.025717352038781963,0.33108259722331096,0.0776765443259947,0.013872029438491995,0.00012836757584722057,0.013743661862644774,0.5172413793103449,risk_on,all,0.013302078640749292,risk_control_candidate_not_alpha_by_default
relative_strength_vs_group,20,0.020294940030633774,0.020294940030633774,0.2648163501571866,0.07663779075041002,0.017548747990085434,0.008601416009243593,0.008947331980841841,0.5,risk_on,all,0.010147470015316887,weak_or_context_dependent
volume_ratio_20,20,0.016585734800980866,0.016585734800980866,0.25325977196562377,0.06548902209085196,0.010229982922224835,0.0035034641254486783,0.006726518796776156,0.5862068965517241,risk_on,all,0.00972267212471292,weak_or_context_dependent
volatility_20,20,0.001367820000426488,0.001367820000426488,0.3293637519653277,0.0041529160153922435,0.02197320743013043,-0.00011490662793514965,0.02208811405806558,0.43103448275862066,risk_on,all,0.0005895775863907275,risk_control_candidate_not_alpha_by_default
atr_pct,20,0.00037686903083614874,0.00037686903083614874,0.34175143106447775,0.0011027577255851941,0.017150602796516756,0.0022818158658188337,0.014868786930697923,0.4482758620689655,risk_on,all,0.00016894128968517012,weak_or_context_dependent
