date,strategy,initial_cash,symbol,name,group,etf_type,quantity,avg_cost,close,market_value,holding_days
2025-05-30,original_baseline_v2,20000.0,512200,房地产ETF,金融地产,sector,2900,1.336,1.345,3900.5,0
2025-05-30,original_baseline_v2,20000.0,588000,科创50ETF,宽基,broad_index,3800,1.028,1.03,3914.0,0
2025-05-30,original_baseline_v2,20000.0,159770,机器人ETF,科技与新质生产力,theme,4600,0.852,0.858,3946.8,0
2025-06-03,original_baseline_v2,20000.0,512200,房地产ETF,金融地产,sector,2900,1.336,1.341,3888.9,0
2025-06-03,original_baseline_v2,20000.0,588000,科创50ETF,宽基,broad_index,3800,1.028,1.034,3929.2,0
2025-06-03,original_baseline_v2,20000.0,159770,机器人ETF,科技与新质生产力,theme,4600,0.852,0.857,3942.2,0
2025-06-04,original_baseline_v2,20000.0,512200,房地产ETF,金融地产,sector,2900,1.336,1.354,3926.6,1
2025-06-04,original_baseline_v2,20000.0,588000,科创50ETF,宽基,broad_index,3800,1.028,1.04,3952.0,1
2025-06-04,original_baseline_v2,20000.0,159770,机器人ETF,科技与新质生产力,theme,4600,0.852,0.863,3969.8,1
2025-06-05,original_baseline_v2,20000.0,512200,房地产ETF,金融地产,sector,2900,1.336,1.355,3929.5,2
2025-06-05,original_baseline_v2,20000.0,588000,科创50ETF,宽基,broad_index,3800,1.028,1.051,3993.8,2
2025-06-05,original_baseline_v2,20000.0,159770,机器人ETF,科技与新质生产力,theme,4600,0.852,0.876,4029.6,2
2025-06-06,original_baseline_v2,20000.0,512200,房地产ETF,金融地产,sector,2900,1.336,1.355,3929.5,3
2025-06-06,original_baseline_v2,20000.0,588000,科创50ETF,宽基,broad_index,3800,1.028,1.047,3978.6,3
2025-06-06,original_baseline_v2,20000.0,159770,机器人ETF,科技与新质生产力,theme,4600,0.852,0.87,4002.0,3
2025-06-09,original_baseline_v2,20000.0,512200,房地产ETF,金融地产,sector,2900,1.336,1.359,3941.1,4
2025-06-09,original_baseline_v2,20000.0,588000,科创50ETF,宽基,broad_index,3800,1.028,1.053,4001.4,4
2025-06-09,original_baseline_v2,20000.0,159770,机器人ETF,科技与新质生产力,theme,4600,0.852,0.875,4025.0,4
2025-06-10,original_baseline_v2,20000.0,512200,房地产ETF,金融地产,sector,2900,1.336,1.351,3917.9,5
2025-06-10,original_baseline_v2,20000.0,588000,科创50ETF,宽基,broad_index,3800,1.028,1.032,3921.6,5
2025-06-10,original_baseline_v2,20000.0,159770,机器人ETF,科技与新质生产力,theme,4600,0.852,0.861,3960.6,5
2025-06-11,original_baseline_v2,20000.0,512200,房地产ETF,金融地产,sector,2900,1.336,1.361,3946.9,6
2025-06-11,original_baseline_v2,20000.0,588000,科创50ETF,宽基,broad_index,3800,1.028,1.031,3917.8,6
2025-06-11,original_baseline_v2,20000.0,159770,机器人ETF,科技与新质生产力,theme,4600,0.852,0.863,3969.8,6
2025-06-12,original_baseline_v2,20000.0,512200,房地产ETF,金融地产,sector,2900,1.336,1.353,3923.7,7
2025-06-12,original_baseline_v2,20000.0,588000,科创50ETF,宽基,broad_index,3800,1.028,1.027,3902.6,7
2025-06-12,original_baseline_v2,20000.0,159770,机器人ETF,科技与新质生产力,theme,4600,0.852,0.862,3965.2,7
2025-06-13,original_baseline_v2,20000.0,512200,房地产ETF,金融地产,sector,2900,1.336,1.332,3862.8,8
2025-06-13,original_baseline_v2,20000.0,588000,科创50ETF,宽基,broad_index,3800,1.028,1.022,3883.6,8
2025-06-13,original_baseline_v2,20000.0,159770,机器人ETF,科技与新质生产力,theme,4600,0.852,0.849,3905.4,8
2025-06-16,original_baseline_v2,20000.0,512200,房地产ETF,金融地产,sector,2900,1.336,1.359,3941.1,9
2025-06-16,original_baseline_v2,20000.0,588000,科创50ETF,宽基,broad_index,3800,1.028,1.021,3879.8,9
2025-06-16,original_baseline_v2,20000.0,159770,机器人ETF,科技与新质生产力,theme,4600,0.852,0.851,3914.6,9
2025-06-17,original_baseline_v2,20000.0,512200,房地产ETF,金融地产,sector,2900,1.336,1.354,3926.6,10
2025-06-17,original_baseline_v2,20000.0,588000,科创50ETF,宽基,broad_index,3800,1.028,1.012,3845.6,10
2025-06-17,original_baseline_v2,20000.0,159770,机器人ETF,科技与新质生产力,theme,4600,0.852,0.847,3896.2,10
2025-06-18,original_baseline_v2,20000.0,512200,房地产ETF,金融地产,sector,2900,1.336,1.337,3877.3,11
2025-06-18,original_baseline_v2,20000.0,588000,科创50ETF,宽基,broad_index,3800,1.028,1.018,3868.4,11
2025-06-18,original_baseline_v2,20000.0,159770,机器人ETF,科技与新质生产力,theme,4600,0.852,0.852,3919.2,11
2025-06-19,original_baseline_v2,20000.0,512200,房地产ETF,金融地产,sector,2900,1.336,1.31,3799.0,12
2025-06-19,original_baseline_v2,20000.0,588000,科创50ETF,宽基,broad_index,3800,1.028,1.012,3845.6,12
2025-06-19,original_baseline_v2,20000.0,159770,机器人ETF,科技与新质生产力,theme,4600,0.852,0.846,3891.6,12
2025-06-20,original_baseline_v2,20000.0,512200,房地产ETF,金融地产,sector,2900,1.336,1.31,3799.0,13
2025-06-20,original_baseline_v2,20000.0,588000,科创50ETF,宽基,broad_index,3800,1.028,1.006,3822.8,13
2025-06-20,original_baseline_v2,20000.0,159770,机器人ETF,科技与新质生产力,theme,4600,0.852,0.829,3813.4,13
2025-06-23,original_baseline_v2,20000.0,512200,房地产ETF,金融地产,sector,2900,1.336,1.316,3816.4,14
2025-06-23,original_baseline_v2,20000.0,588000,科创50ETF,宽基,broad_index,3800,1.028,1.012,3845.6,14
2025-06-23,original_baseline_v2,20000.0,159770,机器人ETF,科技与新质生产力,theme,4600,0.852,0.833,3831.8,14
2025-06-24,original_baseline_v2,20000.0,512200,房地产ETF,金融地产,sector,2900,1.336,1.332,3862.8,15
2025-06-24,original_baseline_v2,20000.0,588000,科创50ETF,宽基,broad_index,3800,1.028,1.029,3910.2,15
2025-06-24,original_baseline_v2,20000.0,159770,机器人ETF,科技与新质生产力,theme,4600,0.852,0.863,3969.8,15
2025-06-25,original_baseline_v2,20000.0,512200,房地产ETF,金融地产,sector,2900,1.336,1.354,3926.6,16
2025-06-25,original_baseline_v2,20000.0,588000,科创50ETF,宽基,broad_index,3800,1.028,1.048,3982.4,16
2025-06-25,original_baseline_v2,20000.0,159770,机器人ETF,科技与新质生产力,theme,4600,0.852,0.877,4034.2,16
2025-06-26,original_baseline_v2,20000.0,512200,房地产ETF,金融地产,sector,2900,1.336,1.349,3912.1,17
2025-06-26,original_baseline_v2,20000.0,588000,科创50ETF,宽基,broad_index,3800,1.028,1.041,3955.8,17
2025-06-26,original_baseline_v2,20000.0,159770,机器人ETF,科技与新质生产力,theme,4600,0.852,0.87,4002.0,17
2025-06-27,original_baseline_v2,20000.0,512200,房地产ETF,金融地产,sector,2900,1.336,1.351,3917.9,18
2025-06-27,original_baseline_v2,20000.0,588000,科创50ETF,宽基,broad_index,3800,1.028,1.041,3955.8,18
2025-06-27,original_baseline_v2,20000.0,159770,机器人ETF,科技与新质生产力,theme,4600,0.852,0.869,3997.4,18
2025-06-30,original_baseline_v2,20000.0,512200,房地产ETF,金融地产,sector,2900,1.336,1.359,3941.1,19
2025-06-30,original_baseline_v2,20000.0,588000,科创50ETF,宽基,broad_index,3800,1.028,1.056,4012.8,19
2025-06-30,original_baseline_v2,20000.0,159770,机器人ETF,科技与新质生产力,theme,4600,0.852,0.883,4061.8,19
2025-07-01,original_baseline_v2,20000.0,512690,酒ETF,消费医药,sector,7200,0.552,0.552,3974.4,0
2025-07-01,original_baseline_v2,20000.0,512010,医药ETF,消费医药,sector,10700,0.371,0.37,3959.0,0
2025-07-01,original_baseline_v2,20000.0,159905,深红利ETF,防御风格,sector,2400,1.629,1.629,3909.6,0
2025-07-02,original_baseline_v2,20000.0,512690,酒ETF,消费医药,sector,7200,0.552,0.554,3988.8,0
2025-07-02,original_baseline_v2,20000.0,512010,医药ETF,消费医药,sector,10700,0.371,0.368,3937.6,0
2025-07-02,original_baseline_v2,20000.0,159905,深红利ETF,防御风格,sector,2400,1.629,1.635,3924.0,0
2025-07-03,original_baseline_v2,20000.0,512690,酒ETF,消费医药,sector,7200,0.552,0.555,3996.0,1
2025-07-03,original_baseline_v2,20000.0,512010,医药ETF,消费医药,sector,10700,0.371,0.37,3959.0,1
2025-07-03,original_baseline_v2,20000.0,159905,深红利ETF,防御风格,sector,2400,1.629,1.64,3936.0,1
2025-07-04,original_baseline_v2,20000.0,512690,酒ETF,消费医药,sector,7200,0.552,0.555,3996.0,2
2025-07-04,original_baseline_v2,20000.0,512010,医药ETF,消费医药,sector,10700,0.371,0.371,3969.7,2
2025-07-04,original_baseline_v2,20000.0,159905,深红利ETF,防御风格,sector,2400,1.629,1.644,3945.6,2
2025-07-07,original_baseline_v2,20000.0,512690,酒ETF,消费医药,sector,7200,0.552,0.554,3988.8,3
2025-07-07,original_baseline_v2,20000.0,512010,医药ETF,消费医药,sector,10700,0.371,0.367,3926.9,3
2025-07-07,original_baseline_v2,20000.0,159905,深红利ETF,防御风格,sector,2400,1.629,1.635,3924.0,3
2025-07-08,original_baseline_v2,20000.0,512690,酒ETF,消费医药,sector,7200,0.552,0.559,4024.8,4
2025-07-08,original_baseline_v2,20000.0,512010,医药ETF,消费医药,sector,10700,0.371,0.369,3948.3,4
2025-07-08,original_baseline_v2,20000.0,159905,深红利ETF,防御风格,sector,2400,1.629,1.642,3940.8,4
2025-07-09,original_baseline_v2,20000.0,512690,酒ETF,消费医药,sector,7200,0.552,0.562,4046.4,5
2025-07-09,original_baseline_v2,20000.0,512010,医药ETF,消费医药,sector,10700,0.371,0.374,4001.8,5
2025-07-09,original_baseline_v2,20000.0,159905,深红利ETF,防御风格,sector,2400,1.629,1.64,3936.0,5
2025-07-10,original_baseline_v2,20000.0,512690,酒ETF,消费医药,sector,7200,0.552,0.565,4068.0,6
2025-07-10,original_baseline_v2,20000.0,512010,医药ETF,消费医药,sector,10700,0.371,0.375,4012.5,6
2025-07-10,original_baseline_v2,20000.0,159905,深红利ETF,防御风格,sector,2400,1.629,1.646,3950.4,6
2025-07-11,original_baseline_v2,20000.0,512690,酒ETF,消费医药,sector,7200,0.552,0.57,4104.0,7
2025-07-11,original_baseline_v2,20000.0,512010,医药ETF,消费医药,sector,10700,0.371,0.381,4076.7,7
2025-07-11,original_baseline_v2,20000.0,159905,深红利ETF,防御风格,sector,2400,1.629,1.66,3984.0,7
2025-07-14,original_baseline_v2,20000.0,512690,酒ETF,消费医药,sector,7200,0.552,0.57,4104.0,8
2025-07-14,original_baseline_v2,20000.0,512010,医药ETF,消费医药,sector,10700,0.371,0.38,4066.0,8
2025-07-14,original_baseline_v2,20000.0,159905,深红利ETF,防御风格,sector,2400,1.629,1.662,3988.8,8
2025-07-15,original_baseline_v2,20000.0,512690,酒ETF,消费医药,sector,7200,0.552,0.562,4046.4,9
2025-07-15,original_baseline_v2,20000.0,512010,医药ETF,消费医药,sector,10700,0.371,0.381,4076.7,9
2025-07-15,original_baseline_v2,20000.0,159905,深红利ETF,防御风格,sector,2400,1.629,1.658,3979.2,9
2025-07-16,original_baseline_v2,20000.0,512690,酒ETF,消费医药,sector,7200,0.552,0.567,4082.4,10
2025-07-16,original_baseline_v2,20000.0,512010,医药ETF,消费医药,sector,10700,0.371,0.381,4076.7,10
2025-07-16,original_baseline_v2,20000.0,159905,深红利ETF,防御风格,sector,2400,1.629,1.657,3976.8,10
2025-07-17,original_baseline_v2,20000.0,512690,酒ETF,消费医药,sector,7200,0.552,0.568,4089.6,11
2025-07-17,original_baseline_v2,20000.0,512010,医药ETF,消费医药,sector,10700,0.371,0.387,4140.9,11
2025-07-17,original_baseline_v2,20000.0,159905,深红利ETF,防御风格,sector,2400,1.629,1.662,3988.8,11
2025-07-18,original_baseline_v2,20000.0,512690,酒ETF,消费医药,sector,7200,0.552,0.575,4140.0,12
2025-07-18,original_baseline_v2,20000.0,512010,医药ETF,消费医药,sector,10700,0.371,0.391,4183.7,12
2025-07-18,original_baseline_v2,20000.0,159905,深红利ETF,防御风格,sector,2400,1.629,1.675,4020.0,12
2025-07-21,original_baseline_v2,20000.0,512690,酒ETF,消费医药,sector,7200,0.552,0.575,4140.0,13
2025-07-21,original_baseline_v2,20000.0,512010,医药ETF,消费医药,sector,10700,0.371,0.39,4173.0,13
2025-07-21,original_baseline_v2,20000.0,159905,深红利ETF,防御风格,sector,2400,1.629,1.688,4051.2,13
2025-07-22,original_baseline_v2,20000.0,512690,酒ETF,消费医药,sector,7200,0.552,0.591,4255.2,14
2025-07-22,original_baseline_v2,20000.0,512010,医药ETF,消费医药,sector,10700,0.371,0.392,4194.4,14
2025-07-22,original_baseline_v2,20000.0,159905,深红利ETF,防御风格,sector,2400,1.629,1.719,4125.6,14
2025-07-23,original_baseline_v2,20000.0,512690,酒ETF,消费医药,sector,7200,0.552,0.587,4226.4,15
2025-07-23,original_baseline_v2,20000.0,512010,医药ETF,消费医药,sector,10700,0.371,0.393,4205.1,15
2025-07-23,original_baseline_v2,20000.0,159905,深红利ETF,防御风格,sector,2400,1.629,1.712,4108.8,15
2025-07-24,original_baseline_v2,20000.0,512690,酒ETF,消费医药,sector,7200,0.552,0.59,4248.0,16
2025-07-24,original_baseline_v2,20000.0,512010,医药ETF,消费医药,sector,10700,0.371,0.401,4290.7,16
2025-07-24,original_baseline_v2,20000.0,159905,深红利ETF,防御风格,sector,2400,1.629,1.719,4125.6,16
2025-07-25,original_baseline_v2,20000.0,512690,酒ETF,消费医药,sector,7200,0.552,0.58,4176.0,17
2025-07-25,original_baseline_v2,20000.0,512010,医药ETF,消费医药,sector,10700,0.371,0.401,4290.7,17
2025-07-25,original_baseline_v2,20000.0,159905,深红利ETF,防御风格,sector,2400,1.629,1.702,4084.8,17
2025-07-28,original_baseline_v2,20000.0,512690,酒ETF,消费医药,sector,7200,0.552,0.578,4161.6,18
2025-07-28,original_baseline_v2,20000.0,159905,深红利ETF,防御风格,sector,2400,1.629,1.696,4070.4,18
2025-07-29,original_baseline_v2,20000.0,512690,酒ETF,消费医药,sector,7200,0.552,0.577,4154.4,19
2025-07-29,original_baseline_v2,20000.0,159905,深红利ETF,防御风格,sector,2400,1.629,1.689,4053.6,19
2025-07-29,original_baseline_v2,20000.0,512800,银行ETF,金融地产,sector,4700,0.849,0.849,3990.3,0
2025-07-30,original_baseline_v2,20000.0,512800,银行ETF,金融地产,sector,4700,0.849,0.854,4013.8,0
2025-07-30,original_baseline_v2,20000.0,518880,黄金ETF,防御风格,commodity_resource,500,7.329,7.377,3688.5,0
2025-07-31,original_baseline_v2,20000.0,512800,银行ETF,金融地产,sector,4700,0.849,0.848,3985.6,1
2025-07-31,original_baseline_v2,20000.0,518880,黄金ETF,防御风格,commodity_resource,500,7.329,7.35,3675.0,0
2025-07-31,original_baseline_v2,20000.0,512890,红利低波ETF,防御风格,sector,3300,1.18,1.18,3894.0,0
2025-08-01,original_baseline_v2,20000.0,512800,银行ETF,金融地产,sector,4700,0.849,0.853,4009.1,2
2025-08-01,original_baseline_v2,20000.0,518880,黄金ETF,防御风格,commodity_resource,500,7.329,7.352,3676.0,1
2025-08-01,original_baseline_v2,20000.0,512890,红利低波ETF,防御风格,sector,3300,1.18,1.181,3897.3,0
2025-08-04,original_baseline_v2,20000.0,512800,银行ETF,金融地产,sector,4700,0.849,0.858,4032.6,3
2025-08-04,original_baseline_v2,20000.0,518880,黄金ETF,防御风格,commodity_resource,500,7.329,7.446,3723.0,2
2025-08-04,original_baseline_v2,20000.0,512890,红利低波ETF,防御风格,sector,3300,1.18,1.187,3917.1,1
2025-08-05,original_baseline_v2,20000.0,512800,银行ETF,金融地产,sector,4700,0.849,0.871,4093.7,4
2025-08-05,original_baseline_v2,20000.0,518880,黄金ETF,防御风格,commodity_resource,500,7.329,7.455,3727.5,3
2025-08-05,original_baseline_v2,20000.0,512890,红利低波ETF,防御风格,sector,3300,1.18,1.2,3960.0,2
2025-08-06,original_baseline_v2,20000.0,512800,银行ETF,金融地产,sector,4700,0.849,0.87,4089.0,5
2025-08-06,original_baseline_v2,20000.0,518880,黄金ETF,防御风格,commodity_resource,500,7.329,7.468,3734.0,4
2025-08-06,original_baseline_v2,20000.0,512890,红利低波ETF,防御风格,sector,3300,1.18,1.201,3963.3,3
2025-08-07,original_baseline_v2,20000.0,512800,银行ETF,金融地产,sector,4700,0.849,0.874,4107.8,6
2025-08-07,original_baseline_v2,20000.0,518880,黄金ETF,防御风格,commodity_resource,500,7.329,7.484,3742.0,5
2025-08-07,original_baseline_v2,20000.0,512890,红利低波ETF,防御风格,sector,3300,1.18,1.206,3979.8,4
2025-08-08,original_baseline_v2,20000.0,512800,银行ETF,金融地产,sector,4700,0.849,0.87,4089.0,7
2025-08-08,original_baseline_v2,20000.0,518880,黄金ETF,防御风格,commodity_resource,500,7.329,7.508,3754.0,6
2025-08-08,original_baseline_v2,20000.0,512890,红利低波ETF,防御风格,sector,3300,1.18,1.207,3983.1,5
2025-08-11,original_baseline_v2,20000.0,512800,银行ETF,金融地产,sector,4700,0.849,0.863,4056.1,8
2025-08-11,original_baseline_v2,20000.0,518880,黄金ETF,防御风格,commodity_resource,500,7.329,7.429,3714.5,7
2025-08-11,original_baseline_v2,20000.0,512890,红利低波ETF,防御风格,sector,3300,1.18,1.2,3960.0,6
2025-08-12,original_baseline_v2,20000.0,512800,银行ETF,金融地产,sector,4700,0.849,0.865,4065.5,9
2025-08-12,original_baseline_v2,20000.0,518880,黄金ETF,防御风格,commodity_resource,500,7.329,7.399,3699.5,8
2025-08-12,original_baseline_v2,20000.0,512890,红利低波ETF,防御风格,sector,3300,1.18,1.202,3966.6,7
2025-08-13,original_baseline_v2,20000.0,512800,银行ETF,金融地产,sector,4700,0.849,0.857,4027.9,10
2025-08-13,original_baseline_v2,20000.0,518880,黄金ETF,防御风格,commodity_resource,500,7.329,7.415,3707.5,9
2025-08-13,original_baseline_v2,20000.0,512890,红利低波ETF,防御风格,sector,3300,1.18,1.198,3953.4,8
2025-08-14,original_baseline_v2,20000.0,512800,银行ETF,金融地产,sector,4700,0.849,0.856,4023.2,11
2025-08-14,original_baseline_v2,20000.0,518880,黄金ETF,防御风格,commodity_resource,500,7.329,7.424,3712.0,10
2025-08-14,original_baseline_v2,20000.0,512890,红利低波ETF,防御风格,sector,3300,1.18,1.199,3956.7,9
2025-08-15,original_baseline_v2,20000.0,512800,银行ETF,金融地产,sector,4700,0.849,0.844,3966.8,12
2025-08-15,original_baseline_v2,20000.0,518880,黄金ETF,防御风格,commodity_resource,500,7.329,7.401,3700.5,11
2025-08-15,original_baseline_v2,20000.0,512890,红利低波ETF,防御风格,sector,3300,1.18,1.195,3943.5,10
2025-08-18,original_baseline_v2,20000.0,512800,银行ETF,金融地产,sector,4700,0.849,0.846,3976.2,13
2025-08-18,original_baseline_v2,20000.0,518880,黄金ETF,防御风格,commodity_resource,500,7.329,7.413,3706.5,12
2025-08-18,original_baseline_v2,20000.0,512890,红利低波ETF,防御风格,sector,3300,1.18,1.197,3950.1,11
2025-08-19,original_baseline_v2,20000.0,512800,银行ETF,金融地产,sector,4700,0.849,0.847,3980.9,14
2025-08-19,original_baseline_v2,20000.0,518880,黄金ETF,防御风格,commodity_resource,500,7.329,7.391,3695.5,13
2025-08-19,original_baseline_v2,20000.0,512890,红利低波ETF,防御风格,sector,3300,1.18,1.196,3946.8,12
2025-08-20,original_baseline_v2,20000.0,512800,银行ETF,金融地产,sector,4700,0.849,0.851,3999.7,15
2025-08-20,original_baseline_v2,20000.0,518880,黄金ETF,防御风格,commodity_resource,500,7.329,7.374,3687.0,14
2025-08-20,original_baseline_v2,20000.0,512890,红利低波ETF,防御风格,sector,3300,1.18,1.207,3983.1,13
2025-08-21,original_baseline_v2,20000.0,512800,银行ETF,金融地产,sector,4700,0.849,0.855,4018.5,16
2025-08-21,original_baseline_v2,20000.0,518880,黄金ETF,防御风格,commodity_resource,500,7.329,7.394,3697.0,15
2025-08-21,original_baseline_v2,20000.0,512890,红利低波ETF,防御风格,sector,3300,1.18,1.214,4006.2,14
2025-08-22,original_baseline_v2,20000.0,512800,银行ETF,金融地产,sector,4700,0.849,0.852,4004.4,17
2025-08-22,original_baseline_v2,20000.0,518880,黄金ETF,防御风格,commodity_resource,500,7.329,7.378,3689.0,16
2025-08-22,original_baseline_v2,20000.0,512890,红利低波ETF,防御风格,sector,3300,1.18,1.209,3989.7,15
2025-08-25,original_baseline_v2,20000.0,512800,银行ETF,金融地产,sector,4700,0.849,0.858,4032.6,18
2025-08-25,original_baseline_v2,20000.0,518880,黄金ETF,防御风格,commodity_resource,500,7.329,7.427,3713.5,17
2025-08-25,original_baseline_v2,20000.0,512890,红利低波ETF,防御风格,sector,3300,1.18,1.219,4022.7,16
2025-08-26,original_baseline_v2,20000.0,512800,银行ETF,金融地产,sector,4700,0.849,0.853,4009.1,19
2025-08-26,original_baseline_v2,20000.0,518880,黄金ETF,防御风格,commodity_resource,500,7.329,7.449,3724.5,18
2025-08-26,original_baseline_v2,20000.0,512890,红利低波ETF,防御风格,sector,3300,1.18,1.216,4012.8,17
2025-08-27,original_baseline_v2,20000.0,518880,黄金ETF,防御风格,commodity_resource,500,7.329,7.45,3725.0,19
2025-08-27,original_baseline_v2,20000.0,512890,红利低波ETF,防御风格,sector,3300,1.18,1.197,3950.1,18
2025-08-27,original_baseline_v2,20000.0,515220,煤炭ETF,周期资源,commodity_resource,3900,1.025,1.03,4017.0,0
2025-08-28,original_baseline_v2,20000.0,512890,红利低波ETF,防御风格,sector,3300,1.18,1.197,3950.1,19
2025-08-28,original_baseline_v2,20000.0,515220,煤炭ETF,周期资源,commodity_resource,3900,1.025,1.023,3989.7,0
2025-08-29,original_baseline_v2,20000.0,515220,煤炭ETF,周期资源,commodity_resource,3900,1.025,1.022,3985.8,1
2025-09-01,original_baseline_v2,20000.0,515220,煤炭ETF,周期资源,commodity_resource,3900,1.025,1.024,3993.6,2
2025-09-02,original_baseline_v2,20000.0,515220,煤炭ETF,周期资源,commodity_resource,3900,1.025,1.017,3966.3,3
2025-09-02,original_baseline_v2,20000.0,510230,金融ETF,金融地产,sector,2800,1.403,1.403,3928.4,0
2025-09-03,original_baseline_v2,20000.0,515220,煤炭ETF,周期资源,commodity_resource,3900,1.025,1.0,3900.0,4
2025-09-03,original_baseline_v2,20000.0,510230,金融ETF,金融地产,sector,2800,1.403,1.38,3864.0,0
2025-09-03,original_baseline_v2,20000.0,512800,银行ETF,金融地产,sector,4800,0.829,0.83,3984.0,0
2025-09-04,original_baseline_v2,20000.0,515220,煤炭ETF,周期资源,commodity_resource,3900,1.025,1.004,3915.6,5
2025-09-04,original_baseline_v2,20000.0,510230,金融ETF,金融地产,sector,2800,1.403,1.385,3878.0,1
2025-09-04,original_baseline_v2,20000.0,512800,银行ETF,金融地产,sector,4800,0.829,0.838,4022.4,0
2025-09-05,original_baseline_v2,20000.0,515220,煤炭ETF,周期资源,commodity_resource,3900,1.025,1.017,3966.3,6
2025-09-05,original_baseline_v2,20000.0,510230,金融ETF,金融地产,sector,2800,1.403,1.379,3861.2,2
2025-09-05,original_baseline_v2,20000.0,512800,银行ETF,金融地产,sector,4800,0.829,0.83,3984.0,1
2025-09-08,original_baseline_v2,20000.0,515220,煤炭ETF,周期资源,commodity_resource,3900,1.025,1.024,3993.6,7
2025-09-08,original_baseline_v2,20000.0,510230,金融ETF,金融地产,sector,2800,1.403,1.369,3833.2,3
2025-09-08,original_baseline_v2,20000.0,512800,银行ETF,金融地产,sector,4800,0.829,0.826,3964.8,2
2025-09-09,original_baseline_v2,20000.0,515220,煤炭ETF,周期资源,commodity_resource,3900,1.025,1.022,3985.8,8
2025-09-09,original_baseline_v2,20000.0,510230,金融ETF,金融地产,sector,2800,1.403,1.375,3850.0,4
2025-09-09,original_baseline_v2,20000.0,512800,银行ETF,金融地产,sector,4800,0.829,0.832,3993.6,3
2025-09-10,original_baseline_v2,20000.0,515220,煤炭ETF,周期资源,commodity_resource,3900,1.025,1.013,3950.7,9
2025-09-10,original_baseline_v2,20000.0,510230,金融ETF,金融地产,sector,2800,1.403,1.377,3855.6,5
2025-09-10,original_baseline_v2,20000.0,512800,银行ETF,金融地产,sector,4800,0.829,0.833,3998.4,4
2025-09-11,original_baseline_v2,20000.0,515220,煤炭ETF,周期资源,commodity_resource,3900,1.025,1.017,3966.3,10
2025-09-11,original_baseline_v2,20000.0,510230,金融ETF,金融地产,sector,2800,1.403,1.394,3903.2,6
2025-09-11,original_baseline_v2,20000.0,512800,银行ETF,金融地产,sector,4800,0.829,0.837,4017.6,5
2025-09-12,original_baseline_v2,20000.0,515220,煤炭ETF,周期资源,commodity_resource,3900,1.025,1.021,3981.9,11
2025-09-12,original_baseline_v2,20000.0,510230,金融ETF,金融地产,sector,2800,1.403,1.372,3841.6,7
2025-09-12,original_baseline_v2,20000.0,512800,银行ETF,金融地产,sector,4800,0.829,0.824,3955.2,6
2025-09-15,original_baseline_v2,20000.0,515220,煤炭ETF,周期资源,commodity_resource,3900,1.025,1.033,4028.7,12
2025-09-15,original_baseline_v2,20000.0,510230,金融ETF,金融地产,sector,2800,1.403,1.361,3810.8,8
2025-09-15,original_baseline_v2,20000.0,512800,银行ETF,金融地产,sector,4800,0.829,0.816,3916.8,7
2025-09-16,original_baseline_v2,20000.0,515220,煤炭ETF,周期资源,commodity_resource,3900,1.025,1.037,4044.3,13
2025-09-16,original_baseline_v2,20000.0,510230,金融ETF,金融地产,sector,2800,1.403,1.347,3771.6,9
2025-09-16,original_baseline_v2,20000.0,512800,银行ETF,金融地产,sector,4800,0.829,0.808,3878.4,8
2025-09-17,original_baseline_v2,20000.0,515220,煤炭ETF,周期资源,commodity_resource,3900,1.025,1.059,4130.1,14
2025-09-17,original_baseline_v2,20000.0,510230,金融ETF,金融地产,sector,2800,1.403,1.343,3760.4,10
2025-09-17,original_baseline_v2,20000.0,512800,银行ETF,金融地产,sector,4800,0.829,0.805,3864.0,9
2025-09-18,original_baseline_v2,20000.0,515220,煤炭ETF,周期资源,commodity_resource,3900,1.025,1.033,4028.7,15
2025-09-18,original_baseline_v2,20000.0,510230,金融ETF,金融地产,sector,2800,1.403,1.314,3679.2,11
2025-09-18,original_baseline_v2,20000.0,512800,银行ETF,金融地产,sector,4800,0.829,0.79,3792.0,10
2025-09-19,original_baseline_v2,20000.0,515220,煤炭ETF,周期资源,commodity_resource,3900,1.025,1.059,4130.1,16
2025-09-19,original_baseline_v2,20000.0,510230,金融ETF,金融地产,sector,2800,1.403,1.314,3679.2,12
2025-09-19,original_baseline_v2,20000.0,512800,银行ETF,金融地产,sector,4800,0.829,0.792,3801.6,11
2025-09-22,original_baseline_v2,20000.0,515220,煤炭ETF,周期资源,commodity_resource,3900,1.025,1.05,4095.0,17
2025-09-22,original_baseline_v2,20000.0,510230,金融ETF,金融地产,sector,2800,1.403,1.307,3659.6,13
2025-09-22,original_baseline_v2,20000.0,512800,银行ETF,金融地产,sector,4800,0.829,0.784,3763.2,12
2025-09-23,original_baseline_v2,20000.0,515220,煤炭ETF,周期资源,commodity_resource,3900,1.025,1.055,4114.5,18
2025-09-23,original_baseline_v2,20000.0,510230,金融ETF,金融地产,sector,2800,1.403,1.317,3687.6,14
2025-09-23,original_baseline_v2,20000.0,512800,银行ETF,金融地产,sector,4800,0.829,0.794,3811.2,13
2025-09-24,original_baseline_v2,20000.0,515220,煤炭ETF,周期资源,commodity_resource,3900,1.025,1.055,4114.5,19
2025-09-24,original_baseline_v2,20000.0,510230,金融ETF,金融地产,sector,2800,1.403,1.315,3682.0,15
2025-09-24,original_baseline_v2,20000.0,512800,银行ETF,金融地产,sector,4800,0.829,0.792,3801.6,14
2025-09-25,original_baseline_v2,20000.0,510230,金融ETF,金融地产,sector,2800,1.403,1.309,3665.2,16
2025-09-25,original_baseline_v2,20000.0,512800,银行ETF,金融地产,sector,4800,0.829,0.788,3782.4,15
2025-09-25,original_baseline_v2,20000.0,512070,非银ETF,金融地产,high_beta,4700,0.85,0.852,4004.4,0
2025-09-26,original_baseline_v2,20000.0,510230,金融ETF,金融地产,sector,2800,1.403,1.311,3670.8,17
2025-09-26,original_baseline_v2,20000.0,512800,银行ETF,金融地产,sector,4800,0.829,0.789,3787.2,16
2025-09-26,original_baseline_v2,20000.0,512070,非银ETF,金融地产,high_beta,4700,0.85,0.851,3999.7,0
2025-09-29,original_baseline_v2,20000.0,510230,金融ETF,金融地产,sector,2800,1.403,1.327,3715.6,18
2025-09-29,original_baseline_v2,20000.0,512800,银行ETF,金融地产,sector,4800,0.829,0.786,3772.8,17
2025-09-29,original_baseline_v2,20000.0,512070,非银ETF,金融地产,high_beta,4700,0.85,0.883,4150.1,1
2025-09-30,original_baseline_v2,20000.0,510230,金融ETF,金融地产,sector,2800,1.403,1.311,3670.8,19
2025-09-30,original_baseline_v2,20000.0,512800,银行ETF,金融地产,sector,4800,0.829,0.778,3734.4,18
2025-09-30,original_baseline_v2,20000.0,512070,非银ETF,金融地产,high_beta,4700,0.85,0.871,4093.7,2
2025-10-09,original_baseline_v2,20000.0,512800,银行ETF,金融地产,sector,4800,0.829,0.777,3729.6,19
2025-10-09,original_baseline_v2,20000.0,512070,非银ETF,金融地产,high_beta,4700,0.85,0.871,4093.7,3
2025-10-09,original_baseline_v2,20000.0,512890,红利低波ETF,防御风格,sector,3500,1.142,1.142,3997.0,0
2025-10-10,original_baseline_v2,20000.0,512070,非银ETF,金融地产,high_beta,4700,0.85,0.877,4121.9,4
2025-10-10,original_baseline_v2,20000.0,512890,红利低波ETF,防御风格,sector,3500,1.142,1.15,4025.0,0
2025-10-10,original_baseline_v2,20000.0,512690,酒ETF,消费医药,sector,6900,0.575,0.583,4022.7,0
2025-10-13,original_baseline_v2,20000.0,512070,非银ETF,金融地产,high_beta,4700,0.85,0.867,4074.9,5
2025-10-13,original_baseline_v2,20000.0,512890,红利低波ETF,防御风格,sector,3500,1.142,1.156,4046.0,1
2025-10-13,original_baseline_v2,20000.0,512690,酒ETF,消费医药,sector,6900,0.575,0.577,3981.3,0
2025-10-14,original_baseline_v2,20000.0,512070,非银ETF,金融地产,high_beta,4700,0.85,0.875,4112.5,6
2025-10-14,original_baseline_v2,20000.0,512890,红利低波ETF,防御风格,sector,3500,1.142,1.177,4119.5,2
2025-10-14,original_baseline_v2,20000.0,512690,酒ETF,消费医药,sector,6900,0.575,0.593,4091.7,1
2025-10-15,original_baseline_v2,20000.0,512070,非银ETF,金融地产,high_beta,4700,0.85,0.889,4178.3,7
2025-10-15,original_baseline_v2,20000.0,512890,红利低波ETF,防御风格,sector,3500,1.142,1.182,4137.0,3
2025-10-15,original_baseline_v2,20000.0,512690,酒ETF,消费医药,sector,6900,0.575,0.597,4119.3,2
2025-10-16,original_baseline_v2,20000.0,512070,非银ETF,金融地产,high_beta,4700,0.85,0.892,4192.4,8
2025-10-16,original_baseline_v2,20000.0,512890,红利低波ETF,防御风格,sector,3500,1.142,1.19,4165.0,4
2025-10-16,original_baseline_v2,20000.0,512690,酒ETF,消费医药,sector,6900,0.575,0.604,4167.6,3
2025-10-17,original_baseline_v2,20000.0,512070,非银ETF,金融地产,high_beta,4700,0.85,0.872,4098.4,9
2025-10-17,original_baseline_v2,20000.0,512890,红利低波ETF,防御风格,sector,3500,1.142,1.185,4147.5,5
2025-10-17,original_baseline_v2,20000.0,512690,酒ETF,消费医药,sector,6900,0.575,0.595,4105.5,4
2025-10-20,original_baseline_v2,20000.0,512070,非银ETF,金融地产,high_beta,4700,0.85,0.877,4121.9,10
2025-10-20,original_baseline_v2,20000.0,512890,红利低波ETF,防御风格,sector,3500,1.142,1.187,4154.5,6
2025-10-20,original_baseline_v2,20000.0,512690,酒ETF,消费医药,sector,6900,0.575,0.591,4077.9,5
2025-10-21,original_baseline_v2,20000.0,512070,非银ETF,金融地产,high_beta,4700,0.85,0.884,4154.8,11
2025-10-21,original_baseline_v2,20000.0,512890,红利低波ETF,防御风格,sector,3500,1.142,1.19,4165.0,7
2025-10-21,original_baseline_v2,20000.0,512690,酒ETF,消费医药,sector,6900,0.575,0.592,4084.8,6
2025-10-22,original_baseline_v2,20000.0,512070,非银ETF,金融地产,high_beta,4700,0.85,0.878,4126.6,12
2025-10-22,original_baseline_v2,20000.0,512890,红利低波ETF,防御风格,sector,3500,1.142,1.199,4196.5,8
2025-10-22,original_baseline_v2,20000.0,512690,酒ETF,消费医药,sector,6900,0.575,0.589,4064.1,7
2025-10-23,original_baseline_v2,20000.0,512070,非银ETF,金融地产,high_beta,4700,0.85,0.885,4159.5,13
2025-10-23,original_baseline_v2,20000.0,512890,红利低波ETF,防御风格,sector,3500,1.142,1.206,4221.0,9
2025-10-23,original_baseline_v2,20000.0,512690,酒ETF,消费医药,sector,6900,0.575,0.593,4091.7,8
2025-10-24,original_baseline_v2,20000.0,512070,非银ETF,金融地产,high_beta,4700,0.85,0.89,4183.0,14
2025-10-24,original_baseline_v2,20000.0,512890,红利低波ETF,防御风格,sector,3500,1.142,1.197,4189.5,10
2025-10-24,original_baseline_v2,20000.0,512690,酒ETF,消费医药,sector,6900,0.575,0.582,4015.8,9
2025-10-27,original_baseline_v2,20000.0,512070,非银ETF,金融地产,high_beta,4700,0.85,0.898,4220.6,15
2025-10-27,original_baseline_v2,20000.0,512890,红利低波ETF,防御风格,sector,3500,1.142,1.198,4193.0,11
2025-10-27,original_baseline_v2,20000.0,512690,酒ETF,消费医药,sector,6900,0.575,0.582,4015.8,10
2025-10-28,original_baseline_v2,20000.0,512070,非银ETF,金融地产,high_beta,4700,0.85,0.895,4206.5,16
2025-10-28,original_baseline_v2,20000.0,512890,红利低波ETF,防御风格,sector,3500,1.142,1.198,4193.0,12
2025-10-28,original_baseline_v2,20000.0,512690,酒ETF,消费医药,sector,6900,0.575,0.582,4015.8,11
2025-10-29,original_baseline_v2,20000.0,512070,非银ETF,金融地产,high_beta,4700,0.85,0.912,4286.4,17
2025-10-29,original_baseline_v2,20000.0,512890,红利低波ETF,防御风格,sector,3500,1.142,1.187,4154.5,13
2025-10-29,original_baseline_v2,20000.0,512690,酒ETF,消费医药,sector,6900,0.575,0.579,3995.1,12
2025-10-30,original_baseline_v2,20000.0,512070,非银ETF,金融地产,high_beta,4700,0.85,0.9,4230.0,18
2025-10-30,original_baseline_v2,20000.0,512890,红利低波ETF,防御风格,sector,3500,1.142,1.19,4165.0,14
2025-10-30,original_baseline_v2,20000.0,512690,酒ETF,消费医药,sector,6900,0.575,0.579,3995.1,13
2025-10-31,original_baseline_v2,20000.0,512070,非银ETF,金融地产,high_beta,4700,0.85,0.888,4173.6,19
2025-10-31,original_baseline_v2,20000.0,512890,红利低波ETF,防御风格,sector,3500,1.142,1.188,4158.0,15
2025-10-31,original_baseline_v2,20000.0,512690,酒ETF,消费医药,sector,6900,0.575,0.588,4057.2,14
2025-11-03,original_baseline_v2,20000.0,512890,红利低波ETF,防御风格,sector,3500,1.142,1.204,4214.0,16
2025-11-03,original_baseline_v2,20000.0,512690,酒ETF,消费医药,sector,6900,0.575,0.588,4057.2,15
2025-11-03,original_baseline_v2,20000.0,512010,医药ETF,消费医药,sector,9800,0.408,0.409,4008.2,0
2025-11-04,original_baseline_v2,20000.0,512690,酒ETF,消费医药,sector,6900,0.575,0.581,4008.9,16
2025-11-04,original_baseline_v2,20000.0,512010,医药ETF,消费医药,sector,9800,0.408,0.402,3939.6,0
2025-11-04,original_baseline_v2,20000.0,515120,广发创新药ETF,医药与消费升级,theme,6000,0.665,0.671,4026.0,0
2025-11-05,original_baseline_v2,20000.0,512690,酒ETF,消费医药,sector,6900,0.575,0.579,3995.1,17
2025-11-05,original_baseline_v2,20000.0,512010,医药ETF,消费医药,sector,9800,0.408,0.402,3939.6,1
2025-11-05,original_baseline_v2,20000.0,515120,广发创新药ETF,医药与消费升级,theme,6000,0.665,0.667,4002.0,0
2025-11-06,original_baseline_v2,20000.0,512690,酒ETF,消费医药,sector,6900,0.575,0.58,4002.0,18
2025-11-06,original_baseline_v2,20000.0,512010,医药ETF,消费医药,sector,9800,0.408,0.404,3959.2,2
2025-11-06,original_baseline_v2,20000.0,515120,广发创新药ETF,医药与消费升级,theme,6000,0.665,0.671,4026.0,1
2025-11-07,original_baseline_v2,20000.0,512690,酒ETF,消费医药,sector,6900,0.575,0.578,3988.2,19
2025-11-07,original_baseline_v2,20000.0,512010,医药ETF,消费医药,sector,9800,0.408,0.401,3929.8,3
2025-11-07,original_baseline_v2,20000.0,515120,广发创新药ETF,医药与消费升级,theme,6000,0.665,0.665,3990.0,2
2025-11-10,original_baseline_v2,20000.0,512010,医药ETF,消费医药,sector,9800,0.408,0.405,3969.0,4
2025-11-10,original_baseline_v2,20000.0,515120,广发创新药ETF,医药与消费升级,theme,6000,0.665,0.672,4032.0,3
2025-11-10,original_baseline_v2,20000.0,512660,军工ETF,新能源制造,commodity_resource,3300,1.194,1.193,3936.9,0
2025-11-11,original_baseline_v2,20000.0,512010,医药ETF,消费医药,sector,9800,0.408,0.404,3959.2,5
2025-11-11,original_baseline_v2,20000.0,515120,广发创新药ETF,医药与消费升级,theme,6000,0.665,0.668,4008.0,4
2025-11-11,original_baseline_v2,20000.0,512660,军工ETF,新能源制造,commodity_resource,3300,1.194,1.181,3897.3,0
2025-11-12,original_baseline_v2,20000.0,512010,医药ETF,消费医药,sector,9800,0.408,0.405,3969.0,6
2025-11-12,original_baseline_v2,20000.0,515120,广发创新药ETF,医药与消费升级,theme,6000,0.665,0.673,4038.0,5
2025-11-12,original_baseline_v2,20000.0,512660,军工ETF,新能源制造,commodity_resource,3300,1.194,1.17,3861.0,1
2025-11-13,original_baseline_v2,20000.0,512010,医药ETF,消费医药,sector,9800,0.408,0.411,4027.8,7
2025-11-13,original_baseline_v2,20000.0,515120,广发创新药ETF,医药与消费升级,theme,6000,0.665,0.687,4122.0,6
2025-11-13,original_baseline_v2,20000.0,512660,军工ETF,新能源制造,commodity_resource,3300,1.194,1.179,3890.7,2
2025-11-14,original_baseline_v2,20000.0,512010,医药ETF,消费医药,sector,9800,0.408,0.408,3998.4,8
2025-11-14,original_baseline_v2,20000.0,515120,广发创新药ETF,医药与消费升级,theme,6000,0.665,0.685,4110.0,7
2025-11-14,original_baseline_v2,20000.0,512660,军工ETF,新能源制造,commodity_resource,3300,1.194,1.174,3874.2,3
2025-11-17,original_baseline_v2,20000.0,512010,医药ETF,消费医药,sector,9800,0.408,0.401,3929.8,9
2025-11-17,original_baseline_v2,20000.0,515120,广发创新药ETF,医药与消费升级,theme,6000,0.665,0.67,4020.0,8
2025-11-17,original_baseline_v2,20000.0,512660,军工ETF,新能源制造,commodity_resource,3300,1.194,1.188,3920.4,4
2025-11-18,original_baseline_v2,20000.0,512010,医药ETF,消费医药,sector,9800,0.408,0.399,3910.2,10
2025-11-18,original_baseline_v2,20000.0,515120,广发创新药ETF,医药与消费升级,theme,6000,0.665,0.665,3990.0,9
2025-11-18,original_baseline_v2,20000.0,512660,军工ETF,新能源制造,commodity_resource,3300,1.194,1.172,3867.6,5
2025-11-19,original_baseline_v2,20000.0,512010,医药ETF,消费医药,sector,9800,0.408,0.398,3900.4,11
2025-11-19,original_baseline_v2,20000.0,515120,广发创新药ETF,医药与消费升级,theme,6000,0.665,0.659,3954.0,10
2025-11-19,original_baseline_v2,20000.0,512660,军工ETF,新能源制造,commodity_resource,3300,1.194,1.178,3887.4,6
2025-11-20,original_baseline_v2,20000.0,512010,医药ETF,消费医药,sector,9800,0.408,0.394,3861.2,12
2025-11-20,original_baseline_v2,20000.0,515120,广发创新药ETF,医药与消费升级,theme,6000,0.665,0.656,3936.0,11
2025-11-20,original_baseline_v2,20000.0,512660,军工ETF,新能源制造,commodity_resource,3300,1.194,1.165,3844.5,7
2025-11-21,original_baseline_v2,20000.0,512010,医药ETF,消费医药,sector,9800,0.408,0.387,3792.6,13
2025-11-21,original_baseline_v2,20000.0,515120,广发创新药ETF,医药与消费升级,theme,6000,0.665,0.641,3846.0,12
2025-11-21,original_baseline_v2,20000.0,512660,军工ETF,新能源制造,commodity_resource,3300,1.194,1.142,3768.6,8
2025-11-24,original_baseline_v2,20000.0,512010,医药ETF,消费医药,sector,9800,0.408,0.392,3841.6,14
2025-11-24,original_baseline_v2,20000.0,515120,广发创新药ETF,医药与消费升级,theme,6000,0.665,0.651,3906.0,13
2025-11-24,original_baseline_v2,20000.0,512660,军工ETF,新能源制造,commodity_resource,3300,1.194,1.188,3920.4,9
2025-11-25,original_baseline_v2,20000.0,512010,医药ETF,消费医药,sector,9800,0.408,0.393,3851.4,15
2025-11-25,original_baseline_v2,20000.0,515120,广发创新药ETF,医药与消费升级,theme,6000,0.665,0.654,3924.0,14
2025-11-25,original_baseline_v2,20000.0,512660,军工ETF,新能源制造,commodity_resource,3300,1.194,1.182,3900.6,10
2025-11-26,original_baseline_v2,20000.0,512010,医药ETF,消费医药,sector,9800,0.408,0.394,3861.2,16
2025-11-26,original_baseline_v2,20000.0,515120,广发创新药ETF,医药与消费升级,theme,6000,0.665,0.661,3966.0,15
2025-11-26,original_baseline_v2,20000.0,512660,军工ETF,新能源制造,commodity_resource,3300,1.194,1.16,3828.0,11
2025-11-27,original_baseline_v2,20000.0,512010,医药ETF,消费医药,sector,9800,0.408,0.392,3841.6,17
2025-11-27,original_baseline_v2,20000.0,515120,广发创新药ETF,医药与消费升级,theme,6000,0.665,0.657,3942.0,16
2025-11-27,original_baseline_v2,20000.0,512660,军工ETF,新能源制造,commodity_resource,3300,1.194,1.158,3821.4,12
2025-11-28,original_baseline_v2,20000.0,512010,医药ETF,消费医药,sector,9800,0.408,0.393,3851.4,18
2025-11-28,original_baseline_v2,20000.0,515120,广发创新药ETF,医药与消费升级,theme,6000,0.665,0.658,3948.0,17
2025-11-28,original_baseline_v2,20000.0,512660,军工ETF,新能源制造,commodity_resource,3300,1.194,1.172,3867.6,13
2025-12-01,original_baseline_v2,20000.0,512010,医药ETF,消费医药,sector,9800,0.408,0.393,3851.4,19
2025-12-01,original_baseline_v2,20000.0,515120,广发创新药ETF,医药与消费升级,theme,6000,0.665,0.66,3960.0,18
2025-12-01,original_baseline_v2,20000.0,512660,军工ETF,新能源制造,commodity_resource,3300,1.194,1.184,3907.2,14
2025-12-02,original_baseline_v2,20000.0,515120,广发创新药ETF,医药与消费升级,theme,6000,0.665,0.648,3888.0,19
2025-12-02,original_baseline_v2,20000.0,512660,军工ETF,新能源制造,commodity_resource,3300,1.194,1.181,3897.3,15
2025-12-02,original_baseline_v2,20000.0,159770,机器人ETF,科技与新质生产力,theme,4000,0.982,0.982,3928.0,0
2025-12-03,original_baseline_v2,20000.0,512660,军工ETF,新能源制造,commodity_resource,3300,1.194,1.169,3857.7,16
2025-12-03,original_baseline_v2,20000.0,159770,机器人ETF,科技与新质生产力,theme,4000,0.982,0.972,3888.0,0
2025-12-03,original_baseline_v2,20000.0,512880,证券ETF,金融地产,high_beta,3400,1.161,1.161,3947.4,0
2025-12-04,original_baseline_v2,20000.0,512660,军工ETF,新能源制造,commodity_resource,3300,1.194,1.176,3880.8,17
2025-12-04,original_baseline_v2,20000.0,159770,机器人ETF,科技与新质生产力,theme,4000,0.982,0.993,3972.0,1
2025-12-04,original_baseline_v2,20000.0,512880,证券ETF,金融地产,high_beta,3400,1.161,1.164,3957.6,0
2025-12-05,original_baseline_v2,20000.0,512660,军工ETF,新能源制造,commodity_resource,3300,1.194,1.204,3973.2,18
2025-12-05,original_baseline_v2,20000.0,159770,机器人ETF,科技与新质生产力,theme,4000,0.982,1.006,4024.0,2
2025-12-05,original_baseline_v2,20000.0,512880,证券ETF,金融地产,high_beta,3400,1.161,1.194,4059.6,1
2025-12-08,original_baseline_v2,20000.0,512660,军工ETF,新能源制造,commodity_resource,3300,1.194,1.216,4012.8,19
2025-12-08,original_baseline_v2,20000.0,159770,机器人ETF,科技与新质生产力,theme,4000,0.982,1.016,4064.0,3
2025-12-08,original_baseline_v2,20000.0,512880,证券ETF,金融地产,high_beta,3400,1.161,1.217,4137.8,2
2025-12-09,original_baseline_v2,20000.0,159770,机器人ETF,科技与新质生产力,theme,4000,0.982,1.004,4016.0,4
2025-12-09,original_baseline_v2,20000.0,512880,证券ETF,金融地产,high_beta,3400,1.161,1.201,4083.4,3
2025-12-09,original_baseline_v2,20000.0,512200,房地产ETF,金融地产,sector,2700,1.48,1.488,4017.6,0
2025-12-10,original_baseline_v2,20000.0,159770,机器人ETF,科技与新质生产力,theme,4000,0.982,1.009,4036.0,5
2025-12-10,original_baseline_v2,20000.0,512880,证券ETF,金融地产,high_beta,3400,1.161,1.206,4100.4,4
2025-12-10,original_baseline_v2,20000.0,512200,房地产ETF,金融地产,sector,2700,1.48,1.534,4141.8,0
2025-12-11,original_baseline_v2,20000.0,159770,机器人ETF,科技与新质生产力,theme,4000,0.982,0.989,3956.0,6
2025-12-11,original_baseline_v2,20000.0,512880,证券ETF,金融地产,high_beta,3400,1.161,1.19,4046.0,5
2025-12-11,original_baseline_v2,20000.0,512200,房地产ETF,金融地产,sector,2700,1.48,1.483,4004.1,1
2025-12-12,original_baseline_v2,20000.0,159770,机器人ETF,科技与新质生产力,theme,4000,0.982,0.993,3972.0,7
2025-12-12,original_baseline_v2,20000.0,512880,证券ETF,金融地产,high_beta,3400,1.161,1.196,4066.4,6
2025-12-12,original_baseline_v2,20000.0,512200,房地产ETF,金融地产,sector,2700,1.48,1.479,3993.3,2
2025-12-15,original_baseline_v2,20000.0,159770,机器人ETF,科技与新质生产力,theme,4000,0.982,0.976,3904.0,8
2025-12-15,original_baseline_v2,20000.0,512880,证券ETF,金融地产,high_beta,3400,1.161,1.202,4086.8,7
2025-12-15,original_baseline_v2,20000.0,512200,房地产ETF,金融地产,sector,2700,1.48,1.463,3950.1,3
2025-12-16,original_baseline_v2,20000.0,159770,机器人ETF,科技与新质生产力,theme,4000,0.982,0.958,3832.0,9
2025-12-16,original_baseline_v2,20000.0,512880,证券ETF,金融地产,high_beta,3400,1.161,1.193,4056.2,8
2025-12-16,original_baseline_v2,20000.0,512200,房地产ETF,金融地产,sector,2700,1.48,1.449,3912.3,4
2025-12-17,original_baseline_v2,20000.0,159770,机器人ETF,科技与新质生产力,theme,4000,0.982,0.973,3892.0,10
2025-12-17,original_baseline_v2,20000.0,512880,证券ETF,金融地产,high_beta,3400,1.161,1.218,4141.2,9
2025-12-17,original_baseline_v2,20000.0,512200,房地产ETF,金融地产,sector,2700,1.48,1.448,3909.6,5
2025-12-18,original_baseline_v2,20000.0,159770,机器人ETF,科技与新质生产力,theme,4000,0.982,0.963,3852.0,11
2025-12-18,original_baseline_v2,20000.0,512880,证券ETF,金融地产,high_beta,3400,1.161,1.206,4100.4,10
2025-12-18,original_baseline_v2,20000.0,512200,房地产ETF,金融地产,sector,2700,1.48,1.443,3896.1,6
2025-12-19,original_baseline_v2,20000.0,159770,机器人ETF,科技与新质生产力,theme,4000,0.982,0.972,3888.0,12
2025-12-19,original_baseline_v2,20000.0,512880,证券ETF,金融地产,high_beta,3400,1.161,1.211,4117.4,11
2025-12-19,original_baseline_v2,20000.0,512200,房地产ETF,金融地产,sector,2700,1.48,1.47,3969.0,7
2025-12-22,original_baseline_v2,20000.0,159770,机器人ETF,科技与新质生产力,theme,4000,0.982,0.987,3948.0,13
2025-12-22,original_baseline_v2,20000.0,512880,证券ETF,金融地产,high_beta,3400,1.161,1.211,4117.4,12
2025-12-22,original_baseline_v2,20000.0,512200,房地产ETF,金融地产,sector,2700,1.48,1.488,4017.6,8
2025-12-23,original_baseline_v2,20000.0,159770,机器人ETF,科技与新质生产力,theme,4000,0.982,0.977,3908.0,14
2025-12-23,original_baseline_v2,20000.0,512880,证券ETF,金融地产,high_beta,3400,1.161,1.207,4103.8,13
2025-12-23,original_baseline_v2,20000.0,512200,房地产ETF,金融地产,sector,2700,1.48,1.473,3977.1,9
2025-12-24,original_baseline_v2,20000.0,159770,机器人ETF,科技与新质生产力,theme,4000,0.982,0.988,3952.0,15
2025-12-24,original_baseline_v2,20000.0,512880,证券ETF,金融地产,high_beta,3400,1.161,1.218,4141.2,14
2025-12-24,original_baseline_v2,20000.0,512200,房地产ETF,金融地产,sector,2700,1.48,1.483,4004.1,10
2025-12-25,original_baseline_v2,20000.0,159770,机器人ETF,科技与新质生产力,theme,4000,0.982,1.018,4072.0,16
2025-12-25,original_baseline_v2,20000.0,512880,证券ETF,金融地产,high_beta,3400,1.161,1.221,4151.4,15
2025-12-25,original_baseline_v2,20000.0,512200,房地产ETF,金融地产,sector,2700,1.48,1.494,4033.8,11
2025-12-26,original_baseline_v2,20000.0,159770,机器人ETF,科技与新质生产力,theme,4000,0.982,1.019,4076.0,17
2025-12-26,original_baseline_v2,20000.0,512880,证券ETF,金融地产,high_beta,3400,1.161,1.229,4178.6,16
2025-12-26,original_baseline_v2,20000.0,512200,房地产ETF,金融地产,sector,2700,1.48,1.501,4052.7,12
2025-12-29,original_baseline_v2,20000.0,159770,机器人ETF,科技与新质生产力,theme,4000,0.982,1.028,4112.0,18
2025-12-29,original_baseline_v2,20000.0,512880,证券ETF,金融地产,high_beta,3400,1.161,1.222,4154.8,17
2025-12-29,original_baseline_v2,20000.0,512200,房地产ETF,金融地产,sector,2700,1.48,1.495,4036.5,13
2025-12-30,original_baseline_v2,20000.0,159770,机器人ETF,科技与新质生产力,theme,4000,0.982,1.06,4240.0,19
2025-12-30,original_baseline_v2,20000.0,512880,证券ETF,金融地产,high_beta,3400,1.161,1.216,4134.4,18
2025-12-30,original_baseline_v2,20000.0,512200,房地产ETF,金融地产,sector,2700,1.48,1.479,3993.3,14
2025-12-31,original_baseline_v2,20000.0,512880,证券ETF,金融地产,high_beta,3400,1.161,1.211,4117.4,19
2025-12-31,original_baseline_v2,20000.0,512200,房地产ETF,金融地产,sector,2700,1.48,1.499,4047.3,15
2025-12-31,original_baseline_v2,20000.0,159992,银华创新药ETF,医药与消费升级,theme,4700,0.835,0.831,3905.7,0
2026-01-05,original_baseline_v2,20000.0,512200,房地产ETF,金融地产,sector,2700,1.48,1.514,4087.8,16
2026-01-05,original_baseline_v2,20000.0,159992,银华创新药ETF,医药与消费升级,theme,4700,0.835,0.866,4070.2,0
2026-01-05,original_baseline_v2,20000.0,515120,广发创新药ETF,医药与消费升级,theme,6100,0.651,0.649,3958.9,0
2026-01-06,original_baseline_v2,20000.0,512200,房地产ETF,金融地产,sector,2700,1.48,1.536,4147.2,17
2026-01-06,original_baseline_v2,20000.0,159992,银华创新药ETF,医药与消费升级,theme,4700,0.835,0.869,4084.3,1
2026-01-06,original_baseline_v2,20000.0,515120,广发创新药ETF,医药与消费升级,theme,6100,0.651,0.652,3977.2,0
2026-01-07,original_baseline_v2,20000.0,512200,房地产ETF,金融地产,sector,2700,1.48,1.537,4149.9,18
2026-01-07,original_baseline_v2,20000.0,159992,银华创新药ETF,医药与消费升级,theme,4700,0.835,0.882,4145.4,2
2026-01-07,original_baseline_v2,20000.0,515120,广发创新药ETF,医药与消费升级,theme,6100,0.651,0.661,4032.1,1
2026-01-08,original_baseline_v2,20000.0,512200,房地产ETF,金融地产,sector,2700,1.48,1.562,4217.4,19
2026-01-08,original_baseline_v2,20000.0,159992,银华创新药ETF,医药与消费升级,theme,4700,0.835,0.882,4145.4,3
2026-01-08,original_baseline_v2,20000.0,515120,广发创新药ETF,医药与消费升级,theme,6100,0.651,0.661,4032.1,2
2026-01-09,original_baseline_v2,20000.0,159992,银华创新药ETF,医药与消费升级,theme,4700,0.835,0.897,4215.9,4
2026-01-09,original_baseline_v2,20000.0,515120,广发创新药ETF,医药与消费升级,theme,6100,0.651,0.671,4093.1,3
2026-01-09,original_baseline_v2,20000.0,512690,酒ETF,消费医药,sector,7300,0.547,0.547,3993.1,0
2026-01-12,original_baseline_v2,20000.0,159992,银华创新药ETF,医药与消费升级,theme,4700,0.835,0.897,4215.9,5
2026-01-12,original_baseline_v2,20000.0,515120,广发创新药ETF,医药与消费升级,theme,6100,0.651,0.673,4105.3,4
2026-01-12,original_baseline_v2,20000.0,512690,酒ETF,消费医药,sector,7300,0.547,0.553,4036.9,0
2026-01-13,original_baseline_v2,20000.0,159992,银华创新药ETF,医药与消费升级,theme,4700,0.835,0.908,4267.6,6
2026-01-13,original_baseline_v2,20000.0,515120,广发创新药ETF,医药与消费升级,theme,6100,0.651,0.68,4148.0,5
2026-01-13,original_baseline_v2,20000.0,512690,酒ETF,消费医药,sector,7300,0.547,0.548,4000.4,1
2026-01-14,original_baseline_v2,20000.0,159992,银华创新药ETF,医药与消费升级,theme,4700,0.835,0.896,4211.2,7
2026-01-14,original_baseline_v2,20000.0,515120,广发创新药ETF,医药与消费升级,theme,6100,0.651,0.674,4111.4,6
2026-01-14,original_baseline_v2,20000.0,512690,酒ETF,消费医药,sector,7300,0.547,0.545,3978.5,2
2026-01-15,original_baseline_v2,20000.0,159992,银华创新药ETF,医药与消费升级,theme,4700,0.835,0.89,4183.0,8
2026-01-15,original_baseline_v2,20000.0,515120,广发创新药ETF,医药与消费升级,theme,6100,0.651,0.667,4068.7,7
2026-01-15,original_baseline_v2,20000.0,512690,酒ETF,消费医药,sector,7300,0.547,0.54,3942.0,3
2026-01-16,original_baseline_v2,20000.0,159992,银华创新药ETF,医药与消费升级,theme,4700,0.835,0.882,4145.4,9
2026-01-16,original_baseline_v2,20000.0,515120,广发创新药ETF,医药与消费升级,theme,6100,0.651,0.663,4044.3,8
2026-01-16,original_baseline_v2,20000.0,512690,酒ETF,消费医药,sector,7300,0.547,0.537,3920.1,4
2026-01-19,original_baseline_v2,20000.0,159992,银华创新药ETF,医药与消费升级,theme,4700,0.835,0.875,4112.5,10
2026-01-19,original_baseline_v2,20000.0,515120,广发创新药ETF,医药与消费升级,theme,6100,0.651,0.656,4001.6,9
2026-01-19,original_baseline_v2,20000.0,512690,酒ETF,消费医药,sector,7300,0.547,0.535,3905.5,5
2026-01-20,original_baseline_v2,20000.0,159992,银华创新药ETF,医药与消费升级,theme,4700,0.835,0.864,4060.8,11
2026-01-20,original_baseline_v2,20000.0,515120,广发创新药ETF,医药与消费升级,theme,6100,0.651,0.649,3958.9,10
2026-01-20,original_baseline_v2,20000.0,512690,酒ETF,消费医药,sector,7300,0.547,0.54,3942.0,6
2026-01-21,original_baseline_v2,20000.0,159992,银华创新药ETF,医药与消费升级,theme,4700,0.835,0.864,4060.8,12
2026-01-21,original_baseline_v2,20000.0,515120,广发创新药ETF,医药与消费升级,theme,6100,0.651,0.647,3946.7,11
2026-01-21,original_baseline_v2,20000.0,512690,酒ETF,消费医药,sector,7300,0.547,0.531,3876.3,7
2026-01-22,original_baseline_v2,20000.0,159992,银华创新药ETF,医药与消费升级,theme,4700,0.835,0.854,4013.8,13
2026-01-22,original_baseline_v2,20000.0,515120,广发创新药ETF,医药与消费升级,theme,6100,0.651,0.64,3904.0,12
2026-01-22,original_baseline_v2,20000.0,512690,酒ETF,消费医药,sector,7300,0.547,0.529,3861.7,8
2026-01-23,original_baseline_v2,20000.0,159992,银华创新药ETF,医药与消费升级,theme,4700,0.835,0.862,4051.4,14
2026-01-23,original_baseline_v2,20000.0,515120,广发创新药ETF,医药与消费升级,theme,6100,0.651,0.646,3940.6,13
2026-01-23,original_baseline_v2,20000.0,512690,酒ETF,消费医药,sector,7300,0.547,0.527,3847.1,9
2026-01-26,original_baseline_v2,20000.0,159992,银华创新药ETF,医药与消费升级,theme,4700,0.835,0.867,4074.9,15
2026-01-26,original_baseline_v2,20000.0,515120,广发创新药ETF,医药与消费升级,theme,6100,0.651,0.65,3965.0,14
2026-01-26,original_baseline_v2,20000.0,512690,酒ETF,消费医药,sector,7300,0.547,0.524,3825.2,10
2026-01-27,original_baseline_v2,20000.0,159992,银华创新药ETF,医药与消费升级,theme,4700,0.835,0.853,4009.1,16
2026-01-27,original_baseline_v2,20000.0,515120,广发创新药ETF,医药与消费升级,theme,6100,0.651,0.641,3910.1,15
2026-01-27,original_baseline_v2,20000.0,512690,酒ETF,消费医药,sector,7300,0.547,0.516,3766.8,11
2026-01-28,original_baseline_v2,20000.0,159992,银华创新药ETF,医药与消费升级,theme,4700,0.835,0.844,3966.8,17
2026-01-28,original_baseline_v2,20000.0,515120,广发创新药ETF,医药与消费升级,theme,6100,0.651,0.632,3855.2,16
2026-01-28,original_baseline_v2,20000.0,512690,酒ETF,消费医药,sector,7300,0.547,0.516,3766.8,12
2026-01-29,original_baseline_v2,20000.0,159992,银华创新药ETF,医药与消费升级,theme,4700,0.835,0.848,3985.6,18
2026-01-29,original_baseline_v2,20000.0,515120,广发创新药ETF,医药与消费升级,theme,6100,0.651,0.635,3873.5,17
2026-01-29,original_baseline_v2,20000.0,512690,酒ETF,消费医药,sector,7300,0.547,0.568,4146.4,13
2026-01-30,original_baseline_v2,20000.0,159992,银华创新药ETF,医药与消费升级,theme,4700,0.835,0.838,3938.6,19
2026-01-30,original_baseline_v2,20000.0,515120,广发创新药ETF,医药与消费升级,theme,6100,0.651,0.627,3824.7,18
2026-01-30,original_baseline_v2,20000.0,512690,酒ETF,消费医药,sector,7300,0.547,0.541,3949.3,14
2026-02-02,original_baseline_v2,20000.0,515120,广发创新药ETF,医药与消费升级,theme,6100,0.651,0.61,3721.0,19
2026-02-02,original_baseline_v2,20000.0,512690,酒ETF,消费医药,sector,7300,0.547,0.549,4007.7,15
2026-02-02,original_baseline_v2,20000.0,510230,金融ETF,金融地产,sector,2900,1.349,1.347,3906.3,0
2026-02-03,original_baseline_v2,20000.0,512690,酒ETF,消费医药,sector,7300,0.547,0.551,4022.3,16
2026-02-03,original_baseline_v2,20000.0,510230,金融ETF,金融地产,sector,2900,1.349,1.342,3891.8,0
2026-02-03,original_baseline_v2,20000.0,159755,电池ETF,新能源制造,commodity_resource,3800,1.05,1.05,3990.0,0
2026-02-04,original_baseline_v2,20000.0,512690,酒ETF,消费医药,sector,7300,0.547,0.562,4102.6,17
2026-02-04,original_baseline_v2,20000.0,510230,金融ETF,金融地产,sector,2900,1.349,1.357,3935.3,1
2026-02-04,original_baseline_v2,20000.0,159755,电池ETF,新能源制造,commodity_resource,3800,1.05,1.064,4043.2,0
2026-02-05,original_baseline_v2,20000.0,512690,酒ETF,消费医药,sector,7300,0.547,0.565,4124.5,18
2026-02-05,original_baseline_v2,20000.0,510230,金融ETF,金融地产,sector,2900,1.349,1.372,3978.8,2
2026-02-05,original_baseline_v2,20000.0,159755,电池ETF,新能源制造,commodity_resource,3800,1.05,1.041,3955.8,1
2026-02-06,original_baseline_v2,20000.0,512690,酒ETF,消费医药,sector,7300,0.547,0.554,4044.2,19
2026-02-06,original_baseline_v2,20000.0,510230,金融ETF,金融地产,sector,2900,1.349,1.365,3958.5,3
2026-02-06,original_baseline_v2,20000.0,159755,电池ETF,新能源制造,commodity_resource,3800,1.05,1.06,4028.0,2
2026-02-09,original_baseline_v2,20000.0,510230,金融ETF,金融地产,sector,2900,1.349,1.378,3996.2,4
2026-02-09,original_baseline_v2,20000.0,159755,电池ETF,新能源制造,commodity_resource,3800,1.05,1.071,4069.8,3
2026-02-09,original_baseline_v2,20000.0,516080,易方达创新药ETF,医药与消费升级,theme,6000,0.66,0.661,3966.0,0
2026-02-10,original_baseline_v2,20000.0,510230,金融ETF,金融地产,sector,2900,1.349,1.379,3999.1,5
2026-02-10,original_baseline_v2,20000.0,159755,电池ETF,新能源制造,commodity_resource,3800,1.05,1.067,4054.6,4
2026-02-10,original_baseline_v2,20000.0,516080,易方达创新药ETF,医药与消费升级,theme,6000,0.66,0.67,4020.0,0
2026-02-11,original_baseline_v2,20000.0,510230,金融ETF,金融地产,sector,2900,1.349,1.376,3990.4,6
2026-02-11,original_baseline_v2,20000.0,159755,电池ETF,新能源制造,commodity_resource,3800,1.05,1.09,4142.0,5
2026-02-11,original_baseline_v2,20000.0,516080,易方达创新药ETF,医药与消费升级,theme,6000,0.66,0.67,4020.0,1
2026-02-12,original_baseline_v2,20000.0,510230,金融ETF,金融地产,sector,2900,1.349,1.359,3941.1,7
2026-02-12,original_baseline_v2,20000.0,159755,电池ETF,新能源制造,commodity_resource,3800,1.05,1.101,4183.8,6
2026-02-12,original_baseline_v2,20000.0,516080,易方达创新药ETF,医药与消费升级,theme,6000,0.66,0.667,4002.0,2
2026-02-13,original_baseline_v2,20000.0,510230,金融ETF,金融地产,sector,2900,1.349,1.348,3909.2,8
2026-02-13,original_baseline_v2,20000.0,159755,电池ETF,新能源制造,commodity_resource,3800,1.05,1.088,4134.4,7
2026-02-13,original_baseline_v2,20000.0,516080,易方达创新药ETF,医药与消费升级,theme,6000,0.66,0.658,3948.0,3
2026-02-24,original_baseline_v2,20000.0,510230,金融ETF,金融地产,sector,2900,1.349,1.34,3886.0,9
2026-02-24,original_baseline_v2,20000.0,159755,电池ETF,新能源制造,commodity_resource,3800,1.05,1.095,4161.0,8
2026-02-24,original_baseline_v2,20000.0,516080,易方达创新药ETF,医药与消费升级,theme,6000,0.66,0.654,3924.0,4
2026-02-25,original_baseline_v2,20000.0,510230,金融ETF,金融地产,sector,2900,1.349,1.338,3880.2,10
2026-02-25,original_baseline_v2,20000.0,159755,电池ETF,新能源制造,commodity_resource,3800,1.05,1.118,4248.4,9
2026-02-25,original_baseline_v2,20000.0,516080,易方达创新药ETF,医药与消费升级,theme,6000,0.66,0.66,3960.0,5
2026-02-26,original_baseline_v2,20000.0,510230,金融ETF,金融地产,sector,2900,1.349,1.325,3842.5,11
2026-02-26,original_baseline_v2,20000.0,159755,电池ETF,新能源制造,commodity_resource,3800,1.05,1.097,4168.6,10
2026-02-26,original_baseline_v2,20000.0,516080,易方达创新药ETF,医药与消费升级,theme,6000,0.66,0.65,3900.0,6
2026-02-27,original_baseline_v2,20000.0,510230,金融ETF,金融地产,sector,2900,1.349,1.325,3842.5,12
2026-02-27,original_baseline_v2,20000.0,159755,电池ETF,新能源制造,commodity_resource,3800,1.05,1.1,4180.0,11
2026-02-27,original_baseline_v2,20000.0,516080,易方达创新药ETF,医药与消费升级,theme,6000,0.66,0.651,3906.0,7
2026-03-02,original_baseline_v2,20000.0,510230,金融ETF,金融地产,sector,2900,1.349,1.321,3830.9,13
2026-03-02,original_baseline_v2,20000.0,159755,电池ETF,新能源制造,commodity_resource,3800,1.05,1.101,4183.8,12
2026-03-02,original_baseline_v2,20000.0,516080,易方达创新药ETF,医药与消费升级,theme,6000,0.66,0.634,3804.0,8
2026-03-03,original_baseline_v2,20000.0,510230,金融ETF,金融地产,sector,2900,1.349,1.328,3851.2,14
2026-03-03,original_baseline_v2,20000.0,159755,电池ETF,新能源制造,commodity_resource,3800,1.05,1.068,4058.4,13
2026-03-03,original_baseline_v2,20000.0,516080,易方达创新药ETF,医药与消费升级,theme,6000,0.66,0.614,3684.0,9
2026-03-04,original_baseline_v2,20000.0,510230,金融ETF,金融地产,sector,2900,1.349,1.304,3781.6,15
2026-03-04,original_baseline_v2,20000.0,159755,电池ETF,新能源制造,commodity_resource,3800,1.05,1.067,4054.6,14
2026-03-04,original_baseline_v2,20000.0,516080,易方达创新药ETF,医药与消费升级,theme,6000,0.66,0.61,3660.0,10
2026-03-05,original_baseline_v2,20000.0,510230,金融ETF,金融地产,sector,2900,1.349,1.318,3822.2,16
2026-03-05,original_baseline_v2,20000.0,159755,电池ETF,新能源制造,commodity_resource,3800,1.05,1.069,4062.2,15
2026-03-05,original_baseline_v2,20000.0,516080,易方达创新药ETF,医药与消费升级,theme,6000,0.66,0.614,3684.0,11
2026-03-06,original_baseline_v2,20000.0,510230,金融ETF,金融地产,sector,2900,1.349,1.322,3833.8,17
2026-03-06,original_baseline_v2,20000.0,159755,电池ETF,新能源制造,commodity_resource,3800,1.05,1.064,4043.2,16
2026-03-06,original_baseline_v2,20000.0,516080,易方达创新药ETF,医药与消费升级,theme,6000,0.66,0.634,3804.0,12
2026-03-09,original_baseline_v2,20000.0,510230,金融ETF,金融地产,sector,2900,1.349,1.307,3790.3,18
2026-03-09,original_baseline_v2,20000.0,159755,电池ETF,新能源制造,commodity_resource,3800,1.05,1.073,4077.4,17
2026-03-09,original_baseline_v2,20000.0,516080,易方达创新药ETF,医药与消费升级,theme,6000,0.66,0.624,3744.0,13
2026-03-10,original_baseline_v2,20000.0,510230,金融ETF,金融地产,sector,2900,1.349,1.314,3810.6,19
2026-03-10,original_baseline_v2,20000.0,159755,电池ETF,新能源制造,commodity_resource,3800,1.05,1.094,4157.2,18
2026-03-10,original_baseline_v2,20000.0,516080,易方达创新药ETF,医药与消费升级,theme,6000,0.66,0.644,3864.0,14
2026-03-11,original_baseline_v2,20000.0,159755,电池ETF,新能源制造,commodity_resource,3800,1.05,1.123,4267.4,19
2026-03-11,original_baseline_v2,20000.0,516080,易方达创新药ETF,医药与消费升级,theme,6000,0.66,0.638,3828.0,15
2026-03-11,original_baseline_v2,20000.0,512690,酒ETF,消费医药,sector,7900,0.505,0.506,3997.4,0
2026-03-12,original_baseline_v2,20000.0,516080,易方达创新药ETF,医药与消费升级,theme,6000,0.66,0.632,3792.0,16
2026-03-12,original_baseline_v2,20000.0,512690,酒ETF,消费医药,sector,7900,0.505,0.506,3997.4,0
2026-03-12,original_baseline_v2,20000.0,512200,房地产ETF,金融地产,sector,2700,1.462,1.468,3963.6,0
2026-03-13,original_baseline_v2,20000.0,516080,易方达创新药ETF,医药与消费升级,theme,6000,0.66,0.628,3768.0,17
2026-03-13,original_baseline_v2,20000.0,512690,酒ETF,消费医药,sector,7900,0.505,0.512,4044.8,1
2026-03-13,original_baseline_v2,20000.0,512200,房地产ETF,金融地产,sector,2700,1.462,1.468,3963.6,0
2026-03-16,original_baseline_v2,20000.0,516080,易方达创新药ETF,医药与消费升级,theme,6000,0.66,0.635,3810.0,18
2026-03-16,original_baseline_v2,20000.0,512690,酒ETF,消费医药,sector,7900,0.505,0.519,4100.1,2
2026-03-16,original_baseline_v2,20000.0,512200,房地产ETF,金融地产,sector,2700,1.462,1.477,3987.9,1
2026-03-17,original_baseline_v2,20000.0,516080,易方达创新药ETF,医药与消费升级,theme,6000,0.66,0.638,3828.0,19
2026-03-17,original_baseline_v2,20000.0,512690,酒ETF,消费医药,sector,7900,0.505,0.518,4092.2,3
2026-03-17,original_baseline_v2,20000.0,512200,房地产ETF,金融地产,sector,2700,1.462,1.482,4001.4,2
2026-03-18,original_baseline_v2,20000.0,512690,酒ETF,消费医药,sector,7900,0.505,0.513,4052.7,4
2026-03-18,original_baseline_v2,20000.0,512200,房地产ETF,金融地产,sector,2700,1.462,1.466,3958.2,3
2026-03-18,original_baseline_v2,20000.0,512070,非银ETF,金融地产,high_beta,4700,0.839,0.847,3980.9,0
2026-03-19,original_baseline_v2,20000.0,512690,酒ETF,消费医药,sector,7900,0.505,0.504,3981.6,5
2026-03-19,original_baseline_v2,20000.0,512200,房地产ETF,金融地产,sector,2700,1.462,1.426,3850.2,4
2026-03-19,original_baseline_v2,20000.0,512070,非银ETF,金融地产,high_beta,4700,0.839,0.832,3910.4,0
2026-03-20,original_baseline_v2,20000.0,512690,酒ETF,消费医药,sector,7900,0.505,0.5,3950.0,6
2026-03-20,original_baseline_v2,20000.0,512200,房地产ETF,金融地产,sector,2700,1.462,1.401,3782.7,5
2026-03-20,original_baseline_v2,20000.0,512070,非银ETF,金融地产,high_beta,4700,0.839,0.818,3844.6,1
2026-03-23,original_baseline_v2,20000.0,512690,酒ETF,消费医药,sector,7900,0.505,0.484,3823.6,7
2026-03-23,original_baseline_v2,20000.0,512200,房地产ETF,金融地产,sector,2700,1.462,1.331,3593.7,6
2026-03-23,original_baseline_v2,20000.0,512070,非银ETF,金融地产,high_beta,4700,0.839,0.787,3698.9,2
2026-03-24,original_baseline_v2,20000.0,512690,酒ETF,消费医药,sector,7900,0.505,0.49,3871.0,8
2026-03-24,original_baseline_v2,20000.0,512200,房地产ETF,金融地产,sector,2700,1.462,1.369,3696.3,7
2026-03-24,original_baseline_v2,20000.0,512070,非银ETF,金融地产,high_beta,4700,0.839,0.793,3727.1,3
2026-03-25,original_baseline_v2,20000.0,512690,酒ETF,消费医药,sector,7900,0.505,0.492,3886.8,9
2026-03-25,original_baseline_v2,20000.0,512200,房地产ETF,金融地产,sector,2700,1.462,1.389,3750.3,8
2026-03-25,original_baseline_v2,20000.0,512070,非银ETF,金融地产,high_beta,4700,0.839,0.803,3774.1,4
2026-03-26,original_baseline_v2,20000.0,512690,酒ETF,消费医药,sector,7900,0.505,0.486,3839.4,10
2026-03-26,original_baseline_v2,20000.0,512200,房地产ETF,金融地产,sector,2700,1.462,1.363,3680.1,9
2026-03-26,original_baseline_v2,20000.0,512070,非银ETF,金融地产,high_beta,4700,0.839,0.78,3666.0,5
2026-03-27,original_baseline_v2,20000.0,512690,酒ETF,消费医药,sector,7900,0.505,0.492,3886.8,11
2026-03-27,original_baseline_v2,20000.0,512200,房地产ETF,金融地产,sector,2700,1.462,1.373,3707.1,10
2026-03-27,original_baseline_v2,20000.0,512070,非银ETF,金融地产,high_beta,4700,0.839,0.782,3675.4,6
2026-03-30,original_baseline_v2,20000.0,512690,酒ETF,消费医药,sector,7900,0.505,0.493,3894.7,12
2026-03-30,original_baseline_v2,20000.0,512200,房地产ETF,金融地产,sector,2700,1.462,1.369,3696.3,11
2026-03-30,original_baseline_v2,20000.0,512070,非银ETF,金融地产,high_beta,4700,0.839,0.775,3642.5,7
2026-03-31,original_baseline_v2,20000.0,512690,酒ETF,消费医药,sector,7900,0.505,0.493,3894.7,13
2026-03-31,original_baseline_v2,20000.0,512200,房地产ETF,金融地产,sector,2700,1.462,1.356,3661.2,12
2026-03-31,original_baseline_v2,20000.0,512070,非银ETF,金融地产,high_beta,4700,0.839,0.774,3637.8,8
2026-04-01,original_baseline_v2,20000.0,512690,酒ETF,消费医药,sector,7900,0.505,0.498,3934.2,14
2026-04-01,original_baseline_v2,20000.0,512200,房地产ETF,金融地产,sector,2700,1.462,1.364,3682.8,13
2026-04-01,original_baseline_v2,20000.0,512070,非银ETF,金融地产,high_beta,4700,0.839,0.788,3703.6,9
2026-04-02,original_baseline_v2,20000.0,512690,酒ETF,消费医药,sector,7900,0.505,0.499,3942.1,15
2026-04-02,original_baseline_v2,20000.0,512200,房地产ETF,金融地产,sector,2700,1.462,1.329,3588.3,14
2026-04-02,original_baseline_v2,20000.0,512070,非银ETF,金融地产,high_beta,4700,0.839,0.775,3642.5,10
2026-04-03,original_baseline_v2,20000.0,512690,酒ETF,消费医药,sector,7900,0.505,0.494,3902.6,16
2026-04-03,original_baseline_v2,20000.0,512200,房地产ETF,金融地产,sector,2700,1.462,1.301,3512.7,15
2026-04-03,original_baseline_v2,20000.0,512070,非银ETF,金融地产,high_beta,4700,0.839,0.771,3623.7,11
2026-04-07,original_baseline_v2,20000.0,512690,酒ETF,消费医药,sector,7900,0.505,0.491,3878.9,17
2026-04-07,original_baseline_v2,20000.0,512200,房地产ETF,金融地产,sector,2700,1.462,1.303,3518.1,16
2026-04-07,original_baseline_v2,20000.0,512070,非银ETF,金融地产,high_beta,4700,0.839,0.766,3600.2,12
2026-04-08,original_baseline_v2,20000.0,512690,酒ETF,消费医药,sector,7900,0.505,0.498,3934.2,18
2026-04-08,original_baseline_v2,20000.0,512200,房地产ETF,金融地产,sector,2700,1.462,1.353,3653.1,17
2026-04-08,original_baseline_v2,20000.0,512070,非银ETF,金融地产,high_beta,4700,0.839,0.798,3750.6,13
2026-04-09,original_baseline_v2,20000.0,512690,酒ETF,消费医药,sector,7900,0.505,0.49,3871.0,19
2026-04-09,original_baseline_v2,20000.0,512200,房地产ETF,金融地产,sector,2700,1.462,1.334,3601.8,18
2026-04-09,original_baseline_v2,20000.0,512070,非银ETF,金融地产,high_beta,4700,0.839,0.783,3680.1,14
2026-04-10,original_baseline_v2,20000.0,512200,房地产ETF,金融地产,sector,2700,1.462,1.348,3639.6,19
2026-04-10,original_baseline_v2,20000.0,512070,非银ETF,金融地产,high_beta,4700,0.839,0.803,3774.1,15
2026-04-10,original_baseline_v2,20000.0,512660,军工ETF,新能源制造,commodity_resource,3000,1.33,1.339,4017.0,0
2026-04-13,original_baseline_v2,20000.0,512070,非银ETF,金融地产,high_beta,4700,0.839,0.8,3760.0,16
2026-04-13,original_baseline_v2,20000.0,512660,军工ETF,新能源制造,commodity_resource,3000,1.33,1.351,4053.0,0
2026-04-13,original_baseline_v2,20000.0,515790,光伏ETF,新能源制造,commodity_resource,3700,1.06,1.056,3907.2,0
2026-04-14,original_baseline_v2,20000.0,512070,非银ETF,金融地产,high_beta,4700,0.839,0.807,3792.9,17
2026-04-14,original_baseline_v2,20000.0,512660,军工ETF,新能源制造,commodity_resource,3000,1.33,1.375,4125.0,1
2026-04-14,original_baseline_v2,20000.0,515790,光伏ETF,新能源制造,commodity_resource,3700,1.06,1.064,3936.8,0
2026-04-15,original_baseline_v2,20000.0,512070,非银ETF,金融地产,high_beta,4700,0.839,0.803,3774.1,18
2026-04-15,original_baseline_v2,20000.0,512660,军工ETF,新能源制造,commodity_resource,3000,1.33,1.367,4101.0,2
2026-04-15,original_baseline_v2,20000.0,515790,光伏ETF,新能源制造,commodity_resource,3700,1.06,1.058,3914.6,1
2026-04-16,original_baseline_v2,20000.0,512070,非银ETF,金融地产,high_beta,4700,0.839,0.807,3792.9,19
2026-04-16,original_baseline_v2,20000.0,512660,军工ETF,新能源制造,commodity_resource,3000,1.33,1.375,4125.0,3
2026-04-16,original_baseline_v2,20000.0,515790,光伏ETF,新能源制造,commodity_resource,3700,1.06,1.07,3959.0,2
2026-04-17,original_baseline_v2,20000.0,512660,军工ETF,新能源制造,commodity_resource,3000,1.33,1.386,4158.0,4
2026-04-17,original_baseline_v2,20000.0,515790,光伏ETF,新能源制造,commodity_resource,3700,1.06,1.071,3962.7,3
2026-04-17,original_baseline_v2,20000.0,512880,证券ETF,金融地产,high_beta,3700,1.078,1.076,3981.2,0
2026-04-20,original_baseline_v2,20000.0,512660,军工ETF,新能源制造,commodity_resource,3000,1.33,1.425,4275.0,5
2026-04-20,original_baseline_v2,20000.0,515790,光伏ETF,新能源制造,commodity_resource,3700,1.06,1.086,4018.2,4
2026-04-20,original_baseline_v2,20000.0,512880,证券ETF,金融地产,high_beta,3700,1.078,1.075,3977.5,0
2026-04-21,original_baseline_v2,20000.0,512660,军工ETF,新能源制造,commodity_resource,3000,1.33,1.416,4248.0,6
2026-04-21,original_baseline_v2,20000.0,515790,光伏ETF,新能源制造,commodity_resource,3700,1.06,1.082,4003.4,5
2026-04-21,original_baseline_v2,20000.0,512880,证券ETF,金融地产,high_beta,3700,1.078,1.066,3944.2,1
2026-04-22,original_baseline_v2,20000.0,512660,军工ETF,新能源制造,commodity_resource,3000,1.33,1.42,4260.0,7
2026-04-22,original_baseline_v2,20000.0,515790,光伏ETF,新能源制造,commodity_resource,3700,1.06,1.085,4014.5,6
2026-04-22,original_baseline_v2,20000.0,512880,证券ETF,金融地产,high_beta,3700,1.078,1.075,3977.5,2
2026-04-23,original_baseline_v2,20000.0,512660,军工ETF,新能源制造,commodity_resource,3000,1.33,1.424,4272.0,8
2026-04-23,original_baseline_v2,20000.0,515790,光伏ETF,新能源制造,commodity_resource,3700,1.06,1.078,3988.6,7
2026-04-23,original_baseline_v2,20000.0,512880,证券ETF,金融地产,high_beta,3700,1.078,1.066,3944.2,3
2026-04-24,original_baseline_v2,20000.0,512660,军工ETF,新能源制造,commodity_resource,3000,1.33,1.396,4188.0,9
2026-04-24,original_baseline_v2,20000.0,515790,光伏ETF,新能源制造,commodity_resource,3700,1.06,1.062,3929.4,8
2026-04-24,original_baseline_v2,20000.0,512880,证券ETF,金融地产,high_beta,3700,1.078,1.056,3907.2,4
2026-04-27,original_baseline_v2,20000.0,512660,军工ETF,新能源制造,commodity_resource,3000,1.33,1.393,4179.0,10
2026-04-27,original_baseline_v2,20000.0,515790,光伏ETF,新能源制造,commodity_resource,3700,1.06,1.053,3896.1,9
2026-04-27,original_baseline_v2,20000.0,512880,证券ETF,金融地产,high_beta,3700,1.078,1.057,3910.9,5
2026-04-28,original_baseline_v2,20000.0,512660,军工ETF,新能源制造,commodity_resource,3000,1.33,1.371,4113.0,11
2026-04-28,original_baseline_v2,20000.0,515790,光伏ETF,新能源制造,commodity_resource,3700,1.06,1.04,3848.0,10
2026-04-28,original_baseline_v2,20000.0,512880,证券ETF,金融地产,high_beta,3700,1.078,1.07,3959.0,6
2026-04-29,original_baseline_v2,20000.0,512660,军工ETF,新能源制造,commodity_resource,3000,1.33,1.377,4131.0,12
2026-04-29,original_baseline_v2,20000.0,515790,光伏ETF,新能源制造,commodity_resource,3700,1.06,1.059,3918.3,11
2026-04-29,original_baseline_v2,20000.0,512880,证券ETF,金融地产,high_beta,3700,1.078,1.076,3981.2,7
2026-04-30,original_baseline_v2,20000.0,512660,军工ETF,新能源制造,commodity_resource,3000,1.33,1.399,4197.0,13
2026-04-30,original_baseline_v2,20000.0,515790,光伏ETF,新能源制造,commodity_resource,3700,1.06,1.063,3933.1,12
2026-04-30,original_baseline_v2,20000.0,512880,证券ETF,金融地产,high_beta,3700,1.078,1.078,3988.6,8
2026-05-06,original_baseline_v2,20000.0,512660,军工ETF,新能源制造,commodity_resource,3000,1.33,1.43,4290.0,14
2026-05-06,original_baseline_v2,20000.0,515790,光伏ETF,新能源制造,commodity_resource,3700,1.06,1.086,4018.2,13
2026-05-06,original_baseline_v2,20000.0,512880,证券ETF,金融地产,high_beta,3700,1.078,1.094,4047.8,9
2026-05-07,original_baseline_v2,20000.0,512660,军工ETF,新能源制造,commodity_resource,3000,1.33,1.446,4338.0,15
2026-05-07,original_baseline_v2,20000.0,515790,光伏ETF,新能源制造,commodity_resource,3700,1.06,1.101,4073.7,14
2026-05-07,original_baseline_v2,20000.0,512880,证券ETF,金融地产,high_beta,3700,1.078,1.089,4029.3,10
2026-05-08,original_baseline_v2,20000.0,512660,军工ETF,新能源制造,commodity_resource,3000,1.33,1.474,4422.0,16
2026-05-08,original_baseline_v2,20000.0,515790,光伏ETF,新能源制造,commodity_resource,3700,1.06,1.096,4055.2,15
2026-05-08,original_baseline_v2,20000.0,512880,证券ETF,金融地产,high_beta,3700,1.078,1.08,3996.0,11
2026-05-11,original_baseline_v2,20000.0,512660,军工ETF,新能源制造,commodity_resource,3000,1.33,1.483,4449.0,17
2026-05-11,original_baseline_v2,20000.0,515790,光伏ETF,新能源制造,commodity_resource,3700,1.06,1.123,4155.1,16
2026-05-11,original_baseline_v2,20000.0,512880,证券ETF,金融地产,high_beta,3700,1.078,1.097,4058.9,12
2026-05-12,original_baseline_v2,20000.0,512660,军工ETF,新能源制造,commodity_resource,3000,1.33,1.469,4407.0,18
2026-05-12,original_baseline_v2,20000.0,515790,光伏ETF,新能源制造,commodity_resource,3700,1.06,1.122,4151.4,17
2026-05-12,original_baseline_v2,20000.0,512880,证券ETF,金融地产,high_beta,3700,1.078,1.102,4077.4,13
2026-05-13,original_baseline_v2,20000.0,512660,军工ETF,新能源制造,commodity_resource,3000,1.33,1.488,4464.0,19
2026-05-13,original_baseline_v2,20000.0,515790,光伏ETF,新能源制造,commodity_resource,3700,1.06,1.146,4240.2,18
2026-05-13,original_baseline_v2,20000.0,512880,证券ETF,金融地产,high_beta,3700,1.078,1.095,4051.5,14
2026-05-14,original_baseline_v2,20000.0,515790,光伏ETF,新能源制造,commodity_resource,3700,1.06,1.128,4173.6,19
2026-05-14,original_baseline_v2,20000.0,512880,证券ETF,金融地产,high_beta,3700,1.078,1.071,3962.7,15
2026-05-14,original_baseline_v2,20000.0,515120,广发创新药ETF,医药与消费升级,theme,6600,0.6,0.603,3979.8,0
2026-05-15,original_baseline_v2,20000.0,512880,证券ETF,金融地产,high_beta,3700,1.078,1.048,3877.6,16
2026-05-15,original_baseline_v2,20000.0,515120,广发创新药ETF,医药与消费升级,theme,6600,0.6,0.598,3946.8,0
2026-05-15,original_baseline_v2,20000.0,512690,酒ETF,消费医药,sector,8700,0.456,0.455,3958.5,0
2026-05-18,original_baseline_v2,20000.0,512880,证券ETF,金融地产,high_beta,3700,1.078,1.047,3873.9,17
2026-05-18,original_baseline_v2,20000.0,515120,广发创新药ETF,医药与消费升级,theme,6600,0.6,0.587,3874.2,1
2026-05-18,original_baseline_v2,20000.0,512690,酒ETF,消费医药,sector,8700,0.456,0.451,3923.7,0
2026-05-19,original_baseline_v2,20000.0,512880,证券ETF,金融地产,high_beta,3700,1.078,1.056,3907.2,18
2026-05-19,original_baseline_v2,20000.0,515120,广发创新药ETF,医药与消费升级,theme,6600,0.6,0.589,3887.4,2
2026-05-19,original_baseline_v2,20000.0,512690,酒ETF,消费医药,sector,8700,0.456,0.452,3932.4,1
2026-05-20,original_baseline_v2,20000.0,512880,证券ETF,金融地产,high_beta,3700,1.078,1.049,3881.3,19
2026-05-20,original_baseline_v2,20000.0,515120,广发创新药ETF,医药与消费升级,theme,6600,0.6,0.588,3880.8,3
2026-05-20,original_baseline_v2,20000.0,512690,酒ETF,消费医药,sector,8700,0.456,0.455,3958.5,2
2026-05-21,original_baseline_v2,20000.0,515120,广发创新药ETF,医药与消费升级,theme,6600,0.6,0.594,3920.4,4
2026-05-21,original_baseline_v2,20000.0,512690,酒ETF,消费医药,sector,8700,0.456,0.454,3949.8,3
2026-05-21,original_baseline_v2,20000.0,512400,有色ETF,周期资源,commodity_resource,2000,1.951,1.947,3894.0,0
2026-05-22,original_baseline_v2,20000.0,515120,广发创新药ETF,医药与消费升级,theme,6600,0.6,0.585,3861.0,5
2026-05-22,original_baseline_v2,20000.0,512690,酒ETF,消费医药,sector,8700,0.456,0.444,3862.8,4
2026-05-22,original_baseline_v2,20000.0,512400,有色ETF,周期资源,commodity_resource,2000,1.951,2.019,4038.0,0
2026-05-25,original_baseline_v2,20000.0,515120,广发创新药ETF,医药与消费升级,theme,6600,0.6,0.577,3808.2,6
2026-05-25,original_baseline_v2,20000.0,512690,酒ETF,消费医药,sector,8700,0.456,0.448,3897.6,5
2026-05-25,original_baseline_v2,20000.0,512400,有色ETF,周期资源,commodity_resource,2000,1.951,2.025,4050.0,1
2026-05-26,original_baseline_v2,20000.0,515120,广发创新药ETF,医药与消费升级,theme,6600,0.6,0.576,3801.6,7
2026-05-26,original_baseline_v2,20000.0,512690,酒ETF,消费医药,sector,8700,0.456,0.444,3862.8,6
2026-05-26,original_baseline_v2,20000.0,512400,有色ETF,周期资源,commodity_resource,2000,1.951,2.095,4190.0,2
2026-05-27,original_baseline_v2,20000.0,515120,广发创新药ETF,医药与消费升级,theme,6600,0.6,0.574,3788.4,8
2026-05-27,original_baseline_v2,20000.0,512690,酒ETF,消费医药,sector,8700,0.456,0.453,3941.1,7
2026-05-27,original_baseline_v2,20000.0,512400,有色ETF,周期资源,commodity_resource,2000,1.951,2.013,4026.0,3
2026-05-28,original_baseline_v2,20000.0,515120,广发创新药ETF,医药与消费升级,theme,6600,0.6,0.561,3702.6,9
2026-05-28,original_baseline_v2,20000.0,512690,酒ETF,消费医药,sector,8700,0.456,0.443,3854.1,8
2026-05-28,original_baseline_v2,20000.0,512400,有色ETF,周期资源,commodity_resource,2000,1.951,1.991,3982.0,4
2026-05-29,original_baseline_v2,20000.0,515120,广发创新药ETF,医药与消费升级,theme,6600,0.6,0.574,3788.4,10
2026-05-29,original_baseline_v2,20000.0,512690,酒ETF,消费医药,sector,8700,0.456,0.457,3975.9,9
2026-05-29,original_baseline_v2,20000.0,512400,有色ETF,周期资源,commodity_resource,2000,1.951,1.965,3930.0,5
2026-06-01,original_baseline_v2,20000.0,515120,广发创新药ETF,医药与消费升级,theme,6600,0.6,0.568,3748.8,11
2026-06-01,original_baseline_v2,20000.0,512690,酒ETF,消费医药,sector,8700,0.456,0.456,3967.2,10
2026-06-01,original_baseline_v2,20000.0,512400,有色ETF,周期资源,commodity_resource,2000,1.951,1.949,3898.0,6
2026-06-02,original_baseline_v2,20000.0,515120,广发创新药ETF,医药与消费升级,theme,6600,0.6,0.558,3682.8,12
2026-06-02,original_baseline_v2,20000.0,512690,酒ETF,消费医药,sector,8700,0.456,0.448,3897.6,11
2026-06-02,original_baseline_v2,20000.0,512400,有色ETF,周期资源,commodity_resource,2000,1.951,2.015,4030.0,7
2026-06-03,original_baseline_v2,20000.0,515120,广发创新药ETF,医药与消费升级,theme,6600,0.6,0.548,3616.8,13
2026-06-03,original_baseline_v2,20000.0,512690,酒ETF,消费医药,sector,8700,0.456,0.444,3862.8,12
2026-06-03,original_baseline_v2,20000.0,512400,有色ETF,周期资源,commodity_resource,2000,1.951,2.032,4064.0,8
2026-06-04,original_baseline_v2,20000.0,515120,广发创新药ETF,医药与消费升级,theme,6600,0.6,0.542,3577.2,14
2026-06-04,original_baseline_v2,20000.0,512690,酒ETF,消费医药,sector,8700,0.456,0.433,3767.1,13
2026-06-04,original_baseline_v2,20000.0,512400,有色ETF,周期资源,commodity_resource,2000,1.951,1.97,3940.0,9
2026-06-05,original_baseline_v2,20000.0,515120,广发创新药ETF,医药与消费升级,theme,6600,0.6,0.542,3577.2,15
2026-06-05,original_baseline_v2,20000.0,512690,酒ETF,消费医药,sector,8700,0.456,0.433,3767.1,14
2026-06-05,original_baseline_v2,20000.0,512400,有色ETF,周期资源,commodity_resource,2000,1.951,1.926,3852.0,10
2026-06-08,original_baseline_v2,20000.0,515120,广发创新药ETF,医药与消费升级,theme,6600,0.6,0.53,3498.0,16
2026-06-08,original_baseline_v2,20000.0,512690,酒ETF,消费医药,sector,8700,0.456,0.425,3697.5,15
2026-06-08,original_baseline_v2,20000.0,512400,有色ETF,周期资源,commodity_resource,2000,1.951,1.82,3640.0,11
2026-06-09,original_baseline_v2,20000.0,515120,广发创新药ETF,医药与消费升级,theme,6600,0.6,0.532,3511.2,17
2026-06-09,original_baseline_v2,20000.0,512690,酒ETF,消费医药,sector,8700,0.456,0.421,3662.7,16
2026-06-09,original_baseline_v2,20000.0,512400,有色ETF,周期资源,commodity_resource,2000,1.951,1.869,3738.0,12
2026-06-10,original_baseline_v2,20000.0,515120,广发创新药ETF,医药与消费升级,theme,6600,0.6,0.541,3570.6,18
2026-06-10,original_baseline_v2,20000.0,512690,酒ETF,消费医药,sector,8700,0.456,0.426,3706.2,17
2026-06-10,original_baseline_v2,20000.0,512400,有色ETF,周期资源,commodity_resource,2000,1.951,1.843,3686.0,13
2026-06-11,original_baseline_v2,20000.0,515120,广发创新药ETF,医药与消费升级,theme,6600,0.6,0.538,3550.8,19
2026-06-11,original_baseline_v2,20000.0,512690,酒ETF,消费医药,sector,8700,0.456,0.424,3688.8,18
2026-06-11,original_baseline_v2,20000.0,512400,有色ETF,周期资源,commodity_resource,2000,1.951,1.88,3760.0,14
2026-06-12,original_baseline_v2,20000.0,512690,酒ETF,消费医药,sector,8700,0.456,0.428,3723.6,19
2026-06-12,original_baseline_v2,20000.0,512400,有色ETF,周期资源,commodity_resource,2000,1.951,1.976,3952.0,15
2026-06-12,original_baseline_v2,20000.0,512200,房地产ETF,金融地产,sector,3100,1.286,1.277,3958.7,0
2026-06-15,original_baseline_v2,20000.0,512400,有色ETF,周期资源,commodity_resource,2000,1.951,2.063,4126.0,16
2026-06-15,original_baseline_v2,20000.0,512200,房地产ETF,金融地产,sector,3100,1.286,1.285,3983.5,0
2026-06-15,original_baseline_v2,20000.0,512660,军工ETF,新能源制造,commodity_resource,3100,1.267,1.266,3924.6,0
2026-06-16,original_baseline_v2,20000.0,512400,有色ETF,周期资源,commodity_resource,2000,1.951,2.049,4098.0,17
2026-06-16,original_baseline_v2,20000.0,512200,房地产ETF,金融地产,sector,3100,1.286,1.259,3902.9,1
2026-06-16,original_baseline_v2,20000.0,512660,军工ETF,新能源制造,commodity_resource,3100,1.267,1.267,3927.7,0
2026-06-17,original_baseline_v2,20000.0,512400,有色ETF,周期资源,commodity_resource,2000,1.951,2.045,4090.0,18
2026-06-17,original_baseline_v2,20000.0,512200,房地产ETF,金融地产,sector,3100,1.286,1.257,3896.7,2
2026-06-17,original_baseline_v2,20000.0,512660,军工ETF,新能源制造,commodity_resource,3100,1.267,1.289,3995.9,1
2025-05-30,adjusted_preview_baseline_v2,20000.0,588000,科创50ETF,宽基,broad_index,3800,1.028,1.03,3914.0,0
2025-05-30,adjusted_preview_baseline_v2,20000.0,512200,房地产ETF,金融地产,sector,2900,1.336,1.345,3900.5,0
2025-05-30,adjusted_preview_baseline_v2,20000.0,515790,光伏ETF,新能源制造,commodity_resource,6200,0.638,0.64,3968.0,0
2025-06-03,adjusted_preview_baseline_v2,20000.0,588000,科创50ETF,宽基,broad_index,3800,1.028,1.034,3929.2,0
2025-06-03,adjusted_preview_baseline_v2,20000.0,512200,房地产ETF,金融地产,sector,2900,1.336,1.341,3888.9,0
2025-06-03,adjusted_preview_baseline_v2,20000.0,515790,光伏ETF,新能源制造,commodity_resource,6200,0.638,0.638,3955.6,0
2025-06-04,adjusted_preview_baseline_v2,20000.0,588000,科创50ETF,宽基,broad_index,3800,1.028,1.04,3952.0,1
2025-06-04,adjusted_preview_baseline_v2,20000.0,512200,房地产ETF,金融地产,sector,2900,1.336,1.354,3926.6,1
2025-06-04,adjusted_preview_baseline_v2,20000.0,515790,光伏ETF,新能源制造,commodity_resource,6200,0.638,0.645,3999.0,1
2025-06-05,adjusted_preview_baseline_v2,20000.0,588000,科创50ETF,宽基,broad_index,3800,1.028,1.051,3993.8,2
2025-06-05,adjusted_preview_baseline_v2,20000.0,512200,房地产ETF,金融地产,sector,2900,1.336,1.355,3929.5,2
2025-06-05,adjusted_preview_baseline_v2,20000.0,515790,光伏ETF,新能源制造,commodity_resource,6200,0.638,0.649,4023.8,2
2025-06-06,adjusted_preview_baseline_v2,20000.0,588000,科创50ETF,宽基,broad_index,3800,1.028,1.047,3978.6,3
2025-06-06,adjusted_preview_baseline_v2,20000.0,512200,房地产ETF,金融地产,sector,2900,1.336,1.355,3929.5,3
2025-06-06,adjusted_preview_baseline_v2,20000.0,515790,光伏ETF,新能源制造,commodity_resource,6200,0.638,0.647,4011.4,3
2025-06-09,adjusted_preview_baseline_v2,20000.0,588000,科创50ETF,宽基,broad_index,3800,1.028,1.053,4001.4,4
2025-06-09,adjusted_preview_baseline_v2,20000.0,512200,房地产ETF,金融地产,sector,2900,1.336,1.359,3941.1,4
2025-06-09,adjusted_preview_baseline_v2,20000.0,515790,光伏ETF,新能源制造,commodity_resource,6200,0.638,0.655,4061.0,4
2025-06-10,adjusted_preview_baseline_v2,20000.0,588000,科创50ETF,宽基,broad_index,3800,1.028,1.032,3921.6,5
2025-06-10,adjusted_preview_baseline_v2,20000.0,512200,房地产ETF,金融地产,sector,2900,1.336,1.351,3917.9,5
2025-06-10,adjusted_preview_baseline_v2,20000.0,515790,光伏ETF,新能源制造,commodity_resource,6200,0.638,0.648,4017.6,5
2025-06-11,adjusted_preview_baseline_v2,20000.0,588000,科创50ETF,宽基,broad_index,3800,1.028,1.031,3917.8,6
2025-06-11,adjusted_preview_baseline_v2,20000.0,512200,房地产ETF,金融地产,sector,2900,1.336,1.361,3946.9,6
2025-06-11,adjusted_preview_baseline_v2,20000.0,515790,光伏ETF,新能源制造,commodity_resource,6200,0.638,0.656,4067.2,6
2025-06-12,adjusted_preview_baseline_v2,20000.0,588000,科创50ETF,宽基,broad_index,3800,1.028,1.027,3902.6,7
2025-06-12,adjusted_preview_baseline_v2,20000.0,512200,房地产ETF,金融地产,sector,2900,1.336,1.353,3923.7,7
2025-06-12,adjusted_preview_baseline_v2,20000.0,515790,光伏ETF,新能源制造,commodity_resource,6200,0.638,0.653,4048.6,7
2025-06-13,adjusted_preview_baseline_v2,20000.0,588000,科创50ETF,宽基,broad_index,3800,1.028,1.022,3883.6,8
2025-06-13,adjusted_preview_baseline_v2,20000.0,512200,房地产ETF,金融地产,sector,2900,1.336,1.332,3862.8,8
2025-06-13,adjusted_preview_baseline_v2,20000.0,515790,光伏ETF,新能源制造,commodity_resource,6200,0.638,0.643,3986.6,8
2025-06-16,adjusted_preview_baseline_v2,20000.0,588000,科创50ETF,宽基,broad_index,3800,1.028,1.021,3879.8,9
2025-06-16,adjusted_preview_baseline_v2,20000.0,512200,房地产ETF,金融地产,sector,2900,1.336,1.359,3941.1,9
2025-06-16,adjusted_preview_baseline_v2,20000.0,515790,光伏ETF,新能源制造,commodity_resource,6200,0.638,0.646,4005.2,9
2025-06-17,adjusted_preview_baseline_v2,20000.0,588000,科创50ETF,宽基,broad_index,3800,1.028,1.012,3845.6,10
2025-06-17,adjusted_preview_baseline_v2,20000.0,512200,房地产ETF,金融地产,sector,2900,1.336,1.354,3926.6,10
2025-06-17,adjusted_preview_baseline_v2,20000.0,515790,光伏ETF,新能源制造,commodity_resource,6200,0.638,0.646,4005.2,10
2025-06-18,adjusted_preview_baseline_v2,20000.0,588000,科创50ETF,宽基,broad_index,3800,1.028,1.018,3868.4,11
2025-06-18,adjusted_preview_baseline_v2,20000.0,512200,房地产ETF,金融地产,sector,2900,1.336,1.337,3877.3,11
2025-06-18,adjusted_preview_baseline_v2,20000.0,515790,光伏ETF,新能源制造,commodity_resource,6200,0.638,0.648,4017.6,11
2025-06-19,adjusted_preview_baseline_v2,20000.0,588000,科创50ETF,宽基,broad_index,3800,1.028,1.012,3845.6,12
2025-06-19,adjusted_preview_baseline_v2,20000.0,512200,房地产ETF,金融地产,sector,2900,1.336,1.31,3799.0,12
2025-06-19,adjusted_preview_baseline_v2,20000.0,515790,光伏ETF,新能源制造,commodity_resource,6200,0.638,0.637,3949.4,12
2025-06-20,adjusted_preview_baseline_v2,20000.0,588000,科创50ETF,宽基,broad_index,3800,1.028,1.006,3822.8,13
2025-06-20,adjusted_preview_baseline_v2,20000.0,512200,房地产ETF,金融地产,sector,2900,1.336,1.31,3799.0,13
2025-06-20,adjusted_preview_baseline_v2,20000.0,515790,光伏ETF,新能源制造,commodity_resource,6200,0.638,0.639,3961.8,13
2025-06-23,adjusted_preview_baseline_v2,20000.0,588000,科创50ETF,宽基,broad_index,3800,1.028,1.012,3845.6,14
2025-06-23,adjusted_preview_baseline_v2,20000.0,512200,房地产ETF,金融地产,sector,2900,1.336,1.316,3816.4,14
2025-06-23,adjusted_preview_baseline_v2,20000.0,515790,光伏ETF,新能源制造,commodity_resource,6200,0.638,0.642,3980.4,14
2025-06-24,adjusted_preview_baseline_v2,20000.0,588000,科创50ETF,宽基,broad_index,3800,1.028,1.029,3910.2,15
2025-06-24,adjusted_preview_baseline_v2,20000.0,512200,房地产ETF,金融地产,sector,2900,1.336,1.332,3862.8,15
2025-06-24,adjusted_preview_baseline_v2,20000.0,515790,光伏ETF,新能源制造,commodity_resource,6200,0.638,0.652,4042.4,15
2025-06-25,adjusted_preview_baseline_v2,20000.0,588000,科创50ETF,宽基,broad_index,3800,1.028,1.048,3982.4,16
2025-06-25,adjusted_preview_baseline_v2,20000.0,512200,房地产ETF,金融地产,sector,2900,1.336,1.354,3926.6,16
2025-06-25,adjusted_preview_baseline_v2,20000.0,515790,光伏ETF,新能源制造,commodity_resource,6200,0.638,0.659,4085.8,16
2025-06-26,adjusted_preview_baseline_v2,20000.0,588000,科创50ETF,宽基,broad_index,3800,1.028,1.041,3955.8,17
2025-06-26,adjusted_preview_baseline_v2,20000.0,512200,房地产ETF,金融地产,sector,2900,1.336,1.349,3912.1,17
2025-06-26,adjusted_preview_baseline_v2,20000.0,515790,光伏ETF,新能源制造,commodity_resource,6200,0.638,0.652,4042.4,17
2025-06-27,adjusted_preview_baseline_v2,20000.0,588000,科创50ETF,宽基,broad_index,3800,1.028,1.041,3955.8,18
2025-06-27,adjusted_preview_baseline_v2,20000.0,512200,房地产ETF,金融地产,sector,2900,1.336,1.351,3917.9,18
2025-06-27,adjusted_preview_baseline_v2,20000.0,515790,光伏ETF,新能源制造,commodity_resource,6200,0.638,0.658,4079.6,18
2025-06-30,adjusted_preview_baseline_v2,20000.0,588000,科创50ETF,宽基,broad_index,3800,1.028,1.056,4012.8,19
2025-06-30,adjusted_preview_baseline_v2,20000.0,512200,房地产ETF,金融地产,sector,2900,1.336,1.359,3941.1,19
2025-06-30,adjusted_preview_baseline_v2,20000.0,515790,光伏ETF,新能源制造,commodity_resource,6200,0.638,0.674,4178.8,19
2025-07-01,adjusted_preview_baseline_v2,20000.0,512690,酒ETF,消费医药,sector,7200,0.552,0.552,3974.4,0
2025-07-01,adjusted_preview_baseline_v2,20000.0,512010,医药ETF,消费医药,sector,10700,0.371,0.37,3959.0,0
2025-07-01,adjusted_preview_baseline_v2,20000.0,159905,深红利ETF,防御风格,sector,2400,1.629,1.629,3909.6,0
2025-07-02,adjusted_preview_baseline_v2,20000.0,512690,酒ETF,消费医药,sector,7200,0.552,0.554,3988.8,0
2025-07-02,adjusted_preview_baseline_v2,20000.0,512010,医药ETF,消费医药,sector,10700,0.371,0.368,3937.6,0
2025-07-02,adjusted_preview_baseline_v2,20000.0,159905,深红利ETF,防御风格,sector,2400,1.629,1.635,3924.0,0
2025-07-03,adjusted_preview_baseline_v2,20000.0,512690,酒ETF,消费医药,sector,7200,0.552,0.555,3996.0,1
2025-07-03,adjusted_preview_baseline_v2,20000.0,512010,医药ETF,消费医药,sector,10700,0.371,0.37,3959.0,1
2025-07-03,adjusted_preview_baseline_v2,20000.0,159905,深红利ETF,防御风格,sector,2400,1.629,1.64,3936.0,1
2025-07-04,adjusted_preview_baseline_v2,20000.0,512690,酒ETF,消费医药,sector,7200,0.552,0.555,3996.0,2
2025-07-04,adjusted_preview_baseline_v2,20000.0,512010,医药ETF,消费医药,sector,10700,0.371,0.371,3969.7,2
2025-07-04,adjusted_preview_baseline_v2,20000.0,159905,深红利ETF,防御风格,sector,2400,1.629,1.644,3945.6,2
2025-07-07,adjusted_preview_baseline_v2,20000.0,512690,酒ETF,消费医药,sector,7200,0.552,0.554,3988.8,3
2025-07-07,adjusted_preview_baseline_v2,20000.0,512010,医药ETF,消费医药,sector,10700,0.371,0.367,3926.9,3
2025-07-07,adjusted_preview_baseline_v2,20000.0,159905,深红利ETF,防御风格,sector,2400,1.629,1.635,3924.0,3
2025-07-08,adjusted_preview_baseline_v2,20000.0,512690,酒ETF,消费医药,sector,7200,0.552,0.559,4024.8,4
2025-07-08,adjusted_preview_baseline_v2,20000.0,512010,医药ETF,消费医药,sector,10700,0.371,0.369,3948.3,4
2025-07-08,adjusted_preview_baseline_v2,20000.0,159905,深红利ETF,防御风格,sector,2400,1.629,1.642,3940.8,4
2025-07-09,adjusted_preview_baseline_v2,20000.0,512690,酒ETF,消费医药,sector,7200,0.552,0.562,4046.4,5
2025-07-09,adjusted_preview_baseline_v2,20000.0,512010,医药ETF,消费医药,sector,10700,0.371,0.374,4001.8,5
2025-07-09,adjusted_preview_baseline_v2,20000.0,159905,深红利ETF,防御风格,sector,2400,1.629,1.64,3936.0,5
2025-07-10,adjusted_preview_baseline_v2,20000.0,512690,酒ETF,消费医药,sector,7200,0.552,0.565,4068.0,6
2025-07-10,adjusted_preview_baseline_v2,20000.0,512010,医药ETF,消费医药,sector,10700,0.371,0.375,4012.5,6
2025-07-10,adjusted_preview_baseline_v2,20000.0,159905,深红利ETF,防御风格,sector,2400,1.629,1.646,3950.4,6
2025-07-11,adjusted_preview_baseline_v2,20000.0,512690,酒ETF,消费医药,sector,7200,0.552,0.57,4104.0,7
2025-07-11,adjusted_preview_baseline_v2,20000.0,512010,医药ETF,消费医药,sector,10700,0.371,0.381,4076.7,7
2025-07-11,adjusted_preview_baseline_v2,20000.0,159905,深红利ETF,防御风格,sector,2400,1.629,1.66,3984.0,7
2025-07-14,adjusted_preview_baseline_v2,20000.0,512690,酒ETF,消费医药,sector,7200,0.552,0.57,4104.0,8
2025-07-14,adjusted_preview_baseline_v2,20000.0,512010,医药ETF,消费医药,sector,10700,0.371,0.38,4066.0,8
2025-07-14,adjusted_preview_baseline_v2,20000.0,159905,深红利ETF,防御风格,sector,2400,1.629,1.662,3988.8,8
2025-07-15,adjusted_preview_baseline_v2,20000.0,512690,酒ETF,消费医药,sector,7200,0.552,0.562,4046.4,9
2025-07-15,adjusted_preview_baseline_v2,20000.0,512010,医药ETF,消费医药,sector,10700,0.371,0.381,4076.7,9
2025-07-15,adjusted_preview_baseline_v2,20000.0,159905,深红利ETF,防御风格,sector,2400,1.629,1.658,3979.2,9
2025-07-16,adjusted_preview_baseline_v2,20000.0,512690,酒ETF,消费医药,sector,7200,0.552,0.567,4082.4,10
2025-07-16,adjusted_preview_baseline_v2,20000.0,512010,医药ETF,消费医药,sector,10700,0.371,0.381,4076.7,10
2025-07-16,adjusted_preview_baseline_v2,20000.0,159905,深红利ETF,防御风格,sector,2400,1.629,1.657,3976.8,10
2025-07-17,adjusted_preview_baseline_v2,20000.0,512690,酒ETF,消费医药,sector,7200,0.552,0.568,4089.6,11
2025-07-17,adjusted_preview_baseline_v2,20000.0,512010,医药ETF,消费医药,sector,10700,0.371,0.387,4140.9,11
2025-07-17,adjusted_preview_baseline_v2,20000.0,159905,深红利ETF,防御风格,sector,2400,1.629,1.662,3988.8,11
2025-07-18,adjusted_preview_baseline_v2,20000.0,512690,酒ETF,消费医药,sector,7200,0.552,0.575,4140.0,12
2025-07-18,adjusted_preview_baseline_v2,20000.0,512010,医药ETF,消费医药,sector,10700,0.371,0.391,4183.7,12
2025-07-18,adjusted_preview_baseline_v2,20000.0,159905,深红利ETF,防御风格,sector,2400,1.629,1.675,4020.0,12
2025-07-21,adjusted_preview_baseline_v2,20000.0,512690,酒ETF,消费医药,sector,7200,0.552,0.575,4140.0,13
2025-07-21,adjusted_preview_baseline_v2,20000.0,512010,医药ETF,消费医药,sector,10700,0.371,0.39,4173.0,13
2025-07-21,adjusted_preview_baseline_v2,20000.0,159905,深红利ETF,防御风格,sector,2400,1.629,1.688,4051.2,13
2025-07-22,adjusted_preview_baseline_v2,20000.0,512690,酒ETF,消费医药,sector,7200,0.552,0.591,4255.2,14
2025-07-22,adjusted_preview_baseline_v2,20000.0,512010,医药ETF,消费医药,sector,10700,0.371,0.392,4194.4,14
2025-07-22,adjusted_preview_baseline_v2,20000.0,159905,深红利ETF,防御风格,sector,2400,1.629,1.719,4125.6,14
2025-07-23,adjusted_preview_baseline_v2,20000.0,512690,酒ETF,消费医药,sector,7200,0.552,0.587,4226.4,15
2025-07-23,adjusted_preview_baseline_v2,20000.0,512010,医药ETF,消费医药,sector,10700,0.371,0.393,4205.1,15
2025-07-23,adjusted_preview_baseline_v2,20000.0,159905,深红利ETF,防御风格,sector,2400,1.629,1.712,4108.8,15
2025-07-24,adjusted_preview_baseline_v2,20000.0,512690,酒ETF,消费医药,sector,7200,0.552,0.59,4248.0,16
2025-07-24,adjusted_preview_baseline_v2,20000.0,512010,医药ETF,消费医药,sector,10700,0.371,0.401,4290.7,16
2025-07-24,adjusted_preview_baseline_v2,20000.0,159905,深红利ETF,防御风格,sector,2400,1.629,1.719,4125.6,16
2025-07-25,adjusted_preview_baseline_v2,20000.0,512690,酒ETF,消费医药,sector,7200,0.552,0.58,4176.0,17
2025-07-25,adjusted_preview_baseline_v2,20000.0,512010,医药ETF,消费医药,sector,10700,0.371,0.401,4290.7,17
2025-07-25,adjusted_preview_baseline_v2,20000.0,159905,深红利ETF,防御风格,sector,2400,1.629,1.702,4084.8,17
2025-07-28,adjusted_preview_baseline_v2,20000.0,512690,酒ETF,消费医药,sector,7200,0.552,0.578,4161.6,18
2025-07-28,adjusted_preview_baseline_v2,20000.0,159905,深红利ETF,防御风格,sector,2400,1.629,1.696,4070.4,18
2025-07-29,adjusted_preview_baseline_v2,20000.0,512690,酒ETF,消费医药,sector,7200,0.552,0.577,4154.4,19
2025-07-29,adjusted_preview_baseline_v2,20000.0,159905,深红利ETF,防御风格,sector,2400,1.629,1.689,4053.6,19
2025-07-29,adjusted_preview_baseline_v2,20000.0,512800,银行ETF,金融地产,sector,4700,0.849,0.849,3990.3,0
2025-07-30,adjusted_preview_baseline_v2,20000.0,512800,银行ETF,金融地产,sector,4700,0.849,0.854,4013.8,0
2025-07-30,adjusted_preview_baseline_v2,20000.0,518880,黄金ETF,防御风格,commodity_resource,500,7.329,7.377,3688.5,0
2025-07-31,adjusted_preview_baseline_v2,20000.0,512800,银行ETF,金融地产,sector,4700,0.849,0.848,3985.6,1
2025-07-31,adjusted_preview_baseline_v2,20000.0,518880,黄金ETF,防御风格,commodity_resource,500,7.329,7.35,3675.0,0
2025-07-31,adjusted_preview_baseline_v2,20000.0,512890,红利低波ETF,防御风格,sector,3300,1.18,1.18,3894.0,0
2025-08-01,adjusted_preview_baseline_v2,20000.0,512800,银行ETF,金融地产,sector,4700,0.849,0.853,4009.1,2
2025-08-01,adjusted_preview_baseline_v2,20000.0,518880,黄金ETF,防御风格,commodity_resource,500,7.329,7.352,3676.0,1
2025-08-01,adjusted_preview_baseline_v2,20000.0,512890,红利低波ETF,防御风格,sector,3300,1.18,1.181,3897.3,0
2025-08-04,adjusted_preview_baseline_v2,20000.0,512800,银行ETF,金融地产,sector,4700,0.849,0.858,4032.6,3
2025-08-04,adjusted_preview_baseline_v2,20000.0,518880,黄金ETF,防御风格,commodity_resource,500,7.329,7.446,3723.0,2
2025-08-04,adjusted_preview_baseline_v2,20000.0,512890,红利低波ETF,防御风格,sector,3300,1.18,1.187,3917.1,1
2025-08-05,adjusted_preview_baseline_v2,20000.0,512800,银行ETF,金融地产,sector,4700,0.849,0.871,4093.7,4
2025-08-05,adjusted_preview_baseline_v2,20000.0,518880,黄金ETF,防御风格,commodity_resource,500,7.329,7.455,3727.5,3
2025-08-05,adjusted_preview_baseline_v2,20000.0,512890,红利低波ETF,防御风格,sector,3300,1.18,1.2,3960.0,2
2025-08-06,adjusted_preview_baseline_v2,20000.0,512800,银行ETF,金融地产,sector,4700,0.849,0.87,4089.0,5
2025-08-06,adjusted_preview_baseline_v2,20000.0,518880,黄金ETF,防御风格,commodity_resource,500,7.329,7.468,3734.0,4
2025-08-06,adjusted_preview_baseline_v2,20000.0,512890,红利低波ETF,防御风格,sector,3300,1.18,1.201,3963.3,3
2025-08-07,adjusted_preview_baseline_v2,20000.0,512800,银行ETF,金融地产,sector,4700,0.849,0.874,4107.8,6
2025-08-07,adjusted_preview_baseline_v2,20000.0,518880,黄金ETF,防御风格,commodity_resource,500,7.329,7.484,3742.0,5
2025-08-07,adjusted_preview_baseline_v2,20000.0,512890,红利低波ETF,防御风格,sector,3300,1.18,1.206,3979.8,4
2025-08-08,adjusted_preview_baseline_v2,20000.0,512800,银行ETF,金融地产,sector,4700,0.849,0.87,4089.0,7
2025-08-08,adjusted_preview_baseline_v2,20000.0,518880,黄金ETF,防御风格,commodity_resource,500,7.329,7.508,3754.0,6
2025-08-08,adjusted_preview_baseline_v2,20000.0,512890,红利低波ETF,防御风格,sector,3300,1.18,1.207,3983.1,5
2025-08-11,adjusted_preview_baseline_v2,20000.0,512800,银行ETF,金融地产,sector,4700,0.849,0.863,4056.1,8
2025-08-11,adjusted_preview_baseline_v2,20000.0,518880,黄金ETF,防御风格,commodity_resource,500,7.329,7.429,3714.5,7
2025-08-11,adjusted_preview_baseline_v2,20000.0,512890,红利低波ETF,防御风格,sector,3300,1.18,1.2,3960.0,6
2025-08-12,adjusted_preview_baseline_v2,20000.0,512800,银行ETF,金融地产,sector,4700,0.849,0.865,4065.5,9
2025-08-12,adjusted_preview_baseline_v2,20000.0,518880,黄金ETF,防御风格,commodity_resource,500,7.329,7.399,3699.5,8
2025-08-12,adjusted_preview_baseline_v2,20000.0,512890,红利低波ETF,防御风格,sector,3300,1.18,1.202,3966.6,7
2025-08-13,adjusted_preview_baseline_v2,20000.0,512800,银行ETF,金融地产,sector,4700,0.849,0.857,4027.9,10
2025-08-13,adjusted_preview_baseline_v2,20000.0,518880,黄金ETF,防御风格,commodity_resource,500,7.329,7.415,3707.5,9
2025-08-13,adjusted_preview_baseline_v2,20000.0,512890,红利低波ETF,防御风格,sector,3300,1.18,1.198,3953.4,8
2025-08-14,adjusted_preview_baseline_v2,20000.0,512800,银行ETF,金融地产,sector,4700,0.849,0.856,4023.2,11
2025-08-14,adjusted_preview_baseline_v2,20000.0,518880,黄金ETF,防御风格,commodity_resource,500,7.329,7.424,3712.0,10
2025-08-14,adjusted_preview_baseline_v2,20000.0,512890,红利低波ETF,防御风格,sector,3300,1.18,1.199,3956.7,9
2025-08-15,adjusted_preview_baseline_v2,20000.0,512800,银行ETF,金融地产,sector,4700,0.849,0.844,3966.8,12
2025-08-15,adjusted_preview_baseline_v2,20000.0,518880,黄金ETF,防御风格,commodity_resource,500,7.329,7.401,3700.5,11
2025-08-15,adjusted_preview_baseline_v2,20000.0,512890,红利低波ETF,防御风格,sector,3300,1.18,1.195,3943.5,10
2025-08-18,adjusted_preview_baseline_v2,20000.0,512800,银行ETF,金融地产,sector,4700,0.849,0.846,3976.2,13
2025-08-18,adjusted_preview_baseline_v2,20000.0,518880,黄金ETF,防御风格,commodity_resource,500,7.329,7.413,3706.5,12
2025-08-18,adjusted_preview_baseline_v2,20000.0,512890,红利低波ETF,防御风格,sector,3300,1.18,1.197,3950.1,11
2025-08-19,adjusted_preview_baseline_v2,20000.0,512800,银行ETF,金融地产,sector,4700,0.849,0.847,3980.9,14
2025-08-19,adjusted_preview_baseline_v2,20000.0,518880,黄金ETF,防御风格,commodity_resource,500,7.329,7.391,3695.5,13
2025-08-19,adjusted_preview_baseline_v2,20000.0,512890,红利低波ETF,防御风格,sector,3300,1.18,1.196,3946.8,12
2025-08-20,adjusted_preview_baseline_v2,20000.0,512800,银行ETF,金融地产,sector,4700,0.849,0.851,3999.7,15
2025-08-20,adjusted_preview_baseline_v2,20000.0,518880,黄金ETF,防御风格,commodity_resource,500,7.329,7.374,3687.0,14
2025-08-20,adjusted_preview_baseline_v2,20000.0,512890,红利低波ETF,防御风格,sector,3300,1.18,1.207,3983.1,13
2025-08-21,adjusted_preview_baseline_v2,20000.0,512800,银行ETF,金融地产,sector,4700,0.849,0.855,4018.5,16
2025-08-21,adjusted_preview_baseline_v2,20000.0,518880,黄金ETF,防御风格,commodity_resource,500,7.329,7.394,3697.0,15
2025-08-21,adjusted_preview_baseline_v2,20000.0,512890,红利低波ETF,防御风格,sector,3300,1.18,1.214,4006.2,14
2025-08-22,adjusted_preview_baseline_v2,20000.0,512800,银行ETF,金融地产,sector,4700,0.849,0.852,4004.4,17
2025-08-22,adjusted_preview_baseline_v2,20000.0,518880,黄金ETF,防御风格,commodity_resource,500,7.329,7.378,3689.0,16
2025-08-22,adjusted_preview_baseline_v2,20000.0,512890,红利低波ETF,防御风格,sector,3300,1.18,1.209,3989.7,15
2025-08-25,adjusted_preview_baseline_v2,20000.0,512800,银行ETF,金融地产,sector,4700,0.849,0.858,4032.6,18
2025-08-25,adjusted_preview_baseline_v2,20000.0,518880,黄金ETF,防御风格,commodity_resource,500,7.329,7.427,3713.5,17
2025-08-25,adjusted_preview_baseline_v2,20000.0,512890,红利低波ETF,防御风格,sector,3300,1.18,1.219,4022.7,16
2025-08-26,adjusted_preview_baseline_v2,20000.0,512800,银行ETF,金融地产,sector,4700,0.849,0.853,4009.1,19
2025-08-26,adjusted_preview_baseline_v2,20000.0,518880,黄金ETF,防御风格,commodity_resource,500,7.329,7.449,3724.5,18
2025-08-26,adjusted_preview_baseline_v2,20000.0,512890,红利低波ETF,防御风格,sector,3300,1.18,1.216,4012.8,17
2025-08-27,adjusted_preview_baseline_v2,20000.0,518880,黄金ETF,防御风格,commodity_resource,500,7.329,7.45,3725.0,19
2025-08-27,adjusted_preview_baseline_v2,20000.0,512890,红利低波ETF,防御风格,sector,3300,1.18,1.197,3950.1,18
2025-08-27,adjusted_preview_baseline_v2,20000.0,515220,煤炭ETF,周期资源,commodity_resource,3900,1.025,1.03,4017.0,0
2025-08-28,adjusted_preview_baseline_v2,20000.0,512890,红利低波ETF,防御风格,sector,3300,1.18,1.197,3950.1,19
2025-08-28,adjusted_preview_baseline_v2,20000.0,515220,煤炭ETF,周期资源,commodity_resource,3900,1.025,1.023,3989.7,0
2025-08-29,adjusted_preview_baseline_v2,20000.0,515220,煤炭ETF,周期资源,commodity_resource,3900,1.025,1.022,3985.8,1
2025-09-01,adjusted_preview_baseline_v2,20000.0,515220,煤炭ETF,周期资源,commodity_resource,3900,1.025,1.024,3993.6,2
2025-09-02,adjusted_preview_baseline_v2,20000.0,515220,煤炭ETF,周期资源,commodity_resource,3900,1.025,1.017,3966.3,3
2025-09-02,adjusted_preview_baseline_v2,20000.0,510230,金融ETF,金融地产,sector,2800,1.403,1.403,3928.4,0
2025-09-03,adjusted_preview_baseline_v2,20000.0,515220,煤炭ETF,周期资源,commodity_resource,3900,1.025,1.0,3900.0,4
2025-09-03,adjusted_preview_baseline_v2,20000.0,510230,金融ETF,金融地产,sector,2800,1.403,1.38,3864.0,0
2025-09-03,adjusted_preview_baseline_v2,20000.0,512800,银行ETF,金融地产,sector,4800,0.829,0.83,3984.0,0
2025-09-04,adjusted_preview_baseline_v2,20000.0,515220,煤炭ETF,周期资源,commodity_resource,3900,1.025,1.004,3915.6,5
2025-09-04,adjusted_preview_baseline_v2,20000.0,510230,金融ETF,金融地产,sector,2800,1.403,1.385,3878.0,1
2025-09-04,adjusted_preview_baseline_v2,20000.0,512800,银行ETF,金融地产,sector,4800,0.829,0.838,4022.4,0
2025-09-05,adjusted_preview_baseline_v2,20000.0,515220,煤炭ETF,周期资源,commodity_resource,3900,1.025,1.017,3966.3,6
2025-09-05,adjusted_preview_baseline_v2,20000.0,510230,金融ETF,金融地产,sector,2800,1.403,1.379,3861.2,2
2025-09-05,adjusted_preview_baseline_v2,20000.0,512800,银行ETF,金融地产,sector,4800,0.829,0.83,3984.0,1
2025-09-08,adjusted_preview_baseline_v2,20000.0,515220,煤炭ETF,周期资源,commodity_resource,3900,1.025,1.024,3993.6,7
2025-09-08,adjusted_preview_baseline_v2,20000.0,510230,金融ETF,金融地产,sector,2800,1.403,1.369,3833.2,3
2025-09-08,adjusted_preview_baseline_v2,20000.0,512800,银行ETF,金融地产,sector,4800,0.829,0.826,3964.8,2
2025-09-09,adjusted_preview_baseline_v2,20000.0,515220,煤炭ETF,周期资源,commodity_resource,3900,1.025,1.022,3985.8,8
2025-09-09,adjusted_preview_baseline_v2,20000.0,510230,金融ETF,金融地产,sector,2800,1.403,1.375,3850.0,4
2025-09-09,adjusted_preview_baseline_v2,20000.0,512800,银行ETF,金融地产,sector,4800,0.829,0.832,3993.6,3
2025-09-10,adjusted_preview_baseline_v2,20000.0,515220,煤炭ETF,周期资源,commodity_resource,3900,1.025,1.013,3950.7,9
2025-09-10,adjusted_preview_baseline_v2,20000.0,510230,金融ETF,金融地产,sector,2800,1.403,1.377,3855.6,5
2025-09-10,adjusted_preview_baseline_v2,20000.0,512800,银行ETF,金融地产,sector,4800,0.829,0.833,3998.4,4
2025-09-11,adjusted_preview_baseline_v2,20000.0,515220,煤炭ETF,周期资源,commodity_resource,3900,1.025,1.017,3966.3,10
2025-09-11,adjusted_preview_baseline_v2,20000.0,510230,金融ETF,金融地产,sector,2800,1.403,1.394,3903.2,6
2025-09-11,adjusted_preview_baseline_v2,20000.0,512800,银行ETF,金融地产,sector,4800,0.829,0.837,4017.6,5
2025-09-12,adjusted_preview_baseline_v2,20000.0,515220,煤炭ETF,周期资源,commodity_resource,3900,1.025,1.021,3981.9,11
2025-09-12,adjusted_preview_baseline_v2,20000.0,510230,金融ETF,金融地产,sector,2800,1.403,1.372,3841.6,7
2025-09-12,adjusted_preview_baseline_v2,20000.0,512800,银行ETF,金融地产,sector,4800,0.829,0.824,3955.2,6
2025-09-15,adjusted_preview_baseline_v2,20000.0,515220,煤炭ETF,周期资源,commodity_resource,3900,1.025,1.033,4028.7,12
2025-09-15,adjusted_preview_baseline_v2,20000.0,510230,金融ETF,金融地产,sector,2800,1.403,1.361,3810.8,8
2025-09-15,adjusted_preview_baseline_v2,20000.0,512800,银行ETF,金融地产,sector,4800,0.829,0.816,3916.8,7
2025-09-16,adjusted_preview_baseline_v2,20000.0,515220,煤炭ETF,周期资源,commodity_resource,3900,1.025,1.037,4044.3,13
2025-09-16,adjusted_preview_baseline_v2,20000.0,510230,金融ETF,金融地产,sector,2800,1.403,1.347,3771.6,9
2025-09-16,adjusted_preview_baseline_v2,20000.0,512800,银行ETF,金融地产,sector,4800,0.829,0.808,3878.4,8
2025-09-17,adjusted_preview_baseline_v2,20000.0,515220,煤炭ETF,周期资源,commodity_resource,3900,1.025,1.059,4130.1,14
2025-09-17,adjusted_preview_baseline_v2,20000.0,510230,金融ETF,金融地产,sector,2800,1.403,1.343,3760.4,10
2025-09-17,adjusted_preview_baseline_v2,20000.0,512800,银行ETF,金融地产,sector,4800,0.829,0.805,3864.0,9
2025-09-18,adjusted_preview_baseline_v2,20000.0,515220,煤炭ETF,周期资源,commodity_resource,3900,1.025,1.033,4028.7,15
2025-09-18,adjusted_preview_baseline_v2,20000.0,510230,金融ETF,金融地产,sector,2800,1.403,1.314,3679.2,11
2025-09-18,adjusted_preview_baseline_v2,20000.0,512800,银行ETF,金融地产,sector,4800,0.829,0.79,3792.0,10
2025-09-19,adjusted_preview_baseline_v2,20000.0,515220,煤炭ETF,周期资源,commodity_resource,3900,1.025,1.059,4130.1,16
2025-09-19,adjusted_preview_baseline_v2,20000.0,510230,金融ETF,金融地产,sector,2800,1.403,1.314,3679.2,12
2025-09-19,adjusted_preview_baseline_v2,20000.0,512800,银行ETF,金融地产,sector,4800,0.829,0.792,3801.6,11
2025-09-22,adjusted_preview_baseline_v2,20000.0,515220,煤炭ETF,周期资源,commodity_resource,3900,1.025,1.05,4095.0,17
2025-09-22,adjusted_preview_baseline_v2,20000.0,510230,金融ETF,金融地产,sector,2800,1.403,1.307,3659.6,13
2025-09-22,adjusted_preview_baseline_v2,20000.0,512800,银行ETF,金融地产,sector,4800,0.829,0.784,3763.2,12
2025-09-23,adjusted_preview_baseline_v2,20000.0,515220,煤炭ETF,周期资源,commodity_resource,3900,1.025,1.055,4114.5,18
2025-09-23,adjusted_preview_baseline_v2,20000.0,510230,金融ETF,金融地产,sector,2800,1.403,1.317,3687.6,14
2025-09-23,adjusted_preview_baseline_v2,20000.0,512800,银行ETF,金融地产,sector,4800,0.829,0.794,3811.2,13
2025-09-24,adjusted_preview_baseline_v2,20000.0,515220,煤炭ETF,周期资源,commodity_resource,3900,1.025,1.055,4114.5,19
2025-09-24,adjusted_preview_baseline_v2,20000.0,510230,金融ETF,金融地产,sector,2800,1.403,1.315,3682.0,15
2025-09-24,adjusted_preview_baseline_v2,20000.0,512800,银行ETF,金融地产,sector,4800,0.829,0.792,3801.6,14
2025-09-25,adjusted_preview_baseline_v2,20000.0,510230,金融ETF,金融地产,sector,2800,1.403,1.309,3665.2,16
2025-09-25,adjusted_preview_baseline_v2,20000.0,512800,银行ETF,金融地产,sector,4800,0.829,0.788,3782.4,15
2025-09-25,adjusted_preview_baseline_v2,20000.0,512070,非银ETF,金融地产,high_beta,4700,0.85,0.852,4004.4,0
2025-09-26,adjusted_preview_baseline_v2,20000.0,510230,金融ETF,金融地产,sector,2800,1.403,1.311,3670.8,17
2025-09-26,adjusted_preview_baseline_v2,20000.0,512800,银行ETF,金融地产,sector,4800,0.829,0.789,3787.2,16
2025-09-26,adjusted_preview_baseline_v2,20000.0,512070,非银ETF,金融地产,high_beta,4700,0.85,0.851,3999.7,0
2025-09-29,adjusted_preview_baseline_v2,20000.0,510230,金融ETF,金融地产,sector,2800,1.403,1.327,3715.6,18
2025-09-29,adjusted_preview_baseline_v2,20000.0,512800,银行ETF,金融地产,sector,4800,0.829,0.786,3772.8,17
2025-09-29,adjusted_preview_baseline_v2,20000.0,512070,非银ETF,金融地产,high_beta,4700,0.85,0.883,4150.1,1
2025-09-30,adjusted_preview_baseline_v2,20000.0,510230,金融ETF,金融地产,sector,2800,1.403,1.311,3670.8,19
2025-09-30,adjusted_preview_baseline_v2,20000.0,512800,银行ETF,金融地产,sector,4800,0.829,0.778,3734.4,18
2025-09-30,adjusted_preview_baseline_v2,20000.0,512070,非银ETF,金融地产,high_beta,4700,0.85,0.871,4093.7,2
2025-10-09,adjusted_preview_baseline_v2,20000.0,512800,银行ETF,金融地产,sector,4800,0.829,0.777,3729.6,19
2025-10-09,adjusted_preview_baseline_v2,20000.0,512070,非银ETF,金融地产,high_beta,4700,0.85,0.871,4093.7,3
2025-10-09,adjusted_preview_baseline_v2,20000.0,512890,红利低波ETF,防御风格,sector,3500,1.142,1.142,3997.0,0
2025-10-10,adjusted_preview_baseline_v2,20000.0,512070,非银ETF,金融地产,high_beta,4700,0.85,0.877,4121.9,4
2025-10-10,adjusted_preview_baseline_v2,20000.0,512890,红利低波ETF,防御风格,sector,3500,1.142,1.15,4025.0,0
2025-10-10,adjusted_preview_baseline_v2,20000.0,512690,酒ETF,消费医药,sector,6900,0.575,0.583,4022.7,0
2025-10-13,adjusted_preview_baseline_v2,20000.0,512070,非银ETF,金融地产,high_beta,4700,0.85,0.867,4074.9,5
2025-10-13,adjusted_preview_baseline_v2,20000.0,512890,红利低波ETF,防御风格,sector,3500,1.142,1.156,4046.0,1
2025-10-13,adjusted_preview_baseline_v2,20000.0,512690,酒ETF,消费医药,sector,6900,0.575,0.577,3981.3,0
2025-10-14,adjusted_preview_baseline_v2,20000.0,512070,非银ETF,金融地产,high_beta,4700,0.85,0.875,4112.5,6
2025-10-14,adjusted_preview_baseline_v2,20000.0,512890,红利低波ETF,防御风格,sector,3500,1.142,1.177,4119.5,2
2025-10-14,adjusted_preview_baseline_v2,20000.0,512690,酒ETF,消费医药,sector,6900,0.575,0.593,4091.7,1
2025-10-15,adjusted_preview_baseline_v2,20000.0,512070,非银ETF,金融地产,high_beta,4700,0.85,0.889,4178.3,7
2025-10-15,adjusted_preview_baseline_v2,20000.0,512890,红利低波ETF,防御风格,sector,3500,1.142,1.182,4137.0,3
2025-10-15,adjusted_preview_baseline_v2,20000.0,512690,酒ETF,消费医药,sector,6900,0.575,0.597,4119.3,2
2025-10-16,adjusted_preview_baseline_v2,20000.0,512070,非银ETF,金融地产,high_beta,4700,0.85,0.892,4192.4,8
2025-10-16,adjusted_preview_baseline_v2,20000.0,512890,红利低波ETF,防御风格,sector,3500,1.142,1.19,4165.0,4
2025-10-16,adjusted_preview_baseline_v2,20000.0,512690,酒ETF,消费医药,sector,6900,0.575,0.604,4167.6,3
2025-10-17,adjusted_preview_baseline_v2,20000.0,512070,非银ETF,金融地产,high_beta,4700,0.85,0.872,4098.4,9
2025-10-17,adjusted_preview_baseline_v2,20000.0,512890,红利低波ETF,防御风格,sector,3500,1.142,1.185,4147.5,5
2025-10-17,adjusted_preview_baseline_v2,20000.0,512690,酒ETF,消费医药,sector,6900,0.575,0.595,4105.5,4
2025-10-20,adjusted_preview_baseline_v2,20000.0,512070,非银ETF,金融地产,high_beta,4700,0.85,0.877,4121.9,10
2025-10-20,adjusted_preview_baseline_v2,20000.0,512890,红利低波ETF,防御风格,sector,3500,1.142,1.187,4154.5,6
2025-10-20,adjusted_preview_baseline_v2,20000.0,512690,酒ETF,消费医药,sector,6900,0.575,0.591,4077.9,5
2025-10-21,adjusted_preview_baseline_v2,20000.0,512070,非银ETF,金融地产,high_beta,4700,0.85,0.884,4154.8,11
2025-10-21,adjusted_preview_baseline_v2,20000.0,512890,红利低波ETF,防御风格,sector,3500,1.142,1.19,4165.0,7
2025-10-21,adjusted_preview_baseline_v2,20000.0,512690,酒ETF,消费医药,sector,6900,0.575,0.592,4084.8,6
2025-10-22,adjusted_preview_baseline_v2,20000.0,512070,非银ETF,金融地产,high_beta,4700,0.85,0.878,4126.6,12
2025-10-22,adjusted_preview_baseline_v2,20000.0,512890,红利低波ETF,防御风格,sector,3500,1.142,1.199,4196.5,8
2025-10-22,adjusted_preview_baseline_v2,20000.0,512690,酒ETF,消费医药,sector,6900,0.575,0.589,4064.1,7
2025-10-23,adjusted_preview_baseline_v2,20000.0,512070,非银ETF,金融地产,high_beta,4700,0.85,0.885,4159.5,13
2025-10-23,adjusted_preview_baseline_v2,20000.0,512890,红利低波ETF,防御风格,sector,3500,1.142,1.206,4221.0,9
2025-10-23,adjusted_preview_baseline_v2,20000.0,512690,酒ETF,消费医药,sector,6900,0.575,0.593,4091.7,8
2025-10-24,adjusted_preview_baseline_v2,20000.0,512070,非银ETF,金融地产,high_beta,4700,0.85,0.89,4183.0,14
2025-10-24,adjusted_preview_baseline_v2,20000.0,512890,红利低波ETF,防御风格,sector,3500,1.142,1.197,4189.5,10
2025-10-24,adjusted_preview_baseline_v2,20000.0,512690,酒ETF,消费医药,sector,6900,0.575,0.582,4015.8,9
2025-10-27,adjusted_preview_baseline_v2,20000.0,512070,非银ETF,金融地产,high_beta,4700,0.85,0.898,4220.6,15
2025-10-27,adjusted_preview_baseline_v2,20000.0,512890,红利低波ETF,防御风格,sector,3500,1.142,1.198,4193.0,11
2025-10-27,adjusted_preview_baseline_v2,20000.0,512690,酒ETF,消费医药,sector,6900,0.575,0.582,4015.8,10
2025-10-28,adjusted_preview_baseline_v2,20000.0,512070,非银ETF,金融地产,high_beta,4700,0.85,0.895,4206.5,16
2025-10-28,adjusted_preview_baseline_v2,20000.0,512890,红利低波ETF,防御风格,sector,3500,1.142,1.198,4193.0,12
2025-10-28,adjusted_preview_baseline_v2,20000.0,512690,酒ETF,消费医药,sector,6900,0.575,0.582,4015.8,11
2025-10-29,adjusted_preview_baseline_v2,20000.0,512070,非银ETF,金融地产,high_beta,4700,0.85,0.912,4286.4,17
2025-10-29,adjusted_preview_baseline_v2,20000.0,512890,红利低波ETF,防御风格,sector,3500,1.142,1.187,4154.5,13
2025-10-29,adjusted_preview_baseline_v2,20000.0,512690,酒ETF,消费医药,sector,6900,0.575,0.579,3995.1,12
2025-10-30,adjusted_preview_baseline_v2,20000.0,512890,红利低波ETF,防御风格,sector,3500,1.142,1.19,4165.0,14
2025-10-30,adjusted_preview_baseline_v2,20000.0,512690,酒ETF,消费医药,sector,6900,0.575,0.579,3995.1,13
2025-10-30,adjusted_preview_baseline_v2,20000.0,515120,广发创新药ETF,医药与消费升级,theme,5900,0.672,0.67,3953.0,0
2025-10-31,adjusted_preview_baseline_v2,20000.0,512890,红利低波ETF,防御风格,sector,3500,1.142,1.188,4158.0,15
2025-10-31,adjusted_preview_baseline_v2,20000.0,512690,酒ETF,消费医药,sector,6900,0.575,0.588,4057.2,14
2025-10-31,adjusted_preview_baseline_v2,20000.0,515120,广发创新药ETF,医药与消费升级,theme,5900,0.672,0.692,4082.8,0
2025-11-03,adjusted_preview_baseline_v2,20000.0,512890,红利低波ETF,防御风格,sector,3500,1.142,1.204,4214.0,16
2025-11-03,adjusted_preview_baseline_v2,20000.0,512690,酒ETF,消费医药,sector,6900,0.575,0.588,4057.2,15
2025-11-03,adjusted_preview_baseline_v2,20000.0,515120,广发创新药ETF,医药与消费升级,theme,5900,0.672,0.687,4053.3,1
2025-11-04,adjusted_preview_baseline_v2,20000.0,512690,酒ETF,消费医药,sector,6900,0.575,0.581,4008.9,16
2025-11-04,adjusted_preview_baseline_v2,20000.0,515120,广发创新药ETF,医药与消费升级,theme,5900,0.672,0.671,3958.9,2
2025-11-04,adjusted_preview_baseline_v2,20000.0,512010,医药ETF,消费医药,sector,10000,0.399,0.402,4020.0,0
2025-11-05,adjusted_preview_baseline_v2,20000.0,512690,酒ETF,消费医药,sector,6900,0.575,0.579,3995.1,17
2025-11-05,adjusted_preview_baseline_v2,20000.0,515120,广发创新药ETF,医药与消费升级,theme,5900,0.672,0.667,3935.3,3
2025-11-05,adjusted_preview_baseline_v2,20000.0,512010,医药ETF,消费医药,sector,10000,0.399,0.402,4020.0,0
2025-11-06,adjusted_preview_baseline_v2,20000.0,512690,酒ETF,消费医药,sector,6900,0.575,0.58,4002.0,18
2025-11-06,adjusted_preview_baseline_v2,20000.0,515120,广发创新药ETF,医药与消费升级,theme,5900,0.672,0.671,3958.9,4
2025-11-06,adjusted_preview_baseline_v2,20000.0,512010,医药ETF,消费医药,sector,10000,0.399,0.404,4040.0,1
2025-11-07,adjusted_preview_baseline_v2,20000.0,512690,酒ETF,消费医药,sector,6900,0.575,0.578,3988.2,19
2025-11-07,adjusted_preview_baseline_v2,20000.0,515120,广发创新药ETF,医药与消费升级,theme,5900,0.672,0.665,3923.5,5
2025-11-07,adjusted_preview_baseline_v2,20000.0,512010,医药ETF,消费医药,sector,10000,0.399,0.401,4010.0,2
2025-11-10,adjusted_preview_baseline_v2,20000.0,515120,广发创新药ETF,医药与消费升级,theme,5900,0.672,0.672,3964.8,6
2025-11-10,adjusted_preview_baseline_v2,20000.0,512010,医药ETF,消费医药,sector,10000,0.399,0.405,4050.0,3
2025-11-10,adjusted_preview_baseline_v2,20000.0,512660,军工ETF,新能源制造,commodity_resource,3300,1.194,1.193,3936.9,0
2025-11-11,adjusted_preview_baseline_v2,20000.0,515120,广发创新药ETF,医药与消费升级,theme,5900,0.672,0.668,3941.2,7
2025-11-11,adjusted_preview_baseline_v2,20000.0,512010,医药ETF,消费医药,sector,10000,0.399,0.404,4040.0,4
2025-11-11,adjusted_preview_baseline_v2,20000.0,512660,军工ETF,新能源制造,commodity_resource,3300,1.194,1.181,3897.3,0
2025-11-12,adjusted_preview_baseline_v2,20000.0,515120,广发创新药ETF,医药与消费升级,theme,5900,0.672,0.673,3970.7,8
2025-11-12,adjusted_preview_baseline_v2,20000.0,512010,医药ETF,消费医药,sector,10000,0.399,0.405,4050.0,5
2025-11-12,adjusted_preview_baseline_v2,20000.0,512660,军工ETF,新能源制造,commodity_resource,3300,1.194,1.17,3861.0,1
2025-11-13,adjusted_preview_baseline_v2,20000.0,515120,广发创新药ETF,医药与消费升级,theme,5900,0.672,0.687,4053.3,9
2025-11-13,adjusted_preview_baseline_v2,20000.0,512010,医药ETF,消费医药,sector,10000,0.399,0.411,4110.0,6
2025-11-13,adjusted_preview_baseline_v2,20000.0,512660,军工ETF,新能源制造,commodity_resource,3300,1.194,1.179,3890.7,2
2025-11-14,adjusted_preview_baseline_v2,20000.0,515120,广发创新药ETF,医药与消费升级,theme,5900,0.672,0.685,4041.5,10
2025-11-14,adjusted_preview_baseline_v2,20000.0,512010,医药ETF,消费医药,sector,10000,0.399,0.408,4080.0,7
2025-11-14,adjusted_preview_baseline_v2,20000.0,512660,军工ETF,新能源制造,commodity_resource,3300,1.194,1.174,3874.2,3
2025-11-17,adjusted_preview_baseline_v2,20000.0,515120,广发创新药ETF,医药与消费升级,theme,5900,0.672,0.67,3953.0,11
2025-11-17,adjusted_preview_baseline_v2,20000.0,512010,医药ETF,消费医药,sector,10000,0.399,0.401,4010.0,8
2025-11-17,adjusted_preview_baseline_v2,20000.0,512660,军工ETF,新能源制造,commodity_resource,3300,1.194,1.188,3920.4,4
2025-11-18,adjusted_preview_baseline_v2,20000.0,515120,广发创新药ETF,医药与消费升级,theme,5900,0.672,0.665,3923.5,12
2025-11-18,adjusted_preview_baseline_v2,20000.0,512010,医药ETF,消费医药,sector,10000,0.399,0.399,3990.0,9
2025-11-18,adjusted_preview_baseline_v2,20000.0,512660,军工ETF,新能源制造,commodity_resource,3300,1.194,1.172,3867.6,5
2025-11-19,adjusted_preview_baseline_v2,20000.0,515120,广发创新药ETF,医药与消费升级,theme,5900,0.672,0.659,3888.1,13
2025-11-19,adjusted_preview_baseline_v2,20000.0,512010,医药ETF,消费医药,sector,10000,0.399,0.398,3980.0,10
2025-11-19,adjusted_preview_baseline_v2,20000.0,512660,军工ETF,新能源制造,commodity_resource,3300,1.194,1.178,3887.4,6
2025-11-20,adjusted_preview_baseline_v2,20000.0,515120,广发创新药ETF,医药与消费升级,theme,5900,0.672,0.656,3870.4,14
2025-11-20,adjusted_preview_baseline_v2,20000.0,512010,医药ETF,消费医药,sector,10000,0.399,0.394,3940.0,11
2025-11-20,adjusted_preview_baseline_v2,20000.0,512660,军工ETF,新能源制造,commodity_resource,3300,1.194,1.165,3844.5,7
2025-11-21,adjusted_preview_baseline_v2,20000.0,515120,广发创新药ETF,医药与消费升级,theme,5900,0.672,0.641,3781.9,15
2025-11-21,adjusted_preview_baseline_v2,20000.0,512010,医药ETF,消费医药,sector,10000,0.399,0.387,3870.0,12
2025-11-21,adjusted_preview_baseline_v2,20000.0,512660,军工ETF,新能源制造,commodity_resource,3300,1.194,1.142,3768.6,8
2025-11-24,adjusted_preview_baseline_v2,20000.0,515120,广发创新药ETF,医药与消费升级,theme,5900,0.672,0.651,3840.9,16
2025-11-24,adjusted_preview_baseline_v2,20000.0,512010,医药ETF,消费医药,sector,10000,0.399,0.392,3920.0,13
2025-11-24,adjusted_preview_baseline_v2,20000.0,512660,军工ETF,新能源制造,commodity_resource,3300,1.194,1.188,3920.4,9
2025-11-25,adjusted_preview_baseline_v2,20000.0,515120,广发创新药ETF,医药与消费升级,theme,5900,0.672,0.654,3858.6,17
2025-11-25,adjusted_preview_baseline_v2,20000.0,512010,医药ETF,消费医药,sector,10000,0.399,0.393,3930.0,14
2025-11-25,adjusted_preview_baseline_v2,20000.0,512660,军工ETF,新能源制造,commodity_resource,3300,1.194,1.182,3900.6,10
2025-11-26,adjusted_preview_baseline_v2,20000.0,515120,广发创新药ETF,医药与消费升级,theme,5900,0.672,0.661,3899.9,18
2025-11-26,adjusted_preview_baseline_v2,20000.0,512010,医药ETF,消费医药,sector,10000,0.399,0.394,3940.0,15
2025-11-26,adjusted_preview_baseline_v2,20000.0,512660,军工ETF,新能源制造,commodity_resource,3300,1.194,1.16,3828.0,11
2025-11-27,adjusted_preview_baseline_v2,20000.0,515120,广发创新药ETF,医药与消费升级,theme,5900,0.672,0.657,3876.3,19
2025-11-27,adjusted_preview_baseline_v2,20000.0,512010,医药ETF,消费医药,sector,10000,0.399,0.392,3920.0,16
2025-11-27,adjusted_preview_baseline_v2,20000.0,512660,军工ETF,新能源制造,commodity_resource,3300,1.194,1.158,3821.4,12
2025-11-28,adjusted_preview_baseline_v2,20000.0,512010,医药ETF,消费医药,sector,10000,0.399,0.393,3930.0,17
2025-11-28,adjusted_preview_baseline_v2,20000.0,512660,军工ETF,新能源制造,commodity_resource,3300,1.194,1.172,3867.6,13
2025-11-28,adjusted_preview_baseline_v2,20000.0,159770,机器人ETF,科技与新质生产力,theme,4000,0.984,0.984,3936.0,0
2025-12-01,adjusted_preview_baseline_v2,20000.0,512010,医药ETF,消费医药,sector,10000,0.399,0.393,3930.0,18
2025-12-01,adjusted_preview_baseline_v2,20000.0,512660,军工ETF,新能源制造,commodity_resource,3300,1.194,1.184,3907.2,14
2025-12-01,adjusted_preview_baseline_v2,20000.0,159770,机器人ETF,科技与新质生产力,theme,4000,0.984,0.996,3984.0,0
2025-12-02,adjusted_preview_baseline_v2,20000.0,512010,医药ETF,消费医药,sector,10000,0.399,0.388,3880.0,19
2025-12-02,adjusted_preview_baseline_v2,20000.0,512660,军工ETF,新能源制造,commodity_resource,3300,1.194,1.181,3897.3,15
2025-12-02,adjusted_preview_baseline_v2,20000.0,159770,机器人ETF,科技与新质生产力,theme,4000,0.984,0.982,3928.0,1
2025-12-03,adjusted_preview_baseline_v2,20000.0,512660,军工ETF,新能源制造,commodity_resource,3300,1.194,1.169,3857.7,16
2025-12-03,adjusted_preview_baseline_v2,20000.0,159770,机器人ETF,科技与新质生产力,theme,4000,0.984,0.972,3888.0,2
2025-12-03,adjusted_preview_baseline_v2,20000.0,588000,科创50ETF,宽基,broad_index,2900,1.37,1.375,3987.5,0
2025-12-04,adjusted_preview_baseline_v2,20000.0,512660,军工ETF,新能源制造,commodity_resource,3300,1.194,1.176,3880.8,17
2025-12-04,adjusted_preview_baseline_v2,20000.0,159770,机器人ETF,科技与新质生产力,theme,4000,0.984,0.993,3972.0,3
2025-12-04,adjusted_preview_baseline_v2,20000.0,588000,科创50ETF,宽基,broad_index,2900,1.37,1.394,4042.6,0
2025-12-05,adjusted_preview_baseline_v2,20000.0,512660,军工ETF,新能源制造,commodity_resource,3300,1.194,1.204,3973.2,18
2025-12-05,adjusted_preview_baseline_v2,20000.0,159770,机器人ETF,科技与新质生产力,theme,4000,0.984,1.006,4024.0,4
2025-12-05,adjusted_preview_baseline_v2,20000.0,588000,科创50ETF,宽基,broad_index,2900,1.37,1.394,4042.6,1
2025-12-08,adjusted_preview_baseline_v2,20000.0,512660,军工ETF,新能源制造,commodity_resource,3300,1.194,1.216,4012.8,19
2025-12-08,adjusted_preview_baseline_v2,20000.0,159770,机器人ETF,科技与新质生产力,theme,4000,0.984,1.016,4064.0,5
2025-12-08,adjusted_preview_baseline_v2,20000.0,588000,科创50ETF,宽基,broad_index,2900,1.37,1.42,4118.0,2
2025-12-09,adjusted_preview_baseline_v2,20000.0,159770,机器人ETF,科技与新质生产力,theme,4000,0.984,1.004,4016.0,6
2025-12-09,adjusted_preview_baseline_v2,20000.0,588000,科创50ETF,宽基,broad_index,2900,1.37,1.414,4100.6,3
2025-12-09,adjusted_preview_baseline_v2,20000.0,512200,房地产ETF,金融地产,sector,2700,1.48,1.488,4017.6,0
2025-12-10,adjusted_preview_baseline_v2,20000.0,159770,机器人ETF,科技与新质生产力,theme,4000,0.984,1.009,4036.0,7
2025-12-10,adjusted_preview_baseline_v2,20000.0,588000,科创50ETF,宽基,broad_index,2900,1.37,1.415,4103.5,4
2025-12-10,adjusted_preview_baseline_v2,20000.0,512200,房地产ETF,金融地产,sector,2700,1.48,1.534,4141.8,0
2025-12-11,adjusted_preview_baseline_v2,20000.0,159770,机器人ETF,科技与新质生产力,theme,4000,0.984,0.989,3956.0,8
2025-12-11,adjusted_preview_baseline_v2,20000.0,588000,科创50ETF,宽基,broad_index,2900,1.37,1.392,4036.8,5
2025-12-11,adjusted_preview_baseline_v2,20000.0,512200,房地产ETF,金融地产,sector,2700,1.48,1.483,4004.1,1
2025-12-12,adjusted_preview_baseline_v2,20000.0,159770,机器人ETF,科技与新质生产力,theme,4000,0.984,0.993,3972.0,9
2025-12-12,adjusted_preview_baseline_v2,20000.0,588000,科创50ETF,宽基,broad_index,2900,1.37,1.418,4112.2,6
2025-12-12,adjusted_preview_baseline_v2,20000.0,512200,房地产ETF,金融地产,sector,2700,1.48,1.479,3993.3,2
2025-12-15,adjusted_preview_baseline_v2,20000.0,159770,机器人ETF,科技与新质生产力,theme,4000,0.984,0.976,3904.0,10
2025-12-15,adjusted_preview_baseline_v2,20000.0,588000,科创50ETF,宽基,broad_index,2900,1.37,1.389,4028.1,7
2025-12-15,adjusted_preview_baseline_v2,20000.0,512200,房地产ETF,金融地产,sector,2700,1.48,1.463,3950.1,3
2025-12-16,adjusted_preview_baseline_v2,20000.0,159770,机器人ETF,科技与新质生产力,theme,4000,0.984,0.958,3832.0,11
2025-12-16,adjusted_preview_baseline_v2,20000.0,588000,科创50ETF,宽基,broad_index,2900,1.37,1.361,3946.9,8
2025-12-16,adjusted_preview_baseline_v2,20000.0,512200,房地产ETF,金融地产,sector,2700,1.48,1.449,3912.3,4
2025-12-17,adjusted_preview_baseline_v2,20000.0,159770,机器人ETF,科技与新质生产力,theme,4000,0.984,0.973,3892.0,12
2025-12-17,adjusted_preview_baseline_v2,20000.0,588000,科创50ETF,宽基,broad_index,2900,1.37,1.396,4048.4,9
2025-12-17,adjusted_preview_baseline_v2,20000.0,512200,房地产ETF,金融地产,sector,2700,1.48,1.448,3909.6,5
2025-12-18,adjusted_preview_baseline_v2,20000.0,159770,机器人ETF,科技与新质生产力,theme,4000,0.984,0.963,3852.0,13
2025-12-18,adjusted_preview_baseline_v2,20000.0,588000,科创50ETF,宽基,broad_index,2900,1.37,1.376,3990.4,10
2025-12-18,adjusted_preview_baseline_v2,20000.0,512200,房地产ETF,金融地产,sector,2700,1.48,1.443,3896.1,6
2025-12-19,adjusted_preview_baseline_v2,20000.0,159770,机器人ETF,科技与新质生产力,theme,4000,0.984,0.972,3888.0,14
2025-12-19,adjusted_preview_baseline_v2,20000.0,588000,科创50ETF,宽基,broad_index,2900,1.37,1.38,4002.0,11
2025-12-19,adjusted_preview_baseline_v2,20000.0,512200,房地产ETF,金融地产,sector,2700,1.48,1.47,3969.0,7
2025-12-22,adjusted_preview_baseline_v2,20000.0,159770,机器人ETF,科技与新质生产力,theme,4000,0.984,0.987,3948.0,15
2025-12-22,adjusted_preview_baseline_v2,20000.0,588000,科创50ETF,宽基,broad_index,2900,1.37,1.405,4074.5,12
2025-12-22,adjusted_preview_baseline_v2,20000.0,512200,房地产ETF,金融地产,sector,2700,1.48,1.488,4017.6,8
2025-12-23,adjusted_preview_baseline_v2,20000.0,159770,机器人ETF,科技与新质生产力,theme,4000,0.984,0.977,3908.0,16
2025-12-23,adjusted_preview_baseline_v2,20000.0,588000,科创50ETF,宽基,broad_index,2900,1.37,1.41,4089.0,13
2025-12-23,adjusted_preview_baseline_v2,20000.0,512200,房地产ETF,金融地产,sector,2700,1.48,1.473,3977.1,9
2025-12-24,adjusted_preview_baseline_v2,20000.0,159770,机器人ETF,科技与新质生产力,theme,4000,0.984,0.988,3952.0,17
2025-12-24,adjusted_preview_baseline_v2,20000.0,588000,科创50ETF,宽基,broad_index,2900,1.37,1.423,4126.7,14
2025-12-24,adjusted_preview_baseline_v2,20000.0,512200,房地产ETF,金融地产,sector,2700,1.48,1.483,4004.1,10
2025-12-25,adjusted_preview_baseline_v2,20000.0,159770,机器人ETF,科技与新质生产力,theme,4000,0.984,1.018,4072.0,18
2025-12-25,adjusted_preview_baseline_v2,20000.0,588000,科创50ETF,宽基,broad_index,2900,1.37,1.422,4123.8,15
2025-12-25,adjusted_preview_baseline_v2,20000.0,512200,房地产ETF,金融地产,sector,2700,1.48,1.494,4033.8,11
2025-12-26,adjusted_preview_baseline_v2,20000.0,159770,机器人ETF,科技与新质生产力,theme,4000,0.984,1.019,4076.0,19
2025-12-26,adjusted_preview_baseline_v2,20000.0,588000,科创50ETF,宽基,broad_index,2900,1.37,1.419,4115.1,16
2025-12-26,adjusted_preview_baseline_v2,20000.0,512200,房地产ETF,金融地产,sector,2700,1.48,1.501,4052.7,12
2025-12-29,adjusted_preview_baseline_v2,20000.0,588000,科创50ETF,宽基,broad_index,2900,1.37,1.417,4109.3,17
2025-12-29,adjusted_preview_baseline_v2,20000.0,512200,房地产ETF,金融地产,sector,2700,1.48,1.495,4036.5,13
2025-12-29,adjusted_preview_baseline_v2,20000.0,159992,银华创新药ETF,医药与消费升级,theme,4700,0.839,0.842,3957.4,0
2025-12-30,adjusted_preview_baseline_v2,20000.0,588000,科创50ETF,宽基,broad_index,2900,1.37,1.433,4155.7,18
2025-12-30,adjusted_preview_baseline_v2,20000.0,512200,房地产ETF,金融地产,sector,2700,1.48,1.479,3993.3,14
2025-12-30,adjusted_preview_baseline_v2,20000.0,159992,银华创新药ETF,医药与消费升级,theme,4700,0.839,0.837,3933.9,0
2025-12-31,adjusted_preview_baseline_v2,20000.0,588000,科创50ETF,宽基,broad_index,2900,1.37,1.417,4109.3,19
2025-12-31,adjusted_preview_baseline_v2,20000.0,512200,房地产ETF,金融地产,sector,2700,1.48,1.499,4047.3,15
2025-12-31,adjusted_preview_baseline_v2,20000.0,159992,银华创新药ETF,医药与消费升级,theme,4700,0.839,0.831,3905.7,1
2026-01-05,adjusted_preview_baseline_v2,20000.0,512200,房地产ETF,金融地产,sector,2700,1.48,1.514,4087.8,16
2026-01-05,adjusted_preview_baseline_v2,20000.0,159992,银华创新药ETF,医药与消费升级,theme,4700,0.839,0.866,4070.2,2
2026-01-05,adjusted_preview_baseline_v2,20000.0,515220,煤炭ETF,周期资源,commodity_resource,3800,1.033,1.034,3929.2,0
2026-01-06,adjusted_preview_baseline_v2,20000.0,512200,房地产ETF,金融地产,sector,2700,1.48,1.536,4147.2,17
2026-01-06,adjusted_preview_baseline_v2,20000.0,159992,银华创新药ETF,医药与消费升级,theme,4700,0.839,0.869,4084.3,3
2026-01-06,adjusted_preview_baseline_v2,20000.0,515220,煤炭ETF,周期资源,commodity_resource,3800,1.033,1.053,4001.4,0
2026-01-07,adjusted_preview_baseline_v2,20000.0,512200,房地产ETF,金融地产,sector,2700,1.48,1.537,4149.9,18
2026-01-07,adjusted_preview_baseline_v2,20000.0,159992,银华创新药ETF,医药与消费升级,theme,4700,0.839,0.882,4145.4,4
2026-01-07,adjusted_preview_baseline_v2,20000.0,515220,煤炭ETF,周期资源,commodity_resource,3800,1.033,1.093,4153.4,1
2026-01-08,adjusted_preview_baseline_v2,20000.0,512200,房地产ETF,金融地产,sector,2700,1.48,1.562,4217.4,19
2026-01-08,adjusted_preview_baseline_v2,20000.0,159992,银华创新药ETF,医药与消费升级,theme,4700,0.839,0.882,4145.4,5
2026-01-08,adjusted_preview_baseline_v2,20000.0,515220,煤炭ETF,周期资源,commodity_resource,3800,1.033,1.092,4149.6,2
2026-01-09,adjusted_preview_baseline_v2,20000.0,159992,银华创新药ETF,医药与消费升级,theme,4700,0.839,0.897,4215.9,6
2026-01-09,adjusted_preview_baseline_v2,20000.0,515220,煤炭ETF,周期资源,commodity_resource,3800,1.033,1.096,4164.8,3
2026-01-09,adjusted_preview_baseline_v2,20000.0,512690,酒ETF,消费医药,sector,7300,0.547,0.547,3993.1,0
2026-01-12,adjusted_preview_baseline_v2,20000.0,159992,银华创新药ETF,医药与消费升级,theme,4700,0.839,0.897,4215.9,7
2026-01-12,adjusted_preview_baseline_v2,20000.0,515220,煤炭ETF,周期资源,commodity_resource,3800,1.033,1.094,4157.2,4
2026-01-12,adjusted_preview_baseline_v2,20000.0,512690,酒ETF,消费医药,sector,7300,0.547,0.553,4036.9,0
2026-01-13,adjusted_preview_baseline_v2,20000.0,159992,银华创新药ETF,医药与消费升级,theme,4700,0.839,0.908,4267.6,8
2026-01-13,adjusted_preview_baseline_v2,20000.0,515220,煤炭ETF,周期资源,commodity_resource,3800,1.033,1.081,4107.8,5
2026-01-13,adjusted_preview_baseline_v2,20000.0,512690,酒ETF,消费医药,sector,7300,0.547,0.548,4000.4,1
2026-01-14,adjusted_preview_baseline_v2,20000.0,159992,银华创新药ETF,医药与消费升级,theme,4700,0.839,0.896,4211.2,9
2026-01-14,adjusted_preview_baseline_v2,20000.0,515220,煤炭ETF,周期资源,commodity_resource,3800,1.033,1.072,4073.6,6
2026-01-14,adjusted_preview_baseline_v2,20000.0,512690,酒ETF,消费医药,sector,7300,0.547,0.545,3978.5,2
2026-01-15,adjusted_preview_baseline_v2,20000.0,159992,银华创新药ETF,医药与消费升级,theme,4700,0.839,0.89,4183.0,10
2026-01-15,adjusted_preview_baseline_v2,20000.0,515220,煤炭ETF,周期资源,commodity_resource,3800,1.033,1.067,4054.6,7
2026-01-15,adjusted_preview_baseline_v2,20000.0,512690,酒ETF,消费医药,sector,7300,0.547,0.54,3942.0,3
2026-01-16,adjusted_preview_baseline_v2,20000.0,159992,银华创新药ETF,医药与消费升级,theme,4700,0.839,0.882,4145.4,11
2026-01-16,adjusted_preview_baseline_v2,20000.0,515220,煤炭ETF,周期资源,commodity_resource,3800,1.033,1.054,4005.2,8
2026-01-16,adjusted_preview_baseline_v2,20000.0,512690,酒ETF,消费医药,sector,7300,0.547,0.537,3920.1,4
2026-01-19,adjusted_preview_baseline_v2,20000.0,159992,银华创新药ETF,医药与消费升级,theme,4700,0.839,0.875,4112.5,12
2026-01-19,adjusted_preview_baseline_v2,20000.0,515220,煤炭ETF,周期资源,commodity_resource,3800,1.033,1.069,4062.2,9
2026-01-19,adjusted_preview_baseline_v2,20000.0,512690,酒ETF,消费医药,sector,7300,0.547,0.535,3905.5,5
2026-01-20,adjusted_preview_baseline_v2,20000.0,159992,银华创新药ETF,医药与消费升级,theme,4700,0.839,0.864,4060.8,13
2026-01-20,adjusted_preview_baseline_v2,20000.0,515220,煤炭ETF,周期资源,commodity_resource,3800,1.033,1.083,4115.4,10
2026-01-20,adjusted_preview_baseline_v2,20000.0,512690,酒ETF,消费医药,sector,7300,0.547,0.54,3942.0,6
2026-01-21,adjusted_preview_baseline_v2,20000.0,159992,银华创新药ETF,医药与消费升级,theme,4700,0.839,0.864,4060.8,14
2026-01-21,adjusted_preview_baseline_v2,20000.0,515220,煤炭ETF,周期资源,commodity_resource,3800,1.033,1.07,4066.0,11
2026-01-21,adjusted_preview_baseline_v2,20000.0,512690,酒ETF,消费医药,sector,7300,0.547,0.531,3876.3,7
2026-01-22,adjusted_preview_baseline_v2,20000.0,159992,银华创新药ETF,医药与消费升级,theme,4700,0.839,0.854,4013.8,15
2026-01-22,adjusted_preview_baseline_v2,20000.0,515220,煤炭ETF,周期资源,commodity_resource,3800,1.033,1.089,4138.2,12
2026-01-22,adjusted_preview_baseline_v2,20000.0,512690,酒ETF,消费医药,sector,7300,0.547,0.529,3861.7,8
2026-01-23,adjusted_preview_baseline_v2,20000.0,159992,银华创新药ETF,医药与消费升级,theme,4700,0.839,0.862,4051.4,16
2026-01-23,adjusted_preview_baseline_v2,20000.0,515220,煤炭ETF,周期资源,commodity_resource,3800,1.033,1.079,4100.2,13
2026-01-23,adjusted_preview_baseline_v2,20000.0,512690,酒ETF,消费医药,sector,7300,0.547,0.527,3847.1,9
2026-01-26,adjusted_preview_baseline_v2,20000.0,159992,银华创新药ETF,医药与消费升级,theme,4700,0.839,0.867,4074.9,17
2026-01-26,adjusted_preview_baseline_v2,20000.0,515220,煤炭ETF,周期资源,commodity_resource,3800,1.033,1.101,4183.8,14
2026-01-26,adjusted_preview_baseline_v2,20000.0,512690,酒ETF,消费医药,sector,7300,0.547,0.524,3825.2,10
2026-01-27,adjusted_preview_baseline_v2,20000.0,159992,银华创新药ETF,医药与消费升级,theme,4700,0.839,0.853,4009.1,18
2026-01-27,adjusted_preview_baseline_v2,20000.0,515220,煤炭ETF,周期资源,commodity_resource,3800,1.033,1.073,4077.4,15
2026-01-27,adjusted_preview_baseline_v2,20000.0,512690,酒ETF,消费医药,sector,7300,0.547,0.516,3766.8,11
2026-01-28,adjusted_preview_baseline_v2,20000.0,159992,银华创新药ETF,医药与消费升级,theme,4700,0.839,0.844,3966.8,19
2026-01-28,adjusted_preview_baseline_v2,20000.0,515220,煤炭ETF,周期资源,commodity_resource,3800,1.033,1.124,4271.2,16
2026-01-28,adjusted_preview_baseline_v2,20000.0,512690,酒ETF,消费医药,sector,7300,0.547,0.516,3766.8,12
2026-01-29,adjusted_preview_baseline_v2,20000.0,515220,煤炭ETF,周期资源,commodity_resource,3800,1.033,1.129,4290.2,17
2026-01-29,adjusted_preview_baseline_v2,20000.0,512690,酒ETF,消费医药,sector,7300,0.547,0.568,4146.4,13
2026-01-29,adjusted_preview_baseline_v2,20000.0,512800,银行ETF,金融地产,sector,5100,0.779,0.778,3967.8,0
2026-01-30,adjusted_preview_baseline_v2,20000.0,515220,煤炭ETF,周期资源,commodity_resource,3800,1.033,1.13,4294.0,18
2026-01-30,adjusted_preview_baseline_v2,20000.0,512690,酒ETF,消费医药,sector,7300,0.547,0.541,3949.3,14
2026-01-30,adjusted_preview_baseline_v2,20000.0,512800,银行ETF,金融地产,sector,5100,0.779,0.775,3952.5,0
2026-02-02,adjusted_preview_baseline_v2,20000.0,515220,煤炭ETF,周期资源,commodity_resource,3800,1.033,1.063,4039.4,19
2026-02-02,adjusted_preview_baseline_v2,20000.0,512690,酒ETF,消费医药,sector,7300,0.547,0.549,4007.7,15
2026-02-02,adjusted_preview_baseline_v2,20000.0,512800,银行ETF,金融地产,sector,5100,0.779,0.776,3957.6,1
2026-02-03,adjusted_preview_baseline_v2,20000.0,512690,酒ETF,消费医药,sector,7300,0.547,0.551,4022.3,16
2026-02-03,adjusted_preview_baseline_v2,20000.0,512800,银行ETF,金融地产,sector,5100,0.779,0.768,3916.8,2
2026-02-03,adjusted_preview_baseline_v2,20000.0,510230,金融ETF,金融地产,sector,2900,1.342,1.342,3891.8,0
2026-02-04,adjusted_preview_baseline_v2,20000.0,512690,酒ETF,消费医药,sector,7300,0.547,0.562,4102.6,17
2026-02-04,adjusted_preview_baseline_v2,20000.0,512800,银行ETF,金融地产,sector,5100,0.779,0.779,3972.9,3
2026-02-04,adjusted_preview_baseline_v2,20000.0,510230,金融ETF,金融地产,sector,2900,1.342,1.357,3935.3,0
2026-02-05,adjusted_preview_baseline_v2,20000.0,512690,酒ETF,消费医药,sector,7300,0.547,0.565,4124.5,18
2026-02-05,adjusted_preview_baseline_v2,20000.0,512800,银行ETF,金融地产,sector,5100,0.779,0.792,4039.2,4
2026-02-05,adjusted_preview_baseline_v2,20000.0,510230,金融ETF,金融地产,sector,2900,1.342,1.372,3978.8,1
2026-02-06,adjusted_preview_baseline_v2,20000.0,512690,酒ETF,消费医药,sector,7300,0.547,0.554,4044.2,19
2026-02-06,adjusted_preview_baseline_v2,20000.0,512800,银行ETF,金融地产,sector,5100,0.779,0.79,4029.0,5
2026-02-06,adjusted_preview_baseline_v2,20000.0,510230,金融ETF,金融地产,sector,2900,1.342,1.365,3958.5,2
2026-02-09,adjusted_preview_baseline_v2,20000.0,512800,银行ETF,金融地产,sector,5100,0.779,0.792,4039.2,6
2026-02-09,adjusted_preview_baseline_v2,20000.0,510230,金融ETF,金融地产,sector,2900,1.342,1.378,3996.2,3
2026-02-09,adjusted_preview_baseline_v2,20000.0,516080,易方达创新药ETF,医药与消费升级,theme,6000,0.66,0.661,3966.0,0
2026-02-10,adjusted_preview_baseline_v2,20000.0,512800,银行ETF,金融地产,sector,5100,0.779,0.794,4049.4,7
2026-02-10,adjusted_preview_baseline_v2,20000.0,510230,金融ETF,金融地产,sector,2900,1.342,1.379,3999.1,4
2026-02-10,adjusted_preview_baseline_v2,20000.0,516080,易方达创新药ETF,医药与消费升级,theme,6000,0.66,0.67,4020.0,0
2026-02-11,adjusted_preview_baseline_v2,20000.0,512800,银行ETF,金融地产,sector,5100,0.779,0.796,4059.6,8
2026-02-11,adjusted_preview_baseline_v2,20000.0,510230,金融ETF,金融地产,sector,2900,1.342,1.376,3990.4,5
2026-02-11,adjusted_preview_baseline_v2,20000.0,516080,易方达创新药ETF,医药与消费升级,theme,6000,0.66,0.67,4020.0,1
2026-02-12,adjusted_preview_baseline_v2,20000.0,512800,银行ETF,金融地产,sector,5100,0.779,0.784,3998.4,9
2026-02-12,adjusted_preview_baseline_v2,20000.0,510230,金融ETF,金融地产,sector,2900,1.342,1.359,3941.1,6
2026-02-12,adjusted_preview_baseline_v2,20000.0,516080,易方达创新药ETF,医药与消费升级,theme,6000,0.66,0.667,4002.0,2
2026-02-13,adjusted_preview_baseline_v2,20000.0,512800,银行ETF,金融地产,sector,5100,0.779,0.779,3972.9,10
2026-02-13,adjusted_preview_baseline_v2,20000.0,510230,金融ETF,金融地产,sector,2900,1.342,1.348,3909.2,7
2026-02-13,adjusted_preview_baseline_v2,20000.0,516080,易方达创新药ETF,医药与消费升级,theme,6000,0.66,0.658,3948.0,3
2026-02-24,adjusted_preview_baseline_v2,20000.0,512800,银行ETF,金融地产,sector,5100,0.779,0.777,3962.7,11
2026-02-24,adjusted_preview_baseline_v2,20000.0,510230,金融ETF,金融地产,sector,2900,1.342,1.34,3886.0,8
2026-02-24,adjusted_preview_baseline_v2,20000.0,516080,易方达创新药ETF,医药与消费升级,theme,6000,0.66,0.654,3924.0,4
2026-02-25,adjusted_preview_baseline_v2,20000.0,512800,银行ETF,金融地产,sector,5100,0.779,0.774,3947.4,12
2026-02-25,adjusted_preview_baseline_v2,20000.0,510230,金融ETF,金融地产,sector,2900,1.342,1.338,3880.2,9
2026-02-25,adjusted_preview_baseline_v2,20000.0,516080,易方达创新药ETF,医药与消费升级,theme,6000,0.66,0.66,3960.0,5
2026-02-26,adjusted_preview_baseline_v2,20000.0,512800,银行ETF,金融地产,sector,5100,0.779,0.772,3937.2,13
2026-02-26,adjusted_preview_baseline_v2,20000.0,510230,金融ETF,金融地产,sector,2900,1.342,1.325,3842.5,10
2026-02-26,adjusted_preview_baseline_v2,20000.0,516080,易方达创新药ETF,医药与消费升级,theme,6000,0.66,0.65,3900.0,6
2026-02-27,adjusted_preview_baseline_v2,20000.0,512800,银行ETF,金融地产,sector,5100,0.779,0.773,3942.3,14
2026-02-27,adjusted_preview_baseline_v2,20000.0,510230,金融ETF,金融地产,sector,2900,1.342,1.325,3842.5,11
2026-02-27,adjusted_preview_baseline_v2,20000.0,516080,易方达创新药ETF,医药与消费升级,theme,6000,0.66,0.651,3906.0,7
2026-03-02,adjusted_preview_baseline_v2,20000.0,512800,银行ETF,金融地产,sector,5100,0.779,0.777,3962.7,15
2026-03-02,adjusted_preview_baseline_v2,20000.0,510230,金融ETF,金融地产,sector,2900,1.342,1.321,3830.9,12
2026-03-02,adjusted_preview_baseline_v2,20000.0,516080,易方达创新药ETF,医药与消费升级,theme,6000,0.66,0.634,3804.0,8
2026-03-03,adjusted_preview_baseline_v2,20000.0,512800,银行ETF,金融地产,sector,5100,0.779,0.784,3998.4,16
2026-03-03,adjusted_preview_baseline_v2,20000.0,510230,金融ETF,金融地产,sector,2900,1.342,1.328,3851.2,13
2026-03-03,adjusted_preview_baseline_v2,20000.0,516080,易方达创新药ETF,医药与消费升级,theme,6000,0.66,0.614,3684.0,9
2026-03-04,adjusted_preview_baseline_v2,20000.0,512800,银行ETF,金融地产,sector,5100,0.779,0.775,3952.5,17
2026-03-04,adjusted_preview_baseline_v2,20000.0,510230,金融ETF,金融地产,sector,2900,1.342,1.304,3781.6,14
2026-03-04,adjusted_preview_baseline_v2,20000.0,516080,易方达创新药ETF,医药与消费升级,theme,6000,0.66,0.61,3660.0,10
2026-03-05,adjusted_preview_baseline_v2,20000.0,512800,银行ETF,金融地产,sector,5100,0.779,0.783,3993.3,18
2026-03-05,adjusted_preview_baseline_v2,20000.0,510230,金融ETF,金融地产,sector,2900,1.342,1.318,3822.2,15
2026-03-05,adjusted_preview_baseline_v2,20000.0,516080,易方达创新药ETF,医药与消费升级,theme,6000,0.66,0.614,3684.0,11
2026-03-06,adjusted_preview_baseline_v2,20000.0,512800,银行ETF,金融地产,sector,5100,0.779,0.784,3998.4,19
2026-03-06,adjusted_preview_baseline_v2,20000.0,510230,金融ETF,金融地产,sector,2900,1.342,1.322,3833.8,16
2026-03-06,adjusted_preview_baseline_v2,20000.0,516080,易方达创新药ETF,医药与消费升级,theme,6000,0.66,0.634,3804.0,12
2026-03-09,adjusted_preview_baseline_v2,20000.0,510230,金融ETF,金融地产,sector,2900,1.342,1.307,3790.3,17
2026-03-09,adjusted_preview_baseline_v2,20000.0,516080,易方达创新药ETF,医药与消费升级,theme,6000,0.66,0.624,3744.0,13
2026-03-09,adjusted_preview_baseline_v2,20000.0,512200,房地产ETF,金融地产,sector,2700,1.457,1.451,3917.7,0
2026-03-10,adjusted_preview_baseline_v2,20000.0,510230,金融ETF,金融地产,sector,2900,1.342,1.314,3810.6,18
2026-03-10,adjusted_preview_baseline_v2,20000.0,516080,易方达创新药ETF,医药与消费升级,theme,6000,0.66,0.644,3864.0,14
2026-03-10,adjusted_preview_baseline_v2,20000.0,512200,房地产ETF,金融地产,sector,2700,1.457,1.466,3958.2,0
2026-03-11,adjusted_preview_baseline_v2,20000.0,510230,金融ETF,金融地产,sector,2900,1.342,1.323,3836.7,19
2026-03-11,adjusted_preview_baseline_v2,20000.0,516080,易方达创新药ETF,医药与消费升级,theme,6000,0.66,0.638,3828.0,15
2026-03-11,adjusted_preview_baseline_v2,20000.0,512200,房地产ETF,金融地产,sector,2700,1.457,1.472,3974.4,1
2026-03-12,adjusted_preview_baseline_v2,20000.0,516080,易方达创新药ETF,医药与消费升级,theme,6000,0.66,0.632,3792.0,16
2026-03-12,adjusted_preview_baseline_v2,20000.0,512200,房地产ETF,金融地产,sector,2700,1.457,1.468,3963.6,2
2026-03-12,adjusted_preview_baseline_v2,20000.0,512690,酒ETF,消费医药,sector,7900,0.505,0.506,3997.4,0
2026-03-13,adjusted_preview_baseline_v2,20000.0,516080,易方达创新药ETF,医药与消费升级,theme,6000,0.66,0.628,3768.0,17
2026-03-13,adjusted_preview_baseline_v2,20000.0,512200,房地产ETF,金融地产,sector,2700,1.457,1.468,3963.6,3
2026-03-13,adjusted_preview_baseline_v2,20000.0,512690,酒ETF,消费医药,sector,7900,0.505,0.512,4044.8,0
2026-03-16,adjusted_preview_baseline_v2,20000.0,516080,易方达创新药ETF,医药与消费升级,theme,6000,0.66,0.635,3810.0,18
2026-03-16,adjusted_preview_baseline_v2,20000.0,512200,房地产ETF,金融地产,sector,2700,1.457,1.477,3987.9,4
2026-03-16,adjusted_preview_baseline_v2,20000.0,512690,酒ETF,消费医药,sector,7900,0.505,0.519,4100.1,1
2026-03-17,adjusted_preview_baseline_v2,20000.0,516080,易方达创新药ETF,医药与消费升级,theme,6000,0.66,0.638,3828.0,19
2026-03-17,adjusted_preview_baseline_v2,20000.0,512200,房地产ETF,金融地产,sector,2700,1.457,1.482,4001.4,5
2026-03-17,adjusted_preview_baseline_v2,20000.0,512690,酒ETF,消费医药,sector,7900,0.505,0.518,4092.2,2
2026-03-18,adjusted_preview_baseline_v2,20000.0,512200,房地产ETF,金融地产,sector,2700,1.457,1.466,3958.2,6
2026-03-18,adjusted_preview_baseline_v2,20000.0,512690,酒ETF,消费医药,sector,7900,0.505,0.513,4052.7,3
2026-03-18,adjusted_preview_baseline_v2,20000.0,512070,非银ETF,金融地产,high_beta,4700,0.839,0.847,3980.9,0
2026-03-19,adjusted_preview_baseline_v2,20000.0,512200,房地产ETF,金融地产,sector,2700,1.457,1.426,3850.2,7
2026-03-19,adjusted_preview_baseline_v2,20000.0,512690,酒ETF,消费医药,sector,7900,0.505,0.504,3981.6,4
2026-03-19,adjusted_preview_baseline_v2,20000.0,512070,非银ETF,金融地产,high_beta,4700,0.839,0.832,3910.4,0
2026-03-20,adjusted_preview_baseline_v2,20000.0,512200,房地产ETF,金融地产,sector,2700,1.457,1.401,3782.7,8
2026-03-20,adjusted_preview_baseline_v2,20000.0,512690,酒ETF,消费医药,sector,7900,0.505,0.5,3950.0,5
2026-03-20,adjusted_preview_baseline_v2,20000.0,512070,非银ETF,金融地产,high_beta,4700,0.839,0.818,3844.6,1
2026-03-23,adjusted_preview_baseline_v2,20000.0,512200,房地产ETF,金融地产,sector,2700,1.457,1.331,3593.7,9
2026-03-23,adjusted_preview_baseline_v2,20000.0,512690,酒ETF,消费医药,sector,7900,0.505,0.484,3823.6,6
2026-03-23,adjusted_preview_baseline_v2,20000.0,512070,非银ETF,金融地产,high_beta,4700,0.839,0.787,3698.9,2
2026-03-24,adjusted_preview_baseline_v2,20000.0,512200,房地产ETF,金融地产,sector,2700,1.457,1.369,3696.3,10
2026-03-24,adjusted_preview_baseline_v2,20000.0,512690,酒ETF,消费医药,sector,7900,0.505,0.49,3871.0,7
2026-03-24,adjusted_preview_baseline_v2,20000.0,512070,非银ETF,金融地产,high_beta,4700,0.839,0.793,3727.1,3
2026-03-25,adjusted_preview_baseline_v2,20000.0,512200,房地产ETF,金融地产,sector,2700,1.457,1.389,3750.3,11
2026-03-25,adjusted_preview_baseline_v2,20000.0,512690,酒ETF,消费医药,sector,7900,0.505,0.492,3886.8,8
2026-03-25,adjusted_preview_baseline_v2,20000.0,512070,非银ETF,金融地产,high_beta,4700,0.839,0.803,3774.1,4
2026-03-26,adjusted_preview_baseline_v2,20000.0,512200,房地产ETF,金融地产,sector,2700,1.457,1.363,3680.1,12
2026-03-26,adjusted_preview_baseline_v2,20000.0,512690,酒ETF,消费医药,sector,7900,0.505,0.486,3839.4,9
2026-03-26,adjusted_preview_baseline_v2,20000.0,512070,非银ETF,金融地产,high_beta,4700,0.839,0.78,3666.0,5
2026-03-27,adjusted_preview_baseline_v2,20000.0,512200,房地产ETF,金融地产,sector,2700,1.457,1.373,3707.1,13
2026-03-27,adjusted_preview_baseline_v2,20000.0,512690,酒ETF,消费医药,sector,7900,0.505,0.492,3886.8,10
2026-03-27,adjusted_preview_baseline_v2,20000.0,512070,非银ETF,金融地产,high_beta,4700,0.839,0.782,3675.4,6
2026-03-30,adjusted_preview_baseline_v2,20000.0,512200,房地产ETF,金融地产,sector,2700,1.457,1.369,3696.3,14
2026-03-30,adjusted_preview_baseline_v2,20000.0,512690,酒ETF,消费医药,sector,7900,0.505,0.493,3894.7,11
2026-03-30,adjusted_preview_baseline_v2,20000.0,512070,非银ETF,金融地产,high_beta,4700,0.839,0.775,3642.5,7
2026-03-31,adjusted_preview_baseline_v2,20000.0,512200,房地产ETF,金融地产,sector,2700,1.457,1.356,3661.2,15
2026-03-31,adjusted_preview_baseline_v2,20000.0,512690,酒ETF,消费医药,sector,7900,0.505,0.493,3894.7,12
2026-03-31,adjusted_preview_baseline_v2,20000.0,512070,非银ETF,金融地产,high_beta,4700,0.839,0.774,3637.8,8
2026-04-01,adjusted_preview_baseline_v2,20000.0,512200,房地产ETF,金融地产,sector,2700,1.457,1.364,3682.8,16
2026-04-01,adjusted_preview_baseline_v2,20000.0,512690,酒ETF,消费医药,sector,7900,0.505,0.498,3934.2,13
2026-04-01,adjusted_preview_baseline_v2,20000.0,512070,非银ETF,金融地产,high_beta,4700,0.839,0.788,3703.6,9
2026-04-02,adjusted_preview_baseline_v2,20000.0,512200,房地产ETF,金融地产,sector,2700,1.457,1.329,3588.3,17
2026-04-02,adjusted_preview_baseline_v2,20000.0,512690,酒ETF,消费医药,sector,7900,0.505,0.499,3942.1,14
2026-04-02,adjusted_preview_baseline_v2,20000.0,512070,非银ETF,金融地产,high_beta,4700,0.839,0.775,3642.5,10
2026-04-03,adjusted_preview_baseline_v2,20000.0,512200,房地产ETF,金融地产,sector,2700,1.457,1.301,3512.7,18
2026-04-03,adjusted_preview_baseline_v2,20000.0,512690,酒ETF,消费医药,sector,7900,0.505,0.494,3902.6,15
2026-04-03,adjusted_preview_baseline_v2,20000.0,512070,非银ETF,金融地产,high_beta,4700,0.839,0.771,3623.7,11
2026-04-07,adjusted_preview_baseline_v2,20000.0,512200,房地产ETF,金融地产,sector,2700,1.457,1.303,3518.1,19
2026-04-07,adjusted_preview_baseline_v2,20000.0,512690,酒ETF,消费医药,sector,7900,0.505,0.491,3878.9,16
2026-04-07,adjusted_preview_baseline_v2,20000.0,512070,非银ETF,金融地产,high_beta,4700,0.839,0.766,3600.2,12
2026-04-08,adjusted_preview_baseline_v2,20000.0,512690,酒ETF,消费医药,sector,7900,0.505,0.498,3934.2,17
2026-04-08,adjusted_preview_baseline_v2,20000.0,512070,非银ETF,金融地产,high_beta,4700,0.839,0.798,3750.6,13
2026-04-08,adjusted_preview_baseline_v2,20000.0,512660,军工ETF,新能源制造,commodity_resource,3000,1.321,1.333,3999.0,0
2026-04-09,adjusted_preview_baseline_v2,20000.0,512690,酒ETF,消费医药,sector,7900,0.505,0.49,3871.0,18
2026-04-09,adjusted_preview_baseline_v2,20000.0,512070,非银ETF,金融地产,high_beta,4700,0.839,0.783,3680.1,14
2026-04-09,adjusted_preview_baseline_v2,20000.0,512660,军工ETF,新能源制造,commodity_resource,3000,1.321,1.323,3969.0,0
2026-04-10,adjusted_preview_baseline_v2,20000.0,512690,酒ETF,消费医药,sector,7900,0.505,0.491,3878.9,19
2026-04-10,adjusted_preview_baseline_v2,20000.0,512070,非银ETF,金融地产,high_beta,4700,0.839,0.803,3774.1,15
2026-04-10,adjusted_preview_baseline_v2,20000.0,512660,军工ETF,新能源制造,commodity_resource,3000,1.321,1.339,4017.0,1
2026-04-13,adjusted_preview_baseline_v2,20000.0,512070,非银ETF,金融地产,high_beta,4700,0.839,0.8,3760.0,16
2026-04-13,adjusted_preview_baseline_v2,20000.0,512660,军工ETF,新能源制造,commodity_resource,3000,1.321,1.351,4053.0,2
2026-04-13,adjusted_preview_baseline_v2,20000.0,515790,光伏ETF,新能源制造,commodity_resource,3700,1.06,1.056,3907.2,0
2026-04-14,adjusted_preview_baseline_v2,20000.0,512070,非银ETF,金融地产,high_beta,4700,0.839,0.807,3792.9,17
2026-04-14,adjusted_preview_baseline_v2,20000.0,512660,军工ETF,新能源制造,commodity_resource,3000,1.321,1.375,4125.0,3
2026-04-14,adjusted_preview_baseline_v2,20000.0,515790,光伏ETF,新能源制造,commodity_resource,3700,1.06,1.064,3936.8,0
2026-04-15,adjusted_preview_baseline_v2,20000.0,512070,非银ETF,金融地产,high_beta,4700,0.839,0.803,3774.1,18
2026-04-15,adjusted_preview_baseline_v2,20000.0,512660,军工ETF,新能源制造,commodity_resource,3000,1.321,1.367,4101.0,4
2026-04-15,adjusted_preview_baseline_v2,20000.0,515790,光伏ETF,新能源制造,commodity_resource,3700,1.06,1.058,3914.6,1
2026-04-16,adjusted_preview_baseline_v2,20000.0,512070,非银ETF,金融地产,high_beta,4700,0.839,0.807,3792.9,19
2026-04-16,adjusted_preview_baseline_v2,20000.0,512660,军工ETF,新能源制造,commodity_resource,3000,1.321,1.375,4125.0,5
2026-04-16,adjusted_preview_baseline_v2,20000.0,515790,光伏ETF,新能源制造,commodity_resource,3700,1.06,1.07,3959.0,2
2026-04-17,adjusted_preview_baseline_v2,20000.0,512660,军工ETF,新能源制造,commodity_resource,3000,1.321,1.386,4158.0,6
2026-04-17,adjusted_preview_baseline_v2,20000.0,515790,光伏ETF,新能源制造,commodity_resource,3700,1.06,1.071,3962.7,3
2026-04-17,adjusted_preview_baseline_v2,20000.0,512200,房地产ETF,金融地产,sector,2800,1.397,1.404,3931.2,0
2026-04-20,adjusted_preview_baseline_v2,20000.0,512660,军工ETF,新能源制造,commodity_resource,3000,1.321,1.425,4275.0,7
2026-04-20,adjusted_preview_baseline_v2,20000.0,515790,光伏ETF,新能源制造,commodity_resource,3700,1.06,1.086,4018.2,4
2026-04-20,adjusted_preview_baseline_v2,20000.0,512200,房地产ETF,金融地产,sector,2800,1.397,1.398,3914.4,0
2026-04-21,adjusted_preview_baseline_v2,20000.0,512660,军工ETF,新能源制造,commodity_resource,3000,1.321,1.416,4248.0,8
2026-04-21,adjusted_preview_baseline_v2,20000.0,515790,光伏ETF,新能源制造,commodity_resource,3700,1.06,1.082,4003.4,5
2026-04-21,adjusted_preview_baseline_v2,20000.0,512200,房地产ETF,金融地产,sector,2800,1.397,1.393,3900.4,1
2026-04-22,adjusted_preview_baseline_v2,20000.0,512660,军工ETF,新能源制造,commodity_resource,3000,1.321,1.42,4260.0,9
2026-04-22,adjusted_preview_baseline_v2,20000.0,515790,光伏ETF,新能源制造,commodity_resource,3700,1.06,1.085,4014.5,6
2026-04-22,adjusted_preview_baseline_v2,20000.0,512200,房地产ETF,金融地产,sector,2800,1.397,1.4,3920.0,2
2026-04-23,adjusted_preview_baseline_v2,20000.0,512660,军工ETF,新能源制造,commodity_resource,3000,1.321,1.424,4272.0,10
2026-04-23,adjusted_preview_baseline_v2,20000.0,515790,光伏ETF,新能源制造,commodity_resource,3700,1.06,1.078,3988.6,7
2026-04-23,adjusted_preview_baseline_v2,20000.0,512200,房地产ETF,金融地产,sector,2800,1.397,1.392,3897.6,3
2026-04-24,adjusted_preview_baseline_v2,20000.0,512660,军工ETF,新能源制造,commodity_resource,3000,1.321,1.396,4188.0,11
2026-04-24,adjusted_preview_baseline_v2,20000.0,515790,光伏ETF,新能源制造,commodity_resource,3700,1.06,1.062,3929.4,8
2026-04-24,adjusted_preview_baseline_v2,20000.0,512200,房地产ETF,金融地产,sector,2800,1.397,1.383,3872.4,4
2026-04-27,adjusted_preview_baseline_v2,20000.0,512660,军工ETF,新能源制造,commodity_resource,3000,1.321,1.393,4179.0,12
2026-04-27,adjusted_preview_baseline_v2,20000.0,515790,光伏ETF,新能源制造,commodity_resource,3700,1.06,1.053,3896.1,9
2026-04-27,adjusted_preview_baseline_v2,20000.0,512200,房地产ETF,金融地产,sector,2800,1.397,1.38,3864.0,5
2026-04-28,adjusted_preview_baseline_v2,20000.0,512660,军工ETF,新能源制造,commodity_resource,3000,1.321,1.371,4113.0,13
2026-04-28,adjusted_preview_baseline_v2,20000.0,515790,光伏ETF,新能源制造,commodity_resource,3700,1.06,1.04,3848.0,10
2026-04-28,adjusted_preview_baseline_v2,20000.0,512200,房地产ETF,金融地产,sector,2800,1.397,1.385,3878.0,6
2026-04-29,adjusted_preview_baseline_v2,20000.0,512660,军工ETF,新能源制造,commodity_resource,3000,1.321,1.377,4131.0,14
2026-04-29,adjusted_preview_baseline_v2,20000.0,515790,光伏ETF,新能源制造,commodity_resource,3700,1.06,1.059,3918.3,11
2026-04-29,adjusted_preview_baseline_v2,20000.0,512200,房地产ETF,金融地产,sector,2800,1.397,1.414,3959.2,7
2026-04-30,adjusted_preview_baseline_v2,20000.0,512660,军工ETF,新能源制造,commodity_resource,3000,1.321,1.399,4197.0,15
2026-04-30,adjusted_preview_baseline_v2,20000.0,515790,光伏ETF,新能源制造,commodity_resource,3700,1.06,1.063,3933.1,12
2026-04-30,adjusted_preview_baseline_v2,20000.0,512200,房地产ETF,金融地产,sector,2800,1.397,1.438,4026.4,8
2026-05-06,adjusted_preview_baseline_v2,20000.0,512660,军工ETF,新能源制造,commodity_resource,3000,1.321,1.43,4290.0,16
2026-05-06,adjusted_preview_baseline_v2,20000.0,515790,光伏ETF,新能源制造,commodity_resource,3700,1.06,1.086,4018.2,13
2026-05-06,adjusted_preview_baseline_v2,20000.0,512200,房地产ETF,金融地产,sector,2800,1.397,1.462,4093.6,9
2026-05-07,adjusted_preview_baseline_v2,20000.0,512660,军工ETF,新能源制造,commodity_resource,3000,1.321,1.446,4338.0,17
2026-05-07,adjusted_preview_baseline_v2,20000.0,515790,光伏ETF,新能源制造,commodity_resource,3700,1.06,1.101,4073.7,14
2026-05-07,adjusted_preview_baseline_v2,20000.0,512200,房地产ETF,金融地产,sector,2800,1.397,1.47,4116.0,10
2026-05-08,adjusted_preview_baseline_v2,20000.0,512660,军工ETF,新能源制造,commodity_resource,3000,1.321,1.474,4422.0,18
2026-05-08,adjusted_preview_baseline_v2,20000.0,515790,光伏ETF,新能源制造,commodity_resource,3700,1.06,1.096,4055.2,15
2026-05-08,adjusted_preview_baseline_v2,20000.0,512200,房地产ETF,金融地产,sector,2800,1.397,1.488,4166.4,11
2026-05-11,adjusted_preview_baseline_v2,20000.0,512660,军工ETF,新能源制造,commodity_resource,3000,1.321,1.483,4449.0,19
2026-05-11,adjusted_preview_baseline_v2,20000.0,515790,光伏ETF,新能源制造,commodity_resource,3700,1.06,1.123,4155.1,16
2026-05-11,adjusted_preview_baseline_v2,20000.0,512200,房地产ETF,金融地产,sector,2800,1.397,1.509,4225.2,12
2026-05-12,adjusted_preview_baseline_v2,20000.0,515790,光伏ETF,新能源制造,commodity_resource,3700,1.06,1.122,4151.4,17
2026-05-12,adjusted_preview_baseline_v2,20000.0,512200,房地产ETF,金融地产,sector,2800,1.397,1.51,4228.0,13
2026-05-12,adjusted_preview_baseline_v2,20000.0,512690,酒ETF,消费医药,sector,8500,0.469,0.469,3986.5,0
2026-05-13,adjusted_preview_baseline_v2,20000.0,515790,光伏ETF,新能源制造,commodity_resource,3700,1.06,1.146,4240.2,18
2026-05-13,adjusted_preview_baseline_v2,20000.0,512200,房地产ETF,金融地产,sector,2800,1.397,1.491,4174.8,14
2026-05-13,adjusted_preview_baseline_v2,20000.0,512690,酒ETF,消费医药,sector,8500,0.469,0.462,3927.0,0
2026-05-14,adjusted_preview_baseline_v2,20000.0,515790,光伏ETF,新能源制造,commodity_resource,3700,1.06,1.128,4173.6,19
2026-05-14,adjusted_preview_baseline_v2,20000.0,512200,房地产ETF,金融地产,sector,2800,1.397,1.456,4076.8,15
2026-05-14,adjusted_preview_baseline_v2,20000.0,512690,酒ETF,消费医药,sector,8500,0.469,0.466,3961.0,1
2026-05-15,adjusted_preview_baseline_v2,20000.0,512200,房地产ETF,金融地产,sector,2800,1.397,1.433,4012.4,16
2026-05-15,adjusted_preview_baseline_v2,20000.0,512690,酒ETF,消费医药,sector,8500,0.469,0.455,3867.5,2
2026-05-15,adjusted_preview_baseline_v2,20000.0,515120,广发创新药ETF,医药与消费升级,theme,6700,0.594,0.598,4006.6,0
2026-05-18,adjusted_preview_baseline_v2,20000.0,512200,房地产ETF,金融地产,sector,2800,1.397,1.415,3962.0,17
2026-05-18,adjusted_preview_baseline_v2,20000.0,512690,酒ETF,消费医药,sector,8500,0.469,0.451,3833.5,3
2026-05-18,adjusted_preview_baseline_v2,20000.0,515120,广发创新药ETF,医药与消费升级,theme,6700,0.594,0.587,3932.9,0
2026-05-19,adjusted_preview_baseline_v2,20000.0,512200,房地产ETF,金融地产,sector,2800,1.397,1.426,3992.8,18
2026-05-19,adjusted_preview_baseline_v2,20000.0,512690,酒ETF,消费医药,sector,8500,0.469,0.452,3842.0,4
2026-05-19,adjusted_preview_baseline_v2,20000.0,515120,广发创新药ETF,医药与消费升级,theme,6700,0.594,0.589,3946.3,1
2026-05-20,adjusted_preview_baseline_v2,20000.0,512200,房地产ETF,金融地产,sector,2800,1.397,1.416,3964.8,19
2026-05-20,adjusted_preview_baseline_v2,20000.0,512690,酒ETF,消费医药,sector,8500,0.469,0.455,3867.5,5
2026-05-20,adjusted_preview_baseline_v2,20000.0,515120,广发创新药ETF,医药与消费升级,theme,6700,0.594,0.588,3939.6,2
2026-05-21,adjusted_preview_baseline_v2,20000.0,512690,酒ETF,消费医药,sector,8500,0.469,0.454,3859.0,6
2026-05-21,adjusted_preview_baseline_v2,20000.0,515120,广发创新药ETF,医药与消费升级,theme,6700,0.594,0.594,3979.8,3
2026-05-21,adjusted_preview_baseline_v2,20000.0,512400,有色ETF,周期资源,commodity_resource,2000,1.951,1.947,3894.0,0
2026-05-22,adjusted_preview_baseline_v2,20000.0,512690,酒ETF,消费医药,sector,8500,0.469,0.444,3774.0,7
2026-05-22,adjusted_preview_baseline_v2,20000.0,515120,广发创新药ETF,医药与消费升级,theme,6700,0.594,0.585,3919.5,4
2026-05-22,adjusted_preview_baseline_v2,20000.0,512400,有色ETF,周期资源,commodity_resource,2000,1.951,2.019,4038.0,0
2026-05-25,adjusted_preview_baseline_v2,20000.0,512690,酒ETF,消费医药,sector,8500,0.469,0.448,3808.0,8
2026-05-25,adjusted_preview_baseline_v2,20000.0,515120,广发创新药ETF,医药与消费升级,theme,6700,0.594,0.577,3865.9,5
2026-05-25,adjusted_preview_baseline_v2,20000.0,512400,有色ETF,周期资源,commodity_resource,2000,1.951,2.025,4050.0,1
2026-05-26,adjusted_preview_baseline_v2,20000.0,512690,酒ETF,消费医药,sector,8500,0.469,0.444,3774.0,9
2026-05-26,adjusted_preview_baseline_v2,20000.0,515120,广发创新药ETF,医药与消费升级,theme,6700,0.594,0.576,3859.2,6
2026-05-26,adjusted_preview_baseline_v2,20000.0,512400,有色ETF,周期资源,commodity_resource,2000,1.951,2.095,4190.0,2
2026-05-27,adjusted_preview_baseline_v2,20000.0,512690,酒ETF,消费医药,sector,8500,0.469,0.453,3850.5,10
2026-05-27,adjusted_preview_baseline_v2,20000.0,515120,广发创新药ETF,医药与消费升级,theme,6700,0.594,0.574,3845.8,7
2026-05-27,adjusted_preview_baseline_v2,20000.0,512400,有色ETF,周期资源,commodity_resource,2000,1.951,2.013,4026.0,3
2026-05-28,adjusted_preview_baseline_v2,20000.0,512690,酒ETF,消费医药,sector,8500,0.469,0.443,3765.5,11
2026-05-28,adjusted_preview_baseline_v2,20000.0,515120,广发创新药ETF,医药与消费升级,theme,6700,0.594,0.561,3758.7,8
2026-05-28,adjusted_preview_baseline_v2,20000.0,512400,有色ETF,周期资源,commodity_resource,2000,1.951,1.991,3982.0,4
2026-05-29,adjusted_preview_baseline_v2,20000.0,512690,酒ETF,消费医药,sector,8500,0.469,0.457,3884.5,12
2026-05-29,adjusted_preview_baseline_v2,20000.0,515120,广发创新药ETF,医药与消费升级,theme,6700,0.594,0.574,3845.8,9
2026-05-29,adjusted_preview_baseline_v2,20000.0,512400,有色ETF,周期资源,commodity_resource,2000,1.951,1.965,3930.0,5
2026-06-01,adjusted_preview_baseline_v2,20000.0,512690,酒ETF,消费医药,sector,8500,0.469,0.456,3876.0,13
2026-06-01,adjusted_preview_baseline_v2,20000.0,515120,广发创新药ETF,医药与消费升级,theme,6700,0.594,0.568,3805.6,10
2026-06-01,adjusted_preview_baseline_v2,20000.0,512400,有色ETF,周期资源,commodity_resource,2000,1.951,1.949,3898.0,6
2026-06-02,adjusted_preview_baseline_v2,20000.0,512690,酒ETF,消费医药,sector,8500,0.469,0.448,3808.0,14
2026-06-02,adjusted_preview_baseline_v2,20000.0,515120,广发创新药ETF,医药与消费升级,theme,6700,0.594,0.558,3738.6,11
2026-06-02,adjusted_preview_baseline_v2,20000.0,512400,有色ETF,周期资源,commodity_resource,2000,1.951,2.015,4030.0,7
2026-06-03,adjusted_preview_baseline_v2,20000.0,512690,酒ETF,消费医药,sector,8500,0.469,0.444,3774.0,15
2026-06-03,adjusted_preview_baseline_v2,20000.0,515120,广发创新药ETF,医药与消费升级,theme,6700,0.594,0.548,3671.6,12
2026-06-03,adjusted_preview_baseline_v2,20000.0,512400,有色ETF,周期资源,commodity_resource,2000,1.951,2.032,4064.0,8
2026-06-04,adjusted_preview_baseline_v2,20000.0,512690,酒ETF,消费医药,sector,8500,0.469,0.433,3680.5,16
2026-06-04,adjusted_preview_baseline_v2,20000.0,515120,广发创新药ETF,医药与消费升级,theme,6700,0.594,0.542,3631.4,13
2026-06-04,adjusted_preview_baseline_v2,20000.0,512400,有色ETF,周期资源,commodity_resource,2000,1.951,1.97,3940.0,9
2026-06-05,adjusted_preview_baseline_v2,20000.0,512690,酒ETF,消费医药,sector,8500,0.469,0.433,3680.5,17
2026-06-05,adjusted_preview_baseline_v2,20000.0,515120,广发创新药ETF,医药与消费升级,theme,6700,0.594,0.542,3631.4,14
2026-06-05,adjusted_preview_baseline_v2,20000.0,512400,有色ETF,周期资源,commodity_resource,2000,1.951,1.926,3852.0,10
2026-06-08,adjusted_preview_baseline_v2,20000.0,512690,酒ETF,消费医药,sector,8500,0.469,0.425,3612.5,18
2026-06-08,adjusted_preview_baseline_v2,20000.0,515120,广发创新药ETF,医药与消费升级,theme,6700,0.594,0.53,3551.0,15
2026-06-08,adjusted_preview_baseline_v2,20000.0,512400,有色ETF,周期资源,commodity_resource,2000,1.951,1.82,3640.0,11
2026-06-09,adjusted_preview_baseline_v2,20000.0,512690,酒ETF,消费医药,sector,8500,0.469,0.421,3578.5,19
2026-06-09,adjusted_preview_baseline_v2,20000.0,515120,广发创新药ETF,医药与消费升级,theme,6700,0.594,0.532,3564.4,16
2026-06-09,adjusted_preview_baseline_v2,20000.0,512400,有色ETF,周期资源,commodity_resource,2000,1.951,1.869,3738.0,12
2026-06-10,adjusted_preview_baseline_v2,20000.0,515120,广发创新药ETF,医药与消费升级,theme,6700,0.594,0.541,3624.7,17
2026-06-10,adjusted_preview_baseline_v2,20000.0,512400,有色ETF,周期资源,commodity_resource,2000,1.951,1.843,3686.0,13
2026-06-10,adjusted_preview_baseline_v2,20000.0,512660,军工ETF,新能源制造,commodity_resource,3300,1.208,1.222,4032.6,0
2026-06-11,adjusted_preview_baseline_v2,20000.0,515120,广发创新药ETF,医药与消费升级,theme,6700,0.594,0.538,3604.6,18
2026-06-11,adjusted_preview_baseline_v2,20000.0,512400,有色ETF,周期资源,commodity_resource,2000,1.951,1.88,3760.0,14
2026-06-11,adjusted_preview_baseline_v2,20000.0,512660,军工ETF,新能源制造,commodity_resource,3300,1.208,1.219,4022.7,0
2026-06-12,adjusted_preview_baseline_v2,20000.0,515120,广发创新药ETF,医药与消费升级,theme,6700,0.594,0.551,3691.7,19
2026-06-12,adjusted_preview_baseline_v2,20000.0,512400,有色ETF,周期资源,commodity_resource,2000,1.951,1.976,3952.0,15
2026-06-12,adjusted_preview_baseline_v2,20000.0,512660,军工ETF,新能源制造,commodity_resource,3300,1.208,1.246,4111.8,1
2026-06-15,adjusted_preview_baseline_v2,20000.0,512400,有色ETF,周期资源,commodity_resource,2000,1.951,2.063,4126.0,16
2026-06-15,adjusted_preview_baseline_v2,20000.0,512660,军工ETF,新能源制造,commodity_resource,3300,1.208,1.266,4177.8,2
2026-06-15,adjusted_preview_baseline_v2,20000.0,512200,房地产ETF,金融地产,sector,3100,1.284,1.285,3983.5,0
2026-06-16,adjusted_preview_baseline_v2,20000.0,512400,有色ETF,周期资源,commodity_resource,2000,1.951,2.049,4098.0,17
2026-06-16,adjusted_preview_baseline_v2,20000.0,512660,军工ETF,新能源制造,commodity_resource,3300,1.208,1.267,4181.1,3
2026-06-16,adjusted_preview_baseline_v2,20000.0,512200,房地产ETF,金融地产,sector,3100,1.284,1.259,3902.9,0
2026-06-17,adjusted_preview_baseline_v2,20000.0,512400,有色ETF,周期资源,commodity_resource,2000,1.951,2.045,4090.0,18
2026-06-17,adjusted_preview_baseline_v2,20000.0,512660,军工ETF,新能源制造,commodity_resource,3300,1.208,1.289,4253.7,4
2026-06-17,adjusted_preview_baseline_v2,20000.0,512200,房地产ETF,金融地产,sector,3100,1.284,1.257,3896.7,1
2025-06-04,momentum_trend_confirmation_v2,20000.0,512880,证券ETF,金融地产,high_beta,3700,1.066,1.065,3940.5,0
2025-06-04,momentum_trend_confirmation_v2,20000.0,512400,有色ETF,周期资源,commodity_resource,3700,1.061,1.06,3922.0,0
2025-06-05,momentum_trend_confirmation_v2,20000.0,512880,证券ETF,金融地产,high_beta,3700,1.066,1.075,3977.5,0
2025-06-05,momentum_trend_confirmation_v2,20000.0,512400,有色ETF,周期资源,commodity_resource,3700,1.061,1.056,3907.2,0
2025-06-05,momentum_trend_confirmation_v2,20000.0,512660,军工ETF,新能源制造,commodity_resource,3700,1.053,1.052,3892.4,0
2025-06-06,momentum_trend_confirmation_v2,20000.0,512880,证券ETF,金融地产,high_beta,3700,1.066,1.068,3951.6,1
2025-06-06,momentum_trend_confirmation_v2,20000.0,512400,有色ETF,周期资源,commodity_resource,3700,1.061,1.069,3955.3,1
2025-06-06,momentum_trend_confirmation_v2,20000.0,512660,军工ETF,新能源制造,commodity_resource,3700,1.053,1.047,3873.9,0
2025-06-09,momentum_trend_confirmation_v2,20000.0,512880,证券ETF,金融地产,high_beta,3700,1.066,1.084,4010.8,2
2025-06-09,momentum_trend_confirmation_v2,20000.0,512400,有色ETF,周期资源,commodity_resource,3700,1.061,1.072,3966.4,2
2025-06-09,momentum_trend_confirmation_v2,20000.0,512660,军工ETF,新能源制造,commodity_resource,3700,1.053,1.062,3929.4,1
2025-06-10,momentum_trend_confirmation_v2,20000.0,512880,证券ETF,金融地产,high_beta,3700,1.066,1.07,3959.0,3
2025-06-10,momentum_trend_confirmation_v2,20000.0,512400,有色ETF,周期资源,commodity_resource,3700,1.061,1.073,3970.1,3
2025-06-10,momentum_trend_confirmation_v2,20000.0,512660,军工ETF,新能源制造,commodity_resource,3700,1.053,1.045,3866.5,2
2025-06-11,momentum_trend_confirmation_v2,20000.0,512880,证券ETF,金融地产,high_beta,3700,1.066,1.089,4029.3,4
2025-06-11,momentum_trend_confirmation_v2,20000.0,512400,有色ETF,周期资源,commodity_resource,3700,1.061,1.094,4047.8,4
2025-06-11,momentum_trend_confirmation_v2,20000.0,512660,军工ETF,新能源制造,commodity_resource,3700,1.053,1.049,3881.3,3
2025-06-12,momentum_trend_confirmation_v2,20000.0,512880,证券ETF,金融地产,high_beta,3700,1.066,1.087,4021.9,5
2025-06-12,momentum_trend_confirmation_v2,20000.0,512400,有色ETF,周期资源,commodity_resource,3700,1.061,1.106,4092.2,5
2025-06-12,momentum_trend_confirmation_v2,20000.0,512660,军工ETF,新能源制造,commodity_resource,3700,1.053,1.041,3851.7,4
2025-06-13,momentum_trend_confirmation_v2,20000.0,512880,证券ETF,金融地产,high_beta,3700,1.066,1.076,3981.2,6
2025-06-13,momentum_trend_confirmation_v2,20000.0,512400,有色ETF,周期资源,commodity_resource,3700,1.061,1.105,4088.5,6
2025-06-13,momentum_trend_confirmation_v2,20000.0,515080,中证红利ETF,防御风格,sector,2600,1.482324,1.480306,3848.7959,0
2025-06-16,momentum_trend_confirmation_v2,20000.0,512880,证券ETF,金融地产,high_beta,3700,1.066,1.092,4040.4,7
2025-06-16,momentum_trend_confirmation_v2,20000.0,512400,有色ETF,周期资源,commodity_resource,3700,1.061,1.101,4073.7,7
2025-06-16,momentum_trend_confirmation_v2,20000.0,515080,中证红利ETF,防御风格,sector,2600,1.482324,1.481315,3851.4195,0
2025-06-17,momentum_trend_confirmation_v2,20000.0,512880,证券ETF,金融地产,high_beta,3700,1.066,1.095,4051.5,8
2025-06-17,momentum_trend_confirmation_v2,20000.0,512400,有色ETF,周期资源,commodity_resource,3700,1.061,1.101,4073.7,8
2025-06-17,momentum_trend_confirmation_v2,20000.0,515080,中证红利ETF,防御风格,sector,2600,1.482324,1.482324,3854.0431,1
2025-06-18,momentum_trend_confirmation_v2,20000.0,512880,证券ETF,金融地产,high_beta,3700,1.066,1.082,4003.4,9
2025-06-18,momentum_trend_confirmation_v2,20000.0,512400,有色ETF,周期资源,commodity_resource,3700,1.061,1.099,4066.3,9
2025-06-18,momentum_trend_confirmation_v2,20000.0,515080,中证红利ETF,防御风格,sector,2600,1.482324,1.483333,3856.6667,2
2025-06-19,momentum_trend_confirmation_v2,20000.0,512880,证券ETF,金融地产,high_beta,3700,1.066,1.061,3925.7,10
2025-06-19,momentum_trend_confirmation_v2,20000.0,512400,有色ETF,周期资源,commodity_resource,3700,1.061,1.081,3999.7,10
2025-06-19,momentum_trend_confirmation_v2,20000.0,515080,中证红利ETF,防御风格,sector,2600,1.482324,1.472234,3827.8073,3
2025-06-20,momentum_trend_confirmation_v2,20000.0,512400,有色ETF,周期资源,commodity_resource,3700,1.061,1.077,3984.9,11
2025-06-20,momentum_trend_confirmation_v2,20000.0,515080,中证红利ETF,防御风格,sector,2600,1.482324,1.478288,3843.5488,4
2025-06-23,momentum_trend_confirmation_v2,20000.0,512400,有色ETF,周期资源,commodity_resource,3700,1.061,1.086,4018.2,12
2025-06-23,momentum_trend_confirmation_v2,20000.0,518880,黄金ETF,防御风格,commodity_resource,500,7.431,7.464,3732.0,0
2025-06-24,momentum_trend_confirmation_v2,20000.0,512400,有色ETF,周期资源,commodity_resource,3700,1.061,1.092,4040.4,13
2025-06-24,momentum_trend_confirmation_v2,20000.0,518880,黄金ETF,防御风格,commodity_resource,500,7.431,7.372,3686.0,0
2025-06-25,momentum_trend_confirmation_v2,20000.0,512400,有色ETF,周期资源,commodity_resource,3700,1.061,1.1,4070.0,14
2025-06-25,momentum_trend_confirmation_v2,20000.0,518880,黄金ETF,防御风格,commodity_resource,500,7.431,7.392,3696.0,1
2025-06-26,momentum_trend_confirmation_v2,20000.0,512400,有色ETF,周期资源,commodity_resource,3700,1.061,1.105,4088.5,15
2025-06-26,momentum_trend_confirmation_v2,20000.0,518880,黄金ETF,防御风格,commodity_resource,500,7.431,7.405,3702.5,2
2025-06-27,momentum_trend_confirmation_v2,20000.0,512400,有色ETF,周期资源,commodity_resource,3700,1.061,1.127,4169.9,16
2025-06-27,momentum_trend_confirmation_v2,20000.0,518880,黄金ETF,防御风格,commodity_resource,500,7.431,7.326,3663.0,3
2025-06-27,momentum_trend_confirmation_v2,20000.0,588000,科创50ETF,宽基,broad_index,3800,1.043,1.041,3955.8,0
2025-06-30,momentum_trend_confirmation_v2,20000.0,512400,有色ETF,周期资源,commodity_resource,3700,1.061,1.128,4173.6,17
2025-06-30,momentum_trend_confirmation_v2,20000.0,518880,黄金ETF,防御风格,commodity_resource,500,7.431,7.314,3657.0,4
2025-06-30,momentum_trend_confirmation_v2,20000.0,588000,科创50ETF,宽基,broad_index,3800,1.043,1.056,4012.8,0
2025-07-01,momentum_trend_confirmation_v2,20000.0,512400,有色ETF,周期资源,commodity_resource,3700,1.061,1.144,4232.8,18
2025-07-01,momentum_trend_confirmation_v2,20000.0,588000,科创50ETF,宽基,broad_index,3800,1.043,1.048,3982.4,1
2025-07-01,momentum_trend_confirmation_v2,20000.0,512170,医疗ETF,消费医药,sector,12000,0.333,0.333,3996.0,0
2025-07-02,momentum_trend_confirmation_v2,20000.0,512400,有色ETF,周期资源,commodity_resource,3700,1.061,1.153,4266.1,19
2025-07-02,momentum_trend_confirmation_v2,20000.0,588000,科创50ETF,宽基,broad_index,3800,1.043,1.035,3933.0,2
2025-07-02,momentum_trend_confirmation_v2,20000.0,512170,医疗ETF,消费医药,sector,12000,0.333,0.331,3972.0,0
2025-07-03,momentum_trend_confirmation_v2,20000.0,588000,科创50ETF,宽基,broad_index,3800,1.043,1.036,3936.8,3
2025-07-03,momentum_trend_confirmation_v2,20000.0,512170,医疗ETF,消费医药,sector,12000,0.333,0.332,3984.0,1
2025-07-03,momentum_trend_confirmation_v2,20000.0,562500,机器人ETF华夏,科技与新质生产力,theme,4700,0.839,0.84,3948.0,0
2025-07-04,momentum_trend_confirmation_v2,20000.0,588000,科创50ETF,宽基,broad_index,3800,1.043,1.035,3933.0,4
2025-07-04,momentum_trend_confirmation_v2,20000.0,512170,医疗ETF,消费医药,sector,12000,0.333,0.332,3984.0,2
2025-07-04,momentum_trend_confirmation_v2,20000.0,562500,机器人ETF华夏,科技与新质生产力,theme,4700,0.839,0.831,3905.7,0
2025-07-07,momentum_trend_confirmation_v2,20000.0,588000,科创50ETF,宽基,broad_index,3800,1.043,1.029,3910.2,5
2025-07-07,momentum_trend_confirmation_v2,20000.0,512170,医疗ETF,消费医药,sector,12000,0.333,0.329,3948.0,3
2025-07-07,momentum_trend_confirmation_v2,20000.0,562500,机器人ETF华夏,科技与新质生产力,theme,4700,0.839,0.822,3863.4,1
2025-07-08,momentum_trend_confirmation_v2,20000.0,512170,医疗ETF,消费医药,sector,12000,0.333,0.332,3984.0,4
2025-07-08,momentum_trend_confirmation_v2,20000.0,562500,机器人ETF华夏,科技与新质生产力,theme,4700,0.839,0.835,3924.5,2
2025-07-08,momentum_trend_confirmation_v2,20000.0,516080,易方达创新药ETF,医药与消费升级,theme,6300,0.626,0.629,3962.7,0
2025-07-09,momentum_trend_confirmation_v2,20000.0,562500,机器人ETF华夏,科技与新质生产力,theme,4700,0.839,0.832,3910.4,3
2025-07-09,momentum_trend_confirmation_v2,20000.0,516080,易方达创新药ETF,医药与消费升级,theme,6300,0.626,0.632,3981.6,0
2025-07-09,momentum_trend_confirmation_v2,20000.0,515120,广发创新药ETF,医药与消费升级,theme,6600,0.606,0.605,3993.0,0
2025-07-10,momentum_trend_confirmation_v2,20000.0,562500,机器人ETF华夏,科技与新质生产力,theme,4700,0.839,0.829,3896.3,4
2025-07-10,momentum_trend_confirmation_v2,20000.0,516080,易方达创新药ETF,医药与消费升级,theme,6300,0.626,0.636,4006.8,1
2025-07-10,momentum_trend_confirmation_v2,20000.0,515120,广发创新药ETF,医药与消费升级,theme,6600,0.606,0.61,4026.0,0
2025-07-11,momentum_trend_confirmation_v2,20000.0,516080,易方达创新药ETF,医药与消费升级,theme,6300,0.626,0.647,4076.1,2
2025-07-11,momentum_trend_confirmation_v2,20000.0,515120,广发创新药ETF,医药与消费升级,theme,6600,0.606,0.621,4098.6,1
2025-07-11,momentum_trend_confirmation_v2,20000.0,159930,能源ETF,周期资源,commodity_resource,3000,1.303,1.3,3900.0,0
2025-07-14,momentum_trend_confirmation_v2,20000.0,516080,易方达创新药ETF,医药与消费升级,theme,6300,0.626,0.651,4101.3,3
2025-07-14,momentum_trend_confirmation_v2,20000.0,515120,广发创新药ETF,医药与消费升级,theme,6600,0.606,0.625,4125.0,2
2025-07-14,momentum_trend_confirmation_v2,20000.0,159930,能源ETF,周期资源,commodity_resource,3000,1.303,1.305,3915.0,0
2025-07-15,momentum_trend_confirmation_v2,20000.0,516080,易方达创新药ETF,医药与消费升级,theme,6300,0.626,0.656,4132.8,4
2025-07-15,momentum_trend_confirmation_v2,20000.0,515120,广发创新药ETF,医药与消费升级,theme,6600,0.606,0.629,4151.4,3
2025-07-15,momentum_trend_confirmation_v2,20000.0,159930,能源ETF,周期资源,commodity_resource,3000,1.303,1.293,3879.0,1
2025-07-16,momentum_trend_confirmation_v2,20000.0,516080,易方达创新药ETF,医药与消费升级,theme,6300,0.626,0.663,4176.9,5
2025-07-16,momentum_trend_confirmation_v2,20000.0,515120,广发创新药ETF,医药与消费升级,theme,6600,0.606,0.636,4197.6,4
2025-07-16,momentum_trend_confirmation_v2,20000.0,159930,能源ETF,周期资源,commodity_resource,3000,1.303,1.291,3873.0,2
2025-07-17,momentum_trend_confirmation_v2,20000.0,159930,能源ETF,周期资源,commodity_resource,3000,1.303,1.292,3876.0,3
2025-07-17,momentum_trend_confirmation_v2,20000.0,515220,煤炭ETF,周期资源,commodity_resource,4100,0.971,0.968,3968.8,0
2025-07-18,momentum_trend_confirmation_v2,20000.0,159930,能源ETF,周期资源,commodity_resource,3000,1.303,1.303,3909.0,4
2025-07-18,momentum_trend_confirmation_v2,20000.0,515220,煤炭ETF,周期资源,commodity_resource,4100,0.971,0.978,4009.8,0
2025-07-18,momentum_trend_confirmation_v2,20000.0,512890,红利低波ETF,防御风格,sector,3200,1.213,1.213,3881.6,0
2025-07-21,momentum_trend_confirmation_v2,20000.0,159930,能源ETF,周期资源,commodity_resource,3000,1.303,1.32,3960.0,5
2025-07-21,momentum_trend_confirmation_v2,20000.0,515220,煤炭ETF,周期资源,commodity_resource,4100,0.971,1.004,4116.4,1
2025-07-21,momentum_trend_confirmation_v2,20000.0,512890,红利低波ETF,防御风格,sector,3200,1.213,1.213,3881.6,0
2025-07-22,momentum_trend_confirmation_v2,20000.0,159930,能源ETF,周期资源,commodity_resource,3000,1.303,1.379,4137.0,6
2025-07-22,momentum_trend_confirmation_v2,20000.0,515220,煤炭ETF,周期资源,commodity_resource,4100,0.971,1.087,4456.7,2
2025-07-22,momentum_trend_confirmation_v2,20000.0,512890,红利低波ETF,防御风格,sector,3200,1.213,1.214,3884.8,1
2025-07-23,momentum_trend_confirmation_v2,20000.0,159930,能源ETF,周期资源,commodity_resource,3000,1.303,1.362,4086.0,7
2025-07-23,momentum_trend_confirmation_v2,20000.0,515220,煤炭ETF,周期资源,commodity_resource,4100,0.971,1.071,4391.1,3
2025-07-23,momentum_trend_confirmation_v2,20000.0,512890,红利低波ETF,防御风格,sector,3200,1.213,1.217,3894.4,2
2025-07-24,momentum_trend_confirmation_v2,20000.0,159930,能源ETF,周期资源,commodity_resource,3000,1.303,1.374,4122.0,8
2025-07-24,momentum_trend_confirmation_v2,20000.0,515220,煤炭ETF,周期资源,commodity_resource,4100,0.971,1.088,4460.8,4
2025-07-24,momentum_trend_confirmation_v2,20000.0,512890,红利低波ETF,防御风格,sector,3200,1.213,1.208,3865.6,3
2025-07-25,momentum_trend_confirmation_v2,20000.0,159930,能源ETF,周期资源,commodity_resource,3000,1.303,1.358,4074.0,9
2025-07-25,momentum_trend_confirmation_v2,20000.0,515220,煤炭ETF,周期资源,commodity_resource,4100,0.971,1.074,4403.4,5
2025-07-25,momentum_trend_confirmation_v2,20000.0,512890,红利低波ETF,防御风格,sector,3200,1.213,1.199,3836.8,4
2025-07-28,momentum_trend_confirmation_v2,20000.0,159930,能源ETF,周期资源,commodity_resource,3000,1.303,1.335,4005.0,10
2025-07-28,momentum_trend_confirmation_v2,20000.0,515220,煤炭ETF,周期资源,commodity_resource,4100,0.971,1.043,4276.3,6
2025-07-28,momentum_trend_confirmation_v2,20000.0,510230,金融ETF,金融地产,sector,2800,1.42,1.419,3973.2,0
2025-07-29,momentum_trend_confirmation_v2,20000.0,159930,能源ETF,周期资源,commodity_resource,3000,1.303,1.349,4047.0,11
2025-07-29,momentum_trend_confirmation_v2,20000.0,515220,煤炭ETF,周期资源,commodity_resource,4100,0.971,1.053,4317.3,7
2025-07-29,momentum_trend_confirmation_v2,20000.0,510230,金融ETF,金融地产,sector,2800,1.42,1.407,3939.6,0
2025-07-30,momentum_trend_confirmation_v2,20000.0,159930,能源ETF,周期资源,commodity_resource,3000,1.303,1.357,4071.0,12
2025-07-30,momentum_trend_confirmation_v2,20000.0,515220,煤炭ETF,周期资源,commodity_resource,4100,0.971,1.05,4305.0,8
2025-07-30,momentum_trend_confirmation_v2,20000.0,510230,金融ETF,金融地产,sector,2800,1.42,1.415,3962.0,1
2025-07-31,momentum_trend_confirmation_v2,20000.0,159930,能源ETF,周期资源,commodity_resource,3000,1.303,1.331,3993.0,13
2025-07-31,momentum_trend_confirmation_v2,20000.0,515220,煤炭ETF,周期资源,commodity_resource,4100,0.971,1.018,4173.8,9
2025-07-31,momentum_trend_confirmation_v2,20000.0,510230,金融ETF,金融地产,sector,2800,1.42,1.396,3908.8,2
2025-08-01,momentum_trend_confirmation_v2,20000.0,159930,能源ETF,周期资源,commodity_resource,3000,1.303,1.313,3939.0,14
2025-08-01,momentum_trend_confirmation_v2,20000.0,515220,煤炭ETF,周期资源,commodity_resource,4100,0.971,1.019,4177.9,10
2025-08-01,momentum_trend_confirmation_v2,20000.0,510230,金融ETF,金融地产,sector,2800,1.42,1.39,3892.0,3
2025-08-04,momentum_trend_confirmation_v2,20000.0,515220,煤炭ETF,周期资源,commodity_resource,4100,0.971,1.026,4206.6,11
2025-08-04,momentum_trend_confirmation_v2,20000.0,510230,金融ETF,金融地产,sector,2800,1.42,1.399,3917.2,4
2025-08-04,momentum_trend_confirmation_v2,20000.0,510300,沪深300ETF,宽基,broad_index,900,4.031,4.029,3626.1,0
2025-08-05,momentum_trend_confirmation_v2,20000.0,515220,煤炭ETF,周期资源,commodity_resource,4100,0.971,1.038,4255.8,12
2025-08-05,momentum_trend_confirmation_v2,20000.0,510300,沪深300ETF,宽基,broad_index,900,4.031,4.06,3654.0,0
2025-08-05,momentum_trend_confirmation_v2,20000.0,515080,中证红利ETF,防御风格,sector,2500,1.55195,1.55195,3879.8753,0
2025-08-06,momentum_trend_confirmation_v2,20000.0,515220,煤炭ETF,周期资源,commodity_resource,4100,0.971,1.06,4346.0,13
2025-08-06,momentum_trend_confirmation_v2,20000.0,510300,沪深300ETF,宽基,broad_index,900,4.031,4.071,3663.9,1
2025-08-06,momentum_trend_confirmation_v2,20000.0,515080,中证红利ETF,防御风格,sector,2500,1.55195,1.562041,3905.102,0
2025-08-07,momentum_trend_confirmation_v2,20000.0,515220,煤炭ETF,周期资源,commodity_resource,4100,0.971,1.061,4350.1,14
2025-08-07,momentum_trend_confirmation_v2,20000.0,510300,沪深300ETF,宽基,broad_index,900,4.031,4.07,3663.0,2
2025-08-07,momentum_trend_confirmation_v2,20000.0,515080,中证红利ETF,防御风格,sector,2500,1.55195,1.564059,3910.1474,1
2025-08-08,momentum_trend_confirmation_v2,20000.0,515220,煤炭ETF,周期资源,commodity_resource,4100,0.971,1.057,4333.7,15
2025-08-08,momentum_trend_confirmation_v2,20000.0,510300,沪深300ETF,宽基,broad_index,900,4.031,4.06,3654.0,3
2025-08-08,momentum_trend_confirmation_v2,20000.0,515080,中证红利ETF,防御风格,sector,2500,1.55195,1.566077,3915.1927,2
2025-08-11,momentum_trend_confirmation_v2,20000.0,515220,煤炭ETF,周期资源,commodity_resource,4100,0.971,1.057,4333.7,16
2025-08-11,momentum_trend_confirmation_v2,20000.0,510300,沪深300ETF,宽基,broad_index,900,4.031,4.079,3671.1,4
2025-08-11,momentum_trend_confirmation_v2,20000.0,515080,中证红利ETF,防御风格,sector,2500,1.55195,1.561032,3902.5794,3
2025-08-12,momentum_trend_confirmation_v2,20000.0,515220,煤炭ETF,周期资源,commodity_resource,4100,0.971,1.071,4391.1,17
2025-08-12,momentum_trend_confirmation_v2,20000.0,510300,沪深300ETF,宽基,broad_index,900,4.031,4.105,3694.5,5
2025-08-12,momentum_trend_confirmation_v2,20000.0,515080,中证红利ETF,防御风格,sector,2500,1.55195,1.568095,3920.2381,4
2025-08-13,momentum_trend_confirmation_v2,20000.0,515220,煤炭ETF,周期资源,commodity_resource,4100,0.971,1.059,4341.9,18
2025-08-13,momentum_trend_confirmation_v2,20000.0,510300,沪深300ETF,宽基,broad_index,900,4.031,4.14,3726.0,6
2025-08-13,momentum_trend_confirmation_v2,20000.0,515080,中证红利ETF,防御风格,sector,2500,1.55195,1.561032,3902.5794,5
2025-08-14,momentum_trend_confirmation_v2,20000.0,515220,煤炭ETF,周期资源,commodity_resource,4100,0.971,1.043,4276.3,19
2025-08-14,momentum_trend_confirmation_v2,20000.0,510300,沪深300ETF,宽基,broad_index,900,4.031,4.133,3719.7,7
2025-08-14,momentum_trend_confirmation_v2,20000.0,515080,中证红利ETF,防御风格,sector,2500,1.55195,1.545896,3864.7392,6
2025-08-15,momentum_trend_confirmation_v2,20000.0,510300,沪深300ETF,宽基,broad_index,900,4.031,4.172,3754.8,8
2025-08-15,momentum_trend_confirmation_v2,20000.0,512690,酒ETF,消费医药,sector,6800,0.582,0.581,3950.8,0
2025-08-15,momentum_trend_confirmation_v2,20000.0,159905,深红利ETF,防御风格,sector,2300,1.727,1.727,3972.1,0
2025-08-18,momentum_trend_confirmation_v2,20000.0,510300,沪深300ETF,宽基,broad_index,900,4.031,4.204,3783.6,9
2025-08-18,momentum_trend_confirmation_v2,20000.0,512690,酒ETF,消费医药,sector,6800,0.582,0.585,3978.0,0
2025-08-18,momentum_trend_confirmation_v2,20000.0,159905,深红利ETF,防御风格,sector,2300,1.727,1.727,3972.1,0
2025-08-19,momentum_trend_confirmation_v2,20000.0,510300,沪深300ETF,宽基,broad_index,900,4.031,4.182,3763.8,10
2025-08-19,momentum_trend_confirmation_v2,20000.0,512690,酒ETF,消费医药,sector,6800,0.582,0.594,4039.2,1
2025-08-19,momentum_trend_confirmation_v2,20000.0,159905,深红利ETF,防御风格,sector,2300,1.727,1.729,3976.7,1
2025-08-20,momentum_trend_confirmation_v2,20000.0,510300,沪深300ETF,宽基,broad_index,900,4.031,4.241,3816.9,11
2025-08-20,momentum_trend_confirmation_v2,20000.0,512690,酒ETF,消费医药,sector,6800,0.582,0.609,4141.2,2
2025-08-20,momentum_trend_confirmation_v2,20000.0,159905,深红利ETF,防御风格,sector,2300,1.727,1.742,4006.6,2
2025-08-21,momentum_trend_confirmation_v2,20000.0,510300,沪深300ETF,宽基,broad_index,900,4.031,4.255,3829.5,12
2025-08-21,momentum_trend_confirmation_v2,20000.0,512690,酒ETF,消费医药,sector,6800,0.582,0.603,4100.4,3
2025-08-21,momentum_trend_confirmation_v2,20000.0,159905,深红利ETF,防御风格,sector,2300,1.727,1.747,4018.1,3
2025-08-22,momentum_trend_confirmation_v2,20000.0,510300,沪深300ETF,宽基,broad_index,900,4.031,4.356,3920.4,13
2025-08-22,momentum_trend_confirmation_v2,20000.0,512690,酒ETF,消费医药,sector,6800,0.582,0.609,4141.2,4
2025-08-22,momentum_trend_confirmation_v2,20000.0,159905,深红利ETF,防御风格,sector,2300,1.727,1.757,4041.1,4
2025-08-25,momentum_trend_confirmation_v2,20000.0,510300,沪深300ETF,宽基,broad_index,900,4.031,4.442,3997.8,14
2025-08-25,momentum_trend_confirmation_v2,20000.0,512690,酒ETF,消费医药,sector,6800,0.582,0.632,4297.6,5
2025-08-25,momentum_trend_confirmation_v2,20000.0,159905,深红利ETF,防御风格,sector,2300,1.727,1.793,4123.9,5
2025-08-26,momentum_trend_confirmation_v2,20000.0,510300,沪深300ETF,宽基,broad_index,900,4.031,4.418,3976.2,15
2025-08-26,momentum_trend_confirmation_v2,20000.0,512690,酒ETF,消费医药,sector,6800,0.582,0.63,4284.0,6
2025-08-26,momentum_trend_confirmation_v2,20000.0,159905,深红利ETF,防御风格,sector,2300,1.727,1.799,4137.7,6
2025-08-27,momentum_trend_confirmation_v2,20000.0,510300,沪深300ETF,宽基,broad_index,900,4.031,4.352,3916.8,16
2025-08-27,momentum_trend_confirmation_v2,20000.0,512690,酒ETF,消费医药,sector,6800,0.582,0.612,4161.6,7
2025-08-27,momentum_trend_confirmation_v2,20000.0,159905,深红利ETF,防御风格,sector,2300,1.727,1.763,4054.9,7
2025-08-28,momentum_trend_confirmation_v2,20000.0,510300,沪深300ETF,宽基,broad_index,900,4.031,4.436,3992.4,17
2025-08-28,momentum_trend_confirmation_v2,20000.0,512690,酒ETF,消费医药,sector,6800,0.582,0.609,4141.2,8
2025-08-28,momentum_trend_confirmation_v2,20000.0,159905,深红利ETF,防御风格,sector,2300,1.727,1.771,4073.3,8
2025-08-29,momentum_trend_confirmation_v2,20000.0,510300,沪深300ETF,宽基,broad_index,900,4.031,4.478,4030.2,18
2025-08-29,momentum_trend_confirmation_v2,20000.0,512690,酒ETF,消费医药,sector,6800,0.582,0.625,4250.0,9
2025-08-29,momentum_trend_confirmation_v2,20000.0,159905,深红利ETF,防御风格,sector,2300,1.727,1.78,4094.0,9
2025-09-01,momentum_trend_confirmation_v2,20000.0,510300,沪深300ETF,宽基,broad_index,900,4.031,4.493,4043.7,19
2025-09-01,momentum_trend_confirmation_v2,20000.0,512690,酒ETF,消费医药,sector,6800,0.582,0.622,4229.6,10
2025-09-01,momentum_trend_confirmation_v2,20000.0,159905,深红利ETF,防御风格,sector,2300,1.727,1.789,4114.7,10
2025-09-02,momentum_trend_confirmation_v2,20000.0,512690,酒ETF,消费医药,sector,6800,0.582,0.62,4216.0,11
2025-09-02,momentum_trend_confirmation_v2,20000.0,159905,深红利ETF,防御风格,sector,2300,1.727,1.786,4107.8,11
2025-09-03,momentum_trend_confirmation_v2,20000.0,512690,酒ETF,消费医药,sector,6800,0.582,0.611,4154.8,12
2025-09-03,momentum_trend_confirmation_v2,20000.0,159905,深红利ETF,防御风格,sector,2300,1.727,1.772,4075.6,12
2025-09-04,momentum_trend_confirmation_v2,20000.0,512690,酒ETF,消费医药,sector,6800,0.582,0.612,4161.6,13
2025-09-04,momentum_trend_confirmation_v2,20000.0,159905,深红利ETF,防御风格,sector,2300,1.727,1.752,4029.6,13
2025-09-05,momentum_trend_confirmation_v2,20000.0,512690,酒ETF,消费医药,sector,6800,0.582,0.615,4182.0,14
2025-09-05,momentum_trend_confirmation_v2,20000.0,159905,深红利ETF,防御风格,sector,2300,1.727,1.779,4091.7,14
2025-09-05,momentum_trend_confirmation_v2,20000.0,511380,可转债ETF,债券货币,bond_cash,200,13.372,13.348,2669.6,0
2025-09-08,momentum_trend_confirmation_v2,20000.0,512690,酒ETF,消费医药,sector,6800,0.582,0.624,4243.2,15
2025-09-08,momentum_trend_confirmation_v2,20000.0,159905,深红利ETF,防御风格,sector,2300,1.727,1.802,4144.6,15
2025-09-08,momentum_trend_confirmation_v2,20000.0,511380,可转债ETF,债券货币,bond_cash,200,13.372,13.406,2681.2,0
2025-09-09,momentum_trend_confirmation_v2,20000.0,512690,酒ETF,消费医药,sector,6800,0.582,0.624,4243.2,16
2025-09-09,momentum_trend_confirmation_v2,20000.0,159905,深红利ETF,防御风格,sector,2300,1.727,1.805,4151.5,16
2025-09-09,momentum_trend_confirmation_v2,20000.0,511380,可转债ETF,债券货币,bond_cash,200,13.372,13.262,2652.4,1
2025-09-10,momentum_trend_confirmation_v2,20000.0,512690,酒ETF,消费医药,sector,6800,0.582,0.624,4243.2,17
2025-09-10,momentum_trend_confirmation_v2,20000.0,159905,深红利ETF,防御风格,sector,2300,1.727,1.794,4126.2,17
2025-09-10,momentum_trend_confirmation_v2,20000.0,511380,可转债ETF,债券货币,bond_cash,200,13.372,13.186,2637.2,2
2025-09-11,momentum_trend_confirmation_v2,20000.0,512690,酒ETF,消费医药,sector,6800,0.582,0.628,4270.4,18
2025-09-11,momentum_trend_confirmation_v2,20000.0,159905,深红利ETF,防御风格,sector,2300,1.727,1.801,4142.3,18
2025-09-11,momentum_trend_confirmation_v2,20000.0,511380,可转债ETF,债券货币,bond_cash,200,13.372,13.365,2673.0,3
2025-09-12,momentum_trend_confirmation_v2,20000.0,512690,酒ETF,消费医药,sector,6800,0.582,0.621,4222.8,19
2025-09-12,momentum_trend_confirmation_v2,20000.0,159905,深红利ETF,防御风格,sector,2300,1.727,1.791,4119.3,19
2025-09-12,momentum_trend_confirmation_v2,20000.0,511380,可转债ETF,债券货币,bond_cash,200,13.372,13.356,2671.2,4
2025-09-15,momentum_trend_confirmation_v2,20000.0,511380,可转债ETF,债券货币,bond_cash,200,13.372,13.256,2651.2,5
2025-09-15,momentum_trend_confirmation_v2,20000.0,512170,医疗ETF,消费医药,sector,10100,0.396,0.395,3989.5,0
2025-09-15,momentum_trend_confirmation_v2,20000.0,159992,银华创新药ETF,医药与消费升级,theme,4000,0.984,0.984,3936.0,0
2025-09-16,momentum_trend_confirmation_v2,20000.0,512170,医疗ETF,消费医药,sector,10100,0.396,0.397,4009.7,0
2025-09-16,momentum_trend_confirmation_v2,20000.0,159992,银华创新药ETF,医药与消费升级,theme,4000,0.984,0.98,3920.0,0
2025-09-16,momentum_trend_confirmation_v2,20000.0,515120,广发创新药ETF,医药与消费升级,theme,5400,0.734,0.735,3969.0,0
2025-09-17,momentum_trend_confirmation_v2,20000.0,512170,医疗ETF,消费医药,sector,10100,0.396,0.397,4009.7,1
2025-09-17,momentum_trend_confirmation_v2,20000.0,159992,银华创新药ETF,医药与消费升级,theme,4000,0.984,0.981,3924.0,1
2025-09-17,momentum_trend_confirmation_v2,20000.0,515120,广发创新药ETF,医药与消费升级,theme,5400,0.734,0.736,3974.4,0
2025-09-18,momentum_trend_confirmation_v2,20000.0,512170,医疗ETF,消费医药,sector,10100,0.396,0.392,3959.2,2
2025-09-18,momentum_trend_confirmation_v2,20000.0,159992,银华创新药ETF,医药与消费升级,theme,4000,0.984,0.985,3940.0,2
2025-09-18,momentum_trend_confirmation_v2,20000.0,515120,广发创新药ETF,医药与消费升级,theme,5400,0.734,0.74,3996.0,1
2025-09-19,momentum_trend_confirmation_v2,20000.0,512170,医疗ETF,消费医药,sector,10100,0.396,0.388,3918.8,3
2025-09-19,momentum_trend_confirmation_v2,20000.0,159992,银华创新药ETF,医药与消费升级,theme,4000,0.984,0.963,3852.0,3
2025-09-19,momentum_trend_confirmation_v2,20000.0,515120,广发创新药ETF,医药与消费升级,theme,5400,0.734,0.724,3909.6,2
2025-09-22,momentum_trend_confirmation_v2,20000.0,512170,医疗ETF,消费医药,sector,10100,0.396,0.386,3898.6,4
2025-09-22,momentum_trend_confirmation_v2,20000.0,159992,银华创新药ETF,医药与消费升级,theme,4000,0.984,0.965,3860.0,4
2025-09-22,momentum_trend_confirmation_v2,20000.0,515120,广发创新药ETF,医药与消费升级,theme,5400,0.734,0.725,3915.0,3
2025-09-23,momentum_trend_confirmation_v2,20000.0,515120,广发创新药ETF,医药与消费升级,theme,5400,0.734,0.709,3828.6,4
2025-09-23,momentum_trend_confirmation_v2,20000.0,512200,房地产ETF,金融地产,sector,2500,1.555,1.566,3915.0,0
2025-09-24,momentum_trend_confirmation_v2,20000.0,512200,房地产ETF,金融地产,sector,2500,1.555,1.607,4017.5,0
2025-09-24,momentum_trend_confirmation_v2,20000.0,159870,化工ETF,周期、资源、商品,commodity_resource,5700,0.693,0.693,3950.1,0
2025-09-25,momentum_trend_confirmation_v2,20000.0,512200,房地产ETF,金融地产,sector,2500,1.555,1.593,3982.5,1
2025-09-25,momentum_trend_confirmation_v2,20000.0,159870,化工ETF,周期、资源、商品,commodity_resource,5700,0.693,0.692,3944.4,0
2025-09-25,momentum_trend_confirmation_v2,20000.0,515220,煤炭ETF,周期资源,commodity_resource,3800,1.047,1.047,3978.6,0
2025-09-26,momentum_trend_confirmation_v2,20000.0,512200,房地产ETF,金融地产,sector,2500,1.555,1.596,3990.0,2
2025-09-26,momentum_trend_confirmation_v2,20000.0,159870,化工ETF,周期、资源、商品,commodity_resource,5700,0.693,0.695,3961.5,1
2025-09-26,momentum_trend_confirmation_v2,20000.0,515220,煤炭ETF,周期资源,commodity_resource,3800,1.047,1.042,3959.6,0
2025-09-29,momentum_trend_confirmation_v2,20000.0,512200,房地产ETF,金融地产,sector,2500,1.555,1.613,4032.5,3
2025-09-29,momentum_trend_confirmation_v2,20000.0,159870,化工ETF,周期、资源、商品,commodity_resource,5700,0.693,0.713,4064.1,2
2025-09-29,momentum_trend_confirmation_v2,20000.0,515220,煤炭ETF,周期资源,commodity_resource,3800,1.047,1.031,3917.8,1
2025-09-30,momentum_trend_confirmation_v2,20000.0,512200,房地产ETF,金融地产,sector,2500,1.555,1.647,4117.5,4
2025-09-30,momentum_trend_confirmation_v2,20000.0,159870,化工ETF,周期、资源、商品,commodity_resource,5700,0.693,0.725,4132.5,3
2025-09-30,momentum_trend_confirmation_v2,20000.0,515220,煤炭ETF,周期资源,commodity_resource,3800,1.047,1.03,3914.0,2
2025-10-09,momentum_trend_confirmation_v2,20000.0,512200,房地产ETF,金融地产,sector,2500,1.555,1.626,4065.0,5
2025-10-09,momentum_trend_confirmation_v2,20000.0,159870,化工ETF,周期、资源、商品,commodity_resource,5700,0.693,0.744,4240.8,4
2025-10-09,momentum_trend_confirmation_v2,20000.0,515220,煤炭ETF,周期资源,commodity_resource,3800,1.047,1.058,4020.4,3
2025-10-10,momentum_trend_confirmation_v2,20000.0,512200,房地产ETF,金融地产,sector,2500,1.555,1.632,4080.0,6
2025-10-10,momentum_trend_confirmation_v2,20000.0,159870,化工ETF,周期、资源、商品,commodity_resource,5700,0.693,0.738,4206.6,5
2025-10-10,momentum_trend_confirmation_v2,20000.0,515220,煤炭ETF,周期资源,commodity_resource,3800,1.047,1.079,4100.2,4
2025-10-13,momentum_trend_confirmation_v2,20000.0,512200,房地产ETF,金融地产,sector,2500,1.555,1.631,4077.5,7
2025-10-13,momentum_trend_confirmation_v2,20000.0,159870,化工ETF,周期、资源、商品,commodity_resource,5700,0.693,0.728,4149.6,6
2025-10-13,momentum_trend_confirmation_v2,20000.0,515220,煤炭ETF,周期资源,commodity_resource,3800,1.047,1.076,4088.8,5
2025-10-14,momentum_trend_confirmation_v2,20000.0,512200,房地产ETF,金融地产,sector,2500,1.555,1.629,4072.5,8
2025-10-14,momentum_trend_confirmation_v2,20000.0,159870,化工ETF,周期、资源、商品,commodity_resource,5700,0.693,0.708,4035.6,7
2025-10-14,momentum_trend_confirmation_v2,20000.0,515220,煤炭ETF,周期资源,commodity_resource,3800,1.047,1.104,4195.2,6
2025-10-15,momentum_trend_confirmation_v2,20000.0,512200,房地产ETF,金融地产,sector,2500,1.555,1.63,4075.0,9
2025-10-15,momentum_trend_confirmation_v2,20000.0,159870,化工ETF,周期、资源、商品,commodity_resource,5700,0.693,0.713,4064.1,8
2025-10-15,momentum_trend_confirmation_v2,20000.0,515220,煤炭ETF,周期资源,commodity_resource,3800,1.047,1.103,4191.4,7
2025-10-16,momentum_trend_confirmation_v2,20000.0,512200,房地产ETF,金融地产,sector,2500,1.555,1.616,4040.0,10
2025-10-16,momentum_trend_confirmation_v2,20000.0,159870,化工ETF,周期、资源、商品,commodity_resource,5700,0.693,0.7,3990.0,9
2025-10-16,momentum_trend_confirmation_v2,20000.0,515220,煤炭ETF,周期资源,commodity_resource,3800,1.047,1.135,4313.0,8
2025-10-17,momentum_trend_confirmation_v2,20000.0,512200,房地产ETF,金融地产,sector,2500,1.555,1.596,3990.0,11
2025-10-17,momentum_trend_confirmation_v2,20000.0,515220,煤炭ETF,周期资源,commodity_resource,3800,1.047,1.126,4278.8,9
2025-10-20,momentum_trend_confirmation_v2,20000.0,515220,煤炭ETF,周期资源,commodity_resource,3800,1.047,1.173,4457.4,10
2025-10-21,momentum_trend_confirmation_v2,20000.0,515220,煤炭ETF,周期资源,commodity_resource,3800,1.047,1.159,4404.2,11
2025-10-21,momentum_trend_confirmation_v2,20000.0,511380,可转债ETF,债券货币,bond_cash,300,13.309,13.322,3996.6,0
2025-10-22,momentum_trend_confirmation_v2,20000.0,515220,煤炭ETF,周期资源,commodity_resource,3800,1.047,1.137,4320.6,12
2025-10-22,momentum_trend_confirmation_v2,20000.0,511380,可转债ETF,债券货币,bond_cash,300,13.309,13.299,3989.7,0
2025-10-23,momentum_trend_confirmation_v2,20000.0,515220,煤炭ETF,周期资源,commodity_resource,3800,1.047,1.165,4427.0,13
2025-10-23,momentum_trend_confirmation_v2,20000.0,511380,可转债ETF,债券货币,bond_cash,300,13.309,13.325,3997.5,1
2025-10-24,momentum_trend_confirmation_v2,20000.0,515220,煤炭ETF,周期资源,commodity_resource,3800,1.047,1.144,4347.2,14
2025-10-24,momentum_trend_confirmation_v2,20000.0,511380,可转债ETF,债券货币,bond_cash,300,13.309,13.382,4014.6,2
2025-10-27,momentum_trend_confirmation_v2,20000.0,515220,煤炭ETF,周期资源,commodity_resource,3800,1.047,1.153,4381.4,15
2025-10-27,momentum_trend_confirmation_v2,20000.0,511380,可转债ETF,债券货币,bond_cash,300,13.309,13.476,4042.8,3
2025-10-28,momentum_trend_confirmation_v2,20000.0,515220,煤炭ETF,周期资源,commodity_resource,3800,1.047,1.14,4332.0,16
2025-10-28,momentum_trend_confirmation_v2,20000.0,511380,可转债ETF,债券货币,bond_cash,300,13.309,13.433,4029.9,4
2025-10-28,momentum_trend_confirmation_v2,20000.0,159870,化工ETF,周期、资源、商品,commodity_resource,5600,0.709,0.707,3959.2,0
2025-10-29,momentum_trend_confirmation_v2,20000.0,515220,煤炭ETF,周期资源,commodity_resource,3800,1.047,1.156,4392.8,17
2025-10-29,momentum_trend_confirmation_v2,20000.0,511380,可转债ETF,债券货币,bond_cash,300,13.309,13.574,4072.2,5
2025-10-29,momentum_trend_confirmation_v2,20000.0,159870,化工ETF,周期、资源、商品,commodity_resource,5600,0.709,0.729,4082.4,0
2025-10-30,momentum_trend_confirmation_v2,20000.0,515220,煤炭ETF,周期资源,commodity_resource,3800,1.047,1.15,4370.0,18
2025-10-30,momentum_trend_confirmation_v2,20000.0,511380,可转债ETF,债券货币,bond_cash,300,13.309,13.473,4041.9,6
2025-10-30,momentum_trend_confirmation_v2,20000.0,159870,化工ETF,周期、资源、商品,commodity_resource,5600,0.709,0.725,4060.0,1
2025-10-31,momentum_trend_confirmation_v2,20000.0,515220,煤炭ETF,周期资源,commodity_resource,3800,1.047,1.138,4324.4,19
2025-10-31,momentum_trend_confirmation_v2,20000.0,511380,可转债ETF,债券货币,bond_cash,300,13.309,13.482,4044.6,7
2025-10-31,momentum_trend_confirmation_v2,20000.0,159870,化工ETF,周期、资源、商品,commodity_resource,5600,0.709,0.729,4082.4,2
2025-11-03,momentum_trend_confirmation_v2,20000.0,511380,可转债ETF,债券货币,bond_cash,300,13.309,13.503,4050.9,8
2025-11-03,momentum_trend_confirmation_v2,20000.0,159870,化工ETF,周期、资源、商品,commodity_resource,5600,0.709,0.724,4054.4,3
2025-11-04,momentum_trend_confirmation_v2,20000.0,511380,可转债ETF,债券货币,bond_cash,300,13.309,13.442,4032.6,9
2025-11-04,momentum_trend_confirmation_v2,20000.0,159870,化工ETF,周期、资源、商品,commodity_resource,5600,0.709,0.708,3964.8,4
2025-11-04,momentum_trend_confirmation_v2,20000.0,159915,创业板ETF,宽基,broad_index,1300,3.06,3.112,4045.6,0
2025-11-05,momentum_trend_confirmation_v2,20000.0,511380,可转债ETF,债券货币,bond_cash,300,13.309,13.506,4051.8,10
2025-11-05,momentum_trend_confirmation_v2,20000.0,159870,化工ETF,周期、资源、商品,commodity_resource,5600,0.709,0.712,3987.2,5
2025-11-05,momentum_trend_confirmation_v2,20000.0,159915,创业板ETF,宽基,broad_index,1300,3.06,3.142,4084.6,0
2025-11-06,momentum_trend_confirmation_v2,20000.0,511380,可转债ETF,债券货币,bond_cash,300,13.309,13.561,4068.3,11
2025-11-06,momentum_trend_confirmation_v2,20000.0,159870,化工ETF,周期、资源、商品,commodity_resource,5600,0.709,0.731,4093.6,6
2025-11-06,momentum_trend_confirmation_v2,20000.0,159915,创业板ETF,宽基,broad_index,1300,3.06,3.201,4161.3,1
2025-11-07,momentum_trend_confirmation_v2,20000.0,511380,可转债ETF,债券货币,bond_cash,300,13.309,13.581,4074.3,12
2025-11-07,momentum_trend_confirmation_v2,20000.0,159870,化工ETF,周期、资源、商品,commodity_resource,5600,0.709,0.753,4216.8,7
2025-11-07,momentum_trend_confirmation_v2,20000.0,159915,创业板ETF,宽基,broad_index,1300,3.06,3.185,4140.5,2
2025-11-10,momentum_trend_confirmation_v2,20000.0,511380,可转债ETF,债券货币,bond_cash,300,13.309,13.674,4102.2,13
2025-11-10,momentum_trend_confirmation_v2,20000.0,159870,化工ETF,周期、资源、商品,commodity_resource,5600,0.709,0.769,4306.4,8
2025-11-10,momentum_trend_confirmation_v2,20000.0,159915,创业板ETF,宽基,broad_index,1300,3.06,3.158,4105.4,3
2025-11-11,momentum_trend_confirmation_v2,20000.0,511380,可转债ETF,债券货币,bond_cash,300,13.309,13.644,4093.2,14
2025-11-11,momentum_trend_confirmation_v2,20000.0,159870,化工ETF,周期、资源、商品,commodity_resource,5600,0.709,0.77,4312.0,9
2025-11-11,momentum_trend_confirmation_v2,20000.0,159915,创业板ETF,宽基,broad_index,1300,3.06,3.113,4046.9,4
2025-11-12,momentum_trend_confirmation_v2,20000.0,511380,可转债ETF,债券货币,bond_cash,300,13.309,13.605,4081.5,15
2025-11-12,momentum_trend_confirmation_v2,20000.0,159870,化工ETF,周期、资源、商品,commodity_resource,5600,0.709,0.767,4295.2,10
2025-11-12,momentum_trend_confirmation_v2,20000.0,518880,黄金ETF,防御风格,commodity_resource,400,9.157,9.029,3611.6,0
2025-11-13,momentum_trend_confirmation_v2,20000.0,511380,可转债ETF,债券货币,bond_cash,300,13.309,13.743,4122.9,16
2025-11-13,momentum_trend_confirmation_v2,20000.0,159870,化工ETF,周期、资源、商品,commodity_resource,5600,0.709,0.796,4457.6,11
2025-11-13,momentum_trend_confirmation_v2,20000.0,518880,黄金ETF,防御风格,commodity_resource,400,9.157,9.175,3670.0,0
2025-11-14,momentum_trend_confirmation_v2,20000.0,511380,可转债ETF,债券货币,bond_cash,300,13.309,13.672,4101.6,17
2025-11-14,momentum_trend_confirmation_v2,20000.0,159870,化工ETF,周期、资源、商品,commodity_resource,5600,0.709,0.781,4373.6,12
2025-11-14,momentum_trend_confirmation_v2,20000.0,518880,黄金ETF,防御风格,commodity_resource,400,9.157,9.096,3638.4,1
2025-11-17,momentum_trend_confirmation_v2,20000.0,511380,可转债ETF,债券货币,bond_cash,300,13.309,13.654,4096.2,18
2025-11-17,momentum_trend_confirmation_v2,20000.0,159870,化工ETF,周期、资源、商品,commodity_resource,5600,0.709,0.79,4424.0,13
2025-11-17,momentum_trend_confirmation_v2,20000.0,518880,黄金ETF,防御风格,commodity_resource,400,9.157,8.882,3552.8,2
2025-11-18,momentum_trend_confirmation_v2,20000.0,511380,可转债ETF,债券货币,bond_cash,300,13.309,13.603,4080.9,19
2025-11-18,momentum_trend_confirmation_v2,20000.0,159870,化工ETF,周期、资源、商品,commodity_resource,5600,0.709,0.762,4267.2,14
2025-11-18,momentum_trend_confirmation_v2,20000.0,518880,黄金ETF,防御风格,commodity_resource,400,9.157,8.777,3510.8,3
2025-11-19,momentum_trend_confirmation_v2,20000.0,511380,可转债ETF,债券货币,bond_cash,300,13.309,13.628,4088.4,20
2025-11-19,momentum_trend_confirmation_v2,20000.0,159870,化工ETF,周期、资源、商品,commodity_resource,5600,0.709,0.773,4328.8,15
2025-11-19,momentum_trend_confirmation_v2,20000.0,518880,黄金ETF,防御风格,commodity_resource,400,9.157,8.954,3581.6,4
2025-11-20,momentum_trend_confirmation_v2,20000.0,511380,可转债ETF,债券货币,bond_cash,300,13.309,13.57,4071.0,21
2025-11-20,momentum_trend_confirmation_v2,20000.0,159870,化工ETF,周期、资源、商品,commodity_resource,5600,0.709,0.761,4261.6,16
2025-11-20,momentum_trend_confirmation_v2,20000.0,512690,酒ETF,消费医药,sector,6800,0.588,0.59,4012.0,0
2025-11-21,momentum_trend_confirmation_v2,20000.0,511380,可转债ETF,债券货币,bond_cash,300,13.309,13.466,4039.8,22
2025-11-21,momentum_trend_confirmation_v2,20000.0,159870,化工ETF,周期、资源、商品,commodity_resource,5600,0.709,0.729,4082.4,17
2025-11-21,momentum_trend_confirmation_v2,20000.0,512690,酒ETF,消费医药,sector,6800,0.588,0.585,3978.0,0
2025-11-24,momentum_trend_confirmation_v2,20000.0,512690,酒ETF,消费医药,sector,6800,0.588,0.581,3950.8,1
2025-11-25,momentum_trend_confirmation_v2,20000.0,512690,酒ETF,消费医药,sector,6800,0.588,0.582,3957.6,2
2025-11-26,momentum_trend_confirmation_v2,20000.0,512690,酒ETF,消费医药,sector,6800,0.588,0.582,3957.6,3
2025-11-27,momentum_trend_confirmation_v2,20000.0,512690,酒ETF,消费医药,sector,6800,0.588,0.583,3964.4,4
2025-11-27,momentum_trend_confirmation_v2,20000.0,518880,黄金ETF,防御风格,commodity_resource,400,9.084,9.01,3604.0,0
2025-11-28,momentum_trend_confirmation_v2,20000.0,518880,黄金ETF,防御风格,commodity_resource,400,9.084,9.067,3626.8,0
2025-12-01,momentum_trend_confirmation_v2,20000.0,518880,黄金ETF,防御风格,commodity_resource,400,9.084,9.161,3664.4,1
2025-12-01,momentum_trend_confirmation_v2,20000.0,512800,银行ETF,金融地产,sector,4700,0.842,0.842,3957.4,0
2025-12-02,momentum_trend_confirmation_v2,20000.0,518880,黄金ETF,防御风格,commodity_resource,400,9.084,9.112,3644.8,2
2025-12-02,momentum_trend_confirmation_v2,20000.0,512800,银行ETF,金融地产,sector,4700,0.842,0.841,3952.7,0
2025-12-02,momentum_trend_confirmation_v2,20000.0,159905,深红利ETF,防御风格,sector,2200,1.804,1.802,3964.4,0
2025-12-03,momentum_trend_confirmation_v2,20000.0,518880,黄金ETF,防御风格,commodity_resource,400,9.084,9.096,3638.4,3
2025-12-03,momentum_trend_confirmation_v2,20000.0,512800,银行ETF,金融地产,sector,4700,0.842,0.834,3919.8,1
2025-12-03,momentum_trend_confirmation_v2,20000.0,159905,深红利ETF,防御风格,sector,2200,1.804,1.806,3973.2,0
2025-12-04,momentum_trend_confirmation_v2,20000.0,518880,黄金ETF,防御风格,commodity_resource,400,9.084,9.064,3625.6,4
2025-12-04,momentum_trend_confirmation_v2,20000.0,512800,银行ETF,金融地产,sector,4700,0.842,0.831,3905.7,2
2025-12-04,momentum_trend_confirmation_v2,20000.0,159905,深红利ETF,防御风格,sector,2200,1.804,1.799,3957.8,1
2025-12-05,momentum_trend_confirmation_v2,20000.0,518880,黄金ETF,防御风格,commodity_resource,400,9.084,9.136,3654.4,5
2025-12-05,momentum_trend_confirmation_v2,20000.0,512800,银行ETF,金融地产,sector,4700,0.842,0.827,3886.9,3
2025-12-05,momentum_trend_confirmation_v2,20000.0,159905,深红利ETF,防御风格,sector,2200,1.804,1.819,4001.8,2
2025-12-08,momentum_trend_confirmation_v2,20000.0,518880,黄金ETF,防御风格,commodity_resource,400,9.084,9.11,3644.0,6
2025-12-08,momentum_trend_confirmation_v2,20000.0,512800,银行ETF,金融地产,sector,4700,0.842,0.827,3886.9,4
2025-12-08,momentum_trend_confirmation_v2,20000.0,159905,深红利ETF,防御风格,sector,2200,1.804,1.808,3977.6,3
2025-12-09,momentum_trend_confirmation_v2,20000.0,518880,黄金ETF,防御风格,commodity_resource,400,9.084,9.046,3618.4,7
2025-12-09,momentum_trend_confirmation_v2,20000.0,159905,深红利ETF,防御风格,sector,2200,1.804,1.78,3916.0,4
2025-12-09,momentum_trend_confirmation_v2,20000.0,512400,有色ETF,周期资源,commodity_resource,2200,1.754,1.746,3841.2,0
2025-12-10,momentum_trend_confirmation_v2,20000.0,518880,黄金ETF,防御风格,commodity_resource,400,9.084,9.095,3638.0,8
2025-12-10,momentum_trend_confirmation_v2,20000.0,512400,有色ETF,周期资源,commodity_resource,2200,1.754,1.764,3880.8,0
2025-12-10,momentum_trend_confirmation_v2,20000.0,512660,军工ETF,新能源制造,commodity_resource,3200,1.23,1.225,3920.0,0
2025-12-11,momentum_trend_confirmation_v2,20000.0,518880,黄金ETF,防御风格,commodity_resource,400,9.084,9.11,3644.0,9
2025-12-11,momentum_trend_confirmation_v2,20000.0,512400,有色ETF,周期资源,commodity_resource,2200,1.754,1.751,3852.2,1
2025-12-11,momentum_trend_confirmation_v2,20000.0,512660,军工ETF,新能源制造,commodity_resource,3200,1.23,1.22,3904.0,0
2025-12-12,momentum_trend_confirmation_v2,20000.0,518880,黄金ETF,防御风格,commodity_resource,400,9.084,9.227,3690.8,10
2025-12-12,momentum_trend_confirmation_v2,20000.0,512400,有色ETF,周期资源,commodity_resource,2200,1.754,1.77,3894.0,2
2025-12-12,momentum_trend_confirmation_v2,20000.0,512660,军工ETF,新能源制造,commodity_resource,3200,1.23,1.233,3945.6,1
2025-12-15,momentum_trend_confirmation_v2,20000.0,518880,黄金ETF,防御风格,commodity_resource,400,9.084,9.351,3740.4,11
2025-12-15,momentum_trend_confirmation_v2,20000.0,512400,有色ETF,周期资源,commodity_resource,2200,1.754,1.762,3876.4,3
2025-12-15,momentum_trend_confirmation_v2,20000.0,512660,军工ETF,新能源制造,commodity_resource,3200,1.23,1.245,3984.0,2
2025-12-16,momentum_trend_confirmation_v2,20000.0,518880,黄金ETF,防御风格,commodity_resource,400,9.084,9.24,3696.0,12
2025-12-16,momentum_trend_confirmation_v2,20000.0,512400,有色ETF,周期资源,commodity_resource,2200,1.754,1.715,3773.0,4
2025-12-16,momentum_trend_confirmation_v2,20000.0,512660,军工ETF,新能源制造,commodity_resource,3200,1.23,1.226,3923.2,3
2025-12-17,momentum_trend_confirmation_v2,20000.0,518880,黄金ETF,防御风格,commodity_resource,400,9.084,9.31,3724.0,13
2025-12-17,momentum_trend_confirmation_v2,20000.0,512400,有色ETF,周期资源,commodity_resource,2200,1.754,1.775,3905.0,5
2025-12-17,momentum_trend_confirmation_v2,20000.0,512660,军工ETF,新能源制造,commodity_resource,3200,1.23,1.226,3923.2,4
2025-12-18,momentum_trend_confirmation_v2,20000.0,518880,黄金ETF,防御风格,commodity_resource,400,9.084,9.318,3727.2,14
2025-12-18,momentum_trend_confirmation_v2,20000.0,512400,有色ETF,周期资源,commodity_resource,2200,1.754,1.772,3898.4,6
2025-12-18,momentum_trend_confirmation_v2,20000.0,512660,军工ETF,新能源制造,commodity_resource,3200,1.23,1.239,3964.8,5
2025-12-19,momentum_trend_confirmation_v2,20000.0,518880,黄金ETF,防御风格,commodity_resource,400,9.084,9.313,3725.2,15
2025-12-19,momentum_trend_confirmation_v2,20000.0,512400,有色ETF,周期资源,commodity_resource,2200,1.754,1.807,3975.4,7
2025-12-19,momentum_trend_confirmation_v2,20000.0,512660,军工ETF,新能源制造,commodity_resource,3200,1.23,1.255,4016.0,6
2025-12-22,momentum_trend_confirmation_v2,20000.0,518880,黄金ETF,防御风格,commodity_resource,400,9.084,9.511,3804.4,16
2025-12-22,momentum_trend_confirmation_v2,20000.0,512400,有色ETF,周期资源,commodity_resource,2200,1.754,1.847,4063.4,8
2025-12-22,momentum_trend_confirmation_v2,20000.0,512660,军工ETF,新能源制造,commodity_resource,3200,1.23,1.262,4038.4,7
2025-12-23,momentum_trend_confirmation_v2,20000.0,518880,黄金ETF,防御风格,commodity_resource,400,9.084,9.639,3855.6,17
2025-12-23,momentum_trend_confirmation_v2,20000.0,512400,有色ETF,周期资源,commodity_resource,2200,1.754,1.859,4089.8,9
2025-12-23,momentum_trend_confirmation_v2,20000.0,512660,军工ETF,新能源制造,commodity_resource,3200,1.23,1.243,3977.6,8
2025-12-24,momentum_trend_confirmation_v2,20000.0,518880,黄金ETF,防御风格,commodity_resource,400,9.084,9.642,3856.8,18
2025-12-24,momentum_trend_confirmation_v2,20000.0,512400,有色ETF,周期资源,commodity_resource,2200,1.754,1.869,4111.8,10
2025-12-24,momentum_trend_confirmation_v2,20000.0,512660,军工ETF,新能源制造,commodity_resource,3200,1.23,1.278,4089.6,9
2025-12-25,momentum_trend_confirmation_v2,20000.0,518880,黄金ETF,防御风格,commodity_resource,400,9.084,9.566,3826.4,19
2025-12-25,momentum_trend_confirmation_v2,20000.0,512400,有色ETF,周期资源,commodity_resource,2200,1.754,1.847,4063.4,11
2025-12-25,momentum_trend_confirmation_v2,20000.0,512660,军工ETF,新能源制造,commodity_resource,3200,1.23,1.317,4214.4,10
2025-12-26,momentum_trend_confirmation_v2,20000.0,512400,有色ETF,周期资源,commodity_resource,2200,1.754,1.92,4224.0,12
2025-12-26,momentum_trend_confirmation_v2,20000.0,512660,军工ETF,新能源制造,commodity_resource,3200,1.23,1.332,4262.4,11
2025-12-26,momentum_trend_confirmation_v2,20000.0,159905,深红利ETF,防御风格,sector,2100,1.821,1.821,3824.1,0
2025-12-29,momentum_trend_confirmation_v2,20000.0,512400,有色ETF,周期资源,commodity_resource,2200,1.754,1.878,4131.6,13
2025-12-29,momentum_trend_confirmation_v2,20000.0,512660,军工ETF,新能源制造,commodity_resource,3200,1.23,1.35,4320.0,12
2025-12-29,momentum_trend_confirmation_v2,20000.0,159905,深红利ETF,防御风格,sector,2100,1.821,1.805,3790.5,0
2025-12-30,momentum_trend_confirmation_v2,20000.0,512400,有色ETF,周期资源,commodity_resource,2200,1.754,1.909,4199.8,14
2025-12-30,momentum_trend_confirmation_v2,20000.0,512660,军工ETF,新能源制造,commodity_resource,3200,1.23,1.34,4288.0,13
2025-12-30,momentum_trend_confirmation_v2,20000.0,159905,深红利ETF,防御风格,sector,2100,1.821,1.808,3796.8,1
2025-12-31,momentum_trend_confirmation_v2,20000.0,512400,有色ETF,周期资源,commodity_resource,2200,1.754,1.927,4239.4,15
2025-12-31,momentum_trend_confirmation_v2,20000.0,512660,军工ETF,新能源制造,commodity_resource,3200,1.23,1.373,4393.6,14
2025-12-31,momentum_trend_confirmation_v2,20000.0,159905,深红利ETF,防御风格,sector,2100,1.821,1.805,3790.5,2
2026-01-05,momentum_trend_confirmation_v2,20000.0,512400,有色ETF,周期资源,commodity_resource,2200,1.754,1.981,4358.2,16
2026-01-05,momentum_trend_confirmation_v2,20000.0,512660,军工ETF,新能源制造,commodity_resource,3200,1.23,1.407,4502.4,15
2026-01-05,momentum_trend_confirmation_v2,20000.0,159905,深红利ETF,防御风格,sector,2100,1.821,1.829,3840.9,3
2026-01-06,momentum_trend_confirmation_v2,20000.0,512400,有色ETF,周期资源,commodity_resource,2200,1.754,2.06,4532.0,17
2026-01-06,momentum_trend_confirmation_v2,20000.0,512660,军工ETF,新能源制造,commodity_resource,3200,1.23,1.453,4649.6,16
2026-01-06,momentum_trend_confirmation_v2,20000.0,159905,深红利ETF,防御风格,sector,2100,1.821,1.854,3893.4,4
2026-01-07,momentum_trend_confirmation_v2,20000.0,512400,有色ETF,周期资源,commodity_resource,2200,1.754,2.068,4549.6,18
2026-01-07,momentum_trend_confirmation_v2,20000.0,512660,军工ETF,新能源制造,commodity_resource,3200,1.23,1.44,4608.0,17
2026-01-07,momentum_trend_confirmation_v2,20000.0,159905,深红利ETF,防御风格,sector,2100,1.821,1.849,3882.9,5
2026-01-08,momentum_trend_confirmation_v2,20000.0,512400,有色ETF,周期资源,commodity_resource,2200,1.754,2.032,4470.4,19
2026-01-08,momentum_trend_confirmation_v2,20000.0,512660,军工ETF,新能源制造,commodity_resource,3200,1.23,1.505,4816.0,18
2026-01-08,momentum_trend_confirmation_v2,20000.0,159905,深红利ETF,防御风格,sector,2100,1.821,1.837,3857.7,6
2026-01-09,momentum_trend_confirmation_v2,20000.0,512660,军工ETF,新能源制造,commodity_resource,3200,1.23,1.567,5014.4,19
2026-01-09,momentum_trend_confirmation_v2,20000.0,159905,深红利ETF,防御风格,sector,2100,1.821,1.858,3901.8,7
2026-01-09,momentum_trend_confirmation_v2,20000.0,512880,证券ETF,金融地产,high_beta,3200,1.236,1.237,3958.4,0
2026-01-12,momentum_trend_confirmation_v2,20000.0,159905,深红利ETF,防御风格,sector,2100,1.821,1.873,3933.3,8
2026-01-12,momentum_trend_confirmation_v2,20000.0,512880,证券ETF,金融地产,high_beta,3200,1.236,1.254,4012.8,0
2026-01-12,momentum_trend_confirmation_v2,20000.0,159992,银华创新药ETF,医药与消费升级,theme,4400,0.9,0.897,3946.8,0
2026-01-13,momentum_trend_confirmation_v2,20000.0,159905,深红利ETF,防御风格,sector,2100,1.821,1.863,3912.3,9
2026-01-13,momentum_trend_confirmation_v2,20000.0,512880,证券ETF,金融地产,high_beta,3200,1.236,1.246,3987.2,1
2026-01-13,momentum_trend_confirmation_v2,20000.0,159992,银华创新药ETF,医药与消费升级,theme,4400,0.9,0.908,3995.2,0
2026-01-14,momentum_trend_confirmation_v2,20000.0,159905,深红利ETF,防御风格,sector,2100,1.821,1.862,3910.2,10
2026-01-14,momentum_trend_confirmation_v2,20000.0,512880,证券ETF,金融地产,high_beta,3200,1.236,1.237,3958.4,2
2026-01-14,momentum_trend_confirmation_v2,20000.0,159992,银华创新药ETF,医药与消费升级,theme,4400,0.9,0.896,3942.4,1
2026-01-15,momentum_trend_confirmation_v2,20000.0,159905,深红利ETF,防御风格,sector,2100,1.821,1.86,3906.0,11
2026-01-15,momentum_trend_confirmation_v2,20000.0,512880,证券ETF,金融地产,high_beta,3200,1.236,1.218,3897.6,3
2026-01-15,momentum_trend_confirmation_v2,20000.0,159992,银华创新药ETF,医药与消费升级,theme,4400,0.9,0.89,3916.0,2
2026-01-16,momentum_trend_confirmation_v2,20000.0,159905,深红利ETF,防御风格,sector,2100,1.821,1.851,3887.1,12
2026-01-16,momentum_trend_confirmation_v2,20000.0,512880,证券ETF,金融地产,high_beta,3200,1.236,1.208,3865.6,4
2026-01-16,momentum_trend_confirmation_v2,20000.0,159992,银华创新药ETF,医药与消费升级,theme,4400,0.9,0.882,3880.8,3
2026-01-19,momentum_trend_confirmation_v2,20000.0,159905,深红利ETF,防御风格,sector,2100,1.821,1.875,3937.5,13
2026-01-19,momentum_trend_confirmation_v2,20000.0,159992,银华创新药ETF,医药与消费升级,theme,4400,0.9,0.875,3850.0,4
2026-01-20,momentum_trend_confirmation_v2,20000.0,159905,深红利ETF,防御风格,sector,2100,1.821,1.894,3977.4,14
2026-01-20,momentum_trend_confirmation_v2,20000.0,159992,银华创新药ETF,医药与消费升级,theme,4400,0.9,0.864,3801.6,5
2026-01-21,momentum_trend_confirmation_v2,20000.0,159905,深红利ETF,防御风格,sector,2100,1.821,1.888,3964.8,15
2026-01-22,momentum_trend_confirmation_v2,20000.0,159905,深红利ETF,防御风格,sector,2100,1.821,1.884,3956.4,16
2026-01-23,momentum_trend_confirmation_v2,20000.0,159905,深红利ETF,防御风格,sector,2100,1.821,1.891,3971.1,17
2026-01-26,momentum_trend_confirmation_v2,20000.0,159905,深红利ETF,防御风格,sector,2100,1.821,1.906,4002.6,18
2026-01-27,momentum_trend_confirmation_v2,20000.0,159905,深红利ETF,防御风格,sector,2100,1.821,1.875,3937.5,19
2026-02-03,momentum_trend_confirmation_v2,20000.0,512690,酒ETF,消费医药,sector,7200,0.549,0.551,3967.2,0
2026-02-04,momentum_trend_confirmation_v2,20000.0,512690,酒ETF,消费医药,sector,7200,0.549,0.562,4046.4,0
2026-02-05,momentum_trend_confirmation_v2,20000.0,512690,酒ETF,消费医药,sector,7200,0.549,0.565,4068.0,1
2026-02-05,momentum_trend_confirmation_v2,20000.0,512200,房地产ETF,金融地产,sector,2500,1.556,1.568,3920.0,0
2026-02-06,momentum_trend_confirmation_v2,20000.0,512690,酒ETF,消费医药,sector,7200,0.549,0.554,3988.8,2
2026-02-06,momentum_trend_confirmation_v2,20000.0,512200,房地产ETF,金融地产,sector,2500,1.556,1.547,3867.5,0
2026-02-09,momentum_trend_confirmation_v2,20000.0,512690,酒ETF,消费医药,sector,7200,0.549,0.554,3988.8,3
2026-02-09,momentum_trend_confirmation_v2,20000.0,512200,房地产ETF,金融地产,sector,2500,1.556,1.581,3952.5,1
2026-02-10,momentum_trend_confirmation_v2,20000.0,512690,酒ETF,消费医药,sector,7200,0.549,0.545,3924.0,4
2026-02-10,momentum_trend_confirmation_v2,20000.0,512200,房地产ETF,金融地产,sector,2500,1.556,1.555,3887.5,2
2026-02-11,momentum_trend_confirmation_v2,20000.0,512690,酒ETF,消费医药,sector,7200,0.549,0.545,3924.0,5
2026-02-11,momentum_trend_confirmation_v2,20000.0,512200,房地产ETF,金融地产,sector,2500,1.556,1.551,3877.5,3
2026-02-12,momentum_trend_confirmation_v2,20000.0,512690,酒ETF,消费医药,sector,7200,0.549,0.535,3852.0,6
2026-02-12,momentum_trend_confirmation_v2,20000.0,512200,房地产ETF,金融地产,sector,2500,1.556,1.543,3857.5,4
2026-02-25,momentum_trend_confirmation_v2,20000.0,159905,深红利ETF,防御风格,sector,2000,1.907,1.907,3814.0,0
2026-02-26,momentum_trend_confirmation_v2,20000.0,159905,深红利ETF,防御风格,sector,2000,1.907,1.899,3798.0,0
2026-02-26,momentum_trend_confirmation_v2,20000.0,159352,南方中证A500ETF,新宽基与新风格,broad_index,3000,1.306,1.311,3933.0,0
2026-02-27,momentum_trend_confirmation_v2,20000.0,159905,深红利ETF,防御风格,sector,2000,1.907,1.897,3794.0,1
2026-02-27,momentum_trend_confirmation_v2,20000.0,159352,南方中证A500ETF,新宽基与新风格,broad_index,3000,1.306,1.31,3930.0,0
2026-02-27,momentum_trend_confirmation_v2,20000.0,159915,创业板ETF,宽基,broad_index,1200,3.251,3.301,3961.2,0
2026-03-02,momentum_trend_confirmation_v2,20000.0,159905,深红利ETF,防御风格,sector,2000,1.907,1.897,3794.0,2
2026-03-02,momentum_trend_confirmation_v2,20000.0,159352,南方中证A500ETF,新宽基与新风格,broad_index,3000,1.306,1.316,3948.0,1
2026-03-02,momentum_trend_confirmation_v2,20000.0,159915,创业板ETF,宽基,broad_index,1200,3.251,3.282,3938.4,0
2026-03-03,momentum_trend_confirmation_v2,20000.0,159905,深红利ETF,防御风格,sector,2000,1.907,1.86,3720.0,3
2026-03-03,momentum_trend_confirmation_v2,20000.0,159352,南方中证A500ETF,新宽基与新风格,broad_index,3000,1.306,1.285,3855.0,2
2026-03-03,momentum_trend_confirmation_v2,20000.0,159915,创业板ETF,宽基,broad_index,1200,3.251,3.205,3846.0,1
2026-03-04,momentum_trend_confirmation_v2,20000.0,159905,深红利ETF,防御风格,sector,2000,1.907,1.846,3692.0,4
2026-03-04,momentum_trend_confirmation_v2,20000.0,159352,南方中证A500ETF,新宽基与新风格,broad_index,3000,1.306,1.273,3819.0,3
2026-03-04,momentum_trend_confirmation_v2,20000.0,159915,创业板ETF,宽基,broad_index,1200,3.251,3.154,3784.8,2
2026-03-05,momentum_trend_confirmation_v2,20000.0,159352,南方中证A500ETF,新宽基与新风格,broad_index,3000,1.306,1.287,3861.0,4
2026-03-05,momentum_trend_confirmation_v2,20000.0,159915,创业板ETF,宽基,broad_index,1200,3.251,3.206,3847.2,3
2026-03-05,momentum_trend_confirmation_v2,20000.0,512400,有色ETF,周期资源,commodity_resource,1700,2.292,2.326,3954.2,0
2026-03-06,momentum_trend_confirmation_v2,20000.0,159915,创业板ETF,宽基,broad_index,1200,3.251,3.225,3870.0,4
2026-03-06,momentum_trend_confirmation_v2,20000.0,512400,有色ETF,周期资源,commodity_resource,1700,2.292,2.279,3874.3,0
2026-03-09,momentum_trend_confirmation_v2,20000.0,512400,有色ETF,周期资源,commodity_resource,1700,2.292,2.257,3836.9,1
2026-03-10,momentum_trend_confirmation_v2,20000.0,512400,有色ETF,周期资源,commodity_resource,1700,2.292,2.279,3874.3,2
2026-03-11,momentum_trend_confirmation_v2,20000.0,512400,有色ETF,周期资源,commodity_resource,1700,2.292,2.271,3860.7,3
2026-03-12,momentum_trend_confirmation_v2,20000.0,512400,有色ETF,周期资源,commodity_resource,1700,2.292,2.254,3831.8,4
2026-03-12,momentum_trend_confirmation_v2,20000.0,159338,国泰中证A500ETF,新宽基与新风格,broad_index,3200,1.24,1.246,3987.2,0
2026-03-12,momentum_trend_confirmation_v2,20000.0,518880,黄金ETF,防御风格,commodity_resource,300,10.852,10.938,3281.4,0
2026-03-13,momentum_trend_confirmation_v2,20000.0,159338,国泰中证A500ETF,新宽基与新风格,broad_index,3200,1.24,1.238,3961.6,0
2026-03-13,momentum_trend_confirmation_v2,20000.0,518880,黄金ETF,防御风格,commodity_resource,300,10.852,10.802,3240.6,0
2026-03-13,momentum_trend_confirmation_v2,20000.0,512800,银行ETF,金融地产,sector,5000,0.795,0.795,3975.0,0
2026-03-16,momentum_trend_confirmation_v2,20000.0,159338,国泰中证A500ETF,新宽基与新风格,broad_index,3200,1.24,1.236,3955.2,1
2026-03-16,momentum_trend_confirmation_v2,20000.0,518880,黄金ETF,防御风格,commodity_resource,300,10.852,10.664,3199.2,1
2026-03-16,momentum_trend_confirmation_v2,20000.0,512800,银行ETF,金融地产,sector,5000,0.795,0.797,3985.0,0
2026-03-17,momentum_trend_confirmation_v2,20000.0,159338,国泰中证A500ETF,新宽基与新风格,broad_index,3200,1.24,1.221,3907.2,2
2026-03-17,momentum_trend_confirmation_v2,20000.0,518880,黄金ETF,防御风格,commodity_resource,300,10.852,10.637,3191.1,2
2026-03-17,momentum_trend_confirmation_v2,20000.0,512800,银行ETF,金融地产,sector,5000,0.795,0.804,4020.0,1
2026-03-18,momentum_trend_confirmation_v2,20000.0,159338,国泰中证A500ETF,新宽基与新风格,broad_index,3200,1.24,1.227,3926.4,3
2026-03-18,momentum_trend_confirmation_v2,20000.0,518880,黄金ETF,防御风格,commodity_resource,300,10.852,10.606,3181.8,3
2026-03-18,momentum_trend_confirmation_v2,20000.0,512800,银行ETF,金融地产,sector,5000,0.795,0.802,4010.0,2
2026-03-19,momentum_trend_confirmation_v2,20000.0,159338,国泰中证A500ETF,新宽基与新风格,broad_index,3200,1.24,1.206,3859.2,4
2026-03-19,momentum_trend_confirmation_v2,20000.0,518880,黄金ETF,防御风格,commodity_resource,300,10.852,10.126,3037.8,4
2026-03-19,momentum_trend_confirmation_v2,20000.0,512800,银行ETF,金融地产,sector,5000,0.795,0.799,3995.0,3
2026-03-20,momentum_trend_confirmation_v2,20000.0,512800,银行ETF,金融地产,sector,5000,0.795,0.797,3985.0,4
2026-03-23,momentum_trend_confirmation_v2,20000.0,512800,银行ETF,金融地产,sector,5000,0.795,0.771,3855.0,5
2026-03-24,momentum_trend_confirmation_v2,20000.0,512800,银行ETF,金融地产,sector,5000,0.795,0.787,3935.0,6
2026-03-25,momentum_trend_confirmation_v2,20000.0,512800,银行ETF,金融地产,sector,5000,0.795,0.794,3970.0,7
2026-03-25,momentum_trend_confirmation_v2,20000.0,515790,光伏ETF,新能源制造,commodity_resource,3500,1.137,1.136,3976.0,0
2026-03-26,momentum_trend_confirmation_v2,20000.0,512800,银行ETF,金融地产,sector,5000,0.795,0.796,3980.0,8
2026-03-26,momentum_trend_confirmation_v2,20000.0,515790,光伏ETF,新能源制造,commodity_resource,3500,1.137,1.108,3878.0,0
2026-03-27,momentum_trend_confirmation_v2,20000.0,512800,银行ETF,金融地产,sector,5000,0.795,0.792,3960.0,9
2026-03-27,momentum_trend_confirmation_v2,20000.0,515790,光伏ETF,新能源制造,commodity_resource,3500,1.137,1.107,3874.5,1
2026-03-30,momentum_trend_confirmation_v2,20000.0,512800,银行ETF,金融地产,sector,5000,0.795,0.795,3975.0,10
2026-03-30,momentum_trend_confirmation_v2,20000.0,515790,光伏ETF,新能源制造,commodity_resource,3500,1.137,1.067,3734.5,2
2026-03-30,momentum_trend_confirmation_v2,20000.0,512890,红利低波ETF,防御风格,sector,3300,1.193,1.193,3936.9,0
2026-03-31,momentum_trend_confirmation_v2,20000.0,512800,银行ETF,金融地产,sector,5000,0.795,0.802,4010.0,11
2026-03-31,momentum_trend_confirmation_v2,20000.0,515790,光伏ETF,新能源制造,commodity_resource,3500,1.137,1.034,3619.0,3
2026-03-31,momentum_trend_confirmation_v2,20000.0,512890,红利低波ETF,防御风格,sector,3300,1.193,1.198,3953.4,0
2026-04-01,momentum_trend_confirmation_v2,20000.0,512800,银行ETF,金融地产,sector,5000,0.795,0.802,4010.0,12
2026-04-01,momentum_trend_confirmation_v2,20000.0,515790,光伏ETF,新能源制造,commodity_resource,3500,1.137,1.041,3643.5,4
2026-04-01,momentum_trend_confirmation_v2,20000.0,512890,红利低波ETF,防御风格,sector,3300,1.193,1.197,3950.1,1
2026-04-02,momentum_trend_confirmation_v2,20000.0,512800,银行ETF,金融地产,sector,5000,0.795,0.805,4025.0,13
2026-04-02,momentum_trend_confirmation_v2,20000.0,512890,红利低波ETF,防御风格,sector,3300,1.193,1.201,3963.3,2
2026-04-03,momentum_trend_confirmation_v2,20000.0,512800,银行ETF,金融地产,sector,5000,0.795,0.797,3985.0,14
2026-04-03,momentum_trend_confirmation_v2,20000.0,512890,红利低波ETF,防御风格,sector,3300,1.193,1.188,3920.4,3
2026-04-03,momentum_trend_confirmation_v2,20000.0,512010,医药ETF,消费医药,sector,10800,0.369,0.368,3974.4,0
2026-04-07,momentum_trend_confirmation_v2,20000.0,512800,银行ETF,金融地产,sector,5000,0.795,0.788,3940.0,15
2026-04-07,momentum_trend_confirmation_v2,20000.0,512890,红利低波ETF,防御风格,sector,3300,1.193,1.18,3894.0,4
2026-04-07,momentum_trend_confirmation_v2,20000.0,512010,医药ETF,消费医药,sector,10800,0.369,0.369,3985.2,0
2026-04-08,momentum_trend_confirmation_v2,20000.0,512010,医药ETF,消费医药,sector,10800,0.369,0.375,4050.0,1
2026-04-09,momentum_trend_confirmation_v2,20000.0,512010,医药ETF,消费医药,sector,10800,0.369,0.373,4028.4,2
2026-04-10,momentum_trend_confirmation_v2,20000.0,512010,医药ETF,消费医药,sector,10800,0.369,0.373,4028.4,3
2026-04-13,momentum_trend_confirmation_v2,20000.0,512010,医药ETF,消费医药,sector,10800,0.369,0.371,4006.8,4
2026-04-14,momentum_trend_confirmation_v2,20000.0,512010,医药ETF,消费医药,sector,10800,0.369,0.375,4050.0,5
2026-04-15,momentum_trend_confirmation_v2,20000.0,512010,医药ETF,消费医药,sector,10800,0.369,0.377,4071.6,6
2026-04-16,momentum_trend_confirmation_v2,20000.0,512010,医药ETF,消费医药,sector,10800,0.369,0.377,4071.6,7
2026-04-17,momentum_trend_confirmation_v2,20000.0,512010,医药ETF,消费医药,sector,10800,0.369,0.366,3952.8,8
2026-04-20,momentum_trend_confirmation_v2,20000.0,512170,医疗ETF,消费医药,sector,11900,0.334,0.334,3974.6,0
2026-04-21,momentum_trend_confirmation_v2,20000.0,512170,医疗ETF,消费医药,sector,11900,0.334,0.332,3950.8,0
2026-04-22,momentum_trend_confirmation_v2,20000.0,512170,医疗ETF,消费医药,sector,11900,0.334,0.336,3998.4,1
2026-04-22,momentum_trend_confirmation_v2,20000.0,512890,红利低波ETF,防御风格,sector,3300,1.192,1.192,3933.6,0
2026-04-22,momentum_trend_confirmation_v2,20000.0,510230,金融ETF,金融地产,sector,3000,1.305,1.305,3915.0,0
2026-04-23,momentum_trend_confirmation_v2,20000.0,512170,医疗ETF,消费医药,sector,11900,0.334,0.335,3986.5,2
2026-04-23,momentum_trend_confirmation_v2,20000.0,512890,红利低波ETF,防御风格,sector,3300,1.192,1.198,3953.4,0
2026-04-23,momentum_trend_confirmation_v2,20000.0,510230,金融ETF,金融地产,sector,3000,1.305,1.303,3909.0,0
2026-04-24,momentum_trend_confirmation_v2,20000.0,512170,医疗ETF,消费医药,sector,11900,0.334,0.335,3986.5,3
2026-04-24,momentum_trend_confirmation_v2,20000.0,512890,红利低波ETF,防御风格,sector,3300,1.192,1.198,3953.4,1
2026-04-24,momentum_trend_confirmation_v2,20000.0,510230,金融ETF,金融地产,sector,3000,1.305,1.3,3900.0,1
2026-04-27,momentum_trend_confirmation_v2,20000.0,512170,医疗ETF,消费医药,sector,11900,0.334,0.332,3950.8,4
2026-04-27,momentum_trend_confirmation_v2,20000.0,512890,红利低波ETF,防御风格,sector,3300,1.192,1.189,3923.7,2
2026-04-27,momentum_trend_confirmation_v2,20000.0,510230,金融ETF,金融地产,sector,3000,1.305,1.293,3879.0,2
2026-04-28,momentum_trend_confirmation_v2,20000.0,512170,医疗ETF,消费医药,sector,11900,0.334,0.34,4046.0,5
2026-04-28,momentum_trend_confirmation_v2,20000.0,512890,红利低波ETF,防御风格,sector,3300,1.192,1.192,3933.6,3
2026-04-28,momentum_trend_confirmation_v2,20000.0,510230,金融ETF,金融地产,sector,3000,1.305,1.3,3900.0,3
2026-04-29,momentum_trend_confirmation_v2,20000.0,512170,医疗ETF,消费医药,sector,11900,0.334,0.338,4022.2,6
2026-04-29,momentum_trend_confirmation_v2,20000.0,512890,红利低波ETF,防御风格,sector,3300,1.192,1.195,3943.5,4
2026-04-29,momentum_trend_confirmation_v2,20000.0,510230,金融ETF,金融地产,sector,3000,1.305,1.301,3903.0,4
2026-04-30,momentum_trend_confirmation_v2,20000.0,512170,医疗ETF,消费医药,sector,11900,0.334,0.336,3998.4,7
2026-04-30,momentum_trend_confirmation_v2,20000.0,512890,红利低波ETF,防御风格,sector,3300,1.192,1.188,3920.4,5
2026-04-30,momentum_trend_confirmation_v2,20000.0,510230,金融ETF,金融地产,sector,3000,1.305,1.298,3894.0,5
2026-05-06,momentum_trend_confirmation_v2,20000.0,512170,医疗ETF,消费医药,sector,11900,0.334,0.335,3986.5,8
2026-05-06,momentum_trend_confirmation_v2,20000.0,510230,金融ETF,金融地产,sector,3000,1.305,1.295,3885.0,6
2026-05-06,momentum_trend_confirmation_v2,20000.0,159905,深红利ETF,防御风格,sector,2100,1.86,1.86,3906.0,0
2026-05-07,momentum_trend_confirmation_v2,20000.0,512170,医疗ETF,消费医药,sector,11900,0.334,0.338,4022.2,9
2026-05-07,momentum_trend_confirmation_v2,20000.0,159905,深红利ETF,防御风格,sector,2100,1.86,1.852,3889.2,0
2026-05-08,momentum_trend_confirmation_v2,20000.0,512170,医疗ETF,消费医药,sector,11900,0.334,0.337,4010.3,10
2026-05-08,momentum_trend_confirmation_v2,20000.0,159905,深红利ETF,防御风格,sector,2100,1.86,1.838,3859.8,1
2026-05-11,momentum_trend_confirmation_v2,20000.0,512170,医疗ETF,消费医药,sector,11900,0.334,0.34,4046.0,11
2026-05-11,momentum_trend_confirmation_v2,20000.0,159905,深红利ETF,防御风格,sector,2100,1.86,1.851,3887.1,2
2026-05-12,momentum_trend_confirmation_v2,20000.0,512170,医疗ETF,消费医药,sector,11900,0.334,0.337,4010.3,12
2026-05-12,momentum_trend_confirmation_v2,20000.0,159905,深红利ETF,防御风格,sector,2100,1.86,1.831,3845.1,3
2026-05-13,momentum_trend_confirmation_v2,20000.0,512170,医疗ETF,消费医药,sector,11900,0.334,0.336,3998.4,13
2026-05-13,momentum_trend_confirmation_v2,20000.0,159905,深红利ETF,防御风格,sector,2100,1.86,1.835,3853.5,4
2026-05-13,momentum_trend_confirmation_v2,20000.0,512070,非银ETF,金融地产,high_beta,4900,0.806,0.806,3949.4,0
2026-05-14,momentum_trend_confirmation_v2,20000.0,512170,医疗ETF,消费医药,sector,11900,0.334,0.329,3915.1,14
2026-05-14,momentum_trend_confirmation_v2,20000.0,159905,深红利ETF,防御风格,sector,2100,1.86,1.82,3822.0,5
2026-05-14,momentum_trend_confirmation_v2,20000.0,512070,非银ETF,金融地产,high_beta,4900,0.806,0.79,3871.0,0
2026-05-15,momentum_trend_confirmation_v2,20000.0,512070,非银ETF,金融地产,high_beta,4900,0.806,0.773,3787.7,1
2026-05-18,momentum_trend_confirmation_v2,20000.0,512070,非银ETF,金融地产,high_beta,4900,0.806,0.769,3768.1,2
2026-05-19,momentum_trend_confirmation_v2,20000.0,512070,非银ETF,金融地产,high_beta,4900,0.806,0.772,3782.8,3
2026-05-19,momentum_trend_confirmation_v2,20000.0,511380,可转债ETF,债券货币,bond_cash,200,14.32,14.351,2870.2,0
2026-05-20,momentum_trend_confirmation_v2,20000.0,512070,非银ETF,金融地产,high_beta,4900,0.806,0.766,3753.4,4
2026-05-20,momentum_trend_confirmation_v2,20000.0,511380,可转债ETF,债券货币,bond_cash,200,14.32,14.275,2855.0,0
2026-05-21,momentum_trend_confirmation_v2,20000.0,511380,可转债ETF,债券货币,bond_cash,200,14.32,14.106,2821.2,1
2026-05-22,momentum_trend_confirmation_v2,20000.0,511380,可转债ETF,债券货币,bond_cash,200,14.32,14.133,2826.6,2
2026-05-25,momentum_trend_confirmation_v2,20000.0,511380,可转债ETF,债券货币,bond_cash,200,14.32,14.158,2831.6,3
2026-05-26,momentum_trend_confirmation_v2,20000.0,511380,可转债ETF,债券货币,bond_cash,200,14.32,14.114,2822.8,4
2026-06-03,momentum_trend_confirmation_v2,20000.0,159352,南方中证A500ETF,新宽基与新风格,broad_index,2900,1.342,1.356,3932.4,0
2026-06-04,momentum_trend_confirmation_v2,20000.0,159352,南方中证A500ETF,新宽基与新风格,broad_index,2900,1.342,1.349,3912.1,0
2026-06-04,momentum_trend_confirmation_v2,20000.0,510300,沪深300ETF,宽基,broad_index,800,4.909,4.926,3940.8,0
2026-06-05,momentum_trend_confirmation_v2,20000.0,159352,南方中证A500ETF,新宽基与新风格,broad_index,2900,1.342,1.325,3842.5,1
2026-06-05,momentum_trend_confirmation_v2,20000.0,510300,沪深300ETF,宽基,broad_index,800,4.909,4.843,3874.4,0
2026-06-08,momentum_trend_confirmation_v2,20000.0,159352,南方中证A500ETF,新宽基与新风格,broad_index,2900,1.342,1.292,3746.8,2
2026-06-08,momentum_trend_confirmation_v2,20000.0,510300,沪深300ETF,宽基,broad_index,800,4.909,4.739,3791.2,1
2026-06-09,momentum_trend_confirmation_v2,20000.0,159352,南方中证A500ETF,新宽基与新风格,broad_index,2900,1.342,1.315,3813.5,3
2026-06-09,momentum_trend_confirmation_v2,20000.0,510300,沪深300ETF,宽基,broad_index,800,4.909,4.826,3860.8,2
2026-06-10,momentum_trend_confirmation_v2,20000.0,159352,南方中证A500ETF,新宽基与新风格,broad_index,2900,1.342,1.305,3784.5,4
2026-06-10,momentum_trend_confirmation_v2,20000.0,510300,沪深300ETF,宽基,broad_index,800,4.909,4.784,3827.2,3
2026-06-11,momentum_trend_confirmation_v2,20000.0,510300,沪深300ETF,宽基,broad_index,800,4.909,4.751,3800.8,4
2026-06-11,momentum_trend_confirmation_v2,20000.0,512800,银行ETF,金融地产,sector,5000,0.797,0.802,4010.0,0
2026-06-12,momentum_trend_confirmation_v2,20000.0,512800,银行ETF,金融地产,sector,5000,0.797,0.814,4070.0,0
2026-06-15,momentum_trend_confirmation_v2,20000.0,512800,银行ETF,金融地产,sector,5000,0.797,0.802,4010.0,1
2026-06-15,momentum_trend_confirmation_v2,20000.0,510230,金融ETF,金融地产,sector,3000,1.293,1.302,3906.0,0
2026-06-16,momentum_trend_confirmation_v2,20000.0,512800,银行ETF,金融地产,sector,5000,0.797,0.792,3960.0,2
2026-06-16,momentum_trend_confirmation_v2,20000.0,510230,金融ETF,金融地产,sector,3000,1.293,1.291,3873.0,0
2026-06-17,momentum_trend_confirmation_v2,20000.0,512800,银行ETF,金融地产,sector,5000,0.797,0.785,3925.0,3
2026-06-17,momentum_trend_confirmation_v2,20000.0,510230,金融ETF,金融地产,sector,3000,1.293,1.284,3852.0,1
2025-05-30,relative_strength_rotation_v2,20000.0,512690,酒ETF,消费医药,sector,6900,0.577,0.581,4008.9,0
2025-05-30,relative_strength_rotation_v2,20000.0,588000,科创50ETF,宽基,broad_index,3800,1.028,1.03,3914.0,0
2025-05-30,relative_strength_rotation_v2,20000.0,512200,房地产ETF,金融地产,sector,2900,1.336,1.345,3900.5,0
2025-06-03,relative_strength_rotation_v2,20000.0,512690,酒ETF,消费医药,sector,6900,0.577,0.576,3974.4,0
2025-06-03,relative_strength_rotation_v2,20000.0,588000,科创50ETF,宽基,broad_index,3800,1.028,1.034,3929.2,0
2025-06-03,relative_strength_rotation_v2,20000.0,512200,房地产ETF,金融地产,sector,2900,1.336,1.341,3888.9,0
2025-06-04,relative_strength_rotation_v2,20000.0,512690,酒ETF,消费医药,sector,6900,0.577,0.577,3981.3,1
2025-06-04,relative_strength_rotation_v2,20000.0,588000,科创50ETF,宽基,broad_index,3800,1.028,1.04,3952.0,1
2025-06-04,relative_strength_rotation_v2,20000.0,512200,房地产ETF,金融地产,sector,2900,1.336,1.354,3926.6,1
2025-06-05,relative_strength_rotation_v2,20000.0,512690,酒ETF,消费医药,sector,6900,0.577,0.578,3988.2,2
2025-06-05,relative_strength_rotation_v2,20000.0,588000,科创50ETF,宽基,broad_index,3800,1.028,1.051,3993.8,2
2025-06-05,relative_strength_rotation_v2,20000.0,512200,房地产ETF,金融地产,sector,2900,1.336,1.355,3929.5,2
2025-06-06,relative_strength_rotation_v2,20000.0,512690,酒ETF,消费医药,sector,6900,0.577,0.577,3981.3,3
2025-06-06,relative_strength_rotation_v2,20000.0,588000,科创50ETF,宽基,broad_index,3800,1.028,1.047,3978.6,3
2025-06-06,relative_strength_rotation_v2,20000.0,512200,房地产ETF,金融地产,sector,2900,1.336,1.355,3929.5,3
2025-06-09,relative_strength_rotation_v2,20000.0,512690,酒ETF,消费医药,sector,6900,0.577,0.574,3960.6,4
2025-06-09,relative_strength_rotation_v2,20000.0,588000,科创50ETF,宽基,broad_index,3800,1.028,1.053,4001.4,4
2025-06-09,relative_strength_rotation_v2,20000.0,512200,房地产ETF,金融地产,sector,2900,1.336,1.359,3941.1,4
2025-06-10,relative_strength_rotation_v2,20000.0,512690,酒ETF,消费医药,sector,6900,0.577,0.569,3926.1,5
2025-06-10,relative_strength_rotation_v2,20000.0,588000,科创50ETF,宽基,broad_index,3800,1.028,1.032,3921.6,5
2025-06-10,relative_strength_rotation_v2,20000.0,512200,房地产ETF,金融地产,sector,2900,1.336,1.351,3917.9,5
2025-06-11,relative_strength_rotation_v2,20000.0,512690,酒ETF,消费医药,sector,6900,0.577,0.57,3933.0,6
2025-06-11,relative_strength_rotation_v2,20000.0,588000,科创50ETF,宽基,broad_index,3800,1.028,1.031,3917.8,6
2025-06-11,relative_strength_rotation_v2,20000.0,512200,房地产ETF,金融地产,sector,2900,1.336,1.361,3946.9,6
2025-06-12,relative_strength_rotation_v2,20000.0,512690,酒ETF,消费医药,sector,6900,0.577,0.56,3864.0,7
2025-06-12,relative_strength_rotation_v2,20000.0,588000,科创50ETF,宽基,broad_index,3800,1.028,1.027,3902.6,7
2025-06-12,relative_strength_rotation_v2,20000.0,512200,房地产ETF,金融地产,sector,2900,1.336,1.353,3923.7,7
2025-06-13,relative_strength_rotation_v2,20000.0,512690,酒ETF,消费医药,sector,6900,0.577,0.545,3760.5,8
2025-06-13,relative_strength_rotation_v2,20000.0,588000,科创50ETF,宽基,broad_index,3800,1.028,1.022,3883.6,8
2025-06-13,relative_strength_rotation_v2,20000.0,512200,房地产ETF,金融地产,sector,2900,1.336,1.332,3862.8,8
2025-06-16,relative_strength_rotation_v2,20000.0,512690,酒ETF,消费医药,sector,6900,0.577,0.546,3767.4,9
2025-06-16,relative_strength_rotation_v2,20000.0,588000,科创50ETF,宽基,broad_index,3800,1.028,1.021,3879.8,9
2025-06-16,relative_strength_rotation_v2,20000.0,512200,房地产ETF,金融地产,sector,2900,1.336,1.359,3941.1,9
2025-06-17,relative_strength_rotation_v2,20000.0,512690,酒ETF,消费医药,sector,6900,0.577,0.547,3774.3,10
2025-06-17,relative_strength_rotation_v2,20000.0,588000,科创50ETF,宽基,broad_index,3800,1.028,1.012,3845.6,10
2025-06-17,relative_strength_rotation_v2,20000.0,512200,房地产ETF,金融地产,sector,2900,1.336,1.354,3926.6,10
2025-06-18,relative_strength_rotation_v2,20000.0,512690,酒ETF,消费医药,sector,6900,0.577,0.55,3795.0,11
2025-06-18,relative_strength_rotation_v2,20000.0,588000,科创50ETF,宽基,broad_index,3800,1.028,1.018,3868.4,11
2025-06-18,relative_strength_rotation_v2,20000.0,512200,房地产ETF,金融地产,sector,2900,1.336,1.337,3877.3,11
2025-06-19,relative_strength_rotation_v2,20000.0,512690,酒ETF,消费医药,sector,6900,0.577,0.546,3767.4,12
2025-06-19,relative_strength_rotation_v2,20000.0,588000,科创50ETF,宽基,broad_index,3800,1.028,1.012,3845.6,12
2025-06-19,relative_strength_rotation_v2,20000.0,512200,房地产ETF,金融地产,sector,2900,1.336,1.31,3799.0,12
2025-06-20,relative_strength_rotation_v2,20000.0,512690,酒ETF,消费医药,sector,6900,0.577,0.558,3850.2,13
2025-06-20,relative_strength_rotation_v2,20000.0,588000,科创50ETF,宽基,broad_index,3800,1.028,1.006,3822.8,13
2025-06-20,relative_strength_rotation_v2,20000.0,512200,房地产ETF,金融地产,sector,2900,1.336,1.31,3799.0,13
2025-06-23,relative_strength_rotation_v2,20000.0,512690,酒ETF,消费医药,sector,6900,0.577,0.551,3801.9,14
2025-06-23,relative_strength_rotation_v2,20000.0,588000,科创50ETF,宽基,broad_index,3800,1.028,1.012,3845.6,14
2025-06-23,relative_strength_rotation_v2,20000.0,512200,房地产ETF,金融地产,sector,2900,1.336,1.316,3816.4,14
2025-06-24,relative_strength_rotation_v2,20000.0,512690,酒ETF,消费医药,sector,6900,0.577,0.555,3829.5,15
2025-06-24,relative_strength_rotation_v2,20000.0,588000,科创50ETF,宽基,broad_index,3800,1.028,1.029,3910.2,15
2025-06-24,relative_strength_rotation_v2,20000.0,512200,房地产ETF,金融地产,sector,2900,1.336,1.332,3862.8,15
2025-06-25,relative_strength_rotation_v2,20000.0,512690,酒ETF,消费医药,sector,6900,0.577,0.556,3836.4,16
2025-06-25,relative_strength_rotation_v2,20000.0,588000,科创50ETF,宽基,broad_index,3800,1.028,1.048,3982.4,16
2025-06-25,relative_strength_rotation_v2,20000.0,512200,房地产ETF,金融地产,sector,2900,1.336,1.354,3926.6,16
2025-06-26,relative_strength_rotation_v2,20000.0,512690,酒ETF,消费医药,sector,6900,0.577,0.556,3836.4,17
2025-06-26,relative_strength_rotation_v2,20000.0,588000,科创50ETF,宽基,broad_index,3800,1.028,1.041,3955.8,17
2025-06-26,relative_strength_rotation_v2,20000.0,512200,房地产ETF,金融地产,sector,2900,1.336,1.349,3912.1,17
2025-06-27,relative_strength_rotation_v2,20000.0,512690,酒ETF,消费医药,sector,6900,0.577,0.552,3808.8,18
2025-06-27,relative_strength_rotation_v2,20000.0,588000,科创50ETF,宽基,broad_index,3800,1.028,1.041,3955.8,18
2025-06-27,relative_strength_rotation_v2,20000.0,512200,房地产ETF,金融地产,sector,2900,1.336,1.351,3917.9,18
2025-06-30,relative_strength_rotation_v2,20000.0,512690,酒ETF,消费医药,sector,6900,0.577,0.555,3829.5,19
2025-06-30,relative_strength_rotation_v2,20000.0,588000,科创50ETF,宽基,broad_index,3800,1.028,1.056,4012.8,19
2025-06-30,relative_strength_rotation_v2,20000.0,512200,房地产ETF,金融地产,sector,2900,1.336,1.359,3941.1,19
2025-07-01,relative_strength_rotation_v2,20000.0,515220,煤炭ETF,周期资源,commodity_resource,4200,0.952,0.954,4006.8,0
2025-07-02,relative_strength_rotation_v2,20000.0,515220,煤炭ETF,周期资源,commodity_resource,4200,0.952,0.972,4082.4,0
2025-07-02,relative_strength_rotation_v2,20000.0,512010,医药ETF,消费医药,sector,10800,0.369,0.368,3974.4,0
2025-07-03,relative_strength_rotation_v2,20000.0,515220,煤炭ETF,周期资源,commodity_resource,4200,0.952,0.966,4057.2,1
2025-07-03,relative_strength_rotation_v2,20000.0,512010,医药ETF,消费医药,sector,10800,0.369,0.37,3996.0,0
2025-07-03,relative_strength_rotation_v2,20000.0,562500,机器人ETF华夏,科技与新质生产力,theme,4700,0.839,0.84,3948.0,0
2025-07-04,relative_strength_rotation_v2,20000.0,515220,煤炭ETF,周期资源,commodity_resource,4200,0.952,0.966,4057.2,2
2025-07-04,relative_strength_rotation_v2,20000.0,512010,医药ETF,消费医药,sector,10800,0.369,0.371,4006.8,1
2025-07-04,relative_strength_rotation_v2,20000.0,562500,机器人ETF华夏,科技与新质生产力,theme,4700,0.839,0.831,3905.7,0
2025-07-07,relative_strength_rotation_v2,20000.0,515220,煤炭ETF,周期资源,commodity_resource,4200,0.952,0.966,4057.2,3
2025-07-07,relative_strength_rotation_v2,20000.0,512010,医药ETF,消费医药,sector,10800,0.369,0.367,3963.6,2
2025-07-07,relative_strength_rotation_v2,20000.0,562500,机器人ETF华夏,科技与新质生产力,theme,4700,0.839,0.822,3863.4,1
2025-07-08,relative_strength_rotation_v2,20000.0,515220,煤炭ETF,周期资源,commodity_resource,4200,0.952,0.97,4074.0,4
2025-07-08,relative_strength_rotation_v2,20000.0,512010,医药ETF,消费医药,sector,10800,0.369,0.369,3985.2,3
2025-07-08,relative_strength_rotation_v2,20000.0,562500,机器人ETF华夏,科技与新质生产力,theme,4700,0.839,0.835,3924.5,2
2025-07-09,relative_strength_rotation_v2,20000.0,515220,煤炭ETF,周期资源,commodity_resource,4200,0.952,0.978,4107.6,5
2025-07-09,relative_strength_rotation_v2,20000.0,512010,医药ETF,消费医药,sector,10800,0.369,0.374,4039.2,4
2025-07-09,relative_strength_rotation_v2,20000.0,562500,机器人ETF华夏,科技与新质生产力,theme,4700,0.839,0.832,3910.4,3
2025-07-10,relative_strength_rotation_v2,20000.0,515220,煤炭ETF,周期资源,commodity_resource,4200,0.952,0.995,4179.0,6
2025-07-10,relative_strength_rotation_v2,20000.0,512010,医药ETF,消费医药,sector,10800,0.369,0.375,4050.0,5
2025-07-10,relative_strength_rotation_v2,20000.0,562500,机器人ETF华夏,科技与新质生产力,theme,4700,0.839,0.829,3896.3,4
2025-07-11,relative_strength_rotation_v2,20000.0,515220,煤炭ETF,周期资源,commodity_resource,4200,0.952,0.991,4162.2,7
2025-07-11,relative_strength_rotation_v2,20000.0,512010,医药ETF,消费医药,sector,10800,0.369,0.381,4114.8,6
2025-07-11,relative_strength_rotation_v2,20000.0,562500,机器人ETF华夏,科技与新质生产力,theme,4700,0.839,0.842,3957.4,5
2025-07-14,relative_strength_rotation_v2,20000.0,515220,煤炭ETF,周期资源,commodity_resource,4200,0.952,0.993,4170.6,8
2025-07-14,relative_strength_rotation_v2,20000.0,512010,医药ETF,消费医药,sector,10800,0.369,0.38,4104.0,7
2025-07-14,relative_strength_rotation_v2,20000.0,562500,机器人ETF华夏,科技与新质生产力,theme,4700,0.839,0.857,4027.9,6
2025-07-15,relative_strength_rotation_v2,20000.0,515220,煤炭ETF,周期资源,commodity_resource,4200,0.952,0.97,4074.0,9
2025-07-15,relative_strength_rotation_v2,20000.0,512010,医药ETF,消费医药,sector,10800,0.369,0.381,4114.8,8
2025-07-15,relative_strength_rotation_v2,20000.0,562500,机器人ETF华夏,科技与新质生产力,theme,4700,0.839,0.86,4042.0,7
2025-07-16,relative_strength_rotation_v2,20000.0,515220,煤炭ETF,周期资源,commodity_resource,4200,0.952,0.966,4057.2,10
2025-07-16,relative_strength_rotation_v2,20000.0,512010,医药ETF,消费医药,sector,10800,0.369,0.381,4114.8,9
2025-07-16,relative_strength_rotation_v2,20000.0,562500,机器人ETF华夏,科技与新质生产力,theme,4700,0.839,0.865,4065.5,8
2025-07-17,relative_strength_rotation_v2,20000.0,515220,煤炭ETF,周期资源,commodity_resource,4200,0.952,0.968,4065.6,11
2025-07-17,relative_strength_rotation_v2,20000.0,512010,医药ETF,消费医药,sector,10800,0.369,0.387,4179.6,10
2025-07-17,relative_strength_rotation_v2,20000.0,562500,机器人ETF华夏,科技与新质生产力,theme,4700,0.839,0.877,4121.9,9
2025-07-18,relative_strength_rotation_v2,20000.0,515220,煤炭ETF,周期资源,commodity_resource,4200,0.952,0.978,4107.6,12
2025-07-18,relative_strength_rotation_v2,20000.0,512010,医药ETF,消费医药,sector,10800,0.369,0.391,4222.8,11
2025-07-18,relative_strength_rotation_v2,20000.0,562500,机器人ETF华夏,科技与新质生产力,theme,4700,0.839,0.877,4121.9,10
2025-07-21,relative_strength_rotation_v2,20000.0,515220,煤炭ETF,周期资源,commodity_resource,4200,0.952,1.004,4216.8,13
2025-07-21,relative_strength_rotation_v2,20000.0,512010,医药ETF,消费医药,sector,10800,0.369,0.39,4212.0,12
2025-07-21,relative_strength_rotation_v2,20000.0,562500,机器人ETF华夏,科技与新质生产力,theme,4700,0.839,0.888,4173.6,11
2025-07-22,relative_strength_rotation_v2,20000.0,515220,煤炭ETF,周期资源,commodity_resource,4200,0.952,1.087,4565.4,14
2025-07-22,relative_strength_rotation_v2,20000.0,512010,医药ETF,消费医药,sector,10800,0.369,0.392,4233.6,13
2025-07-22,relative_strength_rotation_v2,20000.0,562500,机器人ETF华夏,科技与新质生产力,theme,4700,0.839,0.883,4150.1,12
2025-07-23,relative_strength_rotation_v2,20000.0,512010,医药ETF,消费医药,sector,10800,0.369,0.393,4244.4,14
2025-07-23,relative_strength_rotation_v2,20000.0,562500,机器人ETF华夏,科技与新质生产力,theme,4700,0.839,0.877,4121.9,13
2025-07-23,relative_strength_rotation_v2,20000.0,512890,红利低波ETF,防御风格,sector,3200,1.215,1.217,3894.4,0
2025-07-24,relative_strength_rotation_v2,20000.0,512010,医药ETF,消费医药,sector,10800,0.369,0.401,4330.8,15
2025-07-24,relative_strength_rotation_v2,20000.0,562500,机器人ETF华夏,科技与新质生产力,theme,4700,0.839,0.89,4183.0,14
2025-07-24,relative_strength_rotation_v2,20000.0,512890,红利低波ETF,防御风格,sector,3200,1.215,1.208,3865.6,0
2025-07-25,relative_strength_rotation_v2,20000.0,512010,医药ETF,消费医药,sector,10800,0.369,0.401,4330.8,16
2025-07-25,relative_strength_rotation_v2,20000.0,562500,机器人ETF华夏,科技与新质生产力,theme,4700,0.839,0.899,4225.3,15
2025-07-25,relative_strength_rotation_v2,20000.0,512890,红利低波ETF,防御风格,sector,3200,1.215,1.199,3836.8,1
2025-07-28,relative_strength_rotation_v2,20000.0,562500,机器人ETF华夏,科技与新质生产力,theme,4700,0.839,0.9,4230.0,16
2025-07-28,relative_strength_rotation_v2,20000.0,512890,红利低波ETF,防御风格,sector,3200,1.215,1.197,3830.4,2
2025-07-28,relative_strength_rotation_v2,20000.0,512690,酒ETF,消费医药,sector,6900,0.577,0.578,3988.2,0
2025-07-29,relative_strength_rotation_v2,20000.0,562500,机器人ETF华夏,科技与新质生产力,theme,4700,0.839,0.901,4234.7,17
2025-07-29,relative_strength_rotation_v2,20000.0,512890,红利低波ETF,防御风格,sector,3200,1.215,1.189,3804.8,3
2025-07-29,relative_strength_rotation_v2,20000.0,512690,酒ETF,消费医药,sector,6900,0.577,0.577,3981.3,0
2025-07-30,relative_strength_rotation_v2,20000.0,562500,机器人ETF华夏,科技与新质生产力,theme,4700,0.839,0.888,4173.6,18
2025-07-30,relative_strength_rotation_v2,20000.0,512890,红利低波ETF,防御风格,sector,3200,1.215,1.194,3820.8,4
2025-07-30,relative_strength_rotation_v2,20000.0,512690,酒ETF,消费医药,sector,6900,0.577,0.581,4008.9,1
2025-07-31,relative_strength_rotation_v2,20000.0,562500,机器人ETF华夏,科技与新质生产力,theme,4700,0.839,0.887,4168.9,19
2025-07-31,relative_strength_rotation_v2,20000.0,512890,红利低波ETF,防御风格,sector,3200,1.215,1.18,3776.0,5
2025-07-31,relative_strength_rotation_v2,20000.0,512690,酒ETF,消费医药,sector,6900,0.577,0.568,3919.2,2
2025-08-01,relative_strength_rotation_v2,20000.0,512890,红利低波ETF,防御风格,sector,3200,1.215,1.181,3779.2,6
2025-08-01,relative_strength_rotation_v2,20000.0,512690,酒ETF,消费医药,sector,6900,0.577,0.567,3912.3,3
2025-08-01,relative_strength_rotation_v2,20000.0,512800,银行ETF,金融地产,sector,4700,0.851,0.853,4009.1,0
2025-08-04,relative_strength_rotation_v2,20000.0,512890,红利低波ETF,防御风格,sector,3200,1.215,1.187,3798.4,7
2025-08-04,relative_strength_rotation_v2,20000.0,512690,酒ETF,消费医药,sector,6900,0.577,0.567,3912.3,4
2025-08-04,relative_strength_rotation_v2,20000.0,512800,银行ETF,金融地产,sector,4700,0.851,0.858,4032.6,0
2025-08-05,relative_strength_rotation_v2,20000.0,512890,红利低波ETF,防御风格,sector,3200,1.215,1.2,3840.0,8
2025-08-05,relative_strength_rotation_v2,20000.0,512690,酒ETF,消费医药,sector,6900,0.577,0.574,3960.6,5
2025-08-05,relative_strength_rotation_v2,20000.0,512800,银行ETF,金融地产,sector,4700,0.851,0.871,4093.7,1
2025-08-06,relative_strength_rotation_v2,20000.0,512890,红利低波ETF,防御风格,sector,3200,1.215,1.201,3843.2,9
2025-08-06,relative_strength_rotation_v2,20000.0,512690,酒ETF,消费医药,sector,6900,0.577,0.575,3967.5,6
2025-08-06,relative_strength_rotation_v2,20000.0,512800,银行ETF,金融地产,sector,4700,0.851,0.87,4089.0,2
2025-08-07,relative_strength_rotation_v2,20000.0,512890,红利低波ETF,防御风格,sector,3200,1.215,1.206,3859.2,10
2025-08-07,relative_strength_rotation_v2,20000.0,512690,酒ETF,消费医药,sector,6900,0.577,0.576,3974.4,7
2025-08-07,relative_strength_rotation_v2,20000.0,512800,银行ETF,金融地产,sector,4700,0.851,0.874,4107.8,3
2025-08-08,relative_strength_rotation_v2,20000.0,512890,红利低波ETF,防御风格,sector,3200,1.215,1.207,3862.4,11
2025-08-08,relative_strength_rotation_v2,20000.0,512690,酒ETF,消费医药,sector,6900,0.577,0.573,3953.7,8
2025-08-08,relative_strength_rotation_v2,20000.0,512800,银行ETF,金融地产,sector,4700,0.851,0.87,4089.0,4
2025-08-11,relative_strength_rotation_v2,20000.0,512890,红利低波ETF,防御风格,sector,3200,1.215,1.2,3840.0,12
2025-08-11,relative_strength_rotation_v2,20000.0,512690,酒ETF,消费医药,sector,6900,0.577,0.584,4029.6,9
2025-08-11,relative_strength_rotation_v2,20000.0,512800,银行ETF,金融地产,sector,4700,0.851,0.863,4056.1,5
2025-08-12,relative_strength_rotation_v2,20000.0,512890,红利低波ETF,防御风格,sector,3200,1.215,1.202,3846.4,13
2025-08-12,relative_strength_rotation_v2,20000.0,512690,酒ETF,消费医药,sector,6900,0.577,0.582,4015.8,10
2025-08-12,relative_strength_rotation_v2,20000.0,512800,银行ETF,金融地产,sector,4700,0.851,0.865,4065.5,6
2025-08-13,relative_strength_rotation_v2,20000.0,512890,红利低波ETF,防御风格,sector,3200,1.215,1.198,3833.6,14
2025-08-13,relative_strength_rotation_v2,20000.0,512690,酒ETF,消费医药,sector,6900,0.577,0.582,4015.8,11
2025-08-13,relative_strength_rotation_v2,20000.0,512800,银行ETF,金融地产,sector,4700,0.851,0.857,4027.9,7
2025-08-14,relative_strength_rotation_v2,20000.0,512890,红利低波ETF,防御风格,sector,3200,1.215,1.199,3836.8,15
2025-08-14,relative_strength_rotation_v2,20000.0,512690,酒ETF,消费医药,sector,6900,0.577,0.58,4002.0,12
2025-08-14,relative_strength_rotation_v2,20000.0,512800,银行ETF,金融地产,sector,4700,0.851,0.856,4023.2,8
2025-08-15,relative_strength_rotation_v2,20000.0,512890,红利低波ETF,防御风格,sector,3200,1.215,1.195,3824.0,16
2025-08-15,relative_strength_rotation_v2,20000.0,512690,酒ETF,消费医药,sector,6900,0.577,0.581,4008.9,13
2025-08-15,relative_strength_rotation_v2,20000.0,512800,银行ETF,金融地产,sector,4700,0.851,0.844,3966.8,9
2025-08-18,relative_strength_rotation_v2,20000.0,512890,红利低波ETF,防御风格,sector,3200,1.215,1.197,3830.4,17
2025-08-18,relative_strength_rotation_v2,20000.0,512690,酒ETF,消费医药,sector,6900,0.577,0.585,4036.5,14
2025-08-18,relative_strength_rotation_v2,20000.0,512800,银行ETF,金融地产,sector,4700,0.851,0.846,3976.2,10
2025-08-19,relative_strength_rotation_v2,20000.0,512890,红利低波ETF,防御风格,sector,3200,1.215,1.196,3827.2,18
2025-08-19,relative_strength_rotation_v2,20000.0,512690,酒ETF,消费医药,sector,6900,0.577,0.594,4098.6,15
2025-08-19,relative_strength_rotation_v2,20000.0,512800,银行ETF,金融地产,sector,4700,0.851,0.847,3980.9,11
2025-08-20,relative_strength_rotation_v2,20000.0,512890,红利低波ETF,防御风格,sector,3200,1.215,1.207,3862.4,19
2025-08-20,relative_strength_rotation_v2,20000.0,512690,酒ETF,消费医药,sector,6900,0.577,0.609,4202.1,16
2025-08-20,relative_strength_rotation_v2,20000.0,512800,银行ETF,金融地产,sector,4700,0.851,0.851,3999.7,12
2025-08-21,relative_strength_rotation_v2,20000.0,512690,酒ETF,消费医药,sector,6900,0.577,0.603,4160.7,17
2025-08-21,relative_strength_rotation_v2,20000.0,512800,银行ETF,金融地产,sector,4700,0.851,0.855,4018.5,13
2025-08-21,relative_strength_rotation_v2,20000.0,515220,煤炭ETF,周期资源,commodity_resource,3700,1.054,1.055,3903.5,0
2025-08-22,relative_strength_rotation_v2,20000.0,512690,酒ETF,消费医药,sector,6900,0.577,0.609,4202.1,18
2025-08-22,relative_strength_rotation_v2,20000.0,512800,银行ETF,金融地产,sector,4700,0.851,0.852,4004.4,14
2025-08-22,relative_strength_rotation_v2,20000.0,515220,煤炭ETF,周期资源,commodity_resource,3700,1.054,1.054,3899.8,0
2025-08-25,relative_strength_rotation_v2,20000.0,512690,酒ETF,消费医药,sector,6900,0.577,0.632,4360.8,19
2025-08-25,relative_strength_rotation_v2,20000.0,512800,银行ETF,金融地产,sector,4700,0.851,0.858,4032.6,15
2025-08-25,relative_strength_rotation_v2,20000.0,515220,煤炭ETF,周期资源,commodity_resource,3700,1.054,1.068,3951.6,1
2025-08-26,relative_strength_rotation_v2,20000.0,512800,银行ETF,金融地产,sector,4700,0.851,0.853,4009.1,16
2025-08-26,relative_strength_rotation_v2,20000.0,515220,煤炭ETF,周期资源,commodity_resource,3700,1.054,1.059,3918.3,2
2025-08-27,relative_strength_rotation_v2,20000.0,512800,银行ETF,金融地产,sector,4700,0.851,0.838,3938.6,17
2025-08-27,relative_strength_rotation_v2,20000.0,515220,煤炭ETF,周期资源,commodity_resource,3700,1.054,1.03,3811.0,3
2025-08-27,relative_strength_rotation_v2,20000.0,512010,医药ETF,消费医药,sector,9500,0.419,0.42,3990.0,0
2025-08-28,relative_strength_rotation_v2,20000.0,512800,银行ETF,金融地产,sector,4700,0.851,0.842,3957.4,18
2025-08-28,relative_strength_rotation_v2,20000.0,515220,煤炭ETF,周期资源,commodity_resource,3700,1.054,1.023,3785.1,4
2025-08-28,relative_strength_rotation_v2,20000.0,512010,医药ETF,消费医药,sector,9500,0.419,0.419,3980.5,0
2025-08-29,relative_strength_rotation_v2,20000.0,512800,银行ETF,金融地产,sector,4700,0.851,0.836,3929.2,19
2025-08-29,relative_strength_rotation_v2,20000.0,515220,煤炭ETF,周期资源,commodity_resource,3700,1.054,1.022,3781.4,5
2025-08-29,relative_strength_rotation_v2,20000.0,512010,医药ETF,消费医药,sector,9500,0.419,0.431,4094.5,1
2025-09-01,relative_strength_rotation_v2,20000.0,515220,煤炭ETF,周期资源,commodity_resource,3700,1.054,1.024,3788.8,6
2025-09-01,relative_strength_rotation_v2,20000.0,512010,医药ETF,消费医药,sector,9500,0.419,0.446,4237.0,2
2025-09-02,relative_strength_rotation_v2,20000.0,515220,煤炭ETF,周期资源,commodity_resource,3700,1.054,1.017,3762.9,7
2025-09-02,relative_strength_rotation_v2,20000.0,512010,医药ETF,消费医药,sector,9500,0.419,0.448,4256.0,3
2025-09-03,relative_strength_rotation_v2,20000.0,515220,煤炭ETF,周期资源,commodity_resource,3700,1.054,1.0,3700.0,8
2025-09-03,relative_strength_rotation_v2,20000.0,512010,医药ETF,消费医药,sector,9500,0.419,0.447,4246.5,4
2025-09-03,relative_strength_rotation_v2,20000.0,512660,军工ETF,新能源制造,commodity_resource,3300,1.197,1.202,3966.6,0
2025-09-04,relative_strength_rotation_v2,20000.0,515220,煤炭ETF,周期资源,commodity_resource,3700,1.054,1.004,3714.8,9
2025-09-04,relative_strength_rotation_v2,20000.0,512010,医药ETF,消费医药,sector,9500,0.419,0.431,4094.5,5
2025-09-04,relative_strength_rotation_v2,20000.0,512660,军工ETF,新能源制造,commodity_resource,3300,1.197,1.166,3847.8,0
2025-09-05,relative_strength_rotation_v2,20000.0,515220,煤炭ETF,周期资源,commodity_resource,3700,1.054,1.017,3762.9,10
2025-09-05,relative_strength_rotation_v2,20000.0,512010,医药ETF,消费医药,sector,9500,0.419,0.446,4237.0,6
2025-09-05,relative_strength_rotation_v2,20000.0,512660,军工ETF,新能源制造,commodity_resource,3300,1.197,1.184,3907.2,1
2025-09-08,relative_strength_rotation_v2,20000.0,515220,煤炭ETF,周期资源,commodity_resource,3700,1.054,1.024,3788.8,11
2025-09-08,relative_strength_rotation_v2,20000.0,512010,医药ETF,消费医药,sector,9500,0.419,0.456,4332.0,7
2025-09-08,relative_strength_rotation_v2,20000.0,512660,军工ETF,新能源制造,commodity_resource,3300,1.197,1.193,3936.9,2
2025-09-09,relative_strength_rotation_v2,20000.0,515220,煤炭ETF,周期资源,commodity_resource,3700,1.054,1.022,3781.4,12
2025-09-09,relative_strength_rotation_v2,20000.0,512660,军工ETF,新能源制造,commodity_resource,3300,1.197,1.168,3854.4,3
2025-09-09,relative_strength_rotation_v2,20000.0,512800,银行ETF,金融地产,sector,4800,0.83,0.832,3993.6,0
2025-09-10,relative_strength_rotation_v2,20000.0,515220,煤炭ETF,周期资源,commodity_resource,3700,1.054,1.013,3748.1,13
2025-09-10,relative_strength_rotation_v2,20000.0,512660,军工ETF,新能源制造,commodity_resource,3300,1.197,1.178,3887.4,4
2025-09-10,relative_strength_rotation_v2,20000.0,512800,银行ETF,金融地产,sector,4800,0.83,0.833,3998.4,0
2025-09-11,relative_strength_rotation_v2,20000.0,515220,煤炭ETF,周期资源,commodity_resource,3700,1.054,1.017,3762.9,14
2025-09-11,relative_strength_rotation_v2,20000.0,512660,军工ETF,新能源制造,commodity_resource,3300,1.197,1.203,3969.9,5
2025-09-11,relative_strength_rotation_v2,20000.0,512800,银行ETF,金融地产,sector,4800,0.83,0.837,4017.6,1
2025-09-12,relative_strength_rotation_v2,20000.0,515220,煤炭ETF,周期资源,commodity_resource,3700,1.054,1.021,3777.7,15
2025-09-12,relative_strength_rotation_v2,20000.0,512660,军工ETF,新能源制造,commodity_resource,3300,1.197,1.2,3960.0,6
2025-09-12,relative_strength_rotation_v2,20000.0,512800,银行ETF,金融地产,sector,4800,0.83,0.824,3955.2,2
2025-09-15,relative_strength_rotation_v2,20000.0,515220,煤炭ETF,周期资源,commodity_resource,3700,1.054,1.033,3822.1,16
2025-09-15,relative_strength_rotation_v2,20000.0,512660,军工ETF,新能源制造,commodity_resource,3300,1.197,1.191,3930.3,7
2025-09-15,relative_strength_rotation_v2,20000.0,512800,银行ETF,金融地产,sector,4800,0.83,0.816,3916.8,3
2025-09-16,relative_strength_rotation_v2,20000.0,515220,煤炭ETF,周期资源,commodity_resource,3700,1.054,1.037,3836.9,17
2025-09-16,relative_strength_rotation_v2,20000.0,512660,军工ETF,新能源制造,commodity_resource,3300,1.197,1.185,3910.5,8
2025-09-16,relative_strength_rotation_v2,20000.0,512800,银行ETF,金融地产,sector,4800,0.83,0.808,3878.4,4
2025-09-17,relative_strength_rotation_v2,20000.0,515220,煤炭ETF,周期资源,commodity_resource,3700,1.054,1.059,3918.3,18
2025-09-17,relative_strength_rotation_v2,20000.0,512660,军工ETF,新能源制造,commodity_resource,3300,1.197,1.19,3927.0,9
2025-09-17,relative_strength_rotation_v2,20000.0,512800,银行ETF,金融地产,sector,4800,0.83,0.805,3864.0,5
2025-09-18,relative_strength_rotation_v2,20000.0,515220,煤炭ETF,周期资源,commodity_resource,3700,1.054,1.033,3822.1,19
2025-09-18,relative_strength_rotation_v2,20000.0,512660,军工ETF,新能源制造,commodity_resource,3300,1.197,1.184,3907.2,10
2025-09-18,relative_strength_rotation_v2,20000.0,512800,银行ETF,金融地产,sector,4800,0.83,0.79,3792.0,6
2025-09-19,relative_strength_rotation_v2,20000.0,512660,军工ETF,新能源制造,commodity_resource,3300,1.197,1.195,3943.5,11
2025-09-19,relative_strength_rotation_v2,20000.0,512800,银行ETF,金融地产,sector,4800,0.83,0.792,3801.6,7
2025-09-19,relative_strength_rotation_v2,20000.0,512070,非银ETF,金融地产,high_beta,4700,0.85,0.849,3990.3,0
2025-09-22,relative_strength_rotation_v2,20000.0,512660,军工ETF,新能源制造,commodity_resource,3300,1.197,1.201,3963.3,12
2025-09-22,relative_strength_rotation_v2,20000.0,512800,银行ETF,金融地产,sector,4800,0.83,0.784,3763.2,8
2025-09-22,relative_strength_rotation_v2,20000.0,512070,非银ETF,金融地产,high_beta,4700,0.85,0.855,4018.5,0
2025-09-23,relative_strength_rotation_v2,20000.0,512660,军工ETF,新能源制造,commodity_resource,3300,1.197,1.192,3933.6,13
2025-09-23,relative_strength_rotation_v2,20000.0,512800,银行ETF,金融地产,sector,4800,0.83,0.794,3811.2,9
2025-09-23,relative_strength_rotation_v2,20000.0,512070,非银ETF,金融地产,high_beta,4700,0.85,0.846,3976.2,1
2025-09-24,relative_strength_rotation_v2,20000.0,512660,军工ETF,新能源制造,commodity_resource,3300,1.197,1.203,3969.9,14
2025-09-24,relative_strength_rotation_v2,20000.0,512800,银行ETF,金融地产,sector,4800,0.83,0.792,3801.6,10
2025-09-24,relative_strength_rotation_v2,20000.0,512070,非银ETF,金融地产,high_beta,4700,0.85,0.853,4009.1,2
2025-09-25,relative_strength_rotation_v2,20000.0,512660,军工ETF,新能源制造,commodity_resource,3300,1.197,1.2,3960.0,15
2025-09-25,relative_strength_rotation_v2,20000.0,512800,银行ETF,金融地产,sector,4800,0.83,0.788,3782.4,11
2025-09-25,relative_strength_rotation_v2,20000.0,512070,非银ETF,金融地产,high_beta,4700,0.85,0.852,4004.4,3
2025-09-26,relative_strength_rotation_v2,20000.0,512660,军工ETF,新能源制造,commodity_resource,3300,1.197,1.196,3946.8,16
2025-09-26,relative_strength_rotation_v2,20000.0,512800,银行ETF,金融地产,sector,4800,0.83,0.789,3787.2,12
2025-09-26,relative_strength_rotation_v2,20000.0,512070,非银ETF,金融地产,high_beta,4700,0.85,0.851,3999.7,4
2025-09-29,relative_strength_rotation_v2,20000.0,512660,军工ETF,新能源制造,commodity_resource,3300,1.197,1.2,3960.0,17
2025-09-29,relative_strength_rotation_v2,20000.0,512800,银行ETF,金融地产,sector,4800,0.83,0.786,3772.8,13
2025-09-29,relative_strength_rotation_v2,20000.0,512070,非银ETF,金融地产,high_beta,4700,0.85,0.883,4150.1,5
2025-09-30,relative_strength_rotation_v2,20000.0,512660,军工ETF,新能源制造,commodity_resource,3300,1.197,1.234,4072.2,18
2025-09-30,relative_strength_rotation_v2,20000.0,512800,银行ETF,金融地产,sector,4800,0.83,0.778,3734.4,14
2025-09-30,relative_strength_rotation_v2,20000.0,512070,非银ETF,金融地产,high_beta,4700,0.85,0.871,4093.7,6
2025-10-09,relative_strength_rotation_v2,20000.0,512660,军工ETF,新能源制造,commodity_resource,3300,1.197,1.248,4118.4,19
2025-10-09,relative_strength_rotation_v2,20000.0,512800,银行ETF,金融地产,sector,4800,0.83,0.777,3729.6,15
2025-10-09,relative_strength_rotation_v2,20000.0,512070,非银ETF,金融地产,high_beta,4700,0.85,0.871,4093.7,7
2025-10-10,relative_strength_rotation_v2,20000.0,512800,银行ETF,金融地产,sector,4800,0.83,0.78,3744.0,16
2025-10-10,relative_strength_rotation_v2,20000.0,512070,非银ETF,金融地产,high_beta,4700,0.85,0.877,4121.9,8
2025-10-10,relative_strength_rotation_v2,20000.0,510230,金融ETF,金融地产,sector,3000,1.31,1.317,3951.0,0
2025-10-13,relative_strength_rotation_v2,20000.0,512800,银行ETF,金融地产,sector,4800,0.83,0.787,3777.6,17
2025-10-13,relative_strength_rotation_v2,20000.0,512070,非银ETF,金融地产,high_beta,4700,0.85,0.867,4074.9,9
2025-10-13,relative_strength_rotation_v2,20000.0,510230,金融ETF,金融地产,sector,3000,1.31,1.32,3960.0,0
2025-10-14,relative_strength_rotation_v2,20000.0,512800,银行ETF,金融地产,sector,4800,0.83,0.806,3868.8,18
2025-10-14,relative_strength_rotation_v2,20000.0,512070,非银ETF,金融地产,high_beta,4700,0.85,0.875,4112.5,10
2025-10-14,relative_strength_rotation_v2,20000.0,510230,金融ETF,金融地产,sector,3000,1.31,1.346,4038.0,1
2025-10-15,relative_strength_rotation_v2,20000.0,512800,银行ETF,金融地产,sector,4800,0.83,0.81,3888.0,19
2025-10-15,relative_strength_rotation_v2,20000.0,512070,非银ETF,金融地产,high_beta,4700,0.85,0.889,4178.3,11
2025-10-15,relative_strength_rotation_v2,20000.0,510230,金融ETF,金融地产,sector,3000,1.31,1.359,4077.0,2
2025-10-16,relative_strength_rotation_v2,20000.0,512070,非银ETF,金融地产,high_beta,4700,0.85,0.892,4192.4,12
2025-10-16,relative_strength_rotation_v2,20000.0,510230,金融ETF,金融地产,sector,3000,1.31,1.375,4125.0,3
2025-10-16,relative_strength_rotation_v2,20000.0,515120,广发创新药ETF,医药与消费升级,theme,5800,0.689,0.689,3996.2,0
2025-10-17,relative_strength_rotation_v2,20000.0,512070,非银ETF,金融地产,high_beta,4700,0.85,0.872,4098.4,13
2025-10-17,relative_strength_rotation_v2,20000.0,510230,金融ETF,金融地产,sector,3000,1.31,1.364,4092.0,4
2025-10-17,relative_strength_rotation_v2,20000.0,515120,广发创新药ETF,医药与消费升级,theme,5800,0.689,0.678,3932.4,0
2025-10-20,relative_strength_rotation_v2,20000.0,512070,非银ETF,金融地产,high_beta,4700,0.85,0.877,4121.9,14
2025-10-20,relative_strength_rotation_v2,20000.0,510230,金融ETF,金融地产,sector,3000,1.31,1.364,4092.0,5
2025-10-20,relative_strength_rotation_v2,20000.0,515120,广发创新药ETF,医药与消费升级,theme,5800,0.689,0.68,3944.0,1
2025-10-21,relative_strength_rotation_v2,20000.0,512070,非银ETF,金融地产,high_beta,4700,0.85,0.884,4154.8,15
2025-10-21,relative_strength_rotation_v2,20000.0,510230,金融ETF,金融地产,sector,3000,1.31,1.367,4101.0,6
2025-10-21,relative_strength_rotation_v2,20000.0,515120,广发创新药ETF,医药与消费升级,theme,5800,0.689,0.687,3984.6,2
2025-10-22,relative_strength_rotation_v2,20000.0,512070,非银ETF,金融地产,high_beta,4700,0.85,0.878,4126.6,16
2025-10-22,relative_strength_rotation_v2,20000.0,510230,金融ETF,金融地产,sector,3000,1.31,1.374,4122.0,7
2025-10-22,relative_strength_rotation_v2,20000.0,515120,广发创新药ETF,医药与消费升级,theme,5800,0.689,0.682,3955.6,3
2025-10-23,relative_strength_rotation_v2,20000.0,512070,非银ETF,金融地产,high_beta,4700,0.85,0.885,4159.5,17
2025-10-23,relative_strength_rotation_v2,20000.0,510230,金融ETF,金融地产,sector,3000,1.31,1.383,4149.0,8
2025-10-23,relative_strength_rotation_v2,20000.0,515120,广发创新药ETF,医药与消费升级,theme,5800,0.689,0.677,3926.6,4
2025-10-24,relative_strength_rotation_v2,20000.0,510230,金融ETF,金融地产,sector,3000,1.31,1.382,4146.0,9
2025-10-24,relative_strength_rotation_v2,20000.0,515120,广发创新药ETF,医药与消费升级,theme,5800,0.689,0.68,3944.0,5
2025-10-27,relative_strength_rotation_v2,20000.0,515120,广发创新药ETF,医药与消费升级,theme,5800,0.689,0.689,3996.2,6
2025-10-28,relative_strength_rotation_v2,20000.0,515120,广发创新药ETF,医药与消费升级,theme,5800,0.689,0.681,3949.8,7
2025-10-28,relative_strength_rotation_v2,20000.0,512010,医药ETF,消费医药,sector,9600,0.415,0.416,3993.6,0
2025-10-29,relative_strength_rotation_v2,20000.0,515120,广发创新药ETF,医药与消费升级,theme,5800,0.689,0.688,3990.4,8
2025-10-29,relative_strength_rotation_v2,20000.0,512010,医药ETF,消费医药,sector,9600,0.415,0.42,4032.0,0
2025-10-29,relative_strength_rotation_v2,20000.0,512800,银行ETF,金融地产,sector,4900,0.811,0.813,3983.7,0
2025-10-30,relative_strength_rotation_v2,20000.0,515120,广发创新药ETF,医药与消费升级,theme,5800,0.689,0.67,3886.0,9
2025-10-30,relative_strength_rotation_v2,20000.0,512010,医药ETF,消费医药,sector,9600,0.415,0.409,3926.4,1
2025-10-30,relative_strength_rotation_v2,20000.0,512800,银行ETF,金融地产,sector,4900,0.811,0.812,3978.8,0
2025-10-31,relative_strength_rotation_v2,20000.0,515120,广发创新药ETF,医药与消费升级,theme,5800,0.689,0.692,4013.6,10
2025-10-31,relative_strength_rotation_v2,20000.0,512010,医药ETF,消费医药,sector,9600,0.415,0.413,3964.8,2
2025-10-31,relative_strength_rotation_v2,20000.0,512800,银行ETF,金融地产,sector,4900,0.811,0.813,3983.7,1
2025-11-03,relative_strength_rotation_v2,20000.0,515120,广发创新药ETF,医药与消费升级,theme,5800,0.689,0.687,3984.6,11
2025-11-03,relative_strength_rotation_v2,20000.0,512010,医药ETF,消费医药,sector,9600,0.415,0.409,3926.4,3
2025-11-03,relative_strength_rotation_v2,20000.0,512800,银行ETF,金融地产,sector,4900,0.811,0.823,4032.7,2
2025-11-04,relative_strength_rotation_v2,20000.0,515120,广发创新药ETF,医药与消费升级,theme,5800,0.689,0.671,3891.8,12
2025-11-04,relative_strength_rotation_v2,20000.0,512010,医药ETF,消费医药,sector,9600,0.415,0.402,3859.2,4
2025-11-04,relative_strength_rotation_v2,20000.0,512800,银行ETF,金融地产,sector,4900,0.811,0.84,4116.0,3
2025-11-05,relative_strength_rotation_v2,20000.0,515120,广发创新药ETF,医药与消费升级,theme,5800,0.689,0.667,3868.6,13
2025-11-05,relative_strength_rotation_v2,20000.0,512010,医药ETF,消费医药,sector,9600,0.415,0.402,3859.2,5
2025-11-05,relative_strength_rotation_v2,20000.0,512800,银行ETF,金融地产,sector,4900,0.811,0.84,4116.0,4
2025-11-06,relative_strength_rotation_v2,20000.0,515120,广发创新药ETF,医药与消费升级,theme,5800,0.689,0.671,3891.8,14
2025-11-06,relative_strength_rotation_v2,20000.0,512010,医药ETF,消费医药,sector,9600,0.415,0.404,3878.4,6
2025-11-06,relative_strength_rotation_v2,20000.0,512400,有色ETF,周期资源,commodity_resource,2300,1.724,1.728,3974.4,0
2025-11-07,relative_strength_rotation_v2,20000.0,515120,广发创新药ETF,医药与消费升级,theme,5800,0.689,0.665,3857.0,15
2025-11-07,relative_strength_rotation_v2,20000.0,512010,医药ETF,消费医药,sector,9600,0.415,0.401,3849.6,7
2025-11-07,relative_strength_rotation_v2,20000.0,512400,有色ETF,周期资源,commodity_resource,2300,1.724,1.738,3997.4,0
2025-11-10,relative_strength_rotation_v2,20000.0,515120,广发创新药ETF,医药与消费升级,theme,5800,0.689,0.672,3897.6,16
2025-11-10,relative_strength_rotation_v2,20000.0,512010,医药ETF,消费医药,sector,9600,0.415,0.405,3888.0,8
2025-11-10,relative_strength_rotation_v2,20000.0,512400,有色ETF,周期资源,commodity_resource,2300,1.724,1.746,4015.8,1
2025-11-11,relative_strength_rotation_v2,20000.0,515120,广发创新药ETF,医药与消费升级,theme,5800,0.689,0.668,3874.4,17
2025-11-11,relative_strength_rotation_v2,20000.0,512010,医药ETF,消费医药,sector,9600,0.415,0.404,3878.4,9
2025-11-11,relative_strength_rotation_v2,20000.0,512400,有色ETF,周期资源,commodity_resource,2300,1.724,1.722,3960.6,2
2025-11-12,relative_strength_rotation_v2,20000.0,515120,广发创新药ETF,医药与消费升级,theme,5800,0.689,0.673,3903.4,18
2025-11-12,relative_strength_rotation_v2,20000.0,512010,医药ETF,消费医药,sector,9600,0.415,0.405,3888.0,10
2025-11-12,relative_strength_rotation_v2,20000.0,512400,有色ETF,周期资源,commodity_resource,2300,1.724,1.723,3962.9,3
2025-11-13,relative_strength_rotation_v2,20000.0,515120,广发创新药ETF,医药与消费升级,theme,5800,0.689,0.687,3984.6,19
2025-11-13,relative_strength_rotation_v2,20000.0,512010,医药ETF,消费医药,sector,9600,0.415,0.411,3945.6,11
2025-11-13,relative_strength_rotation_v2,20000.0,512400,有色ETF,周期资源,commodity_resource,2300,1.724,1.794,4126.2,4
2025-11-14,relative_strength_rotation_v2,20000.0,512010,医药ETF,消费医药,sector,9600,0.415,0.408,3916.8,12
2025-11-14,relative_strength_rotation_v2,20000.0,512400,有色ETF,周期资源,commodity_resource,2300,1.724,1.76,4048.0,5
2025-11-14,relative_strength_rotation_v2,20000.0,512660,军工ETF,新能源制造,commodity_resource,3300,1.199,1.174,3874.2,0
2025-11-17,relative_strength_rotation_v2,20000.0,512010,医药ETF,消费医药,sector,9600,0.415,0.401,3849.6,13
2025-11-17,relative_strength_rotation_v2,20000.0,512400,有色ETF,周期资源,commodity_resource,2300,1.724,1.751,4027.3,6
2025-11-17,relative_strength_rotation_v2,20000.0,512660,军工ETF,新能源制造,commodity_resource,3300,1.199,1.188,3920.4,0
2025-11-18,relative_strength_rotation_v2,20000.0,512010,医药ETF,消费医药,sector,9600,0.415,0.399,3830.4,14
2025-11-18,relative_strength_rotation_v2,20000.0,512660,军工ETF,新能源制造,commodity_resource,3300,1.199,1.172,3867.6,1
2025-11-18,relative_strength_rotation_v2,20000.0,518880,黄金ETF,防御风格,commodity_resource,400,8.89,8.777,3510.8,0
2025-11-19,relative_strength_rotation_v2,20000.0,512010,医药ETF,消费医药,sector,9600,0.415,0.398,3820.8,15
2025-11-19,relative_strength_rotation_v2,20000.0,512660,军工ETF,新能源制造,commodity_resource,3300,1.199,1.178,3887.4,2
2025-11-19,relative_strength_rotation_v2,20000.0,518880,黄金ETF,防御风格,commodity_resource,400,8.89,8.954,3581.6,0
2025-11-20,relative_strength_rotation_v2,20000.0,512010,医药ETF,消费医药,sector,9600,0.415,0.394,3782.4,16
2025-11-20,relative_strength_rotation_v2,20000.0,512660,军工ETF,新能源制造,commodity_resource,3300,1.199,1.165,3844.5,3
2025-11-20,relative_strength_rotation_v2,20000.0,518880,黄金ETF,防御风格,commodity_resource,400,8.89,8.903,3561.2,1
2025-11-21,relative_strength_rotation_v2,20000.0,512010,医药ETF,消费医药,sector,9600,0.415,0.387,3715.2,17
2025-11-21,relative_strength_rotation_v2,20000.0,512660,军工ETF,新能源制造,commodity_resource,3300,1.199,1.142,3768.6,4
2025-11-21,relative_strength_rotation_v2,20000.0,518880,黄金ETF,防御风格,commodity_resource,400,8.89,8.828,3531.2,2
2025-11-24,relative_strength_rotation_v2,20000.0,512010,医药ETF,消费医药,sector,9600,0.415,0.392,3763.2,18
2025-11-24,relative_strength_rotation_v2,20000.0,512660,军工ETF,新能源制造,commodity_resource,3300,1.199,1.188,3920.4,5
2025-11-24,relative_strength_rotation_v2,20000.0,518880,黄金ETF,防御风格,commodity_resource,400,8.89,8.857,3542.8,3
2025-11-25,relative_strength_rotation_v2,20000.0,512010,医药ETF,消费医药,sector,9600,0.415,0.393,3772.8,19
2025-11-25,relative_strength_rotation_v2,20000.0,512660,军工ETF,新能源制造,commodity_resource,3300,1.199,1.182,3900.6,6
2025-11-25,relative_strength_rotation_v2,20000.0,518880,黄金ETF,防御风格,commodity_resource,400,8.89,9.01,3604.0,4
2025-11-26,relative_strength_rotation_v2,20000.0,512660,军工ETF,新能源制造,commodity_resource,3300,1.199,1.16,3828.0,7
2025-11-26,relative_strength_rotation_v2,20000.0,512880,证券ETF,金融地产,high_beta,3400,1.176,1.176,3998.4,0
2025-11-26,relative_strength_rotation_v2,20000.0,588000,科创50ETF,宽基,broad_index,2800,1.392,1.382,3869.6,0
2025-11-27,relative_strength_rotation_v2,20000.0,512660,军工ETF,新能源制造,commodity_resource,3300,1.199,1.158,3821.4,8
2025-11-27,relative_strength_rotation_v2,20000.0,512880,证券ETF,金融地产,high_beta,3400,1.176,1.175,3995.0,0
2025-11-27,relative_strength_rotation_v2,20000.0,588000,科创50ETF,宽基,broad_index,2800,1.392,1.379,3861.2,0
2025-11-28,relative_strength_rotation_v2,20000.0,512660,军工ETF,新能源制造,commodity_resource,3300,1.199,1.172,3867.6,9
2025-11-28,relative_strength_rotation_v2,20000.0,512880,证券ETF,金融地产,high_beta,3400,1.176,1.18,4012.0,1
2025-11-28,relative_strength_rotation_v2,20000.0,588000,科创50ETF,宽基,broad_index,2800,1.392,1.393,3900.4,1
2025-12-01,relative_strength_rotation_v2,20000.0,512660,军工ETF,新能源制造,commodity_resource,3300,1.199,1.184,3907.2,10
2025-12-01,relative_strength_rotation_v2,20000.0,512880,证券ETF,金融地产,high_beta,3400,1.176,1.183,4022.2,2
2025-12-01,relative_strength_rotation_v2,20000.0,588000,科创50ETF,宽基,broad_index,2800,1.392,1.404,3931.2,2
2025-12-02,relative_strength_rotation_v2,20000.0,512660,军工ETF,新能源制造,commodity_resource,3300,1.199,1.181,3897.3,11
2025-12-02,relative_strength_rotation_v2,20000.0,512880,证券ETF,金融地产,high_beta,3400,1.176,1.172,3984.8,3
2025-12-02,relative_strength_rotation_v2,20000.0,588000,科创50ETF,宽基,broad_index,2800,1.392,1.387,3883.6,3
2025-12-03,relative_strength_rotation_v2,20000.0,512660,军工ETF,新能源制造,commodity_resource,3300,1.199,1.169,3857.7,12
2025-12-03,relative_strength_rotation_v2,20000.0,512880,证券ETF,金融地产,high_beta,3400,1.176,1.161,3947.4,4
2025-12-03,relative_strength_rotation_v2,20000.0,588000,科创50ETF,宽基,broad_index,2800,1.392,1.375,3850.0,4
2025-12-04,relative_strength_rotation_v2,20000.0,512660,军工ETF,新能源制造,commodity_resource,3300,1.199,1.176,3880.8,13
2025-12-04,relative_strength_rotation_v2,20000.0,512880,证券ETF,金融地产,high_beta,3400,1.176,1.164,3957.6,5
2025-12-04,relative_strength_rotation_v2,20000.0,588000,科创50ETF,宽基,broad_index,2800,1.392,1.394,3903.2,5
2025-12-05,relative_strength_rotation_v2,20000.0,512660,军工ETF,新能源制造,commodity_resource,3300,1.199,1.204,3973.2,14
2025-12-05,relative_strength_rotation_v2,20000.0,512880,证券ETF,金融地产,high_beta,3400,1.176,1.194,4059.6,6
2025-12-05,relative_strength_rotation_v2,20000.0,588000,科创50ETF,宽基,broad_index,2800,1.392,1.394,3903.2,6
2025-12-08,relative_strength_rotation_v2,20000.0,512880,证券ETF,金融地产,high_beta,3400,1.176,1.217,4137.8,7
2025-12-08,relative_strength_rotation_v2,20000.0,588000,科创50ETF,宽基,broad_index,2800,1.392,1.42,3976.0,7
2025-12-08,relative_strength_rotation_v2,20000.0,515220,煤炭ETF,周期资源,commodity_resource,3700,1.068,1.072,3966.4,0
2025-12-09,relative_strength_rotation_v2,20000.0,512880,证券ETF,金融地产,high_beta,3400,1.176,1.201,4083.4,8
2025-12-09,relative_strength_rotation_v2,20000.0,588000,科创50ETF,宽基,broad_index,2800,1.392,1.414,3959.2,8
2025-12-09,relative_strength_rotation_v2,20000.0,515220,煤炭ETF,周期资源,commodity_resource,3700,1.068,1.056,3907.2,0
2025-12-10,relative_strength_rotation_v2,20000.0,512880,证券ETF,金融地产,high_beta,3400,1.176,1.206,4100.4,9
2025-12-10,relative_strength_rotation_v2,20000.0,588000,科创50ETF,宽基,broad_index,2800,1.392,1.415,3962.0,9
2025-12-10,relative_strength_rotation_v2,20000.0,515220,煤炭ETF,周期资源,commodity_resource,3700,1.068,1.059,3918.3,1
2025-12-11,relative_strength_rotation_v2,20000.0,512880,证券ETF,金融地产,high_beta,3400,1.176,1.19,4046.0,10
2025-12-11,relative_strength_rotation_v2,20000.0,588000,科创50ETF,宽基,broad_index,2800,1.392,1.392,3897.6,10
2025-12-11,relative_strength_rotation_v2,20000.0,515220,煤炭ETF,周期资源,commodity_resource,3700,1.068,1.049,3881.3,2
2025-12-12,relative_strength_rotation_v2,20000.0,512880,证券ETF,金融地产,high_beta,3400,1.176,1.196,4066.4,11
2025-12-12,relative_strength_rotation_v2,20000.0,588000,科创50ETF,宽基,broad_index,2800,1.392,1.418,3970.4,11
2025-12-12,relative_strength_rotation_v2,20000.0,515220,煤炭ETF,周期资源,commodity_resource,3700,1.068,1.045,3866.5,3
2025-12-15,relative_strength_rotation_v2,20000.0,512880,证券ETF,金融地产,high_beta,3400,1.176,1.202,4086.8,12
2025-12-15,relative_strength_rotation_v2,20000.0,588000,科创50ETF,宽基,broad_index,2800,1.392,1.389,3889.2,12
2025-12-15,relative_strength_rotation_v2,20000.0,515220,煤炭ETF,周期资源,commodity_resource,3700,1.068,1.053,3896.1,4
2025-12-16,relative_strength_rotation_v2,20000.0,512880,证券ETF,金融地产,high_beta,3400,1.176,1.193,4056.2,13
2025-12-16,relative_strength_rotation_v2,20000.0,588000,科创50ETF,宽基,broad_index,2800,1.392,1.361,3810.8,13
2025-12-16,relative_strength_rotation_v2,20000.0,515220,煤炭ETF,周期资源,commodity_resource,3700,1.068,1.035,3829.5,5
2025-12-17,relative_strength_rotation_v2,20000.0,512880,证券ETF,金融地产,high_beta,3400,1.176,1.218,4141.2,14
2025-12-17,relative_strength_rotation_v2,20000.0,588000,科创50ETF,宽基,broad_index,2800,1.392,1.396,3908.8,14
2025-12-17,relative_strength_rotation_v2,20000.0,515220,煤炭ETF,周期资源,commodity_resource,3700,1.068,1.035,3829.5,6
2025-12-18,relative_strength_rotation_v2,20000.0,512880,证券ETF,金融地产,high_beta,3400,1.176,1.206,4100.4,15
2025-12-18,relative_strength_rotation_v2,20000.0,588000,科创50ETF,宽基,broad_index,2800,1.392,1.376,3852.8,15
2025-12-18,relative_strength_rotation_v2,20000.0,515220,煤炭ETF,周期资源,commodity_resource,3700,1.068,1.055,3903.5,7
2025-12-19,relative_strength_rotation_v2,20000.0,512880,证券ETF,金融地产,high_beta,3400,1.176,1.211,4117.4,16
2025-12-19,relative_strength_rotation_v2,20000.0,588000,科创50ETF,宽基,broad_index,2800,1.392,1.38,3864.0,16
2025-12-19,relative_strength_rotation_v2,20000.0,515220,煤炭ETF,周期资源,commodity_resource,3700,1.068,1.051,3888.7,8
2025-12-22,relative_strength_rotation_v2,20000.0,512880,证券ETF,金融地产,high_beta,3400,1.176,1.211,4117.4,17
2025-12-22,relative_strength_rotation_v2,20000.0,588000,科创50ETF,宽基,broad_index,2800,1.392,1.405,3934.0,17
2025-12-22,relative_strength_rotation_v2,20000.0,515220,煤炭ETF,周期资源,commodity_resource,3700,1.068,1.049,3881.3,9
2025-12-23,relative_strength_rotation_v2,20000.0,512880,证券ETF,金融地产,high_beta,3400,1.176,1.207,4103.8,18
2025-12-23,relative_strength_rotation_v2,20000.0,588000,科创50ETF,宽基,broad_index,2800,1.392,1.41,3948.0,18
2025-12-23,relative_strength_rotation_v2,20000.0,515220,煤炭ETF,周期资源,commodity_resource,3700,1.068,1.043,3859.1,10
2025-12-24,relative_strength_rotation_v2,20000.0,512880,证券ETF,金融地产,high_beta,3400,1.176,1.218,4141.2,19
2025-12-24,relative_strength_rotation_v2,20000.0,588000,科创50ETF,宽基,broad_index,2800,1.392,1.423,3984.4,19
2025-12-24,relative_strength_rotation_v2,20000.0,515220,煤炭ETF,周期资源,commodity_resource,3700,1.068,1.038,3840.6,11
2025-12-25,relative_strength_rotation_v2,20000.0,515220,煤炭ETF,周期资源,commodity_resource,3700,1.068,1.036,3833.2,12
2025-12-25,relative_strength_rotation_v2,20000.0,512690,酒ETF,消费医药,sector,7200,0.552,0.554,3988.8,0
2025-12-25,relative_strength_rotation_v2,20000.0,512200,房地产ETF,金融地产,sector,2600,1.487,1.494,3884.4,0
2025-12-26,relative_strength_rotation_v2,20000.0,515220,煤炭ETF,周期资源,commodity_resource,3700,1.068,1.039,3844.3,13
2025-12-26,relative_strength_rotation_v2,20000.0,512690,酒ETF,消费医药,sector,7200,0.552,0.55,3960.0,0
2025-12-26,relative_strength_rotation_v2,20000.0,512200,房地产ETF,金融地产,sector,2600,1.487,1.501,3902.6,0
2025-12-29,relative_strength_rotation_v2,20000.0,515220,煤炭ETF,周期资源,commodity_resource,3700,1.068,1.043,3859.1,14
2025-12-29,relative_strength_rotation_v2,20000.0,512690,酒ETF,消费医药,sector,7200,0.552,0.543,3909.6,1
2025-12-29,relative_strength_rotation_v2,20000.0,512200,房地产ETF,金融地产,sector,2600,1.487,1.495,3887.0,1
2025-12-30,relative_strength_rotation_v2,20000.0,515220,煤炭ETF,周期资源,commodity_resource,3700,1.068,1.035,3829.5,15
2025-12-30,relative_strength_rotation_v2,20000.0,512690,酒ETF,消费医药,sector,7200,0.552,0.541,3895.2,2
2025-12-30,relative_strength_rotation_v2,20000.0,512200,房地产ETF,金融地产,sector,2600,1.487,1.479,3845.4,2
2025-12-31,relative_strength_rotation_v2,20000.0,515220,煤炭ETF,周期资源,commodity_resource,3700,1.068,1.028,3803.6,16
2025-12-31,relative_strength_rotation_v2,20000.0,512690,酒ETF,消费医药,sector,7200,0.552,0.536,3859.2,3
2025-12-31,relative_strength_rotation_v2,20000.0,512200,房地产ETF,金融地产,sector,2600,1.487,1.499,3897.4,3
2026-01-05,relative_strength_rotation_v2,20000.0,515220,煤炭ETF,周期资源,commodity_resource,3700,1.068,1.034,3825.8,17
2026-01-05,relative_strength_rotation_v2,20000.0,512690,酒ETF,消费医药,sector,7200,0.552,0.546,3931.2,4
2026-01-05,relative_strength_rotation_v2,20000.0,512200,房地产ETF,金融地产,sector,2600,1.487,1.514,3936.4,4
2026-01-06,relative_strength_rotation_v2,20000.0,515220,煤炭ETF,周期资源,commodity_resource,3700,1.068,1.053,3896.1,18
2026-01-06,relative_strength_rotation_v2,20000.0,512690,酒ETF,消费医药,sector,7200,0.552,0.55,3960.0,5
2026-01-06,relative_strength_rotation_v2,20000.0,512200,房地产ETF,金融地产,sector,2600,1.487,1.536,3993.6,5
2026-01-07,relative_strength_rotation_v2,20000.0,515220,煤炭ETF,周期资源,commodity_resource,3700,1.068,1.093,4044.1,19
2026-01-07,relative_strength_rotation_v2,20000.0,512690,酒ETF,消费医药,sector,7200,0.552,0.547,3938.4,6
2026-01-07,relative_strength_rotation_v2,20000.0,512200,房地产ETF,金融地产,sector,2600,1.487,1.537,3996.2,6
2026-01-08,relative_strength_rotation_v2,20000.0,512690,酒ETF,消费医药,sector,7200,0.552,0.546,3931.2,7
2026-01-08,relative_strength_rotation_v2,20000.0,512200,房地产ETF,金融地产,sector,2600,1.487,1.562,4061.2,7
2026-01-08,relative_strength_rotation_v2,20000.0,512890,红利低波ETF,防御风格,sector,3400,1.161,1.161,3947.4,0
2026-01-09,relative_strength_rotation_v2,20000.0,512690,酒ETF,消费医药,sector,7200,0.552,0.547,3938.4,8
2026-01-09,relative_strength_rotation_v2,20000.0,512200,房地产ETF,金融地产,sector,2600,1.487,1.574,4092.4,8
2026-01-09,relative_strength_rotation_v2,20000.0,512890,红利低波ETF,防御风格,sector,3400,1.161,1.162,3950.8,0
2026-01-12,relative_strength_rotation_v2,20000.0,512690,酒ETF,消费医药,sector,7200,0.552,0.553,3981.6,9
2026-01-12,relative_strength_rotation_v2,20000.0,512200,房地产ETF,金融地产,sector,2600,1.487,1.569,4079.4,9
2026-01-12,relative_strength_rotation_v2,20000.0,512890,红利低波ETF,防御风格,sector,3400,1.161,1.164,3957.6,1
2026-01-13,relative_strength_rotation_v2,20000.0,512690,酒ETF,消费医药,sector,7200,0.552,0.548,3945.6,10
2026-01-13,relative_strength_rotation_v2,20000.0,512200,房地产ETF,金融地产,sector,2600,1.487,1.538,3998.8,10
2026-01-13,relative_strength_rotation_v2,20000.0,512890,红利低波ETF,防御风格,sector,3400,1.161,1.166,3964.4,2
2026-01-14,relative_strength_rotation_v2,20000.0,512690,酒ETF,消费医药,sector,7200,0.552,0.545,3924.0,11
2026-01-14,relative_strength_rotation_v2,20000.0,512200,房地产ETF,金融地产,sector,2600,1.487,1.516,3941.6,11
2026-01-14,relative_strength_rotation_v2,20000.0,512890,红利低波ETF,防御风格,sector,3400,1.161,1.156,3930.4,3
2026-01-15,relative_strength_rotation_v2,20000.0,512690,酒ETF,消费医药,sector,7200,0.552,0.54,3888.0,12
2026-01-15,relative_strength_rotation_v2,20000.0,512200,房地产ETF,金融地产,sector,2600,1.487,1.528,3972.8,12
2026-01-15,relative_strength_rotation_v2,20000.0,512890,红利低波ETF,防御风格,sector,3400,1.161,1.153,3920.2,4
2026-01-16,relative_strength_rotation_v2,20000.0,512690,酒ETF,消费医药,sector,7200,0.552,0.537,3866.4,13
2026-01-16,relative_strength_rotation_v2,20000.0,512200,房地产ETF,金融地产,sector,2600,1.487,1.511,3928.6,13
2026-01-16,relative_strength_rotation_v2,20000.0,512890,红利低波ETF,防御风格,sector,3400,1.161,1.143,3886.2,5
2026-01-19,relative_strength_rotation_v2,20000.0,512690,酒ETF,消费医药,sector,7200,0.552,0.535,3852.0,14
2026-01-19,relative_strength_rotation_v2,20000.0,512200,房地产ETF,金融地产,sector,2600,1.487,1.529,3975.4,14
2026-01-19,relative_strength_rotation_v2,20000.0,512890,红利低波ETF,防御风格,sector,3400,1.161,1.144,3889.6,6
2026-01-20,relative_strength_rotation_v2,20000.0,512690,酒ETF,消费医药,sector,7200,0.552,0.54,3888.0,15
2026-01-20,relative_strength_rotation_v2,20000.0,512200,房地产ETF,金融地产,sector,2600,1.487,1.556,4045.6,15
2026-01-20,relative_strength_rotation_v2,20000.0,512890,红利低波ETF,防御风格,sector,3400,1.161,1.16,3944.0,7
2026-01-21,relative_strength_rotation_v2,20000.0,512690,酒ETF,消费医药,sector,7200,0.552,0.531,3823.2,16
2026-01-21,relative_strength_rotation_v2,20000.0,512200,房地产ETF,金融地产,sector,2600,1.487,1.565,4069.0,16
2026-01-21,relative_strength_rotation_v2,20000.0,512890,红利低波ETF,防御风格,sector,3400,1.161,1.151,3913.4,8
2026-01-22,relative_strength_rotation_v2,20000.0,512690,酒ETF,消费医药,sector,7200,0.552,0.529,3808.8,17
2026-01-22,relative_strength_rotation_v2,20000.0,512200,房地产ETF,金融地产,sector,2600,1.487,1.573,4089.8,17
2026-01-22,relative_strength_rotation_v2,20000.0,512890,红利低波ETF,防御风格,sector,3400,1.161,1.152,3916.8,9
2026-01-23,relative_strength_rotation_v2,20000.0,512690,酒ETF,消费医药,sector,7200,0.552,0.527,3794.4,18
2026-01-23,relative_strength_rotation_v2,20000.0,512200,房地产ETF,金融地产,sector,2600,1.487,1.587,4126.2,18
2026-01-23,relative_strength_rotation_v2,20000.0,512890,红利低波ETF,防御风格,sector,3400,1.161,1.148,3903.2,10
2026-01-26,relative_strength_rotation_v2,20000.0,512690,酒ETF,消费医药,sector,7200,0.552,0.524,3772.8,19
2026-01-26,relative_strength_rotation_v2,20000.0,512200,房地产ETF,金融地产,sector,2600,1.487,1.551,4032.6,19
2026-01-26,relative_strength_rotation_v2,20000.0,512890,红利低波ETF,防御风格,sector,3400,1.161,1.156,3930.4,11
2026-01-27,relative_strength_rotation_v2,20000.0,512890,红利低波ETF,防御风格,sector,3400,1.161,1.148,3903.2,12
2026-01-27,relative_strength_rotation_v2,20000.0,512800,银行ETF,金融地产,sector,5200,0.768,0.77,4004.0,0
2026-01-27,relative_strength_rotation_v2,20000.0,510230,金融ETF,金融地产,sector,2900,1.347,1.347,3906.3,0
2026-01-28,relative_strength_rotation_v2,20000.0,512890,红利低波ETF,防御风格,sector,3400,1.161,1.152,3916.8,13
2026-01-28,relative_strength_rotation_v2,20000.0,512800,银行ETF,金融地产,sector,5200,0.768,0.765,3978.0,0
2026-01-28,relative_strength_rotation_v2,20000.0,510230,金融ETF,金融地产,sector,2900,1.347,1.336,3874.4,0
2026-01-29,relative_strength_rotation_v2,20000.0,512890,红利低波ETF,防御风格,sector,3400,1.161,1.169,3974.6,14
2026-01-29,relative_strength_rotation_v2,20000.0,512800,银行ETF,金融地产,sector,5200,0.768,0.778,4045.6,1
2026-01-29,relative_strength_rotation_v2,20000.0,510230,金融ETF,金融地产,sector,2900,1.347,1.368,3967.2,1
2026-01-30,relative_strength_rotation_v2,20000.0,512890,红利低波ETF,防御风格,sector,3400,1.161,1.168,3971.2,15
2026-01-30,relative_strength_rotation_v2,20000.0,512800,银行ETF,金融地产,sector,5200,0.768,0.775,4030.0,2
2026-01-30,relative_strength_rotation_v2,20000.0,510230,金融ETF,金融地产,sector,2900,1.347,1.354,3926.6,2
2026-02-02,relative_strength_rotation_v2,20000.0,512890,红利低波ETF,防御风格,sector,3400,1.161,1.154,3923.6,16
2026-02-02,relative_strength_rotation_v2,20000.0,512800,银行ETF,金融地产,sector,5200,0.768,0.776,4035.2,3
2026-02-02,relative_strength_rotation_v2,20000.0,510230,金融ETF,金融地产,sector,2900,1.347,1.347,3906.3,3
2026-02-03,relative_strength_rotation_v2,20000.0,512890,红利低波ETF,防御风格,sector,3400,1.161,1.15,3910.0,17
2026-02-03,relative_strength_rotation_v2,20000.0,512800,银行ETF,金融地产,sector,5200,0.768,0.768,3993.6,4
2026-02-03,relative_strength_rotation_v2,20000.0,510230,金融ETF,金融地产,sector,2900,1.347,1.342,3891.8,4
2026-02-04,relative_strength_rotation_v2,20000.0,512890,红利低波ETF,防御风格,sector,3400,1.161,1.166,3964.4,18
2026-02-04,relative_strength_rotation_v2,20000.0,512800,银行ETF,金融地产,sector,5200,0.768,0.779,4050.8,5
2026-02-04,relative_strength_rotation_v2,20000.0,510230,金融ETF,金融地产,sector,2900,1.347,1.357,3935.3,5
2026-02-05,relative_strength_rotation_v2,20000.0,512890,红利低波ETF,防御风格,sector,3400,1.161,1.181,4015.4,19
2026-02-05,relative_strength_rotation_v2,20000.0,512800,银行ETF,金融地产,sector,5200,0.768,0.792,4118.4,6
2026-02-05,relative_strength_rotation_v2,20000.0,510230,金融ETF,金融地产,sector,2900,1.347,1.372,3978.8,6
2026-02-06,relative_strength_rotation_v2,20000.0,512800,银行ETF,金融地产,sector,5200,0.768,0.79,4108.0,7
2026-02-06,relative_strength_rotation_v2,20000.0,510230,金融ETF,金融地产,sector,2900,1.347,1.365,3958.5,7
2026-02-06,relative_strength_rotation_v2,20000.0,512010,医药ETF,消费医药,sector,10300,0.385,0.383,3944.9,0
2026-02-09,relative_strength_rotation_v2,20000.0,512800,银行ETF,金融地产,sector,5200,0.768,0.792,4118.4,8
2026-02-09,relative_strength_rotation_v2,20000.0,510230,金融ETF,金融地产,sector,2900,1.347,1.378,3996.2,8
2026-02-09,relative_strength_rotation_v2,20000.0,512010,医药ETF,消费医药,sector,10300,0.385,0.383,3944.9,0
2026-02-10,relative_strength_rotation_v2,20000.0,512800,银行ETF,金融地产,sector,5200,0.768,0.794,4128.8,9
2026-02-10,relative_strength_rotation_v2,20000.0,510230,金融ETF,金融地产,sector,2900,1.347,1.379,3999.1,9
2026-02-10,relative_strength_rotation_v2,20000.0,512010,医药ETF,消费医药,sector,10300,0.385,0.388,3996.4,1
2026-02-11,relative_strength_rotation_v2,20000.0,512800,银行ETF,金融地产,sector,5200,0.768,0.796,4139.2,10
2026-02-11,relative_strength_rotation_v2,20000.0,510230,金融ETF,金融地产,sector,2900,1.347,1.376,3990.4,10
2026-02-11,relative_strength_rotation_v2,20000.0,512010,医药ETF,消费医药,sector,10300,0.385,0.388,3996.4,2
2026-02-12,relative_strength_rotation_v2,20000.0,512800,银行ETF,金融地产,sector,5200,0.768,0.784,4076.8,11
2026-02-12,relative_strength_rotation_v2,20000.0,510230,金融ETF,金融地产,sector,2900,1.347,1.359,3941.1,11
2026-02-12,relative_strength_rotation_v2,20000.0,512010,医药ETF,消费医药,sector,10300,0.385,0.387,3986.1,3
2026-02-13,relative_strength_rotation_v2,20000.0,512800,银行ETF,金融地产,sector,5200,0.768,0.779,4050.8,12
2026-02-13,relative_strength_rotation_v2,20000.0,510230,金融ETF,金融地产,sector,2900,1.347,1.348,3909.2,12
2026-02-13,relative_strength_rotation_v2,20000.0,512010,医药ETF,消费医药,sector,10300,0.385,0.382,3934.6,4
2026-02-24,relative_strength_rotation_v2,20000.0,512800,银行ETF,金融地产,sector,5200,0.768,0.777,4040.4,13
2026-02-24,relative_strength_rotation_v2,20000.0,510230,金融ETF,金融地产,sector,2900,1.347,1.34,3886.0,13
2026-02-24,relative_strength_rotation_v2,20000.0,512010,医药ETF,消费医药,sector,10300,0.385,0.381,3924.3,5
2026-02-25,relative_strength_rotation_v2,20000.0,512800,银行ETF,金融地产,sector,5200,0.768,0.774,4024.8,14
2026-02-25,relative_strength_rotation_v2,20000.0,510230,金融ETF,金融地产,sector,2900,1.347,1.338,3880.2,14
2026-02-25,relative_strength_rotation_v2,20000.0,512010,医药ETF,消费医药,sector,10300,0.385,0.382,3934.6,6
2026-02-26,relative_strength_rotation_v2,20000.0,512800,银行ETF,金融地产,sector,5200,0.768,0.772,4014.4,15
2026-02-26,relative_strength_rotation_v2,20000.0,510230,金融ETF,金融地产,sector,2900,1.347,1.325,3842.5,15
2026-02-26,relative_strength_rotation_v2,20000.0,512010,医药ETF,消费医药,sector,10300,0.385,0.38,3914.0,7
2026-02-27,relative_strength_rotation_v2,20000.0,512800,银行ETF,金融地产,sector,5200,0.768,0.773,4019.6,16
2026-02-27,relative_strength_rotation_v2,20000.0,510230,金融ETF,金融地产,sector,2900,1.347,1.325,3842.5,16
2026-02-27,relative_strength_rotation_v2,20000.0,512010,医药ETF,消费医药,sector,10300,0.385,0.379,3903.7,8
2026-03-02,relative_strength_rotation_v2,20000.0,512800,银行ETF,金融地产,sector,5200,0.768,0.777,4040.4,17
2026-03-02,relative_strength_rotation_v2,20000.0,510230,金融ETF,金融地产,sector,2900,1.347,1.321,3830.9,17
2026-03-02,relative_strength_rotation_v2,20000.0,512010,医药ETF,消费医药,sector,10300,0.385,0.371,3821.3,9
2026-03-03,relative_strength_rotation_v2,20000.0,510230,金融ETF,金融地产,sector,2900,1.347,1.328,3851.2,18
2026-03-03,relative_strength_rotation_v2,20000.0,512010,医药ETF,消费医药,sector,10300,0.385,0.366,3769.8,10
2026-03-03,relative_strength_rotation_v2,20000.0,516080,易方达创新药ETF,医药与消费升级,theme,6500,0.614,0.614,3991.0,0
2026-03-04,relative_strength_rotation_v2,20000.0,510230,金融ETF,金融地产,sector,2900,1.347,1.304,3781.6,19
2026-03-04,relative_strength_rotation_v2,20000.0,512010,医药ETF,消费医药,sector,10300,0.385,0.361,3718.3,11
2026-03-04,relative_strength_rotation_v2,20000.0,516080,易方达创新药ETF,医药与消费升级,theme,6500,0.614,0.61,3965.0,0
2026-03-05,relative_strength_rotation_v2,20000.0,512010,医药ETF,消费医药,sector,10300,0.385,0.363,3738.9,12
2026-03-05,relative_strength_rotation_v2,20000.0,516080,易方达创新药ETF,医药与消费升级,theme,6500,0.614,0.614,3991.0,1
2026-03-05,relative_strength_rotation_v2,20000.0,512400,有色ETF,周期资源,commodity_resource,1700,2.292,2.326,3954.2,0
2026-03-06,relative_strength_rotation_v2,20000.0,512010,医药ETF,消费医药,sector,10300,0.385,0.372,3831.6,13
2026-03-06,relative_strength_rotation_v2,20000.0,516080,易方达创新药ETF,医药与消费升级,theme,6500,0.614,0.634,4121.0,2
2026-03-06,relative_strength_rotation_v2,20000.0,512400,有色ETF,周期资源,commodity_resource,1700,2.292,2.279,3874.3,0
2026-03-09,relative_strength_rotation_v2,20000.0,512010,医药ETF,消费医药,sector,10300,0.385,0.367,3780.1,14
2026-03-09,relative_strength_rotation_v2,20000.0,516080,易方达创新药ETF,医药与消费升级,theme,6500,0.614,0.624,4056.0,3
2026-03-09,relative_strength_rotation_v2,20000.0,512400,有色ETF,周期资源,commodity_resource,1700,2.292,2.257,3836.9,1
2026-03-10,relative_strength_rotation_v2,20000.0,512010,医药ETF,消费医药,sector,10300,0.385,0.374,3852.2,15
2026-03-10,relative_strength_rotation_v2,20000.0,516080,易方达创新药ETF,医药与消费升级,theme,6500,0.614,0.644,4186.0,4
2026-03-10,relative_strength_rotation_v2,20000.0,512400,有色ETF,周期资源,commodity_resource,1700,2.292,2.279,3874.3,2
2026-03-11,relative_strength_rotation_v2,20000.0,512010,医药ETF,消费医药,sector,10300,0.385,0.373,3841.9,16
2026-03-11,relative_strength_rotation_v2,20000.0,516080,易方达创新药ETF,医药与消费升级,theme,6500,0.614,0.638,4147.0,5
2026-03-11,relative_strength_rotation_v2,20000.0,512400,有色ETF,周期资源,commodity_resource,1700,2.292,2.271,3860.7,3
2026-03-12,relative_strength_rotation_v2,20000.0,512010,医药ETF,消费医药,sector,10300,0.385,0.371,3821.3,17
2026-03-12,relative_strength_rotation_v2,20000.0,516080,易方达创新药ETF,医药与消费升级,theme,6500,0.614,0.632,4108.0,6
2026-03-12,relative_strength_rotation_v2,20000.0,512400,有色ETF,周期资源,commodity_resource,1700,2.292,2.254,3831.8,4
2026-03-13,relative_strength_rotation_v2,20000.0,512010,医药ETF,消费医药,sector,10300,0.385,0.368,3790.4,18
2026-03-13,relative_strength_rotation_v2,20000.0,516080,易方达创新药ETF,医药与消费升级,theme,6500,0.614,0.628,4082.0,7
2026-03-13,relative_strength_rotation_v2,20000.0,512400,有色ETF,周期资源,commodity_resource,1700,2.292,2.193,3728.1,5
2026-03-16,relative_strength_rotation_v2,20000.0,512010,医药ETF,消费医药,sector,10300,0.385,0.369,3800.7,19
2026-03-16,relative_strength_rotation_v2,20000.0,516080,易方达创新药ETF,医药与消费升级,theme,6500,0.614,0.635,4127.5,8
2026-03-16,relative_strength_rotation_v2,20000.0,512400,有色ETF,周期资源,commodity_resource,1700,2.292,2.126,3614.2,6
2026-03-17,relative_strength_rotation_v2,20000.0,516080,易方达创新药ETF,医药与消费升级,theme,6500,0.614,0.638,4147.0,9
2026-03-17,relative_strength_rotation_v2,20000.0,512400,有色ETF,周期资源,commodity_resource,1700,2.292,2.091,3554.7,7
2026-03-17,relative_strength_rotation_v2,20000.0,512070,非银ETF,金融地产,high_beta,4700,0.845,0.847,3980.9,0
2026-03-18,relative_strength_rotation_v2,20000.0,516080,易方达创新药ETF,医药与消费升级,theme,6500,0.614,0.642,4173.0,10
2026-03-18,relative_strength_rotation_v2,20000.0,512400,有色ETF,周期资源,commodity_resource,1700,2.292,2.075,3527.5,8
2026-03-18,relative_strength_rotation_v2,20000.0,512070,非银ETF,金融地产,high_beta,4700,0.845,0.847,3980.9,0
2026-03-19,relative_strength_rotation_v2,20000.0,516080,易方达创新药ETF,医药与消费升级,theme,6500,0.614,0.632,4108.0,11
2026-03-19,relative_strength_rotation_v2,20000.0,512400,有色ETF,周期资源,commodity_resource,1700,2.292,1.944,3304.8,9
2026-03-19,relative_strength_rotation_v2,20000.0,512070,非银ETF,金融地产,high_beta,4700,0.845,0.832,3910.4,1
2026-03-20,relative_strength_rotation_v2,20000.0,516080,易方达创新药ETF,医药与消费升级,theme,6500,0.614,0.624,4056.0,12
2026-03-20,relative_strength_rotation_v2,20000.0,512400,有色ETF,周期资源,commodity_resource,1700,2.292,1.917,3258.9,10
2026-03-20,relative_strength_rotation_v2,20000.0,512070,非银ETF,金融地产,high_beta,4700,0.845,0.818,3844.6,2
2026-03-23,relative_strength_rotation_v2,20000.0,516080,易方达创新药ETF,医药与消费升级,theme,6500,0.614,0.595,3867.5,13
2026-03-23,relative_strength_rotation_v2,20000.0,512400,有色ETF,周期资源,commodity_resource,1700,2.292,1.823,3099.1,11
2026-03-23,relative_strength_rotation_v2,20000.0,512070,非银ETF,金融地产,high_beta,4700,0.845,0.787,3698.9,3
2026-03-24,relative_strength_rotation_v2,20000.0,516080,易方达创新药ETF,医药与消费升级,theme,6500,0.614,0.612,3978.0,14
2026-03-24,relative_strength_rotation_v2,20000.0,512400,有色ETF,周期资源,commodity_resource,1700,2.292,1.892,3216.4,12
2026-03-24,relative_strength_rotation_v2,20000.0,512070,非银ETF,金融地产,high_beta,4700,0.845,0.793,3727.1,4
2026-03-25,relative_strength_rotation_v2,20000.0,516080,易方达创新药ETF,医药与消费升级,theme,6500,0.614,0.619,4023.5,15
2026-03-25,relative_strength_rotation_v2,20000.0,512400,有色ETF,周期资源,commodity_resource,1700,2.292,1.952,3318.4,13
2026-03-25,relative_strength_rotation_v2,20000.0,512070,非银ETF,金融地产,high_beta,4700,0.845,0.803,3774.1,5
2026-03-26,relative_strength_rotation_v2,20000.0,516080,易方达创新药ETF,医药与消费升级,theme,6500,0.614,0.612,3978.0,16
2026-03-26,relative_strength_rotation_v2,20000.0,512400,有色ETF,周期资源,commodity_resource,1700,2.292,1.919,3262.3,14
2026-03-26,relative_strength_rotation_v2,20000.0,512070,非银ETF,金融地产,high_beta,4700,0.845,0.78,3666.0,6
2026-03-27,relative_strength_rotation_v2,20000.0,516080,易方达创新药ETF,医药与消费升级,theme,6500,0.614,0.645,4192.5,17
2026-03-27,relative_strength_rotation_v2,20000.0,512400,有色ETF,周期资源,commodity_resource,1700,2.292,1.976,3359.2,15
2026-03-27,relative_strength_rotation_v2,20000.0,512070,非银ETF,金融地产,high_beta,4700,0.845,0.782,3675.4,7
2026-03-30,relative_strength_rotation_v2,20000.0,516080,易方达创新药ETF,医药与消费升级,theme,6500,0.614,0.648,4212.0,18
2026-03-30,relative_strength_rotation_v2,20000.0,512400,有色ETF,周期资源,commodity_resource,1700,2.292,2.008,3413.6,16
2026-03-30,relative_strength_rotation_v2,20000.0,512070,非银ETF,金融地产,high_beta,4700,0.845,0.775,3642.5,8
2026-03-31,relative_strength_rotation_v2,20000.0,512400,有色ETF,周期资源,commodity_resource,1700,2.292,1.983,3371.1,17
2026-03-31,relative_strength_rotation_v2,20000.0,512070,非银ETF,金融地产,high_beta,4700,0.845,0.774,3637.8,9
2026-03-31,relative_strength_rotation_v2,20000.0,518880,黄金ETF,防御风格,commodity_resource,400,9.95,9.699,3879.6,0
2026-04-01,relative_strength_rotation_v2,20000.0,512400,有色ETF,周期资源,commodity_resource,1700,2.292,2.026,3444.2,18
2026-04-01,relative_strength_rotation_v2,20000.0,512070,非银ETF,金融地产,high_beta,4700,0.845,0.788,3703.6,10
2026-04-01,relative_strength_rotation_v2,20000.0,518880,黄金ETF,防御风格,commodity_resource,400,9.95,10.024,4009.6,0
2026-04-02,relative_strength_rotation_v2,20000.0,512400,有色ETF,周期资源,commodity_resource,1700,2.292,1.991,3384.7,19
2026-04-02,relative_strength_rotation_v2,20000.0,512070,非银ETF,金融地产,high_beta,4700,0.845,0.775,3642.5,11
2026-04-02,relative_strength_rotation_v2,20000.0,518880,黄金ETF,防御风格,commodity_resource,400,9.95,9.738,3895.2,1
2026-04-03,relative_strength_rotation_v2,20000.0,512070,非银ETF,金融地产,high_beta,4700,0.845,0.771,3623.7,12
2026-04-03,relative_strength_rotation_v2,20000.0,518880,黄金ETF,防御风格,commodity_resource,400,9.95,9.828,3931.2,2
2026-04-03,relative_strength_rotation_v2,20000.0,512660,军工ETF,新能源制造,commodity_resource,3100,1.27,1.27,3937.0,0
2026-04-07,relative_strength_rotation_v2,20000.0,512070,非银ETF,金融地产,high_beta,4700,0.845,0.766,3600.2,13
2026-04-07,relative_strength_rotation_v2,20000.0,518880,黄金ETF,防御风格,commodity_resource,400,9.95,9.837,3934.8,3
2026-04-07,relative_strength_rotation_v2,20000.0,512660,军工ETF,新能源制造,commodity_resource,3100,1.27,1.269,3933.9,0
2026-04-08,relative_strength_rotation_v2,20000.0,512070,非银ETF,金融地产,high_beta,4700,0.845,0.798,3750.6,14
2026-04-08,relative_strength_rotation_v2,20000.0,518880,黄金ETF,防御风格,commodity_resource,400,9.95,10.113,4045.2,4
2026-04-08,relative_strength_rotation_v2,20000.0,512660,军工ETF,新能源制造,commodity_resource,3100,1.27,1.333,4132.3,1
2026-04-09,relative_strength_rotation_v2,20000.0,512070,非银ETF,金融地产,high_beta,4700,0.845,0.783,3680.1,15
2026-04-09,relative_strength_rotation_v2,20000.0,518880,黄金ETF,防御风格,commodity_resource,400,9.95,9.908,3963.2,5
2026-04-09,relative_strength_rotation_v2,20000.0,512660,军工ETF,新能源制造,commodity_resource,3100,1.27,1.323,4101.3,2
2026-04-10,relative_strength_rotation_v2,20000.0,512070,非银ETF,金融地产,high_beta,4700,0.845,0.803,3774.1,16
2026-04-10,relative_strength_rotation_v2,20000.0,518880,黄金ETF,防御风格,commodity_resource,400,9.95,9.972,3988.8,6
2026-04-10,relative_strength_rotation_v2,20000.0,512660,军工ETF,新能源制造,commodity_resource,3100,1.27,1.339,4150.9,3
2026-04-13,relative_strength_rotation_v2,20000.0,512070,非银ETF,金融地产,high_beta,4700,0.845,0.8,3760.0,17
2026-04-13,relative_strength_rotation_v2,20000.0,518880,黄金ETF,防御风格,commodity_resource,400,9.95,9.924,3969.6,7
2026-04-13,relative_strength_rotation_v2,20000.0,512660,军工ETF,新能源制造,commodity_resource,3100,1.27,1.351,4188.1,4
2026-04-14,relative_strength_rotation_v2,20000.0,512070,非银ETF,金融地产,high_beta,4700,0.845,0.807,3792.9,18
2026-04-14,relative_strength_rotation_v2,20000.0,518880,黄金ETF,防御风格,commodity_resource,400,9.95,10.011,4004.4,8
2026-04-14,relative_strength_rotation_v2,20000.0,512660,军工ETF,新能源制造,commodity_resource,3100,1.27,1.375,4262.5,5
2026-04-15,relative_strength_rotation_v2,20000.0,512070,非银ETF,金融地产,high_beta,4700,0.845,0.803,3774.1,19
2026-04-15,relative_strength_rotation_v2,20000.0,518880,黄金ETF,防御风格,commodity_resource,400,9.95,10.064,4025.6,9
2026-04-15,relative_strength_rotation_v2,20000.0,512660,军工ETF,新能源制造,commodity_resource,3100,1.27,1.367,4237.7,6
2026-04-16,relative_strength_rotation_v2,20000.0,518880,黄金ETF,防御风格,commodity_resource,400,9.95,10.097,4038.8,10
2026-04-16,relative_strength_rotation_v2,20000.0,512660,军工ETF,新能源制造,commodity_resource,3100,1.27,1.375,4262.5,7
2026-04-16,relative_strength_rotation_v2,20000.0,512200,房地产ETF,金融地产,sector,2900,1.379,1.381,4004.9,0
2026-04-17,relative_strength_rotation_v2,20000.0,518880,黄金ETF,防御风格,commodity_resource,400,9.95,10.029,4011.6,11
2026-04-17,relative_strength_rotation_v2,20000.0,512660,军工ETF,新能源制造,commodity_resource,3100,1.27,1.386,4296.6,8
2026-04-17,relative_strength_rotation_v2,20000.0,512200,房地产ETF,金融地产,sector,2900,1.379,1.404,4071.6,0
2026-04-20,relative_strength_rotation_v2,20000.0,518880,黄金ETF,防御风格,commodity_resource,400,9.95,10.036,4014.4,12
2026-04-20,relative_strength_rotation_v2,20000.0,512660,军工ETF,新能源制造,commodity_resource,3100,1.27,1.425,4417.5,9
2026-04-20,relative_strength_rotation_v2,20000.0,512200,房地产ETF,金融地产,sector,2900,1.379,1.398,4054.2,1
2026-04-21,relative_strength_rotation_v2,20000.0,512200,房地产ETF,金融地产,sector,2900,1.379,1.393,4039.7,2
2026-04-21,relative_strength_rotation_v2,20000.0,512690,酒ETF,消费医药,sector,8200,0.482,0.483,3960.6,0
2026-04-22,relative_strength_rotation_v2,20000.0,512200,房地产ETF,金融地产,sector,2900,1.379,1.4,4060.0,3
2026-04-22,relative_strength_rotation_v2,20000.0,512690,酒ETF,消费医药,sector,8200,0.482,0.482,3952.4,0
2026-04-22,relative_strength_rotation_v2,20000.0,515790,光伏ETF,新能源制造,commodity_resource,3600,1.089,1.085,3906.0,0
2026-04-23,relative_strength_rotation_v2,20000.0,512200,房地产ETF,金融地产,sector,2900,1.379,1.392,4036.8,4
2026-04-23,relative_strength_rotation_v2,20000.0,512690,酒ETF,消费医药,sector,8200,0.482,0.49,4018.0,1
2026-04-23,relative_strength_rotation_v2,20000.0,515790,光伏ETF,新能源制造,commodity_resource,3600,1.089,1.078,3880.8,0
2026-04-24,relative_strength_rotation_v2,20000.0,512200,房地产ETF,金融地产,sector,2900,1.379,1.383,4010.7,5
2026-04-24,relative_strength_rotation_v2,20000.0,512690,酒ETF,消费医药,sector,8200,0.482,0.491,4026.2,2
2026-04-24,relative_strength_rotation_v2,20000.0,515790,光伏ETF,新能源制造,commodity_resource,3600,1.089,1.062,3823.2,1
2026-04-27,relative_strength_rotation_v2,20000.0,512200,房地产ETF,金融地产,sector,2900,1.379,1.38,4002.0,6
2026-04-27,relative_strength_rotation_v2,20000.0,512690,酒ETF,消费医药,sector,8200,0.482,0.482,3952.4,3
2026-04-27,relative_strength_rotation_v2,20000.0,515790,光伏ETF,新能源制造,commodity_resource,3600,1.089,1.053,3790.8,2
2026-04-28,relative_strength_rotation_v2,20000.0,512200,房地产ETF,金融地产,sector,2900,1.379,1.385,4016.5,7
2026-04-28,relative_strength_rotation_v2,20000.0,512690,酒ETF,消费医药,sector,8200,0.482,0.482,3952.4,4
2026-04-28,relative_strength_rotation_v2,20000.0,515790,光伏ETF,新能源制造,commodity_resource,3600,1.089,1.04,3744.0,3
2026-04-29,relative_strength_rotation_v2,20000.0,512200,房地产ETF,金融地产,sector,2900,1.379,1.414,4100.6,8
2026-04-29,relative_strength_rotation_v2,20000.0,512690,酒ETF,消费医药,sector,8200,0.482,0.487,3993.4,5
2026-04-29,relative_strength_rotation_v2,20000.0,515790,光伏ETF,新能源制造,commodity_resource,3600,1.089,1.059,3812.4,4
2026-04-30,relative_strength_rotation_v2,20000.0,512200,房地产ETF,金融地产,sector,2900,1.379,1.438,4170.2,9
2026-04-30,relative_strength_rotation_v2,20000.0,512690,酒ETF,消费医药,sector,8200,0.482,0.484,3968.8,6
2026-04-30,relative_strength_rotation_v2,20000.0,515790,光伏ETF,新能源制造,commodity_resource,3600,1.089,1.063,3826.8,5
2026-05-06,relative_strength_rotation_v2,20000.0,512200,房地产ETF,金融地产,sector,2900,1.379,1.462,4239.8,10
2026-05-06,relative_strength_rotation_v2,20000.0,512690,酒ETF,消费医药,sector,8200,0.482,0.477,3911.4,7
2026-05-06,relative_strength_rotation_v2,20000.0,515790,光伏ETF,新能源制造,commodity_resource,3600,1.089,1.086,3909.6,6
2026-05-07,relative_strength_rotation_v2,20000.0,512690,酒ETF,消费医药,sector,8200,0.482,0.478,3919.6,8
2026-05-07,relative_strength_rotation_v2,20000.0,515790,光伏ETF,新能源制造,commodity_resource,3600,1.089,1.101,3963.6,7
2026-05-07,relative_strength_rotation_v2,20000.0,512800,银行ETF,金融地产,sector,5000,0.785,0.784,3920.0,0
2026-05-08,relative_strength_rotation_v2,20000.0,512690,酒ETF,消费医药,sector,8200,0.482,0.476,3903.2,9
2026-05-08,relative_strength_rotation_v2,20000.0,515790,光伏ETF,新能源制造,commodity_resource,3600,1.089,1.096,3945.6,8
2026-05-08,relative_strength_rotation_v2,20000.0,512800,银行ETF,金融地产,sector,5000,0.785,0.785,3925.0,0
2026-05-11,relative_strength_rotation_v2,20000.0,512690,酒ETF,消费医药,sector,8200,0.482,0.475,3895.0,10
2026-05-11,relative_strength_rotation_v2,20000.0,515790,光伏ETF,新能源制造,commodity_resource,3600,1.089,1.123,4042.8,9
2026-05-11,relative_strength_rotation_v2,20000.0,512800,银行ETF,金融地产,sector,5000,0.785,0.785,3925.0,1
2026-05-12,relative_strength_rotation_v2,20000.0,512690,酒ETF,消费医药,sector,8200,0.482,0.469,3845.8,11
2026-05-12,relative_strength_rotation_v2,20000.0,515790,光伏ETF,新能源制造,commodity_resource,3600,1.089,1.122,4039.2,10
2026-05-12,relative_strength_rotation_v2,20000.0,512800,银行ETF,金融地产,sector,5000,0.785,0.782,3910.0,2
2026-05-13,relative_strength_rotation_v2,20000.0,512690,酒ETF,消费医药,sector,8200,0.482,0.462,3788.4,12
2026-05-13,relative_strength_rotation_v2,20000.0,515790,光伏ETF,新能源制造,commodity_resource,3600,1.089,1.146,4125.6,11
2026-05-13,relative_strength_rotation_v2,20000.0,512800,银行ETF,金融地产,sector,5000,0.785,0.78,3900.0,3
2026-05-14,relative_strength_rotation_v2,20000.0,512690,酒ETF,消费医药,sector,8200,0.482,0.466,3821.2,13
2026-05-14,relative_strength_rotation_v2,20000.0,512800,银行ETF,金融地产,sector,5000,0.785,0.784,3920.0,4
2026-05-14,relative_strength_rotation_v2,20000.0,159992,银华创新药ETF,医药与消费升级,theme,4900,0.802,0.803,3934.7,0
2026-05-15,relative_strength_rotation_v2,20000.0,512690,酒ETF,消费医药,sector,8200,0.482,0.455,3731.0,14
2026-05-15,relative_strength_rotation_v2,20000.0,512800,银行ETF,金融地产,sector,5000,0.785,0.779,3895.0,5
2026-05-15,relative_strength_rotation_v2,20000.0,159992,银华创新药ETF,医药与消费升级,theme,4900,0.802,0.798,3910.2,0
2026-05-18,relative_strength_rotation_v2,20000.0,512690,酒ETF,消费医药,sector,8200,0.482,0.451,3698.2,15
2026-05-18,relative_strength_rotation_v2,20000.0,512800,银行ETF,金融地产,sector,5000,0.785,0.771,3855.0,6
2026-05-18,relative_strength_rotation_v2,20000.0,159992,银华创新药ETF,医药与消费升级,theme,4900,0.802,0.784,3841.6,1
2026-05-19,relative_strength_rotation_v2,20000.0,512690,酒ETF,消费医药,sector,8200,0.482,0.452,3706.4,16
2026-05-19,relative_strength_rotation_v2,20000.0,512800,银行ETF,金融地产,sector,5000,0.785,0.775,3875.0,7
2026-05-19,relative_strength_rotation_v2,20000.0,159992,银华创新药ETF,医药与消费升级,theme,4900,0.802,0.785,3846.5,2
2026-05-20,relative_strength_rotation_v2,20000.0,512690,酒ETF,消费医药,sector,8200,0.482,0.455,3731.0,17
2026-05-20,relative_strength_rotation_v2,20000.0,512800,银行ETF,金融地产,sector,5000,0.785,0.768,3840.0,8
2026-05-20,relative_strength_rotation_v2,20000.0,159992,银华创新药ETF,医药与消费升级,theme,4900,0.802,0.786,3851.4,3
2026-05-21,relative_strength_rotation_v2,20000.0,512690,酒ETF,消费医药,sector,8200,0.482,0.454,3722.8,18
2026-05-21,relative_strength_rotation_v2,20000.0,512800,银行ETF,金融地产,sector,5000,0.785,0.771,3855.0,9
2026-05-21,relative_strength_rotation_v2,20000.0,159992,银华创新药ETF,医药与消费升级,theme,4900,0.802,0.793,3885.7,4
2026-05-22,relative_strength_rotation_v2,20000.0,512690,酒ETF,消费医药,sector,8200,0.482,0.444,3640.8,19
2026-05-22,relative_strength_rotation_v2,20000.0,512800,银行ETF,金融地产,sector,5000,0.785,0.769,3845.0,10
2026-05-22,relative_strength_rotation_v2,20000.0,159992,银华创新药ETF,医药与消费升级,theme,4900,0.802,0.781,3826.9,5
2026-05-25,relative_strength_rotation_v2,20000.0,512800,银行ETF,金融地产,sector,5000,0.785,0.767,3835.0,11
2026-05-25,relative_strength_rotation_v2,20000.0,159992,银华创新药ETF,医药与消费升级,theme,4900,0.802,0.771,3777.9,6
2026-05-25,relative_strength_rotation_v2,20000.0,512400,有色ETF,周期资源,commodity_resource,1900,2.009,2.025,3847.5,0
2026-05-26,relative_strength_rotation_v2,20000.0,512800,银行ETF,金融地产,sector,5000,0.785,0.771,3855.0,12
2026-05-26,relative_strength_rotation_v2,20000.0,159992,银华创新药ETF,医药与消费升级,theme,4900,0.802,0.769,3768.1,7
2026-05-26,relative_strength_rotation_v2,20000.0,512400,有色ETF,周期资源,commodity_resource,1900,2.009,2.095,3980.5,0
2026-05-27,relative_strength_rotation_v2,20000.0,512800,银行ETF,金融地产,sector,5000,0.785,0.767,3835.0,13
2026-05-27,relative_strength_rotation_v2,20000.0,159992,银华创新药ETF,医药与消费升级,theme,4900,0.802,0.766,3753.4,8
2026-05-27,relative_strength_rotation_v2,20000.0,512400,有色ETF,周期资源,commodity_resource,1900,2.009,2.013,3824.7,1
2026-05-28,relative_strength_rotation_v2,20000.0,512800,银行ETF,金融地产,sector,5000,0.785,0.761,3805.0,14
2026-05-28,relative_strength_rotation_v2,20000.0,159992,银华创新药ETF,医药与消费升级,theme,4900,0.802,0.749,3670.1,9
2026-05-28,relative_strength_rotation_v2,20000.0,512400,有色ETF,周期资源,commodity_resource,1900,2.009,1.991,3782.9,2
2026-05-29,relative_strength_rotation_v2,20000.0,512800,银行ETF,金融地产,sector,5000,0.785,0.776,3880.0,15
2026-05-29,relative_strength_rotation_v2,20000.0,159992,银华创新药ETF,医药与消费升级,theme,4900,0.802,0.767,3758.3,10
2026-05-29,relative_strength_rotation_v2,20000.0,512400,有色ETF,周期资源,commodity_resource,1900,2.009,1.965,3733.5,3
2026-06-01,relative_strength_rotation_v2,20000.0,512800,银行ETF,金融地产,sector,5000,0.785,0.785,3925.0,16
2026-06-01,relative_strength_rotation_v2,20000.0,159992,银华创新药ETF,医药与消费升级,theme,4900,0.802,0.757,3709.3,11
2026-06-01,relative_strength_rotation_v2,20000.0,512400,有色ETF,周期资源,commodity_resource,1900,2.009,1.949,3703.1,4
2026-06-02,relative_strength_rotation_v2,20000.0,512800,银行ETF,金融地产,sector,5000,0.785,0.79,3950.0,17
2026-06-02,relative_strength_rotation_v2,20000.0,159992,银华创新药ETF,医药与消费升级,theme,4900,0.802,0.746,3655.4,12
2026-06-02,relative_strength_rotation_v2,20000.0,512400,有色ETF,周期资源,commodity_resource,1900,2.009,2.015,3828.5,5
2026-06-03,relative_strength_rotation_v2,20000.0,159992,银华创新药ETF,医药与消费升级,theme,4900,0.802,0.733,3591.7,13
2026-06-03,relative_strength_rotation_v2,20000.0,512400,有色ETF,周期资源,commodity_resource,1900,2.009,2.032,3860.8,6
2026-06-03,relative_strength_rotation_v2,20000.0,159870,化工ETF,周期、资源、商品,commodity_resource,4800,0.823,0.83,3984.0,0
2026-06-04,relative_strength_rotation_v2,20000.0,159992,银华创新药ETF,医药与消费升级,theme,4900,0.802,0.724,3547.6,14
2026-06-04,relative_strength_rotation_v2,20000.0,512400,有色ETF,周期资源,commodity_resource,1900,2.009,1.97,3743.0,7
2026-06-04,relative_strength_rotation_v2,20000.0,159870,化工ETF,周期、资源、商品,commodity_resource,4800,0.823,0.814,3907.2,0
2026-06-05,relative_strength_rotation_v2,20000.0,159992,银华创新药ETF,医药与消费升级,theme,4900,0.802,0.724,3547.6,15
2026-06-05,relative_strength_rotation_v2,20000.0,512400,有色ETF,周期资源,commodity_resource,1900,2.009,1.926,3659.4,8
2026-06-05,relative_strength_rotation_v2,20000.0,159870,化工ETF,周期、资源、商品,commodity_resource,4800,0.823,0.816,3916.8,1
2026-06-08,relative_strength_rotation_v2,20000.0,159992,银华创新药ETF,医药与消费升级,theme,4900,0.802,0.707,3464.3,16
2026-06-08,relative_strength_rotation_v2,20000.0,512400,有色ETF,周期资源,commodity_resource,1900,2.009,1.82,3458.0,9
2026-06-08,relative_strength_rotation_v2,20000.0,159870,化工ETF,周期、资源、商品,commodity_resource,4800,0.823,0.791,3796.8,2
2026-06-09,relative_strength_rotation_v2,20000.0,159992,银华创新药ETF,医药与消费升级,theme,4900,0.802,0.709,3474.1,17
2026-06-09,relative_strength_rotation_v2,20000.0,512400,有色ETF,周期资源,commodity_resource,1900,2.009,1.869,3551.1,10
2026-06-09,relative_strength_rotation_v2,20000.0,159870,化工ETF,周期、资源、商品,commodity_resource,4800,0.823,0.804,3859.2,3
2026-06-10,relative_strength_rotation_v2,20000.0,159992,银华创新药ETF,医药与消费升级,theme,4900,0.802,0.721,3532.9,18
2026-06-10,relative_strength_rotation_v2,20000.0,512400,有色ETF,周期资源,commodity_resource,1900,2.009,1.843,3501.7,11
2026-06-10,relative_strength_rotation_v2,20000.0,159870,化工ETF,周期、资源、商品,commodity_resource,4800,0.823,0.804,3859.2,4
2026-06-11,relative_strength_rotation_v2,20000.0,159992,银华创新药ETF,医药与消费升级,theme,4900,0.802,0.718,3518.2,19
2026-06-11,relative_strength_rotation_v2,20000.0,512400,有色ETF,周期资源,commodity_resource,1900,2.009,1.88,3572.0,12
2026-06-11,relative_strength_rotation_v2,20000.0,159870,化工ETF,周期、资源、商品,commodity_resource,4800,0.823,0.816,3916.8,5
2026-06-12,relative_strength_rotation_v2,20000.0,512400,有色ETF,周期资源,commodity_resource,1900,2.009,1.976,3754.4,13
2026-06-12,relative_strength_rotation_v2,20000.0,159870,化工ETF,周期、资源、商品,commodity_resource,4800,0.823,0.844,4051.2,6
2026-06-12,relative_strength_rotation_v2,20000.0,512200,房地产ETF,金融地产,sector,3100,1.286,1.277,3958.7,0
2026-06-15,relative_strength_rotation_v2,20000.0,512400,有色ETF,周期资源,commodity_resource,1900,2.009,2.063,3919.7,14
2026-06-15,relative_strength_rotation_v2,20000.0,159870,化工ETF,周期、资源、商品,commodity_resource,4800,0.823,0.866,4156.8,7
2026-06-15,relative_strength_rotation_v2,20000.0,512200,房地产ETF,金融地产,sector,3100,1.286,1.285,3983.5,0
2026-06-16,relative_strength_rotation_v2,20000.0,159870,化工ETF,周期、资源、商品,commodity_resource,4800,0.823,0.856,4108.8,8
2026-06-16,relative_strength_rotation_v2,20000.0,512200,房地产ETF,金融地产,sector,3100,1.286,1.259,3902.9,1
2026-06-16,relative_strength_rotation_v2,20000.0,512170,医疗ETF,消费医药,sector,13600,0.293,0.293,3984.8,0
2026-06-17,relative_strength_rotation_v2,20000.0,159870,化工ETF,周期、资源、商品,commodity_resource,4800,0.823,0.858,4118.4,9
2026-06-17,relative_strength_rotation_v2,20000.0,512200,房地产ETF,金融地产,sector,3100,1.286,1.257,3896.7,2
2026-06-17,relative_strength_rotation_v2,20000.0,512170,医疗ETF,消费医药,sector,13600,0.293,0.294,3998.4,0
2025-05-30,low_turnover_stable_ranking_v2,20000.0,588000,科创50ETF,宽基,broad_index,3800,1.028,1.03,3914.0,0
2025-05-30,low_turnover_stable_ranking_v2,20000.0,512690,酒ETF,消费医药,sector,6900,0.577,0.581,4008.9,0
2025-05-30,low_turnover_stable_ranking_v2,20000.0,512200,房地产ETF,金融地产,sector,2900,1.336,1.345,3900.5,0
2025-06-03,low_turnover_stable_ranking_v2,20000.0,588000,科创50ETF,宽基,broad_index,3800,1.028,1.034,3929.2,0
2025-06-03,low_turnover_stable_ranking_v2,20000.0,512690,酒ETF,消费医药,sector,6900,0.577,0.576,3974.4,0
2025-06-03,low_turnover_stable_ranking_v2,20000.0,512200,房地产ETF,金融地产,sector,2900,1.336,1.341,3888.9,0
2025-06-04,low_turnover_stable_ranking_v2,20000.0,588000,科创50ETF,宽基,broad_index,3800,1.028,1.04,3952.0,1
2025-06-04,low_turnover_stable_ranking_v2,20000.0,512690,酒ETF,消费医药,sector,6900,0.577,0.577,3981.3,1
2025-06-04,low_turnover_stable_ranking_v2,20000.0,512200,房地产ETF,金融地产,sector,2900,1.336,1.354,3926.6,1
2025-06-05,low_turnover_stable_ranking_v2,20000.0,588000,科创50ETF,宽基,broad_index,3800,1.028,1.051,3993.8,2
2025-06-05,low_turnover_stable_ranking_v2,20000.0,512690,酒ETF,消费医药,sector,6900,0.577,0.578,3988.2,2
2025-06-05,low_turnover_stable_ranking_v2,20000.0,512200,房地产ETF,金融地产,sector,2900,1.336,1.355,3929.5,2
2025-06-06,low_turnover_stable_ranking_v2,20000.0,588000,科创50ETF,宽基,broad_index,3800,1.028,1.047,3978.6,3
2025-06-06,low_turnover_stable_ranking_v2,20000.0,512690,酒ETF,消费医药,sector,6900,0.577,0.577,3981.3,3
2025-06-06,low_turnover_stable_ranking_v2,20000.0,512200,房地产ETF,金融地产,sector,2900,1.336,1.355,3929.5,3
2025-06-09,low_turnover_stable_ranking_v2,20000.0,588000,科创50ETF,宽基,broad_index,3800,1.028,1.053,4001.4,4
2025-06-09,low_turnover_stable_ranking_v2,20000.0,512690,酒ETF,消费医药,sector,6900,0.577,0.574,3960.6,4
2025-06-09,low_turnover_stable_ranking_v2,20000.0,512200,房地产ETF,金融地产,sector,2900,1.336,1.359,3941.1,4
2025-06-10,low_turnover_stable_ranking_v2,20000.0,588000,科创50ETF,宽基,broad_index,3800,1.028,1.032,3921.6,5
2025-06-10,low_turnover_stable_ranking_v2,20000.0,512690,酒ETF,消费医药,sector,6900,0.577,0.569,3926.1,5
2025-06-10,low_turnover_stable_ranking_v2,20000.0,512200,房地产ETF,金融地产,sector,2900,1.336,1.351,3917.9,5
2025-06-11,low_turnover_stable_ranking_v2,20000.0,588000,科创50ETF,宽基,broad_index,3800,1.028,1.031,3917.8,6
2025-06-11,low_turnover_stable_ranking_v2,20000.0,512690,酒ETF,消费医药,sector,6900,0.577,0.57,3933.0,6
2025-06-11,low_turnover_stable_ranking_v2,20000.0,512200,房地产ETF,金融地产,sector,2900,1.336,1.361,3946.9,6
2025-06-12,low_turnover_stable_ranking_v2,20000.0,588000,科创50ETF,宽基,broad_index,3800,1.028,1.027,3902.6,7
2025-06-12,low_turnover_stable_ranking_v2,20000.0,512690,酒ETF,消费医药,sector,6900,0.577,0.56,3864.0,7
2025-06-12,low_turnover_stable_ranking_v2,20000.0,512200,房地产ETF,金融地产,sector,2900,1.336,1.353,3923.7,7
2025-06-13,low_turnover_stable_ranking_v2,20000.0,588000,科创50ETF,宽基,broad_index,3800,1.028,1.022,3883.6,8
2025-06-13,low_turnover_stable_ranking_v2,20000.0,512690,酒ETF,消费医药,sector,6900,0.577,0.545,3760.5,8
2025-06-13,low_turnover_stable_ranking_v2,20000.0,512200,房地产ETF,金融地产,sector,2900,1.336,1.332,3862.8,8
2025-06-16,low_turnover_stable_ranking_v2,20000.0,588000,科创50ETF,宽基,broad_index,3800,1.028,1.021,3879.8,9
2025-06-16,low_turnover_stable_ranking_v2,20000.0,512690,酒ETF,消费医药,sector,6900,0.577,0.546,3767.4,9
2025-06-16,low_turnover_stable_ranking_v2,20000.0,512200,房地产ETF,金融地产,sector,2900,1.336,1.359,3941.1,9
2025-06-17,low_turnover_stable_ranking_v2,20000.0,588000,科创50ETF,宽基,broad_index,3800,1.028,1.012,3845.6,10
2025-06-17,low_turnover_stable_ranking_v2,20000.0,512690,酒ETF,消费医药,sector,6900,0.577,0.547,3774.3,10
2025-06-17,low_turnover_stable_ranking_v2,20000.0,512200,房地产ETF,金融地产,sector,2900,1.336,1.354,3926.6,10
2025-06-18,low_turnover_stable_ranking_v2,20000.0,588000,科创50ETF,宽基,broad_index,3800,1.028,1.018,3868.4,11
2025-06-18,low_turnover_stable_ranking_v2,20000.0,512690,酒ETF,消费医药,sector,6900,0.577,0.55,3795.0,11
2025-06-18,low_turnover_stable_ranking_v2,20000.0,512200,房地产ETF,金融地产,sector,2900,1.336,1.337,3877.3,11
2025-06-19,low_turnover_stable_ranking_v2,20000.0,588000,科创50ETF,宽基,broad_index,3800,1.028,1.012,3845.6,12
2025-06-19,low_turnover_stable_ranking_v2,20000.0,512690,酒ETF,消费医药,sector,6900,0.577,0.546,3767.4,12
2025-06-19,low_turnover_stable_ranking_v2,20000.0,512200,房地产ETF,金融地产,sector,2900,1.336,1.31,3799.0,12
2025-06-20,low_turnover_stable_ranking_v2,20000.0,588000,科创50ETF,宽基,broad_index,3800,1.028,1.006,3822.8,13
2025-06-20,low_turnover_stable_ranking_v2,20000.0,512690,酒ETF,消费医药,sector,6900,0.577,0.558,3850.2,13
2025-06-20,low_turnover_stable_ranking_v2,20000.0,512200,房地产ETF,金融地产,sector,2900,1.336,1.31,3799.0,13
2025-06-23,low_turnover_stable_ranking_v2,20000.0,588000,科创50ETF,宽基,broad_index,3800,1.028,1.012,3845.6,14
2025-06-23,low_turnover_stable_ranking_v2,20000.0,512690,酒ETF,消费医药,sector,6900,0.577,0.551,3801.9,14
2025-06-23,low_turnover_stable_ranking_v2,20000.0,512200,房地产ETF,金融地产,sector,2900,1.336,1.316,3816.4,14
2025-06-24,low_turnover_stable_ranking_v2,20000.0,588000,科创50ETF,宽基,broad_index,3800,1.028,1.029,3910.2,15
2025-06-24,low_turnover_stable_ranking_v2,20000.0,512690,酒ETF,消费医药,sector,6900,0.577,0.555,3829.5,15
2025-06-24,low_turnover_stable_ranking_v2,20000.0,512200,房地产ETF,金融地产,sector,2900,1.336,1.332,3862.8,15
2025-06-25,low_turnover_stable_ranking_v2,20000.0,588000,科创50ETF,宽基,broad_index,3800,1.028,1.048,3982.4,16
2025-06-25,low_turnover_stable_ranking_v2,20000.0,512690,酒ETF,消费医药,sector,6900,0.577,0.556,3836.4,16
2025-06-25,low_turnover_stable_ranking_v2,20000.0,512200,房地产ETF,金融地产,sector,2900,1.336,1.354,3926.6,16
2025-06-26,low_turnover_stable_ranking_v2,20000.0,588000,科创50ETF,宽基,broad_index,3800,1.028,1.041,3955.8,17
2025-06-26,low_turnover_stable_ranking_v2,20000.0,512690,酒ETF,消费医药,sector,6900,0.577,0.556,3836.4,17
2025-06-26,low_turnover_stable_ranking_v2,20000.0,512200,房地产ETF,金融地产,sector,2900,1.336,1.349,3912.1,17
2025-06-27,low_turnover_stable_ranking_v2,20000.0,588000,科创50ETF,宽基,broad_index,3800,1.028,1.041,3955.8,18
2025-06-27,low_turnover_stable_ranking_v2,20000.0,512690,酒ETF,消费医药,sector,6900,0.577,0.552,3808.8,18
2025-06-27,low_turnover_stable_ranking_v2,20000.0,512200,房地产ETF,金融地产,sector,2900,1.336,1.351,3917.9,18
2025-06-30,low_turnover_stable_ranking_v2,20000.0,588000,科创50ETF,宽基,broad_index,3800,1.028,1.056,4012.8,19
2025-06-30,low_turnover_stable_ranking_v2,20000.0,512690,酒ETF,消费医药,sector,6900,0.577,0.555,3829.5,19
2025-06-30,low_turnover_stable_ranking_v2,20000.0,512200,房地产ETF,金融地产,sector,2900,1.336,1.359,3941.1,19
2025-07-01,low_turnover_stable_ranking_v2,20000.0,512010,医药ETF,消费医药,sector,10700,0.371,0.37,3959.0,0
2025-07-01,low_turnover_stable_ranking_v2,20000.0,159905,深红利ETF,防御风格,sector,2400,1.629,1.629,3909.6,0
2025-07-01,low_turnover_stable_ranking_v2,20000.0,512170,医疗ETF,消费医药,sector,12000,0.333,0.333,3996.0,0
2025-07-02,low_turnover_stable_ranking_v2,20000.0,512010,医药ETF,消费医药,sector,10700,0.371,0.368,3937.6,0
2025-07-02,low_turnover_stable_ranking_v2,20000.0,159905,深红利ETF,防御风格,sector,2400,1.629,1.635,3924.0,0
2025-07-02,low_turnover_stable_ranking_v2,20000.0,512170,医疗ETF,消费医药,sector,12000,0.333,0.331,3972.0,0
2025-07-03,low_turnover_stable_ranking_v2,20000.0,512010,医药ETF,消费医药,sector,10700,0.371,0.37,3959.0,1
2025-07-03,low_turnover_stable_ranking_v2,20000.0,159905,深红利ETF,防御风格,sector,2400,1.629,1.64,3936.0,1
2025-07-03,low_turnover_stable_ranking_v2,20000.0,512170,医疗ETF,消费医药,sector,12000,0.333,0.332,3984.0,1
2025-07-04,low_turnover_stable_ranking_v2,20000.0,512010,医药ETF,消费医药,sector,10700,0.371,0.371,3969.7,2
2025-07-04,low_turnover_stable_ranking_v2,20000.0,159905,深红利ETF,防御风格,sector,2400,1.629,1.644,3945.6,2
2025-07-04,low_turnover_stable_ranking_v2,20000.0,512170,医疗ETF,消费医药,sector,12000,0.333,0.332,3984.0,2
2025-07-07,low_turnover_stable_ranking_v2,20000.0,512010,医药ETF,消费医药,sector,10700,0.371,0.367,3926.9,3
2025-07-07,low_turnover_stable_ranking_v2,20000.0,159905,深红利ETF,防御风格,sector,2400,1.629,1.635,3924.0,3
2025-07-07,low_turnover_stable_ranking_v2,20000.0,512170,医疗ETF,消费医药,sector,12000,0.333,0.329,3948.0,3
2025-07-08,low_turnover_stable_ranking_v2,20000.0,512010,医药ETF,消费医药,sector,10700,0.371,0.369,3948.3,4
2025-07-08,low_turnover_stable_ranking_v2,20000.0,159905,深红利ETF,防御风格,sector,2400,1.629,1.642,3940.8,4
2025-07-08,low_turnover_stable_ranking_v2,20000.0,512170,医疗ETF,消费医药,sector,12000,0.333,0.332,3984.0,4
2025-07-09,low_turnover_stable_ranking_v2,20000.0,512010,医药ETF,消费医药,sector,10700,0.371,0.374,4001.8,5
2025-07-09,low_turnover_stable_ranking_v2,20000.0,159905,深红利ETF,防御风格,sector,2400,1.629,1.64,3936.0,5
2025-07-09,low_turnover_stable_ranking_v2,20000.0,512170,医疗ETF,消费医药,sector,12000,0.333,0.333,3996.0,5
2025-07-10,low_turnover_stable_ranking_v2,20000.0,512010,医药ETF,消费医药,sector,10700,0.371,0.375,4012.5,6
2025-07-10,low_turnover_stable_ranking_v2,20000.0,159905,深红利ETF,防御风格,sector,2400,1.629,1.646,3950.4,6
2025-07-10,low_turnover_stable_ranking_v2,20000.0,512170,医疗ETF,消费医药,sector,12000,0.333,0.335,4020.0,6
2025-07-11,low_turnover_stable_ranking_v2,20000.0,512010,医药ETF,消费医药,sector,10700,0.371,0.381,4076.7,7
2025-07-11,low_turnover_stable_ranking_v2,20000.0,159905,深红利ETF,防御风格,sector,2400,1.629,1.66,3984.0,7
2025-07-11,low_turnover_stable_ranking_v2,20000.0,512170,医疗ETF,消费医药,sector,12000,0.333,0.341,4092.0,7
2025-07-14,low_turnover_stable_ranking_v2,20000.0,512010,医药ETF,消费医药,sector,10700,0.371,0.38,4066.0,8
2025-07-14,low_turnover_stable_ranking_v2,20000.0,159905,深红利ETF,防御风格,sector,2400,1.629,1.662,3988.8,8
2025-07-14,low_turnover_stable_ranking_v2,20000.0,512170,医疗ETF,消费医药,sector,12000,0.333,0.34,4080.0,8
2025-07-15,low_turnover_stable_ranking_v2,20000.0,512010,医药ETF,消费医药,sector,10700,0.371,0.381,4076.7,9
2025-07-15,low_turnover_stable_ranking_v2,20000.0,159905,深红利ETF,防御风格,sector,2400,1.629,1.658,3979.2,9
2025-07-15,low_turnover_stable_ranking_v2,20000.0,512170,医疗ETF,消费医药,sector,12000,0.333,0.339,4068.0,9
2025-07-16,low_turnover_stable_ranking_v2,20000.0,512010,医药ETF,消费医药,sector,10700,0.371,0.381,4076.7,10
2025-07-16,low_turnover_stable_ranking_v2,20000.0,159905,深红利ETF,防御风格,sector,2400,1.629,1.657,3976.8,10
2025-07-16,low_turnover_stable_ranking_v2,20000.0,512170,医疗ETF,消费医药,sector,12000,0.333,0.341,4092.0,10
2025-07-17,low_turnover_stable_ranking_v2,20000.0,512010,医药ETF,消费医药,sector,10700,0.371,0.387,4140.9,11
2025-07-17,low_turnover_stable_ranking_v2,20000.0,159905,深红利ETF,防御风格,sector,2400,1.629,1.662,3988.8,11
2025-07-17,low_turnover_stable_ranking_v2,20000.0,512170,医疗ETF,消费医药,sector,12000,0.333,0.345,4140.0,11
2025-07-18,low_turnover_stable_ranking_v2,20000.0,512010,医药ETF,消费医药,sector,10700,0.371,0.391,4183.7,12
2025-07-18,low_turnover_stable_ranking_v2,20000.0,159905,深红利ETF,防御风格,sector,2400,1.629,1.675,4020.0,12
2025-07-18,low_turnover_stable_ranking_v2,20000.0,512170,医疗ETF,消费医药,sector,12000,0.333,0.348,4176.0,12
2025-07-21,low_turnover_stable_ranking_v2,20000.0,512010,医药ETF,消费医药,sector,10700,0.371,0.39,4173.0,13
2025-07-21,low_turnover_stable_ranking_v2,20000.0,159905,深红利ETF,防御风格,sector,2400,1.629,1.688,4051.2,13
2025-07-21,low_turnover_stable_ranking_v2,20000.0,512170,医疗ETF,消费医药,sector,12000,0.333,0.348,4176.0,13
2025-07-22,low_turnover_stable_ranking_v2,20000.0,512010,医药ETF,消费医药,sector,10700,0.371,0.392,4194.4,14
2025-07-22,low_turnover_stable_ranking_v2,20000.0,159905,深红利ETF,防御风格,sector,2400,1.629,1.719,4125.6,14
2025-07-22,low_turnover_stable_ranking_v2,20000.0,512170,医疗ETF,消费医药,sector,12000,0.333,0.35,4200.0,14
2025-07-23,low_turnover_stable_ranking_v2,20000.0,512010,医药ETF,消费医药,sector,10700,0.371,0.393,4205.1,15
2025-07-23,low_turnover_stable_ranking_v2,20000.0,159905,深红利ETF,防御风格,sector,2400,1.629,1.712,4108.8,15
2025-07-23,low_turnover_stable_ranking_v2,20000.0,512170,医疗ETF,消费医药,sector,12000,0.333,0.354,4248.0,15
2025-07-24,low_turnover_stable_ranking_v2,20000.0,512010,医药ETF,消费医药,sector,10700,0.371,0.401,4290.7,16
2025-07-24,low_turnover_stable_ranking_v2,20000.0,159905,深红利ETF,防御风格,sector,2400,1.629,1.719,4125.6,16
2025-07-24,low_turnover_stable_ranking_v2,20000.0,512800,银行ETF,金融地产,sector,4600,0.858,0.859,3951.4,0
2025-07-25,low_turnover_stable_ranking_v2,20000.0,512010,医药ETF,消费医药,sector,10700,0.371,0.401,4290.7,17
2025-07-25,low_turnover_stable_ranking_v2,20000.0,159905,深红利ETF,防御风格,sector,2400,1.629,1.702,4084.8,17
2025-07-25,low_turnover_stable_ranking_v2,20000.0,512800,银行ETF,金融地产,sector,4600,0.858,0.858,3946.8,0
2025-07-28,low_turnover_stable_ranking_v2,20000.0,159905,深红利ETF,防御风格,sector,2400,1.629,1.696,4070.4,18
2025-07-28,low_turnover_stable_ranking_v2,20000.0,512800,银行ETF,金融地产,sector,4600,0.858,0.86,3956.0,1
2025-07-29,low_turnover_stable_ranking_v2,20000.0,159905,深红利ETF,防御风格,sector,2400,1.629,1.689,4053.6,19
2025-07-29,low_turnover_stable_ranking_v2,20000.0,512800,银行ETF,金融地产,sector,4600,0.858,0.849,3905.4,2
2025-07-29,low_turnover_stable_ranking_v2,20000.0,518880,黄金ETF,防御风格,commodity_resource,500,7.387,7.363,3681.5,0
2025-07-30,low_turnover_stable_ranking_v2,20000.0,512800,银行ETF,金融地产,sector,4600,0.858,0.854,3928.4,3
2025-07-30,low_turnover_stable_ranking_v2,20000.0,518880,黄金ETF,防御风格,commodity_resource,500,7.387,7.377,3688.5,0
2025-07-31,low_turnover_stable_ranking_v2,20000.0,512800,银行ETF,金融地产,sector,4600,0.858,0.848,3900.8,4
2025-07-31,low_turnover_stable_ranking_v2,20000.0,518880,黄金ETF,防御风格,commodity_resource,500,7.387,7.35,3675.0,1
2025-07-31,low_turnover_stable_ranking_v2,20000.0,512890,红利低波ETF,防御风格,sector,3300,1.18,1.18,3894.0,0
2025-08-01,low_turnover_stable_ranking_v2,20000.0,512800,银行ETF,金融地产,sector,4600,0.858,0.853,3923.8,5
2025-08-01,low_turnover_stable_ranking_v2,20000.0,518880,黄金ETF,防御风格,commodity_resource,500,7.387,7.352,3676.0,2
2025-08-01,low_turnover_stable_ranking_v2,20000.0,512890,红利低波ETF,防御风格,sector,3300,1.18,1.181,3897.3,0
2025-08-04,low_turnover_stable_ranking_v2,20000.0,512800,银行ETF,金融地产,sector,4600,0.858,0.858,3946.8,6
2025-08-04,low_turnover_stable_ranking_v2,20000.0,518880,黄金ETF,防御风格,commodity_resource,500,7.387,7.446,3723.0,3
2025-08-04,low_turnover_stable_ranking_v2,20000.0,512890,红利低波ETF,防御风格,sector,3300,1.18,1.187,3917.1,1
2025-08-05,low_turnover_stable_ranking_v2,20000.0,512800,银行ETF,金融地产,sector,4600,0.858,0.871,4006.6,7
2025-08-05,low_turnover_stable_ranking_v2,20000.0,518880,黄金ETF,防御风格,commodity_resource,500,7.387,7.455,3727.5,4
2025-08-05,low_turnover_stable_ranking_v2,20000.0,512890,红利低波ETF,防御风格,sector,3300,1.18,1.2,3960.0,2
2025-08-06,low_turnover_stable_ranking_v2,20000.0,512800,银行ETF,金融地产,sector,4600,0.858,0.87,4002.0,8
2025-08-06,low_turnover_stable_ranking_v2,20000.0,518880,黄金ETF,防御风格,commodity_resource,500,7.387,7.468,3734.0,5
2025-08-06,low_turnover_stable_ranking_v2,20000.0,512890,红利低波ETF,防御风格,sector,3300,1.18,1.201,3963.3,3
2025-08-07,low_turnover_stable_ranking_v2,20000.0,512800,银行ETF,金融地产,sector,4600,0.858,0.874,4020.4,9
2025-08-07,low_turnover_stable_ranking_v2,20000.0,518880,黄金ETF,防御风格,commodity_resource,500,7.387,7.484,3742.0,6
2025-08-07,low_turnover_stable_ranking_v2,20000.0,512890,红利低波ETF,防御风格,sector,3300,1.18,1.206,3979.8,4
2025-08-08,low_turnover_stable_ranking_v2,20000.0,512800,银行ETF,金融地产,sector,4600,0.858,0.87,4002.0,10
2025-08-08,low_turnover_stable_ranking_v2,20000.0,518880,黄金ETF,防御风格,commodity_resource,500,7.387,7.508,3754.0,7
2025-08-08,low_turnover_stable_ranking_v2,20000.0,512890,红利低波ETF,防御风格,sector,3300,1.18,1.207,3983.1,5
2025-08-11,low_turnover_stable_ranking_v2,20000.0,512800,银行ETF,金融地产,sector,4600,0.858,0.863,3969.8,11
2025-08-11,low_turnover_stable_ranking_v2,20000.0,518880,黄金ETF,防御风格,commodity_resource,500,7.387,7.429,3714.5,8
2025-08-11,low_turnover_stable_ranking_v2,20000.0,512890,红利低波ETF,防御风格,sector,3300,1.18,1.2,3960.0,6
2025-08-12,low_turnover_stable_ranking_v2,20000.0,512800,银行ETF,金融地产,sector,4600,0.858,0.865,3979.0,12
2025-08-12,low_turnover_stable_ranking_v2,20000.0,518880,黄金ETF,防御风格,commodity_resource,500,7.387,7.399,3699.5,9
2025-08-12,low_turnover_stable_ranking_v2,20000.0,512890,红利低波ETF,防御风格,sector,3300,1.18,1.202,3966.6,7
2025-08-13,low_turnover_stable_ranking_v2,20000.0,512800,银行ETF,金融地产,sector,4600,0.858,0.857,3942.2,13
2025-08-13,low_turnover_stable_ranking_v2,20000.0,518880,黄金ETF,防御风格,commodity_resource,500,7.387,7.415,3707.5,10
2025-08-13,low_turnover_stable_ranking_v2,20000.0,512890,红利低波ETF,防御风格,sector,3300,1.18,1.198,3953.4,8
2025-08-14,low_turnover_stable_ranking_v2,20000.0,512800,银行ETF,金融地产,sector,4600,0.858,0.856,3937.6,14
2025-08-14,low_turnover_stable_ranking_v2,20000.0,518880,黄金ETF,防御风格,commodity_resource,500,7.387,7.424,3712.0,11
2025-08-14,low_turnover_stable_ranking_v2,20000.0,512890,红利低波ETF,防御风格,sector,3300,1.18,1.199,3956.7,9
2025-08-15,low_turnover_stable_ranking_v2,20000.0,512800,银行ETF,金融地产,sector,4600,0.858,0.844,3882.4,15
2025-08-15,low_turnover_stable_ranking_v2,20000.0,518880,黄金ETF,防御风格,commodity_resource,500,7.387,7.401,3700.5,12
2025-08-15,low_turnover_stable_ranking_v2,20000.0,512890,红利低波ETF,防御风格,sector,3300,1.18,1.195,3943.5,10
2025-08-18,low_turnover_stable_ranking_v2,20000.0,512800,银行ETF,金融地产,sector,4600,0.858,0.846,3891.6,16
2025-08-18,low_turnover_stable_ranking_v2,20000.0,518880,黄金ETF,防御风格,commodity_resource,500,7.387,7.413,3706.5,13
2025-08-18,low_turnover_stable_ranking_v2,20000.0,512890,红利低波ETF,防御风格,sector,3300,1.18,1.197,3950.1,11
2025-08-19,low_turnover_stable_ranking_v2,20000.0,512800,银行ETF,金融地产,sector,4600,0.858,0.847,3896.2,17
2025-08-19,low_turnover_stable_ranking_v2,20000.0,518880,黄金ETF,防御风格,commodity_resource,500,7.387,7.391,3695.5,14
2025-08-19,low_turnover_stable_ranking_v2,20000.0,512890,红利低波ETF,防御风格,sector,3300,1.18,1.196,3946.8,12
2025-08-20,low_turnover_stable_ranking_v2,20000.0,512800,银行ETF,金融地产,sector,4600,0.858,0.851,3914.6,18
2025-08-20,low_turnover_stable_ranking_v2,20000.0,518880,黄金ETF,防御风格,commodity_resource,500,7.387,7.374,3687.0,15
2025-08-20,low_turnover_stable_ranking_v2,20000.0,512890,红利低波ETF,防御风格,sector,3300,1.18,1.207,3983.1,13
2025-08-21,low_turnover_stable_ranking_v2,20000.0,512800,银行ETF,金融地产,sector,4600,0.858,0.855,3933.0,19
2025-08-21,low_turnover_stable_ranking_v2,20000.0,518880,黄金ETF,防御风格,commodity_resource,500,7.387,7.394,3697.0,16
2025-08-21,low_turnover_stable_ranking_v2,20000.0,512890,红利低波ETF,防御风格,sector,3300,1.18,1.214,4006.2,14
2025-08-22,low_turnover_stable_ranking_v2,20000.0,518880,黄金ETF,防御风格,commodity_resource,500,7.387,7.378,3689.0,17
2025-08-22,low_turnover_stable_ranking_v2,20000.0,512890,红利低波ETF,防御风格,sector,3300,1.18,1.209,3989.7,15
2025-08-22,low_turnover_stable_ranking_v2,20000.0,515220,煤炭ETF,周期资源,commodity_resource,3700,1.06,1.054,3899.8,0
2025-08-25,low_turnover_stable_ranking_v2,20000.0,518880,黄金ETF,防御风格,commodity_resource,500,7.387,7.427,3713.5,18
2025-08-25,low_turnover_stable_ranking_v2,20000.0,512890,红利低波ETF,防御风格,sector,3300,1.18,1.219,4022.7,16
2025-08-25,low_turnover_stable_ranking_v2,20000.0,515220,煤炭ETF,周期资源,commodity_resource,3700,1.06,1.068,3951.6,0
2025-08-26,low_turnover_stable_ranking_v2,20000.0,518880,黄金ETF,防御风格,commodity_resource,500,7.387,7.449,3724.5,19
2025-08-26,low_turnover_stable_ranking_v2,20000.0,512890,红利低波ETF,防御风格,sector,3300,1.18,1.216,4012.8,17
2025-08-26,low_turnover_stable_ranking_v2,20000.0,515220,煤炭ETF,周期资源,commodity_resource,3700,1.06,1.059,3918.3,1
2025-08-27,low_turnover_stable_ranking_v2,20000.0,512890,红利低波ETF,防御风格,sector,3300,1.18,1.197,3950.1,18
2025-08-27,low_turnover_stable_ranking_v2,20000.0,515220,煤炭ETF,周期资源,commodity_resource,3700,1.06,1.03,3811.0,2
2025-08-27,low_turnover_stable_ranking_v2,20000.0,159930,能源ETF,周期资源,commodity_resource,2900,1.341,1.344,3897.6,0
2025-08-28,low_turnover_stable_ranking_v2,20000.0,512890,红利低波ETF,防御风格,sector,3300,1.18,1.197,3950.1,19
2025-08-28,low_turnover_stable_ranking_v2,20000.0,515220,煤炭ETF,周期资源,commodity_resource,3700,1.06,1.023,3785.1,3
2025-08-28,low_turnover_stable_ranking_v2,20000.0,159930,能源ETF,周期资源,commodity_resource,2900,1.341,1.345,3900.5,0
2025-08-29,low_turnover_stable_ranking_v2,20000.0,515220,煤炭ETF,周期资源,commodity_resource,3700,1.06,1.022,3781.4,4
2025-08-29,low_turnover_stable_ranking_v2,20000.0,159930,能源ETF,周期资源,commodity_resource,2900,1.341,1.331,3859.9,1
2025-08-29,low_turnover_stable_ranking_v2,20000.0,512800,银行ETF,金融地产,sector,4700,0.834,0.836,3929.2,0
2025-09-01,low_turnover_stable_ranking_v2,20000.0,515220,煤炭ETF,周期资源,commodity_resource,3700,1.06,1.024,3788.8,5
2025-09-01,low_turnover_stable_ranking_v2,20000.0,159930,能源ETF,周期资源,commodity_resource,2900,1.341,1.338,3880.2,2
2025-09-01,low_turnover_stable_ranking_v2,20000.0,512800,银行ETF,金融地产,sector,4700,0.834,0.826,3882.2,0
2025-09-02,low_turnover_stable_ranking_v2,20000.0,515220,煤炭ETF,周期资源,commodity_resource,3700,1.06,1.017,3762.9,6
2025-09-02,low_turnover_stable_ranking_v2,20000.0,159930,能源ETF,周期资源,commodity_resource,2900,1.341,1.341,3888.9,3
2025-09-02,low_turnover_stable_ranking_v2,20000.0,512800,银行ETF,金融地产,sector,4700,0.834,0.842,3957.4,1
2025-09-03,low_turnover_stable_ranking_v2,20000.0,515220,煤炭ETF,周期资源,commodity_resource,3700,1.06,1.0,3700.0,7
2025-09-03,low_turnover_stable_ranking_v2,20000.0,159930,能源ETF,周期资源,commodity_resource,2900,1.341,1.328,3851.2,4
2025-09-03,low_turnover_stable_ranking_v2,20000.0,512800,银行ETF,金融地产,sector,4700,0.834,0.83,3901.0,2
2025-09-04,low_turnover_stable_ranking_v2,20000.0,515220,煤炭ETF,周期资源,commodity_resource,3700,1.06,1.004,3714.8,8
2025-09-04,low_turnover_stable_ranking_v2,20000.0,159930,能源ETF,周期资源,commodity_resource,2900,1.341,1.324,3839.6,5
2025-09-04,low_turnover_stable_ranking_v2,20000.0,512800,银行ETF,金融地产,sector,4700,0.834,0.838,3938.6,3
2025-09-05,low_turnover_stable_ranking_v2,20000.0,515220,煤炭ETF,周期资源,commodity_resource,3700,1.06,1.017,3762.9,9
2025-09-05,low_turnover_stable_ranking_v2,20000.0,159930,能源ETF,周期资源,commodity_resource,2900,1.341,1.329,3854.1,6
2025-09-05,low_turnover_stable_ranking_v2,20000.0,512800,银行ETF,金融地产,sector,4700,0.834,0.83,3901.0,4
2025-09-08,low_turnover_stable_ranking_v2,20000.0,515220,煤炭ETF,周期资源,commodity_resource,3700,1.06,1.024,3788.8,10
2025-09-08,low_turnover_stable_ranking_v2,20000.0,159930,能源ETF,周期资源,commodity_resource,2900,1.341,1.335,3871.5,7
2025-09-08,low_turnover_stable_ranking_v2,20000.0,512800,银行ETF,金融地产,sector,4700,0.834,0.826,3882.2,5
2025-09-09,low_turnover_stable_ranking_v2,20000.0,515220,煤炭ETF,周期资源,commodity_resource,3700,1.06,1.022,3781.4,11
2025-09-09,low_turnover_stable_ranking_v2,20000.0,159930,能源ETF,周期资源,commodity_resource,2900,1.341,1.331,3859.9,8
2025-09-09,low_turnover_stable_ranking_v2,20000.0,512800,银行ETF,金融地产,sector,4700,0.834,0.832,3910.4,6
2025-09-10,low_turnover_stable_ranking_v2,20000.0,515220,煤炭ETF,周期资源,commodity_resource,3700,1.06,1.013,3748.1,12
2025-09-10,low_turnover_stable_ranking_v2,20000.0,159930,能源ETF,周期资源,commodity_resource,2900,1.341,1.324,3839.6,9
2025-09-10,low_turnover_stable_ranking_v2,20000.0,512800,银行ETF,金融地产,sector,4700,0.834,0.833,3915.1,7
2025-09-11,low_turnover_stable_ranking_v2,20000.0,515220,煤炭ETF,周期资源,commodity_resource,3700,1.06,1.017,3762.9,13
2025-09-11,low_turnover_stable_ranking_v2,20000.0,159930,能源ETF,周期资源,commodity_resource,2900,1.341,1.328,3851.2,10
2025-09-11,low_turnover_stable_ranking_v2,20000.0,512800,银行ETF,金融地产,sector,4700,0.834,0.837,3933.9,8
2025-09-12,low_turnover_stable_ranking_v2,20000.0,515220,煤炭ETF,周期资源,commodity_resource,3700,1.06,1.021,3777.7,14
2025-09-12,low_turnover_stable_ranking_v2,20000.0,159930,能源ETF,周期资源,commodity_resource,2900,1.341,1.327,3848.3,11
2025-09-12,low_turnover_stable_ranking_v2,20000.0,512800,银行ETF,金融地产,sector,4700,0.834,0.824,3872.8,9
2025-09-15,low_turnover_stable_ranking_v2,20000.0,515220,煤炭ETF,周期资源,commodity_resource,3700,1.06,1.033,3822.1,15
2025-09-15,low_turnover_stable_ranking_v2,20000.0,159930,能源ETF,周期资源,commodity_resource,2900,1.341,1.338,3880.2,12
2025-09-15,low_turnover_stable_ranking_v2,20000.0,512800,银行ETF,金融地产,sector,4700,0.834,0.816,3835.2,10
2025-09-16,low_turnover_stable_ranking_v2,20000.0,515220,煤炭ETF,周期资源,commodity_resource,3700,1.06,1.037,3836.9,16
2025-09-16,low_turnover_stable_ranking_v2,20000.0,159930,能源ETF,周期资源,commodity_resource,2900,1.341,1.335,3871.5,13
2025-09-16,low_turnover_stable_ranking_v2,20000.0,512800,银行ETF,金融地产,sector,4700,0.834,0.808,3797.6,11
2025-09-17,low_turnover_stable_ranking_v2,20000.0,515220,煤炭ETF,周期资源,commodity_resource,3700,1.06,1.059,3918.3,17
2025-09-17,low_turnover_stable_ranking_v2,20000.0,159930,能源ETF,周期资源,commodity_resource,2900,1.341,1.356,3932.4,14
2025-09-17,low_turnover_stable_ranking_v2,20000.0,512800,银行ETF,金融地产,sector,4700,0.834,0.805,3783.5,12
2025-09-18,low_turnover_stable_ranking_v2,20000.0,515220,煤炭ETF,周期资源,commodity_resource,3700,1.06,1.033,3822.1,18
2025-09-18,low_turnover_stable_ranking_v2,20000.0,159930,能源ETF,周期资源,commodity_resource,2900,1.341,1.321,3830.9,15
2025-09-18,low_turnover_stable_ranking_v2,20000.0,512800,银行ETF,金融地产,sector,4700,0.834,0.79,3713.0,13
2025-09-19,low_turnover_stable_ranking_v2,20000.0,515220,煤炭ETF,周期资源,commodity_resource,3700,1.06,1.059,3918.3,19
2025-09-19,low_turnover_stable_ranking_v2,20000.0,159930,能源ETF,周期资源,commodity_resource,2900,1.341,1.35,3915.0,16
2025-09-19,low_turnover_stable_ranking_v2,20000.0,512800,银行ETF,金融地产,sector,4700,0.834,0.792,3722.4,14
2025-09-22,low_turnover_stable_ranking_v2,20000.0,159930,能源ETF,周期资源,commodity_resource,2900,1.341,1.334,3868.6,17
2025-09-22,low_turnover_stable_ranking_v2,20000.0,512800,银行ETF,金融地产,sector,4700,0.834,0.784,3684.8,15
2025-09-22,low_turnover_stable_ranking_v2,20000.0,510230,金融ETF,金融地产,sector,3000,1.306,1.307,3921.0,0
2025-09-23,low_turnover_stable_ranking_v2,20000.0,159930,能源ETF,周期资源,commodity_resource,2900,1.341,1.344,3897.6,18
2025-09-23,low_turnover_stable_ranking_v2,20000.0,512800,银行ETF,金融地产,sector,4700,0.834,0.794,3731.8,16
2025-09-23,low_turnover_stable_ranking_v2,20000.0,510230,金融ETF,金融地产,sector,3000,1.306,1.317,3951.0,0
2025-09-24,low_turnover_stable_ranking_v2,20000.0,159930,能源ETF,周期资源,commodity_resource,2900,1.341,1.343,3894.7,19
2025-09-24,low_turnover_stable_ranking_v2,20000.0,512800,银行ETF,金融地产,sector,4700,0.834,0.792,3722.4,17
2025-09-24,low_turnover_stable_ranking_v2,20000.0,510230,金融ETF,金融地产,sector,3000,1.306,1.315,3945.0,1
2025-09-25,low_turnover_stable_ranking_v2,20000.0,512800,银行ETF,金融地产,sector,4700,0.834,0.788,3703.6,18
2025-09-25,low_turnover_stable_ranking_v2,20000.0,510230,金融ETF,金融地产,sector,3000,1.306,1.309,3927.0,2
2025-09-25,low_turnover_stable_ranking_v2,20000.0,512070,非银ETF,金融地产,high_beta,4700,0.85,0.852,4004.4,0
2025-09-26,low_turnover_stable_ranking_v2,20000.0,512800,银行ETF,金融地产,sector,4700,0.834,0.789,3708.3,19
2025-09-26,low_turnover_stable_ranking_v2,20000.0,510230,金融ETF,金融地产,sector,3000,1.306,1.311,3933.0,3
2025-09-26,low_turnover_stable_ranking_v2,20000.0,512070,非银ETF,金融地产,high_beta,4700,0.85,0.851,3999.7,0
2025-09-29,low_turnover_stable_ranking_v2,20000.0,510230,金融ETF,金融地产,sector,3000,1.306,1.327,3981.0,4
2025-09-29,low_turnover_stable_ranking_v2,20000.0,512070,非银ETF,金融地产,high_beta,4700,0.85,0.883,4150.1,1
2025-09-29,low_turnover_stable_ranking_v2,20000.0,512660,军工ETF,新能源制造,commodity_resource,3300,1.203,1.2,3960.0,0
2025-09-30,low_turnover_stable_ranking_v2,20000.0,510230,金融ETF,金融地产,sector,3000,1.306,1.311,3933.0,5
2025-09-30,low_turnover_stable_ranking_v2,20000.0,512070,非银ETF,金融地产,high_beta,4700,0.85,0.871,4093.7,2
2025-09-30,low_turnover_stable_ranking_v2,20000.0,512660,军工ETF,新能源制造,commodity_resource,3300,1.203,1.234,4072.2,0
2025-10-09,low_turnover_stable_ranking_v2,20000.0,510230,金融ETF,金融地产,sector,3000,1.306,1.308,3924.0,6
2025-10-09,low_turnover_stable_ranking_v2,20000.0,512070,非银ETF,金融地产,high_beta,4700,0.85,0.871,4093.7,3
2025-10-09,low_turnover_stable_ranking_v2,20000.0,512660,军工ETF,新能源制造,commodity_resource,3300,1.203,1.248,4118.4,1
2025-10-10,low_turnover_stable_ranking_v2,20000.0,510230,金融ETF,金融地产,sector,3000,1.306,1.317,3951.0,7
2025-10-10,low_turnover_stable_ranking_v2,20000.0,512070,非银ETF,金融地产,high_beta,4700,0.85,0.877,4121.9,4
2025-10-10,low_turnover_stable_ranking_v2,20000.0,512660,军工ETF,新能源制造,commodity_resource,3300,1.203,1.233,4068.9,2
2025-10-13,low_turnover_stable_ranking_v2,20000.0,510230,金融ETF,金融地产,sector,3000,1.306,1.32,3960.0,8
2025-10-13,low_turnover_stable_ranking_v2,20000.0,512070,非银ETF,金融地产,high_beta,4700,0.85,0.867,4074.9,5
2025-10-13,low_turnover_stable_ranking_v2,20000.0,512660,军工ETF,新能源制造,commodity_resource,3300,1.203,1.249,4121.7,3
2025-10-14,low_turnover_stable_ranking_v2,20000.0,510230,金融ETF,金融地产,sector,3000,1.306,1.346,4038.0,9
2025-10-14,low_turnover_stable_ranking_v2,20000.0,512070,非银ETF,金融地产,high_beta,4700,0.85,0.875,4112.5,6
2025-10-14,low_turnover_stable_ranking_v2,20000.0,512660,军工ETF,新能源制造,commodity_resource,3300,1.203,1.233,4068.9,4
2025-10-15,low_turnover_stable_ranking_v2,20000.0,510230,金融ETF,金融地产,sector,3000,1.306,1.359,4077.0,10
2025-10-15,low_turnover_stable_ranking_v2,20000.0,512070,非银ETF,金融地产,high_beta,4700,0.85,0.889,4178.3,7
2025-10-15,low_turnover_stable_ranking_v2,20000.0,512660,军工ETF,新能源制造,commodity_resource,3300,1.203,1.23,4059.0,5
2025-10-16,low_turnover_stable_ranking_v2,20000.0,510230,金融ETF,金融地产,sector,3000,1.306,1.375,4125.0,11
2025-10-16,low_turnover_stable_ranking_v2,20000.0,512070,非银ETF,金融地产,high_beta,4700,0.85,0.892,4192.4,8
2025-10-16,low_turnover_stable_ranking_v2,20000.0,512660,军工ETF,新能源制造,commodity_resource,3300,1.203,1.218,4019.4,6
2025-10-17,low_turnover_stable_ranking_v2,20000.0,510230,金融ETF,金融地产,sector,3000,1.306,1.364,4092.0,12
2025-10-17,low_turnover_stable_ranking_v2,20000.0,512070,非银ETF,金融地产,high_beta,4700,0.85,0.872,4098.4,9
2025-10-17,low_turnover_stable_ranking_v2,20000.0,512660,军工ETF,新能源制造,commodity_resource,3300,1.203,1.177,3884.1,7
2025-10-20,low_turnover_stable_ranking_v2,20000.0,510230,金融ETF,金融地产,sector,3000,1.306,1.364,4092.0,13
2025-10-20,low_turnover_stable_ranking_v2,20000.0,512070,非银ETF,金融地产,high_beta,4700,0.85,0.877,4121.9,10
2025-10-20,low_turnover_stable_ranking_v2,20000.0,512660,军工ETF,新能源制造,commodity_resource,3300,1.203,1.18,3894.0,8
2025-10-21,low_turnover_stable_ranking_v2,20000.0,510230,金融ETF,金融地产,sector,3000,1.306,1.367,4101.0,14
2025-10-21,low_turnover_stable_ranking_v2,20000.0,512070,非银ETF,金融地产,high_beta,4700,0.85,0.884,4154.8,11
2025-10-21,low_turnover_stable_ranking_v2,20000.0,512660,军工ETF,新能源制造,commodity_resource,3300,1.203,1.196,3946.8,9
2025-10-22,low_turnover_stable_ranking_v2,20000.0,510230,金融ETF,金融地产,sector,3000,1.306,1.374,4122.0,15
2025-10-22,low_turnover_stable_ranking_v2,20000.0,512070,非银ETF,金融地产,high_beta,4700,0.85,0.878,4126.6,12
2025-10-22,low_turnover_stable_ranking_v2,20000.0,512660,军工ETF,新能源制造,commodity_resource,3300,1.203,1.182,3900.6,10
2025-10-23,low_turnover_stable_ranking_v2,20000.0,510230,金融ETF,金融地产,sector,3000,1.306,1.383,4149.0,16
2025-10-23,low_turnover_stable_ranking_v2,20000.0,512070,非银ETF,金融地产,high_beta,4700,0.85,0.885,4159.5,13
2025-10-23,low_turnover_stable_ranking_v2,20000.0,512660,军工ETF,新能源制造,commodity_resource,3300,1.203,1.178,3887.4,11
2025-10-24,low_turnover_stable_ranking_v2,20000.0,510230,金融ETF,金融地产,sector,3000,1.306,1.382,4146.0,17
2025-10-24,low_turnover_stable_ranking_v2,20000.0,512070,非银ETF,金融地产,high_beta,4700,0.85,0.89,4183.0,14
2025-10-24,low_turnover_stable_ranking_v2,20000.0,512660,军工ETF,新能源制造,commodity_resource,3300,1.203,1.208,3986.4,12
2025-10-27,low_turnover_stable_ranking_v2,20000.0,510230,金融ETF,金融地产,sector,3000,1.306,1.387,4161.0,18
2025-10-27,low_turnover_stable_ranking_v2,20000.0,512070,非银ETF,金融地产,high_beta,4700,0.85,0.898,4220.6,15
2025-10-27,low_turnover_stable_ranking_v2,20000.0,512660,军工ETF,新能源制造,commodity_resource,3300,1.203,1.222,4032.6,13
2025-10-28,low_turnover_stable_ranking_v2,20000.0,510230,金融ETF,金融地产,sector,3000,1.306,1.385,4155.0,19
2025-10-28,low_turnover_stable_ranking_v2,20000.0,512070,非银ETF,金融地产,high_beta,4700,0.85,0.895,4206.5,16
2025-10-28,low_turnover_stable_ranking_v2,20000.0,512660,军工ETF,新能源制造,commodity_resource,3300,1.203,1.236,4078.8,14
2025-10-29,low_turnover_stable_ranking_v2,20000.0,512070,非银ETF,金融地产,high_beta,4700,0.85,0.912,4286.4,17
2025-10-29,low_turnover_stable_ranking_v2,20000.0,512660,军工ETF,新能源制造,commodity_resource,3300,1.203,1.243,4101.9,15
2025-10-29,low_turnover_stable_ranking_v2,20000.0,515120,广发创新药ETF,医药与消费升级,theme,5800,0.686,0.688,3990.4,0
2025-10-30,low_turnover_stable_ranking_v2,20000.0,512070,非银ETF,金融地产,high_beta,4700,0.85,0.9,4230.0,18
2025-10-30,low_turnover_stable_ranking_v2,20000.0,512660,军工ETF,新能源制造,commodity_resource,3300,1.203,1.219,4022.7,16
2025-10-30,low_turnover_stable_ranking_v2,20000.0,515120,广发创新药ETF,医药与消费升级,theme,5800,0.686,0.67,3886.0,0
2025-10-31,low_turnover_stable_ranking_v2,20000.0,512070,非银ETF,金融地产,high_beta,4700,0.85,0.888,4173.6,19
2025-10-31,low_turnover_stable_ranking_v2,20000.0,512660,军工ETF,新能源制造,commodity_resource,3300,1.203,1.204,3973.2,17
2025-10-31,low_turnover_stable_ranking_v2,20000.0,515120,广发创新药ETF,医药与消费升级,theme,5800,0.686,0.692,4013.6,1
2025-11-03,low_turnover_stable_ranking_v2,20000.0,512660,军工ETF,新能源制造,commodity_resource,3300,1.203,1.212,3999.6,18
2025-11-03,low_turnover_stable_ranking_v2,20000.0,515120,广发创新药ETF,医药与消费升级,theme,5800,0.686,0.687,3984.6,2
2025-11-03,low_turnover_stable_ranking_v2,20000.0,512010,医药ETF,消费医药,sector,9800,0.408,0.409,4008.2,0
2025-11-04,low_turnover_stable_ranking_v2,20000.0,512660,军工ETF,新能源制造,commodity_resource,3300,1.203,1.195,3943.5,19
2025-11-04,low_turnover_stable_ranking_v2,20000.0,515120,广发创新药ETF,医药与消费升级,theme,5800,0.686,0.671,3891.8,3
2025-11-04,low_turnover_stable_ranking_v2,20000.0,512010,医药ETF,消费医药,sector,9800,0.408,0.402,3939.6,0
2025-11-05,low_turnover_stable_ranking_v2,20000.0,515120,广发创新药ETF,医药与消费升级,theme,5800,0.686,0.667,3868.6,4
2025-11-05,low_turnover_stable_ranking_v2,20000.0,512010,医药ETF,消费医药,sector,9800,0.408,0.402,3939.6,1
2025-11-05,low_turnover_stable_ranking_v2,20000.0,159992,银华创新药ETF,医药与消费升级,theme,4400,0.889,0.89,3916.0,0
2025-11-06,low_turnover_stable_ranking_v2,20000.0,515120,广发创新药ETF,医药与消费升级,theme,5800,0.686,0.671,3891.8,5
2025-11-06,low_turnover_stable_ranking_v2,20000.0,512010,医药ETF,消费医药,sector,9800,0.408,0.404,3959.2,2
2025-11-06,low_turnover_stable_ranking_v2,20000.0,159992,银华创新药ETF,医药与消费升级,theme,4400,0.889,0.895,3938.0,0
2025-11-07,low_turnover_stable_ranking_v2,20000.0,515120,广发创新药ETF,医药与消费升级,theme,5800,0.686,0.665,3857.0,6
2025-11-07,low_turnover_stable_ranking_v2,20000.0,512010,医药ETF,消费医药,sector,9800,0.408,0.401,3929.8,3
2025-11-07,low_turnover_stable_ranking_v2,20000.0,159992,银华创新药ETF,医药与消费升级,theme,4400,0.889,0.887,3902.8,1
2025-11-10,low_turnover_stable_ranking_v2,20000.0,515120,广发创新药ETF,医药与消费升级,theme,5800,0.686,0.672,3897.6,7
2025-11-10,low_turnover_stable_ranking_v2,20000.0,512010,医药ETF,消费医药,sector,9800,0.408,0.405,3969.0,4
2025-11-10,low_turnover_stable_ranking_v2,20000.0,159992,银华创新药ETF,医药与消费升级,theme,4400,0.889,0.895,3938.0,2
2025-11-11,low_turnover_stable_ranking_v2,20000.0,515120,广发创新药ETF,医药与消费升级,theme,5800,0.686,0.668,3874.4,8
2025-11-11,low_turnover_stable_ranking_v2,20000.0,512010,医药ETF,消费医药,sector,9800,0.408,0.404,3959.2,5
2025-11-11,low_turnover_stable_ranking_v2,20000.0,159992,银华创新药ETF,医药与消费升级,theme,4400,0.889,0.891,3920.4,3
2025-11-12,low_turnover_stable_ranking_v2,20000.0,515120,广发创新药ETF,医药与消费升级,theme,5800,0.686,0.673,3903.4,9
2025-11-12,low_turnover_stable_ranking_v2,20000.0,512010,医药ETF,消费医药,sector,9800,0.408,0.405,3969.0,6
2025-11-12,low_turnover_stable_ranking_v2,20000.0,159992,银华创新药ETF,医药与消费升级,theme,4400,0.889,0.898,3951.2,4
2025-11-13,low_turnover_stable_ranking_v2,20000.0,515120,广发创新药ETF,医药与消费升级,theme,5800,0.686,0.687,3984.6,10
2025-11-13,low_turnover_stable_ranking_v2,20000.0,512010,医药ETF,消费医药,sector,9800,0.408,0.411,4027.8,7
2025-11-13,low_turnover_stable_ranking_v2,20000.0,159992,银华创新药ETF,医药与消费升级,theme,4400,0.889,0.915,4026.0,5
2025-11-14,low_turnover_stable_ranking_v2,20000.0,515120,广发创新药ETF,医药与消费升级,theme,5800,0.686,0.685,3973.0,11
2025-11-14,low_turnover_stable_ranking_v2,20000.0,512010,医药ETF,消费医药,sector,9800,0.408,0.408,3998.4,8
2025-11-14,low_turnover_stable_ranking_v2,20000.0,159992,银华创新药ETF,医药与消费升级,theme,4400,0.889,0.911,4008.4,6
2025-11-17,low_turnover_stable_ranking_v2,20000.0,515120,广发创新药ETF,医药与消费升级,theme,5800,0.686,0.67,3886.0,12
2025-11-17,low_turnover_stable_ranking_v2,20000.0,512010,医药ETF,消费医药,sector,9800,0.408,0.401,3929.8,9
2025-11-17,low_turnover_stable_ranking_v2,20000.0,159992,银华创新药ETF,医药与消费升级,theme,4400,0.889,0.894,3933.6,7
2025-11-18,low_turnover_stable_ranking_v2,20000.0,515120,广发创新药ETF,医药与消费升级,theme,5800,0.686,0.665,3857.0,13
2025-11-18,low_turnover_stable_ranking_v2,20000.0,512010,医药ETF,消费医药,sector,9800,0.408,0.399,3910.2,10
2025-11-18,low_turnover_stable_ranking_v2,20000.0,159992,银华创新药ETF,医药与消费升级,theme,4400,0.889,0.888,3907.2,8
2025-11-19,low_turnover_stable_ranking_v2,20000.0,515120,广发创新药ETF,医药与消费升级,theme,5800,0.686,0.659,3822.2,14
2025-11-19,low_turnover_stable_ranking_v2,20000.0,512010,医药ETF,消费医药,sector,9800,0.408,0.398,3900.4,11
2025-11-19,low_turnover_stable_ranking_v2,20000.0,159992,银华创新药ETF,医药与消费升级,theme,4400,0.889,0.879,3867.6,9
2025-11-20,low_turnover_stable_ranking_v2,20000.0,515120,广发创新药ETF,医药与消费升级,theme,5800,0.686,0.656,3804.8,15
2025-11-20,low_turnover_stable_ranking_v2,20000.0,512010,医药ETF,消费医药,sector,9800,0.408,0.394,3861.2,12
2025-11-20,low_turnover_stable_ranking_v2,20000.0,159992,银华创新药ETF,医药与消费升级,theme,4400,0.889,0.876,3854.4,10
2025-11-21,low_turnover_stable_ranking_v2,20000.0,515120,广发创新药ETF,医药与消费升级,theme,5800,0.686,0.641,3717.8,16
2025-11-21,low_turnover_stable_ranking_v2,20000.0,512010,医药ETF,消费医药,sector,9800,0.408,0.387,3792.6,13
2025-11-21,low_turnover_stable_ranking_v2,20000.0,159992,银华创新药ETF,医药与消费升级,theme,4400,0.889,0.856,3766.4,11
2025-11-24,low_turnover_stable_ranking_v2,20000.0,515120,广发创新药ETF,医药与消费升级,theme,5800,0.686,0.651,3775.8,17
2025-11-24,low_turnover_stable_ranking_v2,20000.0,512010,医药ETF,消费医药,sector,9800,0.408,0.392,3841.6,14
2025-11-24,low_turnover_stable_ranking_v2,20000.0,159992,银华创新药ETF,医药与消费升级,theme,4400,0.889,0.868,3819.2,12
2025-11-25,low_turnover_stable_ranking_v2,20000.0,515120,广发创新药ETF,医药与消费升级,theme,5800,0.686,0.654,3793.2,18
2025-11-25,low_turnover_stable_ranking_v2,20000.0,512010,医药ETF,消费医药,sector,9800,0.408,0.393,3851.4,15
2025-11-25,low_turnover_stable_ranking_v2,20000.0,159992,银华创新药ETF,医药与消费升级,theme,4400,0.889,0.873,3841.2,13
2025-11-26,low_turnover_stable_ranking_v2,20000.0,515120,广发创新药ETF,医药与消费升级,theme,5800,0.686,0.661,3833.8,19
2025-11-26,low_turnover_stable_ranking_v2,20000.0,512010,医药ETF,消费医药,sector,9800,0.408,0.394,3861.2,16
2025-11-26,low_turnover_stable_ranking_v2,20000.0,159992,银华创新药ETF,医药与消费升级,theme,4400,0.889,0.883,3885.2,14
2025-11-27,low_turnover_stable_ranking_v2,20000.0,512010,医药ETF,消费医药,sector,9800,0.408,0.392,3841.6,17
2025-11-27,low_turnover_stable_ranking_v2,20000.0,159992,银华创新药ETF,医药与消费升级,theme,4400,0.889,0.876,3854.4,15
2025-11-27,low_turnover_stable_ranking_v2,20000.0,562500,机器人ETF华夏,科技与新质生产力,theme,4200,0.939,0.943,3960.6,0
2025-11-28,low_turnover_stable_ranking_v2,20000.0,512010,医药ETF,消费医药,sector,9800,0.408,0.393,3851.4,18
2025-11-28,low_turnover_stable_ranking_v2,20000.0,159992,银华创新药ETF,医药与消费升级,theme,4400,0.889,0.877,3858.8,16
2025-11-28,low_turnover_stable_ranking_v2,20000.0,562500,机器人ETF华夏,科技与新质生产力,theme,4200,0.939,0.949,3985.8,0
2025-12-01,low_turnover_stable_ranking_v2,20000.0,512010,医药ETF,消费医药,sector,9800,0.408,0.393,3851.4,19
2025-12-01,low_turnover_stable_ranking_v2,20000.0,159992,银华创新药ETF,医药与消费升级,theme,4400,0.889,0.881,3876.4,17
2025-12-01,low_turnover_stable_ranking_v2,20000.0,562500,机器人ETF华夏,科技与新质生产力,theme,4200,0.939,0.961,4036.2,1
2025-12-02,low_turnover_stable_ranking_v2,20000.0,159992,银华创新药ETF,医药与消费升级,theme,4400,0.889,0.866,3810.4,18
2025-12-02,low_turnover_stable_ranking_v2,20000.0,562500,机器人ETF华夏,科技与新质生产力,theme,4200,0.939,0.947,3977.4,2
2025-12-02,low_turnover_stable_ranking_v2,20000.0,512880,证券ETF,金融地产,high_beta,3400,1.175,1.172,3984.8,0
2025-12-03,low_turnover_stable_ranking_v2,20000.0,159992,银华创新药ETF,医药与消费升级,theme,4400,0.889,0.86,3784.0,19
2025-12-03,low_turnover_stable_ranking_v2,20000.0,562500,机器人ETF华夏,科技与新质生产力,theme,4200,0.939,0.939,3943.8,3
2025-12-03,low_turnover_stable_ranking_v2,20000.0,512880,证券ETF,金融地产,high_beta,3400,1.175,1.161,3947.4,0
2025-12-04,low_turnover_stable_ranking_v2,20000.0,562500,机器人ETF华夏,科技与新质生产力,theme,4200,0.939,0.958,4023.6,4
2025-12-04,low_turnover_stable_ranking_v2,20000.0,512880,证券ETF,金融地产,high_beta,3400,1.175,1.164,3957.6,1
2025-12-04,low_turnover_stable_ranking_v2,20000.0,512170,医疗ETF,消费医药,sector,11700,0.341,0.341,3989.7,0
2025-12-05,low_turnover_stable_ranking_v2,20000.0,562500,机器人ETF华夏,科技与新质生产力,theme,4200,0.939,0.97,4074.0,5
2025-12-05,low_turnover_stable_ranking_v2,20000.0,512880,证券ETF,金融地产,high_beta,3400,1.175,1.194,4059.6,2
2025-12-05,low_turnover_stable_ranking_v2,20000.0,512170,医疗ETF,消费医药,sector,11700,0.341,0.344,4024.8,0
2025-12-08,low_turnover_stable_ranking_v2,20000.0,562500,机器人ETF华夏,科技与新质生产力,theme,4200,0.939,0.982,4124.4,6
2025-12-08,low_turnover_stable_ranking_v2,20000.0,512880,证券ETF,金融地产,high_beta,3400,1.175,1.217,4137.8,3
2025-12-08,low_turnover_stable_ranking_v2,20000.0,512170,医疗ETF,消费医药,sector,11700,0.341,0.345,4036.5,1
2025-12-09,low_turnover_stable_ranking_v2,20000.0,562500,机器人ETF华夏,科技与新质生产力,theme,4200,0.939,0.968,4065.6,7
2025-12-09,low_turnover_stable_ranking_v2,20000.0,512880,证券ETF,金融地产,high_beta,3400,1.175,1.201,4083.4,4
2025-12-09,low_turnover_stable_ranking_v2,20000.0,512170,医疗ETF,消费医药,sector,11700,0.341,0.343,4013.1,2
2025-12-10,low_turnover_stable_ranking_v2,20000.0,562500,机器人ETF华夏,科技与新质生产力,theme,4200,0.939,0.974,4090.8,8
2025-12-10,low_turnover_stable_ranking_v2,20000.0,512880,证券ETF,金融地产,high_beta,3400,1.175,1.206,4100.4,5
2025-12-10,low_turnover_stable_ranking_v2,20000.0,512170,医疗ETF,消费医药,sector,11700,0.341,0.343,4013.1,3
2025-12-11,low_turnover_stable_ranking_v2,20000.0,562500,机器人ETF华夏,科技与新质生产力,theme,4200,0.939,0.955,4011.0,9
2025-12-11,low_turnover_stable_ranking_v2,20000.0,512880,证券ETF,金融地产,high_beta,3400,1.175,1.19,4046.0,6
2025-12-11,low_turnover_stable_ranking_v2,20000.0,512170,医疗ETF,消费医药,sector,11700,0.341,0.34,3978.0,4
2025-12-12,low_turnover_stable_ranking_v2,20000.0,562500,机器人ETF华夏,科技与新质生产力,theme,4200,0.939,0.96,4032.0,10
2025-12-12,low_turnover_stable_ranking_v2,20000.0,512880,证券ETF,金融地产,high_beta,3400,1.175,1.196,4066.4,7
2025-12-12,low_turnover_stable_ranking_v2,20000.0,512170,医疗ETF,消费医药,sector,11700,0.341,0.342,4001.4,5
2025-12-15,low_turnover_stable_ranking_v2,20000.0,562500,机器人ETF华夏,科技与新质生产力,theme,4200,0.939,0.944,3964.8,11
2025-12-15,low_turnover_stable_ranking_v2,20000.0,512880,证券ETF,金融地产,high_beta,3400,1.175,1.202,4086.8,8
2025-12-15,low_turnover_stable_ranking_v2,20000.0,512170,医疗ETF,消费医药,sector,11700,0.341,0.34,3978.0,6
2025-12-16,low_turnover_stable_ranking_v2,20000.0,562500,机器人ETF华夏,科技与新质生产力,theme,4200,0.939,0.925,3885.0,12
2025-12-16,low_turnover_stable_ranking_v2,20000.0,512880,证券ETF,金融地产,high_beta,3400,1.175,1.193,4056.2,9
2025-12-16,low_turnover_stable_ranking_v2,20000.0,512170,医疗ETF,消费医药,sector,11700,0.341,0.338,3954.6,7
2025-12-17,low_turnover_stable_ranking_v2,20000.0,562500,机器人ETF华夏,科技与新质生产力,theme,4200,0.939,0.939,3943.8,13
2025-12-17,low_turnover_stable_ranking_v2,20000.0,512880,证券ETF,金融地产,high_beta,3400,1.175,1.218,4141.2,10
2025-12-17,low_turnover_stable_ranking_v2,20000.0,512170,医疗ETF,消费医药,sector,11700,0.341,0.343,4013.1,8
2025-12-18,low_turnover_stable_ranking_v2,20000.0,562500,机器人ETF华夏,科技与新质生产力,theme,4200,0.939,0.931,3910.2,14
2025-12-18,low_turnover_stable_ranking_v2,20000.0,512880,证券ETF,金融地产,high_beta,3400,1.175,1.206,4100.4,11
2025-12-18,low_turnover_stable_ranking_v2,20000.0,512170,医疗ETF,消费医药,sector,11700,0.341,0.346,4048.2,9
2025-12-19,low_turnover_stable_ranking_v2,20000.0,562500,机器人ETF华夏,科技与新质生产力,theme,4200,0.939,0.94,3948.0,15
2025-12-19,low_turnover_stable_ranking_v2,20000.0,512880,证券ETF,金融地产,high_beta,3400,1.175,1.211,4117.4,12
2025-12-19,low_turnover_stable_ranking_v2,20000.0,512170,医疗ETF,消费医药,sector,11700,0.341,0.349,4083.3,10
2025-12-22,low_turnover_stable_ranking_v2,20000.0,562500,机器人ETF华夏,科技与新质生产力,theme,4200,0.939,0.952,3998.4,16
2025-12-22,low_turnover_stable_ranking_v2,20000.0,512880,证券ETF,金融地产,high_beta,3400,1.175,1.211,4117.4,13
2025-12-22,low_turnover_stable_ranking_v2,20000.0,512170,医疗ETF,消费医药,sector,11700,0.341,0.347,4059.9,11
2025-12-23,low_turnover_stable_ranking_v2,20000.0,562500,机器人ETF华夏,科技与新质生产力,theme,4200,0.939,0.945,3969.0,17
2025-12-23,low_turnover_stable_ranking_v2,20000.0,512880,证券ETF,金融地产,high_beta,3400,1.175,1.207,4103.8,14
2025-12-23,low_turnover_stable_ranking_v2,20000.0,512170,医疗ETF,消费医药,sector,11700,0.341,0.344,4024.8,12
2025-12-24,low_turnover_stable_ranking_v2,20000.0,562500,机器人ETF华夏,科技与新质生产力,theme,4200,0.939,0.955,4011.0,18
2025-12-24,low_turnover_stable_ranking_v2,20000.0,512880,证券ETF,金融地产,high_beta,3400,1.175,1.218,4141.2,15
2025-12-24,low_turnover_stable_ranking_v2,20000.0,512170,医疗ETF,消费医药,sector,11700,0.341,0.345,4036.5,13
2025-12-25,low_turnover_stable_ranking_v2,20000.0,562500,机器人ETF华夏,科技与新质生产力,theme,4200,0.939,0.983,4128.6,19
2025-12-25,low_turnover_stable_ranking_v2,20000.0,512880,证券ETF,金融地产,high_beta,3400,1.175,1.221,4151.4,16
2025-12-25,low_turnover_stable_ranking_v2,20000.0,512170,医疗ETF,消费医药,sector,11700,0.341,0.349,4083.3,14
2025-12-26,low_turnover_stable_ranking_v2,20000.0,512880,证券ETF,金融地产,high_beta,3400,1.175,1.229,4178.6,17
2025-12-26,low_turnover_stable_ranking_v2,20000.0,512170,医疗ETF,消费医药,sector,11700,0.341,0.347,4059.9,15
2025-12-26,low_turnover_stable_ranking_v2,20000.0,159992,银华创新药ETF,医药与消费升级,theme,4600,0.853,0.854,3928.4,0
2025-12-29,low_turnover_stable_ranking_v2,20000.0,512880,证券ETF,金融地产,high_beta,3400,1.175,1.222,4154.8,18
2025-12-29,low_turnover_stable_ranking_v2,20000.0,512170,医疗ETF,消费医药,sector,11700,0.341,0.345,4036.5,16
2025-12-29,low_turnover_stable_ranking_v2,20000.0,159992,银华创新药ETF,医药与消费升级,theme,4600,0.853,0.842,3873.2,0
2025-12-30,low_turnover_stable_ranking_v2,20000.0,512880,证券ETF,金融地产,high_beta,3400,1.175,1.216,4134.4,19
2025-12-30,low_turnover_stable_ranking_v2,20000.0,512170,医疗ETF,消费医药,sector,11700,0.341,0.342,4001.4,17
2025-12-30,low_turnover_stable_ranking_v2,20000.0,159992,银华创新药ETF,医药与消费升级,theme,4600,0.853,0.837,3850.2,1
2025-12-31,low_turnover_stable_ranking_v2,20000.0,512170,医疗ETF,消费医药,sector,11700,0.341,0.34,3978.0,18
2025-12-31,low_turnover_stable_ranking_v2,20000.0,159992,银华创新药ETF,医药与消费升级,theme,4600,0.853,0.831,3822.6,2
2025-12-31,low_turnover_stable_ranking_v2,20000.0,512690,酒ETF,消费医药,sector,7400,0.536,0.536,3966.4,0
2026-01-05,low_turnover_stable_ranking_v2,20000.0,512170,医疗ETF,消费医药,sector,11700,0.341,0.358,4188.6,19
2026-01-05,low_turnover_stable_ranking_v2,20000.0,159992,银华创新药ETF,医药与消费升级,theme,4600,0.853,0.866,3983.6,3
2026-01-05,low_turnover_stable_ranking_v2,20000.0,512690,酒ETF,消费医药,sector,7400,0.536,0.546,4040.4,0
2026-01-06,low_turnover_stable_ranking_v2,20000.0,159992,银华创新药ETF,医药与消费升级,theme,4600,0.853,0.869,3997.4,4
2026-01-06,low_turnover_stable_ranking_v2,20000.0,512690,酒ETF,消费医药,sector,7400,0.536,0.55,4070.0,1
2026-01-06,low_turnover_stable_ranking_v2,20000.0,515220,煤炭ETF,周期资源,commodity_resource,3700,1.059,1.053,3896.1,0
2026-01-07,low_turnover_stable_ranking_v2,20000.0,159992,银华创新药ETF,医药与消费升级,theme,4600,0.853,0.882,4057.2,5
2026-01-07,low_turnover_stable_ranking_v2,20000.0,512690,酒ETF,消费医药,sector,7400,0.536,0.547,4047.8,2
2026-01-07,low_turnover_stable_ranking_v2,20000.0,515220,煤炭ETF,周期资源,commodity_resource,3700,1.059,1.093,4044.1,0
2026-01-08,low_turnover_stable_ranking_v2,20000.0,159992,银华创新药ETF,医药与消费升级,theme,4600,0.853,0.882,4057.2,6
2026-01-08,low_turnover_stable_ranking_v2,20000.0,512690,酒ETF,消费医药,sector,7400,0.536,0.546,4040.4,3
2026-01-08,low_turnover_stable_ranking_v2,20000.0,515220,煤炭ETF,周期资源,commodity_resource,3700,1.059,1.092,4040.4,1
2026-01-09,low_turnover_stable_ranking_v2,20000.0,159992,银华创新药ETF,医药与消费升级,theme,4600,0.853,0.897,4126.2,7
2026-01-09,low_turnover_stable_ranking_v2,20000.0,512690,酒ETF,消费医药,sector,7400,0.536,0.547,4047.8,4
2026-01-09,low_turnover_stable_ranking_v2,20000.0,515220,煤炭ETF,周期资源,commodity_resource,3700,1.059,1.096,4055.2,2
2026-01-12,low_turnover_stable_ranking_v2,20000.0,159992,银华创新药ETF,医药与消费升级,theme,4600,0.853,0.897,4126.2,8
2026-01-12,low_turnover_stable_ranking_v2,20000.0,512690,酒ETF,消费医药,sector,7400,0.536,0.553,4092.2,5
2026-01-12,low_turnover_stable_ranking_v2,20000.0,515220,煤炭ETF,周期资源,commodity_resource,3700,1.059,1.094,4047.8,3
2026-01-13,low_turnover_stable_ranking_v2,20000.0,159992,银华创新药ETF,医药与消费升级,theme,4600,0.853,0.908,4176.8,9
2026-01-13,low_turnover_stable_ranking_v2,20000.0,512690,酒ETF,消费医药,sector,7400,0.536,0.548,4055.2,6
2026-01-13,low_turnover_stable_ranking_v2,20000.0,515220,煤炭ETF,周期资源,commodity_resource,3700,1.059,1.081,3999.7,4
2026-01-14,low_turnover_stable_ranking_v2,20000.0,159992,银华创新药ETF,医药与消费升级,theme,4600,0.853,0.896,4121.6,10
2026-01-14,low_turnover_stable_ranking_v2,20000.0,512690,酒ETF,消费医药,sector,7400,0.536,0.545,4033.0,7
2026-01-14,low_turnover_stable_ranking_v2,20000.0,515220,煤炭ETF,周期资源,commodity_resource,3700,1.059,1.072,3966.4,5
2026-01-15,low_turnover_stable_ranking_v2,20000.0,159992,银华创新药ETF,医药与消费升级,theme,4600,0.853,0.89,4094.0,11
2026-01-15,low_turnover_stable_ranking_v2,20000.0,512690,酒ETF,消费医药,sector,7400,0.536,0.54,3996.0,8
2026-01-15,low_turnover_stable_ranking_v2,20000.0,515220,煤炭ETF,周期资源,commodity_resource,3700,1.059,1.067,3947.9,6
2026-01-16,low_turnover_stable_ranking_v2,20000.0,159992,银华创新药ETF,医药与消费升级,theme,4600,0.853,0.882,4057.2,12
2026-01-16,low_turnover_stable_ranking_v2,20000.0,512690,酒ETF,消费医药,sector,7400,0.536,0.537,3973.8,9
2026-01-16,low_turnover_stable_ranking_v2,20000.0,515220,煤炭ETF,周期资源,commodity_resource,3700,1.059,1.054,3899.8,7
2026-01-19,low_turnover_stable_ranking_v2,20000.0,159992,银华创新药ETF,医药与消费升级,theme,4600,0.853,0.875,4025.0,13
2026-01-19,low_turnover_stable_ranking_v2,20000.0,512690,酒ETF,消费医药,sector,7400,0.536,0.535,3959.0,10
2026-01-19,low_turnover_stable_ranking_v2,20000.0,515220,煤炭ETF,周期资源,commodity_resource,3700,1.059,1.069,3955.3,8
2026-01-20,low_turnover_stable_ranking_v2,20000.0,159992,银华创新药ETF,医药与消费升级,theme,4600,0.853,0.864,3974.4,14
2026-01-20,low_turnover_stable_ranking_v2,20000.0,512690,酒ETF,消费医药,sector,7400,0.536,0.54,3996.0,11
2026-01-20,low_turnover_stable_ranking_v2,20000.0,515220,煤炭ETF,周期资源,commodity_resource,3700,1.059,1.083,4007.1,9
2026-01-21,low_turnover_stable_ranking_v2,20000.0,159992,银华创新药ETF,医药与消费升级,theme,4600,0.853,0.864,3974.4,15
2026-01-21,low_turnover_stable_ranking_v2,20000.0,512690,酒ETF,消费医药,sector,7400,0.536,0.531,3929.4,12
2026-01-21,low_turnover_stable_ranking_v2,20000.0,515220,煤炭ETF,周期资源,commodity_resource,3700,1.059,1.07,3959.0,10
2026-01-22,low_turnover_stable_ranking_v2,20000.0,159992,银华创新药ETF,医药与消费升级,theme,4600,0.853,0.854,3928.4,16
2026-01-22,low_turnover_stable_ranking_v2,20000.0,512690,酒ETF,消费医药,sector,7400,0.536,0.529,3914.6,13
2026-01-22,low_turnover_stable_ranking_v2,20000.0,515220,煤炭ETF,周期资源,commodity_resource,3700,1.059,1.089,4029.3,11
2026-01-23,low_turnover_stable_ranking_v2,20000.0,159992,银华创新药ETF,医药与消费升级,theme,4600,0.853,0.862,3965.2,17
2026-01-23,low_turnover_stable_ranking_v2,20000.0,512690,酒ETF,消费医药,sector,7400,0.536,0.527,3899.8,14
2026-01-23,low_turnover_stable_ranking_v2,20000.0,515220,煤炭ETF,周期资源,commodity_resource,3700,1.059,1.079,3992.3,12
2026-01-26,low_turnover_stable_ranking_v2,20000.0,159992,银华创新药ETF,医药与消费升级,theme,4600,0.853,0.867,3988.2,18
2026-01-26,low_turnover_stable_ranking_v2,20000.0,512690,酒ETF,消费医药,sector,7400,0.536,0.524,3877.6,15
2026-01-26,low_turnover_stable_ranking_v2,20000.0,515220,煤炭ETF,周期资源,commodity_resource,3700,1.059,1.101,4073.7,13
2026-01-27,low_turnover_stable_ranking_v2,20000.0,159992,银华创新药ETF,医药与消费升级,theme,4600,0.853,0.853,3923.8,19
2026-01-27,low_turnover_stable_ranking_v2,20000.0,512690,酒ETF,消费医药,sector,7400,0.536,0.516,3818.4,16
2026-01-27,low_turnover_stable_ranking_v2,20000.0,515220,煤炭ETF,周期资源,commodity_resource,3700,1.059,1.073,3970.1,14
2026-01-28,low_turnover_stable_ranking_v2,20000.0,512690,酒ETF,消费医药,sector,7400,0.536,0.516,3818.4,17
2026-01-28,low_turnover_stable_ranking_v2,20000.0,515220,煤炭ETF,周期资源,commodity_resource,3700,1.059,1.124,4158.8,15
2026-01-28,low_turnover_stable_ranking_v2,20000.0,512800,银行ETF,金融地产,sector,5200,0.764,0.765,3978.0,0
2026-01-29,low_turnover_stable_ranking_v2,20000.0,512690,酒ETF,消费医药,sector,7400,0.536,0.568,4203.2,18
2026-01-29,low_turnover_stable_ranking_v2,20000.0,515220,煤炭ETF,周期资源,commodity_resource,3700,1.059,1.129,4177.3,16
2026-01-29,low_turnover_stable_ranking_v2,20000.0,512800,银行ETF,金融地产,sector,5200,0.764,0.778,4045.6,0
2026-01-30,low_turnover_stable_ranking_v2,20000.0,512690,酒ETF,消费医药,sector,7400,0.536,0.541,4003.4,19
2026-01-30,low_turnover_stable_ranking_v2,20000.0,515220,煤炭ETF,周期资源,commodity_resource,3700,1.059,1.13,4181.0,17
2026-01-30,low_turnover_stable_ranking_v2,20000.0,512800,银行ETF,金融地产,sector,5200,0.764,0.775,4030.0,1
2026-02-02,low_turnover_stable_ranking_v2,20000.0,515220,煤炭ETF,周期资源,commodity_resource,3700,1.059,1.063,3933.1,18
2026-02-02,low_turnover_stable_ranking_v2,20000.0,512800,银行ETF,金融地产,sector,5200,0.764,0.776,4035.2,2
2026-02-02,low_turnover_stable_ranking_v2,20000.0,515120,广发创新药ETF,医药与消费升级,theme,6500,0.612,0.61,3965.0,0
2026-02-03,low_turnover_stable_ranking_v2,20000.0,515220,煤炭ETF,周期资源,commodity_resource,3700,1.059,1.069,3955.3,19
2026-02-03,low_turnover_stable_ranking_v2,20000.0,512800,银行ETF,金融地产,sector,5200,0.764,0.768,3993.6,3
2026-02-03,low_turnover_stable_ranking_v2,20000.0,515120,广发创新药ETF,医药与消费升级,theme,6500,0.612,0.617,4010.5,0
2026-02-04,low_turnover_stable_ranking_v2,20000.0,512800,银行ETF,金融地产,sector,5200,0.764,0.779,4050.8,4
2026-02-04,low_turnover_stable_ranking_v2,20000.0,515120,广发创新药ETF,医药与消费升级,theme,6500,0.612,0.624,4056.0,1
2026-02-04,low_turnover_stable_ranking_v2,20000.0,510230,金融ETF,金融地产,sector,2900,1.351,1.357,3935.3,0
2026-02-05,low_turnover_stable_ranking_v2,20000.0,512800,银行ETF,金融地产,sector,5200,0.764,0.792,4118.4,5
2026-02-05,low_turnover_stable_ranking_v2,20000.0,515120,广发创新药ETF,医药与消费升级,theme,6500,0.612,0.625,4062.5,2
2026-02-05,low_turnover_stable_ranking_v2,20000.0,510230,金融ETF,金融地产,sector,2900,1.351,1.372,3978.8,0
2026-02-06,low_turnover_stable_ranking_v2,20000.0,512800,银行ETF,金融地产,sector,5200,0.764,0.79,4108.0,6
2026-02-06,low_turnover_stable_ranking_v2,20000.0,515120,广发创新药ETF,医药与消费升级,theme,6500,0.612,0.626,4069.0,3
2026-02-06,low_turnover_stable_ranking_v2,20000.0,510230,金融ETF,金融地产,sector,2900,1.351,1.365,3958.5,1
2026-02-09,low_turnover_stable_ranking_v2,20000.0,512800,银行ETF,金融地产,sector,5200,0.764,0.792,4118.4,7
2026-02-09,low_turnover_stable_ranking_v2,20000.0,515120,广发创新药ETF,医药与消费升级,theme,6500,0.612,0.627,4075.5,4
2026-02-09,low_turnover_stable_ranking_v2,20000.0,510230,金融ETF,金融地产,sector,2900,1.351,1.378,3996.2,2
2026-02-10,low_turnover_stable_ranking_v2,20000.0,512800,银行ETF,金融地产,sector,5200,0.764,0.794,4128.8,8
2026-02-10,low_turnover_stable_ranking_v2,20000.0,515120,广发创新药ETF,医药与消费升级,theme,6500,0.612,0.635,4127.5,5
2026-02-10,low_turnover_stable_ranking_v2,20000.0,510230,金融ETF,金融地产,sector,2900,1.351,1.379,3999.1,3
2026-02-11,low_turnover_stable_ranking_v2,20000.0,512800,银行ETF,金融地产,sector,5200,0.764,0.796,4139.2,9
2026-02-11,low_turnover_stable_ranking_v2,20000.0,515120,广发创新药ETF,医药与消费升级,theme,6500,0.612,0.634,4121.0,6
2026-02-11,low_turnover_stable_ranking_v2,20000.0,510230,金融ETF,金融地产,sector,2900,1.351,1.376,3990.4,4
2026-02-12,low_turnover_stable_ranking_v2,20000.0,512800,银行ETF,金融地产,sector,5200,0.764,0.784,4076.8,10
2026-02-12,low_turnover_stable_ranking_v2,20000.0,515120,广发创新药ETF,医药与消费升级,theme,6500,0.612,0.633,4114.5,7
2026-02-12,low_turnover_stable_ranking_v2,20000.0,510230,金融ETF,金融地产,sector,2900,1.351,1.359,3941.1,5
2026-02-13,low_turnover_stable_ranking_v2,20000.0,512800,银行ETF,金融地产,sector,5200,0.764,0.779,4050.8,11
2026-02-13,low_turnover_stable_ranking_v2,20000.0,515120,广发创新药ETF,医药与消费升级,theme,6500,0.612,0.624,4056.0,8
2026-02-13,low_turnover_stable_ranking_v2,20000.0,510230,金融ETF,金融地产,sector,2900,1.351,1.348,3909.2,6
2026-02-24,low_turnover_stable_ranking_v2,20000.0,512800,银行ETF,金融地产,sector,5200,0.764,0.777,4040.4,12
2026-02-24,low_turnover_stable_ranking_v2,20000.0,515120,广发创新药ETF,医药与消费升级,theme,6500,0.612,0.621,4036.5,9
2026-02-24,low_turnover_stable_ranking_v2,20000.0,510230,金融ETF,金融地产,sector,2900,1.351,1.34,3886.0,7
2026-02-25,low_turnover_stable_ranking_v2,20000.0,512800,银行ETF,金融地产,sector,5200,0.764,0.774,4024.8,13
2026-02-25,low_turnover_stable_ranking_v2,20000.0,515120,广发创新药ETF,医药与消费升级,theme,6500,0.612,0.625,4062.5,10
2026-02-25,low_turnover_stable_ranking_v2,20000.0,510230,金融ETF,金融地产,sector,2900,1.351,1.338,3880.2,8
2026-02-26,low_turnover_stable_ranking_v2,20000.0,512800,银行ETF,金融地产,sector,5200,0.764,0.772,4014.4,14
2026-02-26,low_turnover_stable_ranking_v2,20000.0,515120,广发创新药ETF,医药与消费升级,theme,6500,0.612,0.617,4010.5,11
2026-02-26,low_turnover_stable_ranking_v2,20000.0,510230,金融ETF,金融地产,sector,2900,1.351,1.325,3842.5,9
2026-02-27,low_turnover_stable_ranking_v2,20000.0,512800,银行ETF,金融地产,sector,5200,0.764,0.773,4019.6,15
2026-02-27,low_turnover_stable_ranking_v2,20000.0,515120,广发创新药ETF,医药与消费升级,theme,6500,0.612,0.616,4004.0,12
2026-02-27,low_turnover_stable_ranking_v2,20000.0,510230,金融ETF,金融地产,sector,2900,1.351,1.325,3842.5,10
2026-03-02,low_turnover_stable_ranking_v2,20000.0,512800,银行ETF,金融地产,sector,5200,0.764,0.777,4040.4,16
2026-03-02,low_turnover_stable_ranking_v2,20000.0,515120,广发创新药ETF,医药与消费升级,theme,6500,0.612,0.6,3900.0,13
2026-03-02,low_turnover_stable_ranking_v2,20000.0,510230,金融ETF,金融地产,sector,2900,1.351,1.321,3830.9,11
2026-03-03,low_turnover_stable_ranking_v2,20000.0,512800,银行ETF,金融地产,sector,5200,0.764,0.784,4076.8,17
2026-03-03,low_turnover_stable_ranking_v2,20000.0,515120,广发创新药ETF,医药与消费升级,theme,6500,0.612,0.583,3789.5,14
2026-03-03,low_turnover_stable_ranking_v2,20000.0,510230,金融ETF,金融地产,sector,2900,1.351,1.328,3851.2,12
2026-03-04,low_turnover_stable_ranking_v2,20000.0,512800,银行ETF,金融地产,sector,5200,0.764,0.775,4030.0,18
2026-03-04,low_turnover_stable_ranking_v2,20000.0,515120,广发创新药ETF,医药与消费升级,theme,6500,0.612,0.577,3750.5,15
2026-03-04,low_turnover_stable_ranking_v2,20000.0,510230,金融ETF,金融地产,sector,2900,1.351,1.304,3781.6,13
2026-03-05,low_turnover_stable_ranking_v2,20000.0,512800,银行ETF,金融地产,sector,5200,0.764,0.783,4071.6,19
2026-03-05,low_turnover_stable_ranking_v2,20000.0,515120,广发创新药ETF,医药与消费升级,theme,6500,0.612,0.583,3789.5,16
2026-03-05,low_turnover_stable_ranking_v2,20000.0,510230,金融ETF,金融地产,sector,2900,1.351,1.318,3822.2,14
2026-03-06,low_turnover_stable_ranking_v2,20000.0,515120,广发创新药ETF,医药与消费升级,theme,6500,0.612,0.601,3906.5,17
2026-03-06,low_turnover_stable_ranking_v2,20000.0,510230,金融ETF,金融地产,sector,2900,1.351,1.322,3833.8,15
2026-03-06,low_turnover_stable_ranking_v2,20000.0,512690,酒ETF,消费医药,sector,7900,0.505,0.51,4029.0,0
2026-03-09,low_turnover_stable_ranking_v2,20000.0,515120,广发创新药ETF,医药与消费升级,theme,6500,0.612,0.592,3848.0,18
2026-03-09,low_turnover_stable_ranking_v2,20000.0,510230,金融ETF,金融地产,sector,2900,1.351,1.307,3790.3,16
2026-03-09,low_turnover_stable_ranking_v2,20000.0,512690,酒ETF,消费医药,sector,7900,0.505,0.505,3989.5,0
2026-03-10,low_turnover_stable_ranking_v2,20000.0,515120,广发创新药ETF,医药与消费升级,theme,6500,0.612,0.61,3965.0,19
2026-03-10,low_turnover_stable_ranking_v2,20000.0,510230,金融ETF,金融地产,sector,2900,1.351,1.314,3810.6,17
2026-03-10,low_turnover_stable_ranking_v2,20000.0,512690,酒ETF,消费医药,sector,7900,0.505,0.508,4013.2,1
2026-03-11,low_turnover_stable_ranking_v2,20000.0,510230,金融ETF,金融地产,sector,2900,1.351,1.323,3836.7,18
2026-03-11,low_turnover_stable_ranking_v2,20000.0,512690,酒ETF,消费医药,sector,7900,0.505,0.506,3997.4,2
2026-03-11,low_turnover_stable_ranking_v2,20000.0,512070,非银ETF,金融地产,high_beta,4700,0.847,0.848,3985.6,0
2026-03-12,low_turnover_stable_ranking_v2,20000.0,510230,金融ETF,金融地产,sector,2900,1.351,1.323,3836.7,19
2026-03-12,low_turnover_stable_ranking_v2,20000.0,512690,酒ETF,消费医药,sector,7900,0.505,0.506,3997.4,3
2026-03-12,low_turnover_stable_ranking_v2,20000.0,512070,非银ETF,金融地产,high_beta,4700,0.847,0.843,3962.1,0
2026-03-13,low_turnover_stable_ranking_v2,20000.0,512690,酒ETF,消费医药,sector,7900,0.505,0.512,4044.8,4
2026-03-13,low_turnover_stable_ranking_v2,20000.0,512070,非银ETF,金融地产,high_beta,4700,0.847,0.835,3924.5,1
2026-03-13,low_turnover_stable_ranking_v2,20000.0,512880,证券ETF,金融地产,high_beta,3600,1.11,1.112,4003.2,0
2026-03-16,low_turnover_stable_ranking_v2,20000.0,512690,酒ETF,消费医药,sector,7900,0.505,0.519,4100.1,5
2026-03-16,low_turnover_stable_ranking_v2,20000.0,512070,非银ETF,金融地产,high_beta,4700,0.847,0.831,3905.7,2
2026-03-16,low_turnover_stable_ranking_v2,20000.0,512880,证券ETF,金融地产,high_beta,3600,1.11,1.106,3981.6,0
2026-03-17,low_turnover_stable_ranking_v2,20000.0,512690,酒ETF,消费医药,sector,7900,0.505,0.518,4092.2,6
2026-03-17,low_turnover_stable_ranking_v2,20000.0,512070,非银ETF,金融地产,high_beta,4700,0.847,0.847,3980.9,3
2026-03-17,low_turnover_stable_ranking_v2,20000.0,512880,证券ETF,金融地产,high_beta,3600,1.11,1.118,4024.8,1
2026-03-18,low_turnover_stable_ranking_v2,20000.0,512690,酒ETF,消费医药,sector,7900,0.505,0.513,4052.7,7
2026-03-18,low_turnover_stable_ranking_v2,20000.0,512070,非银ETF,金融地产,high_beta,4700,0.847,0.847,3980.9,4
2026-03-18,low_turnover_stable_ranking_v2,20000.0,512880,证券ETF,金融地产,high_beta,3600,1.11,1.114,4010.4,2
2026-03-19,low_turnover_stable_ranking_v2,20000.0,512690,酒ETF,消费医药,sector,7900,0.505,0.504,3981.6,8
2026-03-19,low_turnover_stable_ranking_v2,20000.0,512070,非银ETF,金融地产,high_beta,4700,0.847,0.832,3910.4,5
2026-03-19,low_turnover_stable_ranking_v2,20000.0,512880,证券ETF,金融地产,high_beta,3600,1.11,1.101,3963.6,3
2026-03-20,low_turnover_stable_ranking_v2,20000.0,512690,酒ETF,消费医药,sector,7900,0.505,0.5,3950.0,9
2026-03-20,low_turnover_stable_ranking_v2,20000.0,512070,非银ETF,金融地产,high_beta,4700,0.847,0.818,3844.6,6
2026-03-20,low_turnover_stable_ranking_v2,20000.0,512880,证券ETF,金融地产,high_beta,3600,1.11,1.083,3898.8,4
2026-03-23,low_turnover_stable_ranking_v2,20000.0,512690,酒ETF,消费医药,sector,7900,0.505,0.484,3823.6,10
2026-03-23,low_turnover_stable_ranking_v2,20000.0,512070,非银ETF,金融地产,high_beta,4700,0.847,0.787,3698.9,7
2026-03-23,low_turnover_stable_ranking_v2,20000.0,512880,证券ETF,金融地产,high_beta,3600,1.11,1.036,3729.6,5
2026-03-24,low_turnover_stable_ranking_v2,20000.0,512690,酒ETF,消费医药,sector,7900,0.505,0.49,3871.0,11
2026-03-24,low_turnover_stable_ranking_v2,20000.0,512070,非银ETF,金融地产,high_beta,4700,0.847,0.793,3727.1,8
2026-03-24,low_turnover_stable_ranking_v2,20000.0,512880,证券ETF,金融地产,high_beta,3600,1.11,1.047,3769.2,6
2026-03-25,low_turnover_stable_ranking_v2,20000.0,512690,酒ETF,消费医药,sector,7900,0.505,0.492,3886.8,12
2026-03-25,low_turnover_stable_ranking_v2,20000.0,512070,非银ETF,金融地产,high_beta,4700,0.847,0.803,3774.1,9
2026-03-25,low_turnover_stable_ranking_v2,20000.0,512880,证券ETF,金融地产,high_beta,3600,1.11,1.059,3812.4,7
2026-03-26,low_turnover_stable_ranking_v2,20000.0,512690,酒ETF,消费医药,sector,7900,0.505,0.486,3839.4,13
2026-03-26,low_turnover_stable_ranking_v2,20000.0,512070,非银ETF,金融地产,high_beta,4700,0.847,0.78,3666.0,10
2026-03-26,low_turnover_stable_ranking_v2,20000.0,512880,证券ETF,金融地产,high_beta,3600,1.11,1.035,3726.0,8
2026-03-27,low_turnover_stable_ranking_v2,20000.0,512690,酒ETF,消费医药,sector,7900,0.505,0.492,3886.8,14
2026-03-27,low_turnover_stable_ranking_v2,20000.0,512070,非银ETF,金融地产,high_beta,4700,0.847,0.782,3675.4,11
2026-03-27,low_turnover_stable_ranking_v2,20000.0,512880,证券ETF,金融地产,high_beta,3600,1.11,1.041,3747.6,9
2026-03-30,low_turnover_stable_ranking_v2,20000.0,512690,酒ETF,消费医药,sector,7900,0.505,0.493,3894.7,15
2026-03-30,low_turnover_stable_ranking_v2,20000.0,512070,非银ETF,金融地产,high_beta,4700,0.847,0.775,3642.5,12
2026-03-30,low_turnover_stable_ranking_v2,20000.0,512880,证券ETF,金融地产,high_beta,3600,1.11,1.037,3733.2,10
2026-03-31,low_turnover_stable_ranking_v2,20000.0,512690,酒ETF,消费医药,sector,7900,0.505,0.493,3894.7,16
2026-03-31,low_turnover_stable_ranking_v2,20000.0,512070,非银ETF,金融地产,high_beta,4700,0.847,0.774,3637.8,13
2026-03-31,low_turnover_stable_ranking_v2,20000.0,512880,证券ETF,金融地产,high_beta,3600,1.11,1.029,3704.4,11
2026-04-01,low_turnover_stable_ranking_v2,20000.0,512690,酒ETF,消费医药,sector,7900,0.505,0.498,3934.2,17
2026-04-01,low_turnover_stable_ranking_v2,20000.0,512070,非银ETF,金融地产,high_beta,4700,0.847,0.788,3703.6,14
2026-04-01,low_turnover_stable_ranking_v2,20000.0,512880,证券ETF,金融地产,high_beta,3600,1.11,1.045,3762.0,12
2026-04-02,low_turnover_stable_ranking_v2,20000.0,512690,酒ETF,消费医药,sector,7900,0.505,0.499,3942.1,18
2026-04-02,low_turnover_stable_ranking_v2,20000.0,512070,非银ETF,金融地产,high_beta,4700,0.847,0.775,3642.5,15
2026-04-02,low_turnover_stable_ranking_v2,20000.0,512880,证券ETF,金融地产,high_beta,3600,1.11,1.025,3690.0,13
2026-04-03,low_turnover_stable_ranking_v2,20000.0,512690,酒ETF,消费医药,sector,7900,0.505,0.494,3902.6,19
2026-04-03,low_turnover_stable_ranking_v2,20000.0,512070,非银ETF,金融地产,high_beta,4700,0.847,0.771,3623.7,16
2026-04-03,low_turnover_stable_ranking_v2,20000.0,512880,证券ETF,金融地产,high_beta,3600,1.11,1.016,3657.6,14
2026-04-07,low_turnover_stable_ranking_v2,20000.0,512070,非银ETF,金融地产,high_beta,4700,0.847,0.766,3600.2,17
2026-04-07,low_turnover_stable_ranking_v2,20000.0,512880,证券ETF,金融地产,high_beta,3600,1.11,1.015,3654.0,15
2026-04-07,low_turnover_stable_ranking_v2,20000.0,512660,军工ETF,新能源制造,commodity_resource,3000,1.291,1.269,3807.0,0
2026-04-08,low_turnover_stable_ranking_v2,20000.0,512070,非银ETF,金融地产,high_beta,4700,0.847,0.798,3750.6,18
2026-04-08,low_turnover_stable_ranking_v2,20000.0,512880,证券ETF,金融地产,high_beta,3600,1.11,1.054,3794.4,16
2026-04-08,low_turnover_stable_ranking_v2,20000.0,512660,军工ETF,新能源制造,commodity_resource,3000,1.291,1.333,3999.0,0
2026-04-09,low_turnover_stable_ranking_v2,20000.0,512070,非银ETF,金融地产,high_beta,4700,0.847,0.783,3680.1,19
2026-04-09,low_turnover_stable_ranking_v2,20000.0,512880,证券ETF,金融地产,high_beta,3600,1.11,1.031,3711.6,17
2026-04-09,low_turnover_stable_ranking_v2,20000.0,512660,军工ETF,新能源制造,commodity_resource,3000,1.291,1.323,3969.0,1
2026-04-10,low_turnover_stable_ranking_v2,20000.0,512880,证券ETF,金融地产,high_beta,3600,1.11,1.068,3844.8,18
2026-04-10,low_turnover_stable_ranking_v2,20000.0,512660,军工ETF,新能源制造,commodity_resource,3000,1.291,1.339,4017.0,2
2026-04-10,low_turnover_stable_ranking_v2,20000.0,512200,房地产ETF,金融地产,sector,2900,1.338,1.348,3909.2,0
2026-04-13,low_turnover_stable_ranking_v2,20000.0,512880,证券ETF,金融地产,high_beta,3600,1.11,1.075,3870.0,19
2026-04-13,low_turnover_stable_ranking_v2,20000.0,512660,军工ETF,新能源制造,commodity_resource,3000,1.291,1.351,4053.0,3
2026-04-13,low_turnover_stable_ranking_v2,20000.0,512200,房地产ETF,金融地产,sector,2900,1.338,1.36,3944.0,0
2026-04-14,low_turnover_stable_ranking_v2,20000.0,512660,军工ETF,新能源制造,commodity_resource,3000,1.291,1.375,4125.0,4
2026-04-14,low_turnover_stable_ranking_v2,20000.0,512200,房地产ETF,金融地产,sector,2900,1.338,1.398,4054.2,1
2026-04-14,low_turnover_stable_ranking_v2,20000.0,512690,酒ETF,消费医药,sector,8100,0.491,0.491,3977.1,0
2026-04-15,low_turnover_stable_ranking_v2,20000.0,512660,军工ETF,新能源制造,commodity_resource,3000,1.291,1.367,4101.0,5
2026-04-15,low_turnover_stable_ranking_v2,20000.0,512200,房地产ETF,金融地产,sector,2900,1.338,1.377,3993.3,2
2026-04-15,low_turnover_stable_ranking_v2,20000.0,512690,酒ETF,消费医药,sector,8100,0.491,0.492,3985.2,0
2026-04-16,low_turnover_stable_ranking_v2,20000.0,512660,军工ETF,新能源制造,commodity_resource,3000,1.291,1.375,4125.0,6
2026-04-16,low_turnover_stable_ranking_v2,20000.0,512200,房地产ETF,金融地产,sector,2900,1.338,1.381,4004.9,3
2026-04-16,low_turnover_stable_ranking_v2,20000.0,512690,酒ETF,消费医药,sector,8100,0.491,0.493,3993.3,1
2026-04-17,low_turnover_stable_ranking_v2,20000.0,512660,军工ETF,新能源制造,commodity_resource,3000,1.291,1.386,4158.0,7
2026-04-17,low_turnover_stable_ranking_v2,20000.0,512200,房地产ETF,金融地产,sector,2900,1.338,1.404,4071.6,4
2026-04-17,low_turnover_stable_ranking_v2,20000.0,512690,酒ETF,消费医药,sector,8100,0.491,0.485,3928.5,2
2026-04-20,low_turnover_stable_ranking_v2,20000.0,512660,军工ETF,新能源制造,commodity_resource,3000,1.291,1.425,4275.0,8
2026-04-20,low_turnover_stable_ranking_v2,20000.0,512200,房地产ETF,金融地产,sector,2900,1.338,1.398,4054.2,5
2026-04-20,low_turnover_stable_ranking_v2,20000.0,512690,酒ETF,消费医药,sector,8100,0.491,0.484,3920.4,3
2026-04-21,low_turnover_stable_ranking_v2,20000.0,512660,军工ETF,新能源制造,commodity_resource,3000,1.291,1.416,4248.0,9
2026-04-21,low_turnover_stable_ranking_v2,20000.0,512200,房地产ETF,金融地产,sector,2900,1.338,1.393,4039.7,6
2026-04-21,low_turnover_stable_ranking_v2,20000.0,512690,酒ETF,消费医药,sector,8100,0.491,0.483,3912.3,4
2026-04-22,low_turnover_stable_ranking_v2,20000.0,512660,军工ETF,新能源制造,commodity_resource,3000,1.291,1.42,4260.0,10
2026-04-22,low_turnover_stable_ranking_v2,20000.0,512200,房地产ETF,金融地产,sector,2900,1.338,1.4,4060.0,7
2026-04-22,low_turnover_stable_ranking_v2,20000.0,512690,酒ETF,消费医药,sector,8100,0.491,0.482,3904.2,5
2026-04-23,low_turnover_stable_ranking_v2,20000.0,512660,军工ETF,新能源制造,commodity_resource,3000,1.291,1.424,4272.0,11
2026-04-23,low_turnover_stable_ranking_v2,20000.0,512200,房地产ETF,金融地产,sector,2900,1.338,1.392,4036.8,8
2026-04-23,low_turnover_stable_ranking_v2,20000.0,512690,酒ETF,消费医药,sector,8100,0.491,0.49,3969.0,6
2026-04-24,low_turnover_stable_ranking_v2,20000.0,512660,军工ETF,新能源制造,commodity_resource,3000,1.291,1.396,4188.0,12
2026-04-24,low_turnover_stable_ranking_v2,20000.0,512200,房地产ETF,金融地产,sector,2900,1.338,1.383,4010.7,9
2026-04-24,low_turnover_stable_ranking_v2,20000.0,512690,酒ETF,消费医药,sector,8100,0.491,0.491,3977.1,7
2026-04-27,low_turnover_stable_ranking_v2,20000.0,512660,军工ETF,新能源制造,commodity_resource,3000,1.291,1.393,4179.0,13
2026-04-27,low_turnover_stable_ranking_v2,20000.0,512200,房地产ETF,金融地产,sector,2900,1.338,1.38,4002.0,10
2026-04-27,low_turnover_stable_ranking_v2,20000.0,512690,酒ETF,消费医药,sector,8100,0.491,0.482,3904.2,8
2026-04-28,low_turnover_stable_ranking_v2,20000.0,512660,军工ETF,新能源制造,commodity_resource,3000,1.291,1.371,4113.0,14
2026-04-28,low_turnover_stable_ranking_v2,20000.0,512200,房地产ETF,金融地产,sector,2900,1.338,1.385,4016.5,11
2026-04-28,low_turnover_stable_ranking_v2,20000.0,512690,酒ETF,消费医药,sector,8100,0.491,0.482,3904.2,9
2026-04-29,low_turnover_stable_ranking_v2,20000.0,512660,军工ETF,新能源制造,commodity_resource,3000,1.291,1.377,4131.0,15
2026-04-29,low_turnover_stable_ranking_v2,20000.0,512200,房地产ETF,金融地产,sector,2900,1.338,1.414,4100.6,12
2026-04-29,low_turnover_stable_ranking_v2,20000.0,512690,酒ETF,消费医药,sector,8100,0.491,0.487,3944.7,10
2026-04-30,low_turnover_stable_ranking_v2,20000.0,512660,军工ETF,新能源制造,commodity_resource,3000,1.291,1.399,4197.0,16
2026-04-30,low_turnover_stable_ranking_v2,20000.0,512200,房地产ETF,金融地产,sector,2900,1.338,1.438,4170.2,13
2026-04-30,low_turnover_stable_ranking_v2,20000.0,512690,酒ETF,消费医药,sector,8100,0.491,0.484,3920.4,11
2026-05-06,low_turnover_stable_ranking_v2,20000.0,512660,军工ETF,新能源制造,commodity_resource,3000,1.291,1.43,4290.0,17
2026-05-06,low_turnover_stable_ranking_v2,20000.0,512200,房地产ETF,金融地产,sector,2900,1.338,1.462,4239.8,14
2026-05-06,low_turnover_stable_ranking_v2,20000.0,512690,酒ETF,消费医药,sector,8100,0.491,0.477,3863.7,12
2026-05-07,low_turnover_stable_ranking_v2,20000.0,512660,军工ETF,新能源制造,commodity_resource,3000,1.291,1.446,4338.0,18
2026-05-07,low_turnover_stable_ranking_v2,20000.0,512200,房地产ETF,金融地产,sector,2900,1.338,1.47,4263.0,15
2026-05-07,low_turnover_stable_ranking_v2,20000.0,512690,酒ETF,消费医药,sector,8100,0.491,0.478,3871.8,13
2026-05-08,low_turnover_stable_ranking_v2,20000.0,512660,军工ETF,新能源制造,commodity_resource,3000,1.291,1.474,4422.0,19
2026-05-08,low_turnover_stable_ranking_v2,20000.0,512200,房地产ETF,金融地产,sector,2900,1.338,1.488,4315.2,16
2026-05-08,low_turnover_stable_ranking_v2,20000.0,512690,酒ETF,消费医药,sector,8100,0.491,0.476,3855.6,14
2026-05-11,low_turnover_stable_ranking_v2,20000.0,512200,房地产ETF,金融地产,sector,2900,1.338,1.509,4376.1,17
2026-05-11,low_turnover_stable_ranking_v2,20000.0,512690,酒ETF,消费医药,sector,8100,0.491,0.475,3847.5,15
2026-05-11,low_turnover_stable_ranking_v2,20000.0,518880,黄金ETF,防御风格,commodity_resource,400,9.9,9.774,3909.6,0
2026-05-12,low_turnover_stable_ranking_v2,20000.0,512200,房地产ETF,金融地产,sector,2900,1.338,1.51,4379.0,18
2026-05-12,low_turnover_stable_ranking_v2,20000.0,512690,酒ETF,消费医药,sector,8100,0.491,0.469,3798.9,16
2026-05-12,low_turnover_stable_ranking_v2,20000.0,518880,黄金ETF,防御风格,commodity_resource,400,9.9,9.806,3922.4,0
2026-05-13,low_turnover_stable_ranking_v2,20000.0,512200,房地产ETF,金融地产,sector,2900,1.338,1.491,4323.9,19
2026-05-13,low_turnover_stable_ranking_v2,20000.0,512690,酒ETF,消费医药,sector,8100,0.491,0.462,3742.2,17
2026-05-13,low_turnover_stable_ranking_v2,20000.0,518880,黄金ETF,防御风格,commodity_resource,400,9.9,9.804,3921.6,1
2026-05-14,low_turnover_stable_ranking_v2,20000.0,512690,酒ETF,消费医药,sector,8100,0.491,0.466,3774.6,18
2026-05-14,low_turnover_stable_ranking_v2,20000.0,518880,黄金ETF,防御风格,commodity_resource,400,9.9,9.795,3918.0,2
2026-05-14,low_turnover_stable_ranking_v2,20000.0,159992,银华创新药ETF,医药与消费升级,theme,4900,0.802,0.803,3934.7,0
2026-05-15,low_turnover_stable_ranking_v2,20000.0,512690,酒ETF,消费医药,sector,8100,0.491,0.455,3685.5,19
2026-05-15,low_turnover_stable_ranking_v2,20000.0,518880,黄金ETF,防御风格,commodity_resource,400,9.9,9.554,3821.6,3
2026-05-15,low_turnover_stable_ranking_v2,20000.0,159992,银华创新药ETF,医药与消费升级,theme,4900,0.802,0.798,3910.2,0
2026-05-18,low_turnover_stable_ranking_v2,20000.0,518880,黄金ETF,防御风格,commodity_resource,400,9.9,9.513,3805.2,4
2026-05-18,low_turnover_stable_ranking_v2,20000.0,159992,银华创新药ETF,医药与消费升级,theme,4900,0.802,0.784,3841.6,1
2026-05-18,low_turnover_stable_ranking_v2,20000.0,515120,广发创新药ETF,医药与消费升级,theme,6800,0.586,0.587,3991.6,0
2026-05-19,low_turnover_stable_ranking_v2,20000.0,518880,黄金ETF,防御风格,commodity_resource,400,9.9,9.515,3806.0,5
2026-05-19,low_turnover_stable_ranking_v2,20000.0,159992,银华创新药ETF,医药与消费升级,theme,4900,0.802,0.785,3846.5,2
2026-05-19,low_turnover_stable_ranking_v2,20000.0,515120,广发创新药ETF,医药与消费升级,theme,6800,0.586,0.589,4005.2,0
2026-05-20,low_turnover_stable_ranking_v2,20000.0,518880,黄金ETF,防御风格,commodity_resource,400,9.9,9.367,3746.8,6
2026-05-20,low_turnover_stable_ranking_v2,20000.0,159992,银华创新药ETF,医药与消费升级,theme,4900,0.802,0.786,3851.4,3
2026-05-20,low_turnover_stable_ranking_v2,20000.0,515120,广发创新药ETF,医药与消费升级,theme,6800,0.586,0.588,3998.4,1
2026-05-21,low_turnover_stable_ranking_v2,20000.0,518880,黄金ETF,防御风格,commodity_resource,400,9.9,9.45,3780.0,7
2026-05-21,low_turnover_stable_ranking_v2,20000.0,159992,银华创新药ETF,医药与消费升级,theme,4900,0.802,0.793,3885.7,4
2026-05-21,low_turnover_stable_ranking_v2,20000.0,515120,广发创新药ETF,医药与消费升级,theme,6800,0.586,0.594,4039.2,2
2026-05-22,low_turnover_stable_ranking_v2,20000.0,518880,黄金ETF,防御风格,commodity_resource,400,9.9,9.461,3784.4,8
2026-05-22,low_turnover_stable_ranking_v2,20000.0,159992,银华创新药ETF,医药与消费升级,theme,4900,0.802,0.781,3826.9,5
2026-05-22,low_turnover_stable_ranking_v2,20000.0,515120,广发创新药ETF,医药与消费升级,theme,6800,0.586,0.585,3978.0,3
2026-05-25,low_turnover_stable_ranking_v2,20000.0,518880,黄金ETF,防御风格,commodity_resource,400,9.9,9.512,3804.8,9
2026-05-25,low_turnover_stable_ranking_v2,20000.0,159992,银华创新药ETF,医药与消费升级,theme,4900,0.802,0.771,3777.9,6
2026-05-25,low_turnover_stable_ranking_v2,20000.0,515120,广发创新药ETF,医药与消费升级,theme,6800,0.586,0.577,3923.6,4
2026-05-26,low_turnover_stable_ranking_v2,20000.0,518880,黄金ETF,防御风格,commodity_resource,400,9.9,9.454,3781.6,10
2026-05-26,low_turnover_stable_ranking_v2,20000.0,159992,银华创新药ETF,医药与消费升级,theme,4900,0.802,0.769,3768.1,7
2026-05-26,low_turnover_stable_ranking_v2,20000.0,515120,广发创新药ETF,医药与消费升级,theme,6800,0.586,0.576,3916.8,5
2026-05-27,low_turnover_stable_ranking_v2,20000.0,518880,黄金ETF,防御风格,commodity_resource,400,9.9,9.345,3738.0,11
2026-05-27,low_turnover_stable_ranking_v2,20000.0,159992,银华创新药ETF,医药与消费升级,theme,4900,0.802,0.766,3753.4,8
2026-05-27,low_turnover_stable_ranking_v2,20000.0,515120,广发创新药ETF,医药与消费升级,theme,6800,0.586,0.574,3903.2,6
2026-05-28,low_turnover_stable_ranking_v2,20000.0,518880,黄金ETF,防御风格,commodity_resource,400,9.9,9.132,3652.8,12
2026-05-28,low_turnover_stable_ranking_v2,20000.0,159992,银华创新药ETF,医药与消费升级,theme,4900,0.802,0.749,3670.1,9
2026-05-28,low_turnover_stable_ranking_v2,20000.0,515120,广发创新药ETF,医药与消费升级,theme,6800,0.586,0.561,3814.8,7
2026-05-29,low_turnover_stable_ranking_v2,20000.0,518880,黄金ETF,防御风格,commodity_resource,400,9.9,9.397,3758.8,13
2026-05-29,low_turnover_stable_ranking_v2,20000.0,159992,银华创新药ETF,医药与消费升级,theme,4900,0.802,0.767,3758.3,10
2026-05-29,low_turnover_stable_ranking_v2,20000.0,515120,广发创新药ETF,医药与消费升级,theme,6800,0.586,0.574,3903.2,8
2026-06-01,low_turnover_stable_ranking_v2,20000.0,518880,黄金ETF,防御风格,commodity_resource,400,9.9,9.344,3737.6,14
2026-06-01,low_turnover_stable_ranking_v2,20000.0,159992,银华创新药ETF,医药与消费升级,theme,4900,0.802,0.757,3709.3,11
2026-06-01,low_turnover_stable_ranking_v2,20000.0,515120,广发创新药ETF,医药与消费升级,theme,6800,0.586,0.568,3862.4,9
2026-06-02,low_turnover_stable_ranking_v2,20000.0,518880,黄金ETF,防御风格,commodity_resource,400,9.9,9.41,3764.0,15
2026-06-02,low_turnover_stable_ranking_v2,20000.0,159992,银华创新药ETF,医药与消费升级,theme,4900,0.802,0.746,3655.4,12
2026-06-02,low_turnover_stable_ranking_v2,20000.0,515120,广发创新药ETF,医药与消费升级,theme,6800,0.586,0.558,3794.4,10
2026-06-03,low_turnover_stable_ranking_v2,20000.0,518880,黄金ETF,防御风格,commodity_resource,400,9.9,9.281,3712.4,16
2026-06-03,low_turnover_stable_ranking_v2,20000.0,159992,银华创新药ETF,医药与消费升级,theme,4900,0.802,0.733,3591.7,13
2026-06-03,low_turnover_stable_ranking_v2,20000.0,515120,广发创新药ETF,医药与消费升级,theme,6800,0.586,0.548,3726.4,11
2026-06-04,low_turnover_stable_ranking_v2,20000.0,518880,黄金ETF,防御风格,commodity_resource,400,9.9,9.29,3716.0,17
2026-06-04,low_turnover_stable_ranking_v2,20000.0,159992,银华创新药ETF,医药与消费升级,theme,4900,0.802,0.724,3547.6,14
2026-06-04,low_turnover_stable_ranking_v2,20000.0,515120,广发创新药ETF,医药与消费升级,theme,6800,0.586,0.542,3685.6,12
2026-06-05,low_turnover_stable_ranking_v2,20000.0,518880,黄金ETF,防御风格,commodity_resource,400,9.9,9.252,3700.8,18
2026-06-05,low_turnover_stable_ranking_v2,20000.0,159992,银华创新药ETF,医药与消费升级,theme,4900,0.802,0.724,3547.6,15
2026-06-05,low_turnover_stable_ranking_v2,20000.0,515120,广发创新药ETF,医药与消费升级,theme,6800,0.586,0.542,3685.6,13
2026-06-08,low_turnover_stable_ranking_v2,20000.0,518880,黄金ETF,防御风格,commodity_resource,400,9.9,8.953,3581.2,19
2026-06-08,low_turnover_stable_ranking_v2,20000.0,159992,银华创新药ETF,医药与消费升级,theme,4900,0.802,0.707,3464.3,16
2026-06-08,low_turnover_stable_ranking_v2,20000.0,515120,广发创新药ETF,医药与消费升级,theme,6800,0.586,0.53,3604.0,14
2026-06-09,low_turnover_stable_ranking_v2,20000.0,159992,银华创新药ETF,医药与消费升级,theme,4900,0.802,0.709,3474.1,17
2026-06-09,low_turnover_stable_ranking_v2,20000.0,515120,广发创新药ETF,医药与消费升级,theme,6800,0.586,0.532,3617.6,15
2026-06-09,low_turnover_stable_ranking_v2,20000.0,512660,军工ETF,新能源制造,commodity_resource,3200,1.227,1.235,3952.0,0
2026-06-10,low_turnover_stable_ranking_v2,20000.0,159992,银华创新药ETF,医药与消费升级,theme,4900,0.802,0.721,3532.9,18
2026-06-10,low_turnover_stable_ranking_v2,20000.0,515120,广发创新药ETF,医药与消费升级,theme,6800,0.586,0.541,3678.8,16
2026-06-10,low_turnover_stable_ranking_v2,20000.0,512660,军工ETF,新能源制造,commodity_resource,3200,1.227,1.222,3910.4,0
2026-06-11,low_turnover_stable_ranking_v2,20000.0,159992,银华创新药ETF,医药与消费升级,theme,4900,0.802,0.718,3518.2,19
2026-06-11,low_turnover_stable_ranking_v2,20000.0,515120,广发创新药ETF,医药与消费升级,theme,6800,0.586,0.538,3658.4,17
2026-06-11,low_turnover_stable_ranking_v2,20000.0,512660,军工ETF,新能源制造,commodity_resource,3200,1.227,1.219,3900.8,1
2026-06-12,low_turnover_stable_ranking_v2,20000.0,515120,广发创新药ETF,医药与消费升级,theme,6800,0.586,0.551,3746.8,18
2026-06-12,low_turnover_stable_ranking_v2,20000.0,512660,军工ETF,新能源制造,commodity_resource,3200,1.227,1.246,3987.2,2
2026-06-12,low_turnover_stable_ranking_v2,20000.0,512200,房地产ETF,金融地产,sector,3100,1.286,1.277,3958.7,0
2026-06-15,low_turnover_stable_ranking_v2,20000.0,515120,广发创新药ETF,医药与消费升级,theme,6800,0.586,0.549,3733.2,19
2026-06-15,low_turnover_stable_ranking_v2,20000.0,512660,军工ETF,新能源制造,commodity_resource,3200,1.227,1.266,4051.2,3
2026-06-15,low_turnover_stable_ranking_v2,20000.0,512200,房地产ETF,金融地产,sector,3100,1.286,1.285,3983.5,0
2026-06-16,low_turnover_stable_ranking_v2,20000.0,512660,军工ETF,新能源制造,commodity_resource,3200,1.227,1.267,4054.4,4
2026-06-16,low_turnover_stable_ranking_v2,20000.0,512200,房地产ETF,金融地产,sector,3100,1.286,1.259,3902.9,1
2026-06-16,low_turnover_stable_ranking_v2,20000.0,512170,医疗ETF,消费医药,sector,13600,0.293,0.293,3984.8,0
2026-06-17,low_turnover_stable_ranking_v2,20000.0,512660,军工ETF,新能源制造,commodity_resource,3200,1.227,1.289,4124.8,5
2026-06-17,low_turnover_stable_ranking_v2,20000.0,512200,房地产ETF,金融地产,sector,3100,1.286,1.257,3896.7,2
2026-06-17,low_turnover_stable_ranking_v2,20000.0,512170,医疗ETF,消费医药,sector,13600,0.293,0.294,3998.4,0
2025-05-30,risk_aware_adjusted_ranking_v2,20000.0,588000,科创50ETF,宽基,broad_index,3800,1.028,1.03,3914.0,0
2025-05-30,risk_aware_adjusted_ranking_v2,20000.0,512690,酒ETF,消费医药,sector,6900,0.577,0.581,4008.9,0
2025-05-30,risk_aware_adjusted_ranking_v2,20000.0,512200,房地产ETF,金融地产,sector,2900,1.336,1.345,3900.5,0
2025-06-03,risk_aware_adjusted_ranking_v2,20000.0,588000,科创50ETF,宽基,broad_index,3800,1.028,1.034,3929.2,0
2025-06-03,risk_aware_adjusted_ranking_v2,20000.0,512690,酒ETF,消费医药,sector,6900,0.577,0.576,3974.4,0
2025-06-03,risk_aware_adjusted_ranking_v2,20000.0,512200,房地产ETF,金融地产,sector,2900,1.336,1.341,3888.9,0
2025-06-04,risk_aware_adjusted_ranking_v2,20000.0,588000,科创50ETF,宽基,broad_index,3800,1.028,1.04,3952.0,1
2025-06-04,risk_aware_adjusted_ranking_v2,20000.0,512690,酒ETF,消费医药,sector,6900,0.577,0.577,3981.3,1
2025-06-04,risk_aware_adjusted_ranking_v2,20000.0,512200,房地产ETF,金融地产,sector,2900,1.336,1.354,3926.6,1
2025-06-05,risk_aware_adjusted_ranking_v2,20000.0,588000,科创50ETF,宽基,broad_index,3800,1.028,1.051,3993.8,2
2025-06-05,risk_aware_adjusted_ranking_v2,20000.0,512690,酒ETF,消费医药,sector,6900,0.577,0.578,3988.2,2
2025-06-05,risk_aware_adjusted_ranking_v2,20000.0,512200,房地产ETF,金融地产,sector,2900,1.336,1.355,3929.5,2
2025-06-06,risk_aware_adjusted_ranking_v2,20000.0,588000,科创50ETF,宽基,broad_index,3800,1.028,1.047,3978.6,3
2025-06-06,risk_aware_adjusted_ranking_v2,20000.0,512690,酒ETF,消费医药,sector,6900,0.577,0.577,3981.3,3
2025-06-06,risk_aware_adjusted_ranking_v2,20000.0,512200,房地产ETF,金融地产,sector,2900,1.336,1.355,3929.5,3
2025-06-09,risk_aware_adjusted_ranking_v2,20000.0,588000,科创50ETF,宽基,broad_index,3800,1.028,1.053,4001.4,4
2025-06-09,risk_aware_adjusted_ranking_v2,20000.0,512690,酒ETF,消费医药,sector,6900,0.577,0.574,3960.6,4
2025-06-09,risk_aware_adjusted_ranking_v2,20000.0,512200,房地产ETF,金融地产,sector,2900,1.336,1.359,3941.1,4
2025-06-10,risk_aware_adjusted_ranking_v2,20000.0,588000,科创50ETF,宽基,broad_index,3800,1.028,1.032,3921.6,5
2025-06-10,risk_aware_adjusted_ranking_v2,20000.0,512690,酒ETF,消费医药,sector,6900,0.577,0.569,3926.1,5
2025-06-10,risk_aware_adjusted_ranking_v2,20000.0,512200,房地产ETF,金融地产,sector,2900,1.336,1.351,3917.9,5
2025-06-11,risk_aware_adjusted_ranking_v2,20000.0,588000,科创50ETF,宽基,broad_index,3800,1.028,1.031,3917.8,6
2025-06-11,risk_aware_adjusted_ranking_v2,20000.0,512690,酒ETF,消费医药,sector,6900,0.577,0.57,3933.0,6
2025-06-11,risk_aware_adjusted_ranking_v2,20000.0,512200,房地产ETF,金融地产,sector,2900,1.336,1.361,3946.9,6
2025-06-12,risk_aware_adjusted_ranking_v2,20000.0,588000,科创50ETF,宽基,broad_index,3800,1.028,1.027,3902.6,7
2025-06-12,risk_aware_adjusted_ranking_v2,20000.0,512690,酒ETF,消费医药,sector,6900,0.577,0.56,3864.0,7
2025-06-12,risk_aware_adjusted_ranking_v2,20000.0,512200,房地产ETF,金融地产,sector,2900,1.336,1.353,3923.7,7
2025-06-13,risk_aware_adjusted_ranking_v2,20000.0,588000,科创50ETF,宽基,broad_index,3800,1.028,1.022,3883.6,8
2025-06-13,risk_aware_adjusted_ranking_v2,20000.0,512690,酒ETF,消费医药,sector,6900,0.577,0.545,3760.5,8
2025-06-13,risk_aware_adjusted_ranking_v2,20000.0,512200,房地产ETF,金融地产,sector,2900,1.336,1.332,3862.8,8
2025-06-16,risk_aware_adjusted_ranking_v2,20000.0,588000,科创50ETF,宽基,broad_index,3800,1.028,1.021,3879.8,9
2025-06-16,risk_aware_adjusted_ranking_v2,20000.0,512690,酒ETF,消费医药,sector,6900,0.577,0.546,3767.4,9
2025-06-16,risk_aware_adjusted_ranking_v2,20000.0,512200,房地产ETF,金融地产,sector,2900,1.336,1.359,3941.1,9
2025-06-17,risk_aware_adjusted_ranking_v2,20000.0,588000,科创50ETF,宽基,broad_index,3800,1.028,1.012,3845.6,10
2025-06-17,risk_aware_adjusted_ranking_v2,20000.0,512690,酒ETF,消费医药,sector,6900,0.577,0.547,3774.3,10
2025-06-17,risk_aware_adjusted_ranking_v2,20000.0,512200,房地产ETF,金融地产,sector,2900,1.336,1.354,3926.6,10
2025-06-18,risk_aware_adjusted_ranking_v2,20000.0,588000,科创50ETF,宽基,broad_index,3800,1.028,1.018,3868.4,11
2025-06-18,risk_aware_adjusted_ranking_v2,20000.0,512690,酒ETF,消费医药,sector,6900,0.577,0.55,3795.0,11
2025-06-18,risk_aware_adjusted_ranking_v2,20000.0,512200,房地产ETF,金融地产,sector,2900,1.336,1.337,3877.3,11
2025-06-19,risk_aware_adjusted_ranking_v2,20000.0,588000,科创50ETF,宽基,broad_index,3800,1.028,1.012,3845.6,12
2025-06-19,risk_aware_adjusted_ranking_v2,20000.0,512690,酒ETF,消费医药,sector,6900,0.577,0.546,3767.4,12
2025-06-19,risk_aware_adjusted_ranking_v2,20000.0,512200,房地产ETF,金融地产,sector,2900,1.336,1.31,3799.0,12
2025-06-20,risk_aware_adjusted_ranking_v2,20000.0,588000,科创50ETF,宽基,broad_index,3800,1.028,1.006,3822.8,13
2025-06-20,risk_aware_adjusted_ranking_v2,20000.0,512690,酒ETF,消费医药,sector,6900,0.577,0.558,3850.2,13
2025-06-20,risk_aware_adjusted_ranking_v2,20000.0,512200,房地产ETF,金融地产,sector,2900,1.336,1.31,3799.0,13
2025-06-23,risk_aware_adjusted_ranking_v2,20000.0,588000,科创50ETF,宽基,broad_index,3800,1.028,1.012,3845.6,14
2025-06-23,risk_aware_adjusted_ranking_v2,20000.0,512690,酒ETF,消费医药,sector,6900,0.577,0.551,3801.9,14
2025-06-23,risk_aware_adjusted_ranking_v2,20000.0,512200,房地产ETF,金融地产,sector,2900,1.336,1.316,3816.4,14
2025-06-24,risk_aware_adjusted_ranking_v2,20000.0,588000,科创50ETF,宽基,broad_index,3800,1.028,1.029,3910.2,15
2025-06-24,risk_aware_adjusted_ranking_v2,20000.0,512690,酒ETF,消费医药,sector,6900,0.577,0.555,3829.5,15
2025-06-24,risk_aware_adjusted_ranking_v2,20000.0,512200,房地产ETF,金融地产,sector,2900,1.336,1.332,3862.8,15
2025-06-25,risk_aware_adjusted_ranking_v2,20000.0,588000,科创50ETF,宽基,broad_index,3800,1.028,1.048,3982.4,16
2025-06-25,risk_aware_adjusted_ranking_v2,20000.0,512690,酒ETF,消费医药,sector,6900,0.577,0.556,3836.4,16
2025-06-25,risk_aware_adjusted_ranking_v2,20000.0,512200,房地产ETF,金融地产,sector,2900,1.336,1.354,3926.6,16
2025-06-26,risk_aware_adjusted_ranking_v2,20000.0,588000,科创50ETF,宽基,broad_index,3800,1.028,1.041,3955.8,17
2025-06-26,risk_aware_adjusted_ranking_v2,20000.0,512690,酒ETF,消费医药,sector,6900,0.577,0.556,3836.4,17
2025-06-26,risk_aware_adjusted_ranking_v2,20000.0,512200,房地产ETF,金融地产,sector,2900,1.336,1.349,3912.1,17
2025-06-27,risk_aware_adjusted_ranking_v2,20000.0,588000,科创50ETF,宽基,broad_index,3800,1.028,1.041,3955.8,18
2025-06-27,risk_aware_adjusted_ranking_v2,20000.0,512690,酒ETF,消费医药,sector,6900,0.577,0.552,3808.8,18
2025-06-27,risk_aware_adjusted_ranking_v2,20000.0,512200,房地产ETF,金融地产,sector,2900,1.336,1.351,3917.9,18
2025-06-30,risk_aware_adjusted_ranking_v2,20000.0,588000,科创50ETF,宽基,broad_index,3800,1.028,1.056,4012.8,19
2025-06-30,risk_aware_adjusted_ranking_v2,20000.0,512690,酒ETF,消费医药,sector,6900,0.577,0.555,3829.5,19
2025-06-30,risk_aware_adjusted_ranking_v2,20000.0,512200,房地产ETF,金融地产,sector,2900,1.336,1.359,3941.1,19
2025-07-01,risk_aware_adjusted_ranking_v2,20000.0,515220,煤炭ETF,周期资源,commodity_resource,4200,0.952,0.954,4006.8,0
2025-07-01,risk_aware_adjusted_ranking_v2,20000.0,512170,医疗ETF,消费医药,sector,12000,0.333,0.333,3996.0,0
2025-07-01,risk_aware_adjusted_ranking_v2,20000.0,512010,医药ETF,消费医药,sector,10700,0.371,0.37,3959.0,0
2025-07-02,risk_aware_adjusted_ranking_v2,20000.0,515220,煤炭ETF,周期资源,commodity_resource,4200,0.952,0.972,4082.4,0
2025-07-02,risk_aware_adjusted_ranking_v2,20000.0,512170,医疗ETF,消费医药,sector,12000,0.333,0.331,3972.0,0
2025-07-02,risk_aware_adjusted_ranking_v2,20000.0,512010,医药ETF,消费医药,sector,10700,0.371,0.368,3937.6,0
2025-07-03,risk_aware_adjusted_ranking_v2,20000.0,515220,煤炭ETF,周期资源,commodity_resource,4200,0.952,0.966,4057.2,1
2025-07-03,risk_aware_adjusted_ranking_v2,20000.0,512170,医疗ETF,消费医药,sector,12000,0.333,0.332,3984.0,1
2025-07-03,risk_aware_adjusted_ranking_v2,20000.0,512010,医药ETF,消费医药,sector,10700,0.371,0.37,3959.0,1
2025-07-04,risk_aware_adjusted_ranking_v2,20000.0,515220,煤炭ETF,周期资源,commodity_resource,4200,0.952,0.966,4057.2,2
2025-07-04,risk_aware_adjusted_ranking_v2,20000.0,512170,医疗ETF,消费医药,sector,12000,0.333,0.332,3984.0,2
2025-07-04,risk_aware_adjusted_ranking_v2,20000.0,512010,医药ETF,消费医药,sector,10700,0.371,0.371,3969.7,2
2025-07-07,risk_aware_adjusted_ranking_v2,20000.0,515220,煤炭ETF,周期资源,commodity_resource,4200,0.952,0.966,4057.2,3
2025-07-07,risk_aware_adjusted_ranking_v2,20000.0,512170,医疗ETF,消费医药,sector,12000,0.333,0.329,3948.0,3
2025-07-07,risk_aware_adjusted_ranking_v2,20000.0,512010,医药ETF,消费医药,sector,10700,0.371,0.367,3926.9,3
2025-07-08,risk_aware_adjusted_ranking_v2,20000.0,515220,煤炭ETF,周期资源,commodity_resource,4200,0.952,0.97,4074.0,4
2025-07-08,risk_aware_adjusted_ranking_v2,20000.0,512170,医疗ETF,消费医药,sector,12000,0.333,0.332,3984.0,4
2025-07-08,risk_aware_adjusted_ranking_v2,20000.0,512010,医药ETF,消费医药,sector,10700,0.371,0.369,3948.3,4
2025-07-09,risk_aware_adjusted_ranking_v2,20000.0,515220,煤炭ETF,周期资源,commodity_resource,4200,0.952,0.978,4107.6,5
2025-07-09,risk_aware_adjusted_ranking_v2,20000.0,512170,医疗ETF,消费医药,sector,12000,0.333,0.333,3996.0,5
2025-07-09,risk_aware_adjusted_ranking_v2,20000.0,512010,医药ETF,消费医药,sector,10700,0.371,0.374,4001.8,5
2025-07-10,risk_aware_adjusted_ranking_v2,20000.0,515220,煤炭ETF,周期资源,commodity_resource,4200,0.952,0.995,4179.0,6
2025-07-10,risk_aware_adjusted_ranking_v2,20000.0,512170,医疗ETF,消费医药,sector,12000,0.333,0.335,4020.0,6
2025-07-10,risk_aware_adjusted_ranking_v2,20000.0,512010,医药ETF,消费医药,sector,10700,0.371,0.375,4012.5,6
2025-07-11,risk_aware_adjusted_ranking_v2,20000.0,515220,煤炭ETF,周期资源,commodity_resource,4200,0.952,0.991,4162.2,7
2025-07-11,risk_aware_adjusted_ranking_v2,20000.0,512170,医疗ETF,消费医药,sector,12000,0.333,0.341,4092.0,7
2025-07-11,risk_aware_adjusted_ranking_v2,20000.0,512010,医药ETF,消费医药,sector,10700,0.371,0.381,4076.7,7
2025-07-14,risk_aware_adjusted_ranking_v2,20000.0,515220,煤炭ETF,周期资源,commodity_resource,4200,0.952,0.993,4170.6,8
2025-07-14,risk_aware_adjusted_ranking_v2,20000.0,512170,医疗ETF,消费医药,sector,12000,0.333,0.34,4080.0,8
2025-07-14,risk_aware_adjusted_ranking_v2,20000.0,512010,医药ETF,消费医药,sector,10700,0.371,0.38,4066.0,8
2025-07-15,risk_aware_adjusted_ranking_v2,20000.0,515220,煤炭ETF,周期资源,commodity_resource,4200,0.952,0.97,4074.0,9
2025-07-15,risk_aware_adjusted_ranking_v2,20000.0,512170,医疗ETF,消费医药,sector,12000,0.333,0.339,4068.0,9
2025-07-15,risk_aware_adjusted_ranking_v2,20000.0,512010,医药ETF,消费医药,sector,10700,0.371,0.381,4076.7,9
2025-07-16,risk_aware_adjusted_ranking_v2,20000.0,515220,煤炭ETF,周期资源,commodity_resource,4200,0.952,0.966,4057.2,10
2025-07-16,risk_aware_adjusted_ranking_v2,20000.0,512170,医疗ETF,消费医药,sector,12000,0.333,0.341,4092.0,10
2025-07-16,risk_aware_adjusted_ranking_v2,20000.0,512010,医药ETF,消费医药,sector,10700,0.371,0.381,4076.7,10
2025-07-17,risk_aware_adjusted_ranking_v2,20000.0,515220,煤炭ETF,周期资源,commodity_resource,4200,0.952,0.968,4065.6,11
2025-07-17,risk_aware_adjusted_ranking_v2,20000.0,512170,医疗ETF,消费医药,sector,12000,0.333,0.345,4140.0,11
2025-07-17,risk_aware_adjusted_ranking_v2,20000.0,512010,医药ETF,消费医药,sector,10700,0.371,0.387,4140.9,11
2025-07-18,risk_aware_adjusted_ranking_v2,20000.0,515220,煤炭ETF,周期资源,commodity_resource,4200,0.952,0.978,4107.6,12
2025-07-18,risk_aware_adjusted_ranking_v2,20000.0,512010,医药ETF,消费医药,sector,10700,0.371,0.391,4183.7,12
2025-07-18,risk_aware_adjusted_ranking_v2,20000.0,159930,能源ETF,周期资源,commodity_resource,3000,1.303,1.303,3909.0,0
2025-07-21,risk_aware_adjusted_ranking_v2,20000.0,515220,煤炭ETF,周期资源,commodity_resource,4200,0.952,1.004,4216.8,13
2025-07-21,risk_aware_adjusted_ranking_v2,20000.0,512010,医药ETF,消费医药,sector,10700,0.371,0.39,4173.0,13
2025-07-21,risk_aware_adjusted_ranking_v2,20000.0,159930,能源ETF,周期资源,commodity_resource,3000,1.303,1.32,3960.0,0
2025-07-22,risk_aware_adjusted_ranking_v2,20000.0,515220,煤炭ETF,周期资源,commodity_resource,4200,0.952,1.087,4565.4,14
2025-07-22,risk_aware_adjusted_ranking_v2,20000.0,512010,医药ETF,消费医药,sector,10700,0.371,0.392,4194.4,14
2025-07-22,risk_aware_adjusted_ranking_v2,20000.0,159930,能源ETF,周期资源,commodity_resource,3000,1.303,1.379,4137.0,1
2025-07-23,risk_aware_adjusted_ranking_v2,20000.0,512010,医药ETF,消费医药,sector,10700,0.371,0.393,4205.1,15
2025-07-23,risk_aware_adjusted_ranking_v2,20000.0,159930,能源ETF,周期资源,commodity_resource,3000,1.303,1.362,4086.0,2
2025-07-23,risk_aware_adjusted_ranking_v2,20000.0,518880,黄金ETF,防御风格,commodity_resource,500,7.459,7.548,3774.0,0
2025-07-24,risk_aware_adjusted_ranking_v2,20000.0,512010,医药ETF,消费医药,sector,10700,0.371,0.401,4290.7,16
2025-07-24,risk_aware_adjusted_ranking_v2,20000.0,159930,能源ETF,周期资源,commodity_resource,3000,1.303,1.374,4122.0,3
2025-07-24,risk_aware_adjusted_ranking_v2,20000.0,518880,黄金ETF,防御风格,commodity_resource,500,7.459,7.424,3712.0,0
2025-07-25,risk_aware_adjusted_ranking_v2,20000.0,512010,医药ETF,消费医药,sector,10700,0.371,0.401,4290.7,17
2025-07-25,risk_aware_adjusted_ranking_v2,20000.0,159930,能源ETF,周期资源,commodity_resource,3000,1.303,1.358,4074.0,4
2025-07-25,risk_aware_adjusted_ranking_v2,20000.0,518880,黄金ETF,防御风格,commodity_resource,500,7.459,7.409,3704.5,1
2025-07-28,risk_aware_adjusted_ranking_v2,20000.0,159930,能源ETF,周期资源,commodity_resource,3000,1.303,1.335,4005.0,5
2025-07-28,risk_aware_adjusted_ranking_v2,20000.0,518880,黄金ETF,防御风格,commodity_resource,500,7.459,7.388,3694.0,2
2025-07-28,risk_aware_adjusted_ranking_v2,20000.0,512690,酒ETF,消费医药,sector,6900,0.577,0.578,3988.2,0
2025-07-29,risk_aware_adjusted_ranking_v2,20000.0,159930,能源ETF,周期资源,commodity_resource,3000,1.303,1.349,4047.0,6
2025-07-29,risk_aware_adjusted_ranking_v2,20000.0,518880,黄金ETF,防御风格,commodity_resource,500,7.459,7.363,3681.5,3
2025-07-29,risk_aware_adjusted_ranking_v2,20000.0,512690,酒ETF,消费医药,sector,6900,0.577,0.577,3981.3,0
2025-07-30,risk_aware_adjusted_ranking_v2,20000.0,159930,能源ETF,周期资源,commodity_resource,3000,1.303,1.357,4071.0,7
2025-07-30,risk_aware_adjusted_ranking_v2,20000.0,518880,黄金ETF,防御风格,commodity_resource,500,7.459,7.377,3688.5,4
2025-07-30,risk_aware_adjusted_ranking_v2,20000.0,512690,酒ETF,消费医药,sector,6900,0.577,0.581,4008.9,1
2025-07-31,risk_aware_adjusted_ranking_v2,20000.0,159930,能源ETF,周期资源,commodity_resource,3000,1.303,1.331,3993.0,8
2025-07-31,risk_aware_adjusted_ranking_v2,20000.0,518880,黄金ETF,防御风格,commodity_resource,500,7.459,7.35,3675.0,5
2025-07-31,risk_aware_adjusted_ranking_v2,20000.0,512690,酒ETF,消费医药,sector,6900,0.577,0.568,3919.2,2
2025-08-01,risk_aware_adjusted_ranking_v2,20000.0,159930,能源ETF,周期资源,commodity_resource,3000,1.303,1.313,3939.0,9
2025-08-01,risk_aware_adjusted_ranking_v2,20000.0,518880,黄金ETF,防御风格,commodity_resource,500,7.459,7.352,3676.0,6
2025-08-01,risk_aware_adjusted_ranking_v2,20000.0,512690,酒ETF,消费医药,sector,6900,0.577,0.567,3912.3,3
2025-08-04,risk_aware_adjusted_ranking_v2,20000.0,159930,能源ETF,周期资源,commodity_resource,3000,1.303,1.322,3966.0,10
2025-08-04,risk_aware_adjusted_ranking_v2,20000.0,518880,黄金ETF,防御风格,commodity_resource,500,7.459,7.446,3723.0,7
2025-08-04,risk_aware_adjusted_ranking_v2,20000.0,512690,酒ETF,消费医药,sector,6900,0.577,0.567,3912.3,4
2025-08-05,risk_aware_adjusted_ranking_v2,20000.0,159930,能源ETF,周期资源,commodity_resource,3000,1.303,1.332,3996.0,11
2025-08-05,risk_aware_adjusted_ranking_v2,20000.0,518880,黄金ETF,防御风格,commodity_resource,500,7.459,7.455,3727.5,8
2025-08-05,risk_aware_adjusted_ranking_v2,20000.0,512690,酒ETF,消费医药,sector,6900,0.577,0.574,3960.6,5
2025-08-06,risk_aware_adjusted_ranking_v2,20000.0,159930,能源ETF,周期资源,commodity_resource,3000,1.303,1.352,4056.0,12
2025-08-06,risk_aware_adjusted_ranking_v2,20000.0,518880,黄金ETF,防御风格,commodity_resource,500,7.459,7.468,3734.0,9
2025-08-06,risk_aware_adjusted_ranking_v2,20000.0,512690,酒ETF,消费医药,sector,6900,0.577,0.575,3967.5,6
2025-08-07,risk_aware_adjusted_ranking_v2,20000.0,159930,能源ETF,周期资源,commodity_resource,3000,1.303,1.359,4077.0,13
2025-08-07,risk_aware_adjusted_ranking_v2,20000.0,518880,黄金ETF,防御风格,commodity_resource,500,7.459,7.484,3742.0,10
2025-08-07,risk_aware_adjusted_ranking_v2,20000.0,512690,酒ETF,消费医药,sector,6900,0.577,0.576,3974.4,7
2025-08-08,risk_aware_adjusted_ranking_v2,20000.0,159930,能源ETF,周期资源,commodity_resource,3000,1.303,1.361,4083.0,14
2025-08-08,risk_aware_adjusted_ranking_v2,20000.0,518880,黄金ETF,防御风格,commodity_resource,500,7.459,7.508,3754.0,11
2025-08-08,risk_aware_adjusted_ranking_v2,20000.0,512690,酒ETF,消费医药,sector,6900,0.577,0.573,3953.7,8
2025-08-11,risk_aware_adjusted_ranking_v2,20000.0,159930,能源ETF,周期资源,commodity_resource,3000,1.303,1.356,4068.0,15
2025-08-11,risk_aware_adjusted_ranking_v2,20000.0,518880,黄金ETF,防御风格,commodity_resource,500,7.459,7.429,3714.5,12
2025-08-11,risk_aware_adjusted_ranking_v2,20000.0,512690,酒ETF,消费医药,sector,6900,0.577,0.584,4029.6,9
2025-08-12,risk_aware_adjusted_ranking_v2,20000.0,159930,能源ETF,周期资源,commodity_resource,3000,1.303,1.373,4119.0,16
2025-08-12,risk_aware_adjusted_ranking_v2,20000.0,518880,黄金ETF,防御风格,commodity_resource,500,7.459,7.399,3699.5,13
2025-08-12,risk_aware_adjusted_ranking_v2,20000.0,512690,酒ETF,消费医药,sector,6900,0.577,0.582,4015.8,10
2025-08-13,risk_aware_adjusted_ranking_v2,20000.0,159930,能源ETF,周期资源,commodity_resource,3000,1.303,1.365,4095.0,17
2025-08-13,risk_aware_adjusted_ranking_v2,20000.0,518880,黄金ETF,防御风格,commodity_resource,500,7.459,7.415,3707.5,14
2025-08-13,risk_aware_adjusted_ranking_v2,20000.0,512690,酒ETF,消费医药,sector,6900,0.577,0.582,4015.8,11
2025-08-14,risk_aware_adjusted_ranking_v2,20000.0,159930,能源ETF,周期资源,commodity_resource,3000,1.303,1.352,4056.0,18
2025-08-14,risk_aware_adjusted_ranking_v2,20000.0,518880,黄金ETF,防御风格,commodity_resource,500,7.459,7.424,3712.0,15
2025-08-14,risk_aware_adjusted_ranking_v2,20000.0,512690,酒ETF,消费医药,sector,6900,0.577,0.58,4002.0,12
2025-08-15,risk_aware_adjusted_ranking_v2,20000.0,159930,能源ETF,周期资源,commodity_resource,3000,1.303,1.361,4083.0,19
2025-08-15,risk_aware_adjusted_ranking_v2,20000.0,518880,黄金ETF,防御风格,commodity_resource,500,7.459,7.401,3700.5,16
2025-08-15,risk_aware_adjusted_ranking_v2,20000.0,512690,酒ETF,消费医药,sector,6900,0.577,0.581,4008.9,13
2025-08-18,risk_aware_adjusted_ranking_v2,20000.0,518880,黄金ETF,防御风格,commodity_resource,500,7.459,7.413,3706.5,17
2025-08-18,risk_aware_adjusted_ranking_v2,20000.0,512690,酒ETF,消费医药,sector,6900,0.577,0.585,4036.5,14
2025-08-18,risk_aware_adjusted_ranking_v2,20000.0,512800,银行ETF,金融地产,sector,4700,0.845,0.846,3976.2,0
2025-08-19,risk_aware_adjusted_ranking_v2,20000.0,518880,黄金ETF,防御风格,commodity_resource,500,7.459,7.391,3695.5,18
2025-08-19,risk_aware_adjusted_ranking_v2,20000.0,512690,酒ETF,消费医药,sector,6900,0.577,0.594,4098.6,15
2025-08-19,risk_aware_adjusted_ranking_v2,20000.0,512800,银行ETF,金融地产,sector,4700,0.845,0.847,3980.9,0
2025-08-20,risk_aware_adjusted_ranking_v2,20000.0,518880,黄金ETF,防御风格,commodity_resource,500,7.459,7.374,3687.0,19
2025-08-20,risk_aware_adjusted_ranking_v2,20000.0,512690,酒ETF,消费医药,sector,6900,0.577,0.609,4202.1,16
2025-08-20,risk_aware_adjusted_ranking_v2,20000.0,512800,银行ETF,金融地产,sector,4700,0.845,0.851,3999.7,1
2025-08-21,risk_aware_adjusted_ranking_v2,20000.0,512690,酒ETF,消费医药,sector,6900,0.577,0.603,4160.7,17
2025-08-21,risk_aware_adjusted_ranking_v2,20000.0,512800,银行ETF,金融地产,sector,4700,0.845,0.855,4018.5,2
2025-08-21,risk_aware_adjusted_ranking_v2,20000.0,515220,煤炭ETF,周期资源,commodity_resource,3700,1.054,1.055,3903.5,0
2025-08-22,risk_aware_adjusted_ranking_v2,20000.0,512690,酒ETF,消费医药,sector,6900,0.577,0.609,4202.1,18
2025-08-22,risk_aware_adjusted_ranking_v2,20000.0,512800,银行ETF,金融地产,sector,4700,0.845,0.852,4004.4,3
2025-08-22,risk_aware_adjusted_ranking_v2,20000.0,515220,煤炭ETF,周期资源,commodity_resource,3700,1.054,1.054,3899.8,0
2025-08-25,risk_aware_adjusted_ranking_v2,20000.0,512690,酒ETF,消费医药,sector,6900,0.577,0.632,4360.8,19
2025-08-25,risk_aware_adjusted_ranking_v2,20000.0,512800,银行ETF,金融地产,sector,4700,0.845,0.858,4032.6,4
2025-08-25,risk_aware_adjusted_ranking_v2,20000.0,515220,煤炭ETF,周期资源,commodity_resource,3700,1.054,1.068,3951.6,1
2025-08-26,risk_aware_adjusted_ranking_v2,20000.0,512800,银行ETF,金融地产,sector,4700,0.845,0.853,4009.1,5
2025-08-26,risk_aware_adjusted_ranking_v2,20000.0,515220,煤炭ETF,周期资源,commodity_resource,3700,1.054,1.059,3918.3,2
2025-08-26,risk_aware_adjusted_ranking_v2,20000.0,515080,中证红利ETF,防御风格,sector,2500,1.573141,1.572132,3930.3288,0
2025-08-27,risk_aware_adjusted_ranking_v2,20000.0,512800,银行ETF,金融地产,sector,4700,0.845,0.838,3938.6,6
2025-08-27,risk_aware_adjusted_ranking_v2,20000.0,515220,煤炭ETF,周期资源,commodity_resource,3700,1.054,1.03,3811.0,3
2025-08-27,risk_aware_adjusted_ranking_v2,20000.0,515080,中证红利ETF,防御风格,sector,2500,1.573141,1.545896,3864.7392,0
2025-08-28,risk_aware_adjusted_ranking_v2,20000.0,512800,银行ETF,金融地产,sector,4700,0.845,0.842,3957.4,7
2025-08-28,risk_aware_adjusted_ranking_v2,20000.0,515220,煤炭ETF,周期资源,commodity_resource,3700,1.054,1.023,3785.1,4
2025-08-28,risk_aware_adjusted_ranking_v2,20000.0,515080,中证红利ETF,防御风格,sector,2500,1.573141,1.544887,3862.2166,1
2025-08-29,risk_aware_adjusted_ranking_v2,20000.0,512800,银行ETF,金融地产,sector,4700,0.845,0.836,3929.2,8
2025-08-29,risk_aware_adjusted_ranking_v2,20000.0,515220,煤炭ETF,周期资源,commodity_resource,3700,1.054,1.022,3781.4,5
2025-08-29,risk_aware_adjusted_ranking_v2,20000.0,515080,中证红利ETF,防御风格,sector,2500,1.573141,1.546905,3867.2619,2
2025-09-01,risk_aware_adjusted_ranking_v2,20000.0,512800,银行ETF,金融地产,sector,4700,0.845,0.826,3882.2,9
2025-09-01,risk_aware_adjusted_ranking_v2,20000.0,515220,煤炭ETF,周期资源,commodity_resource,3700,1.054,1.024,3788.8,6
2025-09-01,risk_aware_adjusted_ranking_v2,20000.0,515080,中证红利ETF,防御风格,sector,2500,1.573141,1.542868,3857.1712,3
2025-09-02,risk_aware_adjusted_ranking_v2,20000.0,512800,银行ETF,金融地产,sector,4700,0.845,0.842,3957.4,10
2025-09-02,risk_aware_adjusted_ranking_v2,20000.0,515220,煤炭ETF,周期资源,commodity_resource,3700,1.054,1.017,3762.9,7
2025-09-02,risk_aware_adjusted_ranking_v2,20000.0,515080,中证红利ETF,防御风格,sector,2500,1.573141,1.546905,3867.2619,4
2025-09-03,risk_aware_adjusted_ranking_v2,20000.0,512800,银行ETF,金融地产,sector,4700,0.845,0.83,3901.0,11
2025-09-03,risk_aware_adjusted_ranking_v2,20000.0,515220,煤炭ETF,周期资源,commodity_resource,3700,1.054,1.0,3700.0,8
2025-09-03,risk_aware_adjusted_ranking_v2,20000.0,515080,中证红利ETF,防御风格,sector,2500,1.573141,1.532778,3831.9444,5
2025-09-04,risk_aware_adjusted_ranking_v2,20000.0,512800,银行ETF,金融地产,sector,4700,0.845,0.838,3938.6,12
2025-09-04,risk_aware_adjusted_ranking_v2,20000.0,515220,煤炭ETF,周期资源,commodity_resource,3700,1.054,1.004,3714.8,9
2025-09-04,risk_aware_adjusted_ranking_v2,20000.0,515080,中证红利ETF,防御风格,sector,2500,1.573141,1.531769,3829.4218,6
2025-09-05,risk_aware_adjusted_ranking_v2,20000.0,512800,银行ETF,金融地产,sector,4700,0.845,0.83,3901.0,13
2025-09-05,risk_aware_adjusted_ranking_v2,20000.0,515220,煤炭ETF,周期资源,commodity_resource,3700,1.054,1.017,3762.9,10
2025-09-05,risk_aware_adjusted_ranking_v2,20000.0,515080,中证红利ETF,防御风格,sector,2500,1.573141,1.535805,3839.5125,7
2025-09-08,risk_aware_adjusted_ranking_v2,20000.0,512800,银行ETF,金融地产,sector,4700,0.845,0.826,3882.2,14
2025-09-08,risk_aware_adjusted_ranking_v2,20000.0,515220,煤炭ETF,周期资源,commodity_resource,3700,1.054,1.024,3788.8,11
2025-09-08,risk_aware_adjusted_ranking_v2,20000.0,515080,中证红利ETF,防御风格,sector,2500,1.573141,1.549932,3874.8299,8
2025-09-09,risk_aware_adjusted_ranking_v2,20000.0,512800,银行ETF,金融地产,sector,4700,0.845,0.832,3910.4,15
2025-09-09,risk_aware_adjusted_ranking_v2,20000.0,515220,煤炭ETF,周期资源,commodity_resource,3700,1.054,1.022,3781.4,12
2025-09-09,risk_aware_adjusted_ranking_v2,20000.0,515080,中证红利ETF,防御风格,sector,2500,1.573141,1.55195,3879.8753,9
2025-09-10,risk_aware_adjusted_ranking_v2,20000.0,512800,银行ETF,金融地产,sector,4700,0.845,0.833,3915.1,16
2025-09-10,risk_aware_adjusted_ranking_v2,20000.0,515220,煤炭ETF,周期资源,commodity_resource,3700,1.054,1.013,3748.1,13
2025-09-10,risk_aware_adjusted_ranking_v2,20000.0,515080,中证红利ETF,防御风格,sector,2500,1.573141,1.545896,3864.7392,10
2025-09-11,risk_aware_adjusted_ranking_v2,20000.0,512800,银行ETF,金融地产,sector,4700,0.845,0.837,3933.9,17
2025-09-11,risk_aware_adjusted_ranking_v2,20000.0,515220,煤炭ETF,周期资源,commodity_resource,3700,1.054,1.017,3762.9,14
2025-09-11,risk_aware_adjusted_ranking_v2,20000.0,515080,中证红利ETF,防御风格,sector,2500,1.573141,1.55195,3879.8753,11
2025-09-12,risk_aware_adjusted_ranking_v2,20000.0,512800,银行ETF,金融地产,sector,4700,0.845,0.824,3872.8,18
2025-09-12,risk_aware_adjusted_ranking_v2,20000.0,515220,煤炭ETF,周期资源,commodity_resource,3700,1.054,1.021,3777.7,15
2025-09-12,risk_aware_adjusted_ranking_v2,20000.0,515080,中证红利ETF,防御风格,sector,2500,1.573141,1.544887,3862.2166,12
2025-09-15,risk_aware_adjusted_ranking_v2,20000.0,512800,银行ETF,金融地产,sector,4700,0.845,0.816,3835.2,19
2025-09-15,risk_aware_adjusted_ranking_v2,20000.0,515220,煤炭ETF,周期资源,commodity_resource,3700,1.054,1.033,3822.1,16
2025-09-15,risk_aware_adjusted_ranking_v2,20000.0,515080,中证红利ETF,防御风格,sector,2500,1.573141,1.539841,3849.6032,13
2025-09-16,risk_aware_adjusted_ranking_v2,20000.0,515220,煤炭ETF,周期资源,commodity_resource,3700,1.054,1.037,3836.9,17
2025-09-16,risk_aware_adjusted_ranking_v2,20000.0,515080,中证红利ETF,防御风格,sector,2500,1.573141,1.54085,3852.1259,14
2025-09-16,risk_aware_adjusted_ranking_v2,20000.0,510230,金融ETF,金融地产,sector,2900,1.351,1.347,3906.3,0
2025-09-17,risk_aware_adjusted_ranking_v2,20000.0,515220,煤炭ETF,周期资源,commodity_resource,3700,1.054,1.059,3918.3,18
2025-09-17,risk_aware_adjusted_ranking_v2,20000.0,515080,中证红利ETF,防御风格,sector,2500,1.573141,1.543878,3859.6939,15
2025-09-17,risk_aware_adjusted_ranking_v2,20000.0,510230,金融ETF,金融地产,sector,2900,1.351,1.343,3894.7,0
2025-09-18,risk_aware_adjusted_ranking_v2,20000.0,515220,煤炭ETF,周期资源,commodity_resource,3700,1.054,1.033,3822.1,19
2025-09-18,risk_aware_adjusted_ranking_v2,20000.0,515080,中证红利ETF,防御风格,sector,2500,1.573141,1.517642,3794.1043,16
2025-09-18,risk_aware_adjusted_ranking_v2,20000.0,510230,金融ETF,金融地产,sector,2900,1.351,1.314,3810.6,1
2025-09-19,risk_aware_adjusted_ranking_v2,20000.0,515080,中证红利ETF,防御风格,sector,2500,1.573141,1.528741,3821.8537,17
2025-09-19,risk_aware_adjusted_ranking_v2,20000.0,510230,金融ETF,金融地产,sector,2900,1.351,1.314,3810.6,2
2025-09-19,risk_aware_adjusted_ranking_v2,20000.0,512660,军工ETF,新能源制造,commodity_resource,3300,1.193,1.195,3943.5,0
2025-09-22,risk_aware_adjusted_ranking_v2,20000.0,515080,中证红利ETF,防御风格,sector,2500,1.573141,1.51966,3799.1497,18
2025-09-22,risk_aware_adjusted_ranking_v2,20000.0,510230,金融ETF,金融地产,sector,2900,1.351,1.307,3790.3,3
2025-09-22,risk_aware_adjusted_ranking_v2,20000.0,512660,军工ETF,新能源制造,commodity_resource,3300,1.193,1.201,3963.3,0
2025-09-23,risk_aware_adjusted_ranking_v2,20000.0,515080,中证红利ETF,防御风格,sector,2500,1.573141,1.523696,3809.2404,19
2025-09-23,risk_aware_adjusted_ranking_v2,20000.0,510230,金融ETF,金融地产,sector,2900,1.351,1.317,3819.3,4
2025-09-23,risk_aware_adjusted_ranking_v2,20000.0,512660,军工ETF,新能源制造,commodity_resource,3300,1.193,1.192,3933.6,1
2025-09-24,risk_aware_adjusted_ranking_v2,20000.0,510230,金融ETF,金融地产,sector,2900,1.351,1.315,3813.5,5
2025-09-24,risk_aware_adjusted_ranking_v2,20000.0,512660,军工ETF,新能源制造,commodity_resource,3300,1.193,1.203,3969.9,2
2025-09-24,risk_aware_adjusted_ranking_v2,20000.0,512800,银行ETF,金融地产,sector,5000,0.792,0.792,3960.0,0
2025-09-25,risk_aware_adjusted_ranking_v2,20000.0,510230,金融ETF,金融地产,sector,2900,1.351,1.309,3796.1,6
2025-09-25,risk_aware_adjusted_ranking_v2,20000.0,512660,军工ETF,新能源制造,commodity_resource,3300,1.193,1.2,3960.0,3
2025-09-25,risk_aware_adjusted_ranking_v2,20000.0,512800,银行ETF,金融地产,sector,5000,0.792,0.788,3940.0,0
2025-09-26,risk_aware_adjusted_ranking_v2,20000.0,510230,金融ETF,金融地产,sector,2900,1.351,1.311,3801.9,7
2025-09-26,risk_aware_adjusted_ranking_v2,20000.0,512660,军工ETF,新能源制造,commodity_resource,3300,1.193,1.196,3946.8,4
2025-09-26,risk_aware_adjusted_ranking_v2,20000.0,512800,银行ETF,金融地产,sector,5000,0.792,0.789,3945.0,1
2025-09-29,risk_aware_adjusted_ranking_v2,20000.0,510230,金融ETF,金融地产,sector,2900,1.351,1.327,3848.3,8
2025-09-29,risk_aware_adjusted_ranking_v2,20000.0,512660,军工ETF,新能源制造,commodity_resource,3300,1.193,1.2,3960.0,5
2025-09-29,risk_aware_adjusted_ranking_v2,20000.0,512800,银行ETF,金融地产,sector,5000,0.792,0.786,3930.0,2
2025-09-30,risk_aware_adjusted_ranking_v2,20000.0,510230,金融ETF,金融地产,sector,2900,1.351,1.311,3801.9,9
2025-09-30,risk_aware_adjusted_ranking_v2,20000.0,512660,军工ETF,新能源制造,commodity_resource,3300,1.193,1.234,4072.2,6
2025-09-30,risk_aware_adjusted_ranking_v2,20000.0,512800,银行ETF,金融地产,sector,5000,0.792,0.778,3890.0,3
2025-10-09,risk_aware_adjusted_ranking_v2,20000.0,510230,金融ETF,金融地产,sector,2900,1.351,1.308,3793.2,10
2025-10-09,risk_aware_adjusted_ranking_v2,20000.0,512660,军工ETF,新能源制造,commodity_resource,3300,1.193,1.248,4118.4,7
2025-10-09,risk_aware_adjusted_ranking_v2,20000.0,512800,银行ETF,金融地产,sector,5000,0.792,0.777,3885.0,4
2025-10-10,risk_aware_adjusted_ranking_v2,20000.0,510230,金融ETF,金融地产,sector,2900,1.351,1.317,3819.3,11
2025-10-10,risk_aware_adjusted_ranking_v2,20000.0,512660,军工ETF,新能源制造,commodity_resource,3300,1.193,1.233,4068.9,8
2025-10-10,risk_aware_adjusted_ranking_v2,20000.0,512800,银行ETF,金融地产,sector,5000,0.792,0.78,3900.0,5
2025-10-13,risk_aware_adjusted_ranking_v2,20000.0,510230,金融ETF,金融地产,sector,2900,1.351,1.32,3828.0,12
2025-10-13,risk_aware_adjusted_ranking_v2,20000.0,512660,军工ETF,新能源制造,commodity_resource,3300,1.193,1.249,4121.7,9
2025-10-13,risk_aware_adjusted_ranking_v2,20000.0,512800,银行ETF,金融地产,sector,5000,0.792,0.787,3935.0,6
2025-10-14,risk_aware_adjusted_ranking_v2,20000.0,510230,金融ETF,金融地产,sector,2900,1.351,1.346,3903.4,13
2025-10-14,risk_aware_adjusted_ranking_v2,20000.0,512660,军工ETF,新能源制造,commodity_resource,3300,1.193,1.233,4068.9,10
2025-10-14,risk_aware_adjusted_ranking_v2,20000.0,512800,银行ETF,金融地产,sector,5000,0.792,0.806,4030.0,7
2025-10-15,risk_aware_adjusted_ranking_v2,20000.0,510230,金融ETF,金融地产,sector,2900,1.351,1.359,3941.1,14
2025-10-15,risk_aware_adjusted_ranking_v2,20000.0,512660,军工ETF,新能源制造,commodity_resource,3300,1.193,1.23,4059.0,11
2025-10-15,risk_aware_adjusted_ranking_v2,20000.0,512800,银行ETF,金融地产,sector,5000,0.792,0.81,4050.0,8
2025-10-16,risk_aware_adjusted_ranking_v2,20000.0,510230,金融ETF,金融地产,sector,2900,1.351,1.375,3987.5,15
2025-10-16,risk_aware_adjusted_ranking_v2,20000.0,512660,军工ETF,新能源制造,commodity_resource,3300,1.193,1.218,4019.4,12
2025-10-16,risk_aware_adjusted_ranking_v2,20000.0,512800,银行ETF,金融地产,sector,5000,0.792,0.822,4110.0,9
2025-10-17,risk_aware_adjusted_ranking_v2,20000.0,510230,金融ETF,金融地产,sector,2900,1.351,1.364,3955.6,16
2025-10-17,risk_aware_adjusted_ranking_v2,20000.0,512660,军工ETF,新能源制造,commodity_resource,3300,1.193,1.177,3884.1,13
2025-10-17,risk_aware_adjusted_ranking_v2,20000.0,512800,银行ETF,金融地产,sector,5000,0.792,0.821,4105.0,10
2025-10-20,risk_aware_adjusted_ranking_v2,20000.0,510230,金融ETF,金融地产,sector,2900,1.351,1.364,3955.6,17
2025-10-20,risk_aware_adjusted_ranking_v2,20000.0,512660,军工ETF,新能源制造,commodity_resource,3300,1.193,1.18,3894.0,14
2025-10-20,risk_aware_adjusted_ranking_v2,20000.0,512800,银行ETF,金融地产,sector,5000,0.792,0.819,4095.0,11
2025-10-21,risk_aware_adjusted_ranking_v2,20000.0,510230,金融ETF,金融地产,sector,2900,1.351,1.367,3964.3,18
2025-10-21,risk_aware_adjusted_ranking_v2,20000.0,512660,军工ETF,新能源制造,commodity_resource,3300,1.193,1.196,3946.8,15
2025-10-21,risk_aware_adjusted_ranking_v2,20000.0,512800,银行ETF,金融地产,sector,5000,0.792,0.822,4110.0,12
2025-10-22,risk_aware_adjusted_ranking_v2,20000.0,510230,金融ETF,金融地产,sector,2900,1.351,1.374,3984.6,19
2025-10-22,risk_aware_adjusted_ranking_v2,20000.0,512660,军工ETF,新能源制造,commodity_resource,3300,1.193,1.182,3900.6,16
2025-10-22,risk_aware_adjusted_ranking_v2,20000.0,512800,银行ETF,金融地产,sector,5000,0.792,0.829,4145.0,13
2025-10-23,risk_aware_adjusted_ranking_v2,20000.0,512660,军工ETF,新能源制造,commodity_resource,3300,1.193,1.178,3887.4,17
2025-10-23,risk_aware_adjusted_ranking_v2,20000.0,512800,银行ETF,金融地产,sector,5000,0.792,0.834,4170.0,14
2025-10-23,risk_aware_adjusted_ranking_v2,20000.0,159992,银华创新药ETF,医药与消费升级,theme,4400,0.903,0.902,3968.8,0
2025-10-24,risk_aware_adjusted_ranking_v2,20000.0,512660,军工ETF,新能源制造,commodity_resource,3300,1.193,1.208,3986.4,18
2025-10-24,risk_aware_adjusted_ranking_v2,20000.0,512800,银行ETF,金融地产,sector,5000,0.792,0.829,4145.0,15
2025-10-24,risk_aware_adjusted_ranking_v2,20000.0,159992,银华创新药ETF,医药与消费升级,theme,4400,0.903,0.907,3990.8,0
2025-10-27,risk_aware_adjusted_ranking_v2,20000.0,512660,军工ETF,新能源制造,commodity_resource,3300,1.193,1.222,4032.6,19
2025-10-27,risk_aware_adjusted_ranking_v2,20000.0,512800,银行ETF,金融地产,sector,5000,0.792,0.83,4150.0,16
2025-10-27,risk_aware_adjusted_ranking_v2,20000.0,159992,银华创新药ETF,医药与消费升级,theme,4400,0.903,0.92,4048.0,1
2025-10-28,risk_aware_adjusted_ranking_v2,20000.0,512800,银行ETF,金融地产,sector,5000,0.792,0.829,4145.0,17
2025-10-28,risk_aware_adjusted_ranking_v2,20000.0,159992,银华创新药ETF,医药与消费升级,theme,4400,0.903,0.908,3995.2,2
2025-10-28,risk_aware_adjusted_ranking_v2,20000.0,515120,广发创新药ETF,医药与消费升级,theme,5800,0.681,0.681,3949.8,0
2025-10-29,risk_aware_adjusted_ranking_v2,20000.0,512800,银行ETF,金融地产,sector,5000,0.792,0.813,4065.0,18
2025-10-29,risk_aware_adjusted_ranking_v2,20000.0,159992,银华创新药ETF,医药与消费升级,theme,4400,0.903,0.918,4039.2,3
2025-10-29,risk_aware_adjusted_ranking_v2,20000.0,515120,广发创新药ETF,医药与消费升级,theme,5800,0.681,0.688,3990.4,0
2025-10-30,risk_aware_adjusted_ranking_v2,20000.0,512800,银行ETF,金融地产,sector,5000,0.792,0.812,4060.0,19
2025-10-30,risk_aware_adjusted_ranking_v2,20000.0,159992,银华创新药ETF,医药与消费升级,theme,4400,0.903,0.894,3933.6,4
2025-10-30,risk_aware_adjusted_ranking_v2,20000.0,515120,广发创新药ETF,医药与消费升级,theme,5800,0.681,0.67,3886.0,1
2025-10-31,risk_aware_adjusted_ranking_v2,20000.0,159992,银华创新药ETF,医药与消费升级,theme,4400,0.903,0.922,4056.8,5
2025-10-31,risk_aware_adjusted_ranking_v2,20000.0,515120,广发创新药ETF,医药与消费升级,theme,5800,0.681,0.692,4013.6,2
2025-10-31,risk_aware_adjusted_ranking_v2,20000.0,512010,医药ETF,消费医药,sector,9600,0.414,0.413,3964.8,0
2025-11-03,risk_aware_adjusted_ranking_v2,20000.0,159992,银华创新药ETF,医药与消费升级,theme,4400,0.903,0.916,4030.4,6
2025-11-03,risk_aware_adjusted_ranking_v2,20000.0,515120,广发创新药ETF,医药与消费升级,theme,5800,0.681,0.687,3984.6,3
2025-11-03,risk_aware_adjusted_ranking_v2,20000.0,512010,医药ETF,消费医药,sector,9600,0.414,0.409,3926.4,0
2025-11-04,risk_aware_adjusted_ranking_v2,20000.0,159992,银华创新药ETF,医药与消费升级,theme,4400,0.903,0.895,3938.0,7
2025-11-04,risk_aware_adjusted_ranking_v2,20000.0,515120,广发创新药ETF,医药与消费升级,theme,5800,0.681,0.671,3891.8,4
2025-11-04,risk_aware_adjusted_ranking_v2,20000.0,512010,医药ETF,消费医药,sector,9600,0.414,0.402,3859.2,1
2025-11-05,risk_aware_adjusted_ranking_v2,20000.0,159992,银华创新药ETF,医药与消费升级,theme,4400,0.903,0.89,3916.0,8
2025-11-05,risk_aware_adjusted_ranking_v2,20000.0,515120,广发创新药ETF,医药与消费升级,theme,5800,0.681,0.667,3868.6,5
2025-11-05,risk_aware_adjusted_ranking_v2,20000.0,512010,医药ETF,消费医药,sector,9600,0.414,0.402,3859.2,2
2025-11-06,risk_aware_adjusted_ranking_v2,20000.0,159992,银华创新药ETF,医药与消费升级,theme,4400,0.903,0.895,3938.0,9
2025-11-06,risk_aware_adjusted_ranking_v2,20000.0,515120,广发创新药ETF,医药与消费升级,theme,5800,0.681,0.671,3891.8,6
2025-11-06,risk_aware_adjusted_ranking_v2,20000.0,512010,医药ETF,消费医药,sector,9600,0.414,0.404,3878.4,3
2025-11-07,risk_aware_adjusted_ranking_v2,20000.0,159992,银华创新药ETF,医药与消费升级,theme,4400,0.903,0.887,3902.8,10
2025-11-07,risk_aware_adjusted_ranking_v2,20000.0,515120,广发创新药ETF,医药与消费升级,theme,5800,0.681,0.665,3857.0,7
2025-11-07,risk_aware_adjusted_ranking_v2,20000.0,512010,医药ETF,消费医药,sector,9600,0.414,0.401,3849.6,4
2025-11-10,risk_aware_adjusted_ranking_v2,20000.0,159992,银华创新药ETF,医药与消费升级,theme,4400,0.903,0.895,3938.0,11
2025-11-10,risk_aware_adjusted_ranking_v2,20000.0,515120,广发创新药ETF,医药与消费升级,theme,5800,0.681,0.672,3897.6,8
2025-11-10,risk_aware_adjusted_ranking_v2,20000.0,512010,医药ETF,消费医药,sector,9600,0.414,0.405,3888.0,5
2025-11-11,risk_aware_adjusted_ranking_v2,20000.0,159992,银华创新药ETF,医药与消费升级,theme,4400,0.903,0.891,3920.4,12
2025-11-11,risk_aware_adjusted_ranking_v2,20000.0,515120,广发创新药ETF,医药与消费升级,theme,5800,0.681,0.668,3874.4,9
2025-11-11,risk_aware_adjusted_ranking_v2,20000.0,512010,医药ETF,消费医药,sector,9600,0.414,0.404,3878.4,6
2025-11-12,risk_aware_adjusted_ranking_v2,20000.0,159992,银华创新药ETF,医药与消费升级,theme,4400,0.903,0.898,3951.2,13
2025-11-12,risk_aware_adjusted_ranking_v2,20000.0,515120,广发创新药ETF,医药与消费升级,theme,5800,0.681,0.673,3903.4,10
2025-11-12,risk_aware_adjusted_ranking_v2,20000.0,512010,医药ETF,消费医药,sector,9600,0.414,0.405,3888.0,7
2025-11-13,risk_aware_adjusted_ranking_v2,20000.0,159992,银华创新药ETF,医药与消费升级,theme,4400,0.903,0.915,4026.0,14
2025-11-13,risk_aware_adjusted_ranking_v2,20000.0,515120,广发创新药ETF,医药与消费升级,theme,5800,0.681,0.687,3984.6,11
2025-11-13,risk_aware_adjusted_ranking_v2,20000.0,512010,医药ETF,消费医药,sector,9600,0.414,0.411,3945.6,8
2025-11-14,risk_aware_adjusted_ranking_v2,20000.0,159992,银华创新药ETF,医药与消费升级,theme,4400,0.903,0.911,4008.4,15
2025-11-14,risk_aware_adjusted_ranking_v2,20000.0,515120,广发创新药ETF,医药与消费升级,theme,5800,0.681,0.685,3973.0,12
2025-11-14,risk_aware_adjusted_ranking_v2,20000.0,512010,医药ETF,消费医药,sector,9600,0.414,0.408,3916.8,9
2025-11-17,risk_aware_adjusted_ranking_v2,20000.0,159992,银华创新药ETF,医药与消费升级,theme,4400,0.903,0.894,3933.6,16
2025-11-17,risk_aware_adjusted_ranking_v2,20000.0,515120,广发创新药ETF,医药与消费升级,theme,5800,0.681,0.67,3886.0,13
2025-11-17,risk_aware_adjusted_ranking_v2,20000.0,512010,医药ETF,消费医药,sector,9600,0.414,0.401,3849.6,10
2025-11-18,risk_aware_adjusted_ranking_v2,20000.0,159992,银华创新药ETF,医药与消费升级,theme,4400,0.903,0.888,3907.2,17
2025-11-18,risk_aware_adjusted_ranking_v2,20000.0,515120,广发创新药ETF,医药与消费升级,theme,5800,0.681,0.665,3857.0,14
2025-11-18,risk_aware_adjusted_ranking_v2,20000.0,512010,医药ETF,消费医药,sector,9600,0.414,0.399,3830.4,11
2025-11-19,risk_aware_adjusted_ranking_v2,20000.0,159992,银华创新药ETF,医药与消费升级,theme,4400,0.903,0.879,3867.6,18
2025-11-19,risk_aware_adjusted_ranking_v2,20000.0,515120,广发创新药ETF,医药与消费升级,theme,5800,0.681,0.659,3822.2,15
2025-11-19,risk_aware_adjusted_ranking_v2,20000.0,512010,医药ETF,消费医药,sector,9600,0.414,0.398,3820.8,12
2025-11-20,risk_aware_adjusted_ranking_v2,20000.0,159992,银华创新药ETF,医药与消费升级,theme,4400,0.903,0.876,3854.4,19
2025-11-20,risk_aware_adjusted_ranking_v2,20000.0,515120,广发创新药ETF,医药与消费升级,theme,5800,0.681,0.656,3804.8,16
2025-11-20,risk_aware_adjusted_ranking_v2,20000.0,512010,医药ETF,消费医药,sector,9600,0.414,0.394,3782.4,13
2025-11-21,risk_aware_adjusted_ranking_v2,20000.0,515120,广发创新药ETF,医药与消费升级,theme,5800,0.681,0.641,3717.8,17
2025-11-21,risk_aware_adjusted_ranking_v2,20000.0,512010,医药ETF,消费医药,sector,9600,0.414,0.387,3715.2,14
2025-11-21,risk_aware_adjusted_ranking_v2,20000.0,512170,医疗ETF,消费医药,sector,11500,0.345,0.344,3956.0,0
2025-11-24,risk_aware_adjusted_ranking_v2,20000.0,515120,广发创新药ETF,医药与消费升级,theme,5800,0.681,0.651,3775.8,18
2025-11-24,risk_aware_adjusted_ranking_v2,20000.0,512010,医药ETF,消费医药,sector,9600,0.414,0.392,3763.2,15
2025-11-24,risk_aware_adjusted_ranking_v2,20000.0,512170,医疗ETF,消费医药,sector,11500,0.345,0.348,4002.0,0
2025-11-25,risk_aware_adjusted_ranking_v2,20000.0,515120,广发创新药ETF,医药与消费升级,theme,5800,0.681,0.654,3793.2,19
2025-11-25,risk_aware_adjusted_ranking_v2,20000.0,512010,医药ETF,消费医药,sector,9600,0.414,0.393,3772.8,16
2025-11-25,risk_aware_adjusted_ranking_v2,20000.0,512170,医疗ETF,消费医药,sector,11500,0.345,0.347,3990.5,1
2025-11-26,risk_aware_adjusted_ranking_v2,20000.0,512010,医药ETF,消费医药,sector,9600,0.414,0.394,3782.4,17
2025-11-26,risk_aware_adjusted_ranking_v2,20000.0,512170,医疗ETF,消费医药,sector,11500,0.345,0.348,4002.0,2
2025-11-26,risk_aware_adjusted_ranking_v2,20000.0,588000,科创50ETF,宽基,broad_index,2800,1.392,1.382,3869.6,0
2025-11-27,risk_aware_adjusted_ranking_v2,20000.0,512010,医药ETF,消费医药,sector,9600,0.414,0.392,3763.2,18
2025-11-27,risk_aware_adjusted_ranking_v2,20000.0,512170,医疗ETF,消费医药,sector,11500,0.345,0.345,3967.5,3
2025-11-27,risk_aware_adjusted_ranking_v2,20000.0,588000,科创50ETF,宽基,broad_index,2800,1.392,1.379,3861.2,0
2025-11-28,risk_aware_adjusted_ranking_v2,20000.0,512010,医药ETF,消费医药,sector,9600,0.414,0.393,3772.8,19
2025-11-28,risk_aware_adjusted_ranking_v2,20000.0,512170,医疗ETF,消费医药,sector,11500,0.345,0.346,3979.0,4
2025-11-28,risk_aware_adjusted_ranking_v2,20000.0,588000,科创50ETF,宽基,broad_index,2800,1.392,1.393,3900.4,1
2025-12-01,risk_aware_adjusted_ranking_v2,20000.0,512170,医疗ETF,消费医药,sector,11500,0.345,0.348,4002.0,5
2025-12-01,risk_aware_adjusted_ranking_v2,20000.0,588000,科创50ETF,宽基,broad_index,2800,1.392,1.404,3931.2,2
2025-12-01,risk_aware_adjusted_ranking_v2,20000.0,159770,机器人ETF,科技与新质生产力,theme,4000,0.996,0.996,3984.0,0
2025-12-02,risk_aware_adjusted_ranking_v2,20000.0,512170,医疗ETF,消费医药,sector,11500,0.345,0.343,3944.5,6
2025-12-02,risk_aware_adjusted_ranking_v2,20000.0,588000,科创50ETF,宽基,broad_index,2800,1.392,1.387,3883.6,3
2025-12-02,risk_aware_adjusted_ranking_v2,20000.0,159770,机器人ETF,科技与新质生产力,theme,4000,0.996,0.982,3928.0,0
2025-12-03,risk_aware_adjusted_ranking_v2,20000.0,512170,医疗ETF,消费医药,sector,11500,0.345,0.341,3921.5,7
2025-12-03,risk_aware_adjusted_ranking_v2,20000.0,588000,科创50ETF,宽基,broad_index,2800,1.392,1.375,3850.0,4
2025-12-03,risk_aware_adjusted_ranking_v2,20000.0,159770,机器人ETF,科技与新质生产力,theme,4000,0.996,0.972,3888.0,1
2025-12-04,risk_aware_adjusted_ranking_v2,20000.0,512170,医疗ETF,消费医药,sector,11500,0.345,0.341,3921.5,8
2025-12-04,risk_aware_adjusted_ranking_v2,20000.0,588000,科创50ETF,宽基,broad_index,2800,1.392,1.394,3903.2,5
2025-12-04,risk_aware_adjusted_ranking_v2,20000.0,159770,机器人ETF,科技与新质生产力,theme,4000,0.996,0.993,3972.0,2
2025-12-05,risk_aware_adjusted_ranking_v2,20000.0,512170,医疗ETF,消费医药,sector,11500,0.345,0.344,3956.0,9
2025-12-05,risk_aware_adjusted_ranking_v2,20000.0,588000,科创50ETF,宽基,broad_index,2800,1.392,1.394,3903.2,6
2025-12-05,risk_aware_adjusted_ranking_v2,20000.0,159770,机器人ETF,科技与新质生产力,theme,4000,0.996,1.006,4024.0,3
2025-12-08,risk_aware_adjusted_ranking_v2,20000.0,512170,医疗ETF,消费医药,sector,11500,0.345,0.345,3967.5,10
2025-12-08,risk_aware_adjusted_ranking_v2,20000.0,588000,科创50ETF,宽基,broad_index,2800,1.392,1.42,3976.0,7
2025-12-08,risk_aware_adjusted_ranking_v2,20000.0,159770,机器人ETF,科技与新质生产力,theme,4000,0.996,1.016,4064.0,4
2025-12-09,risk_aware_adjusted_ranking_v2,20000.0,512170,医疗ETF,消费医药,sector,11500,0.345,0.343,3944.5,11
2025-12-09,risk_aware_adjusted_ranking_v2,20000.0,588000,科创50ETF,宽基,broad_index,2800,1.392,1.414,3959.2,8
2025-12-09,risk_aware_adjusted_ranking_v2,20000.0,159770,机器人ETF,科技与新质生产力,theme,4000,0.996,1.004,4016.0,5
2025-12-10,risk_aware_adjusted_ranking_v2,20000.0,512170,医疗ETF,消费医药,sector,11500,0.345,0.343,3944.5,12
2025-12-10,risk_aware_adjusted_ranking_v2,20000.0,588000,科创50ETF,宽基,broad_index,2800,1.392,1.415,3962.0,9
2025-12-10,risk_aware_adjusted_ranking_v2,20000.0,159770,机器人ETF,科技与新质生产力,theme,4000,0.996,1.009,4036.0,6
2025-12-11,risk_aware_adjusted_ranking_v2,20000.0,512170,医疗ETF,消费医药,sector,11500,0.345,0.34,3910.0,13
2025-12-11,risk_aware_adjusted_ranking_v2,20000.0,588000,科创50ETF,宽基,broad_index,2800,1.392,1.392,3897.6,10
2025-12-11,risk_aware_adjusted_ranking_v2,20000.0,159770,机器人ETF,科技与新质生产力,theme,4000,0.996,0.989,3956.0,7
2025-12-12,risk_aware_adjusted_ranking_v2,20000.0,512170,医疗ETF,消费医药,sector,11500,0.345,0.342,3933.0,14
2025-12-12,risk_aware_adjusted_ranking_v2,20000.0,588000,科创50ETF,宽基,broad_index,2800,1.392,1.418,3970.4,11
2025-12-12,risk_aware_adjusted_ranking_v2,20000.0,159770,机器人ETF,科技与新质生产力,theme,4000,0.996,0.993,3972.0,8
2025-12-15,risk_aware_adjusted_ranking_v2,20000.0,512170,医疗ETF,消费医药,sector,11500,0.345,0.34,3910.0,15
2025-12-15,risk_aware_adjusted_ranking_v2,20000.0,588000,科创50ETF,宽基,broad_index,2800,1.392,1.389,3889.2,12
2025-12-15,risk_aware_adjusted_ranking_v2,20000.0,159770,机器人ETF,科技与新质生产力,theme,4000,0.996,0.976,3904.0,9
2025-12-16,risk_aware_adjusted_ranking_v2,20000.0,512170,医疗ETF,消费医药,sector,11500,0.345,0.338,3887.0,16
2025-12-16,risk_aware_adjusted_ranking_v2,20000.0,588000,科创50ETF,宽基,broad_index,2800,1.392,1.361,3810.8,13
2025-12-16,risk_aware_adjusted_ranking_v2,20000.0,159770,机器人ETF,科技与新质生产力,theme,4000,0.996,0.958,3832.0,10
2025-12-17,risk_aware_adjusted_ranking_v2,20000.0,512170,医疗ETF,消费医药,sector,11500,0.345,0.343,3944.5,17
2025-12-17,risk_aware_adjusted_ranking_v2,20000.0,588000,科创50ETF,宽基,broad_index,2800,1.392,1.396,3908.8,14
2025-12-17,risk_aware_adjusted_ranking_v2,20000.0,159770,机器人ETF,科技与新质生产力,theme,4000,0.996,0.973,3892.0,11
2025-12-18,risk_aware_adjusted_ranking_v2,20000.0,512170,医疗ETF,消费医药,sector,11500,0.345,0.346,3979.0,18
2025-12-18,risk_aware_adjusted_ranking_v2,20000.0,588000,科创50ETF,宽基,broad_index,2800,1.392,1.376,3852.8,15
2025-12-18,risk_aware_adjusted_ranking_v2,20000.0,159770,机器人ETF,科技与新质生产力,theme,4000,0.996,0.963,3852.0,12
2025-12-19,risk_aware_adjusted_ranking_v2,20000.0,512170,医疗ETF,消费医药,sector,11500,0.345,0.349,4013.5,19
2025-12-19,risk_aware_adjusted_ranking_v2,20000.0,588000,科创50ETF,宽基,broad_index,2800,1.392,1.38,3864.0,16
2025-12-19,risk_aware_adjusted_ranking_v2,20000.0,159770,机器人ETF,科技与新质生产力,theme,4000,0.996,0.972,3888.0,13
2025-12-22,risk_aware_adjusted_ranking_v2,20000.0,588000,科创50ETF,宽基,broad_index,2800,1.392,1.405,3934.0,17
2025-12-22,risk_aware_adjusted_ranking_v2,20000.0,159770,机器人ETF,科技与新质生产力,theme,4000,0.996,0.987,3948.0,14
2025-12-22,risk_aware_adjusted_ranking_v2,20000.0,512200,房地产ETF,金融地产,sector,2600,1.488,1.488,3868.8,0
2025-12-23,risk_aware_adjusted_ranking_v2,20000.0,588000,科创50ETF,宽基,broad_index,2800,1.392,1.41,3948.0,18
2025-12-23,risk_aware_adjusted_ranking_v2,20000.0,159770,机器人ETF,科技与新质生产力,theme,4000,0.996,0.977,3908.0,15
2025-12-23,risk_aware_adjusted_ranking_v2,20000.0,512200,房地产ETF,金融地产,sector,2600,1.488,1.473,3829.8,0
2025-12-24,risk_aware_adjusted_ranking_v2,20000.0,588000,科创50ETF,宽基,broad_index,2800,1.392,1.423,3984.4,19
2025-12-24,risk_aware_adjusted_ranking_v2,20000.0,159770,机器人ETF,科技与新质生产力,theme,4000,0.996,0.988,3952.0,16
2025-12-24,risk_aware_adjusted_ranking_v2,20000.0,512200,房地产ETF,金融地产,sector,2600,1.488,1.483,3855.8,1
2025-12-25,risk_aware_adjusted_ranking_v2,20000.0,159770,机器人ETF,科技与新质生产力,theme,4000,0.996,1.018,4072.0,17
2025-12-25,risk_aware_adjusted_ranking_v2,20000.0,512200,房地产ETF,金融地产,sector,2600,1.488,1.494,3884.4,2
2025-12-25,risk_aware_adjusted_ranking_v2,20000.0,515220,煤炭ETF,周期资源,commodity_resource,3800,1.033,1.036,3936.8,0
2025-12-26,risk_aware_adjusted_ranking_v2,20000.0,159770,机器人ETF,科技与新质生产力,theme,4000,0.996,1.019,4076.0,18
2025-12-26,risk_aware_adjusted_ranking_v2,20000.0,512200,房地产ETF,金融地产,sector,2600,1.488,1.501,3902.6,3
2025-12-26,risk_aware_adjusted_ranking_v2,20000.0,515220,煤炭ETF,周期资源,commodity_resource,3800,1.033,1.039,3948.2,0
2025-12-29,risk_aware_adjusted_ranking_v2,20000.0,159770,机器人ETF,科技与新质生产力,theme,4000,0.996,1.028,4112.0,19
2025-12-29,risk_aware_adjusted_ranking_v2,20000.0,512200,房地产ETF,金融地产,sector,2600,1.488,1.495,3887.0,4
2025-12-29,risk_aware_adjusted_ranking_v2,20000.0,515220,煤炭ETF,周期资源,commodity_resource,3800,1.033,1.043,3963.4,1
2025-12-30,risk_aware_adjusted_ranking_v2,20000.0,512200,房地产ETF,金融地产,sector,2600,1.488,1.479,3845.4,5
2025-12-30,risk_aware_adjusted_ranking_v2,20000.0,515220,煤炭ETF,周期资源,commodity_resource,3800,1.033,1.035,3933.0,2
2025-12-30,risk_aware_adjusted_ranking_v2,20000.0,512690,酒ETF,消费医药,sector,7300,0.541,0.541,3949.3,0
2025-12-31,risk_aware_adjusted_ranking_v2,20000.0,512200,房地产ETF,金融地产,sector,2600,1.488,1.499,3897.4,6
2025-12-31,risk_aware_adjusted_ranking_v2,20000.0,515220,煤炭ETF,周期资源,commodity_resource,3800,1.033,1.028,3906.4,3
2025-12-31,risk_aware_adjusted_ranking_v2,20000.0,512690,酒ETF,消费医药,sector,7300,0.541,0.536,3912.8,0
2026-01-05,risk_aware_adjusted_ranking_v2,20000.0,512200,房地产ETF,金融地产,sector,2600,1.488,1.514,3936.4,7
2026-01-05,risk_aware_adjusted_ranking_v2,20000.0,515220,煤炭ETF,周期资源,commodity_resource,3800,1.033,1.034,3929.2,4
2026-01-05,risk_aware_adjusted_ranking_v2,20000.0,512690,酒ETF,消费医药,sector,7300,0.541,0.546,3985.8,1
2026-01-06,risk_aware_adjusted_ranking_v2,20000.0,512200,房地产ETF,金融地产,sector,2600,1.488,1.536,3993.6,8
2026-01-06,risk_aware_adjusted_ranking_v2,20000.0,515220,煤炭ETF,周期资源,commodity_resource,3800,1.033,1.053,4001.4,5
2026-01-06,risk_aware_adjusted_ranking_v2,20000.0,512690,酒ETF,消费医药,sector,7300,0.541,0.55,4015.0,2
2026-01-07,risk_aware_adjusted_ranking_v2,20000.0,512200,房地产ETF,金融地产,sector,2600,1.488,1.537,3996.2,9
2026-01-07,risk_aware_adjusted_ranking_v2,20000.0,515220,煤炭ETF,周期资源,commodity_resource,3800,1.033,1.093,4153.4,6
2026-01-07,risk_aware_adjusted_ranking_v2,20000.0,512690,酒ETF,消费医药,sector,7300,0.541,0.547,3993.1,3
2026-01-08,risk_aware_adjusted_ranking_v2,20000.0,512200,房地产ETF,金融地产,sector,2600,1.488,1.562,4061.2,10
2026-01-08,risk_aware_adjusted_ranking_v2,20000.0,515220,煤炭ETF,周期资源,commodity_resource,3800,1.033,1.092,4149.6,7
2026-01-08,risk_aware_adjusted_ranking_v2,20000.0,512690,酒ETF,消费医药,sector,7300,0.541,0.546,3985.8,4
2026-01-09,risk_aware_adjusted_ranking_v2,20000.0,512200,房地产ETF,金融地产,sector,2600,1.488,1.574,4092.4,11
2026-01-09,risk_aware_adjusted_ranking_v2,20000.0,515220,煤炭ETF,周期资源,commodity_resource,3800,1.033,1.096,4164.8,8
2026-01-09,risk_aware_adjusted_ranking_v2,20000.0,512690,酒ETF,消费医药,sector,7300,0.541,0.547,3993.1,5
2026-01-12,risk_aware_adjusted_ranking_v2,20000.0,512200,房地产ETF,金融地产,sector,2600,1.488,1.569,4079.4,12
2026-01-12,risk_aware_adjusted_ranking_v2,20000.0,515220,煤炭ETF,周期资源,commodity_resource,3800,1.033,1.094,4157.2,9
2026-01-12,risk_aware_adjusted_ranking_v2,20000.0,512690,酒ETF,消费医药,sector,7300,0.541,0.553,4036.9,6
2026-01-13,risk_aware_adjusted_ranking_v2,20000.0,512200,房地产ETF,金融地产,sector,2600,1.488,1.538,3998.8,13
2026-01-13,risk_aware_adjusted_ranking_v2,20000.0,515220,煤炭ETF,周期资源,commodity_resource,3800,1.033,1.081,4107.8,10
2026-01-13,risk_aware_adjusted_ranking_v2,20000.0,512690,酒ETF,消费医药,sector,7300,0.541,0.548,4000.4,7
2026-01-14,risk_aware_adjusted_ranking_v2,20000.0,512200,房地产ETF,金融地产,sector,2600,1.488,1.516,3941.6,14
2026-01-14,risk_aware_adjusted_ranking_v2,20000.0,515220,煤炭ETF,周期资源,commodity_resource,3800,1.033,1.072,4073.6,11
2026-01-14,risk_aware_adjusted_ranking_v2,20000.0,512690,酒ETF,消费医药,sector,7300,0.541,0.545,3978.5,8
2026-01-15,risk_aware_adjusted_ranking_v2,20000.0,512200,房地产ETF,金融地产,sector,2600,1.488,1.528,3972.8,15
2026-01-15,risk_aware_adjusted_ranking_v2,20000.0,515220,煤炭ETF,周期资源,commodity_resource,3800,1.033,1.067,4054.6,12
2026-01-15,risk_aware_adjusted_ranking_v2,20000.0,512690,酒ETF,消费医药,sector,7300,0.541,0.54,3942.0,9
2026-01-16,risk_aware_adjusted_ranking_v2,20000.0,512200,房地产ETF,金融地产,sector,2600,1.488,1.511,3928.6,16
2026-01-16,risk_aware_adjusted_ranking_v2,20000.0,515220,煤炭ETF,周期资源,commodity_resource,3800,1.033,1.054,4005.2,13
2026-01-16,risk_aware_adjusted_ranking_v2,20000.0,512690,酒ETF,消费医药,sector,7300,0.541,0.537,3920.1,10
2026-01-19,risk_aware_adjusted_ranking_v2,20000.0,512200,房地产ETF,金融地产,sector,2600,1.488,1.529,3975.4,17
2026-01-19,risk_aware_adjusted_ranking_v2,20000.0,515220,煤炭ETF,周期资源,commodity_resource,3800,1.033,1.069,4062.2,14
2026-01-19,risk_aware_adjusted_ranking_v2,20000.0,512690,酒ETF,消费医药,sector,7300,0.541,0.535,3905.5,11
2026-01-20,risk_aware_adjusted_ranking_v2,20000.0,512200,房地产ETF,金融地产,sector,2600,1.488,1.556,4045.6,18
2026-01-20,risk_aware_adjusted_ranking_v2,20000.0,515220,煤炭ETF,周期资源,commodity_resource,3800,1.033,1.083,4115.4,15
2026-01-20,risk_aware_adjusted_ranking_v2,20000.0,512690,酒ETF,消费医药,sector,7300,0.541,0.54,3942.0,12
2026-01-21,risk_aware_adjusted_ranking_v2,20000.0,512200,房地产ETF,金融地产,sector,2600,1.488,1.565,4069.0,19
2026-01-21,risk_aware_adjusted_ranking_v2,20000.0,515220,煤炭ETF,周期资源,commodity_resource,3800,1.033,1.07,4066.0,16
2026-01-21,risk_aware_adjusted_ranking_v2,20000.0,512690,酒ETF,消费医药,sector,7300,0.541,0.531,3876.3,13
2026-01-22,risk_aware_adjusted_ranking_v2,20000.0,515220,煤炭ETF,周期资源,commodity_resource,3800,1.033,1.089,4138.2,17
2026-01-22,risk_aware_adjusted_ranking_v2,20000.0,512690,酒ETF,消费医药,sector,7300,0.541,0.529,3861.7,14
2026-01-22,risk_aware_adjusted_ranking_v2,20000.0,512800,银行ETF,金融地产,sector,5100,0.775,0.775,3952.5,0
2026-01-23,risk_aware_adjusted_ranking_v2,20000.0,515220,煤炭ETF,周期资源,commodity_resource,3800,1.033,1.079,4100.2,18
2026-01-23,risk_aware_adjusted_ranking_v2,20000.0,512690,酒ETF,消费医药,sector,7300,0.541,0.527,3847.1,15
2026-01-23,risk_aware_adjusted_ranking_v2,20000.0,512800,银行ETF,金融地产,sector,5100,0.775,0.767,3911.7,0
2026-01-26,risk_aware_adjusted_ranking_v2,20000.0,515220,煤炭ETF,周期资源,commodity_resource,3800,1.033,1.101,4183.8,19
2026-01-26,risk_aware_adjusted_ranking_v2,20000.0,512690,酒ETF,消费医药,sector,7300,0.541,0.524,3825.2,16
2026-01-26,risk_aware_adjusted_ranking_v2,20000.0,512800,银行ETF,金融地产,sector,5100,0.775,0.771,3932.1,1
2026-01-27,risk_aware_adjusted_ranking_v2,20000.0,512690,酒ETF,消费医药,sector,7300,0.541,0.516,3766.8,17
2026-01-27,risk_aware_adjusted_ranking_v2,20000.0,512800,银行ETF,金融地产,sector,5100,0.775,0.77,3927.0,2
2026-01-27,risk_aware_adjusted_ranking_v2,20000.0,510230,金融ETF,金融地产,sector,2900,1.347,1.347,3906.3,0
2026-01-28,risk_aware_adjusted_ranking_v2,20000.0,512690,酒ETF,消费医药,sector,7300,0.541,0.516,3766.8,18
2026-01-28,risk_aware_adjusted_ranking_v2,20000.0,512800,银行ETF,金融地产,sector,5100,0.775,0.765,3901.5,3
2026-01-28,risk_aware_adjusted_ranking_v2,20000.0,510230,金融ETF,金融地产,sector,2900,1.347,1.336,3874.4,0
2026-01-29,risk_aware_adjusted_ranking_v2,20000.0,512690,酒ETF,消费医药,sector,7300,0.541,0.568,4146.4,19
2026-01-29,risk_aware_adjusted_ranking_v2,20000.0,512800,银行ETF,金融地产,sector,5100,0.775,0.778,3967.8,4
2026-01-29,risk_aware_adjusted_ranking_v2,20000.0,510230,金融ETF,金融地产,sector,2900,1.347,1.368,3967.2,1
2026-01-30,risk_aware_adjusted_ranking_v2,20000.0,512800,银行ETF,金融地产,sector,5100,0.775,0.775,3952.5,5
2026-01-30,risk_aware_adjusted_ranking_v2,20000.0,510230,金融ETF,金融地产,sector,2900,1.347,1.354,3926.6,2
2026-01-30,risk_aware_adjusted_ranking_v2,20000.0,512890,红利低波ETF,防御风格,sector,3400,1.165,1.168,3971.2,0
2026-02-02,risk_aware_adjusted_ranking_v2,20000.0,512800,银行ETF,金融地产,sector,5100,0.775,0.776,3957.6,6
2026-02-02,risk_aware_adjusted_ranking_v2,20000.0,510230,金融ETF,金融地产,sector,2900,1.347,1.347,3906.3,3
2026-02-02,risk_aware_adjusted_ranking_v2,20000.0,512890,红利低波ETF,防御风格,sector,3400,1.165,1.154,3923.6,0
2026-02-03,risk_aware_adjusted_ranking_v2,20000.0,512800,银行ETF,金融地产,sector,5100,0.775,0.768,3916.8,7
2026-02-03,risk_aware_adjusted_ranking_v2,20000.0,510230,金融ETF,金融地产,sector,2900,1.347,1.342,3891.8,4
2026-02-03,risk_aware_adjusted_ranking_v2,20000.0,512890,红利低波ETF,防御风格,sector,3400,1.165,1.15,3910.0,1
2026-02-04,risk_aware_adjusted_ranking_v2,20000.0,512800,银行ETF,金融地产,sector,5100,0.775,0.779,3972.9,8
2026-02-04,risk_aware_adjusted_ranking_v2,20000.0,510230,金融ETF,金融地产,sector,2900,1.347,1.357,3935.3,5
2026-02-04,risk_aware_adjusted_ranking_v2,20000.0,512890,红利低波ETF,防御风格,sector,3400,1.165,1.166,3964.4,2
2026-02-05,risk_aware_adjusted_ranking_v2,20000.0,512800,银行ETF,金融地产,sector,5100,0.775,0.792,4039.2,9
2026-02-05,risk_aware_adjusted_ranking_v2,20000.0,510230,金融ETF,金融地产,sector,2900,1.347,1.372,3978.8,6
2026-02-05,risk_aware_adjusted_ranking_v2,20000.0,512890,红利低波ETF,防御风格,sector,3400,1.165,1.181,4015.4,3
2026-02-06,risk_aware_adjusted_ranking_v2,20000.0,512800,银行ETF,金融地产,sector,5100,0.775,0.79,4029.0,10
2026-02-06,risk_aware_adjusted_ranking_v2,20000.0,510230,金融ETF,金融地产,sector,2900,1.347,1.365,3958.5,7
2026-02-06,risk_aware_adjusted_ranking_v2,20000.0,512890,红利低波ETF,防御风格,sector,3400,1.165,1.178,4005.2,4
2026-02-09,risk_aware_adjusted_ranking_v2,20000.0,512800,银行ETF,金融地产,sector,5100,0.775,0.792,4039.2,11
2026-02-09,risk_aware_adjusted_ranking_v2,20000.0,510230,金融ETF,金融地产,sector,2900,1.347,1.378,3996.2,8
2026-02-09,risk_aware_adjusted_ranking_v2,20000.0,512890,红利低波ETF,防御风格,sector,3400,1.165,1.181,4015.4,5
2026-02-10,risk_aware_adjusted_ranking_v2,20000.0,512800,银行ETF,金融地产,sector,5100,0.775,0.794,4049.4,12
2026-02-10,risk_aware_adjusted_ranking_v2,20000.0,510230,金融ETF,金融地产,sector,2900,1.347,1.379,3999.1,9
2026-02-10,risk_aware_adjusted_ranking_v2,20000.0,512890,红利低波ETF,防御风格,sector,3400,1.165,1.186,4032.4,6
2026-02-11,risk_aware_adjusted_ranking_v2,20000.0,512800,银行ETF,金融地产,sector,5100,0.775,0.796,4059.6,13
2026-02-11,risk_aware_adjusted_ranking_v2,20000.0,510230,金融ETF,金融地产,sector,2900,1.347,1.376,3990.4,10
2026-02-11,risk_aware_adjusted_ranking_v2,20000.0,512890,红利低波ETF,防御风格,sector,3400,1.165,1.188,4039.2,7
2026-02-12,risk_aware_adjusted_ranking_v2,20000.0,512800,银行ETF,金融地产,sector,5100,0.775,0.784,3998.4,14
2026-02-12,risk_aware_adjusted_ranking_v2,20000.0,510230,金融ETF,金融地产,sector,2900,1.347,1.359,3941.1,11
2026-02-12,risk_aware_adjusted_ranking_v2,20000.0,512890,红利低波ETF,防御风格,sector,3400,1.165,1.177,4001.8,8
2026-02-13,risk_aware_adjusted_ranking_v2,20000.0,512800,银行ETF,金融地产,sector,5100,0.775,0.779,3972.9,15
2026-02-13,risk_aware_adjusted_ranking_v2,20000.0,510230,金融ETF,金融地产,sector,2900,1.347,1.348,3909.2,12
2026-02-13,risk_aware_adjusted_ranking_v2,20000.0,512890,红利低波ETF,防御风格,sector,3400,1.165,1.167,3967.8,9
2026-02-24,risk_aware_adjusted_ranking_v2,20000.0,512800,银行ETF,金融地产,sector,5100,0.775,0.777,3962.7,16
2026-02-24,risk_aware_adjusted_ranking_v2,20000.0,510230,金融ETF,金融地产,sector,2900,1.347,1.34,3886.0,13
2026-02-24,risk_aware_adjusted_ranking_v2,20000.0,512890,红利低波ETF,防御风格,sector,3400,1.165,1.172,3984.8,10
2026-02-25,risk_aware_adjusted_ranking_v2,20000.0,512800,银行ETF,金融地产,sector,5100,0.775,0.774,3947.4,17
2026-02-25,risk_aware_adjusted_ranking_v2,20000.0,510230,金融ETF,金融地产,sector,2900,1.347,1.338,3880.2,14
2026-02-25,risk_aware_adjusted_ranking_v2,20000.0,512890,红利低波ETF,防御风格,sector,3400,1.165,1.169,3974.6,11
2026-02-26,risk_aware_adjusted_ranking_v2,20000.0,512800,银行ETF,金融地产,sector,5100,0.775,0.772,3937.2,18
2026-02-26,risk_aware_adjusted_ranking_v2,20000.0,510230,金融ETF,金融地产,sector,2900,1.347,1.325,3842.5,15
2026-02-26,risk_aware_adjusted_ranking_v2,20000.0,512890,红利低波ETF,防御风格,sector,3400,1.165,1.168,3971.2,12
2026-02-27,risk_aware_adjusted_ranking_v2,20000.0,512800,银行ETF,金融地产,sector,5100,0.775,0.773,3942.3,19
2026-02-27,risk_aware_adjusted_ranking_v2,20000.0,510230,金融ETF,金融地产,sector,2900,1.347,1.325,3842.5,16
2026-02-27,risk_aware_adjusted_ranking_v2,20000.0,512890,红利低波ETF,防御风格,sector,3400,1.165,1.172,3984.8,13
2026-03-02,risk_aware_adjusted_ranking_v2,20000.0,510230,金融ETF,金融地产,sector,2900,1.347,1.321,3830.9,17
2026-03-02,risk_aware_adjusted_ranking_v2,20000.0,512890,红利低波ETF,防御风格,sector,3400,1.165,1.183,4022.2,14
2026-03-02,risk_aware_adjusted_ranking_v2,20000.0,515120,广发创新药ETF,医药与消费升级,theme,6600,0.601,0.6,3960.0,0
2026-03-03,risk_aware_adjusted_ranking_v2,20000.0,510230,金融ETF,金融地产,sector,2900,1.347,1.328,3851.2,18
2026-03-03,risk_aware_adjusted_ranking_v2,20000.0,512890,红利低波ETF,防御风格,sector,3400,1.165,1.196,4066.4,15
2026-03-03,risk_aware_adjusted_ranking_v2,20000.0,515120,广发创新药ETF,医药与消费升级,theme,6600,0.601,0.583,3847.8,0
2026-03-04,risk_aware_adjusted_ranking_v2,20000.0,510230,金融ETF,金融地产,sector,2900,1.347,1.304,3781.6,19
2026-03-04,risk_aware_adjusted_ranking_v2,20000.0,515120,广发创新药ETF,医药与消费升级,theme,6600,0.601,0.577,3808.2,1
2026-03-04,risk_aware_adjusted_ranking_v2,20000.0,588000,科创50ETF,宽基,broad_index,2600,1.489,1.459,3793.4,0
2026-03-05,risk_aware_adjusted_ranking_v2,20000.0,515120,广发创新药ETF,医药与消费升级,theme,6600,0.601,0.583,3847.8,2
2026-03-05,risk_aware_adjusted_ranking_v2,20000.0,588000,科创50ETF,宽基,broad_index,2600,1.489,1.482,3853.2,0
2026-03-05,risk_aware_adjusted_ranking_v2,20000.0,512400,有色ETF,周期资源,commodity_resource,1700,2.292,2.326,3954.2,0
2026-03-06,risk_aware_adjusted_ranking_v2,20000.0,515120,广发创新药ETF,医药与消费升级,theme,6600,0.601,0.601,3966.6,3
2026-03-06,risk_aware_adjusted_ranking_v2,20000.0,588000,科创50ETF,宽基,broad_index,2600,1.489,1.491,3876.6,1
2026-03-06,risk_aware_adjusted_ranking_v2,20000.0,512400,有色ETF,周期资源,commodity_resource,1700,2.292,2.279,3874.3,0
2026-03-09,risk_aware_adjusted_ranking_v2,20000.0,515120,广发创新药ETF,医药与消费升级,theme,6600,0.601,0.592,3907.2,4
2026-03-09,risk_aware_adjusted_ranking_v2,20000.0,588000,科创50ETF,宽基,broad_index,2600,1.489,1.465,3809.0,2
2026-03-09,risk_aware_adjusted_ranking_v2,20000.0,512400,有色ETF,周期资源,commodity_resource,1700,2.292,2.257,3836.9,1
2026-03-10,risk_aware_adjusted_ranking_v2,20000.0,515120,广发创新药ETF,医药与消费升级,theme,6600,0.601,0.61,4026.0,5
2026-03-10,risk_aware_adjusted_ranking_v2,20000.0,588000,科创50ETF,宽基,broad_index,2600,1.489,1.495,3887.0,3
2026-03-10,risk_aware_adjusted_ranking_v2,20000.0,512400,有色ETF,周期资源,commodity_resource,1700,2.292,2.279,3874.3,2
2026-03-11,risk_aware_adjusted_ranking_v2,20000.0,515120,广发创新药ETF,医药与消费升级,theme,6600,0.601,0.605,3993.0,6
2026-03-11,risk_aware_adjusted_ranking_v2,20000.0,588000,科创50ETF,宽基,broad_index,2600,1.489,1.477,3840.2,4
2026-03-11,risk_aware_adjusted_ranking_v2,20000.0,512400,有色ETF,周期资源,commodity_resource,1700,2.292,2.271,3860.7,3
2026-03-12,risk_aware_adjusted_ranking_v2,20000.0,515120,广发创新药ETF,医药与消费升级,theme,6600,0.601,0.599,3953.4,7
2026-03-12,risk_aware_adjusted_ranking_v2,20000.0,588000,科创50ETF,宽基,broad_index,2600,1.489,1.456,3785.6,5
2026-03-12,risk_aware_adjusted_ranking_v2,20000.0,512400,有色ETF,周期资源,commodity_resource,1700,2.292,2.254,3831.8,4
2026-03-13,risk_aware_adjusted_ranking_v2,20000.0,515120,广发创新药ETF,医药与消费升级,theme,6600,0.601,0.596,3933.6,8
2026-03-13,risk_aware_adjusted_ranking_v2,20000.0,588000,科创50ETF,宽基,broad_index,2600,1.489,1.45,3770.0,6
2026-03-13,risk_aware_adjusted_ranking_v2,20000.0,512400,有色ETF,周期资源,commodity_resource,1700,2.292,2.193,3728.1,5
2026-03-16,risk_aware_adjusted_ranking_v2,20000.0,515120,广发创新药ETF,医药与消费升级,theme,6600,0.601,0.601,3966.6,9
2026-03-16,risk_aware_adjusted_ranking_v2,20000.0,588000,科创50ETF,宽基,broad_index,2600,1.489,1.458,3790.8,7
2026-03-16,risk_aware_adjusted_ranking_v2,20000.0,512400,有色ETF,周期资源,commodity_resource,1700,2.292,2.126,3614.2,6
2026-03-17,risk_aware_adjusted_ranking_v2,20000.0,515120,广发创新药ETF,医药与消费升级,theme,6600,0.601,0.605,3993.0,10
2026-03-17,risk_aware_adjusted_ranking_v2,20000.0,588000,科创50ETF,宽基,broad_index,2600,1.489,1.428,3712.8,8
2026-03-17,risk_aware_adjusted_ranking_v2,20000.0,512400,有色ETF,周期资源,commodity_resource,1700,2.292,2.091,3554.7,7
2026-03-18,risk_aware_adjusted_ranking_v2,20000.0,515120,广发创新药ETF,医药与消费升级,theme,6600,0.601,0.609,4019.4,11
2026-03-18,risk_aware_adjusted_ranking_v2,20000.0,588000,科创50ETF,宽基,broad_index,2600,1.489,1.445,3757.0,9
2026-03-18,risk_aware_adjusted_ranking_v2,20000.0,512400,有色ETF,周期资源,commodity_resource,1700,2.292,2.075,3527.5,8
2026-03-19,risk_aware_adjusted_ranking_v2,20000.0,515120,广发创新药ETF,医药与消费升级,theme,6600,0.601,0.599,3953.4,12
2026-03-19,risk_aware_adjusted_ranking_v2,20000.0,588000,科创50ETF,宽基,broad_index,2600,1.489,1.411,3668.6,10
2026-03-19,risk_aware_adjusted_ranking_v2,20000.0,512400,有色ETF,周期资源,commodity_resource,1700,2.292,1.944,3304.8,9
2026-03-20,risk_aware_adjusted_ranking_v2,20000.0,515120,广发创新药ETF,医药与消费升级,theme,6600,0.601,0.591,3900.6,13
2026-03-20,risk_aware_adjusted_ranking_v2,20000.0,588000,科创50ETF,宽基,broad_index,2600,1.489,1.388,3608.8,11
2026-03-20,risk_aware_adjusted_ranking_v2,20000.0,512400,有色ETF,周期资源,commodity_resource,1700,2.292,1.917,3258.9,10
2026-03-23,risk_aware_adjusted_ranking_v2,20000.0,515120,广发创新药ETF,医药与消费升级,theme,6600,0.601,0.564,3722.4,14
2026-03-23,risk_aware_adjusted_ranking_v2,20000.0,588000,科创50ETF,宽基,broad_index,2600,1.489,1.329,3455.4,12
2026-03-23,risk_aware_adjusted_ranking_v2,20000.0,512400,有色ETF,周期资源,commodity_resource,1700,2.292,1.823,3099.1,11
2026-03-24,risk_aware_adjusted_ranking_v2,20000.0,515120,广发创新药ETF,医药与消费升级,theme,6600,0.601,0.58,3828.0,15
2026-03-24,risk_aware_adjusted_ranking_v2,20000.0,588000,科创50ETF,宽基,broad_index,2600,1.489,1.359,3533.4,13
2026-03-24,risk_aware_adjusted_ranking_v2,20000.0,512400,有色ETF,周期资源,commodity_resource,1700,2.292,1.892,3216.4,12
2026-03-25,risk_aware_adjusted_ranking_v2,20000.0,515120,广发创新药ETF,医药与消费升级,theme,6600,0.601,0.585,3861.0,16
2026-03-25,risk_aware_adjusted_ranking_v2,20000.0,588000,科创50ETF,宽基,broad_index,2600,1.489,1.385,3601.0,14
2026-03-25,risk_aware_adjusted_ranking_v2,20000.0,512400,有色ETF,周期资源,commodity_resource,1700,2.292,1.952,3318.4,13
2026-03-26,risk_aware_adjusted_ranking_v2,20000.0,515120,广发创新药ETF,医药与消费升级,theme,6600,0.601,0.58,3828.0,17
2026-03-26,risk_aware_adjusted_ranking_v2,20000.0,588000,科创50ETF,宽基,broad_index,2600,1.489,1.357,3528.2,15
2026-03-26,risk_aware_adjusted_ranking_v2,20000.0,512400,有色ETF,周期资源,commodity_resource,1700,2.292,1.919,3262.3,14
2026-03-27,risk_aware_adjusted_ranking_v2,20000.0,515120,广发创新药ETF,医药与消费升级,theme,6600,0.601,0.609,4019.4,18
2026-03-27,risk_aware_adjusted_ranking_v2,20000.0,588000,科创50ETF,宽基,broad_index,2600,1.489,1.37,3562.0,16
2026-03-27,risk_aware_adjusted_ranking_v2,20000.0,512400,有色ETF,周期资源,commodity_resource,1700,2.292,1.976,3359.2,15
2026-03-30,risk_aware_adjusted_ranking_v2,20000.0,515120,广发创新药ETF,医药与消费升级,theme,6600,0.601,0.614,4052.4,19
2026-03-30,risk_aware_adjusted_ranking_v2,20000.0,588000,科创50ETF,宽基,broad_index,2600,1.489,1.359,3533.4,17
2026-03-30,risk_aware_adjusted_ranking_v2,20000.0,512400,有色ETF,周期资源,commodity_resource,1700,2.292,2.008,3413.6,16
2026-03-31,risk_aware_adjusted_ranking_v2,20000.0,588000,科创50ETF,宽基,broad_index,2600,1.489,1.324,3442.4,18
2026-03-31,risk_aware_adjusted_ranking_v2,20000.0,512400,有色ETF,周期资源,commodity_resource,1700,2.292,1.983,3371.1,17
2026-03-31,risk_aware_adjusted_ranking_v2,20000.0,512660,军工ETF,新能源制造,commodity_resource,3000,1.326,1.304,3912.0,0
2026-04-01,risk_aware_adjusted_ranking_v2,20000.0,588000,科创50ETF,宽基,broad_index,2600,1.489,1.369,3559.4,19
2026-04-01,risk_aware_adjusted_ranking_v2,20000.0,512400,有色ETF,周期资源,commodity_resource,1700,2.292,2.026,3444.2,18
2026-04-01,risk_aware_adjusted_ranking_v2,20000.0,512660,军工ETF,新能源制造,commodity_resource,3000,1.326,1.309,3927.0,0
2026-04-02,risk_aware_adjusted_ranking_v2,20000.0,512400,有色ETF,周期资源,commodity_resource,1700,2.292,1.991,3384.7,19
2026-04-02,risk_aware_adjusted_ranking_v2,20000.0,512660,军工ETF,新能源制造,commodity_resource,3000,1.326,1.285,3855.0,1
2026-04-02,risk_aware_adjusted_ranking_v2,20000.0,512200,房地产ETF,金融地产,sector,3000,1.33,1.329,3987.0,0
2026-04-03,risk_aware_adjusted_ranking_v2,20000.0,512660,军工ETF,新能源制造,commodity_resource,3000,1.326,1.27,3810.0,2
2026-04-03,risk_aware_adjusted_ranking_v2,20000.0,512200,房地产ETF,金融地产,sector,3000,1.33,1.301,3903.0,0
2026-04-03,risk_aware_adjusted_ranking_v2,20000.0,515790,光伏ETF,新能源制造,commodity_resource,4000,0.98,0.982,3928.0,0
2026-04-07,risk_aware_adjusted_ranking_v2,20000.0,512660,军工ETF,新能源制造,commodity_resource,3000,1.326,1.269,3807.0,3
2026-04-07,risk_aware_adjusted_ranking_v2,20000.0,512200,房地产ETF,金融地产,sector,3000,1.33,1.303,3909.0,1
2026-04-07,risk_aware_adjusted_ranking_v2,20000.0,515790,光伏ETF,新能源制造,commodity_resource,4000,0.98,0.984,3936.0,0
2026-04-08,risk_aware_adjusted_ranking_v2,20000.0,512660,军工ETF,新能源制造,commodity_resource,3000,1.326,1.333,3999.0,4
2026-04-08,risk_aware_adjusted_ranking_v2,20000.0,512200,房地产ETF,金融地产,sector,3000,1.33,1.353,4059.0,2
2026-04-08,risk_aware_adjusted_ranking_v2,20000.0,515790,光伏ETF,新能源制造,commodity_resource,4000,0.98,1.031,4124.0,1
2026-04-09,risk_aware_adjusted_ranking_v2,20000.0,512660,军工ETF,新能源制造,commodity_resource,3000,1.326,1.323,3969.0,5
2026-04-09,risk_aware_adjusted_ranking_v2,20000.0,512200,房地产ETF,金融地产,sector,3000,1.33,1.334,4002.0,3
2026-04-09,risk_aware_adjusted_ranking_v2,20000.0,515790,光伏ETF,新能源制造,commodity_resource,4000,0.98,1.017,4068.0,2
2026-04-10,risk_aware_adjusted_ranking_v2,20000.0,512660,军工ETF,新能源制造,commodity_resource,3000,1.326,1.339,4017.0,6
2026-04-10,risk_aware_adjusted_ranking_v2,20000.0,512200,房地产ETF,金融地产,sector,3000,1.33,1.348,4044.0,4
2026-04-10,risk_aware_adjusted_ranking_v2,20000.0,515790,光伏ETF,新能源制造,commodity_resource,4000,0.98,1.037,4148.0,3
2026-04-13,risk_aware_adjusted_ranking_v2,20000.0,512660,军工ETF,新能源制造,commodity_resource,3000,1.326,1.351,4053.0,7
2026-04-13,risk_aware_adjusted_ranking_v2,20000.0,512200,房地产ETF,金融地产,sector,3000,1.33,1.36,4080.0,5
2026-04-13,risk_aware_adjusted_ranking_v2,20000.0,515790,光伏ETF,新能源制造,commodity_resource,4000,0.98,1.056,4224.0,4
2026-04-14,risk_aware_adjusted_ranking_v2,20000.0,512660,军工ETF,新能源制造,commodity_resource,3000,1.326,1.375,4125.0,8
2026-04-14,risk_aware_adjusted_ranking_v2,20000.0,512200,房地产ETF,金融地产,sector,3000,1.33,1.398,4194.0,6
2026-04-14,risk_aware_adjusted_ranking_v2,20000.0,515790,光伏ETF,新能源制造,commodity_resource,4000,0.98,1.064,4256.0,5
2026-04-15,risk_aware_adjusted_ranking_v2,20000.0,512660,军工ETF,新能源制造,commodity_resource,3000,1.326,1.367,4101.0,9
2026-04-15,risk_aware_adjusted_ranking_v2,20000.0,512200,房地产ETF,金融地产,sector,3000,1.33,1.377,4131.0,7
2026-04-15,risk_aware_adjusted_ranking_v2,20000.0,515790,光伏ETF,新能源制造,commodity_resource,4000,0.98,1.058,4232.0,6
2026-04-16,risk_aware_adjusted_ranking_v2,20000.0,512660,军工ETF,新能源制造,commodity_resource,3000,1.326,1.375,4125.0,10
2026-04-16,risk_aware_adjusted_ranking_v2,20000.0,512200,房地产ETF,金融地产,sector,3000,1.33,1.381,4143.0,8
2026-04-16,risk_aware_adjusted_ranking_v2,20000.0,515790,光伏ETF,新能源制造,commodity_resource,4000,0.98,1.07,4280.0,7
2026-04-17,risk_aware_adjusted_ranking_v2,20000.0,512660,军工ETF,新能源制造,commodity_resource,3000,1.326,1.386,4158.0,11
2026-04-17,risk_aware_adjusted_ranking_v2,20000.0,512200,房地产ETF,金融地产,sector,3000,1.33,1.404,4212.0,9
2026-04-17,risk_aware_adjusted_ranking_v2,20000.0,515790,光伏ETF,新能源制造,commodity_resource,4000,0.98,1.071,4284.0,8
2026-04-20,risk_aware_adjusted_ranking_v2,20000.0,512660,军工ETF,新能源制造,commodity_resource,3000,1.326,1.425,4275.0,12
2026-04-20,risk_aware_adjusted_ranking_v2,20000.0,512200,房地产ETF,金融地产,sector,3000,1.33,1.398,4194.0,10
2026-04-20,risk_aware_adjusted_ranking_v2,20000.0,515790,光伏ETF,新能源制造,commodity_resource,4000,0.98,1.086,4344.0,9
2026-04-21,risk_aware_adjusted_ranking_v2,20000.0,512200,房地产ETF,金融地产,sector,3000,1.33,1.393,4179.0,11
2026-04-21,risk_aware_adjusted_ranking_v2,20000.0,515790,光伏ETF,新能源制造,commodity_resource,4000,0.98,1.082,4328.0,10
2026-04-21,risk_aware_adjusted_ranking_v2,20000.0,512690,酒ETF,消费医药,sector,8200,0.482,0.483,3960.6,0
2026-04-22,risk_aware_adjusted_ranking_v2,20000.0,512200,房地产ETF,金融地产,sector,3000,1.33,1.4,4200.0,12
2026-04-22,risk_aware_adjusted_ranking_v2,20000.0,515790,光伏ETF,新能源制造,commodity_resource,4000,0.98,1.085,4340.0,11
2026-04-22,risk_aware_adjusted_ranking_v2,20000.0,512690,酒ETF,消费医药,sector,8200,0.482,0.482,3952.4,0
2026-04-23,risk_aware_adjusted_ranking_v2,20000.0,512200,房地产ETF,金融地产,sector,3000,1.33,1.392,4176.0,13
2026-04-23,risk_aware_adjusted_ranking_v2,20000.0,515790,光伏ETF,新能源制造,commodity_resource,4000,0.98,1.078,4312.0,12
2026-04-23,risk_aware_adjusted_ranking_v2,20000.0,512690,酒ETF,消费医药,sector,8200,0.482,0.49,4018.0,1
2026-04-24,risk_aware_adjusted_ranking_v2,20000.0,512200,房地产ETF,金融地产,sector,3000,1.33,1.383,4149.0,14
2026-04-24,risk_aware_adjusted_ranking_v2,20000.0,515790,光伏ETF,新能源制造,commodity_resource,4000,0.98,1.062,4248.0,13
2026-04-24,risk_aware_adjusted_ranking_v2,20000.0,512690,酒ETF,消费医药,sector,8200,0.482,0.491,4026.2,2
2026-04-27,risk_aware_adjusted_ranking_v2,20000.0,512200,房地产ETF,金融地产,sector,3000,1.33,1.38,4140.0,15
2026-04-27,risk_aware_adjusted_ranking_v2,20000.0,515790,光伏ETF,新能源制造,commodity_resource,4000,0.98,1.053,4212.0,14
2026-04-27,risk_aware_adjusted_ranking_v2,20000.0,512690,酒ETF,消费医药,sector,8200,0.482,0.482,3952.4,3
2026-04-28,risk_aware_adjusted_ranking_v2,20000.0,512200,房地产ETF,金融地产,sector,3000,1.33,1.385,4155.0,16
2026-04-28,risk_aware_adjusted_ranking_v2,20000.0,515790,光伏ETF,新能源制造,commodity_resource,4000,0.98,1.04,4160.0,15
2026-04-28,risk_aware_adjusted_ranking_v2,20000.0,512690,酒ETF,消费医药,sector,8200,0.482,0.482,3952.4,4
2026-04-29,risk_aware_adjusted_ranking_v2,20000.0,512200,房地产ETF,金融地产,sector,3000,1.33,1.414,4242.0,17
2026-04-29,risk_aware_adjusted_ranking_v2,20000.0,515790,光伏ETF,新能源制造,commodity_resource,4000,0.98,1.059,4236.0,16
2026-04-29,risk_aware_adjusted_ranking_v2,20000.0,512690,酒ETF,消费医药,sector,8200,0.482,0.487,3993.4,5
2026-04-30,risk_aware_adjusted_ranking_v2,20000.0,512200,房地产ETF,金融地产,sector,3000,1.33,1.438,4314.0,18
2026-04-30,risk_aware_adjusted_ranking_v2,20000.0,515790,光伏ETF,新能源制造,commodity_resource,4000,0.98,1.063,4252.0,17
2026-04-30,risk_aware_adjusted_ranking_v2,20000.0,512690,酒ETF,消费医药,sector,8200,0.482,0.484,3968.8,6
2026-05-06,risk_aware_adjusted_ranking_v2,20000.0,512200,房地产ETF,金融地产,sector,3000,1.33,1.462,4386.0,19
2026-05-06,risk_aware_adjusted_ranking_v2,20000.0,515790,光伏ETF,新能源制造,commodity_resource,4000,0.98,1.086,4344.0,18
2026-05-06,risk_aware_adjusted_ranking_v2,20000.0,512690,酒ETF,消费医药,sector,8200,0.482,0.477,3911.4,7
2026-05-07,risk_aware_adjusted_ranking_v2,20000.0,515790,光伏ETF,新能源制造,commodity_resource,4000,0.98,1.101,4404.0,19
2026-05-07,risk_aware_adjusted_ranking_v2,20000.0,512690,酒ETF,消费医药,sector,8200,0.482,0.478,3919.6,8
2026-05-07,risk_aware_adjusted_ranking_v2,20000.0,512800,银行ETF,金融地产,sector,5000,0.785,0.784,3920.0,0
2026-05-08,risk_aware_adjusted_ranking_v2,20000.0,512690,酒ETF,消费医药,sector,8200,0.482,0.476,3903.2,9
2026-05-08,risk_aware_adjusted_ranking_v2,20000.0,512800,银行ETF,金融地产,sector,5000,0.785,0.785,3925.0,0
2026-05-08,risk_aware_adjusted_ranking_v2,20000.0,515120,广发创新药ETF,医药与消费升级,theme,6400,0.618,0.618,3955.2,0
2026-05-11,risk_aware_adjusted_ranking_v2,20000.0,512690,酒ETF,消费医药,sector,8200,0.482,0.475,3895.0,10
2026-05-11,risk_aware_adjusted_ranking_v2,20000.0,512800,银行ETF,金融地产,sector,5000,0.785,0.785,3925.0,1
2026-05-11,risk_aware_adjusted_ranking_v2,20000.0,515120,广发创新药ETF,医药与消费升级,theme,6400,0.618,0.635,4064.0,0
2026-05-12,risk_aware_adjusted_ranking_v2,20000.0,512690,酒ETF,消费医药,sector,8200,0.482,0.469,3845.8,11
2026-05-12,risk_aware_adjusted_ranking_v2,20000.0,512800,银行ETF,金融地产,sector,5000,0.785,0.782,3910.0,2
2026-05-12,risk_aware_adjusted_ranking_v2,20000.0,515120,广发创新药ETF,医药与消费升级,theme,6400,0.618,0.63,4032.0,1
2026-05-13,risk_aware_adjusted_ranking_v2,20000.0,512690,酒ETF,消费医药,sector,8200,0.482,0.462,3788.4,12
2026-05-13,risk_aware_adjusted_ranking_v2,20000.0,512800,银行ETF,金融地产,sector,5000,0.785,0.78,3900.0,3
2026-05-13,risk_aware_adjusted_ranking_v2,20000.0,515120,广发创新药ETF,医药与消费升级,theme,6400,0.618,0.622,3980.8,2
2026-05-14,risk_aware_adjusted_ranking_v2,20000.0,512690,酒ETF,消费医药,sector,8200,0.482,0.466,3821.2,13
2026-05-14,risk_aware_adjusted_ranking_v2,20000.0,512800,银行ETF,金融地产,sector,5000,0.785,0.784,3920.0,4
2026-05-14,risk_aware_adjusted_ranking_v2,20000.0,515120,广发创新药ETF,医药与消费升级,theme,6400,0.618,0.603,3859.2,3
2026-05-15,risk_aware_adjusted_ranking_v2,20000.0,512690,酒ETF,消费医药,sector,8200,0.482,0.455,3731.0,14
2026-05-15,risk_aware_adjusted_ranking_v2,20000.0,512800,银行ETF,金融地产,sector,5000,0.785,0.779,3895.0,5
2026-05-15,risk_aware_adjusted_ranking_v2,20000.0,515120,广发创新药ETF,医药与消费升级,theme,6400,0.618,0.598,3827.2,4
2026-05-18,risk_aware_adjusted_ranking_v2,20000.0,512690,酒ETF,消费医药,sector,8200,0.482,0.451,3698.2,15
2026-05-18,risk_aware_adjusted_ranking_v2,20000.0,512800,银行ETF,金融地产,sector,5000,0.785,0.771,3855.0,6
2026-05-18,risk_aware_adjusted_ranking_v2,20000.0,515120,广发创新药ETF,医药与消费升级,theme,6400,0.618,0.587,3756.8,5
2026-05-19,risk_aware_adjusted_ranking_v2,20000.0,512690,酒ETF,消费医药,sector,8200,0.482,0.452,3706.4,16
2026-05-19,risk_aware_adjusted_ranking_v2,20000.0,512800,银行ETF,金融地产,sector,5000,0.785,0.775,3875.0,7
2026-05-19,risk_aware_adjusted_ranking_v2,20000.0,515120,广发创新药ETF,医药与消费升级,theme,6400,0.618,0.589,3769.6,6
2026-05-20,risk_aware_adjusted_ranking_v2,20000.0,512690,酒ETF,消费医药,sector,8200,0.482,0.455,3731.0,17
2026-05-20,risk_aware_adjusted_ranking_v2,20000.0,512800,银行ETF,金融地产,sector,5000,0.785,0.768,3840.0,8
2026-05-20,risk_aware_adjusted_ranking_v2,20000.0,515120,广发创新药ETF,医药与消费升级,theme,6400,0.618,0.588,3763.2,7
2026-05-21,risk_aware_adjusted_ranking_v2,20000.0,512690,酒ETF,消费医药,sector,8200,0.482,0.454,3722.8,18
2026-05-21,risk_aware_adjusted_ranking_v2,20000.0,512800,银行ETF,金融地产,sector,5000,0.785,0.771,3855.0,9
2026-05-21,risk_aware_adjusted_ranking_v2,20000.0,515120,广发创新药ETF,医药与消费升级,theme,6400,0.618,0.594,3801.6,8
2026-05-22,risk_aware_adjusted_ranking_v2,20000.0,512690,酒ETF,消费医药,sector,8200,0.482,0.444,3640.8,19
2026-05-22,risk_aware_adjusted_ranking_v2,20000.0,512800,银行ETF,金融地产,sector,5000,0.785,0.769,3845.0,10
2026-05-22,risk_aware_adjusted_ranking_v2,20000.0,515120,广发创新药ETF,医药与消费升级,theme,6400,0.618,0.585,3744.0,9
2026-05-25,risk_aware_adjusted_ranking_v2,20000.0,512800,银行ETF,金融地产,sector,5000,0.785,0.767,3835.0,11
2026-05-25,risk_aware_adjusted_ranking_v2,20000.0,515120,广发创新药ETF,医药与消费升级,theme,6400,0.618,0.577,3692.8,10
2026-05-25,risk_aware_adjusted_ranking_v2,20000.0,512400,有色ETF,周期资源,commodity_resource,1900,2.009,2.025,3847.5,0
2026-05-26,risk_aware_adjusted_ranking_v2,20000.0,512800,银行ETF,金融地产,sector,5000,0.785,0.771,3855.0,12
2026-05-26,risk_aware_adjusted_ranking_v2,20000.0,515120,广发创新药ETF,医药与消费升级,theme,6400,0.618,0.576,3686.4,11
2026-05-26,risk_aware_adjusted_ranking_v2,20000.0,512400,有色ETF,周期资源,commodity_resource,1900,2.009,2.095,3980.5,0
2026-05-27,risk_aware_adjusted_ranking_v2,20000.0,512800,银行ETF,金融地产,sector,5000,0.785,0.767,3835.0,13
2026-05-27,risk_aware_adjusted_ranking_v2,20000.0,515120,广发创新药ETF,医药与消费升级,theme,6400,0.618,0.574,3673.6,12
2026-05-27,risk_aware_adjusted_ranking_v2,20000.0,512400,有色ETF,周期资源,commodity_resource,1900,2.009,2.013,3824.7,1
2026-05-28,risk_aware_adjusted_ranking_v2,20000.0,512800,银行ETF,金融地产,sector,5000,0.785,0.761,3805.0,14
2026-05-28,risk_aware_adjusted_ranking_v2,20000.0,515120,广发创新药ETF,医药与消费升级,theme,6400,0.618,0.561,3590.4,13
2026-05-28,risk_aware_adjusted_ranking_v2,20000.0,512400,有色ETF,周期资源,commodity_resource,1900,2.009,1.991,3782.9,2
2026-05-29,risk_aware_adjusted_ranking_v2,20000.0,512800,银行ETF,金融地产,sector,5000,0.785,0.776,3880.0,15
2026-05-29,risk_aware_adjusted_ranking_v2,20000.0,515120,广发创新药ETF,医药与消费升级,theme,6400,0.618,0.574,3673.6,14
2026-05-29,risk_aware_adjusted_ranking_v2,20000.0,512400,有色ETF,周期资源,commodity_resource,1900,2.009,1.965,3733.5,3
2026-06-01,risk_aware_adjusted_ranking_v2,20000.0,512800,银行ETF,金融地产,sector,5000,0.785,0.785,3925.0,16
2026-06-01,risk_aware_adjusted_ranking_v2,20000.0,515120,广发创新药ETF,医药与消费升级,theme,6400,0.618,0.568,3635.2,15
2026-06-01,risk_aware_adjusted_ranking_v2,20000.0,512400,有色ETF,周期资源,commodity_resource,1900,2.009,1.949,3703.1,4
2026-06-02,risk_aware_adjusted_ranking_v2,20000.0,512800,银行ETF,金融地产,sector,5000,0.785,0.79,3950.0,17
2026-06-02,risk_aware_adjusted_ranking_v2,20000.0,515120,广发创新药ETF,医药与消费升级,theme,6400,0.618,0.558,3571.2,16
2026-06-02,risk_aware_adjusted_ranking_v2,20000.0,512400,有色ETF,周期资源,commodity_resource,1900,2.009,2.015,3828.5,5
2026-06-03,risk_aware_adjusted_ranking_v2,20000.0,512800,银行ETF,金融地产,sector,5000,0.785,0.783,3915.0,18
2026-06-03,risk_aware_adjusted_ranking_v2,20000.0,515120,广发创新药ETF,医药与消费升级,theme,6400,0.618,0.548,3507.2,17
2026-06-03,risk_aware_adjusted_ranking_v2,20000.0,512400,有色ETF,周期资源,commodity_resource,1900,2.009,2.032,3860.8,6
2026-06-04,risk_aware_adjusted_ranking_v2,20000.0,512800,银行ETF,金融地产,sector,5000,0.785,0.774,3870.0,19
2026-06-04,risk_aware_adjusted_ranking_v2,20000.0,515120,广发创新药ETF,医药与消费升级,theme,6400,0.618,0.542,3468.8,18
2026-06-04,risk_aware_adjusted_ranking_v2,20000.0,512400,有色ETF,周期资源,commodity_resource,1900,2.009,1.97,3743.0,7
2026-06-05,risk_aware_adjusted_ranking_v2,20000.0,515120,广发创新药ETF,医药与消费升级,theme,6400,0.618,0.542,3468.8,19
2026-06-05,risk_aware_adjusted_ranking_v2,20000.0,512400,有色ETF,周期资源,commodity_resource,1900,2.009,1.926,3659.4,8
2026-06-05,risk_aware_adjusted_ranking_v2,20000.0,512660,军工ETF,新能源制造,commodity_resource,3200,1.25,1.274,4076.8,0
2026-06-08,risk_aware_adjusted_ranking_v2,20000.0,512400,有色ETF,周期资源,commodity_resource,1900,2.009,1.82,3458.0,9
2026-06-08,risk_aware_adjusted_ranking_v2,20000.0,512660,军工ETF,新能源制造,commodity_resource,3200,1.25,1.22,3904.0,0
2026-06-08,risk_aware_adjusted_ranking_v2,20000.0,512200,房地产ETF,金融地产,sector,3100,1.266,1.262,3912.2,0
2026-06-09,risk_aware_adjusted_ranking_v2,20000.0,512400,有色ETF,周期资源,commodity_resource,1900,2.009,1.869,3551.1,10
2026-06-09,risk_aware_adjusted_ranking_v2,20000.0,512660,军工ETF,新能源制造,commodity_resource,3200,1.25,1.235,3952.0,1
2026-06-09,risk_aware_adjusted_ranking_v2,20000.0,512200,房地产ETF,金融地产,sector,3100,1.266,1.263,3915.3,0
2026-06-10,risk_aware_adjusted_ranking_v2,20000.0,512400,有色ETF,周期资源,commodity_resource,1900,2.009,1.843,3501.7,11
2026-06-10,risk_aware_adjusted_ranking_v2,20000.0,512660,军工ETF,新能源制造,commodity_resource,3200,1.25,1.222,3910.4,2
2026-06-10,risk_aware_adjusted_ranking_v2,20000.0,512200,房地产ETF,金融地产,sector,3100,1.266,1.264,3918.4,1
2026-06-11,risk_aware_adjusted_ranking_v2,20000.0,512400,有色ETF,周期资源,commodity_resource,1900,2.009,1.88,3572.0,12
2026-06-11,risk_aware_adjusted_ranking_v2,20000.0,512660,军工ETF,新能源制造,commodity_resource,3200,1.25,1.219,3900.8,3
2026-06-11,risk_aware_adjusted_ranking_v2,20000.0,512200,房地产ETF,金融地产,sector,3100,1.266,1.26,3906.0,2
2026-06-12,risk_aware_adjusted_ranking_v2,20000.0,512400,有色ETF,周期资源,commodity_resource,1900,2.009,1.976,3754.4,13
2026-06-12,risk_aware_adjusted_ranking_v2,20000.0,512660,军工ETF,新能源制造,commodity_resource,3200,1.25,1.246,3987.2,4
2026-06-12,risk_aware_adjusted_ranking_v2,20000.0,512200,房地产ETF,金融地产,sector,3100,1.266,1.277,3958.7,3
2026-06-15,risk_aware_adjusted_ranking_v2,20000.0,512400,有色ETF,周期资源,commodity_resource,1900,2.009,2.063,3919.7,14
2026-06-15,risk_aware_adjusted_ranking_v2,20000.0,512660,军工ETF,新能源制造,commodity_resource,3200,1.25,1.266,4051.2,5
2026-06-15,risk_aware_adjusted_ranking_v2,20000.0,512200,房地产ETF,金融地产,sector,3100,1.266,1.285,3983.5,4
2026-06-16,risk_aware_adjusted_ranking_v2,20000.0,512400,有色ETF,周期资源,commodity_resource,1900,2.009,2.049,3893.1,15
2026-06-16,risk_aware_adjusted_ranking_v2,20000.0,512660,军工ETF,新能源制造,commodity_resource,3200,1.25,1.267,4054.4,6
2026-06-16,risk_aware_adjusted_ranking_v2,20000.0,512200,房地产ETF,金融地产,sector,3100,1.266,1.259,3902.9,5
2026-06-17,risk_aware_adjusted_ranking_v2,20000.0,512660,军工ETF,新能源制造,commodity_resource,3200,1.25,1.289,4124.8,7
2026-06-17,risk_aware_adjusted_ranking_v2,20000.0,512200,房地产ETF,金融地产,sector,3100,1.266,1.257,3896.7,6
2026-06-17,risk_aware_adjusted_ranking_v2,20000.0,512690,酒ETF,消费医药,sector,9700,0.412,0.413,4006.1,0
2025-06-04,top10_diversified_filter_v2,20000.0,512880,证券ETF,金融地产,high_beta,3700,1.066,1.065,3940.5,0
2025-06-04,top10_diversified_filter_v2,20000.0,512400,有色ETF,周期资源,commodity_resource,3700,1.061,1.06,3922.0,0
2025-06-05,top10_diversified_filter_v2,20000.0,512880,证券ETF,金融地产,high_beta,3700,1.066,1.075,3977.5,0
2025-06-05,top10_diversified_filter_v2,20000.0,512400,有色ETF,周期资源,commodity_resource,3700,1.061,1.056,3907.2,0
2025-06-05,top10_diversified_filter_v2,20000.0,512660,军工ETF,新能源制造,commodity_resource,3700,1.053,1.052,3892.4,0
2025-06-06,top10_diversified_filter_v2,20000.0,512880,证券ETF,金融地产,high_beta,3700,1.066,1.068,3951.6,1
2025-06-06,top10_diversified_filter_v2,20000.0,512400,有色ETF,周期资源,commodity_resource,3700,1.061,1.069,3955.3,1
2025-06-06,top10_diversified_filter_v2,20000.0,512660,军工ETF,新能源制造,commodity_resource,3700,1.053,1.047,3873.9,0
2025-06-09,top10_diversified_filter_v2,20000.0,512880,证券ETF,金融地产,high_beta,3700,1.066,1.084,4010.8,2
2025-06-09,top10_diversified_filter_v2,20000.0,512400,有色ETF,周期资源,commodity_resource,3700,1.061,1.072,3966.4,2
2025-06-09,top10_diversified_filter_v2,20000.0,512660,军工ETF,新能源制造,commodity_resource,3700,1.053,1.062,3929.4,1
2025-06-10,top10_diversified_filter_v2,20000.0,512880,证券ETF,金融地产,high_beta,3700,1.066,1.07,3959.0,3
2025-06-10,top10_diversified_filter_v2,20000.0,512400,有色ETF,周期资源,commodity_resource,3700,1.061,1.073,3970.1,3
2025-06-10,top10_diversified_filter_v2,20000.0,512660,军工ETF,新能源制造,commodity_resource,3700,1.053,1.045,3866.5,2
2025-06-11,top10_diversified_filter_v2,20000.0,512880,证券ETF,金融地产,high_beta,3700,1.066,1.089,4029.3,4
2025-06-11,top10_diversified_filter_v2,20000.0,512400,有色ETF,周期资源,commodity_resource,3700,1.061,1.094,4047.8,4
2025-06-11,top10_diversified_filter_v2,20000.0,512660,军工ETF,新能源制造,commodity_resource,3700,1.053,1.049,3881.3,3
2025-06-12,top10_diversified_filter_v2,20000.0,512880,证券ETF,金融地产,high_beta,3700,1.066,1.087,4021.9,5
2025-06-12,top10_diversified_filter_v2,20000.0,512400,有色ETF,周期资源,commodity_resource,3700,1.061,1.106,4092.2,5
2025-06-12,top10_diversified_filter_v2,20000.0,512660,军工ETF,新能源制造,commodity_resource,3700,1.053,1.041,3851.7,4
2025-06-13,top10_diversified_filter_v2,20000.0,512880,证券ETF,金融地产,high_beta,3700,1.066,1.076,3981.2,6
2025-06-13,top10_diversified_filter_v2,20000.0,512660,军工ETF,新能源制造,commodity_resource,3700,1.053,1.056,3907.2,5
2025-06-13,top10_diversified_filter_v2,20000.0,515080,中证红利ETF,防御风格,sector,2600,1.482324,1.480306,3848.7959,0
2025-06-16,top10_diversified_filter_v2,20000.0,512880,证券ETF,金融地产,high_beta,3700,1.066,1.092,4040.4,7
2025-06-16,top10_diversified_filter_v2,20000.0,512660,军工ETF,新能源制造,commodity_resource,3700,1.053,1.056,3907.2,6
2025-06-16,top10_diversified_filter_v2,20000.0,515080,中证红利ETF,防御风格,sector,2600,1.482324,1.481315,3851.4195,0
2025-06-17,top10_diversified_filter_v2,20000.0,512880,证券ETF,金融地产,high_beta,3700,1.066,1.095,4051.5,8
2025-06-17,top10_diversified_filter_v2,20000.0,512660,军工ETF,新能源制造,commodity_resource,3700,1.053,1.055,3903.5,7
2025-06-17,top10_diversified_filter_v2,20000.0,515080,中证红利ETF,防御风格,sector,2600,1.482324,1.482324,3854.0431,1
2025-06-18,top10_diversified_filter_v2,20000.0,512880,证券ETF,金融地产,high_beta,3700,1.066,1.082,4003.4,9
2025-06-18,top10_diversified_filter_v2,20000.0,512660,军工ETF,新能源制造,commodity_resource,3700,1.053,1.062,3929.4,8
2025-06-18,top10_diversified_filter_v2,20000.0,515080,中证红利ETF,防御风格,sector,2600,1.482324,1.483333,3856.6667,2
2025-06-19,top10_diversified_filter_v2,20000.0,512880,证券ETF,金融地产,high_beta,3700,1.066,1.061,3925.7,10
2025-06-19,top10_diversified_filter_v2,20000.0,512660,军工ETF,新能源制造,commodity_resource,3700,1.053,1.045,3866.5,9
2025-06-19,top10_diversified_filter_v2,20000.0,515080,中证红利ETF,防御风格,sector,2600,1.482324,1.472234,3827.8073,3
2025-06-20,top10_diversified_filter_v2,20000.0,512880,证券ETF,金融地产,high_beta,3700,1.066,1.059,3918.3,11
2025-06-20,top10_diversified_filter_v2,20000.0,512660,军工ETF,新能源制造,commodity_resource,3700,1.053,1.034,3825.8,10
2025-06-20,top10_diversified_filter_v2,20000.0,515080,中证红利ETF,防御风格,sector,2600,1.482324,1.478288,3843.5488,4
2025-06-23,top10_diversified_filter_v2,20000.0,512880,证券ETF,金融地产,high_beta,3700,1.066,1.072,3966.4,12
2025-06-23,top10_diversified_filter_v2,20000.0,512660,军工ETF,新能源制造,commodity_resource,3700,1.053,1.051,3888.7,11
2025-06-23,top10_diversified_filter_v2,20000.0,515080,中证红利ETF,防御风格,sector,2600,1.482324,1.484342,3859.2903,5
2025-06-24,top10_diversified_filter_v2,20000.0,512880,证券ETF,金融地产,high_beta,3700,1.066,1.099,4066.3,13
2025-06-24,top10_diversified_filter_v2,20000.0,512660,军工ETF,新能源制造,commodity_resource,3700,1.053,1.057,3910.9,12
2025-06-25,top10_diversified_filter_v2,20000.0,512880,证券ETF,金融地产,high_beta,3700,1.066,1.158,4284.6,14
2025-06-25,top10_diversified_filter_v2,20000.0,512660,军工ETF,新能源制造,commodity_resource,3700,1.053,1.091,4036.7,13
2025-06-26,top10_diversified_filter_v2,20000.0,512660,军工ETF,新能源制造,commodity_resource,3700,1.053,1.091,4036.7,14
2025-06-27,top10_diversified_filter_v2,20000.0,512660,军工ETF,新能源制造,commodity_resource,3700,1.053,1.099,4066.3,15
2025-06-27,top10_diversified_filter_v2,20000.0,588000,科创50ETF,宽基,broad_index,3800,1.043,1.041,3955.8,0
2025-06-27,top10_diversified_filter_v2,20000.0,512200,房地产ETF,金融地产,sector,2900,1.352,1.351,3917.9,0
2025-06-30,top10_diversified_filter_v2,20000.0,588000,科创50ETF,宽基,broad_index,3800,1.043,1.056,4012.8,0
2025-06-30,top10_diversified_filter_v2,20000.0,512200,房地产ETF,金融地产,sector,2900,1.352,1.359,3941.1,0
2025-06-30,top10_diversified_filter_v2,20000.0,562500,机器人ETF华夏,科技与新质生产力,theme,4700,0.851,0.851,3999.7,0
2025-07-01,top10_diversified_filter_v2,20000.0,588000,科创50ETF,宽基,broad_index,3800,1.043,1.048,3982.4,1
2025-07-01,top10_diversified_filter_v2,20000.0,512200,房地产ETF,金融地产,sector,2900,1.352,1.352,3920.8,1
2025-07-01,top10_diversified_filter_v2,20000.0,562500,机器人ETF华夏,科技与新质生产力,theme,4700,0.851,0.847,3980.9,0
2025-07-02,top10_diversified_filter_v2,20000.0,588000,科创50ETF,宽基,broad_index,3800,1.043,1.035,3933.0,2
2025-07-02,top10_diversified_filter_v2,20000.0,512200,房地产ETF,金融地产,sector,2900,1.352,1.36,3944.0,2
2025-07-02,top10_diversified_filter_v2,20000.0,562500,机器人ETF华夏,科技与新质生产力,theme,4700,0.851,0.836,3929.2,1
2025-07-03,top10_diversified_filter_v2,20000.0,588000,科创50ETF,宽基,broad_index,3800,1.043,1.036,3936.8,3
2025-07-03,top10_diversified_filter_v2,20000.0,512200,房地产ETF,金融地产,sector,2900,1.352,1.36,3944.0,3
2025-07-03,top10_diversified_filter_v2,20000.0,562500,机器人ETF华夏,科技与新质生产力,theme,4700,0.851,0.84,3948.0,2
2025-07-04,top10_diversified_filter_v2,20000.0,588000,科创50ETF,宽基,broad_index,3800,1.043,1.035,3933.0,4
2025-07-04,top10_diversified_filter_v2,20000.0,512200,房地产ETF,金融地产,sector,2900,1.352,1.353,3923.7,4
2025-07-04,top10_diversified_filter_v2,20000.0,562500,机器人ETF华夏,科技与新质生产力,theme,4700,0.851,0.831,3905.7,3
2025-07-07,top10_diversified_filter_v2,20000.0,588000,科创50ETF,宽基,broad_index,3800,1.043,1.029,3910.2,5
2025-07-07,top10_diversified_filter_v2,20000.0,512200,房地产ETF,金融地产,sector,2900,1.352,1.375,3987.5,5
2025-07-07,top10_diversified_filter_v2,20000.0,562500,机器人ETF华夏,科技与新质生产力,theme,4700,0.851,0.822,3863.4,4
2025-07-08,top10_diversified_filter_v2,20000.0,588000,科创50ETF,宽基,broad_index,3800,1.043,1.044,3967.2,6
2025-07-08,top10_diversified_filter_v2,20000.0,512200,房地产ETF,金融地产,sector,2900,1.352,1.39,4031.0,6
2025-07-08,top10_diversified_filter_v2,20000.0,562500,机器人ETF华夏,科技与新质生产力,theme,4700,0.851,0.835,3924.5,5
2025-07-09,top10_diversified_filter_v2,20000.0,588000,科创50ETF,宽基,broad_index,3800,1.043,1.036,3936.8,7
2025-07-09,top10_diversified_filter_v2,20000.0,512200,房地产ETF,金融地产,sector,2900,1.352,1.387,4022.3,7
2025-07-09,top10_diversified_filter_v2,20000.0,562500,机器人ETF华夏,科技与新质生产力,theme,4700,0.851,0.832,3910.4,6
2025-07-10,top10_diversified_filter_v2,20000.0,588000,科创50ETF,宽基,broad_index,3800,1.043,1.033,3925.4,8
2025-07-10,top10_diversified_filter_v2,20000.0,512200,房地产ETF,金融地产,sector,2900,1.352,1.435,4161.5,8
2025-07-10,top10_diversified_filter_v2,20000.0,562500,机器人ETF华夏,科技与新质生产力,theme,4700,0.851,0.829,3896.3,7
2025-07-11,top10_diversified_filter_v2,20000.0,588000,科创50ETF,宽基,broad_index,3800,1.043,1.047,3978.6,9
2025-07-11,top10_diversified_filter_v2,20000.0,512200,房地产ETF,金融地产,sector,2900,1.352,1.446,4193.4,9
2025-07-11,top10_diversified_filter_v2,20000.0,562500,机器人ETF华夏,科技与新质生产力,theme,4700,0.851,0.842,3957.4,8
2025-07-14,top10_diversified_filter_v2,20000.0,588000,科创50ETF,宽基,broad_index,3800,1.043,1.046,3974.8,10
2025-07-14,top10_diversified_filter_v2,20000.0,512200,房地产ETF,金融地产,sector,2900,1.352,1.422,4123.8,10
2025-07-14,top10_diversified_filter_v2,20000.0,562500,机器人ETF华夏,科技与新质生产力,theme,4700,0.851,0.857,4027.9,9
2025-07-15,top10_diversified_filter_v2,20000.0,588000,科创50ETF,宽基,broad_index,3800,1.043,1.048,3982.4,11
2025-07-15,top10_diversified_filter_v2,20000.0,512200,房地产ETF,金融地产,sector,2900,1.352,1.407,4080.3,11
2025-07-15,top10_diversified_filter_v2,20000.0,562500,机器人ETF华夏,科技与新质生产力,theme,4700,0.851,0.86,4042.0,10
2025-07-16,top10_diversified_filter_v2,20000.0,588000,科创50ETF,宽基,broad_index,3800,1.043,1.049,3986.2,12
2025-07-16,top10_diversified_filter_v2,20000.0,512200,房地产ETF,金融地产,sector,2900,1.352,1.4,4060.0,12
2025-07-16,top10_diversified_filter_v2,20000.0,562500,机器人ETF华夏,科技与新质生产力,theme,4700,0.851,0.865,4065.5,11
2025-07-17,top10_diversified_filter_v2,20000.0,588000,科创50ETF,宽基,broad_index,3800,1.043,1.057,4016.6,13
2025-07-17,top10_diversified_filter_v2,20000.0,512200,房地产ETF,金融地产,sector,2900,1.352,1.4,4060.0,13
2025-07-17,top10_diversified_filter_v2,20000.0,562500,机器人ETF华夏,科技与新质生产力,theme,4700,0.851,0.877,4121.9,12
2025-07-18,top10_diversified_filter_v2,20000.0,588000,科创50ETF,宽基,broad_index,3800,1.043,1.06,4028.0,14
2025-07-18,top10_diversified_filter_v2,20000.0,512200,房地产ETF,金融地产,sector,2900,1.352,1.409,4086.1,14
2025-07-18,top10_diversified_filter_v2,20000.0,562500,机器人ETF华夏,科技与新质生产力,theme,4700,0.851,0.877,4121.9,13
2025-07-21,top10_diversified_filter_v2,20000.0,588000,科创50ETF,宽基,broad_index,3800,1.043,1.061,4031.8,15
2025-07-21,top10_diversified_filter_v2,20000.0,512200,房地产ETF,金融地产,sector,2900,1.352,1.422,4123.8,15
2025-07-21,top10_diversified_filter_v2,20000.0,562500,机器人ETF华夏,科技与新质生产力,theme,4700,0.851,0.888,4173.6,14
2025-07-22,top10_diversified_filter_v2,20000.0,588000,科创50ETF,宽基,broad_index,3800,1.043,1.069,4062.2,16
2025-07-22,top10_diversified_filter_v2,20000.0,512200,房地产ETF,金融地产,sector,2900,1.352,1.442,4181.8,16
2025-07-22,top10_diversified_filter_v2,20000.0,562500,机器人ETF华夏,科技与新质生产力,theme,4700,0.851,0.883,4150.1,15
2025-07-23,top10_diversified_filter_v2,20000.0,588000,科创50ETF,宽基,broad_index,3800,1.043,1.074,4081.2,17
2025-07-23,top10_diversified_filter_v2,20000.0,512200,房地产ETF,金融地产,sector,2900,1.352,1.428,4141.2,17
2025-07-23,top10_diversified_filter_v2,20000.0,562500,机器人ETF华夏,科技与新质生产力,theme,4700,0.851,0.877,4121.9,16
2025-07-24,top10_diversified_filter_v2,20000.0,588000,科创50ETF,宽基,broad_index,3800,1.043,1.086,4126.8,18
2025-07-24,top10_diversified_filter_v2,20000.0,512200,房地产ETF,金融地产,sector,2900,1.352,1.46,4234.0,18
2025-07-24,top10_diversified_filter_v2,20000.0,562500,机器人ETF华夏,科技与新质生产力,theme,4700,0.851,0.89,4183.0,17
2025-07-25,top10_diversified_filter_v2,20000.0,588000,科创50ETF,宽基,broad_index,3800,1.043,1.109,4214.2,19
2025-07-25,top10_diversified_filter_v2,20000.0,512200,房地产ETF,金融地产,sector,2900,1.352,1.467,4254.3,19
2025-07-25,top10_diversified_filter_v2,20000.0,562500,机器人ETF华夏,科技与新质生产力,theme,4700,0.851,0.899,4225.3,18
2025-07-28,top10_diversified_filter_v2,20000.0,562500,机器人ETF华夏,科技与新质生产力,theme,4700,0.851,0.9,4230.0,19
2025-07-28,top10_diversified_filter_v2,20000.0,512690,酒ETF,消费医药,sector,6900,0.577,0.578,3988.2,0
2025-07-28,top10_diversified_filter_v2,20000.0,510230,金融ETF,金融地产,sector,2800,1.42,1.419,3973.2,0
2025-07-29,top10_diversified_filter_v2,20000.0,512690,酒ETF,消费医药,sector,6900,0.577,0.577,3981.3,0
2025-07-29,top10_diversified_filter_v2,20000.0,510230,金融ETF,金融地产,sector,2800,1.42,1.407,3939.6,0
2025-07-29,top10_diversified_filter_v2,20000.0,515080,中证红利ETF,防御风格,sector,2500,1.552959,1.553968,3884.9206,0
2025-07-30,top10_diversified_filter_v2,20000.0,512690,酒ETF,消费医药,sector,6900,0.577,0.581,4008.9,1
2025-07-30,top10_diversified_filter_v2,20000.0,510230,金融ETF,金融地产,sector,2800,1.42,1.415,3962.0,1
2025-07-30,top10_diversified_filter_v2,20000.0,515080,中证红利ETF,防御风格,sector,2500,1.552959,1.555986,3889.966,0
2025-07-31,top10_diversified_filter_v2,20000.0,512690,酒ETF,消费医药,sector,6900,0.577,0.568,3919.2,2
2025-07-31,top10_diversified_filter_v2,20000.0,510230,金融ETF,金融地产,sector,2800,1.42,1.396,3908.8,2
2025-07-31,top10_diversified_filter_v2,20000.0,515080,中证红利ETF,防御风格,sector,2500,1.552959,1.53076,3826.8991,1
2025-08-01,top10_diversified_filter_v2,20000.0,512690,酒ETF,消费医药,sector,6900,0.577,0.567,3912.3,3
2025-08-01,top10_diversified_filter_v2,20000.0,510230,金融ETF,金融地产,sector,2800,1.42,1.39,3892.0,3
2025-08-01,top10_diversified_filter_v2,20000.0,515080,中证红利ETF,防御风格,sector,2500,1.552959,1.529751,3824.3764,2
2025-08-04,top10_diversified_filter_v2,20000.0,512690,酒ETF,消费医药,sector,6900,0.577,0.567,3912.3,4
2025-08-04,top10_diversified_filter_v2,20000.0,510230,金融ETF,金融地产,sector,2800,1.42,1.399,3917.2,4
2025-08-04,top10_diversified_filter_v2,20000.0,515080,中证红利ETF,防御风格,sector,2500,1.552959,1.536814,3842.0352,3
2025-08-05,top10_diversified_filter_v2,20000.0,512690,酒ETF,消费医药,sector,6900,0.577,0.574,3960.6,5
2025-08-05,top10_diversified_filter_v2,20000.0,510230,金融ETF,金融地产,sector,2800,1.42,1.42,3976.0,5
2025-08-05,top10_diversified_filter_v2,20000.0,515080,中证红利ETF,防御风格,sector,2500,1.552959,1.55195,3879.8753,4
2025-08-06,top10_diversified_filter_v2,20000.0,512690,酒ETF,消费医药,sector,6900,0.577,0.575,3967.5,6
2025-08-06,top10_diversified_filter_v2,20000.0,510230,金融ETF,金融地产,sector,2800,1.42,1.419,3973.2,6
2025-08-06,top10_diversified_filter_v2,20000.0,515080,中证红利ETF,防御风格,sector,2500,1.552959,1.562041,3905.102,5
2025-08-07,top10_diversified_filter_v2,20000.0,512690,酒ETF,消费医药,sector,6900,0.577,0.576,3974.4,7
2025-08-07,top10_diversified_filter_v2,20000.0,510230,金融ETF,金融地产,sector,2800,1.42,1.423,3984.4,7
2025-08-07,top10_diversified_filter_v2,20000.0,515080,中证红利ETF,防御风格,sector,2500,1.552959,1.564059,3910.1474,6
2025-08-08,top10_diversified_filter_v2,20000.0,512690,酒ETF,消费医药,sector,6900,0.577,0.573,3953.7,8
2025-08-08,top10_diversified_filter_v2,20000.0,510230,金融ETF,金融地产,sector,2800,1.42,1.414,3959.2,8
2025-08-08,top10_diversified_filter_v2,20000.0,515080,中证红利ETF,防御风格,sector,2500,1.552959,1.566077,3915.1927,7
2025-08-11,top10_diversified_filter_v2,20000.0,512690,酒ETF,消费医药,sector,6900,0.577,0.584,4029.6,9
2025-08-11,top10_diversified_filter_v2,20000.0,510230,金融ETF,金融地产,sector,2800,1.42,1.409,3945.2,9
2025-08-11,top10_diversified_filter_v2,20000.0,515080,中证红利ETF,防御风格,sector,2500,1.552959,1.561032,3902.5794,8
2025-08-12,top10_diversified_filter_v2,20000.0,512690,酒ETF,消费医药,sector,6900,0.577,0.582,4015.8,10
2025-08-12,top10_diversified_filter_v2,20000.0,510230,金融ETF,金融地产,sector,2800,1.42,1.415,3962.0,10
2025-08-12,top10_diversified_filter_v2,20000.0,515080,中证红利ETF,防御风格,sector,2500,1.552959,1.568095,3920.2381,9
2025-08-13,top10_diversified_filter_v2,20000.0,512690,酒ETF,消费医药,sector,6900,0.577,0.582,4015.8,11
2025-08-13,top10_diversified_filter_v2,20000.0,510230,金融ETF,金融地产,sector,2800,1.42,1.41,3948.0,11
2025-08-13,top10_diversified_filter_v2,20000.0,515080,中证红利ETF,防御风格,sector,2500,1.552959,1.561032,3902.5794,10
2025-08-14,top10_diversified_filter_v2,20000.0,512690,酒ETF,消费医药,sector,6900,0.577,0.58,4002.0,12
2025-08-14,top10_diversified_filter_v2,20000.0,510230,金融ETF,金融地产,sector,2800,1.42,1.418,3970.4,12
2025-08-14,top10_diversified_filter_v2,20000.0,515080,中证红利ETF,防御风格,sector,2500,1.552959,1.545896,3864.7392,11
2025-08-15,top10_diversified_filter_v2,20000.0,512690,酒ETF,消费医药,sector,6900,0.577,0.581,4008.9,13
2025-08-15,top10_diversified_filter_v2,20000.0,510230,金融ETF,金融地产,sector,2800,1.42,1.415,3962.0,13
2025-08-15,top10_diversified_filter_v2,20000.0,515080,中证红利ETF,防御风格,sector,2500,1.552959,1.55195,3879.8753,12
2025-08-18,top10_diversified_filter_v2,20000.0,512690,酒ETF,消费医药,sector,6900,0.577,0.585,4036.5,14
2025-08-18,top10_diversified_filter_v2,20000.0,510230,金融ETF,金融地产,sector,2800,1.42,1.419,3973.2,14
2025-08-18,top10_diversified_filter_v2,20000.0,515080,中证红利ETF,防御风格,sector,2500,1.552959,1.547914,3869.7846,13
2025-08-19,top10_diversified_filter_v2,20000.0,512690,酒ETF,消费医药,sector,6900,0.577,0.594,4098.6,15
2025-08-19,top10_diversified_filter_v2,20000.0,510230,金融ETF,金融地产,sector,2800,1.42,1.41,3948.0,15
2025-08-19,top10_diversified_filter_v2,20000.0,515080,中证红利ETF,防御风格,sector,2500,1.552959,1.546905,3867.2619,14
2025-08-20,top10_diversified_filter_v2,20000.0,512690,酒ETF,消费医药,sector,6900,0.577,0.609,4202.1,16
2025-08-20,top10_diversified_filter_v2,20000.0,510230,金融ETF,金融地产,sector,2800,1.42,1.422,3981.6,16
2025-08-20,top10_diversified_filter_v2,20000.0,515080,中证红利ETF,防御风格,sector,2500,1.552959,1.555986,3889.966,15
2025-08-21,top10_diversified_filter_v2,20000.0,512690,酒ETF,消费医药,sector,6900,0.577,0.603,4160.7,17
2025-08-21,top10_diversified_filter_v2,20000.0,510230,金融ETF,金融地产,sector,2800,1.42,1.426,3992.8,17
2025-08-21,top10_diversified_filter_v2,20000.0,515080,中证红利ETF,防御风格,sector,2500,1.552959,1.565068,3912.6701,16
2025-08-22,top10_diversified_filter_v2,20000.0,512690,酒ETF,消费医药,sector,6900,0.577,0.609,4202.1,18
2025-08-22,top10_diversified_filter_v2,20000.0,510230,金融ETF,金融地产,sector,2800,1.42,1.439,4029.2,18
2025-08-22,top10_diversified_filter_v2,20000.0,515080,中证红利ETF,防御风格,sector,2500,1.552959,1.562041,3905.102,17
2025-08-25,top10_diversified_filter_v2,20000.0,512690,酒ETF,消费医药,sector,6900,0.577,0.632,4360.8,19
2025-08-25,top10_diversified_filter_v2,20000.0,510230,金融ETF,金融地产,sector,2800,1.42,1.449,4057.2,19
2025-08-25,top10_diversified_filter_v2,20000.0,515080,中证红利ETF,防御风格,sector,2500,1.552959,1.573141,3932.8515,18
2025-08-26,top10_diversified_filter_v2,20000.0,515080,中证红利ETF,防御风格,sector,2500,1.552959,1.572132,3930.3288,19
2025-08-26,top10_diversified_filter_v2,20000.0,159930,能源ETF,周期资源,commodity_resource,2900,1.365,1.371,3975.9,0
2025-08-26,top10_diversified_filter_v2,20000.0,515120,广发创新药ETF,医药与消费升级,theme,5500,0.715,0.714,3927.0,0
2025-08-27,top10_diversified_filter_v2,20000.0,159930,能源ETF,周期资源,commodity_resource,2900,1.365,1.344,3897.6,0
2025-08-27,top10_diversified_filter_v2,20000.0,515120,广发创新药ETF,医药与消费升级,theme,5500,0.715,0.698,3839.0,0
2025-08-27,top10_diversified_filter_v2,20000.0,512010,医药ETF,消费医药,sector,9500,0.419,0.42,3990.0,0
2025-08-28,top10_diversified_filter_v2,20000.0,159930,能源ETF,周期资源,commodity_resource,2900,1.365,1.345,3900.5,1
2025-08-28,top10_diversified_filter_v2,20000.0,515120,广发创新药ETF,医药与消费升级,theme,5500,0.715,0.696,3828.0,1
2025-08-28,top10_diversified_filter_v2,20000.0,512010,医药ETF,消费医药,sector,9500,0.419,0.419,3980.5,0
2025-08-29,top10_diversified_filter_v2,20000.0,159930,能源ETF,周期资源,commodity_resource,2900,1.365,1.331,3859.9,2
2025-08-29,top10_diversified_filter_v2,20000.0,515120,广发创新药ETF,医药与消费升级,theme,5500,0.715,0.714,3927.0,2
2025-08-29,top10_diversified_filter_v2,20000.0,512010,医药ETF,消费医药,sector,9500,0.419,0.431,4094.5,1
2025-09-01,top10_diversified_filter_v2,20000.0,159930,能源ETF,周期资源,commodity_resource,2900,1.365,1.338,3880.2,3
2025-09-01,top10_diversified_filter_v2,20000.0,515120,广发创新药ETF,医药与消费升级,theme,5500,0.715,0.75,4125.0,3
2025-09-01,top10_diversified_filter_v2,20000.0,512010,医药ETF,消费医药,sector,9500,0.419,0.446,4237.0,2
2025-09-02,top10_diversified_filter_v2,20000.0,159930,能源ETF,周期资源,commodity_resource,2900,1.365,1.341,3888.9,4
2025-09-02,top10_diversified_filter_v2,20000.0,515120,广发创新药ETF,医药与消费升级,theme,5500,0.715,0.749,4119.5,4
2025-09-02,top10_diversified_filter_v2,20000.0,512010,医药ETF,消费医药,sector,9500,0.419,0.448,4256.0,3
2025-09-03,top10_diversified_filter_v2,20000.0,159930,能源ETF,周期资源,commodity_resource,2900,1.365,1.328,3851.2,5
2025-09-03,top10_diversified_filter_v2,20000.0,515120,广发创新药ETF,医药与消费升级,theme,5500,0.715,0.753,4141.5,5
2025-09-03,top10_diversified_filter_v2,20000.0,512010,医药ETF,消费医药,sector,9500,0.419,0.447,4246.5,4
2025-09-04,top10_diversified_filter_v2,20000.0,159930,能源ETF,周期资源,commodity_resource,2900,1.365,1.324,3839.6,6
2025-09-04,top10_diversified_filter_v2,20000.0,515120,广发创新药ETF,医药与消费升级,theme,5500,0.715,0.72,3960.0,6
2025-09-04,top10_diversified_filter_v2,20000.0,512010,医药ETF,消费医药,sector,9500,0.419,0.431,4094.5,5
2025-09-05,top10_diversified_filter_v2,20000.0,159930,能源ETF,周期资源,commodity_resource,2900,1.365,1.329,3854.1,7
2025-09-05,top10_diversified_filter_v2,20000.0,515120,广发创新药ETF,医药与消费升级,theme,5500,0.715,0.751,4130.5,7
2025-09-05,top10_diversified_filter_v2,20000.0,512010,医药ETF,消费医药,sector,9500,0.419,0.446,4237.0,6
2025-09-08,top10_diversified_filter_v2,20000.0,159930,能源ETF,周期资源,commodity_resource,2900,1.365,1.335,3871.5,8
2025-09-08,top10_diversified_filter_v2,20000.0,515120,广发创新药ETF,医药与消费升级,theme,5500,0.715,0.758,4169.0,8
2025-09-08,top10_diversified_filter_v2,20000.0,512010,医药ETF,消费医药,sector,9500,0.419,0.456,4332.0,7
2025-09-09,top10_diversified_filter_v2,20000.0,159930,能源ETF,周期资源,commodity_resource,2900,1.365,1.331,3859.9,9
2025-09-09,top10_diversified_filter_v2,20000.0,515120,广发创新药ETF,医药与消费升级,theme,5500,0.715,0.742,4081.0,9
2025-09-10,top10_diversified_filter_v2,20000.0,159930,能源ETF,周期资源,commodity_resource,2900,1.365,1.324,3839.6,10
2025-09-10,top10_diversified_filter_v2,20000.0,515120,广发创新药ETF,医药与消费升级,theme,5500,0.715,0.737,4053.5,10
2025-09-10,top10_diversified_filter_v2,20000.0,512170,医疗ETF,消费医药,sector,10300,0.386,0.392,4037.6,0
2025-09-11,top10_diversified_filter_v2,20000.0,159930,能源ETF,周期资源,commodity_resource,2900,1.365,1.328,3851.2,11
2025-09-11,top10_diversified_filter_v2,20000.0,515120,广发创新药ETF,医药与消费升级,theme,5500,0.715,0.734,4037.0,11
2025-09-11,top10_diversified_filter_v2,20000.0,512170,医疗ETF,消费医药,sector,10300,0.386,0.395,4068.5,0
2025-09-12,top10_diversified_filter_v2,20000.0,159930,能源ETF,周期资源,commodity_resource,2900,1.365,1.327,3848.3,12
2025-09-12,top10_diversified_filter_v2,20000.0,515120,广发创新药ETF,医药与消费升级,theme,5500,0.715,0.738,4059.0,12
2025-09-12,top10_diversified_filter_v2,20000.0,512170,医疗ETF,消费医药,sector,10300,0.386,0.393,4047.9,1
2025-09-15,top10_diversified_filter_v2,20000.0,159930,能源ETF,周期资源,commodity_resource,2900,1.365,1.338,3880.2,13
2025-09-15,top10_diversified_filter_v2,20000.0,515120,广发创新药ETF,医药与消费升级,theme,5500,0.715,0.739,4064.5,13
2025-09-15,top10_diversified_filter_v2,20000.0,512170,医疗ETF,消费医药,sector,10300,0.386,0.395,4068.5,2
2025-09-16,top10_diversified_filter_v2,20000.0,159930,能源ETF,周期资源,commodity_resource,2900,1.365,1.335,3871.5,14
2025-09-16,top10_diversified_filter_v2,20000.0,515120,广发创新药ETF,医药与消费升级,theme,5500,0.715,0.735,4042.5,14
2025-09-16,top10_diversified_filter_v2,20000.0,512170,医疗ETF,消费医药,sector,10300,0.386,0.397,4089.1,3
2025-09-17,top10_diversified_filter_v2,20000.0,159930,能源ETF,周期资源,commodity_resource,2900,1.365,1.356,3932.4,15
2025-09-17,top10_diversified_filter_v2,20000.0,515120,广发创新药ETF,医药与消费升级,theme,5500,0.715,0.736,4048.0,15
2025-09-17,top10_diversified_filter_v2,20000.0,512170,医疗ETF,消费医药,sector,10300,0.386,0.397,4089.1,4
2025-09-18,top10_diversified_filter_v2,20000.0,159930,能源ETF,周期资源,commodity_resource,2900,1.365,1.321,3830.9,16
2025-09-18,top10_diversified_filter_v2,20000.0,515120,广发创新药ETF,医药与消费升级,theme,5500,0.715,0.74,4070.0,16
2025-09-18,top10_diversified_filter_v2,20000.0,512170,医疗ETF,消费医药,sector,10300,0.386,0.392,4037.6,5
2025-09-19,top10_diversified_filter_v2,20000.0,159930,能源ETF,周期资源,commodity_resource,2900,1.365,1.35,3915.0,17
2025-09-19,top10_diversified_filter_v2,20000.0,515120,广发创新药ETF,医药与消费升级,theme,5500,0.715,0.724,3982.0,17
2025-09-19,top10_diversified_filter_v2,20000.0,512170,医疗ETF,消费医药,sector,10300,0.386,0.388,3996.4,6
2025-09-22,top10_diversified_filter_v2,20000.0,159930,能源ETF,周期资源,commodity_resource,2900,1.365,1.334,3868.6,18
2025-09-22,top10_diversified_filter_v2,20000.0,515120,广发创新药ETF,医药与消费升级,theme,5500,0.715,0.725,3987.5,18
2025-09-22,top10_diversified_filter_v2,20000.0,512170,医疗ETF,消费医药,sector,10300,0.386,0.386,3975.8,7
2025-09-23,top10_diversified_filter_v2,20000.0,159930,能源ETF,周期资源,commodity_resource,2900,1.365,1.344,3897.6,19
2025-09-23,top10_diversified_filter_v2,20000.0,515120,广发创新药ETF,医药与消费升级,theme,5500,0.715,0.709,3899.5,19
2025-09-23,top10_diversified_filter_v2,20000.0,512170,医疗ETF,消费医药,sector,10300,0.386,0.379,3903.7,8
2025-09-24,top10_diversified_filter_v2,20000.0,512170,医疗ETF,消费医药,sector,10300,0.386,0.385,3965.5,9
2025-09-25,top10_diversified_filter_v2,20000.0,512170,医疗ETF,消费医药,sector,10300,0.386,0.388,3996.4,10
2025-09-26,top10_diversified_filter_v2,20000.0,512170,医疗ETF,消费医药,sector,10300,0.386,0.382,3934.6,11
2025-09-29,top10_diversified_filter_v2,20000.0,512170,医疗ETF,消费医药,sector,10300,0.386,0.384,3955.2,12
2025-09-30,top10_diversified_filter_v2,20000.0,512170,医疗ETF,消费医药,sector,10300,0.386,0.392,4037.6,13
2025-09-30,top10_diversified_filter_v2,20000.0,512010,医药ETF,消费医药,sector,8900,0.446,0.446,3969.4,0
2025-10-09,top10_diversified_filter_v2,20000.0,512170,医疗ETF,消费医药,sector,10300,0.386,0.394,4058.2,14
2025-10-09,top10_diversified_filter_v2,20000.0,512010,医药ETF,消费医药,sector,8900,0.446,0.448,3987.2,0
2025-10-09,top10_diversified_filter_v2,20000.0,159930,能源ETF,周期资源,commodity_resource,2900,1.357,1.355,3929.5,0
2025-10-10,top10_diversified_filter_v2,20000.0,512170,医疗ETF,消费医药,sector,10300,0.386,0.386,3975.8,15
2025-10-10,top10_diversified_filter_v2,20000.0,512010,医药ETF,消费医药,sector,8900,0.446,0.437,3889.3,1
2025-10-10,top10_diversified_filter_v2,20000.0,159930,能源ETF,周期资源,commodity_resource,2900,1.357,1.364,3955.6,0
2025-10-13,top10_diversified_filter_v2,20000.0,512170,医疗ETF,消费医药,sector,10300,0.386,0.378,3893.4,16
2025-10-13,top10_diversified_filter_v2,20000.0,512010,医药ETF,消费医药,sector,8900,0.446,0.426,3791.4,2
2025-10-13,top10_diversified_filter_v2,20000.0,159930,能源ETF,周期资源,commodity_resource,2900,1.357,1.359,3941.1,1
2025-10-14,top10_diversified_filter_v2,20000.0,512170,医疗ETF,消费医药,sector,10300,0.386,0.373,3841.9,17
2025-10-14,top10_diversified_filter_v2,20000.0,512010,医药ETF,消费医药,sector,8900,0.446,0.416,3702.4,3
2025-10-14,top10_diversified_filter_v2,20000.0,159930,能源ETF,周期资源,commodity_resource,2900,1.357,1.383,4010.7,2
2025-10-15,top10_diversified_filter_v2,20000.0,512170,医疗ETF,消费医药,sector,10300,0.386,0.378,3893.4,18
2025-10-15,top10_diversified_filter_v2,20000.0,512010,医药ETF,消费医药,sector,8900,0.446,0.422,3755.8,4
2025-10-15,top10_diversified_filter_v2,20000.0,159930,能源ETF,周期资源,commodity_resource,2900,1.357,1.384,4013.6,3
2025-10-16,top10_diversified_filter_v2,20000.0,512170,医疗ETF,消费医药,sector,10300,0.386,0.377,3883.1,19
2025-10-16,top10_diversified_filter_v2,20000.0,512010,医药ETF,消费医药,sector,8900,0.446,0.424,3773.6,5
2025-10-16,top10_diversified_filter_v2,20000.0,159930,能源ETF,周期资源,commodity_resource,2900,1.357,1.413,4097.7,4
2025-10-17,top10_diversified_filter_v2,20000.0,512010,医药ETF,消费医药,sector,8900,0.446,0.415,3693.5,6
2025-10-17,top10_diversified_filter_v2,20000.0,159930,能源ETF,周期资源,commodity_resource,2900,1.357,1.392,4036.8,5
2025-10-20,top10_diversified_filter_v2,20000.0,512010,医药ETF,消费医药,sector,8900,0.446,0.414,3684.6,7
2025-10-20,top10_diversified_filter_v2,20000.0,159930,能源ETF,周期资源,commodity_resource,2900,1.357,1.437,4167.3,6
2025-10-21,top10_diversified_filter_v2,20000.0,512010,医药ETF,消费医药,sector,8900,0.446,0.419,3729.1,8
2025-10-21,top10_diversified_filter_v2,20000.0,159930,能源ETF,周期资源,commodity_resource,2900,1.357,1.429,4144.1,7
2025-10-22,top10_diversified_filter_v2,20000.0,512010,医药ETF,消费医药,sector,8900,0.446,0.416,3702.4,9
2025-10-22,top10_diversified_filter_v2,20000.0,159930,能源ETF,周期资源,commodity_resource,2900,1.357,1.427,4138.3,8
2025-10-23,top10_diversified_filter_v2,20000.0,512010,医药ETF,消费医药,sector,8900,0.446,0.416,3702.4,10
2025-10-23,top10_diversified_filter_v2,20000.0,159930,能源ETF,周期资源,commodity_resource,2900,1.357,1.45,4205.0,9
2025-10-24,top10_diversified_filter_v2,20000.0,512010,医药ETF,消费医药,sector,8900,0.446,0.417,3711.3,11
2025-10-24,top10_diversified_filter_v2,20000.0,159930,能源ETF,周期资源,commodity_resource,2900,1.357,1.44,4176.0,10
2025-10-27,top10_diversified_filter_v2,20000.0,512010,医药ETF,消费医药,sector,8900,0.446,0.423,3764.7,12
2025-10-27,top10_diversified_filter_v2,20000.0,159905,深红利ETF,防御风格,sector,2200,1.797,1.797,3953.4,0
2025-10-28,top10_diversified_filter_v2,20000.0,512010,医药ETF,消费医药,sector,8900,0.446,0.416,3702.4,13
2025-10-28,top10_diversified_filter_v2,20000.0,159905,深红利ETF,防御风格,sector,2200,1.797,1.776,3907.2,0
2025-10-29,top10_diversified_filter_v2,20000.0,512010,医药ETF,消费医药,sector,8900,0.446,0.42,3738.0,14
2025-10-29,top10_diversified_filter_v2,20000.0,159905,深红利ETF,防御风格,sector,2200,1.797,1.79,3938.0,1
2025-10-30,top10_diversified_filter_v2,20000.0,512010,医药ETF,消费医药,sector,8900,0.446,0.409,3640.1,15
2025-10-30,top10_diversified_filter_v2,20000.0,159905,深红利ETF,防御风格,sector,2200,1.797,1.789,3935.8,2
2025-10-30,top10_diversified_filter_v2,20000.0,512660,军工ETF,新能源制造,commodity_resource,3200,1.217,1.219,3900.8,0
2025-10-31,top10_diversified_filter_v2,20000.0,512010,医药ETF,消费医药,sector,8900,0.446,0.413,3675.7,16
2025-10-31,top10_diversified_filter_v2,20000.0,159905,深红利ETF,防御风格,sector,2200,1.797,1.795,3949.0,3
2025-10-31,top10_diversified_filter_v2,20000.0,512660,军工ETF,新能源制造,commodity_resource,3200,1.217,1.204,3852.8,0
2025-11-03,top10_diversified_filter_v2,20000.0,512010,医药ETF,消费医药,sector,8900,0.446,0.409,3640.1,17
2025-11-03,top10_diversified_filter_v2,20000.0,159905,深红利ETF,防御风格,sector,2200,1.797,1.789,3935.8,4
2025-11-03,top10_diversified_filter_v2,20000.0,512660,军工ETF,新能源制造,commodity_resource,3200,1.217,1.212,3878.4,1
2025-11-04,top10_diversified_filter_v2,20000.0,512010,医药ETF,消费医药,sector,8900,0.446,0.402,3577.8,18
2025-11-04,top10_diversified_filter_v2,20000.0,159905,深红利ETF,防御风格,sector,2200,1.797,1.772,3898.4,5
2025-11-04,top10_diversified_filter_v2,20000.0,512660,军工ETF,新能源制造,commodity_resource,3200,1.217,1.195,3824.0,2
2025-11-05,top10_diversified_filter_v2,20000.0,512010,医药ETF,消费医药,sector,8900,0.446,0.402,3577.8,19
2025-11-05,top10_diversified_filter_v2,20000.0,159905,深红利ETF,防御风格,sector,2200,1.797,1.772,3898.4,6
2025-11-05,top10_diversified_filter_v2,20000.0,512660,军工ETF,新能源制造,commodity_resource,3200,1.217,1.193,3817.6,3
2025-11-06,top10_diversified_filter_v2,20000.0,159905,深红利ETF,防御风格,sector,2200,1.797,1.801,3962.2,7
2025-11-06,top10_diversified_filter_v2,20000.0,512660,军工ETF,新能源制造,commodity_resource,3200,1.217,1.203,3849.6,4
2025-11-06,top10_diversified_filter_v2,20000.0,512400,有色ETF,周期资源,commodity_resource,2300,1.724,1.728,3974.4,0
2025-11-07,top10_diversified_filter_v2,20000.0,159905,深红利ETF,防御风格,sector,2200,1.797,1.797,3953.4,8
2025-11-07,top10_diversified_filter_v2,20000.0,512660,军工ETF,新能源制造,commodity_resource,3200,1.217,1.195,3824.0,5
2025-11-07,top10_diversified_filter_v2,20000.0,512400,有色ETF,周期资源,commodity_resource,2300,1.724,1.738,3997.4,0
2025-11-10,top10_diversified_filter_v2,20000.0,159905,深红利ETF,防御风格,sector,2200,1.797,1.831,4028.2,9
2025-11-10,top10_diversified_filter_v2,20000.0,512660,军工ETF,新能源制造,commodity_resource,3200,1.217,1.193,3817.6,6
2025-11-10,top10_diversified_filter_v2,20000.0,512400,有色ETF,周期资源,commodity_resource,2300,1.724,1.746,4015.8,1
2025-11-11,top10_diversified_filter_v2,20000.0,159905,深红利ETF,防御风格,sector,2200,1.797,1.823,4010.6,10
2025-11-11,top10_diversified_filter_v2,20000.0,512660,军工ETF,新能源制造,commodity_resource,3200,1.217,1.181,3779.2,7
2025-11-11,top10_diversified_filter_v2,20000.0,512400,有色ETF,周期资源,commodity_resource,2300,1.724,1.722,3960.6,2
2025-11-12,top10_diversified_filter_v2,20000.0,159905,深红利ETF,防御风格,sector,2200,1.797,1.83,4026.0,11
2025-11-12,top10_diversified_filter_v2,20000.0,512660,军工ETF,新能源制造,commodity_resource,3200,1.217,1.17,3744.0,8
2025-11-12,top10_diversified_filter_v2,20000.0,512400,有色ETF,周期资源,commodity_resource,2300,1.724,1.723,3962.9,3
2025-11-13,top10_diversified_filter_v2,20000.0,159905,深红利ETF,防御风格,sector,2200,1.797,1.841,4050.2,12
2025-11-13,top10_diversified_filter_v2,20000.0,512660,军工ETF,新能源制造,commodity_resource,3200,1.217,1.179,3772.8,9
2025-11-13,top10_diversified_filter_v2,20000.0,512400,有色ETF,周期资源,commodity_resource,2300,1.724,1.794,4126.2,4
2025-11-14,top10_diversified_filter_v2,20000.0,159905,深红利ETF,防御风格,sector,2200,1.797,1.819,4001.8,13
2025-11-14,top10_diversified_filter_v2,20000.0,512660,军工ETF,新能源制造,commodity_resource,3200,1.217,1.174,3756.8,10
2025-11-14,top10_diversified_filter_v2,20000.0,512400,有色ETF,周期资源,commodity_resource,2300,1.724,1.76,4048.0,5
2025-11-17,top10_diversified_filter_v2,20000.0,159905,深红利ETF,防御风格,sector,2200,1.797,1.803,3966.6,14
2025-11-17,top10_diversified_filter_v2,20000.0,512660,军工ETF,新能源制造,commodity_resource,3200,1.217,1.188,3801.6,11
2025-11-17,top10_diversified_filter_v2,20000.0,512400,有色ETF,周期资源,commodity_resource,2300,1.724,1.751,4027.3,6
2025-11-18,top10_diversified_filter_v2,20000.0,159905,深红利ETF,防御风格,sector,2200,1.797,1.795,3949.0,15
2025-11-18,top10_diversified_filter_v2,20000.0,512660,军工ETF,新能源制造,commodity_resource,3200,1.217,1.172,3750.4,12
2025-11-18,top10_diversified_filter_v2,20000.0,512400,有色ETF,周期资源,commodity_resource,2300,1.724,1.702,3914.6,7
2025-11-19,top10_diversified_filter_v2,20000.0,512660,军工ETF,新能源制造,commodity_resource,3200,1.217,1.178,3769.6,13
2025-11-19,top10_diversified_filter_v2,20000.0,512400,有色ETF,周期资源,commodity_resource,2300,1.724,1.75,4025.0,8
2025-11-20,top10_diversified_filter_v2,20000.0,512660,军工ETF,新能源制造,commodity_resource,3200,1.217,1.165,3728.0,14
2025-11-20,top10_diversified_filter_v2,20000.0,512400,有色ETF,周期资源,commodity_resource,2300,1.724,1.742,4006.6,9
2025-11-21,top10_diversified_filter_v2,20000.0,512660,军工ETF,新能源制造,commodity_resource,3200,1.217,1.142,3654.4,15
2025-11-21,top10_diversified_filter_v2,20000.0,512400,有色ETF,周期资源,commodity_resource,2300,1.724,1.65,3795.0,10
2025-11-24,top10_diversified_filter_v2,20000.0,512660,军工ETF,新能源制造,commodity_resource,3200,1.217,1.188,3801.6,16
2025-11-24,top10_diversified_filter_v2,20000.0,512400,有色ETF,周期资源,commodity_resource,2300,1.724,1.638,3767.4,11
2025-11-25,top10_diversified_filter_v2,20000.0,512660,军工ETF,新能源制造,commodity_resource,3200,1.217,1.182,3782.4,17
2025-11-25,top10_diversified_filter_v2,20000.0,512400,有色ETF,周期资源,commodity_resource,2300,1.724,1.674,3850.2,12
2025-11-26,top10_diversified_filter_v2,20000.0,512660,军工ETF,新能源制造,commodity_resource,3200,1.217,1.16,3712.0,18
2025-11-26,top10_diversified_filter_v2,20000.0,512400,有色ETF,周期资源,commodity_resource,2300,1.724,1.674,3850.2,13
2025-11-27,top10_diversified_filter_v2,20000.0,512660,军工ETF,新能源制造,commodity_resource,3200,1.217,1.158,3705.6,19
2025-11-27,top10_diversified_filter_v2,20000.0,512400,有色ETF,周期资源,commodity_resource,2300,1.724,1.676,3854.8,14
2025-11-28,top10_diversified_filter_v2,20000.0,512400,有色ETF,周期资源,commodity_resource,2300,1.724,1.704,3919.2,15
2025-12-01,top10_diversified_filter_v2,20000.0,512400,有色ETF,周期资源,commodity_resource,2300,1.724,1.756,4038.8,16
2025-12-24,top10_diversified_filter_v2,20000.0,159770,机器人ETF,科技与新质生产力,theme,4000,0.99,0.988,3952.0,0
2025-12-25,top10_diversified_filter_v2,20000.0,159770,机器人ETF,科技与新质生产力,theme,4000,0.99,1.018,4072.0,0
2025-12-25,top10_diversified_filter_v2,20000.0,515790,光伏ETF,新能源制造,commodity_resource,4000,0.98,0.97,3880.0,0
2025-12-26,top10_diversified_filter_v2,20000.0,159770,机器人ETF,科技与新质生产力,theme,4000,0.99,1.019,4076.0,1
2025-12-26,top10_diversified_filter_v2,20000.0,515790,光伏ETF,新能源制造,commodity_resource,4000,0.98,0.988,3952.0,0
2025-12-26,top10_diversified_filter_v2,20000.0,588000,科创50ETF,宽基,broad_index,2800,1.419,1.419,3973.2,0
2025-12-29,top10_diversified_filter_v2,20000.0,159770,机器人ETF,科技与新质生产力,theme,4000,0.99,1.028,4112.0,2
2025-12-29,top10_diversified_filter_v2,20000.0,515790,光伏ETF,新能源制造,commodity_resource,4000,0.98,0.984,3936.0,1
2025-12-29,top10_diversified_filter_v2,20000.0,588000,科创50ETF,宽基,broad_index,2800,1.419,1.417,3967.6,0
2025-12-30,top10_diversified_filter_v2,20000.0,159770,机器人ETF,科技与新质生产力,theme,4000,0.99,1.06,4240.0,3
2025-12-30,top10_diversified_filter_v2,20000.0,515790,光伏ETF,新能源制造,commodity_resource,4000,0.98,0.972,3888.0,2
2025-12-30,top10_diversified_filter_v2,20000.0,588000,科创50ETF,宽基,broad_index,2800,1.419,1.433,4012.4,1
2025-12-31,top10_diversified_filter_v2,20000.0,159770,机器人ETF,科技与新质生产力,theme,4000,0.99,1.055,4220.0,4
2025-12-31,top10_diversified_filter_v2,20000.0,515790,光伏ETF,新能源制造,commodity_resource,4000,0.98,0.962,3848.0,3
2025-12-31,top10_diversified_filter_v2,20000.0,588000,科创50ETF,宽基,broad_index,2800,1.419,1.417,3967.6,2
2026-01-05,top10_diversified_filter_v2,20000.0,159770,机器人ETF,科技与新质生产力,theme,4000,0.99,1.074,4296.0,5
2026-01-05,top10_diversified_filter_v2,20000.0,515790,光伏ETF,新能源制造,commodity_resource,4000,0.98,0.978,3912.0,4
2026-01-05,top10_diversified_filter_v2,20000.0,588000,科创50ETF,宽基,broad_index,2800,1.419,1.479,4141.2,3
2026-01-06,top10_diversified_filter_v2,20000.0,159770,机器人ETF,科技与新质生产力,theme,4000,0.99,1.078,4312.0,6
2026-01-06,top10_diversified_filter_v2,20000.0,515790,光伏ETF,新能源制造,commodity_resource,4000,0.98,1.004,4016.0,5
2026-01-06,top10_diversified_filter_v2,20000.0,588000,科创50ETF,宽基,broad_index,2800,1.419,1.505,4214.0,4
2026-01-07,top10_diversified_filter_v2,20000.0,159770,机器人ETF,科技与新质生产力,theme,4000,0.99,1.069,4276.0,7
2026-01-07,top10_diversified_filter_v2,20000.0,515790,光伏ETF,新能源制造,commodity_resource,4000,0.98,1.009,4036.0,6
2026-01-07,top10_diversified_filter_v2,20000.0,588000,科创50ETF,宽基,broad_index,2800,1.419,1.52,4256.0,5
2026-01-08,top10_diversified_filter_v2,20000.0,159770,机器人ETF,科技与新质生产力,theme,4000,0.99,1.079,4316.0,8
2026-01-08,top10_diversified_filter_v2,20000.0,515790,光伏ETF,新能源制造,commodity_resource,4000,0.98,1.02,4080.0,7
2026-01-08,top10_diversified_filter_v2,20000.0,588000,科创50ETF,宽基,broad_index,2800,1.419,1.531,4286.8,6
2026-01-09,top10_diversified_filter_v2,20000.0,159770,机器人ETF,科技与新质生产力,theme,4000,0.99,1.098,4392.0,9
2026-01-09,top10_diversified_filter_v2,20000.0,515790,光伏ETF,新能源制造,commodity_resource,4000,0.98,1.018,4072.0,8
2026-01-09,top10_diversified_filter_v2,20000.0,512200,房地产ETF,金融地产,sector,2500,1.564,1.574,3935.0,0
2026-01-12,top10_diversified_filter_v2,20000.0,159770,机器人ETF,科技与新质生产力,theme,4000,0.99,1.133,4532.0,10
2026-01-12,top10_diversified_filter_v2,20000.0,515790,光伏ETF,新能源制造,commodity_resource,4000,0.98,1.037,4148.0,9
2026-01-12,top10_diversified_filter_v2,20000.0,512200,房地产ETF,金融地产,sector,2500,1.564,1.569,3922.5,0
2026-01-13,top10_diversified_filter_v2,20000.0,159770,机器人ETF,科技与新质生产力,theme,4000,0.99,1.116,4464.0,11
2026-01-13,top10_diversified_filter_v2,20000.0,515790,光伏ETF,新能源制造,commodity_resource,4000,0.98,1.032,4128.0,10
2026-01-13,top10_diversified_filter_v2,20000.0,512200,房地产ETF,金融地产,sector,2500,1.564,1.538,3845.0,1
2026-01-14,top10_diversified_filter_v2,20000.0,159770,机器人ETF,科技与新质生产力,theme,4000,0.99,1.121,4484.0,12
2026-01-14,top10_diversified_filter_v2,20000.0,515790,光伏ETF,新能源制造,commodity_resource,4000,0.98,1.036,4144.0,11
2026-01-14,top10_diversified_filter_v2,20000.0,512200,房地产ETF,金融地产,sector,2500,1.564,1.516,3790.0,2
2026-01-15,top10_diversified_filter_v2,20000.0,515790,光伏ETF,新能源制造,commodity_resource,4000,0.98,1.045,4180.0,12
2026-01-15,top10_diversified_filter_v2,20000.0,512200,房地产ETF,金融地产,sector,2500,1.564,1.528,3820.0,3
2026-01-15,top10_diversified_filter_v2,20000.0,515220,煤炭ETF,周期资源,commodity_resource,3700,1.067,1.067,3947.9,0
2026-01-16,top10_diversified_filter_v2,20000.0,515790,光伏ETF,新能源制造,commodity_resource,4000,0.98,1.058,4232.0,13
2026-01-16,top10_diversified_filter_v2,20000.0,512200,房地产ETF,金融地产,sector,2500,1.564,1.511,3777.5,4
2026-01-16,top10_diversified_filter_v2,20000.0,515220,煤炭ETF,周期资源,commodity_resource,3700,1.067,1.054,3899.8,0
2026-01-19,top10_diversified_filter_v2,20000.0,512200,房地产ETF,金融地产,sector,2500,1.564,1.529,3822.5,5
2026-01-19,top10_diversified_filter_v2,20000.0,515220,煤炭ETF,周期资源,commodity_resource,3700,1.067,1.069,3955.3,1
2026-01-19,top10_diversified_filter_v2,20000.0,515080,中证红利ETF,防御风格,sector,2500,1.558,1.557,3892.5,0
2026-01-20,top10_diversified_filter_v2,20000.0,512200,房地产ETF,金融地产,sector,2500,1.564,1.556,3890.0,6
2026-01-20,top10_diversified_filter_v2,20000.0,515220,煤炭ETF,周期资源,commodity_resource,3700,1.067,1.083,4007.1,2
2026-01-20,top10_diversified_filter_v2,20000.0,515080,中证红利ETF,防御风格,sector,2500,1.558,1.579,3947.5,0
2026-01-21,top10_diversified_filter_v2,20000.0,512200,房地产ETF,金融地产,sector,2500,1.564,1.565,3912.5,7
2026-01-21,top10_diversified_filter_v2,20000.0,515220,煤炭ETF,周期资源,commodity_resource,3700,1.067,1.07,3959.0,3
2026-01-21,top10_diversified_filter_v2,20000.0,515080,中证红利ETF,防御风格,sector,2500,1.558,1.569,3922.5,1
2026-01-22,top10_diversified_filter_v2,20000.0,512200,房地产ETF,金融地产,sector,2500,1.564,1.573,3932.5,8
2026-01-22,top10_diversified_filter_v2,20000.0,515220,煤炭ETF,周期资源,commodity_resource,3700,1.067,1.089,4029.3,4
2026-01-22,top10_diversified_filter_v2,20000.0,515080,中证红利ETF,防御风格,sector,2500,1.558,1.58,3950.0,2
2026-01-23,top10_diversified_filter_v2,20000.0,512200,房地产ETF,金融地产,sector,2500,1.564,1.587,3967.5,9
2026-01-23,top10_diversified_filter_v2,20000.0,515220,煤炭ETF,周期资源,commodity_resource,3700,1.067,1.079,3992.3,5
2026-01-23,top10_diversified_filter_v2,20000.0,515080,中证红利ETF,防御风格,sector,2500,1.558,1.58,3950.0,3
2026-01-26,top10_diversified_filter_v2,20000.0,512200,房地产ETF,金融地产,sector,2500,1.564,1.551,3877.5,10
2026-01-26,top10_diversified_filter_v2,20000.0,515220,煤炭ETF,周期资源,commodity_resource,3700,1.067,1.101,4073.7,6
2026-01-26,top10_diversified_filter_v2,20000.0,515080,中证红利ETF,防御风格,sector,2500,1.558,1.591,3977.5,4
2026-01-27,top10_diversified_filter_v2,20000.0,512200,房地产ETF,金融地产,sector,2500,1.564,1.534,3835.0,11
2026-01-27,top10_diversified_filter_v2,20000.0,515220,煤炭ETF,周期资源,commodity_resource,3700,1.067,1.073,3970.1,7
2026-01-27,top10_diversified_filter_v2,20000.0,515080,中证红利ETF,防御风格,sector,2500,1.558,1.58,3950.0,5
2026-01-28,top10_diversified_filter_v2,20000.0,512200,房地产ETF,金融地产,sector,2500,1.564,1.551,3877.5,12
2026-01-28,top10_diversified_filter_v2,20000.0,515220,煤炭ETF,周期资源,commodity_resource,3700,1.067,1.124,4158.8,8
2026-01-28,top10_diversified_filter_v2,20000.0,515080,中证红利ETF,防御风格,sector,2500,1.558,1.6,4000.0,6
2026-01-29,top10_diversified_filter_v2,20000.0,512200,房地产ETF,金融地产,sector,2500,1.564,1.605,4012.5,13
2026-01-29,top10_diversified_filter_v2,20000.0,515220,煤炭ETF,周期资源,commodity_resource,3700,1.067,1.129,4177.3,9
2026-01-29,top10_diversified_filter_v2,20000.0,515080,中证红利ETF,防御风格,sector,2500,1.558,1.62,4050.0,7
2026-01-30,top10_diversified_filter_v2,20000.0,512200,房地产ETF,金融地产,sector,2500,1.564,1.546,3865.0,14
2026-01-30,top10_diversified_filter_v2,20000.0,515220,煤炭ETF,周期资源,commodity_resource,3700,1.067,1.13,4181.0,10
2026-01-30,top10_diversified_filter_v2,20000.0,515080,中证红利ETF,防御风格,sector,2500,1.558,1.605,4012.5,8
2026-02-02,top10_diversified_filter_v2,20000.0,512200,房地产ETF,金融地产,sector,2500,1.564,1.494,3735.0,15
2026-02-02,top10_diversified_filter_v2,20000.0,515220,煤炭ETF,周期资源,commodity_resource,3700,1.067,1.063,3933.1,11
2026-02-02,top10_diversified_filter_v2,20000.0,515080,中证红利ETF,防御风格,sector,2500,1.558,1.556,3890.0,9
2026-02-03,top10_diversified_filter_v2,20000.0,512200,房地产ETF,金融地产,sector,2500,1.564,1.528,3820.0,16
2026-02-03,top10_diversified_filter_v2,20000.0,515220,煤炭ETF,周期资源,commodity_resource,3700,1.067,1.069,3955.3,12
2026-02-03,top10_diversified_filter_v2,20000.0,515080,中证红利ETF,防御风格,sector,2500,1.558,1.566,3915.0,10
2026-02-04,top10_diversified_filter_v2,20000.0,512200,房地产ETF,金融地产,sector,2500,1.564,1.57,3925.0,17
2026-02-04,top10_diversified_filter_v2,20000.0,515220,煤炭ETF,周期资源,commodity_resource,3700,1.067,1.166,4314.2,13
2026-02-04,top10_diversified_filter_v2,20000.0,515080,中证红利ETF,防御风格,sector,2500,1.558,1.609,4022.5,11
2026-02-05,top10_diversified_filter_v2,20000.0,512200,房地产ETF,金融地产,sector,2500,1.564,1.568,3920.0,18
2026-02-05,top10_diversified_filter_v2,20000.0,515220,煤炭ETF,周期资源,commodity_resource,3700,1.067,1.133,4192.1,14
2026-02-05,top10_diversified_filter_v2,20000.0,515080,中证红利ETF,防御风格,sector,2500,1.558,1.604,4010.0,12
2026-02-06,top10_diversified_filter_v2,20000.0,512200,房地产ETF,金融地产,sector,2500,1.564,1.547,3867.5,19
2026-02-06,top10_diversified_filter_v2,20000.0,515220,煤炭ETF,周期资源,commodity_resource,3700,1.067,1.128,4173.6,15
2026-02-06,top10_diversified_filter_v2,20000.0,515080,中证红利ETF,防御风格,sector,2500,1.558,1.598,3995.0,13
2026-02-09,top10_diversified_filter_v2,20000.0,515220,煤炭ETF,周期资源,commodity_resource,3700,1.067,1.134,4195.8,16
2026-02-09,top10_diversified_filter_v2,20000.0,515080,中证红利ETF,防御风格,sector,2500,1.558,1.607,4017.5,14
2026-02-10,top10_diversified_filter_v2,20000.0,515220,煤炭ETF,周期资源,commodity_resource,3700,1.067,1.144,4232.8,17
2026-02-10,top10_diversified_filter_v2,20000.0,515080,中证红利ETF,防御风格,sector,2500,1.558,1.614,4035.0,15
2026-02-10,top10_diversified_filter_v2,20000.0,512690,酒ETF,消费医药,sector,7300,0.545,0.545,3978.5,0
2026-02-11,top10_diversified_filter_v2,20000.0,515220,煤炭ETF,周期资源,commodity_resource,3700,1.067,1.16,4292.0,18
2026-02-11,top10_diversified_filter_v2,20000.0,515080,中证红利ETF,防御风格,sector,2500,1.558,1.625,4062.5,16
2026-02-11,top10_diversified_filter_v2,20000.0,512690,酒ETF,消费医药,sector,7300,0.545,0.545,3978.5,0
2026-02-12,top10_diversified_filter_v2,20000.0,515080,中证红利ETF,防御风格,sector,2500,1.558,1.621,4052.5,17
2026-02-12,top10_diversified_filter_v2,20000.0,512690,酒ETF,消费医药,sector,7300,0.545,0.535,3905.5,1
2026-02-13,top10_diversified_filter_v2,20000.0,515080,中证红利ETF,防御风格,sector,2500,1.558,1.599,3997.5,18
2026-02-13,top10_diversified_filter_v2,20000.0,512690,酒ETF,消费医药,sector,7300,0.545,0.535,3905.5,2
2026-02-24,top10_diversified_filter_v2,20000.0,515080,中证红利ETF,防御风格,sector,2500,1.558,1.62,4050.0,19
2026-02-24,top10_diversified_filter_v2,20000.0,512690,酒ETF,消费医药,sector,7300,0.545,0.529,3861.7,3
2026-02-25,top10_diversified_filter_v2,20000.0,512690,酒ETF,消费医药,sector,7300,0.545,0.532,3883.6,4
2026-02-25,top10_diversified_filter_v2,20000.0,159905,深红利ETF,防御风格,sector,2000,1.907,1.907,3814.0,0
2026-02-26,top10_diversified_filter_v2,20000.0,512690,酒ETF,消费医药,sector,7300,0.545,0.525,3832.5,5
2026-02-26,top10_diversified_filter_v2,20000.0,159905,深红利ETF,防御风格,sector,2000,1.907,1.899,3798.0,0
2026-02-27,top10_diversified_filter_v2,20000.0,512690,酒ETF,消费医药,sector,7300,0.545,0.526,3839.8,6
2026-02-27,top10_diversified_filter_v2,20000.0,159905,深红利ETF,防御风格,sector,2000,1.907,1.897,3794.0,1
2026-02-27,top10_diversified_filter_v2,20000.0,159915,创业板ETF,宽基,broad_index,1200,3.251,3.301,3961.2,0
2026-03-02,top10_diversified_filter_v2,20000.0,512690,酒ETF,消费医药,sector,7300,0.545,0.516,3766.8,7
2026-03-02,top10_diversified_filter_v2,20000.0,159905,深红利ETF,防御风格,sector,2000,1.907,1.897,3794.0,2
2026-03-02,top10_diversified_filter_v2,20000.0,159915,创业板ETF,宽基,broad_index,1200,3.251,3.282,3938.4,0
2026-03-03,top10_diversified_filter_v2,20000.0,512690,酒ETF,消费医药,sector,7300,0.545,0.515,3759.5,8
2026-03-03,top10_diversified_filter_v2,20000.0,159905,深红利ETF,防御风格,sector,2000,1.907,1.86,3720.0,3
2026-03-03,top10_diversified_filter_v2,20000.0,159915,创业板ETF,宽基,broad_index,1200,3.251,3.205,3846.0,1
2026-03-04,top10_diversified_filter_v2,20000.0,512690,酒ETF,消费医药,sector,7300,0.545,0.502,3664.6,9
2026-03-04,top10_diversified_filter_v2,20000.0,159905,深红利ETF,防御风格,sector,2000,1.907,1.846,3692.0,4
2026-03-04,top10_diversified_filter_v2,20000.0,159915,创业板ETF,宽基,broad_index,1200,3.251,3.154,3784.8,2
2026-03-05,top10_diversified_filter_v2,20000.0,512690,酒ETF,消费医药,sector,7300,0.545,0.503,3671.9,10
2026-03-05,top10_diversified_filter_v2,20000.0,159905,深红利ETF,防御风格,sector,2000,1.907,1.86,3720.0,5
2026-03-05,top10_diversified_filter_v2,20000.0,159915,创业板ETF,宽基,broad_index,1200,3.251,3.206,3847.2,3
2026-03-06,top10_diversified_filter_v2,20000.0,512690,酒ETF,消费医药,sector,7300,0.545,0.51,3723.0,11
2026-03-06,top10_diversified_filter_v2,20000.0,159905,深红利ETF,防御风格,sector,2000,1.907,1.876,3752.0,6
2026-03-06,top10_diversified_filter_v2,20000.0,159915,创业板ETF,宽基,broad_index,1200,3.251,3.225,3870.0,4
2026-03-09,top10_diversified_filter_v2,20000.0,512690,酒ETF,消费医药,sector,7300,0.545,0.505,3686.5,12
2026-03-09,top10_diversified_filter_v2,20000.0,159905,深红利ETF,防御风格,sector,2000,1.907,1.85,3700.0,7
2026-03-09,top10_diversified_filter_v2,20000.0,159915,创业板ETF,宽基,broad_index,1200,3.251,3.201,3841.2,5
2026-03-10,top10_diversified_filter_v2,20000.0,512690,酒ETF,消费医药,sector,7300,0.545,0.508,3708.4,13
2026-03-10,top10_diversified_filter_v2,20000.0,159905,深红利ETF,防御风格,sector,2000,1.907,1.873,3746.0,8
2026-03-10,top10_diversified_filter_v2,20000.0,159915,创业板ETF,宽基,broad_index,1200,3.251,3.296,3955.2,6
2026-03-11,top10_diversified_filter_v2,20000.0,512690,酒ETF,消费医药,sector,7300,0.545,0.506,3693.8,14
2026-03-11,top10_diversified_filter_v2,20000.0,159905,深红利ETF,防御风格,sector,2000,1.907,1.881,3762.0,9
2026-03-11,top10_diversified_filter_v2,20000.0,159915,创业板ETF,宽基,broad_index,1200,3.251,3.335,4002.0,7
2026-03-12,top10_diversified_filter_v2,20000.0,512690,酒ETF,消费医药,sector,7300,0.545,0.506,3693.8,15
2026-03-12,top10_diversified_filter_v2,20000.0,159905,深红利ETF,防御风格,sector,2000,1.907,1.87,3740.0,10
2026-03-13,top10_diversified_filter_v2,20000.0,512690,酒ETF,消费医药,sector,7300,0.545,0.512,3737.6,16
2026-03-13,top10_diversified_filter_v2,20000.0,159905,深红利ETF,防御风格,sector,2000,1.907,1.862,3724.0,11
2026-03-16,top10_diversified_filter_v2,20000.0,512690,酒ETF,消费医药,sector,7300,0.545,0.519,3788.7,17
2026-03-16,top10_diversified_filter_v2,20000.0,159905,深红利ETF,防御风格,sector,2000,1.907,1.846,3692.0,12
2026-03-17,top10_diversified_filter_v2,20000.0,512690,酒ETF,消费医药,sector,7300,0.545,0.518,3781.4,18
2026-03-17,top10_diversified_filter_v2,20000.0,159905,深红利ETF,防御风格,sector,2000,1.907,1.84,3680.0,13
2026-03-18,top10_diversified_filter_v2,20000.0,512690,酒ETF,消费医药,sector,7300,0.545,0.513,3744.9,19
2026-03-18,top10_diversified_filter_v2,20000.0,159905,深红利ETF,防御风格,sector,2000,1.907,1.835,3670.0,14
2026-03-19,top10_diversified_filter_v2,20000.0,159905,深红利ETF,防御风格,sector,2000,1.907,1.793,3586.0,15
2026-03-20,top10_diversified_filter_v2,20000.0,159905,深红利ETF,防御风格,sector,2000,1.907,1.774,3548.0,16
2026-03-23,top10_diversified_filter_v2,20000.0,159905,深红利ETF,防御风格,sector,2000,1.907,1.718,3436.0,17
2026-03-24,top10_diversified_filter_v2,20000.0,159905,深红利ETF,防御风格,sector,2000,1.907,1.748,3496.0,18
2026-03-25,top10_diversified_filter_v2,20000.0,159905,深红利ETF,防御风格,sector,2000,1.907,1.77,3540.0,19
2026-04-20,top10_diversified_filter_v2,20000.0,512170,医疗ETF,消费医药,sector,11900,0.334,0.334,3974.6,0
2026-04-21,top10_diversified_filter_v2,20000.0,512170,医疗ETF,消费医药,sector,11900,0.334,0.332,3950.8,0
2026-04-22,top10_diversified_filter_v2,20000.0,512170,医疗ETF,消费医药,sector,11900,0.334,0.336,3998.4,1
2026-04-22,top10_diversified_filter_v2,20000.0,510230,金融ETF,金融地产,sector,3000,1.305,1.305,3915.0,0
2026-04-22,top10_diversified_filter_v2,20000.0,512890,红利低波ETF,防御风格,sector,3300,1.192,1.192,3933.6,0
2026-04-23,top10_diversified_filter_v2,20000.0,512170,医疗ETF,消费医药,sector,11900,0.334,0.335,3986.5,2
2026-04-23,top10_diversified_filter_v2,20000.0,510230,金融ETF,金融地产,sector,3000,1.305,1.303,3909.0,0
2026-04-23,top10_diversified_filter_v2,20000.0,512890,红利低波ETF,防御风格,sector,3300,1.192,1.198,3953.4,0
2026-04-24,top10_diversified_filter_v2,20000.0,512170,医疗ETF,消费医药,sector,11900,0.334,0.335,3986.5,3
2026-04-24,top10_diversified_filter_v2,20000.0,510230,金融ETF,金融地产,sector,3000,1.305,1.3,3900.0,1
2026-04-24,top10_diversified_filter_v2,20000.0,512890,红利低波ETF,防御风格,sector,3300,1.192,1.198,3953.4,1
2026-04-27,top10_diversified_filter_v2,20000.0,512170,医疗ETF,消费医药,sector,11900,0.334,0.332,3950.8,4
2026-04-27,top10_diversified_filter_v2,20000.0,510230,金融ETF,金融地产,sector,3000,1.305,1.293,3879.0,2
2026-04-27,top10_diversified_filter_v2,20000.0,512890,红利低波ETF,防御风格,sector,3300,1.192,1.189,3923.7,2
2026-04-28,top10_diversified_filter_v2,20000.0,512170,医疗ETF,消费医药,sector,11900,0.334,0.34,4046.0,5
2026-04-28,top10_diversified_filter_v2,20000.0,510230,金融ETF,金融地产,sector,3000,1.305,1.3,3900.0,3
2026-04-28,top10_diversified_filter_v2,20000.0,512890,红利低波ETF,防御风格,sector,3300,1.192,1.192,3933.6,3
2026-04-29,top10_diversified_filter_v2,20000.0,512170,医疗ETF,消费医药,sector,11900,0.334,0.338,4022.2,6
2026-04-29,top10_diversified_filter_v2,20000.0,510230,金融ETF,金融地产,sector,3000,1.305,1.301,3903.0,4
2026-04-29,top10_diversified_filter_v2,20000.0,512890,红利低波ETF,防御风格,sector,3300,1.192,1.195,3943.5,4
2026-04-30,top10_diversified_filter_v2,20000.0,512170,医疗ETF,消费医药,sector,11900,0.334,0.336,3998.4,7
2026-04-30,top10_diversified_filter_v2,20000.0,510230,金融ETF,金融地产,sector,3000,1.305,1.298,3894.0,5
2026-04-30,top10_diversified_filter_v2,20000.0,512890,红利低波ETF,防御风格,sector,3300,1.192,1.188,3920.4,5
2026-05-06,top10_diversified_filter_v2,20000.0,512170,医疗ETF,消费医药,sector,11900,0.334,0.335,3986.5,8
2026-05-06,top10_diversified_filter_v2,20000.0,510230,金融ETF,金融地产,sector,3000,1.305,1.295,3885.0,6
2026-05-06,top10_diversified_filter_v2,20000.0,512890,红利低波ETF,防御风格,sector,3300,1.192,1.183,3903.9,6
2026-05-07,top10_diversified_filter_v2,20000.0,512170,医疗ETF,消费医药,sector,11900,0.334,0.338,4022.2,9
2026-05-07,top10_diversified_filter_v2,20000.0,510230,金融ETF,金融地产,sector,3000,1.305,1.293,3879.0,7
2026-05-07,top10_diversified_filter_v2,20000.0,512890,红利低波ETF,防御风格,sector,3300,1.192,1.178,3887.4,7
2026-05-08,top10_diversified_filter_v2,20000.0,512170,医疗ETF,消费医药,sector,11900,0.334,0.337,4010.3,10
2026-05-08,top10_diversified_filter_v2,20000.0,510230,金融ETF,金融地产,sector,3000,1.305,1.291,3873.0,8
2026-05-08,top10_diversified_filter_v2,20000.0,512890,红利低波ETF,防御风格,sector,3300,1.192,1.177,3884.1,8
2026-05-11,top10_diversified_filter_v2,20000.0,512170,医疗ETF,消费医药,sector,11900,0.334,0.34,4046.0,11
2026-05-11,top10_diversified_filter_v2,20000.0,510230,金融ETF,金融地产,sector,3000,1.305,1.294,3882.0,9
2026-05-11,top10_diversified_filter_v2,20000.0,512890,红利低波ETF,防御风格,sector,3300,1.192,1.178,3887.4,9
2026-05-12,top10_diversified_filter_v2,20000.0,512170,医疗ETF,消费医药,sector,11900,0.334,0.337,4010.3,12
2026-05-12,top10_diversified_filter_v2,20000.0,510230,金融ETF,金融地产,sector,3000,1.305,1.293,3879.0,10
2026-05-12,top10_diversified_filter_v2,20000.0,512890,红利低波ETF,防御风格,sector,3300,1.192,1.176,3880.8,10
2026-05-13,top10_diversified_filter_v2,20000.0,512170,医疗ETF,消费医药,sector,11900,0.334,0.336,3998.4,13
2026-05-13,top10_diversified_filter_v2,20000.0,510230,金融ETF,金融地产,sector,3000,1.305,1.282,3846.0,11
2026-05-13,top10_diversified_filter_v2,20000.0,512890,红利低波ETF,防御风格,sector,3300,1.192,1.177,3884.1,11
2026-05-14,top10_diversified_filter_v2,20000.0,512170,医疗ETF,消费医药,sector,11900,0.334,0.329,3915.1,14
2026-05-14,top10_diversified_filter_v2,20000.0,510230,金融ETF,金融地产,sector,3000,1.305,1.275,3825.0,12
2026-05-14,top10_diversified_filter_v2,20000.0,512890,红利低波ETF,防御风格,sector,3300,1.192,1.176,3880.8,12
2026-05-15,top10_diversified_filter_v2,20000.0,512170,医疗ETF,消费医药,sector,11900,0.334,0.327,3891.3,15
2026-05-15,top10_diversified_filter_v2,20000.0,510230,金融ETF,金融地产,sector,3000,1.305,1.26,3780.0,13
2026-05-15,top10_diversified_filter_v2,20000.0,512890,红利低波ETF,防御风格,sector,3300,1.192,1.167,3851.1,13
2026-05-18,top10_diversified_filter_v2,20000.0,512170,医疗ETF,消费医药,sector,11900,0.334,0.322,3831.8,16
2026-05-18,top10_diversified_filter_v2,20000.0,510230,金融ETF,金融地产,sector,3000,1.305,1.251,3753.0,14
2026-05-18,top10_diversified_filter_v2,20000.0,512890,红利低波ETF,防御风格,sector,3300,1.192,1.16,3828.0,14
2026-05-19,top10_diversified_filter_v2,20000.0,512170,医疗ETF,消费医药,sector,11900,0.334,0.325,3867.5,17
2026-05-19,top10_diversified_filter_v2,20000.0,510230,金融ETF,金融地产,sector,3000,1.305,1.255,3765.0,15
2026-05-19,top10_diversified_filter_v2,20000.0,512890,红利低波ETF,防御风格,sector,3300,1.192,1.169,3857.7,15
2026-05-20,top10_diversified_filter_v2,20000.0,512170,医疗ETF,消费医药,sector,11900,0.334,0.321,3819.9,18
2026-05-20,top10_diversified_filter_v2,20000.0,510230,金融ETF,金融地产,sector,3000,1.305,1.244,3732.0,16
2026-05-20,top10_diversified_filter_v2,20000.0,512890,红利低波ETF,防御风格,sector,3300,1.192,1.164,3841.2,16
2026-05-21,top10_diversified_filter_v2,20000.0,512170,医疗ETF,消费医药,sector,11900,0.334,0.324,3855.6,19
2026-05-21,top10_diversified_filter_v2,20000.0,510230,金融ETF,金融地产,sector,3000,1.305,1.246,3738.0,17
2026-05-21,top10_diversified_filter_v2,20000.0,512890,红利低波ETF,防御风格,sector,3300,1.192,1.161,3831.3,17
2026-05-22,top10_diversified_filter_v2,20000.0,510230,金融ETF,金融地产,sector,3000,1.305,1.239,3717.0,18
2026-05-22,top10_diversified_filter_v2,20000.0,512890,红利低波ETF,防御风格,sector,3300,1.192,1.155,3811.5,18
2026-05-25,top10_diversified_filter_v2,20000.0,510230,金融ETF,金融地产,sector,3000,1.305,1.243,3729.0,19
2026-05-25,top10_diversified_filter_v2,20000.0,512890,红利低波ETF,防御风格,sector,3300,1.192,1.152,3801.6,19
2025-06-03,buy_and_hold_510300,20000.0,510300,沪深300ETF,宽基,broad_index,3200,3.735,3.746,11987.2,0
2025-06-04,buy_and_hold_510300,20000.0,510300,沪深300ETF,宽基,broad_index,3200,3.735,3.763,12041.6,1
2025-06-05,buy_and_hold_510300,20000.0,510300,沪深300ETF,宽基,broad_index,3200,3.735,3.773,12073.6,2
2025-06-06,buy_and_hold_510300,20000.0,510300,沪深300ETF,宽基,broad_index,3200,3.735,3.775,12080.0,3
2025-06-09,buy_and_hold_510300,20000.0,510300,沪深300ETF,宽基,broad_index,3200,3.735,3.784,12108.8,4
2025-06-10,buy_and_hold_510300,20000.0,510300,沪深300ETF,宽基,broad_index,3200,3.735,3.761,12035.2,5
2025-06-11,buy_and_hold_510300,20000.0,510300,沪深300ETF,宽基,broad_index,3200,3.735,3.793,12137.6,6
2025-06-12,buy_and_hold_510300,20000.0,510300,沪深300ETF,宽基,broad_index,3200,3.735,3.795,12144.0,7
2025-06-13,buy_and_hold_510300,20000.0,510300,沪深300ETF,宽基,broad_index,3200,3.735,3.769,12060.8,8
2025-06-16,buy_and_hold_510300,20000.0,510300,沪深300ETF,宽基,broad_index,3200,3.735,3.779,12092.8,9
2025-06-17,buy_and_hold_510300,20000.0,510300,沪深300ETF,宽基,broad_index,3200,3.735,3.778,12089.6,10
2025-06-18,buy_and_hold_510300,20000.0,510300,沪深300ETF,宽基,broad_index,3200,3.735,3.781,12099.2,11
2025-06-19,buy_and_hold_510300,20000.0,510300,沪深300ETF,宽基,broad_index,3200,3.735,3.75,12000.0,12
2025-06-20,buy_and_hold_510300,20000.0,510300,沪深300ETF,宽基,broad_index,3200,3.735,3.755,12016.0,13
2025-06-23,buy_and_hold_510300,20000.0,510300,沪深300ETF,宽基,broad_index,3200,3.735,3.768,12057.6,14
2025-06-24,buy_and_hold_510300,20000.0,510300,沪深300ETF,宽基,broad_index,3200,3.735,3.813,12201.6,15
2025-06-25,buy_and_hold_510300,20000.0,510300,沪深300ETF,宽基,broad_index,3200,3.735,3.878,12409.6,16
2025-06-26,buy_and_hold_510300,20000.0,510300,沪深300ETF,宽基,broad_index,3200,3.735,3.863,12361.6,17
2025-06-27,buy_and_hold_510300,20000.0,510300,沪深300ETF,宽基,broad_index,3200,3.735,3.84,12288.0,18
2025-06-30,buy_and_hold_510300,20000.0,510300,沪深300ETF,宽基,broad_index,3200,3.735,3.859,12348.8,19
2025-07-01,buy_and_hold_510300,20000.0,510300,沪深300ETF,宽基,broad_index,3200,3.735,3.865,12368.0,20
2025-07-02,buy_and_hold_510300,20000.0,510300,沪深300ETF,宽基,broad_index,3200,3.735,3.869,12380.8,21
2025-07-03,buy_and_hold_510300,20000.0,510300,沪深300ETF,宽基,broad_index,3200,3.735,3.892,12454.4,22
2025-07-04,buy_and_hold_510300,20000.0,510300,沪深300ETF,宽基,broad_index,3200,3.735,3.909,12508.8,23
2025-07-07,buy_and_hold_510300,20000.0,510300,沪深300ETF,宽基,broad_index,3200,3.735,3.891,12451.2,24
2025-07-08,buy_and_hold_510300,20000.0,510300,沪深300ETF,宽基,broad_index,3200,3.735,3.925,12560.0,25
2025-07-09,buy_and_hold_510300,20000.0,510300,沪深300ETF,宽基,broad_index,3200,3.735,3.922,12550.4,26
2025-07-10,buy_and_hold_510300,20000.0,510300,沪深300ETF,宽基,broad_index,3200,3.735,3.942,12614.4,27
2025-07-11,buy_and_hold_510300,20000.0,510300,沪深300ETF,宽基,broad_index,3200,3.735,3.956,12659.2,28
2025-07-14,buy_and_hold_510300,20000.0,510300,沪深300ETF,宽基,broad_index,3200,3.735,3.955,12656.0,29
2025-07-15,buy_and_hold_510300,20000.0,510300,沪深300ETF,宽基,broad_index,3200,3.735,3.955,12656.0,30
2025-07-16,buy_and_hold_510300,20000.0,510300,沪深300ETF,宽基,broad_index,3200,3.735,3.946,12627.2,31
2025-07-17,buy_and_hold_510300,20000.0,510300,沪深300ETF,宽基,broad_index,3200,3.735,3.979,12732.8,32
2025-07-18,buy_and_hold_510300,20000.0,510300,沪深300ETF,宽基,broad_index,3200,3.735,4.009,12828.8,33
2025-07-21,buy_and_hold_510300,20000.0,510300,沪深300ETF,宽基,broad_index,3200,3.735,4.034,12908.8,34
2025-07-22,buy_and_hold_510300,20000.0,510300,沪深300ETF,宽基,broad_index,3200,3.735,4.078,13049.6,35
2025-07-23,buy_and_hold_510300,20000.0,510300,沪深300ETF,宽基,broad_index,3200,3.735,4.076,13043.2,36
2025-07-24,buy_and_hold_510300,20000.0,510300,沪深300ETF,宽基,broad_index,3200,3.735,4.102,13126.4,37
2025-07-25,buy_and_hold_510300,20000.0,510300,沪深300ETF,宽基,broad_index,3200,3.735,4.08,13056.0,38
2025-07-28,buy_and_hold_510300,20000.0,510300,沪深300ETF,宽基,broad_index,3200,3.735,4.091,13091.2,39
2025-07-29,buy_and_hold_510300,20000.0,510300,沪深300ETF,宽基,broad_index,3200,3.735,4.112,13158.4,40
2025-07-30,buy_and_hold_510300,20000.0,510300,沪深300ETF,宽基,broad_index,3200,3.735,4.109,13148.8,41
2025-07-31,buy_and_hold_510300,20000.0,510300,沪深300ETF,宽基,broad_index,3200,3.735,4.032,12902.4,42
2025-08-01,buy_and_hold_510300,20000.0,510300,沪深300ETF,宽基,broad_index,3200,3.735,4.01,12832.0,43
2025-08-04,buy_and_hold_510300,20000.0,510300,沪深300ETF,宽基,broad_index,3200,3.735,4.029,12892.8,44
2025-08-05,buy_and_hold_510300,20000.0,510300,沪深300ETF,宽基,broad_index,3200,3.735,4.06,12992.0,45
2025-08-06,buy_and_hold_510300,20000.0,510300,沪深300ETF,宽基,broad_index,3200,3.735,4.071,13027.2,46
2025-08-07,buy_and_hold_510300,20000.0,510300,沪深300ETF,宽基,broad_index,3200,3.735,4.07,13024.0,47
2025-08-08,buy_and_hold_510300,20000.0,510300,沪深300ETF,宽基,broad_index,3200,3.735,4.06,12992.0,48
2025-08-11,buy_and_hold_510300,20000.0,510300,沪深300ETF,宽基,broad_index,3200,3.735,4.079,13052.8,49
2025-08-12,buy_and_hold_510300,20000.0,510300,沪深300ETF,宽基,broad_index,3200,3.735,4.105,13136.0,50
2025-08-13,buy_and_hold_510300,20000.0,510300,沪深300ETF,宽基,broad_index,3200,3.735,4.14,13248.0,51
2025-08-14,buy_and_hold_510300,20000.0,510300,沪深300ETF,宽基,broad_index,3200,3.735,4.133,13225.6,52
2025-08-15,buy_and_hold_510300,20000.0,510300,沪深300ETF,宽基,broad_index,3200,3.735,4.172,13350.4,53
2025-08-18,buy_and_hold_510300,20000.0,510300,沪深300ETF,宽基,broad_index,3200,3.735,4.204,13452.8,54
2025-08-19,buy_and_hold_510300,20000.0,510300,沪深300ETF,宽基,broad_index,3200,3.735,4.182,13382.4,55
2025-08-20,buy_and_hold_510300,20000.0,510300,沪深300ETF,宽基,broad_index,3200,3.735,4.241,13571.2,56
2025-08-21,buy_and_hold_510300,20000.0,510300,沪深300ETF,宽基,broad_index,3200,3.735,4.255,13616.0,57
2025-08-22,buy_and_hold_510300,20000.0,510300,沪深300ETF,宽基,broad_index,3200,3.735,4.356,13939.2,58
2025-08-25,buy_and_hold_510300,20000.0,510300,沪深300ETF,宽基,broad_index,3200,3.735,4.442,14214.4,59
2025-08-26,buy_and_hold_510300,20000.0,510300,沪深300ETF,宽基,broad_index,3200,3.735,4.418,14137.6,60
2025-08-27,buy_and_hold_510300,20000.0,510300,沪深300ETF,宽基,broad_index,3200,3.735,4.352,13926.4,61
2025-08-28,buy_and_hold_510300,20000.0,510300,沪深300ETF,宽基,broad_index,3200,3.735,4.436,14195.2,62
2025-08-29,buy_and_hold_510300,20000.0,510300,沪深300ETF,宽基,broad_index,3200,3.735,4.478,14329.6,63
2025-09-01,buy_and_hold_510300,20000.0,510300,沪深300ETF,宽基,broad_index,3200,3.735,4.493,14377.6,64
2025-09-02,buy_and_hold_510300,20000.0,510300,沪深300ETF,宽基,broad_index,3200,3.735,4.467,14294.4,65
2025-09-03,buy_and_hold_510300,20000.0,510300,沪深300ETF,宽基,broad_index,3200,3.735,4.426,14163.2,66
2025-09-04,buy_and_hold_510300,20000.0,510300,沪深300ETF,宽基,broad_index,3200,3.735,4.333,13865.6,67
2025-09-05,buy_and_hold_510300,20000.0,510300,沪深300ETF,宽基,broad_index,3200,3.735,4.431,14179.2,68
2025-09-08,buy_and_hold_510300,20000.0,510300,沪深300ETF,宽基,broad_index,3200,3.735,4.432,14182.4,69
2025-09-09,buy_and_hold_510300,20000.0,510300,沪深300ETF,宽基,broad_index,3200,3.735,4.405,14096.0,70
2025-09-10,buy_and_hold_510300,20000.0,510300,沪深300ETF,宽基,broad_index,3200,3.735,4.415,14128.0,71
2025-09-11,buy_and_hold_510300,20000.0,510300,沪深300ETF,宽基,broad_index,3200,3.735,4.537,14518.4,72
2025-09-12,buy_and_hold_510300,20000.0,510300,沪深300ETF,宽基,broad_index,3200,3.735,4.498,14393.6,73
2025-09-15,buy_and_hold_510300,20000.0,510300,沪深300ETF,宽基,broad_index,3200,3.735,4.506,14419.2,74
2025-09-16,buy_and_hold_510300,20000.0,510300,沪深300ETF,宽基,broad_index,3200,3.735,4.497,14390.4,75
2025-09-17,buy_and_hold_510300,20000.0,510300,沪深300ETF,宽基,broad_index,3200,3.735,4.53,14496.0,76
2025-09-18,buy_and_hold_510300,20000.0,510300,沪深300ETF,宽基,broad_index,3200,3.735,4.471,14307.2,77
2025-09-19,buy_and_hold_510300,20000.0,510300,沪深300ETF,宽基,broad_index,3200,3.735,4.481,14339.2,78
2025-09-22,buy_and_hold_510300,20000.0,510300,沪深300ETF,宽基,broad_index,3200,3.735,4.496,14387.2,79
2025-09-23,buy_and_hold_510300,20000.0,510300,沪深300ETF,宽基,broad_index,3200,3.735,4.499,14396.8,80
2025-09-24,buy_and_hold_510300,20000.0,510300,沪深300ETF,宽基,broad_index,3200,3.735,4.54,14528.0,81
2025-09-25,buy_and_hold_510300,20000.0,510300,沪深300ETF,宽基,broad_index,3200,3.735,4.572,14630.4,82
2025-09-26,buy_and_hold_510300,20000.0,510300,沪深300ETF,宽基,broad_index,3200,3.735,4.528,14489.6,83
2025-09-29,buy_and_hold_510300,20000.0,510300,沪深300ETF,宽基,broad_index,3200,3.735,4.605,14736.0,84
2025-09-30,buy_and_hold_510300,20000.0,510300,沪深300ETF,宽基,broad_index,3200,3.735,4.618,14777.6,85
2025-10-09,buy_and_hold_510300,20000.0,510300,沪深300ETF,宽基,broad_index,3200,3.735,4.693,15017.6,86
2025-10-10,buy_and_hold_510300,20000.0,510300,沪深300ETF,宽基,broad_index,3200,3.735,4.596,14707.2,87
2025-10-13,buy_and_hold_510300,20000.0,510300,沪深300ETF,宽基,broad_index,3200,3.735,4.569,14620.8,88
2025-10-14,buy_and_hold_510300,20000.0,510300,沪深300ETF,宽基,broad_index,3200,3.735,4.522,14470.4,89
2025-10-15,buy_and_hold_510300,20000.0,510300,沪深300ETF,宽基,broad_index,3200,3.735,4.583,14665.6,90
2025-10-16,buy_and_hold_510300,20000.0,510300,沪深300ETF,宽基,broad_index,3200,3.735,4.598,14713.6,91
2025-10-17,buy_and_hold_510300,20000.0,510300,沪深300ETF,宽基,broad_index,3200,3.735,4.501,14403.2,92
2025-10-20,buy_and_hold_510300,20000.0,510300,沪深300ETF,宽基,broad_index,3200,3.735,4.517,14454.4,93
2025-10-21,buy_and_hold_510300,20000.0,510300,沪深300ETF,宽基,broad_index,3200,3.735,4.587,14678.4,94
2025-10-22,buy_and_hold_510300,20000.0,510300,沪深300ETF,宽基,broad_index,3200,3.735,4.572,14630.4,95
2025-10-23,buy_and_hold_510300,20000.0,510300,沪深300ETF,宽基,broad_index,3200,3.735,4.59,14688.0,96
2025-10-24,buy_and_hold_510300,20000.0,510300,沪深300ETF,宽基,broad_index,3200,3.735,4.647,14870.4,97
2025-10-27,buy_and_hold_510300,20000.0,510300,沪深300ETF,宽基,broad_index,3200,3.735,4.703,15049.6,98
2025-10-28,buy_and_hold_510300,20000.0,510300,沪深300ETF,宽基,broad_index,3200,3.735,4.679,14972.8,99
2025-10-29,buy_and_hold_510300,20000.0,510300,沪深300ETF,宽基,broad_index,3200,3.735,4.739,15164.8,100
2025-10-30,buy_and_hold_510300,20000.0,510300,沪深300ETF,宽基,broad_index,3200,3.735,4.7,15040.0,101
2025-10-31,buy_and_hold_510300,20000.0,510300,沪深300ETF,宽基,broad_index,3200,3.735,4.633,14825.6,102
2025-11-03,buy_and_hold_510300,20000.0,510300,沪深300ETF,宽基,broad_index,3200,3.735,4.64,14848.0,103
2025-11-04,buy_and_hold_510300,20000.0,510300,沪深300ETF,宽基,broad_index,3200,3.735,4.606,14739.2,104
2025-11-05,buy_and_hold_510300,20000.0,510300,沪深300ETF,宽基,broad_index,3200,3.735,4.612,14758.4,105
2025-11-06,buy_and_hold_510300,20000.0,510300,沪深300ETF,宽基,broad_index,3200,3.735,4.682,14982.4,106
2025-11-07,buy_and_hold_510300,20000.0,510300,沪深300ETF,宽基,broad_index,3200,3.735,4.672,14950.4,107
2025-11-10,buy_and_hold_510300,20000.0,510300,沪深300ETF,宽基,broad_index,3200,3.735,4.684,14988.8,108
2025-11-11,buy_and_hold_510300,20000.0,510300,沪深300ETF,宽基,broad_index,3200,3.735,4.64,14848.0,109
2025-11-12,buy_and_hold_510300,20000.0,510300,沪深300ETF,宽基,broad_index,3200,3.735,4.642,14854.4,110
2025-11-13,buy_and_hold_510300,20000.0,510300,沪深300ETF,宽基,broad_index,3200,3.735,4.689,15004.8,111
2025-11-14,buy_and_hold_510300,20000.0,510300,沪深300ETF,宽基,broad_index,3200,3.735,4.618,14777.6,112
2025-11-17,buy_and_hold_510300,20000.0,510300,沪深300ETF,宽基,broad_index,3200,3.735,4.587,14678.4,113
2025-11-18,buy_and_hold_510300,20000.0,510300,沪深300ETF,宽基,broad_index,3200,3.735,4.56,14592.0,114
2025-11-19,buy_and_hold_510300,20000.0,510300,沪深300ETF,宽基,broad_index,3200,3.735,4.574,14636.8,115
2025-11-20,buy_and_hold_510300,20000.0,510300,沪深300ETF,宽基,broad_index,3200,3.735,4.553,14569.6,116
2025-11-21,buy_and_hold_510300,20000.0,510300,沪深300ETF,宽基,broad_index,3200,3.735,4.441,14211.2,117
2025-11-24,buy_and_hold_510300,20000.0,510300,沪深300ETF,宽基,broad_index,3200,3.735,4.434,14188.8,118
2025-11-25,buy_and_hold_510300,20000.0,510300,沪深300ETF,宽基,broad_index,3200,3.735,4.474,14316.8,119
2025-11-26,buy_and_hold_510300,20000.0,510300,沪深300ETF,宽基,broad_index,3200,3.735,4.503,14409.6,120
2025-11-27,buy_and_hold_510300,20000.0,510300,沪深300ETF,宽基,broad_index,3200,3.735,4.499,14396.8,121
2025-11-28,buy_and_hold_510300,20000.0,510300,沪深300ETF,宽基,broad_index,3200,3.735,4.512,14438.4,122
2025-12-01,buy_and_hold_510300,20000.0,510300,沪深300ETF,宽基,broad_index,3200,3.735,4.564,14604.8,123
2025-12-02,buy_and_hold_510300,20000.0,510300,沪深300ETF,宽基,broad_index,3200,3.735,4.543,14537.6,124
2025-12-03,buy_and_hold_510300,20000.0,510300,沪深300ETF,宽基,broad_index,3200,3.735,4.522,14470.4,125
2025-12-04,buy_and_hold_510300,20000.0,510300,沪深300ETF,宽基,broad_index,3200,3.735,4.534,14508.8,126
2025-12-05,buy_and_hold_510300,20000.0,510300,沪深300ETF,宽基,broad_index,3200,3.735,4.575,14640.0,127
2025-12-08,buy_and_hold_510300,20000.0,510300,沪深300ETF,宽基,broad_index,3200,3.735,4.609,14748.8,128
2025-12-09,buy_and_hold_510300,20000.0,510300,沪深300ETF,宽基,broad_index,3200,3.735,4.585,14672.0,129
2025-12-10,buy_and_hold_510300,20000.0,510300,沪深300ETF,宽基,broad_index,3200,3.735,4.579,14652.8,130
2025-12-11,buy_and_hold_510300,20000.0,510300,沪深300ETF,宽基,broad_index,3200,3.735,4.545,14544.0,131
2025-12-12,buy_and_hold_510300,20000.0,510300,沪深300ETF,宽基,broad_index,3200,3.735,4.571,14627.2,132
2025-12-15,buy_and_hold_510300,20000.0,510300,沪深300ETF,宽基,broad_index,3200,3.735,4.544,14540.8,133
2025-12-16,buy_and_hold_510300,20000.0,510300,沪深300ETF,宽基,broad_index,3200,3.735,4.497,14390.4,134
2025-12-17,buy_and_hold_510300,20000.0,510300,沪深300ETF,宽基,broad_index,3200,3.735,4.576,14643.2,135
2025-12-18,buy_and_hold_510300,20000.0,510300,沪深300ETF,宽基,broad_index,3200,3.735,4.545,14544.0,136
2025-12-19,buy_and_hold_510300,20000.0,510300,沪深300ETF,宽基,broad_index,3200,3.735,4.565,14608.0,137
2025-12-22,buy_and_hold_510300,20000.0,510300,沪深300ETF,宽基,broad_index,3200,3.735,4.607,14742.4,138
2025-12-23,buy_and_hold_510300,20000.0,510300,沪深300ETF,宽基,broad_index,3200,3.735,4.617,14774.4,139
2025-12-24,buy_and_hold_510300,20000.0,510300,沪深300ETF,宽基,broad_index,3200,3.735,4.634,14828.8,140
2025-12-25,buy_and_hold_510300,20000.0,510300,沪深300ETF,宽基,broad_index,3200,3.735,4.643,14857.6,141
2025-12-26,buy_and_hold_510300,20000.0,510300,沪深300ETF,宽基,broad_index,3200,3.735,4.661,14915.2,142
2025-12-29,buy_and_hold_510300,20000.0,510300,沪深300ETF,宽基,broad_index,3200,3.735,4.64,14848.0,143
2025-12-30,buy_and_hold_510300,20000.0,510300,沪深300ETF,宽基,broad_index,3200,3.735,4.65,14880.0,144
2025-12-31,buy_and_hold_510300,20000.0,510300,沪深300ETF,宽基,broad_index,3200,3.735,4.63,14816.0,145
2026-01-05,buy_and_hold_510300,20000.0,510300,沪深300ETF,宽基,broad_index,3200,3.735,4.844,15500.8,146
2026-01-06,buy_and_hold_510300,20000.0,510300,沪深300ETF,宽基,broad_index,3200,3.735,4.919,15740.8,147
2026-01-07,buy_and_hold_510300,20000.0,510300,沪深300ETF,宽基,broad_index,3200,3.735,4.901,15683.2,148
2026-01-08,buy_and_hold_510300,20000.0,510300,沪深300ETF,宽基,broad_index,3200,3.735,4.863,15561.6,149
2026-01-09,buy_and_hold_510300,20000.0,510300,沪深300ETF,宽基,broad_index,3200,3.735,4.885,15632.0,150
2026-01-12,buy_and_hold_510300,20000.0,510300,沪深300ETF,宽基,broad_index,3200,3.735,4.913,15721.6,151
2026-01-13,buy_and_hold_510300,20000.0,510300,沪深300ETF,宽基,broad_index,3200,3.735,4.896,15667.2,152
2026-01-14,buy_and_hold_510300,20000.0,510300,沪深300ETF,宽基,broad_index,3200,3.735,4.866,15571.2,153
2026-01-15,buy_and_hold_510300,20000.0,510300,沪深300ETF,宽基,broad_index,3200,3.735,4.875,15600.0,154
2026-01-16,buy_and_hold_510300,20000.0,510300,沪深300ETF,宽基,broad_index,3200,3.735,4.859,15548.8,155
2026-01-19,buy_and_hold_510300,20000.0,510300,沪深300ETF,宽基,broad_index,3200,3.735,4.738,15161.6,156
2026-01-20,buy_and_hold_510300,20000.0,510300,沪深300ETF,宽基,broad_index,3200,3.735,4.724,15116.8,157
2026-01-21,buy_and_hold_510300,20000.0,510300,沪深300ETF,宽基,broad_index,3200,3.735,4.73,15136.0,158
2026-01-22,buy_and_hold_510300,20000.0,510300,沪深300ETF,宽基,broad_index,3200,3.735,4.727,15126.4,159
2026-01-23,buy_and_hold_510300,20000.0,510300,沪深300ETF,宽基,broad_index,3200,3.735,4.704,15052.8,160
2026-01-26,buy_and_hold_510300,20000.0,510300,沪深300ETF,宽基,broad_index,3200,3.735,4.712,15078.4,161
2026-01-27,buy_and_hold_510300,20000.0,510300,沪深300ETF,宽基,broad_index,3200,3.735,4.71,15072.0,162
2026-01-28,buy_and_hold_510300,20000.0,510300,沪深300ETF,宽基,broad_index,3200,3.735,4.725,15120.0,163
2026-01-29,buy_and_hold_510300,20000.0,510300,沪深300ETF,宽基,broad_index,3200,3.735,4.768,15257.6,164
2026-01-30,buy_and_hold_510300,20000.0,510300,沪深300ETF,宽基,broad_index,3200,3.735,4.711,15075.2,165
2026-02-02,buy_and_hold_510300,20000.0,510300,沪深300ETF,宽基,broad_index,3200,3.735,4.6,14720.0,166
2026-02-03,buy_and_hold_510300,20000.0,510300,沪深300ETF,宽基,broad_index,3200,3.735,4.664,14924.8,167
2026-02-04,buy_and_hold_510300,20000.0,510300,沪深300ETF,宽基,broad_index,3200,3.735,4.707,15062.4,168
2026-02-05,buy_and_hold_510300,20000.0,510300,沪深300ETF,宽基,broad_index,3200,3.735,4.679,14972.8,169
2026-02-06,buy_and_hold_510300,20000.0,510300,沪深300ETF,宽基,broad_index,3200,3.735,4.649,14876.8,170
2026-02-09,buy_and_hold_510300,20000.0,510300,沪深300ETF,宽基,broad_index,3200,3.735,4.727,15126.4,171
2026-02-10,buy_and_hold_510300,20000.0,510300,沪深300ETF,宽基,broad_index,3200,3.735,4.733,15145.6,172
2026-02-11,buy_and_hold_510300,20000.0,510300,沪深300ETF,宽基,broad_index,3200,3.735,4.723,15113.6,173
2026-02-12,buy_and_hold_510300,20000.0,510300,沪深300ETF,宽基,broad_index,3200,3.735,4.727,15126.4,174
2026-02-13,buy_and_hold_510300,20000.0,510300,沪深300ETF,宽基,broad_index,3200,3.735,4.671,14947.2,175
2026-02-24,buy_and_hold_510300,20000.0,510300,沪深300ETF,宽基,broad_index,3200,3.735,4.716,15091.2,176
2026-02-25,buy_and_hold_510300,20000.0,510300,沪深300ETF,宽基,broad_index,3200,3.735,4.75,15200.0,177
2026-02-26,buy_and_hold_510300,20000.0,510300,沪深300ETF,宽基,broad_index,3200,3.735,4.735,15152.0,178
2026-02-27,buy_and_hold_510300,20000.0,510300,沪深300ETF,宽基,broad_index,3200,3.735,4.725,15120.0,179
2026-03-02,buy_and_hold_510300,20000.0,510300,沪深300ETF,宽基,broad_index,3200,3.735,4.739,15164.8,180
2026-03-03,buy_and_hold_510300,20000.0,510300,沪深300ETF,宽基,broad_index,3200,3.735,4.678,14969.6,181
2026-03-04,buy_and_hold_510300,20000.0,510300,沪深300ETF,宽基,broad_index,3200,3.735,4.61,14752.0,182
2026-03-05,buy_and_hold_510300,20000.0,510300,沪深300ETF,宽基,broad_index,3200,3.735,4.654,14892.8,183
2026-03-06,buy_and_hold_510300,20000.0,510300,沪深300ETF,宽基,broad_index,3200,3.735,4.667,14934.4,184
2026-03-09,buy_and_hold_510300,20000.0,510300,沪深300ETF,宽基,broad_index,3200,3.735,4.629,14812.8,185
2026-03-10,buy_and_hold_510300,20000.0,510300,沪深300ETF,宽基,broad_index,3200,3.735,4.683,14985.6,186
2026-03-11,buy_and_hold_510300,20000.0,510300,沪深300ETF,宽基,broad_index,3200,3.735,4.711,15075.2,187
2026-03-12,buy_and_hold_510300,20000.0,510300,沪深300ETF,宽基,broad_index,3200,3.735,4.694,15020.8,188
2026-03-13,buy_and_hold_510300,20000.0,510300,沪深300ETF,宽基,broad_index,3200,3.735,4.677,14966.4,189
2026-03-16,buy_and_hold_510300,20000.0,510300,沪深300ETF,宽基,broad_index,3200,3.735,4.68,14976.0,190
2026-03-17,buy_and_hold_510300,20000.0,510300,沪深300ETF,宽基,broad_index,3200,3.735,4.646,14867.2,191
2026-03-18,buy_and_hold_510300,20000.0,510300,沪深300ETF,宽基,broad_index,3200,3.735,4.662,14918.4,192
2026-03-19,buy_and_hold_510300,20000.0,510300,沪深300ETF,宽基,broad_index,3200,3.735,4.599,14716.8,193
2026-03-20,buy_and_hold_510300,20000.0,510300,沪深300ETF,宽基,broad_index,3200,3.735,4.576,14643.2,194
2026-03-23,buy_and_hold_510300,20000.0,510300,沪深300ETF,宽基,broad_index,3200,3.735,4.43,14176.0,195
2026-03-24,buy_and_hold_510300,20000.0,510300,沪深300ETF,宽基,broad_index,3200,3.735,4.479,14332.8,196
2026-03-25,buy_and_hold_510300,20000.0,510300,沪深300ETF,宽基,broad_index,3200,3.735,4.544,14540.8,197
2026-03-26,buy_and_hold_510300,20000.0,510300,沪深300ETF,宽基,broad_index,3200,3.735,4.488,14361.6,198
2026-03-27,buy_and_hold_510300,20000.0,510300,沪深300ETF,宽基,broad_index,3200,3.735,4.508,14425.6,199
2026-03-30,buy_and_hold_510300,20000.0,510300,沪深300ETF,宽基,broad_index,3200,3.735,4.5,14400.0,200
2026-03-31,buy_and_hold_510300,20000.0,510300,沪深300ETF,宽基,broad_index,3200,3.735,4.463,14281.6,201
2026-04-01,buy_and_hold_510300,20000.0,510300,沪深300ETF,宽基,broad_index,3200,3.735,4.534,14508.8,202
2026-04-02,buy_and_hold_510300,20000.0,510300,沪深300ETF,宽基,broad_index,3200,3.735,4.489,14364.8,203
2026-04-03,buy_and_hold_510300,20000.0,510300,沪深300ETF,宽基,broad_index,3200,3.735,4.454,14252.8,204
2026-04-07,buy_and_hold_510300,20000.0,510300,沪深300ETF,宽基,broad_index,3200,3.735,4.446,14227.2,205
2026-04-08,buy_and_hold_510300,20000.0,510300,沪深300ETF,宽基,broad_index,3200,3.735,4.602,14726.4,206
2026-04-09,buy_and_hold_510300,20000.0,510300,沪深300ETF,宽基,broad_index,3200,3.735,4.572,14630.4,207
2026-04-10,buy_and_hold_510300,20000.0,510300,沪深300ETF,宽基,broad_index,3200,3.735,4.642,14854.4,208
2026-04-13,buy_and_hold_510300,20000.0,510300,沪深300ETF,宽基,broad_index,3200,3.735,4.652,14886.4,209
2026-04-14,buy_and_hold_510300,20000.0,510300,沪深300ETF,宽基,broad_index,3200,3.735,4.712,15078.4,210
2026-04-15,buy_and_hold_510300,20000.0,510300,沪深300ETF,宽基,broad_index,3200,3.735,4.694,15020.8,211
2026-04-16,buy_and_hold_510300,20000.0,510300,沪深300ETF,宽基,broad_index,3200,3.735,4.746,15187.2,212
2026-04-17,buy_and_hold_510300,20000.0,510300,沪深300ETF,宽基,broad_index,3200,3.735,4.739,15164.8,213
2026-04-20,buy_and_hold_510300,20000.0,510300,沪深300ETF,宽基,broad_index,3200,3.735,4.765,15248.0,214
2026-04-21,buy_and_hold_510300,20000.0,510300,沪深300ETF,宽基,broad_index,3200,3.735,4.776,15283.2,215
2026-04-22,buy_and_hold_510300,20000.0,510300,沪深300ETF,宽基,broad_index,3200,3.735,4.811,15395.2,216
2026-04-23,buy_and_hold_510300,20000.0,510300,沪深300ETF,宽基,broad_index,3200,3.735,4.801,15363.2,217
2026-04-24,buy_and_hold_510300,20000.0,510300,沪深300ETF,宽基,broad_index,3200,3.735,4.782,15302.4,218
2026-04-27,buy_and_hold_510300,20000.0,510300,沪深300ETF,宽基,broad_index,3200,3.735,4.782,15302.4,219
2026-04-28,buy_and_hold_510300,20000.0,510300,沪深300ETF,宽基,broad_index,3200,3.735,4.77,15264.0,220
2026-04-29,buy_and_hold_510300,20000.0,510300,沪深300ETF,宽基,broad_index,3200,3.735,4.821,15427.2,221
2026-04-30,buy_and_hold_510300,20000.0,510300,沪深300ETF,宽基,broad_index,3200,3.735,4.824,15436.8,222
2026-05-06,buy_and_hold_510300,20000.0,510300,沪深300ETF,宽基,broad_index,3200,3.735,4.888,15641.6,223
2026-05-07,buy_and_hold_510300,20000.0,510300,沪深300ETF,宽基,broad_index,3200,3.735,4.912,15718.4,224
2026-05-08,buy_and_hold_510300,20000.0,510300,沪深300ETF,宽基,broad_index,3200,3.735,4.886,15635.2,225
2026-05-11,buy_and_hold_510300,20000.0,510300,沪深300ETF,宽基,broad_index,3200,3.735,4.966,15891.2,226
2026-05-12,buy_and_hold_510300,20000.0,510300,沪深300ETF,宽基,broad_index,3200,3.735,4.963,15881.6,227
2026-05-13,buy_and_hold_510300,20000.0,510300,沪深300ETF,宽基,broad_index,3200,3.735,5.017,16054.4,228
2026-05-14,buy_and_hold_510300,20000.0,510300,沪深300ETF,宽基,broad_index,3200,3.735,4.941,15811.2,229
2026-05-15,buy_and_hold_510300,20000.0,510300,沪深300ETF,宽基,broad_index,3200,3.735,4.878,15609.6,230
2026-05-18,buy_and_hold_510300,20000.0,510300,沪深300ETF,宽基,broad_index,3200,3.735,4.852,15526.4,231
2026-05-19,buy_and_hold_510300,20000.0,510300,沪深300ETF,宽基,broad_index,3200,3.735,4.869,15580.8,232
2026-05-20,buy_and_hold_510300,20000.0,510300,沪深300ETF,宽基,broad_index,3200,3.735,4.871,15587.2,233
2026-05-21,buy_and_hold_510300,20000.0,510300,沪深300ETF,宽基,broad_index,3200,3.735,4.808,15385.6,234
2026-05-22,buy_and_hold_510300,20000.0,510300,沪深300ETF,宽基,broad_index,3200,3.735,4.862,15558.4,235
2026-05-25,buy_and_hold_510300,20000.0,510300,沪深300ETF,宽基,broad_index,3200,3.735,4.937,15798.4,236
2026-05-26,buy_and_hold_510300,20000.0,510300,沪深300ETF,宽基,broad_index,3200,3.735,4.972,15910.4,237
2026-05-27,buy_and_hold_510300,20000.0,510300,沪深300ETF,宽基,broad_index,3200,3.735,4.932,15782.4,238
2026-05-28,buy_and_hold_510300,20000.0,510300,沪深300ETF,宽基,broad_index,3200,3.735,4.932,15782.4,239
2026-05-29,buy_and_hold_510300,20000.0,510300,沪深300ETF,宽基,broad_index,3200,3.735,4.923,15753.6,240
2026-06-01,buy_and_hold_510300,20000.0,510300,沪深300ETF,宽基,broad_index,3200,3.735,4.868,15577.6,241
2026-06-02,buy_and_hold_510300,20000.0,510300,沪深300ETF,宽基,broad_index,3200,3.735,4.936,15795.2,242
2026-06-03,buy_and_hold_510300,20000.0,510300,沪深300ETF,宽基,broad_index,3200,3.735,4.965,15888.0,243
2026-06-04,buy_and_hold_510300,20000.0,510300,沪深300ETF,宽基,broad_index,3200,3.735,4.926,15763.2,244
2026-06-05,buy_and_hold_510300,20000.0,510300,沪深300ETF,宽基,broad_index,3200,3.735,4.843,15497.6,245
2026-06-08,buy_and_hold_510300,20000.0,510300,沪深300ETF,宽基,broad_index,3200,3.735,4.739,15164.8,246
2026-06-09,buy_and_hold_510300,20000.0,510300,沪深300ETF,宽基,broad_index,3200,3.735,4.826,15443.2,247
2026-06-10,buy_and_hold_510300,20000.0,510300,沪深300ETF,宽基,broad_index,3200,3.735,4.784,15308.8,248
2026-06-11,buy_and_hold_510300,20000.0,510300,沪深300ETF,宽基,broad_index,3200,3.735,4.751,15203.2,249
2026-06-12,buy_and_hold_510300,20000.0,510300,沪深300ETF,宽基,broad_index,3200,3.735,4.818,15417.6,250
2026-06-15,buy_and_hold_510300,20000.0,510300,沪深300ETF,宽基,broad_index,3200,3.735,4.919,15740.8,251
2026-06-16,buy_and_hold_510300,20000.0,510300,沪深300ETF,宽基,broad_index,3200,3.735,4.91,15712.0,252
2026-06-17,buy_and_hold_510300,20000.0,510300,沪深300ETF,宽基,broad_index,3200,3.735,4.958,15865.6,253
2026-06-18,buy_and_hold_510300,20000.0,510300,沪深300ETF,宽基,broad_index,3200,3.735,4.984,15948.8,254
2025-06-03,buy_and_hold_510300,10000.0,510300,沪深300ETF,宽基,broad_index,1600,3.735,3.746,5993.6,0
2025-06-04,buy_and_hold_510300,10000.0,510300,沪深300ETF,宽基,broad_index,1600,3.735,3.763,6020.8,1
2025-06-05,buy_and_hold_510300,10000.0,510300,沪深300ETF,宽基,broad_index,1600,3.735,3.773,6036.8,2
2025-06-06,buy_and_hold_510300,10000.0,510300,沪深300ETF,宽基,broad_index,1600,3.735,3.775,6040.0,3
2025-06-09,buy_and_hold_510300,10000.0,510300,沪深300ETF,宽基,broad_index,1600,3.735,3.784,6054.4,4
2025-06-10,buy_and_hold_510300,10000.0,510300,沪深300ETF,宽基,broad_index,1600,3.735,3.761,6017.6,5
2025-06-11,buy_and_hold_510300,10000.0,510300,沪深300ETF,宽基,broad_index,1600,3.735,3.793,6068.8,6
2025-06-12,buy_and_hold_510300,10000.0,510300,沪深300ETF,宽基,broad_index,1600,3.735,3.795,6072.0,7
2025-06-13,buy_and_hold_510300,10000.0,510300,沪深300ETF,宽基,broad_index,1600,3.735,3.769,6030.4,8
2025-06-16,buy_and_hold_510300,10000.0,510300,沪深300ETF,宽基,broad_index,1600,3.735,3.779,6046.4,9
2025-06-17,buy_and_hold_510300,10000.0,510300,沪深300ETF,宽基,broad_index,1600,3.735,3.778,6044.8,10
2025-06-18,buy_and_hold_510300,10000.0,510300,沪深300ETF,宽基,broad_index,1600,3.735,3.781,6049.6,11
2025-06-19,buy_and_hold_510300,10000.0,510300,沪深300ETF,宽基,broad_index,1600,3.735,3.75,6000.0,12
2025-06-20,buy_and_hold_510300,10000.0,510300,沪深300ETF,宽基,broad_index,1600,3.735,3.755,6008.0,13
2025-06-23,buy_and_hold_510300,10000.0,510300,沪深300ETF,宽基,broad_index,1600,3.735,3.768,6028.8,14
2025-06-24,buy_and_hold_510300,10000.0,510300,沪深300ETF,宽基,broad_index,1600,3.735,3.813,6100.8,15
2025-06-25,buy_and_hold_510300,10000.0,510300,沪深300ETF,宽基,broad_index,1600,3.735,3.878,6204.8,16
2025-06-26,buy_and_hold_510300,10000.0,510300,沪深300ETF,宽基,broad_index,1600,3.735,3.863,6180.8,17
2025-06-27,buy_and_hold_510300,10000.0,510300,沪深300ETF,宽基,broad_index,1600,3.735,3.84,6144.0,18
2025-06-30,buy_and_hold_510300,10000.0,510300,沪深300ETF,宽基,broad_index,1600,3.735,3.859,6174.4,19
2025-07-01,buy_and_hold_510300,10000.0,510300,沪深300ETF,宽基,broad_index,1600,3.735,3.865,6184.0,20
2025-07-02,buy_and_hold_510300,10000.0,510300,沪深300ETF,宽基,broad_index,1600,3.735,3.869,6190.4,21
2025-07-03,buy_and_hold_510300,10000.0,510300,沪深300ETF,宽基,broad_index,1600,3.735,3.892,6227.2,22
2025-07-04,buy_and_hold_510300,10000.0,510300,沪深300ETF,宽基,broad_index,1600,3.735,3.909,6254.4,23
2025-07-07,buy_and_hold_510300,10000.0,510300,沪深300ETF,宽基,broad_index,1600,3.735,3.891,6225.6,24
2025-07-08,buy_and_hold_510300,10000.0,510300,沪深300ETF,宽基,broad_index,1600,3.735,3.925,6280.0,25
2025-07-09,buy_and_hold_510300,10000.0,510300,沪深300ETF,宽基,broad_index,1600,3.735,3.922,6275.2,26
2025-07-10,buy_and_hold_510300,10000.0,510300,沪深300ETF,宽基,broad_index,1600,3.735,3.942,6307.2,27
2025-07-11,buy_and_hold_510300,10000.0,510300,沪深300ETF,宽基,broad_index,1600,3.735,3.956,6329.6,28
2025-07-14,buy_and_hold_510300,10000.0,510300,沪深300ETF,宽基,broad_index,1600,3.735,3.955,6328.0,29
2025-07-15,buy_and_hold_510300,10000.0,510300,沪深300ETF,宽基,broad_index,1600,3.735,3.955,6328.0,30
2025-07-16,buy_and_hold_510300,10000.0,510300,沪深300ETF,宽基,broad_index,1600,3.735,3.946,6313.6,31
2025-07-17,buy_and_hold_510300,10000.0,510300,沪深300ETF,宽基,broad_index,1600,3.735,3.979,6366.4,32
2025-07-18,buy_and_hold_510300,10000.0,510300,沪深300ETF,宽基,broad_index,1600,3.735,4.009,6414.4,33
2025-07-21,buy_and_hold_510300,10000.0,510300,沪深300ETF,宽基,broad_index,1600,3.735,4.034,6454.4,34
2025-07-22,buy_and_hold_510300,10000.0,510300,沪深300ETF,宽基,broad_index,1600,3.735,4.078,6524.8,35
2025-07-23,buy_and_hold_510300,10000.0,510300,沪深300ETF,宽基,broad_index,1600,3.735,4.076,6521.6,36
2025-07-24,buy_and_hold_510300,10000.0,510300,沪深300ETF,宽基,broad_index,1600,3.735,4.102,6563.2,37
2025-07-25,buy_and_hold_510300,10000.0,510300,沪深300ETF,宽基,broad_index,1600,3.735,4.08,6528.0,38
2025-07-28,buy_and_hold_510300,10000.0,510300,沪深300ETF,宽基,broad_index,1600,3.735,4.091,6545.6,39
2025-07-29,buy_and_hold_510300,10000.0,510300,沪深300ETF,宽基,broad_index,1600,3.735,4.112,6579.2,40
2025-07-30,buy_and_hold_510300,10000.0,510300,沪深300ETF,宽基,broad_index,1600,3.735,4.109,6574.4,41
2025-07-31,buy_and_hold_510300,10000.0,510300,沪深300ETF,宽基,broad_index,1600,3.735,4.032,6451.2,42
2025-08-01,buy_and_hold_510300,10000.0,510300,沪深300ETF,宽基,broad_index,1600,3.735,4.01,6416.0,43
2025-08-04,buy_and_hold_510300,10000.0,510300,沪深300ETF,宽基,broad_index,1600,3.735,4.029,6446.4,44
2025-08-05,buy_and_hold_510300,10000.0,510300,沪深300ETF,宽基,broad_index,1600,3.735,4.06,6496.0,45
2025-08-06,buy_and_hold_510300,10000.0,510300,沪深300ETF,宽基,broad_index,1600,3.735,4.071,6513.6,46
2025-08-07,buy_and_hold_510300,10000.0,510300,沪深300ETF,宽基,broad_index,1600,3.735,4.07,6512.0,47
2025-08-08,buy_and_hold_510300,10000.0,510300,沪深300ETF,宽基,broad_index,1600,3.735,4.06,6496.0,48
2025-08-11,buy_and_hold_510300,10000.0,510300,沪深300ETF,宽基,broad_index,1600,3.735,4.079,6526.4,49
2025-08-12,buy_and_hold_510300,10000.0,510300,沪深300ETF,宽基,broad_index,1600,3.735,4.105,6568.0,50
2025-08-13,buy_and_hold_510300,10000.0,510300,沪深300ETF,宽基,broad_index,1600,3.735,4.14,6624.0,51
2025-08-14,buy_and_hold_510300,10000.0,510300,沪深300ETF,宽基,broad_index,1600,3.735,4.133,6612.8,52
2025-08-15,buy_and_hold_510300,10000.0,510300,沪深300ETF,宽基,broad_index,1600,3.735,4.172,6675.2,53
2025-08-18,buy_and_hold_510300,10000.0,510300,沪深300ETF,宽基,broad_index,1600,3.735,4.204,6726.4,54
2025-08-19,buy_and_hold_510300,10000.0,510300,沪深300ETF,宽基,broad_index,1600,3.735,4.182,6691.2,55
2025-08-20,buy_and_hold_510300,10000.0,510300,沪深300ETF,宽基,broad_index,1600,3.735,4.241,6785.6,56
2025-08-21,buy_and_hold_510300,10000.0,510300,沪深300ETF,宽基,broad_index,1600,3.735,4.255,6808.0,57
2025-08-22,buy_and_hold_510300,10000.0,510300,沪深300ETF,宽基,broad_index,1600,3.735,4.356,6969.6,58
2025-08-25,buy_and_hold_510300,10000.0,510300,沪深300ETF,宽基,broad_index,1600,3.735,4.442,7107.2,59
2025-08-26,buy_and_hold_510300,10000.0,510300,沪深300ETF,宽基,broad_index,1600,3.735,4.418,7068.8,60
2025-08-27,buy_and_hold_510300,10000.0,510300,沪深300ETF,宽基,broad_index,1600,3.735,4.352,6963.2,61
2025-08-28,buy_and_hold_510300,10000.0,510300,沪深300ETF,宽基,broad_index,1600,3.735,4.436,7097.6,62
2025-08-29,buy_and_hold_510300,10000.0,510300,沪深300ETF,宽基,broad_index,1600,3.735,4.478,7164.8,63
2025-09-01,buy_and_hold_510300,10000.0,510300,沪深300ETF,宽基,broad_index,1600,3.735,4.493,7188.8,64
2025-09-02,buy_and_hold_510300,10000.0,510300,沪深300ETF,宽基,broad_index,1600,3.735,4.467,7147.2,65
2025-09-03,buy_and_hold_510300,10000.0,510300,沪深300ETF,宽基,broad_index,1600,3.735,4.426,7081.6,66
2025-09-04,buy_and_hold_510300,10000.0,510300,沪深300ETF,宽基,broad_index,1600,3.735,4.333,6932.8,67
2025-09-05,buy_and_hold_510300,10000.0,510300,沪深300ETF,宽基,broad_index,1600,3.735,4.431,7089.6,68
2025-09-08,buy_and_hold_510300,10000.0,510300,沪深300ETF,宽基,broad_index,1600,3.735,4.432,7091.2,69
2025-09-09,buy_and_hold_510300,10000.0,510300,沪深300ETF,宽基,broad_index,1600,3.735,4.405,7048.0,70
2025-09-10,buy_and_hold_510300,10000.0,510300,沪深300ETF,宽基,broad_index,1600,3.735,4.415,7064.0,71
2025-09-11,buy_and_hold_510300,10000.0,510300,沪深300ETF,宽基,broad_index,1600,3.735,4.537,7259.2,72
2025-09-12,buy_and_hold_510300,10000.0,510300,沪深300ETF,宽基,broad_index,1600,3.735,4.498,7196.8,73
2025-09-15,buy_and_hold_510300,10000.0,510300,沪深300ETF,宽基,broad_index,1600,3.735,4.506,7209.6,74
2025-09-16,buy_and_hold_510300,10000.0,510300,沪深300ETF,宽基,broad_index,1600,3.735,4.497,7195.2,75
2025-09-17,buy_and_hold_510300,10000.0,510300,沪深300ETF,宽基,broad_index,1600,3.735,4.53,7248.0,76
2025-09-18,buy_and_hold_510300,10000.0,510300,沪深300ETF,宽基,broad_index,1600,3.735,4.471,7153.6,77
2025-09-19,buy_and_hold_510300,10000.0,510300,沪深300ETF,宽基,broad_index,1600,3.735,4.481,7169.6,78
2025-09-22,buy_and_hold_510300,10000.0,510300,沪深300ETF,宽基,broad_index,1600,3.735,4.496,7193.6,79
2025-09-23,buy_and_hold_510300,10000.0,510300,沪深300ETF,宽基,broad_index,1600,3.735,4.499,7198.4,80
2025-09-24,buy_and_hold_510300,10000.0,510300,沪深300ETF,宽基,broad_index,1600,3.735,4.54,7264.0,81
2025-09-25,buy_and_hold_510300,10000.0,510300,沪深300ETF,宽基,broad_index,1600,3.735,4.572,7315.2,82
2025-09-26,buy_and_hold_510300,10000.0,510300,沪深300ETF,宽基,broad_index,1600,3.735,4.528,7244.8,83
2025-09-29,buy_and_hold_510300,10000.0,510300,沪深300ETF,宽基,broad_index,1600,3.735,4.605,7368.0,84
2025-09-30,buy_and_hold_510300,10000.0,510300,沪深300ETF,宽基,broad_index,1600,3.735,4.618,7388.8,85
2025-10-09,buy_and_hold_510300,10000.0,510300,沪深300ETF,宽基,broad_index,1600,3.735,4.693,7508.8,86
2025-10-10,buy_and_hold_510300,10000.0,510300,沪深300ETF,宽基,broad_index,1600,3.735,4.596,7353.6,87
2025-10-13,buy_and_hold_510300,10000.0,510300,沪深300ETF,宽基,broad_index,1600,3.735,4.569,7310.4,88
2025-10-14,buy_and_hold_510300,10000.0,510300,沪深300ETF,宽基,broad_index,1600,3.735,4.522,7235.2,89
2025-10-15,buy_and_hold_510300,10000.0,510300,沪深300ETF,宽基,broad_index,1600,3.735,4.583,7332.8,90
2025-10-16,buy_and_hold_510300,10000.0,510300,沪深300ETF,宽基,broad_index,1600,3.735,4.598,7356.8,91
2025-10-17,buy_and_hold_510300,10000.0,510300,沪深300ETF,宽基,broad_index,1600,3.735,4.501,7201.6,92
2025-10-20,buy_and_hold_510300,10000.0,510300,沪深300ETF,宽基,broad_index,1600,3.735,4.517,7227.2,93
2025-10-21,buy_and_hold_510300,10000.0,510300,沪深300ETF,宽基,broad_index,1600,3.735,4.587,7339.2,94
2025-10-22,buy_and_hold_510300,10000.0,510300,沪深300ETF,宽基,broad_index,1600,3.735,4.572,7315.2,95
2025-10-23,buy_and_hold_510300,10000.0,510300,沪深300ETF,宽基,broad_index,1600,3.735,4.59,7344.0,96
2025-10-24,buy_and_hold_510300,10000.0,510300,沪深300ETF,宽基,broad_index,1600,3.735,4.647,7435.2,97
2025-10-27,buy_and_hold_510300,10000.0,510300,沪深300ETF,宽基,broad_index,1600,3.735,4.703,7524.8,98
2025-10-28,buy_and_hold_510300,10000.0,510300,沪深300ETF,宽基,broad_index,1600,3.735,4.679,7486.4,99
2025-10-29,buy_and_hold_510300,10000.0,510300,沪深300ETF,宽基,broad_index,1600,3.735,4.739,7582.4,100
2025-10-30,buy_and_hold_510300,10000.0,510300,沪深300ETF,宽基,broad_index,1600,3.735,4.7,7520.0,101
2025-10-31,buy_and_hold_510300,10000.0,510300,沪深300ETF,宽基,broad_index,1600,3.735,4.633,7412.8,102
2025-11-03,buy_and_hold_510300,10000.0,510300,沪深300ETF,宽基,broad_index,1600,3.735,4.64,7424.0,103
2025-11-04,buy_and_hold_510300,10000.0,510300,沪深300ETF,宽基,broad_index,1600,3.735,4.606,7369.6,104
2025-11-05,buy_and_hold_510300,10000.0,510300,沪深300ETF,宽基,broad_index,1600,3.735,4.612,7379.2,105
2025-11-06,buy_and_hold_510300,10000.0,510300,沪深300ETF,宽基,broad_index,1600,3.735,4.682,7491.2,106
2025-11-07,buy_and_hold_510300,10000.0,510300,沪深300ETF,宽基,broad_index,1600,3.735,4.672,7475.2,107
2025-11-10,buy_and_hold_510300,10000.0,510300,沪深300ETF,宽基,broad_index,1600,3.735,4.684,7494.4,108
2025-11-11,buy_and_hold_510300,10000.0,510300,沪深300ETF,宽基,broad_index,1600,3.735,4.64,7424.0,109
2025-11-12,buy_and_hold_510300,10000.0,510300,沪深300ETF,宽基,broad_index,1600,3.735,4.642,7427.2,110
2025-11-13,buy_and_hold_510300,10000.0,510300,沪深300ETF,宽基,broad_index,1600,3.735,4.689,7502.4,111
2025-11-14,buy_and_hold_510300,10000.0,510300,沪深300ETF,宽基,broad_index,1600,3.735,4.618,7388.8,112
2025-11-17,buy_and_hold_510300,10000.0,510300,沪深300ETF,宽基,broad_index,1600,3.735,4.587,7339.2,113
2025-11-18,buy_and_hold_510300,10000.0,510300,沪深300ETF,宽基,broad_index,1600,3.735,4.56,7296.0,114
2025-11-19,buy_and_hold_510300,10000.0,510300,沪深300ETF,宽基,broad_index,1600,3.735,4.574,7318.4,115
2025-11-20,buy_and_hold_510300,10000.0,510300,沪深300ETF,宽基,broad_index,1600,3.735,4.553,7284.8,116
2025-11-21,buy_and_hold_510300,10000.0,510300,沪深300ETF,宽基,broad_index,1600,3.735,4.441,7105.6,117
2025-11-24,buy_and_hold_510300,10000.0,510300,沪深300ETF,宽基,broad_index,1600,3.735,4.434,7094.4,118
2025-11-25,buy_and_hold_510300,10000.0,510300,沪深300ETF,宽基,broad_index,1600,3.735,4.474,7158.4,119
2025-11-26,buy_and_hold_510300,10000.0,510300,沪深300ETF,宽基,broad_index,1600,3.735,4.503,7204.8,120
2025-11-27,buy_and_hold_510300,10000.0,510300,沪深300ETF,宽基,broad_index,1600,3.735,4.499,7198.4,121
2025-11-28,buy_and_hold_510300,10000.0,510300,沪深300ETF,宽基,broad_index,1600,3.735,4.512,7219.2,122
2025-12-01,buy_and_hold_510300,10000.0,510300,沪深300ETF,宽基,broad_index,1600,3.735,4.564,7302.4,123
2025-12-02,buy_and_hold_510300,10000.0,510300,沪深300ETF,宽基,broad_index,1600,3.735,4.543,7268.8,124
2025-12-03,buy_and_hold_510300,10000.0,510300,沪深300ETF,宽基,broad_index,1600,3.735,4.522,7235.2,125
2025-12-04,buy_and_hold_510300,10000.0,510300,沪深300ETF,宽基,broad_index,1600,3.735,4.534,7254.4,126
2025-12-05,buy_and_hold_510300,10000.0,510300,沪深300ETF,宽基,broad_index,1600,3.735,4.575,7320.0,127
2025-12-08,buy_and_hold_510300,10000.0,510300,沪深300ETF,宽基,broad_index,1600,3.735,4.609,7374.4,128
2025-12-09,buy_and_hold_510300,10000.0,510300,沪深300ETF,宽基,broad_index,1600,3.735,4.585,7336.0,129
2025-12-10,buy_and_hold_510300,10000.0,510300,沪深300ETF,宽基,broad_index,1600,3.735,4.579,7326.4,130
2025-12-11,buy_and_hold_510300,10000.0,510300,沪深300ETF,宽基,broad_index,1600,3.735,4.545,7272.0,131
2025-12-12,buy_and_hold_510300,10000.0,510300,沪深300ETF,宽基,broad_index,1600,3.735,4.571,7313.6,132
2025-12-15,buy_and_hold_510300,10000.0,510300,沪深300ETF,宽基,broad_index,1600,3.735,4.544,7270.4,133
2025-12-16,buy_and_hold_510300,10000.0,510300,沪深300ETF,宽基,broad_index,1600,3.735,4.497,7195.2,134
2025-12-17,buy_and_hold_510300,10000.0,510300,沪深300ETF,宽基,broad_index,1600,3.735,4.576,7321.6,135
2025-12-18,buy_and_hold_510300,10000.0,510300,沪深300ETF,宽基,broad_index,1600,3.735,4.545,7272.0,136
2025-12-19,buy_and_hold_510300,10000.0,510300,沪深300ETF,宽基,broad_index,1600,3.735,4.565,7304.0,137
2025-12-22,buy_and_hold_510300,10000.0,510300,沪深300ETF,宽基,broad_index,1600,3.735,4.607,7371.2,138
2025-12-23,buy_and_hold_510300,10000.0,510300,沪深300ETF,宽基,broad_index,1600,3.735,4.617,7387.2,139
2025-12-24,buy_and_hold_510300,10000.0,510300,沪深300ETF,宽基,broad_index,1600,3.735,4.634,7414.4,140
2025-12-25,buy_and_hold_510300,10000.0,510300,沪深300ETF,宽基,broad_index,1600,3.735,4.643,7428.8,141
2025-12-26,buy_and_hold_510300,10000.0,510300,沪深300ETF,宽基,broad_index,1600,3.735,4.661,7457.6,142
2025-12-29,buy_and_hold_510300,10000.0,510300,沪深300ETF,宽基,broad_index,1600,3.735,4.64,7424.0,143
2025-12-30,buy_and_hold_510300,10000.0,510300,沪深300ETF,宽基,broad_index,1600,3.735,4.65,7440.0,144
2025-12-31,buy_and_hold_510300,10000.0,510300,沪深300ETF,宽基,broad_index,1600,3.735,4.63,7408.0,145
2026-01-05,buy_and_hold_510300,10000.0,510300,沪深300ETF,宽基,broad_index,1600,3.735,4.844,7750.4,146
2026-01-06,buy_and_hold_510300,10000.0,510300,沪深300ETF,宽基,broad_index,1600,3.735,4.919,7870.4,147
2026-01-07,buy_and_hold_510300,10000.0,510300,沪深300ETF,宽基,broad_index,1600,3.735,4.901,7841.6,148
2026-01-08,buy_and_hold_510300,10000.0,510300,沪深300ETF,宽基,broad_index,1600,3.735,4.863,7780.8,149
2026-01-09,buy_and_hold_510300,10000.0,510300,沪深300ETF,宽基,broad_index,1600,3.735,4.885,7816.0,150
2026-01-12,buy_and_hold_510300,10000.0,510300,沪深300ETF,宽基,broad_index,1600,3.735,4.913,7860.8,151
2026-01-13,buy_and_hold_510300,10000.0,510300,沪深300ETF,宽基,broad_index,1600,3.735,4.896,7833.6,152
2026-01-14,buy_and_hold_510300,10000.0,510300,沪深300ETF,宽基,broad_index,1600,3.735,4.866,7785.6,153
2026-01-15,buy_and_hold_510300,10000.0,510300,沪深300ETF,宽基,broad_index,1600,3.735,4.875,7800.0,154
2026-01-16,buy_and_hold_510300,10000.0,510300,沪深300ETF,宽基,broad_index,1600,3.735,4.859,7774.4,155
2026-01-19,buy_and_hold_510300,10000.0,510300,沪深300ETF,宽基,broad_index,1600,3.735,4.738,7580.8,156
2026-01-20,buy_and_hold_510300,10000.0,510300,沪深300ETF,宽基,broad_index,1600,3.735,4.724,7558.4,157
2026-01-21,buy_and_hold_510300,10000.0,510300,沪深300ETF,宽基,broad_index,1600,3.735,4.73,7568.0,158
2026-01-22,buy_and_hold_510300,10000.0,510300,沪深300ETF,宽基,broad_index,1600,3.735,4.727,7563.2,159
2026-01-23,buy_and_hold_510300,10000.0,510300,沪深300ETF,宽基,broad_index,1600,3.735,4.704,7526.4,160
2026-01-26,buy_and_hold_510300,10000.0,510300,沪深300ETF,宽基,broad_index,1600,3.735,4.712,7539.2,161
2026-01-27,buy_and_hold_510300,10000.0,510300,沪深300ETF,宽基,broad_index,1600,3.735,4.71,7536.0,162
2026-01-28,buy_and_hold_510300,10000.0,510300,沪深300ETF,宽基,broad_index,1600,3.735,4.725,7560.0,163
2026-01-29,buy_and_hold_510300,10000.0,510300,沪深300ETF,宽基,broad_index,1600,3.735,4.768,7628.8,164
2026-01-30,buy_and_hold_510300,10000.0,510300,沪深300ETF,宽基,broad_index,1600,3.735,4.711,7537.6,165
2026-02-02,buy_and_hold_510300,10000.0,510300,沪深300ETF,宽基,broad_index,1600,3.735,4.6,7360.0,166
2026-02-03,buy_and_hold_510300,10000.0,510300,沪深300ETF,宽基,broad_index,1600,3.735,4.664,7462.4,167
2026-02-04,buy_and_hold_510300,10000.0,510300,沪深300ETF,宽基,broad_index,1600,3.735,4.707,7531.2,168
2026-02-05,buy_and_hold_510300,10000.0,510300,沪深300ETF,宽基,broad_index,1600,3.735,4.679,7486.4,169
2026-02-06,buy_and_hold_510300,10000.0,510300,沪深300ETF,宽基,broad_index,1600,3.735,4.649,7438.4,170
2026-02-09,buy_and_hold_510300,10000.0,510300,沪深300ETF,宽基,broad_index,1600,3.735,4.727,7563.2,171
2026-02-10,buy_and_hold_510300,10000.0,510300,沪深300ETF,宽基,broad_index,1600,3.735,4.733,7572.8,172
2026-02-11,buy_and_hold_510300,10000.0,510300,沪深300ETF,宽基,broad_index,1600,3.735,4.723,7556.8,173
2026-02-12,buy_and_hold_510300,10000.0,510300,沪深300ETF,宽基,broad_index,1600,3.735,4.727,7563.2,174
2026-02-13,buy_and_hold_510300,10000.0,510300,沪深300ETF,宽基,broad_index,1600,3.735,4.671,7473.6,175
2026-02-24,buy_and_hold_510300,10000.0,510300,沪深300ETF,宽基,broad_index,1600,3.735,4.716,7545.6,176
2026-02-25,buy_and_hold_510300,10000.0,510300,沪深300ETF,宽基,broad_index,1600,3.735,4.75,7600.0,177
2026-02-26,buy_and_hold_510300,10000.0,510300,沪深300ETF,宽基,broad_index,1600,3.735,4.735,7576.0,178
2026-02-27,buy_and_hold_510300,10000.0,510300,沪深300ETF,宽基,broad_index,1600,3.735,4.725,7560.0,179
2026-03-02,buy_and_hold_510300,10000.0,510300,沪深300ETF,宽基,broad_index,1600,3.735,4.739,7582.4,180
2026-03-03,buy_and_hold_510300,10000.0,510300,沪深300ETF,宽基,broad_index,1600,3.735,4.678,7484.8,181
2026-03-04,buy_and_hold_510300,10000.0,510300,沪深300ETF,宽基,broad_index,1600,3.735,4.61,7376.0,182
2026-03-05,buy_and_hold_510300,10000.0,510300,沪深300ETF,宽基,broad_index,1600,3.735,4.654,7446.4,183
2026-03-06,buy_and_hold_510300,10000.0,510300,沪深300ETF,宽基,broad_index,1600,3.735,4.667,7467.2,184
2026-03-09,buy_and_hold_510300,10000.0,510300,沪深300ETF,宽基,broad_index,1600,3.735,4.629,7406.4,185
2026-03-10,buy_and_hold_510300,10000.0,510300,沪深300ETF,宽基,broad_index,1600,3.735,4.683,7492.8,186
2026-03-11,buy_and_hold_510300,10000.0,510300,沪深300ETF,宽基,broad_index,1600,3.735,4.711,7537.6,187
2026-03-12,buy_and_hold_510300,10000.0,510300,沪深300ETF,宽基,broad_index,1600,3.735,4.694,7510.4,188
2026-03-13,buy_and_hold_510300,10000.0,510300,沪深300ETF,宽基,broad_index,1600,3.735,4.677,7483.2,189
2026-03-16,buy_and_hold_510300,10000.0,510300,沪深300ETF,宽基,broad_index,1600,3.735,4.68,7488.0,190
2026-03-17,buy_and_hold_510300,10000.0,510300,沪深300ETF,宽基,broad_index,1600,3.735,4.646,7433.6,191
2026-03-18,buy_and_hold_510300,10000.0,510300,沪深300ETF,宽基,broad_index,1600,3.735,4.662,7459.2,192
2026-03-19,buy_and_hold_510300,10000.0,510300,沪深300ETF,宽基,broad_index,1600,3.735,4.599,7358.4,193
2026-03-20,buy_and_hold_510300,10000.0,510300,沪深300ETF,宽基,broad_index,1600,3.735,4.576,7321.6,194
2026-03-23,buy_and_hold_510300,10000.0,510300,沪深300ETF,宽基,broad_index,1600,3.735,4.43,7088.0,195
2026-03-24,buy_and_hold_510300,10000.0,510300,沪深300ETF,宽基,broad_index,1600,3.735,4.479,7166.4,196
2026-03-25,buy_and_hold_510300,10000.0,510300,沪深300ETF,宽基,broad_index,1600,3.735,4.544,7270.4,197
2026-03-26,buy_and_hold_510300,10000.0,510300,沪深300ETF,宽基,broad_index,1600,3.735,4.488,7180.8,198
2026-03-27,buy_and_hold_510300,10000.0,510300,沪深300ETF,宽基,broad_index,1600,3.735,4.508,7212.8,199
2026-03-30,buy_and_hold_510300,10000.0,510300,沪深300ETF,宽基,broad_index,1600,3.735,4.5,7200.0,200
2026-03-31,buy_and_hold_510300,10000.0,510300,沪深300ETF,宽基,broad_index,1600,3.735,4.463,7140.8,201
2026-04-01,buy_and_hold_510300,10000.0,510300,沪深300ETF,宽基,broad_index,1600,3.735,4.534,7254.4,202
2026-04-02,buy_and_hold_510300,10000.0,510300,沪深300ETF,宽基,broad_index,1600,3.735,4.489,7182.4,203
2026-04-03,buy_and_hold_510300,10000.0,510300,沪深300ETF,宽基,broad_index,1600,3.735,4.454,7126.4,204
2026-04-07,buy_and_hold_510300,10000.0,510300,沪深300ETF,宽基,broad_index,1600,3.735,4.446,7113.6,205
2026-04-08,buy_and_hold_510300,10000.0,510300,沪深300ETF,宽基,broad_index,1600,3.735,4.602,7363.2,206
2026-04-09,buy_and_hold_510300,10000.0,510300,沪深300ETF,宽基,broad_index,1600,3.735,4.572,7315.2,207
2026-04-10,buy_and_hold_510300,10000.0,510300,沪深300ETF,宽基,broad_index,1600,3.735,4.642,7427.2,208
2026-04-13,buy_and_hold_510300,10000.0,510300,沪深300ETF,宽基,broad_index,1600,3.735,4.652,7443.2,209
2026-04-14,buy_and_hold_510300,10000.0,510300,沪深300ETF,宽基,broad_index,1600,3.735,4.712,7539.2,210
2026-04-15,buy_and_hold_510300,10000.0,510300,沪深300ETF,宽基,broad_index,1600,3.735,4.694,7510.4,211
2026-04-16,buy_and_hold_510300,10000.0,510300,沪深300ETF,宽基,broad_index,1600,3.735,4.746,7593.6,212
2026-04-17,buy_and_hold_510300,10000.0,510300,沪深300ETF,宽基,broad_index,1600,3.735,4.739,7582.4,213
2026-04-20,buy_and_hold_510300,10000.0,510300,沪深300ETF,宽基,broad_index,1600,3.735,4.765,7624.0,214
2026-04-21,buy_and_hold_510300,10000.0,510300,沪深300ETF,宽基,broad_index,1600,3.735,4.776,7641.6,215
2026-04-22,buy_and_hold_510300,10000.0,510300,沪深300ETF,宽基,broad_index,1600,3.735,4.811,7697.6,216
2026-04-23,buy_and_hold_510300,10000.0,510300,沪深300ETF,宽基,broad_index,1600,3.735,4.801,7681.6,217
2026-04-24,buy_and_hold_510300,10000.0,510300,沪深300ETF,宽基,broad_index,1600,3.735,4.782,7651.2,218
2026-04-27,buy_and_hold_510300,10000.0,510300,沪深300ETF,宽基,broad_index,1600,3.735,4.782,7651.2,219
2026-04-28,buy_and_hold_510300,10000.0,510300,沪深300ETF,宽基,broad_index,1600,3.735,4.77,7632.0,220
2026-04-29,buy_and_hold_510300,10000.0,510300,沪深300ETF,宽基,broad_index,1600,3.735,4.821,7713.6,221
2026-04-30,buy_and_hold_510300,10000.0,510300,沪深300ETF,宽基,broad_index,1600,3.735,4.824,7718.4,222
2026-05-06,buy_and_hold_510300,10000.0,510300,沪深300ETF,宽基,broad_index,1600,3.735,4.888,7820.8,223
2026-05-07,buy_and_hold_510300,10000.0,510300,沪深300ETF,宽基,broad_index,1600,3.735,4.912,7859.2,224
2026-05-08,buy_and_hold_510300,10000.0,510300,沪深300ETF,宽基,broad_index,1600,3.735,4.886,7817.6,225
2026-05-11,buy_and_hold_510300,10000.0,510300,沪深300ETF,宽基,broad_index,1600,3.735,4.966,7945.6,226
2026-05-12,buy_and_hold_510300,10000.0,510300,沪深300ETF,宽基,broad_index,1600,3.735,4.963,7940.8,227
2026-05-13,buy_and_hold_510300,10000.0,510300,沪深300ETF,宽基,broad_index,1600,3.735,5.017,8027.2,228
2026-05-14,buy_and_hold_510300,10000.0,510300,沪深300ETF,宽基,broad_index,1600,3.735,4.941,7905.6,229
2026-05-15,buy_and_hold_510300,10000.0,510300,沪深300ETF,宽基,broad_index,1600,3.735,4.878,7804.8,230
2026-05-18,buy_and_hold_510300,10000.0,510300,沪深300ETF,宽基,broad_index,1600,3.735,4.852,7763.2,231
2026-05-19,buy_and_hold_510300,10000.0,510300,沪深300ETF,宽基,broad_index,1600,3.735,4.869,7790.4,232
2026-05-20,buy_and_hold_510300,10000.0,510300,沪深300ETF,宽基,broad_index,1600,3.735,4.871,7793.6,233
2026-05-21,buy_and_hold_510300,10000.0,510300,沪深300ETF,宽基,broad_index,1600,3.735,4.808,7692.8,234
2026-05-22,buy_and_hold_510300,10000.0,510300,沪深300ETF,宽基,broad_index,1600,3.735,4.862,7779.2,235
2026-05-25,buy_and_hold_510300,10000.0,510300,沪深300ETF,宽基,broad_index,1600,3.735,4.937,7899.2,236
2026-05-26,buy_and_hold_510300,10000.0,510300,沪深300ETF,宽基,broad_index,1600,3.735,4.972,7955.2,237
2026-05-27,buy_and_hold_510300,10000.0,510300,沪深300ETF,宽基,broad_index,1600,3.735,4.932,7891.2,238
2026-05-28,buy_and_hold_510300,10000.0,510300,沪深300ETF,宽基,broad_index,1600,3.735,4.932,7891.2,239
2026-05-29,buy_and_hold_510300,10000.0,510300,沪深300ETF,宽基,broad_index,1600,3.735,4.923,7876.8,240
2026-06-01,buy_and_hold_510300,10000.0,510300,沪深300ETF,宽基,broad_index,1600,3.735,4.868,7788.8,241
2026-06-02,buy_and_hold_510300,10000.0,510300,沪深300ETF,宽基,broad_index,1600,3.735,4.936,7897.6,242
2026-06-03,buy_and_hold_510300,10000.0,510300,沪深300ETF,宽基,broad_index,1600,3.735,4.965,7944.0,243
2026-06-04,buy_and_hold_510300,10000.0,510300,沪深300ETF,宽基,broad_index,1600,3.735,4.926,7881.6,244
2026-06-05,buy_and_hold_510300,10000.0,510300,沪深300ETF,宽基,broad_index,1600,3.735,4.843,7748.8,245
2026-06-08,buy_and_hold_510300,10000.0,510300,沪深300ETF,宽基,broad_index,1600,3.735,4.739,7582.4,246
2026-06-09,buy_and_hold_510300,10000.0,510300,沪深300ETF,宽基,broad_index,1600,3.735,4.826,7721.6,247
2026-06-10,buy_and_hold_510300,10000.0,510300,沪深300ETF,宽基,broad_index,1600,3.735,4.784,7654.4,248
2026-06-11,buy_and_hold_510300,10000.0,510300,沪深300ETF,宽基,broad_index,1600,3.735,4.751,7601.6,249
2026-06-12,buy_and_hold_510300,10000.0,510300,沪深300ETF,宽基,broad_index,1600,3.735,4.818,7708.8,250
2026-06-15,buy_and_hold_510300,10000.0,510300,沪深300ETF,宽基,broad_index,1600,3.735,4.919,7870.4,251
2026-06-16,buy_and_hold_510300,10000.0,510300,沪深300ETF,宽基,broad_index,1600,3.735,4.91,7856.0,252
2026-06-17,buy_and_hold_510300,10000.0,510300,沪深300ETF,宽基,broad_index,1600,3.735,4.958,7932.8,253
2026-06-18,buy_and_hold_510300,10000.0,510300,沪深300ETF,宽基,broad_index,1600,3.735,4.984,7974.4,254
