date,rank,symbol,name,etf_type,group,rank_score,trend_confirm,relative_strength_vs_510300,risk_adjusted_momentum,amount_ma20,selected,filter_reason
2025-05-30,1,588000,科创50ETF,broad_index,宽基,82.699495,False,-0.046446,-2.401996,2149103821.14,False,trend_confirmation
2025-05-30,2,512690,酒ETF,sector,消费医药,81.633664,False,-0.048133,-3.256738,476437033.97,False,trend_confirmation
2025-05-30,3,512200,房地产ETF,sector,金融地产,79.629545,False,-0.031251,-0.747333,185430612.0,False,trend_confirmation
2025-05-30,4,511990,华宝添益ETF,bond_cash,债券货币观察,73.922997,True,-0.024434,2.219783,8100467833.52,True,selected
2025-05-30,5,515790,光伏ETF,commodity_resource,新能源制造,73.427052,False,-0.026164,-0.116908,285570066.32,False,trend_confirmation
2025-05-30,6,562500,机器人ETF华夏,theme,科技与新质生产力,72.597985,False,-0.029411,-0.318278,760317690.2,False,trend_confirmation
2025-05-30,7,159770,机器人ETF,theme,科技与新质生产力,70.814787,False,-0.028088,-0.227689,229277224.78,False,trend_confirmation
2025-05-30,8,518880,黄金ETF,commodity_resource,防御风格,69.556842,False,-0.044292,-1.418747,5082885420.4,False,trend_confirmation
2025-05-30,9,511090,30年国债ETF,bond_cash,债券货币,68.728105,False,-0.040342,-5.839908,7543130876.51,False,trend_confirmation
2025-05-30,10,511880,银华日利ETF,bond_cash,债券货币观察,63.282051,True,-0.023385,16.308019,11661706416.85,True,selected
2025-06-03,1,562500,机器人ETF华夏,theme,科技与新质生产力,81.700549,False,-0.059862,-2.652486,727500073.79,False,trend_confirmation
2025-06-03,2,588000,科创50ETF,broad_index,宽基,80.677815,False,-0.051263,-2.965216,2137296958.57,False,trend_confirmation
2025-06-03,3,512200,房地产ETF,sector,金融地产,79.606474,False,-0.039592,-1.666685,177156130.89,False,trend_confirmation
2025-06-03,4,159770,机器人ETF,theme,科技与新质生产力,79.395901,False,-0.057629,-2.391797,222241545.79,False,trend_confirmation
2025-06-03,5,512690,酒ETF,sector,消费医药,78.876103,False,-0.05683,-4.311855,480532462.44,False,trend_confirmation
2025-06-03,6,515790,光伏ETF,commodity_resource,新能源制造,75.83966,False,-0.031128,-0.46647,285330280.85,False,trend_confirmation
2025-06-03,7,511090,30年国债ETF,bond_cash,债券货币,65.917788,False,-0.038956,-5.17788,7389276821.38,False,trend_confirmation
2025-06-03,8,159870,化工ETF,commodity_resource,周期、资源、商品,63.337554,False,-0.024897,0.0,23832007.17,False,trend_confirmation
2025-06-03,9,511880,银华日利ETF,bond_cash,债券货币观察,61.230447,True,-0.023971,14.683021,11275889498.01,True,selected
2025-06-03,10,511030,公司债ETF,bond_cash,债券货币,58.4095,True,-0.022577,6.737639,1771006702.62,True,selected
2025-06-04,1,562500,机器人ETF华夏,theme,科技与新质生产力,82.770833,False,-0.070484,-4.282711,700420433.58,False,trend_confirmation
2025-06-04,2,588000,科创50ETF,broad_index,宽基,81.876064,False,-0.054481,-4.293911,2083764925.37,False,trend_confirmation
2025-06-04,3,159770,机器人ETF,theme,科技与新质生产力,80.857937,False,-0.069836,-4.127757,214417523.26,False,trend_confirmation
2025-06-04,4,515790,光伏ETF,commodity_resource,新能源制造,80.151943,False,-0.038988,-1.606716,281691093.44,False,trend_confirmation
2025-06-04,5,512690,酒ETF,sector,消费医药,79.017359,False,-0.052732,-4.553405,466210242.54,False,trend_confirmation
2025-06-04,6,512200,房地产ETF,sector,金融地产,76.348123,False,-0.033069,-1.560332,175714163.36,False,trend_confirmation
2025-06-04,7,159870,化工ETF,commodity_resource,周期、资源、商品,66.74094,False,-0.024578,-0.749305,23250984.7,False,trend_confirmation
2025-06-04,8,512880,证券ETF,high_beta,金融地产,66.726861,True,-0.003009,1.262393,1168659163.84,True,selected
2025-06-04,9,518880,黄金ETF,commodity_resource,防御风格,65.050961,False,-0.03736,-1.338198,4927032243.04,False,trend_confirmation
2025-06-04,10,512400,有色ETF,commodity_resource,周期资源,63.734947,True,-0.006814,1.29071,80245047.07,True,selected
2025-06-05,1,562500,机器人ETF华夏,theme,科技与新质生产力,84.168956,False,-0.050687,-2.796743,678707028.32,False,trend_confirmation
2025-06-05,2,159770,机器人ETF,theme,科技与新质生产力,82.636794,False,-0.050581,-2.737124,212069476.86,False,trend_confirmation
2025-06-05,3,588000,科创50ETF,broad_index,宽基,81.473538,False,-0.043091,-3.222647,2030930484.56,False,trend_confirmation
2025-06-05,4,512690,酒ETF,sector,消费医药,80.184256,False,-0.050398,-4.79734,466027991.76,False,trend_confirmation
2025-06-05,5,512200,房地产ETF,sector,金融地产,77.262612,False,-0.03841,-2.712947,160675620.05,False,trend_confirmation
2025-06-05,6,515790,光伏ETF,commodity_resource,新能源制造,76.352368,False,-0.029017,-1.103161,281101914.1,False,trend_confirmation
2025-06-05,7,512660,军工ETF,commodity_resource,新能源制造,68.986524,True,-0.014388,0.05706,715996723.76,True,selected
2025-06-05,8,159870,化工ETF,commodity_resource,周期、资源、商品,68.421617,False,-0.025959,-1.529379,22515925.14,False,trend_confirmation
2025-06-05,9,512400,有色ETF,commodity_resource,周期资源,66.653702,True,-0.009625,0.591893,84353981.66,False,already_held
2025-06-05,10,518880,黄金ETF,commodity_resource,防御风格,66.588329,False,-0.039847,-1.827894,4766344643.2,False,trend_confirmation
2025-06-06,1,512660,军工ETF,commodity_resource,新能源制造,86.898746,True,-0.032949,-1.454467,684038874.71,False,already_held
2025-06-06,2,159770,机器人ETF,theme,科技与新质生产力,86.815783,False,-0.059847,-3.9615,209173700.78,False,trend_confirmation
2025-06-06,3,562500,机器人ETF华夏,theme,科技与新质生产力,82.457647,False,-0.059346,-4.007896,649631023.28,False,trend_confirmation
2025-06-06,4,515790,光伏ETF,commodity_resource,新能源制造,81.200873,False,-0.043957,-2.963899,267967910.48,False,trend_confirmation
2025-06-06,5,512690,酒ETF,sector,消费医药,80.812231,False,-0.051156,-5.822166,456495612.15,False,trend_confirmation
2025-06-06,6,588000,科创50ETF,broad_index,宽基,78.967353,False,-0.037483,-3.234039,2008294678.21,False,trend_confirmation
2025-06-06,7,512200,房地产ETF,sector,金融地产,76.288163,False,-0.031289,-2.546059,156714897.98,False,trend_confirmation
2025-06-06,8,511690,511690,bond_cash,expanded_formal_data,70.717549,True,-0.009608,0.455824,13285642.92,False,liquidity_trading_constraint
2025-06-06,9,512880,证券ETF,high_beta,金融地产,66.00511,True,-0.00113,0.652896,1142605874.21,False,already_held
2025-06-06,10,511990,华宝添益ETF,bond_cash,债券货币观察,65.204648,True,-0.009538,1.422241,7672430533.98,True,selected
2025-06-09,1,512690,酒ETF,sector,消费医药,84.234617,False,-0.061483,-6.766409,461181003.75,False,trend_confirmation
2025-06-09,2,562500,机器人ETF华夏,theme,科技与新质生产力,84.151099,False,-0.044389,-2.570426,624761289.63,False,trend_confirmation
2025-06-09,3,159770,机器人ETF,theme,科技与新质生产力,81.346112,False,-0.042247,-2.334103,200402819.22,False,trend_confirmation
2025-06-09,4,515790,光伏ETF,commodity_resource,新能源制造,78.858135,False,-0.01946,-0.530481,271571744.07,False,trend_confirmation
2025-06-09,5,159755,电池ETF,commodity_resource,新能源制造,74.538678,False,-0.019325,-0.42939,83355400.16,False,trend_confirmation
2025-06-09,6,588000,科创50ETF,broad_index,宽基,72.345757,False,-0.016231,-0.373404,1953563312.25,False,trend_confirmation
2025-06-09,7,512200,房地产ETF,sector,金融地产,70.670394,False,-0.01486,-0.192603,151240576.53,False,trend_confirmation
2025-06-09,8,518880,黄金ETF,commodity_resource,防御风格,67.988189,False,-0.030785,-1.317056,4335495775.63,False,trend_confirmation
2025-06-09,9,159352,南方中证A500ETF,broad_index,新宽基与新风格,67.288423,True,-0.004179,1.725929,2100489479.51,True,selected
2025-06-09,10,516020,化工ETF,commodity_resource,周期、资源、商品,64.728647,True,0.000146,1.966381,8091239.56,False,liquidity_trading_constraint
2025-06-10,1,562500,机器人ETF华夏,theme,科技与新质生产力,85.272617,False,-0.067781,-7.166768,611196720.26,False,trend_confirmation
2025-06-10,2,159770,机器人ETF,theme,科技与新质生产力,82.315616,False,-0.066434,-6.768973,192559744.57,False,trend_confirmation
2025-06-10,3,512690,酒ETF,sector,消费医药,82.118083,False,-0.054741,-8.376218,467372259.39,False,trend_confirmation
2025-06-10,4,159915,创业板ETF,broad_index,宽基,79.015904,True,-0.00751,-1.263246,1590600750.34,True,selected
2025-06-10,5,515790,光伏ETF,commodity_resource,新能源制造,78.776621,False,-0.038073,-4.444377,250622287.7,False,trend_confirmation
2025-06-10,6,512660,军工ETF,commodity_resource,新能源制造,76.787611,False,-0.04177,-4.034799,584687843.58,False,already_held
2025-06-10,7,588000,科创50ETF,broad_index,宽基,75.521343,False,-0.0244,-3.382684,1966121423.17,False,trend_confirmation
2025-06-10,8,512200,房地产ETF,sector,金融地产,72.546959,False,-0.009105,-1.83271,146283763.04,False,trend_confirmation
2025-06-10,9,159755,电池ETF,commodity_resource,新能源制造,71.171589,False,-0.029969,-2.784096,81696965.51,False,trend_confirmation
2025-06-10,10,512880,证券ETF,high_beta,金融地产,69.224796,True,0.004763,0.0,1150483308.51,False,already_held
2025-06-11,1,159770,机器人ETF,theme,科技与新质生产力,86.435591,False,-0.062556,-5.707897,180758060.96,False,trend_confirmation
2025-06-11,2,515790,光伏ETF,commodity_resource,新能源制造,82.783237,False,-0.047767,-4.786548,212248541.49,False,trend_confirmation
2025-06-11,3,512690,酒ETF,sector,消费医药,82.131133,False,-0.058935,-7.840593,471897880.54,False,trend_confirmation
2025-06-11,4,562500,机器人ETF华夏,theme,科技与新质生产力,81.453551,False,-0.061334,-5.817355,580278200.8,False,trend_confirmation
2025-06-11,5,516020,化工ETF,commodity_resource,周期、资源、商品,78.229071,True,-0.002643,0.0,8143383.51,False,liquidity_trading_constraint
2025-06-11,6,588000,科创50ETF,broad_index,宽基,77.949729,False,-0.030002,-3.17548,1953236347.19,False,trend_confirmation
2025-06-11,7,159352,南方中证A500ETF,broad_index,新宽基与新风格,76.407019,True,-0.003655,-0.202934,2070395914.15,True,selected
2025-06-11,8,512200,房地产ETF,sector,金融地产,70.938432,False,-0.005574,-0.378613,144246871.8,False,trend_confirmation
2025-06-11,9,159755,电池ETF,commodity_resource,新能源制造,69.406037,False,-0.009932,-0.544788,83595629.93,False,trend_confirmation
2025-06-11,10,563360,华泰柏瑞中证A500ETF,broad_index,新宽基与新风格,69.108481,True,-0.002643,0.0,365025342.1,True,selected
2025-06-12,1,512690,酒ETF,sector,消费医药,85.674791,False,-0.076288,-13.110115,462223232.54,False,trend_confirmation
2025-06-12,2,159770,机器人ETF,theme,科技与新质生产力,85.414464,False,-0.051852,-5.928492,175087866.73,False,trend_confirmation
2025-06-12,3,515790,光伏ETF,commodity_resource,新能源制造,82.897282,False,-0.030944,-4.410531,198832547.01,False,trend_confirmation
2025-06-12,4,512880,证券ETF,high_beta,金融地产,80.703256,True,-0.000747,-1.068965,1043392361.39,False,already_held
2025-06-12,5,562500,机器人ETF华夏,theme,科技与新质生产力,79.385792,False,-0.049647,-5.938076,558098358.36,False,trend_confirmation
2025-06-12,6,588000,科创50ETF,broad_index,宽基,77.622982,False,-0.025509,-4.192458,1893244918.57,False,trend_confirmation
2025-06-12,7,159870,化工ETF,commodity_resource,周期、资源、商品,77.0,True,0.003167,-1.099576,20457785.29,False,liquidity_trading_constraint
2025-06-12,8,516020,化工ETF,commodity_resource,周期、资源、商品,73.666667,True,0.00355,-1.025203,8065438.8,False,liquidity_trading_constraint
2025-06-12,9,159755,电池ETF,commodity_resource,新能源制造,73.324137,False,-0.014359,-1.854254,81869195.05,False,trend_confirmation
2025-06-12,10,512200,房地产ETF,sector,金融地产,70.3791,False,-0.003676,-1.789555,136096035.17,False,trend_confirmation
2025-06-13,1,512690,酒ETF,sector,消费医药,87.483926,False,-0.092502,-12.343101,493583742.61,False,trend_confirmation
2025-06-13,2,159770,机器人ETF,theme,科技与新质生产力,85.170959,False,-0.048509,-5.647039,169344569.0,False,trend_confirmation
2025-06-13,3,515790,光伏ETF,commodity_resource,新能源制造,81.623676,False,-0.026377,-3.986482,193058209.1,False,trend_confirmation
2025-06-13,4,562500,机器人ETF华夏,theme,科技与新质生产力,79.13832,False,-0.047142,-5.703024,541135625.98,False,trend_confirmation
2025-06-13,5,159755,电池ETF,commodity_resource,新能源制造,78.98085,False,-0.016732,-1.878648,82508298.3,False,trend_confirmation
2025-06-13,6,512880,证券ETF,high_beta,金融地产,76.648089,True,0.005378,-0.28901,1037579640.61,False,already_held
2025-06-13,7,588000,科创50ETF,broad_index,宽基,76.046534,False,-0.018509,-3.314161,1887091744.35,False,trend_confirmation
2025-06-13,8,512200,房地产ETF,sector,金融地产,74.10316,False,-0.008816,-2.117865,134620343.35,False,trend_confirmation
2025-06-13,9,159905,深红利ETF,sector,防御风格,68.687022,False,-0.004593,-2.522648,43730597.88,False,trend_confirmation
2025-06-13,10,515080,中证红利ETF,sector,防御风格,64.370989,True,0.008158,0.0,136322604.65,True,selected
2025-06-16,1,512690,酒ETF,sector,消费医药,86.917638,False,-0.088745,-10.842087,524369985.3,False,trend_confirmation
2025-06-16,2,562500,机器人ETF华夏,theme,科技与新质生产力,83.515117,False,-0.058751,-6.099077,522481989.6,False,trend_confirmation
2025-06-16,3,159755,电池ETF,commodity_resource,新能源制造,82.815752,False,-0.037891,-2.917423,81061387.96,False,trend_confirmation
2025-06-16,4,159770,机器人ETF,theme,科技与新质生产力,81.598954,False,-0.056806,-5.632494,163562852.55,False,trend_confirmation
2025-06-16,5,515790,光伏ETF,commodity_resource,新能源制造,79.619921,False,-0.033199,-3.777535,191625794.62,False,trend_confirmation
2025-06-16,6,588000,科创50ETF,broad_index,宽基,74.37227,False,-0.022295,-2.760887,1861498399.16,False,trend_confirmation
2025-06-16,7,159905,深红利ETF,sector,防御风格,71.710901,False,-0.016109,-3.047786,56747847.09,False,trend_confirmation
2025-06-16,8,515220,煤炭ETF,commodity_resource,周期资源,60.70833,False,-0.000265,0.0,153033809.79,False,trend_confirmation
2025-06-16,9,159352,南方中证A500ETF,broad_index,新宽基与新风格,60.568518,False,-0.00128,-0.243585,2021075720.31,False,trend_confirmation
2025-06-16,10,512200,房地产ETF,sector,金融地产,58.234496,False,0.003428,0.397057,138477218.05,False,trend_confirmation
2025-06-17,1,512690,酒ETF,sector,消费医药,85.649055,False,-0.077604,-9.382376,522207240.89,False,trend_confirmation
2025-06-17,2,562500,机器人ETF华夏,theme,科技与新质生产力,84.119403,False,-0.060346,-6.125428,504769939.14,False,trend_confirmation
2025-06-17,3,159770,机器人ETF,theme,科技与新质生产力,82.717323,False,-0.058384,-5.656246,161902472.98,False,trend_confirmation
2025-06-17,4,515790,光伏ETF,commodity_resource,新能源制造,80.260946,False,-0.033075,-3.608053,194752385.08,False,trend_confirmation
2025-06-17,5,159755,电池ETF,commodity_resource,新能源制造,79.271016,False,-0.027792,-2.019073,81507661.55,False,trend_confirmation
2025-06-17,6,588000,科创50ETF,broad_index,宽基,78.150047,False,-0.03317,-3.876856,1872901430.39,False,trend_confirmation
2025-06-17,7,512200,房地产ETF,sector,金融地产,74.120063,False,-0.017579,-1.87462,131618471.75,False,trend_confirmation
2025-06-17,8,159870,化工ETF,commodity_resource,周期、资源、商品,72.598772,True,0.001962,0.596194,20765186.08,False,liquidity_trading_constraint
2025-06-17,9,159905,深红利ETF,sector,防御风格,70.049056,False,-0.014419,-2.470634,69187920.59,False,trend_confirmation
2025-06-17,10,511990,华宝添益ETF,bond_cash,债券货币观察,68.409537,True,-0.001551,0.596948,7486425429.37,True,selected
2025-06-18,1,512690,酒ETF,sector,消费医药,85.817664,False,-0.069612,-8.755126,541651758.76,False,trend_confirmation
2025-06-18,2,159770,机器人ETF,theme,科技与新质生产力,84.872053,False,-0.052532,-5.487586,161115295.81,False,trend_confirmation
2025-06-18,3,159755,电池ETF,commodity_resource,新能源制造,82.498648,False,-0.033019,-2.855472,79466050.11,False,trend_confirmation
2025-06-18,4,562500,机器人ETF华夏,theme,科技与新质生产力,81.406432,False,-0.052208,-5.642269,501273859.5,False,trend_confirmation
2025-06-18,5,515790,光伏ETF,commodity_resource,新能源制造,77.988912,False,-0.025585,-3.243448,191686284.21,False,trend_confirmation
2025-06-18,6,588000,科创50ETF,broad_index,宽基,76.016144,False,-0.025725,-3.465124,1902784627.33,False,trend_confirmation
2025-06-18,7,512200,房地产ETF,sector,金融地产,75.488421,False,-0.023319,-2.937681,126568903.97,False,trend_confirmation
2025-06-18,8,516020,化工ETF,commodity_resource,周期、资源、商品,73.600111,True,-0.000444,-0.55514,7983838.34,False,liquidity_trading_constraint
2025-06-18,9,159905,深红利ETF,sector,防御风格,70.305467,False,-0.018298,-4.484287,69557518.18,False,trend_confirmation
2025-06-18,10,159870,化工ETF,commodity_resource,周期、资源、商品,62.864211,False,-0.002409,-0.881323,20529178.31,False,trend_confirmation
2025-06-19,1,159755,电池ETF,commodity_resource,新能源制造,87.175531,False,-0.04806,-5.569247,70211926.74,False,trend_confirmation
2025-06-19,2,512690,酒ETF,sector,消费医药,85.801119,False,-0.065577,-9.835081,545368875.59,False,trend_confirmation
2025-06-19,3,562500,机器人ETF华夏,theme,科技与新质生产力,81.814575,False,-0.041416,-5.774728,503212086.41,False,trend_confirmation
2025-06-19,4,159770,机器人ETF,theme,科技与新质生产力,80.032073,False,-0.039518,-5.429198,161557956.02,False,trend_confirmation
2025-06-19,5,515790,光伏ETF,commodity_resource,新能源制造,78.835493,False,-0.028312,-4.608917,196646665.92,False,trend_confirmation
2025-06-19,6,512200,房地产ETF,sector,金融地产,77.264323,False,-0.023654,-3.96571,128827477.15,False,trend_confirmation
2025-06-19,7,515220,煤炭ETF,commodity_resource,周期资源,71.682662,False,-0.022796,-5.411599,152614692.64,False,trend_confirmation
2025-06-19,8,159905,深红利ETF,sector,防御风格,70.242289,False,-0.020333,-7.251138,69121906.82,False,trend_confirmation
2025-06-19,9,588000,科创50ETF,broad_index,宽基,69.688509,False,-0.016348,-3.797066,1939585637.26,False,trend_confirmation
2025-06-19,10,159338,国泰中证A500ETF,broad_index,新宽基与新风格,54.754271,False,-0.002551,-3.404384,2114618981.71,False,trend_confirmation
2025-06-20,1,562500,机器人ETF华夏,theme,科技与新质生产力,86.333152,False,-0.050928,-6.223716,507204233.78,False,trend_confirmation
2025-06-20,2,512690,酒ETF,sector,消费医药,84.720042,False,-0.042438,-5.541396,592672108.81,False,trend_confirmation
2025-06-20,3,159755,电池ETF,commodity_resource,新能源制造,83.411247,False,-0.042314,-5.043395,66369786.68,False,trend_confirmation
2025-06-20,4,159770,机器人ETF,theme,科技与新质生产力,82.869697,False,-0.049877,-5.93771,162707575.24,False,trend_confirmation
2025-06-20,5,588000,科创50ETF,broad_index,宽基,75.668566,False,-0.018361,-3.816678,1941268248.38,False,trend_confirmation
2025-06-20,6,515790,光伏ETF,commodity_resource,新能源制造,73.767042,False,-0.016949,-3.261136,201081030.56,False,trend_confirmation
2025-06-20,7,512200,房地产ETF,sector,金融地产,72.264323,False,-0.013346,-2.817903,122642861.85,False,trend_confirmation
2025-06-20,8,515220,煤炭ETF,commodity_resource,周期资源,71.491301,False,-0.015616,-4.208996,150952913.14,False,trend_confirmation
2025-06-20,9,159905,深红利ETF,sector,防御风格,71.078168,False,-0.016793,-5.968273,68570840.85,False,trend_confirmation
2025-06-20,10,159338,国泰中证A500ETF,broad_index,新宽基与新风格,54.258028,False,-0.001291,-2.82553,2091247712.91,False,trend_confirmation
2025-06-23,1,512690,酒ETF,sector,消费医药,87.958137,False,-0.058946,-5.967945,607658678.99,False,trend_confirmation
2025-06-23,2,159755,电池ETF,commodity_resource,新能源制造,84.276742,False,-0.033383,-2.946455,65761508.71,False,trend_confirmation
2025-06-23,3,562500,机器人ETF华夏,theme,科技与新质生产力,83.806741,False,-0.048385,-4.88658,490313818.13,False,trend_confirmation
2025-06-23,4,159770,机器人ETF,theme,科技与新质生产力,81.88042,False,-0.047788,-4.685225,156850196.88,False,trend_confirmation
2025-06-23,5,159905,深红利ETF,sector,防御风格,75.327906,False,-0.023103,-5.089352,71378624.17,False,trend_confirmation
2025-06-23,6,588000,科创50ETF,broad_index,宽基,73.150047,False,-0.015093,-2.103174,1937324090.01,False,trend_confirmation
2025-06-23,7,515790,光伏ETF,commodity_resource,新能源制造,72.008755,False,-0.011442,-1.527447,198943878.68,False,trend_confirmation
2025-06-23,8,512200,房地产ETF,sector,金融地产,71.27395,False,-0.008143,-1.139633,120328755.66,False,trend_confirmation
2025-06-23,9,515220,煤炭ETF,commodity_resource,周期资源,60.983887,False,-0.000755,-0.403503,150089362.04,False,trend_confirmation
2025-06-23,10,512170,医疗ETF,sector,消费医药,60.540293,False,-0.012955,-1.605664,485308025.36,False,trend_confirmation
2025-06-24,1,512690,酒ETF,sector,消费医药,88.78179,False,-0.061567,-4.442152,619910107.61,False,trend_confirmation
2025-06-24,2,562500,机器人ETF华夏,theme,科技与新质生产力,84.739407,False,-0.035199,-1.503297,534285153.02,False,trend_confirmation
2025-06-24,3,159770,机器人ETF,theme,科技与新质生产力,82.573586,False,-0.034494,-1.408349,169887253.99,False,trend_confirmation
2025-06-24,4,159905,深红利ETF,sector,防御风格,77.062699,False,-0.026165,-2.056574,72179248.6,False,trend_confirmation
2025-06-24,5,515220,煤炭ETF,commodity_resource,周期资源,74.027408,False,-0.018327,-0.40518,152033395.07,False,trend_confirmation
2025-06-24,6,588000,科创50ETF,broad_index,宽基,73.535613,False,-0.020973,-0.634993,2022356114.33,False,trend_confirmation
2025-06-24,7,515790,光伏ETF,commodity_resource,新能源制造,71.233271,False,-0.015176,0.0,204684749.36,False,trend_confirmation
2025-06-24,8,512200,房地产ETF,sector,金融地产,69.573127,False,-0.015176,0.0,119962333.4,False,trend_confirmation
2025-06-24,9,511520,政金债ETF,bond_cash,债券货币,58.786726,True,-0.012691,2.779645,8882717966.35,True,selected
2025-06-24,10,511880,银华日利ETF,bond_cash,债券货币观察,58.409774,True,-0.014311,12.026773,10052788010.89,True,selected
2025-06-25,1,512690,酒ETF,sector,消费医药,88.282575,False,-0.086232,-4.609042,656176897.38,False,trend_confirmation
2025-06-25,2,511880,银华日利ETF,bond_cash,债券货币观察,74.435335,True,-0.037421,12.026951,10275901392.36,True,selected
2025-06-25,3,159905,深红利ETF,sector,防御风格,73.797492,False,-0.037061,0.216383,73011346.1,False,trend_confirmation
2025-06-25,4,511030,公司债ETF,bond_cash,债券货币,71.230769,True,-0.035848,10.760048,2242017610.0,True,selected
2025-06-25,5,515220,煤炭ETF,commodity_resource,周期资源,71.206895,False,-0.03299,0.703405,154220648.89,False,trend_confirmation
2025-06-25,6,511360,短融ETF,bond_cash,债券货币观察,70.717448,True,-0.037177,19.973107,11503116973.32,True,selected_relaxed_group
2025-06-25,7,511520,政金债ETF,bond_cash,债券货币,70.576075,True,-0.03533,3.420629,8824786312.64,False,group_concentration
2025-06-25,8,562500,机器人ETF华夏,theme,科技与新质生产力,70.375159,False,-0.028729,0.711766,568427990.42,False,trend_confirmation
2025-06-25,9,516020,化工ETF,commodity_resource,周期、资源、商品,67.371304,True,-0.017878,3.197898,8376905.57,False,liquidity_trading_constraint
2025-06-25,10,511690,511690,bond_cash,expanded_formal_data,67.306652,False,-0.038316,-0.749357,14141584.86,False,trend_confirmation
2025-06-26,1,512690,酒ETF,sector,消费医药,88.154369,False,-0.08819,-5.142729,669865329.88,False,trend_confirmation
2025-06-26,2,515220,煤炭ETF,commodity_resource,周期资源,82.960013,False,-0.041695,-0.843715,156248399.69,False,trend_confirmation
2025-06-26,3,159905,深红利ETF,sector,防御风格,78.127269,False,-0.040877,-0.968482,73296127.8,False,trend_confirmation
2025-06-26,4,511520,政金债ETF,bond_cash,债券货币,71.856125,True,-0.03277,3.003248,8860963833.25,True,selected
2025-06-26,5,159770,机器人ETF,theme,科技与新质生产力,70.064351,False,-0.028435,0.502982,185725106.52,False,trend_confirmation
2025-06-26,6,511880,银华日利ETF,bond_cash,债券货币观察,68.538462,True,-0.034484,12.365245,10709647071.76,True,selected
2025-06-26,7,512010,医药ETF,sector,消费医药,68.234652,False,-0.038104,-0.273472,516202005.99,False,trend_confirmation
2025-06-26,8,562500,机器人ETF华夏,theme,科技与新质生产力,67.250955,False,-0.028185,0.533839,593192401.63,False,trend_confirmation
2025-06-26,9,511030,公司债ETF,bond_cash,债券货币,67.127828,True,-0.032657,13.307605,2268236151.48,True,selected_relaxed_group
2025-06-26,10,159870,化工ETF,commodity_resource,周期、资源、商品,66.715421,True,-0.011871,3.898811,21646561.3,False,liquidity_trading_constraint
2025-06-27,1,512690,酒ETF,sector,消费医药,88.831458,False,-0.083861,-5.965648,676500956.79,False,trend_confirmation
2025-06-27,2,159770,机器人ETF,theme,科技与新质生产力,79.927024,False,-0.030627,-0.594559,183798760.64,False,trend_confirmation
2025-06-27,3,588000,科创50ETF,broad_index,宽基,78.293447,True,-0.021675,0.103982,2268976387.66,True,selected
2025-06-27,4,159905,深红利ETF,sector,防御风格,77.353172,False,-0.031772,-1.624597,74269930.76,False,trend_confirmation
2025-06-27,5,512200,房地产ETF,sector,金融地产,76.402758,True,-0.018176,0.443442,124631322.15,True,selected
2025-06-27,6,562500,机器人ETF华夏,theme,科技与新质生产力,76.215857,False,-0.029737,-0.540377,593865992.47,False,trend_confirmation
2025-06-27,7,512010,医药ETF,sector,消费医药,73.470175,False,-0.041454,-1.994154,514551056.71,False,trend_confirmation
2025-06-27,8,515790,光伏ETF,commodity_resource,新能源制造,73.269912,True,-0.007204,1.543599,247539414.86,True,selected
2025-06-27,9,515220,煤炭ETF,commodity_resource,周期资源,70.855682,False,-0.024731,-0.271627,161116035.48,False,not_selected_lower_priority
2025-06-27,10,512170,医疗ETF,sector,消费医药,69.89011,False,-0.031755,-1.037168,500586778.23,False,not_selected_lower_priority
2025-06-30,1,512690,酒ETF,sector,消费医药,88.39961,False,-0.074366,-4.381927,686705358.69,False,trend_confirmation
2025-06-30,2,159905,深红利ETF,sector,防御风格,80.69123,False,-0.041173,-2.059513,74946467.37,False,trend_confirmation
2025-06-30,3,512200,房地产ETF,sector,金融地产,75.039526,True,-0.019207,1.026692,124375465.24,False,already_held
2025-06-30,4,562500,机器人ETF华夏,theme,科技与新质生产力,72.897436,True,-0.001838,2.196006,603961956.56,True,selected
2025-06-30,5,512170,医疗ETF,sector,消费医药,72.265568,True,-0.020469,0.968879,505964434.42,True,selected
2025-06-30,6,511360,短融ETF,bond_cash,债券货币观察,71.358974,True,-0.028525,18.840347,12349059383.42,True,selected
2025-06-30,7,512010,医药ETF,sector,消费医药,71.353351,False,-0.043021,-1.392531,512185927.22,False,not_selected_lower_priority
2025-06-30,8,511030,公司债ETF,bond_cash,债券货币,70.717798,True,-0.026856,15.365558,2275691097.54,False,not_selected_lower_priority
2025-06-30,9,511520,政金债ETF,bond_cash,债券货币,70.446351,True,-0.026154,5.319326,8920067496.46,False,not_selected_lower_priority
2025-06-30,10,511880,银华日利ETF,bond_cash,债券货币观察,69.948718,True,-0.028308,11.055439,10356049588.33,False,not_selected_lower_priority
2025-07-01,1,512690,酒ETF,sector,消费医药,87.845267,False,-0.073434,-4.112299,686056259.49,False,trend_confirmation
2025-07-01,2,515220,煤炭ETF,commodity_resource,周期资源,87.223007,True,-0.020102,1.575457,162991264.94,True,selected
2025-07-01,3,512200,房地产ETF,sector,金融地产,84.613764,True,-0.023564,0.804998,124924218.51,False,already_held
2025-07-01,4,512170,医疗ETF,sector,消费医药,82.313187,True,-0.028755,0.329757,505731370.78,True,selected
2025-07-01,5,512010,医药ETF,sector,消费医药,74.856665,False,-0.045101,-1.384759,508608334.0,False,trend_confirmation
2025-07-01,6,562500,机器人ETF华夏,theme,科技与新质生产力,74.78291,True,-0.00882,1.80386,611169936.46,False,already_held
2025-07-01,7,588000,科创50ETF,broad_index,宽基,74.759907,True,-0.018228,1.402,2360901808.49,False,already_held
2025-07-01,8,511880,银华日利ETF,bond_cash,债券货币观察,74.689174,True,-0.030812,6.158706,10575352773.36,True,selected
2025-07-01,9,159905,深红利ETF,sector,防御风格,74.300473,False,-0.031767,0.0,76405744.48,False,not_selected_lower_priority
2025-07-01,10,515120,广发创新药ETF,theme,医药与消费升级,73.795282,True,-0.020062,0.759958,157467659.19,False,not_selected_lower_priority
2025-07-02,1,512170,医疗ETF,sector,消费医药,87.906593,True,-0.037151,-0.984242,504865977.47,True,selected
2025-07-02,2,512690,酒ETF,sector,消费医药,87.360128,False,-0.06803,-3.916321,702210259.31,False,trend_confirmation
2025-07-02,3,588000,科创50ETF,broad_index,宽基,86.943473,True,-0.032977,-0.480545,2428767784.35,False,already_held
2025-07-02,4,512010,医药ETF,sector,消费医药,79.558479,False,-0.057193,-3.120294,496020983.14,False,trend_confirmation
2025-07-02,5,562500,机器人ETF华夏,theme,科技与新质生产力,77.987195,True,-0.024568,0.276011,619777970.06,False,already_held
2025-07-02,6,512200,房地产ETF,sector,金融地产,77.096686,True,-0.023738,0.441206,123261185.75,False,already_held
2025-07-02,7,159770,机器人ETF,theme,科技与新质生产力,75.453843,True,-0.022375,0.433407,188227410.86,True,selected
2025-07-02,8,515220,煤炭ETF,commodity_resource,周期资源,71.74359,True,-0.007161,2.548762,165659945.53,True,selected
2025-07-02,9,159992,银华创新药ETF,theme,医药与消费升级,71.274791,False,-0.046665,-1.15973,461755799.19,False,not_selected_lower_priority
2025-07-02,10,511880,银华日利ETF,bond_cash,债券货币观察,70.586529,True,-0.027244,5.947657,10854682483.9,False,not_selected_lower_priority
2025-07-03,1,562500,机器人ETF华夏,theme,科技与新质生产力,97.794028,True,-0.038632,-0.563106,603111665.92,False,already_held
2025-07-03,2,588000,科创50ETF,broad_index,宽基,96.566434,True,-0.045812,-1.473504,2413450194.12,False,already_held
2025-07-03,3,159770,机器人ETF,theme,科技与新质生产力,94.327177,True,-0.037248,-0.441036,181341843.09,True,selected
2025-07-03,4,512690,酒ETF,sector,消费医药,88.156512,False,-0.071332,-3.90901,698654105.31,False,trend_confirmation
2025-07-03,5,512200,房地产ETF,sector,金融地产,88.147968,True,-0.02785,0.367417,122749728.29,False,already_held
2025-07-03,6,511990,华宝添益ETF,bond_cash,债券货币观察,81.48654,True,-0.03151,0.56039,8736720376.04,True,selected
2025-07-03,7,159992,银华创新药ETF,theme,医药与消费升级,73.693686,True,-0.01529,0.991799,458391364.84,False,high_beta_exposure
2025-07-03,8,512010,医药ETF,sector,消费医药,72.548972,False,-0.047497,-1.717564,489776057.64,False,trend_confirmation
2025-07-03,9,511880,银华日利ETF,bond_cash,债券货币观察,72.253839,True,-0.030554,6.333355,10933183532.66,False,group_concentration
2025-07-03,10,515220,煤炭ETF,commodity_resource,周期资源,71.309592,True,-0.011477,2.422452,177765414.85,True,selected
2025-07-04,1,562500,机器人ETF华夏,theme,科技与新质生产力,95.504294,True,-0.047387,-0.932405,618158852.21,False,already_held
2025-07-04,2,588000,科创50ETF,broad_index,宽基,94.379371,True,-0.046958,-1.186682,2502789777.34,False,already_held
2025-07-04,3,512200,房地产ETF,sector,金融地产,91.029899,True,-0.036973,-0.145922,123751273.59,False,already_held
2025-07-04,4,512690,酒ETF,sector,消费医药,88.45314,False,-0.073625,-3.742014,700681448.25,False,trend_confirmation
2025-07-04,5,159770,机器人ETF,theme,科技与新质生产力,87.937945,True,-0.044692,-0.704157,180467776.49,True,selected
2025-07-04,6,159905,深红利ETF,sector,防御风格,78.282051,True,-0.026908,1.638544,68858931.7,True,selected
2025-07-04,7,511880,银华日利ETF,bond_cash,债券货币观察,75.33253,True,-0.034411,6.80429,11360073586.27,True,selected
2025-07-04,8,518880,黄金ETF,commodity_resource,防御风格,74.937378,False,-0.045388,-1.380415,3145450078.2,False,not_selected_lower_priority
2025-07-04,9,512170,医疗ETF,sector,消费医药,73.571429,True,-0.029436,0.681549,504652109.96,False,not_selected_lower_priority
2025-07-04,10,511030,公司债ETF,bond_cash,债券货币,73.025641,True,-0.032172,15.811918,2360306083.69,False,not_selected_lower_priority
2025-07-07,1,512690,酒ETF,sector,消费医药,87.211336,False,-0.06312,-3.429627,686860072.07,False,trend_confirmation
2025-07-07,2,159905,深红利ETF,sector,防御风格,84.648512,True,-0.030108,-0.346218,68341056.03,True,selected
2025-07-07,3,515120,广发创新药ETF,theme,医药与消费升级,83.603077,True,-0.04467,-1.071928,162205837.65,True,selected
2025-07-07,4,159992,银华创新药ETF,theme,医药与消费升级,82.562908,True,-0.044228,-0.991037,448530959.19,False,group_concentration
2025-07-07,5,511690,511690,bond_cash,expanded_formal_data,80.589584,True,-0.028217,2.053585,12763841.21,False,liquidity_trading_constraint
2025-07-07,6,512010,医药ETF,sector,消费医药,77.614514,False,-0.057377,-3.285562,486829422.54,False,trend_confirmation
2025-07-07,7,516080,易方达创新药ETF,theme,医药与消费升级,77.602051,True,-0.04245,-0.971402,13516721.84,False,liquidity_trading_constraint
2025-07-07,8,511990,华宝添益ETF,bond_cash,债券货币观察,76.74311,True,-0.028217,1.21392,9086623821.77,True,selected
2025-07-07,9,588000,科创50ETF,broad_index,宽基,76.205711,False,-0.051069,-2.372013,2503480014.74,False,not_selected_lower_priority
2025-07-07,10,512200,房地产ETF,sector,金融地产,74.179487,True,-0.016504,1.096244,128624724.26,False,not_selected_lower_priority
2025-07-08,1,516080,易方达创新药ETF,theme,医药与消费升级,84.433846,True,-0.059255,-1.075064,13608742.52,False,liquidity_trading_constraint
2025-07-08,2,512690,酒ETF,sector,消费医药,81.384076,False,-0.06118,-1.70784,683847628.73,False,trend_confirmation
2025-07-08,3,512010,医药ETF,sector,消费医药,79.707572,False,-0.069991,-2.949099,473763354.76,False,trend_confirmation
2025-07-08,4,159905,深红利ETF,sector,防御风格,75.195396,True,-0.036243,1.402645,67881870.72,True,selected
2025-07-08,5,511880,银华日利ETF,bond_cash,债券货币观察,75.074754,True,-0.042741,5.236818,11305498495.52,True,selected
2025-07-08,6,512200,房地产ETF,sector,金融地产,73.794872,True,-0.014738,2.658512,131685251.03,False,already_held
2025-07-08,7,511520,政金债ETF,bond_cash,债券货币,73.790457,True,-0.040316,4.94557,9154178386.89,True,selected
2025-07-08,8,159992,银华创新药ETF,theme,医药与消费升级,72.633306,False,-0.064312,-1.293853,430239355.19,False,not_selected_lower_priority
2025-07-08,9,511030,公司债ETF,bond_cash,债券货币,71.230167,True,-0.040452,14.524241,2352119692.88,False,not_selected_lower_priority
2025-07-08,10,515120,广发创新药ETF,theme,医药与消费升级,70.218421,False,-0.063149,-1.28329,156816565.44,False,not_selected_lower_priority
2025-07-09,1,515120,广发创新药ETF,theme,医药与消费升级,89.179897,True,-0.040578,-0.432607,156364360.34,True,selected
2025-07-09,2,159992,银华创新药ETF,theme,医药与消费升级,86.604172,True,-0.040153,-0.384515,431841672.32,False,high_beta_exposure
2025-07-09,3,512690,酒ETF,sector,消费医药,85.384615,False,-0.048045,-1.353457,711746533.58,False,trend_confirmation
2025-07-09,4,159905,深红利ETF,sector,防御风格,85.185663,True,-0.034619,-0.120959,67911748.68,True,selected
2025-07-09,5,516080,易方达创新药ETF,theme,医药与消费升级,81.906667,True,-0.038734,-0.324847,13810769.25,False,liquidity_trading_constraint
2025-07-09,6,518880,黄金ETF,commodity_resource,防御风格,79.967533,False,-0.049357,-2.060597,2974147647.71,False,trend_confirmation
2025-07-09,7,511690,511690,bond_cash,expanded_formal_data,75.948398,True,-0.03397,1.31729,12578398.48,False,liquidity_trading_constraint
2025-07-09,8,512200,房地产ETF,sector,金融地产,74.675042,True,-0.014906,1.769779,134775041.07,False,already_held
2025-07-09,9,512010,医药ETF,sector,消费医药,74.29919,False,-0.044592,-1.110115,489876769.42,False,trend_confirmation
2025-07-09,10,159930,能源ETF,commodity_resource,周期资源,72.83566,True,-0.029319,0.707082,25377175.59,False,liquidity_trading_constraint
2025-07-10,1,511690,511690,bond_cash,expanded_formal_data,81.99984,True,-0.038685,1.634744,12664854.96,False,liquidity_trading_constraint
2025-07-10,2,511990,华宝添益ETF,bond_cash,债券货币观察,81.614745,True,-0.038715,0.370455,9419083400.04,True,selected
2025-07-10,3,512010,医药ETF,sector,消费医药,76.111406,False,-0.059623,-2.318035,485096038.32,False,trend_confirmation
2025-07-10,4,518880,黄金ETF,commodity_resource,防御风格,76.053269,False,-0.055542,-2.287013,2939457715.13,False,trend_confirmation
2025-07-10,5,159905,深红利ETF,sector,防御风格,75.974359,True,-0.035077,0.717138,68926676.15,True,selected
2025-07-10,6,159992,银华创新药ETF,theme,医药与消费升级,74.69475,False,-0.066214,-1.880786,413826737.34,False,trend_confirmation
2025-07-10,7,562500,机器人ETF华夏,theme,科技与新质生产力,72.613697,False,-0.043537,-0.368647,627963562.7,False,already_held
2025-07-10,8,511880,银华日利ETF,bond_cash,债券货币观察,71.998393,True,-0.03783,5.484083,11687192830.6,True,selected_relaxed_group
2025-07-10,9,515120,广发创新药ETF,theme,医药与消费升级,69.845651,False,-0.062735,-1.712059,153151186.53,False,trend_confirmation
2025-07-10,10,159770,机器人ETF,theme,科技与新质生产力,67.227517,False,-0.041055,-0.175205,178096466.41,False,trend_confirmation
2025-07-11,1,511690,511690,bond_cash,expanded_formal_data,94.820353,True,-0.049605,0.34146,12437706.27,False,liquidity_trading_constraint
2025-07-11,2,511880,银华日利ETF,bond_cash,债券货币观察,83.921872,True,-0.048801,4.980976,11998787202.66,True,selected
2025-07-11,3,159930,能源ETF,commodity_resource,周期资源,83.770332,True,-0.037942,1.698015,25860650.63,False,liquidity_trading_constraint
2025-07-11,4,518880,黄金ETF,commodity_resource,防御风格,81.981682,False,-0.077554,-4.167771,2697779118.11,False,trend_confirmation
2025-07-11,5,588000,科创50ETF,broad_index,宽基,80.777972,True,-0.025153,2.532106,2693160476.06,False,already_held
2025-07-11,6,511030,公司债ETF,bond_cash,债券货币,78.276932,True,-0.04736,8.778225,2285627051.2,True,selected
2025-07-11,7,159870,化工ETF,commodity_resource,周期、资源、商品,74.921179,True,-0.030249,2.897135,32639148.68,True,selected
2025-07-11,8,159770,机器人ETF,theme,科技与新质生产力,74.849058,True,-0.022525,2.068471,182409082.43,False,not_selected_lower_priority
2025-07-11,9,511360,短融ETF,bond_cash,债券货币观察,74.56396,True,-0.048239,18.133367,14200756379.54,False,not_selected_lower_priority
2025-07-11,10,511990,华宝添益ETF,bond_cash,债券货币观察,72.050322,False,-0.049705,-1.72532,9385437754.43,False,not_selected_lower_priority
2025-07-14,1,588000,科创50ETF,broad_index,宽基,86.155012,True,-0.022087,2.534661,2760603685.69,False,already_held
2025-07-14,2,159930,能源ETF,commodity_resource,周期资源,84.307692,True,-0.028632,2.609745,25605330.2,False,liquidity_trading_constraint
2025-07-14,3,518880,黄金ETF,commodity_resource,防御风格,82.496929,False,-0.062837,-2.306718,2544881131.68,False,trend_confirmation
2025-07-14,4,511880,银华日利ETF,bond_cash,债券货币观察,81.486456,True,-0.045688,5.424543,12338869814.23,True,selected
2025-07-14,5,511030,公司债ETF,bond_cash,债券货币,79.428218,True,-0.04479,6.50249,2301072342.18,True,selected
2025-07-14,6,511360,短融ETF,bond_cash,债券货币观察,75.204628,True,-0.045242,16.93445,13907098158.38,True,selected_relaxed_group
2025-07-14,7,516020,化工ETF,commodity_resource,周期、资源、商品,74.807526,True,-0.021573,3.864121,11174040.36,False,liquidity_trading_constraint
2025-07-14,8,511690,511690,bond_cash,expanded_formal_data,72.948238,False,-0.046583,-0.329549,11810046.48,False,trend_confirmation
2025-07-14,9,511990,华宝添益ETF,bond_cash,债券货币观察,72.050162,False,-0.046603,-0.609349,9304187882.94,False,trend_confirmation
2025-07-14,10,511520,政金债ETF,bond_cash,债券货币,72.028242,False,-0.046616,-0.061405,9224855008.65,False,trend_confirmation
2025-07-15,1,159930,能源ETF,commodity_resource,周期资源,100.387975,True,-0.048395,-0.224869,25225140.89,False,liquidity_trading_constraint
2025-07-15,2,511690,511690,bond_cash,expanded_formal_data,94.820513,True,-0.04674,2.82073,12971400.66,False,liquidity_trading_constraint
2025-07-15,3,518880,黄金ETF,commodity_resource,防御风格,84.928562,False,-0.055251,-1.232614,2455917350.42,False,trend_confirmation
2025-07-15,4,511090,30年国债ETF,bond_cash,债券货币,84.792056,True,-0.044312,0.957194,6529796441.5,True,selected
2025-07-15,5,515220,煤炭ETF,commodity_resource,周期资源,83.593867,True,-0.033266,1.314721,305448594.17,True,selected
2025-07-15,6,511880,银华日利ETF,bond_cash,债券货币观察,81.999839,True,-0.045905,5.79818,12351988387.95,True,selected
2025-07-15,7,516020,化工ETF,commodity_resource,周期、资源、商品,80.140193,True,-0.026817,3.002596,11401848.93,False,not_selected_lower_priority
2025-07-15,8,511030,公司债ETF,bond_cash,债券货币,80.073535,True,-0.044954,6.71048,2287531466.74,False,not_selected_lower_priority
2025-07-15,9,588000,科创50ETF,broad_index,宽基,78.734266,True,-0.011277,3.798444,2816222669.55,False,not_selected_lower_priority
2025-07-15,10,512690,酒ETF,sector,消费医药,77.503104,True,-0.019428,3.334331,739774537.92,False,not_selected_lower_priority
2025-07-16,1,511690,511690,bond_cash,expanded_formal_data,95.461059,True,-0.043579,1.443681,12774422.29,False,liquidity_trading_constraint
2025-07-16,2,511520,政金债ETF,bond_cash,债券货币,93.143223,True,-0.04357,0.095103,9256891383.58,True,selected
2025-07-16,3,159930,能源ETF,commodity_resource,周期资源,92.298792,True,-0.042088,0.228377,24740987.12,False,liquidity_trading_constraint
2025-07-16,4,511090,30年国债ETF,bond_cash,债券货币,87.870661,True,-0.042437,0.456935,6535601485.03,True,selected
2025-07-16,5,518880,黄金ETF,commodity_resource,防御风格,85.829921,False,-0.057101,-1.958211,2399949959.84,False,trend_confirmation
2025-07-16,6,515220,煤炭ETF,commodity_resource,周期资源,83.433501,True,-0.026797,1.647033,309611395.61,True,selected
2025-07-16,7,511880,银华日利ETF,bond_cash,债券货币观察,82.769231,True,-0.042765,5.403531,12627263120.59,False,not_selected_lower_priority
2025-07-16,8,588000,科创50ETF,broad_index,宽基,80.921329,True,-0.013187,3.268973,2897675014.97,False,not_selected_lower_priority
2025-07-16,9,159870,化工ETF,commodity_resource,周期、资源、商品,79.994449,True,-0.018728,3.662111,36034385.73,False,not_selected_lower_priority
2025-07-16,10,516020,化工ETF,commodity_resource,周期、资源、商品,76.80686,True,-0.018471,3.856235,11632232.39,False,not_selected_lower_priority
2025-07-17,1,511690,511690,bond_cash,expanded_formal_data,93.153286,True,-0.061037,0.723647,12759241.24,False,liquidity_trading_constraint
2025-07-17,2,159930,能源ETF,commodity_resource,周期资源,91.279281,True,-0.057961,0.457221,23275989.32,False,liquidity_trading_constraint
2025-07-17,3,518880,黄金ETF,commodity_resource,防御风格,85.569214,False,-0.070176,-1.340432,2339923917.04,False,trend_confirmation
2025-07-17,4,511880,银华日利ETF,bond_cash,债券货币观察,85.333333,True,-0.060293,4.820134,12459922024.15,True,selected
2025-07-17,5,515220,煤炭ETF,commodity_resource,周期资源,81.91112,True,-0.026879,3.582867,312906622.36,True,selected
2025-07-17,6,511030,公司债ETF,bond_cash,债券货币,80.974359,True,-0.058577,8.589164,2292555758.77,True,selected
2025-07-17,7,159870,化工ETF,commodity_resource,周期、资源、商品,79.536611,True,-0.0235,5.581986,36628933.59,False,not_selected_lower_priority
2025-07-17,8,588000,科创50ETF,broad_index,宽基,78.410256,True,-0.0166,4.813603,2966425069.04,False,not_selected_lower_priority
2025-07-17,9,512690,酒ETF,sector,消费医药,77.074494,True,-0.020774,4.9833,735100091.6,False,not_selected_lower_priority
2025-07-17,10,512890,红利低波ETF,sector,防御风格,75.190244,True,-0.034729,3.934427,509833625.01,False,not_selected_lower_priority
2025-07-18,1,511690,511690,bond_cash,expanded_formal_data,93.153526,True,-0.067633,0.24718,12904260.83,False,liquidity_trading_constraint
2025-07-18,2,159930,能源ETF,commodity_resource,周期资源,91.346714,True,-0.053635,1.997979,23490052.41,False,liquidity_trading_constraint
2025-07-18,3,512690,酒ETF,sector,消费医药,85.307692,True,-0.037177,4.319636,729357645.5,True,selected
2025-07-18,4,511880,银华日利ETF,bond_cash,债券货币观察,85.205128,True,-0.066869,4.819986,12881315496.23,True,selected
2025-07-18,5,518880,黄金ETF,commodity_resource,防御风格,81.985902,False,-0.072081,-0.657342,2272120550.52,False,trend_confirmation
2025-07-18,6,511030,公司债ETF,bond_cash,债券货币,80.974359,True,-0.065248,8.317729,2238047330.82,True,selected
2025-07-18,7,515220,煤炭ETF,commodity_resource,周期资源,80.45306,True,-0.023886,4.49644,330366381.46,False,not_selected_lower_priority
2025-07-18,8,588000,科创50ETF,broad_index,宽基,77.128205,True,-0.013965,5.9401,3027768689.51,False,not_selected_lower_priority
2025-07-18,9,512890,红利低波ETF,sector,防御风格,76.889431,True,-0.041416,3.919226,521675296.66,False,not_selected_lower_priority
2025-07-18,10,511090,30年国债ETF,bond_cash,债券货币,76.113783,False,-0.073391,-2.263372,6452962098.0,False,not_selected_lower_priority
2025-07-21,1,159930,能源ETF,commodity_resource,周期资源,89.820513,True,-0.048923,2.900591,24126996.2,False,liquidity_trading_constraint
2025-07-21,2,512890,红利低波ETF,sector,防御风格,84.581739,True,-0.051267,2.941068,531304456.18,True,selected
2025-07-21,3,511030,公司债ETF,bond_cash,债券货币,84.044208,True,-0.069076,4.161795,2273802666.14,True,selected
2025-07-21,4,511880,银华日利ETF,bond_cash,债券货币观察,83.923077,True,-0.06976,5.24148,12729454941.1,True,selected
2025-07-21,5,518880,黄金ETF,commodity_resource,防御风格,83.076923,False,-0.073006,-0.353117,2246303907.6,False,not_selected_lower_priority
2025-07-21,6,588000,科创50ETF,broad_index,宽基,80.205128,True,-0.022176,5.374209,3045540149.77,False,not_selected_lower_priority
2025-07-21,7,512690,酒ETF,sector,消费医药,78.897436,True,-0.027037,6.971848,729113145.68,False,not_selected_lower_priority
2025-07-21,8,511090,30年国债ETF,bond_cash,债券货币,77.119005,False,-0.078677,-3.090825,6461733993.91,False,not_selected_lower_priority
2025-07-21,9,515220,煤炭ETF,commodity_resource,周期资源,76.358974,True,-0.017079,5.009463,348681505.59,False,not_selected_lower_priority
2025-07-21,10,510230,金融ETF,sector,金融地产,75.8738,True,-0.030889,4.38709,52808322.62,False,not_selected_lower_priority
2025-07-22,1,511880,银华日利ETF,bond_cash,债券货币观察,85.205048,True,-0.068675,5.173316,12500458782.09,True,selected
2025-07-22,2,512890,红利低波ETF,sector,防御风格,83.434396,True,-0.050188,2.93859,554317561.7,True,selected
2025-07-22,3,588000,科创50ETF,broad_index,宽基,82.641026,True,-0.030626,4.59943,3080225122.39,False,already_held
2025-07-22,4,511090,30年国债ETF,bond_cash,债券货币,77.486201,False,-0.075536,-2.421004,6563825215.81,False,trend_confirmation
2025-07-22,5,511520,政金债ETF,bond_cash,债券货币,75.741569,False,-0.071209,-2.350009,9159611937.01,False,trend_confirmation
2025-07-22,6,511690,511690,bond_cash,expanded_formal_data,74.9984,False,-0.069559,-1.307404,13648293.14,False,trend_confirmation
2025-07-22,7,511360,短融ETF,bond_cash,债券货币观察,74.691808,True,-0.068231,15.368291,14529166841.63,False,group_concentration
2025-07-22,8,512690,酒ETF,sector,消费医药,73.923077,True,-0.004634,7.685205,781550249.86,True,selected
2025-07-22,9,518880,黄金ETF,commodity_resource,防御风格,71.153846,False,-0.055663,2.219122,2166415393.2,False,not_selected_lower_priority
2025-07-22,10,511990,华宝添益ETF,bond_cash,债券货币观察,70.383415,False,-0.069519,-0.433853,10055690106.79,False,not_selected_lower_priority
2025-07-23,1,518880,黄金ETF,commodity_resource,防御风格,87.384615,True,-0.029953,3.219182,2179659612.78,True,selected
2025-07-23,2,512890,红利低波ETF,sector,防御风格,85.376986,True,-0.037735,2.098176,565698179.25,True,selected
2025-07-23,3,510230,金融ETF,sector,金融地产,83.833691,True,-0.046089,0.647239,53524258.21,True,selected
2025-07-23,4,588000,科创50ETF,broad_index,宽基,82.512821,True,-0.026248,3.287319,3107360747.57,False,not_selected_lower_priority
2025-07-23,5,511880,银华日利ETF,bond_cash,债券货币观察,82.25641,True,-0.050163,5.629675,12265064805.04,False,not_selected_lower_priority
2025-07-23,6,511090,30年国债ETF,bond_cash,债券货币,77.5999,False,-0.056433,-2.179051,6732104790.77,False,not_selected_lower_priority
2025-07-23,7,511520,政金债ETF,bond_cash,债券货币,75.862669,False,-0.052968,-2.58896,9218145219.24,False,not_selected_lower_priority
2025-07-23,8,511360,短融ETF,bond_cash,债券货币观察,74.050925,True,-0.049708,17.313854,14287691982.27,False,not_selected_lower_priority
2025-07-23,9,511690,511690,bond_cash,expanded_formal_data,73.203928,False,-0.051047,0.211963,13242801.72,False,not_selected_lower_priority
2025-07-23,10,512800,银行ETF,sector,金融地产,73.161318,False,-0.051057,0.0,952090445.84,False,not_selected_lower_priority
2025-07-24,1,518880,黄金ETF,commodity_resource,防御风格,89.689087,True,-0.059303,0.336368,2240977374.01,True,selected
2025-07-24,2,511880,银华日利ETF,bond_cash,债券货币观察,83.410256,True,-0.060985,5.5696,12270119382.86,True,selected
2025-07-24,3,510230,金融ETF,sector,金融地产,82.027646,True,-0.054747,0.932936,53052862.78,True,selected
2025-07-24,4,588000,科创50ETF,broad_index,宽基,81.487179,True,-0.018641,5.676802,3135120782.77,False,not_selected_lower_priority
2025-07-24,5,512800,银行ETF,sector,金融地产,79.200374,False,-0.086841,-2.129572,968243473.9,False,not_selected_lower_priority
2025-07-24,6,511090,30年国债ETF,bond_cash,债券货币,77.935884,False,-0.07525,-4.890497,6910789812.69,False,not_selected_lower_priority
2025-07-24,7,512690,酒ETF,sector,消费医药,77.755694,True,-0.000718,7.015478,800226335.96,False,not_selected_lower_priority
2025-07-24,8,511520,政金债ETF,bond_cash,债券货币,74.301306,False,-0.066399,-4.693455,9317687454.56,False,not_selected_lower_priority
2025-07-24,9,511360,短融ETF,bond_cash,债券货币观察,73.281266,True,-0.060583,15.775197,14226980320.48,False,not_selected_lower_priority
2025-07-24,10,511030,公司债ETF,bond_cash,债券货币,70.741388,False,-0.063104,-2.151193,2204708670.72,False,not_selected_lower_priority
2025-07-25,1,511690,511690,bond_cash,expanded_formal_data,93.794232,True,-0.06246,0.828221,12855907.51,False,liquidity_trading_constraint
2025-07-25,2,518880,黄金ETF,commodity_resource,防御风格,85.032163,True,-0.05117,1.570016,2168086371.5,True,selected
2025-07-25,3,511880,银华日利ETF,bond_cash,债券货币观察,84.564103,True,-0.061676,5.261049,12642897881.31,True,selected
2025-07-25,4,512690,酒ETF,sector,消费医药,83.774177,True,-0.011775,5.311178,830683880.07,True,selected
2025-07-25,5,511090,30年国债ETF,bond_cash,债券货币,80.346332,False,-0.081007,-6.80495,7195753651.64,False,not_selected_lower_priority
2025-07-25,6,511520,政金债ETF,bond_cash,债券货币,76.596995,False,-0.069539,-7.334282,9289809654.4,False,not_selected_lower_priority
2025-07-25,7,159905,深红利ETF,sector,防御风格,74.228577,True,-0.016403,7.733026,43505264.57,False,not_selected_lower_priority
2025-07-25,8,159930,能源ETF,commodity_resource,周期资源,73.032019,True,0.004271,5.254392,28314699.04,False,not_selected_lower_priority
2025-07-25,9,511360,短融ETF,bond_cash,债券货币观察,72.89715,True,-0.06124,15.485683,14411915623.38,False,not_selected_lower_priority
2025-07-25,10,511030,公司债ETF,bond_cash,债券货币,71.895911,False,-0.063998,-2.642012,2201355301.74,False,not_selected_lower_priority
2025-07-28,1,511880,银华日利ETF,bond_cash,债券货币观察,85.333333,True,-0.059748,3.168502,13201901825.71,True,selected
2025-07-28,2,512690,酒ETF,sector,消费医药,84.003514,True,-0.018678,4.310437,836198243.25,True,selected
2025-07-28,3,511090,30年国债ETF,bond_cash,债券货币,79.482828,False,-0.069859,-3.454,7269603637.45,False,trend_confirmation
2025-07-28,4,510230,金融ETF,sector,金融地产,79.106861,True,-0.028869,4.652177,51785240.41,True,selected
2025-07-28,5,159930,能源ETF,commodity_resource,周期资源,76.360127,True,-0.01306,3.488175,28328568.58,False,not_selected_lower_priority
2025-07-28,6,511520,政金债ETF,bond_cash,债券货币,76.358934,False,-0.063915,-3.396573,9503685196.27,False,not_selected_lower_priority
2025-07-28,7,511360,短融ETF,bond_cash,债券货币观察,74.692308,True,-0.058994,14.674184,15368991032.13,False,not_selected_lower_priority
2025-07-28,8,511030,公司债ETF,bond_cash,债券货币,72.416332,False,-0.060647,-0.862238,2168885277.03,False,not_selected_lower_priority
2025-07-28,9,512660,军工ETF,commodity_resource,新能源制造,72.384615,True,-0.020886,3.606644,756977827.59,False,not_selected_lower_priority
2025-07-28,10,588000,科创50ETF,broad_index,宽基,71.358974,True,-0.008983,6.16415,3332418392.39,False,not_selected_lower_priority
2025-07-29,1,512690,酒ETF,sector,消费医药,83.092542,True,-0.018617,4.768303,864353940.37,False,already_held
2025-07-29,2,512800,银行ETF,sector,金融地产,79.881304,False,-0.086922,-2.356388,919167384.89,False,trend_confirmation
2025-07-29,3,511090,30年国债ETF,bond_cash,债券货币,78.287344,False,-0.081379,-5.983249,7443581250.53,False,trend_confirmation
2025-07-29,4,511880,银华日利ETF,bond_cash,债券货币观察,76.358573,True,-0.063193,10.256274,13123721422.71,True,selected
2025-07-29,5,159930,能源ETF,commodity_resource,周期资源,76.31314,True,-0.007525,4.142899,29353694.95,False,liquidity_trading_constraint
2025-07-29,6,515080,中证红利ETF,sector,防御风格,74.959201,True,-0.029656,4.781074,218789011.18,True,selected
2025-07-29,7,511520,政金债ETF,bond_cash,债券货币,74.928466,False,-0.071205,-6.090683,9679323384.76,False,trend_confirmation
2025-07-29,8,159905,深红利ETF,sector,防御风格,73.911666,True,-0.027074,5.928052,43161011.76,True,selected_relaxed_group
2025-07-29,9,518880,黄金ETF,commodity_resource,防御风格,72.496229,False,-0.068503,-0.67407,2118627627.02,False,trend_confirmation
2025-07-29,10,511360,短融ETF,bond_cash,债券货币观察,72.384544,True,-0.06296,12.9493,16310967871.71,False,group_concentration
2025-07-30,1,512690,酒ETF,sector,消费医药,82.121046,True,-0.013295,5.102344,891723606.16,False,already_held
2025-07-30,2,510230,金融ETF,sector,金融地产,80.366566,True,-0.044046,2.556285,54360171.29,False,already_held
2025-07-30,3,159930,能源ETF,commodity_resource,周期资源,79.180064,True,-0.012534,3.682603,30079324.58,True,selected
2025-07-30,4,511090,30年国债ETF,bond_cash,债券货币,78.695854,False,-0.080517,-6.519741,7724537324.35,False,trend_confirmation
2025-07-30,5,512800,银行ETF,sector,金融地产,76.976736,False,-0.083796,-2.218365,936584204.08,False,trend_confirmation
2025-07-30,6,511880,银华日利ETF,bond_cash,债券货币观察,75.846154,True,-0.061248,11.375234,13160698371.53,True,selected
2025-07-30,7,515080,中证红利ETF,sector,防御风格,75.354053,True,-0.034032,3.978294,219357378.71,False,already_held
2025-07-30,8,511520,政金债ETF,bond_cash,债券货币,74.94109,False,-0.068847,-5.522735,9537004688.17,False,trend_confirmation
2025-07-30,9,518880,黄金ETF,commodity_resource,防御风格,73.280298,False,-0.064331,-0.336384,2114686323.37,False,trend_confirmation
2025-07-30,10,511360,短融ETF,bond_cash,债券货币观察,72.897436,True,-0.061174,12.424082,16689895862.43,True,selected_relaxed_group
2025-07-31,1,518880,黄金ETF,commodity_resource,防御风格,76.45681,False,-0.048731,-1.912391,2116296032.2,False,trend_confirmation
2025-07-31,2,511090,30年国债ETF,bond_cash,债券货币,76.178182,False,-0.048379,-3.851156,7925022859.32,False,trend_confirmation
2025-07-31,3,512890,红利低波ETF,sector,防御风格,75.187617,False,-0.053457,-2.807022,585468880.19,False,trend_confirmation
2025-07-31,4,512800,银行ETF,sector,金融地产,74.872474,False,-0.064608,-2.893628,962458236.96,False,trend_confirmation
2025-07-31,5,159930,能源ETF,commodity_resource,周期资源,73.901025,True,0.003061,2.775354,30580895.6,True,selected
2025-07-31,6,511880,银华日利ETF,bond_cash,债券货币观察,73.538462,True,-0.035017,11.455194,13381381757.64,True,selected
2025-07-31,7,511520,政金债ETF,bond_cash,债券货币,72.39444,False,-0.040913,-3.652657,9324791439.71,False,trend_confirmation
2025-07-31,8,511360,短融ETF,bond_cash,债券货币观察,70.589744,True,-0.034962,12.645438,17760383615.76,True,selected_relaxed_group
2025-07-31,9,511690,511690,bond_cash,expanded_formal_data,68.204408,False,-0.035981,-0.202582,13569959.17,False,trend_confirmation
2025-07-31,10,511030,公司债ETF,bond_cash,债券货币,68.062023,False,-0.036329,-0.498613,2031158995.09,False,trend_confirmation
2025-08-01,1,511990,华宝添益ETF,bond_cash,债券货币观察,82.384455,True,-0.025808,0.585612,10409440618.46,True,selected
2025-08-01,2,512890,红利低波ETF,sector,防御风格,75.835147,False,-0.050611,-4.225909,583245176.37,False,trend_confirmation
2025-08-01,3,512800,银行ETF,sector,金融地产,75.429445,False,-0.066333,-4.531813,968227817.22,False,trend_confirmation
2025-08-01,4,511090,30年国债ETF,bond_cash,债券货币,75.264298,False,-0.040439,-4.516645,8105894327.06,False,trend_confirmation
2025-08-01,5,518880,黄金ETF,commodity_resource,防御风格,73.510212,False,-0.033263,-1.126759,2091881130.13,False,trend_confirmation
2025-08-01,6,511880,银华日利ETF,bond_cash,债券货币观察,71.871795,True,-0.024873,11.422741,13440420796.5,True,selected
2025-08-01,7,511520,政金债ETF,bond_cash,债券货币,70.47219,False,-0.030908,-3.753228,9211319282.91,False,trend_confirmation
2025-08-01,8,511360,短融ETF,bond_cash,债券货币观察,68.923077,True,-0.024829,12.645424,18107067440.51,True,selected_relaxed_group
2025-08-01,9,510230,金融ETF,sector,金融地产,68.611517,False,-0.042115,-2.323372,55916712.51,False,already_held
2025-08-01,10,511690,511690,bond_cash,expanded_formal_data,66.537902,False,-0.025838,0.0,13970752.03,False,trend_confirmation
2025-08-04,1,512800,银行ETF,sector,金融地产,76.883851,False,-0.075735,-4.501003,997924796.31,False,trend_confirmation
2025-08-04,2,511090,30年国债ETF,bond_cash,债券货币,76.80262,False,-0.052198,-5.184053,8316931390.88,False,trend_confirmation
2025-08-04,3,512890,红利低波ETF,sector,防御风格,76.386992,False,-0.060918,-4.373127,591578879.43,False,trend_confirmation
2025-08-04,4,511880,银华日利ETF,bond_cash,债券货币观察,75.331808,True,-0.034623,8.725548,13933516453.11,True,selected
2025-08-04,5,511520,政金债ETF,bond_cash,债券货币,71.752425,False,-0.041321,-4.322978,9074080122.28,False,trend_confirmation
2025-08-04,6,511360,短融ETF,bond_cash,债券货币观察,70.333333,True,-0.034351,14.570781,18629087076.07,True,selected
2025-08-04,7,511030,公司债ETF,bond_cash,债券货币,67.685761,False,-0.035843,-0.524836,1955033533.33,False,trend_confirmation
2025-08-04,8,510230,金融ETF,sector,金融地产,67.25154,False,-0.047472,-1.675099,55686384.3,False,already_held
2025-08-04,9,511690,511690,bond_cash,expanded_formal_data,66.409297,False,-0.035516,-0.984798,13859737.89,False,trend_confirmation
2025-08-04,10,512690,酒ETF,sector,消费医药,64.546922,False,-0.012001,2.124168,952309141.36,False,already_held
2025-08-05,1,512690,酒ETF,sector,消费医药,83.949369,True,-0.007561,2.397042,952781770.09,False,already_held
2025-08-05,2,511880,银华日利ETF,bond_cash,债券货币观察,76.612976,True,-0.033561,8.552242,14395145724.12,True,selected
2025-08-05,3,511090,30年国债ETF,bond_cash,债券货币,76.571313,False,-0.0454,-3.316251,8394148232.85,False,trend_confirmation
2025-08-05,4,515080,中证红利ETF,sector,防御风格,76.35922,True,-0.02122,1.588004,222069940.08,False,already_held
2025-08-05,5,512890,红利低波ETF,sector,防御风格,75.830519,False,-0.046741,-1.92365,594244139.5,False,trend_confirmation
2025-08-05,6,512800,银行ETF,sector,金融地产,75.46018,False,-0.056842,-2.308402,1025345377.4,False,trend_confirmation
2025-08-05,7,511520,政金债ETF,bond_cash,债券货币,73.936941,False,-0.03933,-3.626461,9081966790.38,False,trend_confirmation
2025-08-05,8,511360,短融ETF,bond_cash,债券货币观察,71.615385,True,-0.033395,13.378168,19026393615.54,True,selected
2025-08-05,9,511690,511690,bond_cash,expanded_formal_data,69.614265,False,-0.034425,-0.597777,14202457.84,False,trend_confirmation
2025-08-05,10,511030,公司债ETF,bond_cash,债券货币,69.610042,False,-0.034545,-0.209705,1950501651.36,False,trend_confirmation
2025-08-06,1,512690,酒ETF,sector,消费医药,86.655213,True,-0.014859,2.073495,921795781.21,False,already_held
2025-08-06,2,515790,光伏ETF,commodity_resource,新能源制造,81.648983,True,-0.012816,1.665147,763850293.17,True,selected
2025-08-06,3,515080,中证红利ETF,sector,防御风格,78.846301,True,-0.021576,1.958743,224794691.75,False,already_held
2025-08-06,4,512890,红利低波ETF,sector,防御风格,78.01651,False,-0.055979,-2.899404,592578466.09,False,trend_confirmation
2025-08-06,5,512800,银行ETF,sector,金融地产,77.374427,False,-0.065924,-2.899119,1051326973.49,False,trend_confirmation
2025-08-06,6,511880,银华日利ETF,bond_cash,债券货币观察,76.228441,True,-0.037157,8.552143,14533355392.08,True,selected
2025-08-06,7,511090,30年国债ETF,bond_cash,债券货币,75.421389,False,-0.049797,-3.572609,8372071481.27,False,trend_confirmation
2025-08-06,8,518880,黄金ETF,commodity_resource,防御风格,74.735722,True,-0.016935,3.327682,2130231549.33,True,selected
2025-08-06,9,511520,政金债ETF,bond_cash,债券货币,74.069547,False,-0.042634,-3.408176,9076129587.16,False,not_selected_lower_priority
2025-08-06,10,511360,短融ETF,bond_cash,债券货币观察,71.487179,True,-0.037036,13.079079,19456547051.16,False,not_selected_lower_priority
2025-08-07,1,511990,华宝添益ETF,bond_cash,债券货币观察,84.563623,True,-0.032431,0.662224,11280266088.03,True,selected
2025-08-07,2,512690,酒ETF,sector,消费医药,84.489262,True,-0.013002,1.751658,899514913.52,False,already_held
2025-08-07,3,512200,房地产ETF,sector,金融地产,84.134251,True,-0.026199,0.49913,287858731.66,True,selected
2025-08-07,4,512800,银行ETF,sector,金融地产,77.889214,False,-0.067791,-3.837124,1050125810.72,False,trend_confirmation
2025-08-07,5,512890,红利低波ETF,sector,防御风格,77.683594,False,-0.051983,-3.18514,594489858.14,False,trend_confirmation
2025-08-07,6,515080,中证红利ETF,sector,防御风格,76.036025,True,-0.021381,1.340388,220328963.92,False,already_held
2025-08-07,7,511090,30年国债ETF,bond_cash,债券货币,74.907919,False,-0.04157,-2.787712,8395214333.84,False,trend_confirmation
2025-08-07,8,511880,银华日利ETF,bond_cash,债券货币观察,72.89575,True,-0.031617,8.730525,14894193486.53,False,group_concentration
2025-08-07,9,518880,黄金ETF,commodity_resource,防御风格,71.803962,True,-0.01714,2.499172,2136145218.16,True,selected
2025-08-07,10,511520,政金债ETF,bond_cash,债券货币,71.120898,False,-0.036125,-2.703741,9073725320.36,False,not_selected_lower_priority
2025-08-08,1,512200,房地产ETF,sector,金融地产,92.584949,True,-0.029055,-0.222153,276180195.99,True,selected
2025-08-08,2,511990,华宝添益ETF,bond_cash,债券货币观察,84.563543,True,-0.026219,1.173114,11334180408.22,True,selected
2025-08-08,3,511030,公司债ETF,bond_cash,债券货币,82.384314,True,-0.025244,1.459028,1994727771.14,True,selected
2025-08-08,4,515790,光伏ETF,commodity_resource,新能源制造,80.612732,True,-0.018025,0.563411,719473889.9,False,not_selected_lower_priority
2025-08-08,5,512800,银行ETF,sector,金融地产,77.084229,False,-0.046559,-2.471476,1010396486.26,False,not_selected_lower_priority
2025-08-08,6,511090,30年国债ETF,bond_cash,债券货币,76.956346,False,-0.037081,-3.334403,8333079576.38,False,not_selected_lower_priority
2025-08-08,7,512890,红利低波ETF,sector,防御风格,76.920883,False,-0.036133,-1.685825,565805914.46,False,not_selected_lower_priority
2025-08-08,8,511520,政金债ETF,bond_cash,债券货币,73.042456,False,-0.029961,-2.716995,8737470237.12,False,not_selected_lower_priority
2025-08-08,9,511880,银华日利ETF,bond_cash,债券货币观察,72.896071,True,-0.025445,8.6287,14980770722.47,False,not_selected_lower_priority
2025-08-08,10,515080,中证红利ETF,sector,防御风格,71.687288,True,-0.009251,2.081732,207980142.09,False,not_selected_lower_priority
2025-08-11,1,518880,黄金ETF,commodity_resource,防御风格,88.28413,True,-0.032831,-0.231908,2201108285.63,True,selected
2025-08-11,2,512690,酒ETF,sector,消费医药,87.161656,True,-0.006791,2.078683,872094276.18,False,already_held
2025-08-11,3,511030,公司债ETF,bond_cash,债券货币,84.429501,True,-0.03075,0.820146,1974919243.42,True,selected
2025-08-11,4,512800,银行ETF,sector,金融地产,81.330787,False,-0.067107,-4.432226,1018540954.38,False,trend_confirmation
2025-08-11,5,512890,红利低波ETF,sector,防御风格,78.221583,False,-0.053358,-3.855355,574293564.77,False,trend_confirmation
2025-08-11,6,515080,中证红利ETF,sector,防御风格,77.943747,True,-0.025501,0.725943,201967075.11,False,already_held
2025-08-11,7,511090,30年国债ETF,bond_cash,债券货币,76.519623,False,-0.045511,-4.086991,8407887576.94,False,trend_confirmation
2025-08-11,8,512200,房地产ETF,sector,金融地产,74.856577,True,-0.005333,2.153845,271439987.07,True,selected
2025-08-11,9,511880,银华日利ETF,bond_cash,债券货币观察,73.152,True,-0.030629,7.210788,14902805295.67,False,not_selected_lower_priority
2025-08-11,10,515790,光伏ETF,commodity_resource,新能源制造,73.100796,True,0.001751,2.134454,721319911.7,False,not_selected_lower_priority
2025-08-12,1,512690,酒ETF,sector,消费医药,86.621762,True,-0.002339,3.143799,887371447.5,False,already_held
2025-08-12,2,512800,银行ETF,sector,金融地产,79.452304,False,-0.061629,-3.011117,1013313851.37,False,trend_confirmation
2025-08-12,3,511090,30年国债ETF,bond_cash,债券货币,78.936507,False,-0.058477,-6.243761,8547510765.17,False,trend_confirmation
2025-08-12,4,515080,中证红利ETF,sector,防御风格,77.33855,True,-0.013536,3.29609,197278562.27,False,already_held
2025-08-12,5,512890,红利低波ETF,sector,防御风格,75.927038,False,-0.04944,-2.122529,554291265.92,False,trend_confirmation
2025-08-12,6,515790,光伏ETF,commodity_resource,新能源制造,75.515473,True,0.003914,2.742394,715240321.36,True,selected
2025-08-12,7,511880,银华日利ETF,bond_cash,债券货币观察,74.178443,True,-0.037173,7.454133,15313532349.4,True,selected
2025-08-12,8,511520,政金债ETF,bond_cash,债券货币,73.151044,False,-0.044456,-4.901851,8413598908.26,False,trend_confirmation
2025-08-12,9,159905,深红利ETF,sector,防御风格,71.871795,True,-0.000532,4.526719,43782200.27,True,selected
2025-08-12,10,510300,沪深300ETF,broad_index,宽基,70.063304,True,0.0,5.633447,2915731782.55,False,not_selected_lower_priority
2025-08-13,1,511030,公司债ETF,bond_cash,债券货币,90.324529,True,-0.049738,-0.765624,1852498549.42,True,selected
2025-08-13,2,512690,酒ETF,sector,消费医药,87.647403,True,-0.022709,2.361873,913801595.7,False,already_held
2025-08-13,3,512800,银行ETF,sector,金融地产,81.174696,False,-0.077508,-3.522554,1027419966.76,False,trend_confirmation
2025-08-13,4,511090,30年国债ETF,bond_cash,债券货币,78.815883,False,-0.069848,-6.289253,8808534417.07,False,trend_confirmation
2025-08-13,5,515080,中证红利ETF,sector,防御风格,77.943747,True,-0.026692,3.011247,195927902.79,False,already_held
2025-08-13,6,511880,银华日利ETF,bond_cash,债券货币观察,76.999197,True,-0.048441,7.164767,15681598277.4,True,selected
2025-08-13,7,512890,红利低波ETF,sector,防御风格,75.900744,False,-0.059081,-1.847579,539523092.42,False,trend_confirmation
2025-08-13,8,511520,政金债ETF,bond_cash,债券货币,73.409037,False,-0.055829,-5.014556,8387971611.64,False,trend_confirmation
2025-08-13,9,159905,深红利ETF,sector,防御风格,72.0,True,-0.008126,4.978655,47579664.43,True,selected
2025-08-13,10,515790,光伏ETF,commodity_resource,新能源制造,70.717949,True,0.005154,3.513501,708956341.48,False,not_selected_lower_priority
2025-08-14,1,512690,酒ETF,sector,消费医药,86.8511,True,-0.017576,1.877703,947139348.33,False,already_held
2025-08-14,2,512800,银行ETF,sector,金融地产,80.78102,False,-0.064869,-3.257341,1034675023.53,False,trend_confirmation
2025-08-14,3,511090,30年国债ETF,bond_cash,债券货币,79.05566,False,-0.062077,-6.999794,9149217092.03,False,trend_confirmation
2025-08-14,4,159755,电池ETF,commodity_resource,新能源制造,77.687462,True,-0.00239,2.385352,201275478.24,True,selected
2025-08-14,5,515790,光伏ETF,commodity_resource,新能源制造,76.627341,True,-0.008316,1.915271,699264218.38,True,selected
2025-08-14,6,511880,银华日利ETF,bond_cash,债券货币观察,75.076682,True,-0.03794,7.54222,15957398513.05,True,selected
2025-08-14,7,511520,政金债ETF,bond_cash,债券货币,75.071872,False,-0.046311,-5.687855,8517026558.69,False,not_selected_lower_priority
2025-08-14,8,512890,红利低波ETF,sector,防御风格,73.98424,False,-0.046154,-1.387895,519640134.35,False,not_selected_lower_priority
2025-08-14,9,511360,短融ETF,bond_cash,债券货币观察,71.358974,True,-0.037695,13.204286,21776424573.92,False,not_selected_lower_priority
2025-08-14,10,159905,深红利ETF,sector,防御风格,71.340424,True,-0.003204,4.279168,48018125.58,False,not_selected_lower_priority
2025-08-15,1,512690,酒ETF,sector,消费医药,87.890277,True,-0.030224,0.953775,941341054.18,False,already_held
2025-08-15,2,512800,银行ETF,sector,金融地产,82.108625,False,-0.084826,-5.266082,1074643499.47,False,trend_confirmation
2025-08-15,3,159930,能源ETF,commodity_resource,周期资源,78.946859,True,0.003854,3.02672,39860531.57,True,selected
2025-08-15,4,511090,30年国债ETF,bond_cash,债券货币,78.804123,False,-0.064962,-7.252517,9398486240.8,False,trend_confirmation
2025-08-15,5,512890,红利低波ETF,sector,防御风格,76.265638,False,-0.055498,-2.800856,519863389.84,False,trend_confirmation
2025-08-15,6,510230,金融ETF,sector,金融地产,73.672973,False,-0.04207,-0.192523,56861810.82,False,already_held
2025-08-15,7,511520,政金债ETF,bond_cash,债券货币,73.665795,False,-0.04789,-5.407422,8777334342.41,False,trend_confirmation
2025-08-15,8,159905,深红利ETF,sector,防御风格,72.897436,True,-0.009614,3.792633,49601279.87,True,selected
2025-08-15,9,159755,电池ETF,commodity_resource,新能源制造,72.60953,True,0.007684,3.056836,200019035.09,True,selected
2025-08-15,10,511880,银华日利ETF,bond_cash,债券货币观察,72.384615,True,-0.039865,7.832122,16003356492.02,False,not_selected_lower_priority
2025-08-18,1,512690,酒ETF,sector,消费医药,84.995705,True,-0.02475,1.576816,984141713.89,False,already_held
2025-08-18,2,510230,金融ETF,sector,金融地产,83.259564,True,-0.038606,0.481686,57777352.47,False,already_held
2025-08-18,3,512800,银行ETF,sector,金融地产,81.410374,False,-0.080778,-4.575808,1077254995.3,False,trend_confirmation
2025-08-18,4,511090,30年国债ETF,bond_cash,债券货币,79.106818,False,-0.075786,-8.006447,9716979050.66,False,trend_confirmation
2025-08-18,5,512890,红利低波ETF,sector,防御风格,75.509555,False,-0.055332,-2.477791,524907778.09,False,trend_confirmation
2025-08-18,6,511520,政金债ETF,bond_cash,债券货币,74.145558,False,-0.053529,-6.781348,8958626804.41,False,trend_confirmation
2025-08-18,7,511880,银华日利ETF,bond_cash,债券货币观察,72.512821,True,-0.041348,7.832122,16254864110.31,True,selected
2025-08-18,8,159905,深红利ETF,sector,防御风格,72.25641,True,-0.019038,2.86683,48761848.92,True,selected
2025-08-18,9,518880,黄金ETF,commodity_resource,防御风格,72.036403,False,-0.046574,-0.705342,2192079484.3,False,trend_confirmation
2025-08-18,10,159755,电池ETF,commodity_resource,新能源制造,71.487179,True,0.008336,3.176806,204427040.42,True,selected
2025-08-19,1,512690,酒ETF,sector,消费医药,81.615385,True,-0.020427,0.523147,1006048751.77,False,already_held
2025-08-19,2,511090,30年国债ETF,bond_cash,债券货币,79.385041,False,-0.056074,-7.206327,9794084614.72,False,trend_confirmation
2025-08-19,3,512800,银行ETF,sector,金融地产,77.188758,False,-0.048571,-2.918819,1032560021.79,False,trend_confirmation
2025-08-19,4,515220,煤炭ETF,commodity_resource,周期资源,75.559201,False,-0.066901,-2.950517,660203097.73,False,trend_confirmation
2025-08-19,5,159930,能源ETF,commodity_resource,周期资源,73.648192,False,-0.053784,-2.672621,37841749.21,False,trend_confirmation
2025-08-19,6,159905,深红利ETF,sector,防御风格,72.25641,True,-0.019685,0.834321,48404590.96,True,selected
2025-08-19,7,512890,红利低波ETF,sector,防御风格,70.631186,False,-0.04033,-2.791129,507446944.61,False,trend_confirmation
2025-08-19,8,515080,中证红利ETF,sector,防御风格,70.61568,False,-0.044069,-2.987123,195711760.74,False,already_held
2025-08-19,9,518880,黄金ETF,commodity_resource,防御风格,69.320778,False,-0.036608,-1.779696,2124223915.38,False,trend_confirmation
2025-08-19,10,511520,政金债ETF,bond_cash,债券货币,69.286505,False,-0.035445,-5.838287,9034319926.59,False,trend_confirmation
2025-08-20,1,512800,银行ETF,sector,金融地产,80.94332,False,-0.064563,-3.064517,1023440069.81,False,trend_confirmation
2025-08-20,2,511090,30年国债ETF,bond_cash,债券货币,80.653045,False,-0.072435,-7.502193,9887515579.33,False,trend_confirmation
2025-08-20,3,510230,金融ETF,sector,金融地产,79.173865,True,-0.036244,0.603342,55689507.22,False,already_held
2025-08-20,4,512690,酒ETF,sector,消费医药,77.25641,True,-0.003002,3.398754,1062221411.07,False,already_held
2025-08-20,5,515220,煤炭ETF,commodity_resource,周期资源,75.075792,False,-0.063824,-1.696704,609087200.45,False,trend_confirmation
2025-08-20,6,518880,黄金ETF,commodity_resource,防御风格,74.729014,False,-0.063533,-4.014698,2081272733.63,False,trend_confirmation
2025-08-20,7,511520,政金债ETF,bond_cash,债券货币,72.875294,False,-0.050388,-5.819448,8931070736.07,False,trend_confirmation
2025-08-20,8,159905,深红利ETF,sector,防御风格,70.717949,True,-0.022957,2.478596,48013047.78,True,selected
2025-08-20,9,159930,能源ETF,commodity_resource,周期资源,70.11085,False,-0.050026,-0.917751,36176989.41,False,trend_confirmation
2025-08-20,10,511880,银华日利ETF,bond_cash,债券货币观察,68.794872,True,-0.039577,8.853954,16653338445.98,True,selected
2025-08-21,1,515220,煤炭ETF,commodity_resource,周期资源,101.858473,True,-0.06763,-2.267442,597225814.97,True,selected
2025-08-21,2,159930,能源ETF,commodity_resource,周期资源,95.280893,True,-0.044577,-0.69181,35169209.43,True,selected
2025-08-21,3,511090,30年国债ETF,bond_cash,债券货币,80.048629,False,-0.058665,-4.919914,10074397203.64,False,trend_confirmation
2025-08-21,4,510230,金融ETF,sector,金融地产,78.153846,True,-0.028812,1.206435,57450353.22,False,already_held
2025-08-21,5,159755,电池ETF,commodity_resource,新能源制造,76.820315,True,-0.020171,1.20927,199078652.64,True,selected
2025-08-21,6,512690,酒ETF,sector,消费医药,76.023746,True,-0.015265,1.94956,1083085509.53,False,not_selected_lower_priority
2025-08-21,7,515080,中证红利ETF,sector,防御风格,75.492242,False,-0.044976,-1.196958,187431244.36,False,not_selected_lower_priority
2025-08-21,8,512800,银行ETF,sector,金融地产,73.672241,False,-0.041955,-0.641672,1011886761.36,False,not_selected_lower_priority
2025-08-21,9,511520,政金债ETF,bond_cash,债券货币,73.017088,False,-0.042649,-3.195987,8829878664.47,False,not_selected_lower_priority
2025-08-21,10,511880,银华日利ETF,bond_cash,债券货币观察,70.846154,True,-0.036184,9.703139,16467366657.81,False,not_selected_lower_priority
2025-08-22,1,511090,30年国债ETF,bond_cash,债券货币,81.311785,False,-0.088214,-4.755295,10172646217.48,False,trend_confirmation
2025-08-22,2,515220,煤炭ETF,commodity_resource,周期资源,81.283272,False,-0.086269,-1.421077,619245765.07,False,trend_confirmation
2025-08-22,3,510230,金融ETF,sector,金融地产,77.769231,True,-0.044176,3.289665,59582799.41,False,already_held
2025-08-22,4,512800,银行ETF,sector,金融地产,77.61914,False,-0.07464,-0.95899,1021916566.48,False,trend_confirmation
2025-08-22,5,159755,电池ETF,commodity_resource,新能源制造,74.820513,True,-0.019902,3.207254,207158959.61,True,selected
2025-08-22,6,515080,中证红利ETF,sector,防御风格,74.712702,False,-0.072149,-0.711268,195074799.8,False,already_held
2025-08-22,7,511880,银华日利ETF,bond_cash,债券货币观察,74.434934,True,-0.066774,7.265775,16346312586.05,True,selected
2025-08-22,8,512200,房地产ETF,sector,金融地产,73.794872,True,-0.033564,2.961735,290631415.1,True,selected
2025-08-22,9,518880,黄金ETF,commodity_resource,防御风格,71.912763,False,-0.071831,-0.923338,1977735565.13,False,not_selected_lower_priority
2025-08-22,10,511520,政金债ETF,bond_cash,债券货币,70.966014,False,-0.071466,-2.315742,8732535759.21,False,not_selected_lower_priority
2025-08-25,1,512890,红利低波ETF,sector,防御风格,81.358974,True,-0.067419,3.232397,482646469.52,True,selected
2025-08-25,2,511090,30年国债ETF,bond_cash,债券货币,81.09041,False,-0.106194,-4.703138,10357736979.74,False,trend_confirmation
2025-08-25,3,510230,金融ETF,sector,金融地产,80.846154,True,-0.064656,3.013508,58293307.39,False,already_held
2025-08-25,4,511880,银华日利ETF,bond_cash,债券货币观察,78.921633,True,-0.085015,6.396306,16235031753.23,True,selected
2025-08-25,5,512800,银行ETF,sector,金融地产,78.058675,False,-0.088124,-0.311881,1040295783.48,False,trend_confirmation
2025-08-25,6,159755,电池ETF,commodity_resource,新能源制造,77.384615,True,-0.031992,3.560649,219506248.13,True,selected
2025-08-25,7,511520,政金债ETF,bond_cash,债券货币,76.746685,False,-0.090484,-2.947919,8501088598.4,False,not_selected_lower_priority
2025-08-25,8,511360,短融ETF,bond_cash,债券货币观察,73.025641,True,-0.084585,9.693843,25278420794.41,False,not_selected_lower_priority
2025-08-25,9,512010,医药ETF,sector,消费医药,70.205128,True,-0.027262,4.518823,780737244.6,False,not_selected_lower_priority
2025-08-25,10,511690,511690,bond_cash,expanded_formal_data,70.127725,False,-0.085798,0.0,15840915.94,False,not_selected_lower_priority
2025-08-26,1,515080,中证红利ETF,sector,防御风格,84.302561,True,-0.062728,1.908566,200603964.64,False,already_held
2025-08-26,2,159930,能源ETF,commodity_resource,周期资源,82.594615,True,-0.058108,1.709175,35577888.04,True,selected
2025-08-26,3,511880,银华日利ETF,bond_cash,债券货币观察,80.716745,True,-0.073553,7.156772,16668388021.09,True,selected
2025-08-26,4,511090,30年国债ETF,bond_cash,债券货币,80.617545,False,-0.084561,-2.294728,10320991868.36,False,trend_confirmation
2025-08-26,5,515120,广发创新药ETF,theme,医药与消费升级,77.081068,True,-0.060212,1.019555,287184363.06,True,selected
2025-08-26,6,511520,政金债ETF,bond_cash,债券货币,76.371707,False,-0.075356,-0.616991,8393407152.93,False,not_selected_lower_priority
2025-08-26,7,512010,医药ETF,sector,消费医药,74.984757,True,-0.055414,1.578854,745075742.59,False,not_selected_lower_priority
2025-08-26,8,511360,短融ETF,bond_cash,债券货币观察,74.820513,True,-0.073042,10.937932,24961383625.17,False,not_selected_lower_priority
2025-08-26,9,510230,金融ETF,sector,金融地产,74.486808,True,-0.054516,2.800382,56827727.38,False,not_selected_lower_priority
2025-08-26,10,511690,511690,bond_cash,expanded_formal_data,73.717469,False,-0.074396,0.593469,15799360.86,False,not_selected_lower_priority
2025-08-27,1,512010,医药ETF,sector,消费医药,89.947064,True,-0.068572,-0.731653,720536902.9,True,selected
2025-08-27,2,159992,银华创新药ETF,theme,医药与消费升级,84.233524,True,-0.064498,-0.36921,618046033.0,True,selected
2025-08-27,3,515220,煤炭ETF,commodity_resource,周期资源,81.104001,False,-0.078186,-1.439623,662000654.31,False,trend_confirmation
2025-08-27,4,512800,银行ETF,sector,金融地产,78.773045,False,-0.077874,-2.372628,1013239841.77,False,trend_confirmation
2025-08-27,5,511090,30年国债ETF,bond_cash,债券货币,78.196475,False,-0.070432,-2.57896,10359908247.99,False,trend_confirmation
2025-08-27,6,515120,广发创新药ETF,theme,医药与消费升级,78.187777,True,-0.060569,-0.096772,297561201.44,False,already_held
2025-08-27,7,511990,华宝添益ETF,bond_cash,债券货币观察,76.101764,True,-0.059108,0.410556,13493099040.02,True,selected
2025-08-27,8,516080,易方达创新药ETF,theme,医药与消费升级,75.657736,True,-0.06051,-0.09792,26044753.38,False,not_selected_lower_priority
2025-08-27,9,159930,能源ETF,commodity_resource,周期资源,74.925159,False,-0.068718,-0.912681,35275567.32,False,not_selected_lower_priority
2025-08-27,10,515080,中证红利ETF,sector,防御风格,70.63068,False,-0.065624,-0.896252,207318860.16,False,not_selected_lower_priority
2025-08-28,1,511090,30年国债ETF,bond_cash,债券货币,80.698805,False,-0.125523,-5.714661,10430616123.84,False,trend_confirmation
2025-08-28,2,512010,医药ETF,sector,消费医药,79.67222,True,-0.092987,0.59321,708118519.59,False,already_held
2025-08-28,3,511880,银华日利ETF,bond_cash,债券货币观察,79.435897,True,-0.099355,7.13492,16736121024.31,True,selected
2025-08-28,4,512800,银行ETF,sector,金融地产,79.322478,False,-0.107274,-0.900578,1003106790.29,False,trend_confirmation
2025-08-28,5,516080,易方达创新药ETF,theme,医药与消费升级,77.816115,True,-0.094658,0.400193,26983150.75,False,liquidity_trading_constraint
2025-08-28,6,515120,广发创新药ETF,theme,医药与消费升级,76.755602,True,-0.094418,0.39556,309965663.7,False,already_held
2025-08-28,7,511520,政金债ETF,bond_cash,债券货币,75.20337,False,-0.106725,-4.580024,8267050183.63,False,trend_confirmation
2025-08-28,8,511360,短融ETF,bond_cash,债券货币观察,74.564031,True,-0.099021,9.683207,25522608280.0,True,selected
2025-08-28,9,518880,黄金ETF,commodity_resource,防御风格,72.598404,True,-0.084144,3.498187,1948146116.21,True,selected
2025-08-28,10,511690,511690,bond_cash,expanded_formal_data,69.615145,False,-0.100208,-0.301541,16833860.82,False,not_selected_lower_priority
2025-08-29,1,511690,511690,bond_cash,expanded_formal_data,93.538462,True,-0.116698,0.293233,17291049.99,False,liquidity_trading_constraint
2025-08-29,2,511990,华宝添益ETF,bond_cash,债券货币观察,86.615385,True,-0.116478,2.574257,13422963676.3,True,selected
2025-08-29,3,511090,30年国债ETF,bond_cash,债券货币,80.953902,False,-0.140163,-5.289963,10495300434.73,False,trend_confirmation
2025-08-29,4,512800,银行ETF,sector,金融地产,79.652174,False,-0.136638,-2.537703,1010764304.08,False,trend_confirmation
2025-08-29,5,511880,银华日利ETF,bond_cash,债券货币观察,78.923077,True,-0.115855,7.167003,16853026519.65,True,selected
2025-08-29,6,518880,黄金ETF,commodity_resource,防御风格,77.232969,True,-0.098482,3.961267,1958933453.25,True,selected
2025-08-29,7,511360,短融ETF,bond_cash,债券货币观察,75.717949,True,-0.115594,9.337972,26858058697.85,False,not_selected_lower_priority
2025-08-29,8,511520,政金债ETF,bond_cash,债券货币,75.461356,False,-0.123503,-4.778191,8293722381.04,False,not_selected_lower_priority
2025-08-29,9,515120,广发创新药ETF,theme,医药与消费升级,72.593888,True,-0.077407,2.527641,322569379.36,False,not_selected_lower_priority
2025-08-29,10,511030,公司债ETF,bond_cash,债券货币,71.011042,False,-0.117433,-1.530798,2062771866.62,False,not_selected_lower_priority
2025-09-01,1,511690,511690,bond_cash,expanded_formal_data,90.589504,True,-0.115135,0.914328,17620414.02,False,liquidity_trading_constraint
2025-09-01,2,511030,公司债ETF,bond_cash,债券货币,88.272193,True,-0.115617,-0.92552,2048462121.52,True,selected
2025-09-01,3,511990,华宝添益ETF,bond_cash,债券货币观察,84.178208,True,-0.114955,2.302457,13552459499.49,True,selected
2025-09-01,4,512800,银行ETF,sector,金融地产,81.483718,False,-0.152461,-4.635634,1012697147.08,False,trend_confirmation
2025-09-01,5,511090,30年国债ETF,bond_cash,债券货币,78.663145,False,-0.134816,-4.372908,10428143310.37,False,trend_confirmation
2025-09-01,6,511360,短融ETF,bond_cash,债券货币观察,75.974359,True,-0.113988,9.77897,27410980200.77,True,selected_relaxed_group
2025-09-01,7,511520,政金债ETF,bond_cash,债券货币,75.466766,False,-0.120508,-3.721506,8356525660.58,False,trend_confirmation
2025-09-01,8,515220,煤炭ETF,commodity_resource,周期资源,75.418157,False,-0.117114,-0.172884,669497844.19,False,trend_confirmation
2025-09-01,9,511880,银华日利ETF,bond_cash,债券货币观察,74.307692,True,-0.11394,11.207552,16500840008.18,False,group_concentration
2025-09-01,10,510230,金融ETF,sector,金融地产,73.024155,False,-0.119454,-0.513317,58943440.07,False,cooldown
2025-09-02,1,511690,511690,bond_cash,expanded_formal_data,87.640786,True,-0.100196,1.542112,17952855.47,False,liquidity_trading_constraint
2025-09-02,2,512800,银行ETF,sector,金融地产,82.014786,False,-0.133541,-3.892137,1050905000.8,False,trend_confirmation
2025-09-02,3,511990,华宝添益ETF,bond_cash,债券货币观察,81.74223,True,-0.100066,1.971718,13673372870.9,True,selected
2025-09-02,4,515220,煤炭ETF,commodity_resource,周期资源,78.955613,False,-0.120478,-1.83605,670237886.84,False,trend_confirmation
2025-09-02,5,511090,30年国债ETF,bond_cash,债券货币,78.520499,False,-0.124815,-5.599611,10424687974.07,False,trend_confirmation
2025-09-02,6,510230,金融ETF,sector,金融地产,73.20757,False,-0.112218,-1.541087,60186256.11,False,trend_confirmation
2025-09-02,7,511360,短融ETF,bond_cash,债券货币观察,72.25641,True,-0.099069,9.778765,28139929218.79,True,selected
2025-09-02,8,511520,政金债ETF,bond_cash,债券货币,70.977575,False,-0.106211,-4.177869,8366144724.73,False,trend_confirmation
2025-09-02,9,515080,中证红利ETF,sector,防御风格,69.225556,False,-0.103497,-0.564429,216392710.69,False,cooldown
2025-09-02,10,511880,银华日利ETF,bond_cash,债券货币观察,69.179487,True,-0.09869,14.549698,16225148345.21,True,selected_relaxed_group
2025-09-03,1,511690,511690,bond_cash,expanded_formal_data,83.410256,True,-0.087092,3.155186,18391820.22,False,liquidity_trading_constraint
2025-09-03,2,512800,银行ETF,sector,金融地产,81.776741,False,-0.133179,-5.106603,1058336384.59,False,trend_confirmation
2025-09-03,3,515220,煤炭ETF,commodity_resource,周期资源,81.392731,False,-0.143806,-5.527864,660702740.09,False,trend_confirmation
2025-09-03,4,511990,华宝添益ETF,bond_cash,债券货币观察,77.896156,True,-0.086992,2.306841,13690163999.47,True,selected
2025-09-03,5,510230,金融ETF,sector,金融地产,75.901099,False,-0.114686,-3.219589,60224079.85,False,trend_confirmation
2025-09-03,6,511090,30年国债ETF,bond_cash,债券货币,73.940219,False,-0.107576,-4.468519,10538004029.69,False,trend_confirmation
2025-09-03,7,512660,军工ETF,commodity_resource,新能源制造,71.129731,False,-0.123289,-1.85183,1338951796.38,False,trend_confirmation
2025-09-03,8,515080,中证红利ETF,sector,防御风格,70.563971,False,-0.105936,-3.191582,214019712.82,False,trend_confirmation
2025-09-03,9,159930,能源ETF,commodity_resource,周期资源,69.575928,False,-0.104954,-2.040346,34277061.09,False,already_held
2025-09-03,10,511880,银华日利ETF,bond_cash,债券货币观察,66.228123,True,-0.085988,8.660059,16872123323.35,True,selected
2025-09-04,1,511690,511690,bond_cash,expanded_formal_data,81.99944,True,-0.064589,0.775236,19583424.49,False,liquidity_trading_constraint
2025-09-04,2,515220,煤炭ETF,commodity_resource,周期资源,79.627738,False,-0.118342,-5.20473,648099253.97,False,trend_confirmation
2025-09-04,3,511990,华宝添益ETF,bond_cash,债券货币观察,79.562023,True,-0.064609,0.10908,13311331231.01,True,selected
2025-09-04,4,512800,银行ETF,sector,金融地产,79.449337,False,-0.105809,-4.441652,1086965236.93,False,trend_confirmation
2025-09-04,5,510230,金融ETF,sector,金融地产,75.544089,False,-0.091323,-3.119967,61833599.99,False,trend_confirmation
2025-09-04,6,512660,军工ETF,commodity_resource,新能源制造,74.88441,False,-0.122777,-2.841569,1341533846.67,False,trend_confirmation
2025-09-04,7,159930,能源ETF,commodity_resource,周期资源,73.911697,False,-0.090373,-2.997039,33791921.96,False,already_held
2025-09-04,8,515080,中证红利ETF,sector,防御风格,72.866532,False,-0.085264,-3.530843,221580532.45,False,trend_confirmation
2025-09-04,9,511090,30年国债ETF,bond_cash,债券货币,70.770954,False,-0.080785,-3.436101,10734172938.45,False,trend_confirmation
2025-09-04,10,511880,银华日利ETF,bond_cash,债券货币观察,68.149757,True,-0.063666,6.35225,17265553540.93,True,selected
2025-09-05,1,512800,银行ETF,sector,金融地产,81.727583,False,-0.137356,-4.885907,1110035792.76,False,trend_confirmation
2025-09-05,2,511690,511690,bond_cash,expanded_formal_data,80.845834,True,-0.091369,0.265788,20109277.04,False,liquidity_trading_constraint
2025-09-05,3,515220,煤炭ETF,commodity_resource,周期资源,77.673562,False,-0.129222,-3.474238,651234688.97,False,trend_confirmation
2025-09-05,4,511090,30年国债ETF,bond_cash,债券货币,75.61474,False,-0.117155,-5.012276,10953006307.5,False,trend_confirmation
2025-09-05,5,512660,军工ETF,commodity_resource,新能源制造,74.99425,False,-0.131898,-1.941704,1350223263.85,False,trend_confirmation
2025-09-05,6,510230,金融ETF,sector,金融地产,73.331475,False,-0.116132,-2.908903,62099856.97,False,trend_confirmation
2025-09-05,7,159930,能源ETF,commodity_resource,周期资源,73.171473,False,-0.114891,-2.719047,33114748.26,False,already_held
2025-09-05,8,511880,银华日利ETF,bond_cash,债券货币观察,71.353442,True,-0.090647,4.620834,17415416725.78,True,selected
2025-09-05,9,515080,中证红利ETF,sector,防御风格,70.066545,False,-0.110709,-3.285858,223830490.03,False,trend_confirmation
2025-09-05,10,512890,红利低波ETF,sector,防御风格,68.494815,False,-0.109606,-2.978638,486512142.19,False,trend_confirmation
2025-09-08,1,512800,银行ETF,sector,金融地产,84.254691,False,-0.129415,-4.593314,1098674347.78,False,trend_confirmation
2025-09-08,2,512660,军工ETF,commodity_resource,新能源制造,78.638913,False,-0.125219,-1.849884,1347101741.01,False,trend_confirmation
2025-09-08,3,515220,煤炭ETF,commodity_resource,周期资源,77.597644,False,-0.117761,-2.822297,646116388.47,False,trend_confirmation
2025-09-08,4,510230,金融ETF,sector,金融地产,76.609598,False,-0.11493,-3.300064,62360639.98,False,trend_confirmation
2025-09-08,5,511090,30年国债ETF,bond_cash,债券货币,73.048286,False,-0.108447,-4.379202,10999609804.81,False,trend_confirmation
2025-09-08,6,159930,能源ETF,commodity_resource,周期资源,72.565255,False,-0.102028,-1.776987,32775173.5,False,already_held
2025-09-08,7,511880,银华日利ETF,bond_cash,债券货币观察,69.815622,True,-0.085668,5.556814,17802609429.6,True,selected
2025-09-08,8,512890,红利低波ETF,sector,防御风格,69.648661,False,-0.099041,-2.079388,466052973.83,False,trend_confirmation
2025-09-08,9,515080,中证红利ETF,sector,防御风格,66.676847,False,-0.093651,-1.133356,224565271.09,False,trend_confirmation
2025-09-08,10,511380,可转债ETF,bond_cash,债券货币,65.291003,True,-0.064352,2.330296,14635916392.01,True,selected
2025-09-09,1,512660,军工ETF,commodity_resource,新能源制造,81.691486,False,-0.126566,-2.506974,1327400652.12,False,trend_confirmation
2025-09-09,2,515220,煤炭ETF,commodity_resource,周期资源,80.552867,False,-0.118833,-4.35656,636896387.06,False,trend_confirmation
2025-09-09,3,512800,银行ETF,sector,金融地产,80.270396,False,-0.111232,-4.0065,1104840236.36,False,trend_confirmation
2025-09-09,4,159930,能源ETF,commodity_resource,周期资源,77.02923,False,-0.103672,-3.756751,32381358.42,False,already_held
2025-09-09,5,510230,金融ETF,sector,金融地产,74.335032,False,-0.10135,-3.284409,59666290.88,False,trend_confirmation
2025-09-09,6,511090,30年国债ETF,bond_cash,债券货币,71.37274,False,-0.093724,-4.13455,11000987796.13,False,trend_confirmation
2025-09-09,7,511880,银华日利ETF,bond_cash,债券货币观察,69.431247,True,-0.072279,5.127151,17877519802.95,True,selected
2025-09-09,8,515080,中证红利ETF,sector,防御风格,69.123008,False,-0.083378,-1.665176,223201326.65,False,trend_confirmation
2025-09-09,9,512890,红利低波ETF,sector,防御风格,67.380345,False,-0.082233,-1.493859,466274443.25,False,trend_confirmation
2025-09-09,10,511520,政金债ETF,bond_cash,债券货币,64.450673,False,-0.07755,-2.806087,8600333376.25,False,trend_confirmation
2025-09-10,1,512660,军工ETF,commodity_resource,新能源制造,82.393534,False,-0.124025,-2.71849,1285497844.04,False,trend_confirmation
2025-09-10,2,515220,煤炭ETF,commodity_resource,周期资源,79.45981,False,-0.109862,-4.1735,625424008.48,False,trend_confirmation
2025-09-10,3,159930,能源ETF,commodity_resource,周期资源,78.270672,False,-0.096462,-3.695523,32311860.14,False,already_held
2025-09-10,4,512800,银行ETF,sector,金融地产,76.689977,False,-0.09443,-2.98451,1079499098.04,False,trend_confirmation
2025-09-10,5,511090,30年国债ETF,bond_cash,债券货币,74.156271,False,-0.095307,-5.508857,11050438782.56,False,trend_confirmation
2025-09-10,6,510230,金融ETF,sector,金融地产,72.551202,False,-0.089829,-2.717001,58617933.03,False,trend_confirmation
2025-09-10,7,515080,中证红利ETF,sector,防御风格,69.092219,False,-0.076121,-1.573033,220813703.96,False,trend_confirmation
2025-09-10,8,512890,红利低波ETF,sector,防御风格,67.488862,False,-0.074772,-1.366472,457124899.53,False,trend_confirmation
2025-09-10,9,511880,银华日利ETF,bond_cash,债券货币观察,66.867465,True,-0.065612,5.191673,17676977826.38,True,selected
2025-09-10,10,512170,医疗ETF,sector,消费医药,66.67279,True,-0.032124,1.84815,937819078.55,True,selected
2025-09-11,1,512800,银行ETF,sector,金融地产,80.188811,False,-0.119946,-2.340203,1100689756.7,False,trend_confirmation
2025-09-11,2,515220,煤炭ETF,commodity_resource,周期资源,79.233362,False,-0.122678,-2.486356,618048540.45,False,trend_confirmation
2025-09-11,3,511090,30年国债ETF,bond_cash,债券货币,79.028097,False,-0.12549,-5.310553,11067569158.12,False,trend_confirmation
2025-09-11,4,511690,511690,bond_cash,expanded_formal_data,78.383975,True,-0.09772,0.775245,20946485.42,False,liquidity_trading_constraint
2025-09-11,5,512660,军工ETF,commodity_resource,新能源制造,77.417884,False,-0.118905,-0.981084,1243671602.61,False,trend_confirmation
2025-09-11,6,159930,能源ETF,commodity_resource,周期资源,75.088749,False,-0.115501,-2.230735,32147424.55,False,already_held
2025-09-11,7,510230,金融ETF,sector,金融地产,72.773265,False,-0.114675,-1.878061,57936125.86,False,trend_confirmation
2025-09-11,8,511880,银华日利ETF,bond_cash,债券货币观察,71.48309,True,-0.096977,4.939434,18104782196.25,True,selected
2025-09-11,9,512890,红利低波ETF,sector,防御风格,68.412549,False,-0.103588,-0.947515,455623673.29,False,trend_confirmation
2025-09-11,10,511520,政金债ETF,bond_cash,债券货币,67.506828,False,-0.10465,-3.984593,8439596697.27,False,trend_confirmation
2025-09-12,1,512660,军工ETF,commodity_resource,新能源制造,80.732911,False,-0.112734,-1.618701,1227649291.02,False,trend_confirmation
2025-09-12,2,515220,煤炭ETF,commodity_resource,周期资源,77.468453,False,-0.108529,-3.10663,618966170.54,False,trend_confirmation
2025-09-12,3,510230,金融ETF,sector,金融地产,76.754366,False,-0.108529,-3.160896,56410079.2,False,trend_confirmation
2025-09-12,4,511690,511690,bond_cash,expanded_formal_data,74.153206,True,-0.07816,-0.540863,19898763.95,False,liquidity_trading_constraint
2025-09-12,5,159930,能源ETF,commodity_resource,周期资源,73.929101,False,-0.103122,-3.219669,32588152.02,False,already_held
2025-09-12,6,512070,非银ETF,high_beta,金融地产,73.924154,False,-0.110927,-2.055051,565841780.64,False,trend_confirmation
2025-09-12,7,512800,银行ETF,sector,金融地产,72.759907,False,-0.101837,-2.468728,1089537887.11,False,trend_confirmation
2025-09-12,8,511090,30年国债ETF,bond_cash,债券货币,69.701111,False,-0.100316,-4.170773,10981893119.2,False,trend_confirmation
2025-09-12,9,512890,红利低波ETF,sector,防御风格,67.847227,False,-0.087345,-1.462357,446461541.38,False,trend_confirmation
2025-09-12,10,511880,银华日利ETF,bond_cash,债券货币观察,65.842786,True,-0.077337,5.11973,18246581596.09,True,selected
2025-09-15,1,512660,军工ETF,commodity_resource,新能源制造,82.216453,False,-0.134041,-3.007205,1192164496.48,False,trend_confirmation
2025-09-15,2,510230,金融ETF,sector,金融地产,77.719276,False,-0.11271,-4.229982,55829420.68,False,trend_confirmation
2025-09-15,3,512800,银行ETF,sector,金融地产,77.428904,False,-0.107297,-3.639188,1113110197.69,False,trend_confirmation
2025-09-15,4,512070,非银ETF,high_beta,金融地产,76.326438,False,-0.115267,-2.740102,530327248.29,False,trend_confirmation
2025-09-15,5,512890,红利低波ETF,sector,防御风格,74.320061,False,-0.091051,-2.947826,441876025.79,False,trend_confirmation
2025-09-15,6,515220,煤炭ETF,commodity_resource,周期资源,71.917315,False,-0.085208,-1.316273,610324435.6,False,trend_confirmation
2025-09-15,7,512880,证券ETF,high_beta,金融地产,70.877712,False,-0.113598,-2.373877,3969492931.94,False,trend_confirmation
2025-09-15,8,159930,能源ETF,commodity_resource,周期资源,68.992916,False,-0.080725,-1.130666,30829744.32,False,already_held
2025-09-15,9,512170,医疗ETF,sector,消费医药,64.93762,True,-0.035091,2.018778,936856841.28,False,already_held
2025-09-15,10,511880,银华日利ETF,bond_cash,债券货币观察,63.791745,True,-0.071003,5.320582,18380795263.42,True,selected
2025-09-16,1,512800,银行ETF,sector,金融地产,82.354312,False,-0.121368,-4.661146,1133284219.8,False,trend_confirmation
2025-09-16,2,510230,金融ETF,sector,金融地产,81.744545,False,-0.120004,-4.561753,56961257.83,False,trend_confirmation
2025-09-16,3,512660,军工ETF,commodity_resource,新能源制造,81.410608,False,-0.125804,-2.472341,1159135761.95,False,trend_confirmation
2025-09-16,4,512890,红利低波ETF,sector,防御风格,75.447656,False,-0.097062,-3.323405,443370324.28,False,trend_confirmation
2025-09-16,5,512070,非银ETF,high_beta,金融地产,75.130575,False,-0.106296,-2.010312,533175941.84,False,trend_confirmation
2025-09-16,6,515220,煤炭ETF,commodity_resource,周期资源,66.819072,False,-0.080121,-0.472446,646944150.62,False,trend_confirmation
2025-09-16,7,512880,证券ETF,high_beta,金融地产,66.781065,False,-0.097011,-1.268834,3984354087.82,False,trend_confirmation
2025-09-16,8,511090,30年国债ETF,bond_cash,债券货币,66.381857,False,-0.084176,-1.907184,10732376637.85,False,trend_confirmation
2025-09-16,9,159930,能源ETF,commodity_resource,周期资源,64.744743,False,-0.079054,-0.484392,31092579.29,False,already_held
2025-09-16,10,512690,酒ETF,sector,消费医药,63.886725,True,-0.033235,2.776107,1582147981.16,True,selected
2025-09-17,1,510230,金融ETF,sector,金融地产,85.184,False,-0.1237,-5.871184,60832773.98,False,trend_confirmation
2025-09-17,2,512800,银行ETF,sector,金融地产,81.685315,False,-0.122198,-5.548781,1134526360.7,False,trend_confirmation
2025-09-17,3,512660,军工ETF,commodity_resource,新能源制造,80.159068,False,-0.121446,-2.618589,1122518673.15,False,trend_confirmation
2025-09-17,4,512070,非银ETF,high_beta,金融地产,76.685844,False,-0.109629,-2.757214,530919836.23,False,trend_confirmation
2025-09-17,5,512890,红利低波ETF,sector,防御风格,76.506111,False,-0.094656,-4.263168,442433593.24,False,trend_confirmation
2025-09-17,6,511880,银华日利ETF,bond_cash,债券货币观察,69.561136,True,-0.067452,4.386429,18333791624.51,True,selected
2025-09-17,7,512880,证券ETF,high_beta,金融地产,68.86785,False,-0.094238,-1.536753,4008971363.21,False,trend_confirmation
2025-09-17,8,515080,中证红利ETF,sector,防御风格,66.261443,False,-0.075926,-1.358498,216136474.08,False,trend_confirmation
2025-09-17,9,511380,可转债ETF,bond_cash,债券货币,62.73438,False,-0.077507,-0.92944,15328739584.2,False,trend_confirmation
2025-09-17,10,511090,30年国债ETF,bond_cash,债券货币,61.282477,False,-0.070107,-0.419441,10601861280.08,False,trend_confirmation
2025-09-18,1,510230,金融ETF,sector,金融地产,85.79312,False,-0.129305,-7.669528,61169864.28,False,trend_confirmation
2025-09-18,2,512800,银行ETF,sector,金融地产,81.67366,False,-0.126787,-7.459258,1166528190.29,False,trend_confirmation
2025-09-18,3,512070,非银ETF,high_beta,金融地产,77.509804,False,-0.115386,-4.019078,538350941.73,False,trend_confirmation
2025-09-18,4,512890,红利低波ETF,sector,防御风格,77.002756,False,-0.101011,-7.08099,452124121.47,False,trend_confirmation
2025-09-18,5,512660,军工ETF,commodity_resource,新能源制造,76.917327,False,-0.102805,-2.55807,1126811109.72,False,trend_confirmation
2025-09-18,6,159930,能源ETF,commodity_resource,周期资源,70.689165,False,-0.082289,-3.21704,33968659.73,False,already_held
2025-09-18,7,512880,证券ETF,high_beta,金融地产,68.77712,False,-0.097941,-2.612654,4194318779.81,False,trend_confirmation
2025-09-18,8,515080,中证红利ETF,sector,防御风格,67.538281,False,-0.081067,-4.571024,223605657.46,False,trend_confirmation
2025-09-18,9,515220,煤炭ETF,commodity_resource,周期资源,63.199366,False,-0.071617,-1.686279,703123819.77,False,trend_confirmation
2025-09-18,10,512170,医疗ETF,sector,消费医药,62.313816,True,-0.024586,1.42676,925221889.82,False,already_held
2025-09-19,1,510230,金融ETF,sector,金融地产,81.946966,False,-0.115562,-8.846817,60969372.61,False,trend_confirmation
2025-09-19,2,512070,非银ETF,high_beta,金融地产,81.570351,False,-0.127422,-7.147493,527018879.71,False,trend_confirmation
2025-09-19,3,512800,银行ETF,sector,金融地产,77.589744,False,-0.099119,-6.841854,1171527270.67,False,trend_confirmation
2025-09-19,4,512660,军工ETF,commodity_resource,新能源制造,76.343425,False,-0.094372,-3.353007,1111043590.95,False,trend_confirmation
2025-09-19,5,512880,证券ETF,high_beta,金融地产,76.147929,False,-0.11614,-5.518556,4092320337.49,False,trend_confirmation
2025-09-19,6,511690,511690,bond_cash,expanded_formal_data,75.845754,True,-0.028666,0.822874,19303669.88,False,liquidity_trading_constraint
2025-09-19,7,512890,红利低波ETF,sector,防御风格,75.119055,False,-0.070053,-5.672173,450963373.12,False,trend_confirmation
2025-09-19,8,511990,华宝添益ETF,bond_cash,债券货币观察,71.100325,True,-0.028626,0.839128,12580797594.76,True,selected
2025-09-19,9,515080,中证红利ETF,sector,防御风格,66.953701,False,-0.050014,-3.082807,216072704.22,False,trend_confirmation
2025-09-19,10,159930,能源ETF,commodity_resource,周期资源,65.729198,False,-0.038234,-0.85748,34906050.27,False,already_held
2025-09-22,1,510230,金融ETF,sector,金融地产,83.132565,False,-0.110155,-10.378096,61692572.71,False,trend_confirmation
2025-09-22,2,512070,非银ETF,high_beta,金融地产,82.345786,False,-0.114047,-7.479997,506612141.33,False,trend_confirmation
2025-09-22,3,512800,银行ETF,sector,金融地产,77.814411,False,-0.098404,-8.563091,1156692761.1,False,trend_confirmation
2025-09-22,4,512660,军工ETF,commodity_resource,新能源制造,76.251834,False,-0.091144,-4.166358,1063917472.72,False,trend_confirmation
2025-09-22,5,512890,红利低波ETF,sector,防御风格,74.052969,False,-0.06876,-8.124616,440015803.24,False,trend_confirmation
2025-09-22,6,512880,证券ETF,high_beta,金融地产,73.24091,False,-0.099435,-5.504914,3884655611.97,False,trend_confirmation
2025-09-22,7,512690,酒ETF,sector,消费医药,67.132357,False,-0.069119,-4.759939,1470428248.72,False,trend_confirmation
2025-09-22,8,515080,中证红利ETF,sector,防御风格,66.399658,False,-0.046153,-5.060958,208416518.18,False,trend_confirmation
2025-09-22,9,159930,能源ETF,commodity_resource,周期资源,65.681535,False,-0.044789,-2.962241,34413698.16,False,already_held
2025-09-22,10,511380,可转债ETF,bond_cash,债券货币,63.146642,False,-0.053623,-4.290028,15173058005.99,False,trend_confirmation
2025-09-23,1,512070,非银ETF,high_beta,金融地产,83.212862,False,-0.119291,-7.423968,498639627.6,False,trend_confirmation
2025-09-23,2,510230,金融ETF,sector,金融地产,80.984398,False,-0.100564,-8.399456,64449817.86,False,trend_confirmation
2025-09-23,3,512660,军工ETF,commodity_resource,新能源制造,77.222555,False,-0.097871,-4.194132,1060272769.76,False,trend_confirmation
2025-09-23,4,512880,证券ETF,high_beta,金融地产,75.455051,False,-0.110469,-5.74443,3902856067.53,False,trend_confirmation
2025-09-23,5,512800,银行ETF,sector,金融地产,74.287533,False,-0.087502,-6.421551,1221699766.6,False,trend_confirmation
2025-09-23,6,512890,红利低波ETF,sector,防御风格,74.200513,False,-0.066854,-6.691636,449029372.37,False,trend_confirmation
2025-09-23,7,512690,酒ETF,sector,消费医药,67.502858,False,-0.077064,-4.903676,1422980404.69,False,trend_confirmation
2025-09-23,8,515080,中证红利ETF,sector,防御风格,66.008202,False,-0.049143,-4.540728,207103543.91,False,trend_confirmation
2025-09-23,9,511380,可转债ETF,bond_cash,债券货币,62.638505,False,-0.059818,-4.291869,15070270708.92,False,trend_confirmation
2025-09-23,10,511090,30年国债ETF,bond_cash,债券货币,60.811785,False,-0.042869,-5.562851,10116308103.33,False,trend_confirmation
2025-09-24,1,510230,金融ETF,sector,金融地产,83.280783,False,-0.107921,-7.15255,64255085.63,False,trend_confirmation
2025-09-24,2,512070,非银ETF,high_beta,金融地产,82.118909,False,-0.110958,-5.28021,489412412.77,False,trend_confirmation
2025-09-24,3,512800,银行ETF,sector,金融地产,77.730069,False,-0.098091,-5.355302,1247685000.09,False,trend_confirmation
2025-09-24,4,512890,红利低波ETF,sector,防御风格,74.969744,False,-0.076615,-5.088579,435699872.99,False,trend_confirmation
2025-09-24,5,512660,军工ETF,commodity_resource,新能源制造,74.853782,False,-0.097444,-2.871595,1026286149.43,False,trend_confirmation
2025-09-24,6,512880,证券ETF,high_beta,金融地产,73.091443,False,-0.10166,-3.76847,3802698595.79,False,trend_confirmation
2025-09-24,7,512690,酒ETF,sector,消费医药,67.759268,False,-0.074244,-2.998328,1340948906.48,False,trend_confirmation
2025-09-24,8,511090,30年国债ETF,bond_cash,债券货币,66.415912,False,-0.074187,-7.022631,9995122252.96,False,trend_confirmation
2025-09-24,9,515080,中证红利ETF,sector,防御风格,64.618752,False,-0.054948,-2.017926,199598384.2,False,trend_confirmation
2025-09-24,10,511880,银华日利ETF,bond_cash,债券货币观察,62.383172,True,-0.042506,4.327821,18483584198.11,True,selected
2025-09-25,1,512070,非银ETF,high_beta,金融地产,83.007788,False,-0.111564,-6.605666,466207142.08,False,trend_confirmation
2025-09-25,2,510230,金融ETF,sector,金融地产,80.575533,False,-0.10557,-8.5539,65224655.56,False,trend_confirmation
2025-09-25,3,512660,军工ETF,commodity_resource,新能源制造,78.040603,False,-0.106871,-4.224556,985027630.9,False,trend_confirmation
2025-09-25,4,512880,证券ETF,high_beta,金融地产,75.78375,False,-0.107581,-5.277273,3719450557.71,False,trend_confirmation
2025-09-25,5,512800,银行ETF,sector,金融地产,75.768987,False,-0.094791,-6.34727,1247917732.19,False,trend_confirmation
2025-09-25,6,512890,红利低波ETF,sector,防御风格,75.172821,False,-0.070759,-6.025137,427433300.33,False,trend_confirmation
2025-09-25,7,512690,酒ETF,sector,消费医药,67.823779,False,-0.065141,-3.301481,1295635519.82,False,trend_confirmation
2025-09-25,8,511090,30年国债ETF,bond_cash,债券货币,65.40068,False,-0.052165,-5.180066,9928287618.87,False,trend_confirmation
2025-09-25,9,515080,中证红利ETF,sector,防御风格,64.705345,False,-0.046987,-2.759669,192718617.74,False,trend_confirmation
2025-09-25,10,511880,银华日利ETF,bond_cash,债券货币观察,62.383413,True,-0.030157,3.259945,18544604757.86,True,selected
2025-09-26,1,512070,非银ETF,high_beta,金融地产,82.340683,False,-0.101005,-7.548665,451464824.0,False,trend_confirmation
2025-09-26,2,510230,金融ETF,sector,金融地产,80.501051,False,-0.082037,-8.018867,64547241.38,False,trend_confirmation
2025-09-26,3,512660,军工ETF,commodity_resource,新能源制造,78.679556,False,-0.098885,-4.933771,945164194.08,False,trend_confirmation
2025-09-26,4,512880,证券ETF,high_beta,金融地产,75.703665,False,-0.093244,-5.652479,3595752865.13,False,trend_confirmation
2025-09-26,5,512800,银行ETF,sector,金融地产,73.983617,False,-0.067386,-5.561193,1240843326.08,False,trend_confirmation
2025-09-26,6,512890,红利低波ETF,sector,防御风格,73.249744,False,-0.048854,-5.650868,425306278.72,False,trend_confirmation
2025-09-26,7,512690,酒ETF,sector,消费医药,71.490772,False,-0.076766,-8.050765,1251086819.9,False,trend_confirmation
2025-09-26,8,511090,30年国债ETF,bond_cash,债券货币,65.655489,False,-0.032709,-5.189584,9728184615.7,False,trend_confirmation
2025-09-26,9,515080,中证红利ETF,sector,防御风格,64.731353,False,-0.025517,-2.403118,190847805.78,False,trend_confirmation
2025-09-26,10,159905,深红利ETF,sector,防御风格,59.663485,False,-0.023525,-1.50587,39303065.36,False,trend_confirmation
2025-09-29,1,512660,军工ETF,commodity_resource,新能源制造,82.22763,False,-0.106795,-4.583112,908449961.57,False,trend_confirmation
2025-09-29,2,510230,金融ETF,sector,金融地产,77.643566,False,-0.072307,-5.130359,65235487.05,False,trend_confirmation
2025-09-29,3,512800,银行ETF,sector,金融地产,77.160241,False,-0.073354,-4.899441,1242116522.34,False,trend_confirmation
2025-09-29,4,512890,红利低波ETF,sector,防御风格,71.441538,False,-0.061871,-5.540467,423097441.85,False,trend_confirmation
2025-09-29,5,512070,非银ETF,high_beta,金融地产,69.873819,False,-0.066187,-2.765414,466045193.46,False,trend_confirmation
2025-09-29,6,512690,酒ETF,sector,消费医药,66.874571,False,-0.069944,-4.823682,1232023808.42,False,trend_confirmation
2025-09-29,7,516080,易方达创新药ETF,theme,医药与消费升级,65.432202,False,-0.075883,-2.888129,34432521.68,False,trend_confirmation
2025-09-29,8,511090,30年国债ETF,bond_cash,债券货币,64.978632,False,-0.053101,-6.790147,9669607252.77,False,trend_confirmation
2025-09-29,9,515120,广发创新药ETF,theme,医药与消费升级,64.258102,False,-0.075594,-2.776099,471022969.98,False,cooldown
2025-09-29,10,159992,银华创新药ETF,theme,医药与消费升级,60.678128,False,-0.074978,-2.773205,863261745.59,False,trend_confirmation
2025-09-30,1,510230,金融ETF,sector,金融地产,83.369827,False,-0.099377,-7.136529,64507783.87,False,trend_confirmation
2025-09-30,2,512800,银行ETF,sector,金融地产,82.632336,False,-0.109813,-8.863848,1206669749.45,False,trend_confirmation
2025-09-30,3,512890,红利低波ETF,sector,防御风格,79.51609,False,-0.084637,-7.976136,426473055.55,False,trend_confirmation
2025-09-30,4,512070,非银ETF,high_beta,金融地产,75.656901,False,-0.07876,-2.987439,469762457.55,False,trend_confirmation
2025-09-30,5,512660,军工ETF,commodity_resource,新能源制造,75.25641,False,-0.065201,-1.694339,868758554.94,False,trend_confirmation
2025-09-30,6,512690,酒ETF,sector,消费医药,72.464642,False,-0.082191,-5.156172,1186616456.57,False,trend_confirmation
2025-09-30,7,512010,医药ETF,sector,消费医药,64.645074,True,-0.038268,-0.256162,693821300.89,True,selected
2025-09-30,8,511090,30年国债ETF,bond_cash,债券货币,62.938293,False,-0.058798,-5.957705,9747571826.74,False,trend_confirmation
2025-09-30,9,515120,广发创新药ETF,theme,医药与消费升级,62.621541,False,-0.063176,-1.546362,442786429.32,False,cooldown
2025-09-30,10,511690,511690,bond_cash,expanded_formal_data,61.487179,True,-0.033503,3.871316,21086846.03,False,liquidity_trading_constraint
2025-10-09,1,510230,金融ETF,sector,金融地产,83.35261,False,-0.112499,-6.024437,65292502.33,False,trend_confirmation
2025-10-09,2,512800,银行ETF,sector,金融地产,82.8792,False,-0.124181,-7.753571,1212423875.75,False,trend_confirmation
2025-10-09,3,512890,红利低波ETF,sector,防御风格,76.715712,False,-0.098236,-6.150421,419634614.59,False,trend_confirmation
2025-10-09,4,512690,酒ETF,sector,消费医药,74.311285,False,-0.104515,-4.836438,1183851189.54,False,trend_confirmation
2025-10-09,5,515120,广发创新药ETF,theme,医药与消费升级,69.256546,False,-0.098838,-2.033638,432927611.96,False,trend_confirmation
2025-10-09,6,159930,能源ETF,commodity_resource,周期资源,68.147946,True,-0.039994,1.827278,30449413.91,True,selected
2025-10-09,7,512070,非银ETF,high_beta,金融地产,67.964594,False,-0.076145,-1.163546,485870673.58,False,trend_confirmation
2025-10-09,8,511090,30年国债ETF,bond_cash,债券货币,67.065945,False,-0.086458,-6.343809,9706173350.65,False,trend_confirmation
2025-10-09,9,511880,银华日利ETF,bond_cash,债券货币观察,65.715464,True,-0.059754,3.275208,19925419811.34,True,selected
2025-10-09,10,516080,易方达创新药ETF,theme,医药与消费升级,65.27693,False,-0.097315,-2.014832,33222087.84,False,trend_confirmation
2025-10-10,1,512800,银行ETF,sector,金融地产,83.557761,False,-0.129909,-8.814973,1220528146.27,False,trend_confirmation
2025-10-10,2,510230,金融ETF,sector,金融地产,83.532465,False,-0.109794,-5.57062,65746035.8,False,trend_confirmation
2025-10-10,3,512890,红利低波ETF,sector,防御风格,76.641198,False,-0.09431,-5.243838,422519127.66,False,trend_confirmation
2025-10-10,4,511690,511690,bond_cash,expanded_formal_data,76.100325,True,-0.060667,0.268398,20625307.61,False,liquidity_trading_constraint
2025-10-10,5,512690,酒ETF,sector,消费医药,75.324187,False,-0.108083,-5.211169,1157478686.99,False,trend_confirmation
2025-10-10,6,511090,30年国债ETF,bond_cash,债券货币,72.74191,False,-0.096412,-8.900614,9518932877.32,False,trend_confirmation
2025-10-10,7,159930,能源ETF,commodity_resource,周期资源,69.051282,True,-0.030485,2.709613,30944003.31,False,already_held
2025-10-10,8,159992,银华创新药ETF,theme,医药与消费升级,67.537775,False,-0.079467,-1.096453,771309608.5,False,trend_confirmation
2025-10-10,9,512070,非银ETF,high_beta,金融地产,66.607789,False,-0.065237,-0.332219,481116373.7,False,trend_confirmation
2025-10-10,10,515120,广发创新药ETF,theme,医药与消费升级,66.128408,False,-0.078753,-1.061504,414769714.72,False,trend_confirmation
2025-10-13,1,512800,银行ETF,sector,金融地产,78.240051,False,-0.082951,-6.324057,1275323707.66,False,trend_confirmation
2025-10-13,2,510230,金融ETF,sector,金融地产,75.857374,False,-0.073929,-4.826672,67161346.73,False,trend_confirmation
2025-10-13,3,515120,广发创新药ETF,theme,医药与消费升级,75.040999,False,-0.113701,-5.725185,403605308.79,False,trend_confirmation
2025-10-13,4,512690,酒ETF,sector,消费医药,73.965703,False,-0.092933,-6.799727,1143023308.55,False,trend_confirmation
2025-10-13,5,159992,银华创新药ETF,theme,医药与消费升级,72.611827,False,-0.113144,-5.649356,748682567.64,False,trend_confirmation
2025-10-13,6,512890,红利低波ETF,sector,防御风格,71.168646,False,-0.055617,-3.730586,459964934.65,False,trend_confirmation
2025-10-13,7,516080,易方达创新药ETF,theme,医药与消费升级,70.179358,False,-0.112777,-6.000648,31004434.61,False,trend_confirmation
2025-10-13,8,159905,深红利ETF,sector,防御风格,66.50919,True,-0.028334,0.330796,41458426.83,True,selected
2025-10-13,9,512010,医药ETF,sector,消费医药,65.755735,False,-0.075987,-2.93515,682293570.35,False,already_held
2025-10-13,10,515080,中证红利ETF,sector,防御风格,64.676733,True,-0.020632,1.65269,199665658.08,True,selected
2025-10-14,1,515120,广发创新药ETF,theme,医药与消费升级,80.858041,False,-0.14036,-7.842945,394793048.05,False,trend_confirmation
2025-10-14,2,159905,深红利ETF,sector,防御风格,77.556955,True,-0.027521,-0.903751,40968631.32,True,selected
2025-10-14,3,516080,易方达创新药ETF,theme,医药与消费升级,74.471894,False,-0.136615,-8.120509,30768429.68,False,trend_confirmation
2025-10-14,4,512010,医药ETF,sector,消费医药,73.018315,False,-0.108026,-5.91562,679207587.08,False,already_held
2025-10-14,5,159992,银华创新药ETF,theme,医药与消费升级,72.315018,False,-0.135272,-7.64566,742252315.01,False,trend_confirmation
2025-10-14,6,512800,银行ETF,sector,金融地产,71.883191,False,-0.04452,-2.39326,1403453826.36,False,trend_confirmation
2025-10-14,7,510230,金融ETF,sector,金融地产,69.596329,False,-0.037107,-1.676677,70654935.28,False,trend_confirmation
2025-10-14,8,511380,可转债ETF,bond_cash,债券货币,66.346767,True,-0.026573,-0.839142,11825925565.94,True,selected
2025-10-14,9,512170,医疗ETF,sector,消费医药,66.311245,False,-0.092446,-5.593852,722754439.08,False,already_held
2025-10-14,10,512890,红利低波ETF,sector,防御风格,63.745483,False,-0.027058,-0.858341,501318340.78,False,trend_confirmation
2025-10-15,1,515120,广发创新药ETF,theme,医药与消费升级,80.837283,False,-0.114533,-4.390819,381518645.9,False,trend_confirmation
2025-10-15,2,516080,易方达创新药ETF,theme,医药与消费升级,77.655905,False,-0.112667,-4.555441,30071404.91,False,trend_confirmation
2025-10-15,3,512800,银行ETF,sector,金融地产,73.075269,False,-0.066851,-2.636623,1471679736.09,False,trend_confirmation
2025-10-15,4,159992,银华创新药ETF,theme,医药与消费升级,72.917376,False,-0.110317,-4.277146,723974102.62,False,trend_confirmation
2025-10-15,5,512010,医药ETF,sector,消费医药,71.586996,False,-0.092094,-3.529422,693212249.82,False,already_held
2025-10-15,6,159905,深红利ETF,sector,防御风格,71.358974,True,-0.038747,0.199204,42647244.55,True,selected
2025-10-15,7,510230,金融ETF,sector,金融地产,70.31196,False,-0.052045,-1.137366,73262988.3,False,trend_confirmation
2025-10-15,8,512690,酒ETF,sector,消费医药,67.938429,False,-0.083678,-3.954911,1155439217.08,False,trend_confirmation
2025-10-15,9,512890,红利低波ETF,sector,防御风格,67.625194,False,-0.047965,-0.964109,541955581.37,False,trend_confirmation
2025-10-15,10,511090,30年国债ETF,bond_cash,债券货币,67.194248,False,-0.056699,-4.164048,9626948502.58,False,trend_confirmation
2025-10-16,1,515120,广发创新药ETF,theme,医药与消费升级,82.525572,False,-0.106579,-3.847354,381381348.03,False,trend_confirmation
2025-10-16,2,159992,银华创新药ETF,theme,医药与消费升级,79.728491,False,-0.105539,-3.909623,728433165.16,False,trend_confirmation
2025-10-16,3,511690,511690,bond_cash,expanded_formal_data,74.818354,True,-0.04138,0.624182,20519590.26,False,liquidity_trading_constraint
2025-10-16,4,511990,华宝添益ETF,bond_cash,债券货币观察,74.048243,True,-0.04145,0.0,14542545978.62,True,selected
2025-10-16,5,516080,易方达创新药ETF,theme,医药与消费升级,73.487312,False,-0.099891,-3.637409,30270059.75,False,trend_confirmation
2025-10-16,6,512800,银行ETF,sector,金融地产,72.805349,False,-0.054655,-1.239967,1550034236.66,False,trend_confirmation
2025-10-16,7,512010,医药ETF,sector,消费医药,72.135531,False,-0.084339,-2.912715,700587969.16,False,already_held
2025-10-16,8,159905,深红利ETF,sector,防御风格,67.614477,True,-0.03699,0.540042,43629835.27,True,selected
2025-10-16,9,512170,医疗ETF,sector,消费医药,67.032875,False,-0.079715,-3.084044,696725526.06,False,already_held
2025-10-16,10,510230,金融ETF,sector,金融地产,66.557628,False,-0.042902,-0.137145,78023728.55,False,trend_confirmation
2025-10-17,1,159992,银华创新药ETF,theme,医药与消费升级,82.122036,False,-0.072842,-4.759666,683640770.55,False,trend_confirmation
2025-10-17,2,516080,易方达创新药ETF,theme,医药与消费升级,76.654843,False,-0.068888,-4.619904,28908423.86,False,trend_confirmation
2025-10-17,3,515120,广发创新药ETF,theme,医药与消费升级,75.739986,False,-0.06836,-4.444302,360618038.15,False,trend_confirmation
2025-10-17,4,512170,医疗ETF,sector,消费医药,73.005361,False,-0.06042,-5.211692,683585932.21,False,cooldown
2025-10-17,5,159770,机器人ETF,theme,科技与新质生产力,67.368056,False,-0.060143,-2.850381,565602522.28,False,trend_confirmation
2025-10-17,6,512010,医药ETF,sector,消费医药,64.154304,False,-0.048883,-3.711163,682015755.16,False,already_held
2025-10-17,7,562500,机器人ETF华夏,theme,科技与新质生产力,63.387751,False,-0.058923,-2.793259,1967101537.89,False,trend_confirmation
2025-10-17,8,512880,证券ETF,high_beta,金融地产,63.167788,False,-0.031785,-2.413561,3844311090.31,False,trend_confirmation
2025-10-17,9,510230,金融ETF,sector,金融地产,60.961641,False,-0.013586,-2.086608,80493179.87,False,trend_confirmation
2025-10-17,10,512690,酒ETF,sector,消费医药,60.306082,False,-0.044613,-4.538715,1132161330.7,False,trend_confirmation
2025-10-20,1,159992,银华创新药ETF,theme,医药与消费升级,80.375895,False,-0.084509,-4.725778,654004844.23,False,trend_confirmation
2025-10-20,2,516080,易方达创新药ETF,theme,医药与消费升级,77.434436,False,-0.083342,-4.772863,28175359.83,False,trend_confirmation
2025-10-20,3,515120,广发创新药ETF,theme,医药与消费升级,75.376992,False,-0.082815,-4.594687,343111528.62,False,trend_confirmation
2025-10-20,4,512170,医疗ETF,sector,消费医药,72.74895,False,-0.067837,-4.844246,666476625.83,False,cooldown
2025-10-20,5,512010,医药ETF,sector,消费医药,71.059524,False,-0.065449,-4.011035,669052552.96,False,already_held
2025-10-20,6,562500,机器人ETF华夏,theme,科技与新质生产力,65.532559,False,-0.051385,-1.949846,1934189872.66,False,trend_confirmation
2025-10-20,7,512690,酒ETF,sector,消费医药,64.253511,False,-0.052533,-4.219888,1101668029.22,False,trend_confirmation
2025-10-20,8,512880,证券ETF,high_beta,金融地产,61.898237,False,-0.028711,-1.50961,3797180466.17,False,trend_confirmation
2025-10-20,9,159770,机器人ETF,theme,科技与新质生产力,61.588675,False,-0.047864,-1.79983,549757690.8,False,trend_confirmation
2025-10-20,10,511690,511690,bond_cash,expanded_formal_data,57.638866,True,-0.004174,0.441497,20323174.89,False,liquidity_trading_constraint
2025-10-21,1,515120,广发创新药ETF,theme,医药与消费升级,80.837283,False,-0.088341,-4.052069,335327466.03,False,trend_confirmation
2025-10-21,2,516080,易方达创新药ETF,theme,医药与消费升级,76.393207,False,-0.086629,-4.048346,27862125.46,False,trend_confirmation
2025-10-21,3,512170,医疗ETF,sector,消费医药,73.085965,False,-0.076204,-4.350265,655808411.59,False,cooldown
2025-10-21,4,159992,银华创新药ETF,theme,医药与消费升级,72.532761,False,-0.085049,-3.840364,641769941.8,False,trend_confirmation
2025-10-21,5,512010,医药ETF,sector,消费医药,70.635989,False,-0.072152,-3.483646,662744457.47,False,already_held
2025-10-21,6,511690,511690,bond_cash,expanded_formal_data,70.331254,True,-0.017886,0.796486,20235403.92,False,liquidity_trading_constraint
2025-10-21,7,562500,机器人ETF华夏,theme,科技与新质生产力,66.04667,False,-0.048745,-1.250489,1924189317.46,False,trend_confirmation
2025-10-21,8,512690,酒ETF,sector,消费医药,63.625409,False,-0.061595,-3.798769,1084728826.81,False,trend_confirmation
2025-10-21,9,511030,公司债ETF,bond_cash,债券货币,62.895177,True,-0.016694,2.043765,2078787729.09,True,selected
2025-10-21,10,512880,证券ETF,high_beta,金融地产,61.838782,False,-0.030654,-0.774758,3856896173.31,False,trend_confirmation
2025-10-22,1,515120,广发创新药ETF,theme,医药与消费升级,80.142204,False,-0.088787,-4.148688,327776267.08,False,trend_confirmation
2025-10-22,2,159992,银华创新药ETF,theme,医药与消费升级,77.467786,False,-0.088106,-4.080082,632984860.55,False,trend_confirmation
2025-10-22,3,512170,医疗ETF,sector,消费医药,72.789253,False,-0.084688,-5.128739,644774459.06,False,cooldown
2025-10-22,4,516080,易方达创新药ETF,theme,医药与消费升级,72.238695,False,-0.085778,-4.073566,27504842.22,False,trend_confirmation
2025-10-22,5,511990,华宝添益ETF,bond_cash,债券货币观察,69.561064,True,-0.016588,0.53742,16179043308.82,True,selected
2025-10-22,6,511690,511690,bond_cash,expanded_formal_data,68.792793,True,-0.016568,0.974709,20285510.65,False,liquidity_trading_constraint
2025-10-22,7,159770,机器人ETF,theme,科技与新质生产力,66.699786,False,-0.081079,-2.80876,517429552.92,False,trend_confirmation
2025-10-22,8,512880,证券ETF,high_beta,金融地产,65.866346,False,-0.039639,-1.392771,3793242347.62,False,trend_confirmation
2025-10-22,9,512690,酒ETF,sector,消费医药,65.058882,False,-0.065143,-4.218789,1079891209.62,False,trend_confirmation
2025-10-22,10,511030,公司债ETF,bond_cash,债券货币,64.048572,True,-0.015707,1.550204,2098438019.87,True,selected
2025-10-23,1,159992,银华创新药ETF,theme,医药与消费升级,79.838709,False,-0.093775,-4.599291,620689223.61,False,trend_confirmation
2025-10-23,2,515120,广发创新药ETF,theme,医药与消费升级,77.011227,False,-0.093408,-4.617834,320031762.59,False,trend_confirmation
2025-10-23,3,159770,机器人ETF,theme,科技与新质生产力,72.333868,False,-0.09416,-3.604539,487952196.54,False,trend_confirmation
2025-10-23,4,512170,医疗ETF,sector,消费医药,71.435767,False,-0.081255,-5.128739,638930052.75,False,cooldown
2025-10-23,5,516080,易方达创新药ETF,theme,医药与消费升级,71.150716,False,-0.09137,-4.60664,27010806.02,False,trend_confirmation
2025-10-23,6,512010,医药ETF,sector,消费医药,68.531136,False,-0.078414,-4.246636,649746830.86,False,already_held
2025-10-23,7,511690,511690,bond_cash,expanded_formal_data,66.22885,True,-0.013135,0.974689,20020644.76,False,liquidity_trading_constraint
2025-10-23,8,512880,证券ETF,high_beta,金融地产,64.52484,False,-0.032158,-1.140076,3742912229.01,False,trend_confirmation
2025-10-23,9,562500,机器人ETF华夏,theme,科技与新质生产力,64.258993,False,-0.092625,-3.534317,1763993561.04,False,trend_confirmation
2025-10-23,10,512660,军工ETF,commodity_resource,新能源制造,61.852928,False,-0.023329,-0.766948,755390224.28,False,trend_confirmation
2025-10-24,1,515120,广发创新药ETF,theme,医药与消费升级,82.421245,False,-0.120446,-4.67809,302415061.27,False,trend_confirmation
2025-10-24,2,159992,银华创新药ETF,theme,医药与消费升级,79.865028,False,-0.118553,-4.512631,592312671.56,False,trend_confirmation
2025-10-24,3,511690,511690,bond_cash,expanded_formal_data,77.639186,True,-0.039275,0.798439,19445068.73,False,liquidity_trading_constraint
2025-10-24,4,511990,华宝添益ETF,bond_cash,债券货币观察,77.125246,True,-0.039345,0.118984,16198731721.98,True,selected
2025-10-24,5,516080,易方达创新药ETF,theme,医药与消费升级,74.110121,False,-0.114689,-4.421914,26123070.51,False,trend_confirmation
2025-10-24,6,512010,医药ETF,sector,消费医药,70.215659,False,-0.098056,-3.812582,629369891.25,False,already_held
2025-10-24,7,512170,医疗ETF,sector,消费医药,69.425094,False,-0.090385,-3.860288,614764767.82,False,trend_confirmation
2025-10-24,8,511520,政金债ETF,bond_cash,债券货币,67.483133,True,-0.037888,1.151968,5177188926.0,True,selected
2025-10-24,9,511880,银华日利ETF,bond_cash,债券货币观察,66.613623,True,-0.038382,5.132014,21113348836.34,True,selected_relaxed_group
2025-10-24,10,562500,机器人ETF华夏,theme,科技与新质生产力,65.905368,False,-0.10591,-2.914782,1659645834.84,False,trend_confirmation
2025-10-27,1,515120,广发创新药ETF,theme,医药与消费升级,82.263736,False,-0.097885,-2.806189,297701576.39,False,trend_confirmation
2025-10-27,2,516080,易方达创新药ETF,theme,医药与消费升级,75.369231,False,-0.094516,-2.626443,26302277.01,False,trend_confirmation
2025-10-27,3,159992,银华创新药ETF,theme,医药与消费升级,73.690193,False,-0.094195,-2.559818,588003895.04,False,trend_confirmation
2025-10-27,4,512690,酒ETF,sector,消费医药,73.298353,False,-0.089146,-3.433932,1043813679.28,False,trend_confirmation
2025-10-27,5,511520,政金债ETF,bond_cash,债券货币,71.102425,True,-0.046042,2.852259,5053958454.32,True,selected
2025-10-27,6,511880,银华日利ETF,bond_cash,债券货币观察,69.946635,True,-0.04864,4.68754,21300142922.02,True,selected
2025-10-27,7,159905,深红利ETF,sector,防御风格,69.900045,True,-0.036006,1.662786,46760731.18,True,selected
2025-10-27,8,511030,公司债ETF,bond_cash,债券货币,69.307692,True,-0.046978,4.065432,2067934154.3,False,not_selected_lower_priority
2025-10-27,9,512170,医疗ETF,sector,消费医药,68.824678,False,-0.085625,-2.733547,605552550.17,False,not_selected_lower_priority
2025-10-27,10,512660,军工ETF,commodity_resource,新能源制造,68.109113,True,-0.026948,1.571035,722441234.37,False,not_selected_lower_priority
2025-10-28,1,515120,广发创新药ETF,theme,医药与消费升级,85.957875,False,-0.101393,-3.503137,290381820.76,False,trend_confirmation
2025-10-28,2,516080,易方达创新药ETF,theme,医药与消费升级,81.663698,False,-0.100227,-3.42888,33245671.84,False,trend_confirmation
2025-10-28,3,159992,银华创新药ETF,theme,医药与消费升级,79.809173,False,-0.09977,-3.360223,579139099.88,False,trend_confirmation
2025-10-28,4,512010,医药ETF,sector,消费医药,76.223443,False,-0.095248,-3.38884,634058111.8,False,already_held
2025-10-28,5,511520,政金债ETF,bond_cash,债券货币,72.25641,True,-0.036665,3.209562,4949764389.53,True,selected
2025-10-28,6,159770,机器人ETF,theme,科技与新质生产力,70.591346,False,-0.089548,-2.227572,442989112.29,False,trend_confirmation
2025-10-28,7,511030,公司债ETF,bond_cash,债券货币,70.589744,True,-0.03728,5.389233,2107082578.46,True,selected
2025-10-28,8,511880,银华日利ETF,bond_cash,债券货币观察,69.56218,True,-0.039741,5.024617,21721059404.67,True,selected
2025-10-28,9,512880,证券ETF,high_beta,金融地产,68.694872,True,-0.016392,1.590436,3674474927.08,False,not_selected_lower_priority
2025-10-28,10,512170,医疗ETF,sector,消费医药,64.937915,False,-0.076972,-2.747151,599487555.79,False,not_selected_lower_priority
2025-10-29,1,515120,广发创新药ETF,theme,医药与消费升级,85.07326,False,-0.082964,-1.746955,286096489.56,False,trend_confirmation
2025-10-29,2,159992,银华创新药ETF,theme,医药与消费升级,82.391647,False,-0.081917,-1.650152,567121730.27,False,trend_confirmation
2025-10-29,3,511690,511690,bond_cash,expanded_formal_data,80.587584,True,-0.053255,0.802136,17166019.87,False,liquidity_trading_constraint
2025-10-29,4,512010,医药ETF,sector,消费医药,79.5,False,-0.081123,-1.748671,626053236.19,False,already_held
2025-10-29,5,516080,易方达创新药ETF,theme,医药与消费升级,76.88664,False,-0.080372,-1.577324,33154887.86,False,trend_confirmation
2025-10-29,6,511090,30年国债ETF,bond_cash,债券货币,72.464197,True,-0.045007,2.149059,9757522286.02,True,selected
2025-10-29,7,511520,政金债ETF,bond_cash,债券货币,70.716417,True,-0.048279,4.161262,4968044677.07,True,selected
2025-10-29,8,159905,深红利ETF,sector,防御风格,70.125482,True,-0.028145,3.039851,47169231.95,False,already_held
2025-10-29,9,512690,酒ETF,sector,消费医药,69.797079,False,-0.076954,-2.142609,1041039644.59,False,trend_confirmation
2025-10-29,10,511880,银华日利ETF,bond_cash,债券货币观察,69.690626,True,-0.052483,4.523189,21945134007.0,True,selected
2025-10-30,1,515120,广发创新药ETF,theme,医药与消费升级,85.644689,False,-0.105977,-4.102157,296059121.77,False,trend_confirmation
2025-10-30,2,159992,银华创新药ETF,theme,医药与消费升级,83.73217,False,-0.105928,-4.030727,580849273.47,False,trend_confirmation
2025-10-30,3,511690,511690,bond_cash,expanded_formal_data,79.690228,True,-0.035142,0.891253,16447522.67,False,liquidity_trading_constraint
2025-10-30,4,516080,易方达创新药ETF,theme,医药与消费升级,78.748448,False,-0.104208,-4.002478,33506194.74,False,trend_confirmation
2025-10-30,5,512010,医药ETF,sector,消费医药,77.636905,False,-0.095012,-3.58142,656970644.0,False,already_held
2025-10-30,6,512170,医疗ETF,sector,消费医药,71.759469,False,-0.081996,-3.598176,595922093.95,False,trend_confirmation
2025-10-30,7,159770,机器人ETF,theme,科技与新质生产力,70.941239,False,-0.104238,-3.302198,414538953.32,False,trend_confirmation
2025-10-30,8,512660,军工ETF,commodity_resource,新能源制造,69.474513,True,-0.021942,0.882329,750097674.99,True,selected
2025-10-30,9,159905,深红利ETF,sector,防御风格,67.68516,True,-0.021645,1.703676,47855962.24,False,already_held
2025-10-30,10,588000,科创50ETF,broad_index,宽基,66.461412,True,-0.031974,0.131426,5600282519.6,True,selected
2025-10-31,1,512010,医药ETF,sector,消费医药,83.990385,False,-0.081062,-4.176671,654071654.55,False,already_held
2025-10-31,2,159992,银华创新药ETF,theme,医药与消费升级,79.732329,False,-0.062827,-2.598554,610196614.97,False,trend_confirmation
2025-10-31,3,515120,广发创新药ETF,theme,医药与消费升级,78.140497,False,-0.062793,-2.61984,320183838.29,False,trend_confirmation
2025-10-31,4,159770,机器人ETF,theme,科技与新质生产力,74.281517,False,-0.0839,-3.380503,398190705.77,False,trend_confirmation
2025-10-31,5,159915,创业板ETF,broad_index,宽基,73.341818,True,-0.027356,-0.571911,5008507947.05,True,selected
2025-10-31,6,512170,医疗ETF,sector,消费医药,72.076793,False,-0.059734,-3.565989,597739486.15,False,trend_confirmation
2025-10-31,7,516080,易方达创新药ETF,theme,医药与消费升级,71.80054,False,-0.060711,-2.52386,34101110.62,False,trend_confirmation
2025-10-31,8,562500,机器人ETF华夏,theme,科技与新质生产力,70.172108,False,-0.083803,-3.440292,1447680485.97,False,trend_confirmation
2025-10-31,9,511880,银华日利ETF,bond_cash,债券货币观察,65.973158,True,-0.012189,5.864565,22424915999.47,True,selected
2025-10-31,10,563360,华泰柏瑞中证A500ETF,broad_index,新宽基与新风格,63.118401,True,-0.008499,0.37618,4200154756.64,True,selected
2025-11-03,1,512010,医药ETF,sector,消费医药,85.52152,False,-0.080162,-3.540038,659330168.79,False,already_held
2025-11-03,2,515120,广发创新药ETF,theme,医药与消费升级,76.034194,False,-0.057129,-1.78217,341837516.76,False,trend_confirmation
2025-11-03,3,562500,机器人ETF华夏,theme,科技与新质生产力,73.106438,False,-0.065818,-2.128236,1381361011.88,False,trend_confirmation
2025-11-03,4,512170,医疗ETF,sector,消费医药,73.082129,False,-0.058766,-2.692984,591586049.78,False,trend_confirmation
2025-11-03,5,159992,银华创新药ETF,theme,医药与消费升级,72.503357,False,-0.056447,-1.729266,633757414.34,False,trend_confirmation
2025-11-03,6,159770,机器人ETF,theme,科技与新质生产力,72.088141,False,-0.06441,-2.024677,379477407.28,False,trend_confirmation
2025-11-03,7,511880,银华日利ETF,bond_cash,债券货币观察,70.332292,True,-0.023713,5.229532,22058409264.68,True,selected
2025-11-03,8,511030,公司债ETF,bond_cash,债券货币,69.051282,True,-0.019281,9.013785,2107893256.57,True,selected
2025-11-03,9,516080,易方达创新药ETF,theme,医药与消费升级,68.296896,False,-0.055691,-1.702057,34585404.73,False,trend_confirmation
2025-11-03,10,511520,政金债ETF,bond_cash,债券货币,67.128205,True,-0.014782,9.595509,4878742803.89,True,selected_relaxed_group
2025-11-04,1,512010,医药ETF,sector,消费医药,85.460623,False,-0.076079,-4.779292,664016468.09,False,already_held
2025-11-04,2,515120,广发创新药ETF,theme,医药与消费升级,80.024795,False,-0.057801,-3.066434,355565836.81,False,trend_confirmation
2025-11-04,3,159992,银华创新药ETF,theme,医药与消费升级,75.919905,False,-0.057119,-3.008773,647768433.31,False,trend_confirmation
2025-11-04,4,159915,创业板ETF,broad_index,宽基,75.775012,True,-0.031652,-1.342315,4882537169.66,True,selected
2025-11-04,5,562500,机器人ETF华夏,theme,科技与新质生产力,74.97067,False,-0.075079,-3.789261,1373418095.86,False,trend_confirmation
2025-11-04,6,516080,易方达创新药ETF,theme,医药与消费升级,73.630769,False,-0.056593,-2.996352,34559315.57,False,trend_confirmation
2025-11-04,7,159770,机器人ETF,theme,科技与新质生产力,72.17094,False,-0.073301,-3.67399,379672832.91,False,trend_confirmation
2025-11-04,8,512170,医疗ETF,sector,消费医药,71.678251,False,-0.054905,-4.229177,594529377.18,False,trend_confirmation
2025-11-04,9,588000,科创50ETF,broad_index,宽基,65.347913,False,-0.057249,-2.244432,5579972239.79,False,trend_confirmation
2025-11-04,10,511990,华宝添益ETF,bond_cash,债券货币观察,58.535663,True,-0.000137,0.474062,17743895248.94,True,selected
2025-11-05,1,512010,医药ETF,sector,消费医药,84.819597,False,-0.097355,-6.865989,650255551.82,False,already_held
2025-11-05,2,515120,广发创新药ETF,theme,医药与消费升级,81.293243,False,-0.081232,-4.604369,357711325.84,False,trend_confirmation
2025-11-05,3,159992,银华创新药ETF,theme,医药与消费升级,79.250033,False,-0.081175,-4.585611,636010747.66,False,trend_confirmation
2025-11-05,4,159770,机器人ETF,theme,科技与新质生产力,77.236645,False,-0.08953,-4.62722,371382761.71,False,trend_confirmation
2025-11-05,5,516080,易方达创新药ETF,theme,医药与消费升级,74.289013,False,-0.077648,-4.378921,34327064.58,False,trend_confirmation
2025-11-05,6,512170,医疗ETF,sector,消费医药,72.832097,False,-0.07268,-6.314928,584446717.11,False,trend_confirmation
2025-11-05,7,159755,电池ETF,commodity_resource,新能源制造,71.064644,True,-0.031075,-1.166963,1516281070.12,True,selected
2025-11-05,8,562500,机器人ETF华夏,theme,科技与新质生产力,69.806493,False,-0.087447,-4.554536,1346924680.71,False,trend_confirmation
2025-11-05,9,512660,军工ETF,commodity_resource,新能源制造,67.846441,False,-0.031926,-2.336457,672159736.47,False,already_held
2025-11-05,10,588000,科创50ETF,broad_index,宽基,61.01366,False,-0.068764,-2.800781,5521819213.51,False,trend_confirmation
2025-11-06,1,512010,医药ETF,sector,消费医药,84.395881,False,-0.09587,-6.826972,620306464.09,False,cooldown
2025-11-06,2,515120,广发创新药ETF,theme,医药与消费升级,78.567004,False,-0.070861,-4.051739,357603089.11,False,trend_confirmation
2025-11-06,3,512170,医疗ETF,sector,消费医药,76.938488,False,-0.078874,-7.042754,574154890.74,False,trend_confirmation
2025-11-06,4,159992,银华创新药ETF,theme,医药与消费升级,76.403798,False,-0.070195,-4.004502,626651201.42,False,trend_confirmation
2025-11-06,5,562500,机器人ETF华夏,theme,科技与新质生产力,74.425283,False,-0.084886,-4.453116,1315828141.46,False,trend_confirmation
2025-11-06,6,512400,有色ETF,commodity_resource,周期资源,74.120166,True,-0.036053,-1.475309,1267144293.12,True,selected
2025-11-06,7,159770,机器人ETF,theme,科技与新质生产力,73.643783,False,-0.084462,-4.362197,358925735.2,False,trend_confirmation
2025-11-06,8,159755,电池ETF,commodity_resource,新能源制造,72.796987,True,-0.028466,-1.107625,1453553400.36,True,selected
2025-11-06,9,516080,易方达创新药ETF,theme,医药与消费升级,72.067334,False,-0.065206,-3.723023,33609636.81,False,trend_confirmation
2025-11-06,10,512660,军工ETF,commodity_resource,新能源制造,71.115621,False,-0.033714,-2.558487,626652072.76,False,already_held
2025-11-07,1,512010,医药ETF,sector,消费医药,84.915132,False,-0.098916,-6.032612,600493384.31,False,cooldown
2025-11-07,2,512170,医疗ETF,sector,消费医药,79.255596,False,-0.081303,-5.947899,561579996.99,False,trend_confirmation
2025-11-07,3,515120,广发创新药ETF,theme,医药与消费升级,78.1494,False,-0.075942,-3.392498,354608841.87,False,trend_confirmation
2025-11-07,4,159770,机器人ETF,theme,科技与新质生产力,77.024511,False,-0.090909,-3.88049,357406253.57,False,trend_confirmation
2025-11-07,5,512660,军工ETF,commodity_resource,新能源制造,74.910534,False,-0.047355,-2.211234,605855242.23,False,already_held
2025-11-07,6,159992,银华创新药ETF,theme,医药与消费升级,73.542466,False,-0.073922,-3.285078,611236269.64,False,trend_confirmation
2025-11-07,7,562500,机器人ETF华夏,theme,科技与新质生产力,71.761236,False,-0.089094,-3.886697,1280763541.57,False,trend_confirmation
2025-11-07,8,516080,易方达创新药ETF,theme,医药与消费升级,70.72771,False,-0.070737,-3.074757,32826640.07,False,trend_confirmation
2025-11-07,9,512400,有色ETF,commodity_resource,周期资源,63.395405,True,-0.013072,0.139932,1177264295.46,False,already_held
2025-11-07,10,512200,房地产ETF,sector,金融地产,60.355829,False,-0.038595,-2.493595,191773452.08,False,trend_confirmation
2025-11-10,1,512010,医药ETF,sector,消费医药,82.718433,False,-0.074465,-3.773527,586229319.24,False,cooldown
2025-11-10,2,512660,军工ETF,commodity_resource,新能源制造,81.47307,False,-0.070005,-3.317031,580719283.53,False,already_held
2025-11-10,3,562500,机器人ETF华夏,theme,科技与新质生产力,76.758435,False,-0.084105,-3.234986,1240989628.48,False,trend_confirmation
2025-11-10,4,159770,机器人ETF,theme,科技与新质生产力,75.206003,False,-0.083021,-3.115107,349587514.13,False,trend_confirmation
2025-11-10,5,159992,银华创新药ETF,theme,医药与消费升级,72.58624,False,-0.050224,-1.48429,612398845.26,False,trend_confirmation
2025-11-10,6,515120,广发创新药ETF,theme,医药与消费升级,71.435453,False,-0.049843,-1.459041,359731138.93,False,trend_confirmation
2025-11-10,7,512170,医疗ETF,sector,消费医药,70.921042,False,-0.05427,-2.65929,546180034.02,False,trend_confirmation
2025-11-10,8,588000,科创50ETF,broad_index,宽基,66.991169,False,-0.069154,-1.99475,4926447017.42,False,trend_confirmation
2025-11-10,9,516080,易方达创新药ETF,theme,医药与消费升级,65.665712,False,-0.047392,-1.305843,33212641.77,False,trend_confirmation
2025-11-10,10,512400,有色ETF,commodity_resource,周期资源,65.598827,False,-0.05463,-1.275091,1098569860.72,False,already_held
2025-11-11,1,512660,军工ETF,commodity_resource,新能源制造,86.267632,False,-0.068268,-3.143325,545748713.5,False,already_held
2025-11-11,2,512010,医药ETF,sector,消费医药,82.443154,False,-0.054941,-2.385558,563683530.03,False,cooldown
2025-11-11,3,512170,医疗ETF,sector,消费医药,77.03256,False,-0.047542,-2.016696,522725477.74,False,trend_confirmation
2025-11-11,4,159770,机器人ETF,theme,科技与新质生产力,73.99317,False,-0.052863,-1.620822,335840956.16,False,trend_confirmation
2025-11-11,5,562500,机器人ETF华夏,theme,科技与新质生产力,73.356202,False,-0.053845,-1.736863,1197196214.49,False,trend_confirmation
2025-11-11,6,159992,银华创新药ETF,theme,医药与消费升级,69.859225,False,-0.028334,-0.142133,599549603.32,False,trend_confirmation
2025-11-11,7,588000,科创50ETF,broad_index,宽基,65.473564,False,-0.0423,-0.802612,4702183543.64,False,trend_confirmation
2025-11-11,8,511880,银华日利ETF,bond_cash,债券货币观察,65.076923,True,-0.025323,5.580125,20322601007.21,True,selected
2025-11-11,9,512400,有色ETF,commodity_resource,周期资源,63.952742,False,-0.029567,-0.161295,1001781673.24,False,already_held
2025-11-11,10,512880,证券ETF,high_beta,金融地产,63.298722,False,-0.028498,-0.202519,3314640690.52,False,trend_confirmation
2025-11-12,1,512660,军工ETF,commodity_resource,新能源制造,84.530169,False,-0.061654,-3.609456,550256936.18,False,already_held
2025-11-12,2,159770,机器人ETF,theme,科技与新质生产力,79.794754,False,-0.074498,-3.953154,332441306.13,False,trend_confirmation
2025-11-12,3,512010,医药ETF,sector,消费医药,79.256894,False,-0.053158,-3.487033,537784642.53,False,cooldown
2025-11-12,4,512170,医疗ETF,sector,消费医药,76.04863,False,-0.04462,-3.134311,515583843.78,False,trend_confirmation
2025-11-12,5,562500,机器人ETF华夏,theme,科技与新质生产力,75.964299,False,-0.073861,-4.073466,1189543605.68,False,trend_confirmation
2025-11-12,6,518880,黄金ETF,commodity_resource,防御风格,75.395485,True,-0.030072,-0.912138,7578416299.31,True,selected
2025-11-12,7,159992,银华创新药ETF,theme,医药与消费升级,72.86868,False,-0.03466,-1.506148,600586905.87,False,trend_confirmation
2025-11-12,8,516080,易方达创新药ETF,theme,医药与消费升级,68.742635,False,-0.033736,-1.456331,32949795.79,False,trend_confirmation
2025-11-12,9,588000,科创50ETF,broad_index,宽基,67.355747,False,-0.047517,-1.737716,4628803015.98,False,trend_confirmation
2025-11-12,10,515120,广发创新药ETF,theme,医药与消费升级,66.575219,False,-0.033252,-1.477707,359533828.42,False,trend_confirmation
2025-11-13,1,512660,军工ETF,commodity_resource,新能源制造,85.229119,False,-0.051811,-2.358116,547954367.31,False,already_held
2025-11-13,2,512010,医药ETF,sector,消费医药,81.439716,False,-0.050452,-2.540293,534659702.27,False,trend_confirmation
2025-11-13,3,518880,黄金ETF,commodity_resource,防御风格,80.004738,True,-0.027256,-0.389257,7395527305.63,True,selected
2025-11-13,4,512170,医疗ETF,sector,消费医药,77.799385,False,-0.043664,-2.330269,511356258.03,False,trend_confirmation
2025-11-13,5,562500,机器人ETF华夏,theme,科技与新质生产力,76.787118,False,-0.055329,-2.430471,1179047905.93,False,trend_confirmation
2025-11-13,6,159770,机器人ETF,theme,科技与新质生产力,76.392201,False,-0.055029,-2.308594,329437573.68,False,trend_confirmation
2025-11-13,7,511690,511690,bond_cash,expanded_formal_data,74.820033,True,-0.019801,-0.265791,12875097.04,False,liquidity_trading_constraint
2025-11-13,8,516080,易方达创新药ETF,theme,医药与消费升级,74.805497,False,-0.029446,-0.646308,33265846.39,False,trend_confirmation
2025-11-13,9,512880,证券ETF,high_beta,金融地产,66.650631,False,-0.028528,-0.752266,3201696509.73,False,trend_confirmation
2025-11-13,10,159992,银华创新药ETF,theme,医药与消费升级,66.605929,False,-0.025226,-0.359237,613247170.09,False,trend_confirmation
2025-11-14,1,512010,医药ETF,sector,消费医药,83.049645,False,-0.042862,-1.500089,523075371.36,False,trend_confirmation
2025-11-14,2,512660,军工ETF,commodity_resource,新能源制造,79.940528,False,-0.028543,-0.22514,523470315.79,False,already_held
2025-11-14,3,512170,医疗ETF,sector,消费医药,75.427692,False,-0.034146,-0.913044,501342834.72,False,trend_confirmation
2025-11-14,4,518880,黄金ETF,commodity_resource,防御风格,74.667861,False,-0.075325,-2.843273,6968391792.16,False,trend_confirmation
2025-11-14,5,562500,机器人ETF华夏,theme,科技与新质生产力,72.969648,False,-0.0393,-1.054123,1134187219.23,False,trend_confirmation
2025-11-14,6,159770,机器人ETF,theme,科技与新质生产力,72.83481,False,-0.038827,-0.959348,322753739.1,False,trend_confirmation
2025-11-14,7,511090,30年国债ETF,bond_cash,债券货币,71.975654,True,-0.021143,1.905265,8654755688.62,True,selected
2025-11-14,8,511880,银华日利ETF,bond_cash,债券货币观察,68.282051,True,-0.025383,4.812862,19602630429.24,True,selected
2025-11-14,9,512880,证券ETF,high_beta,金融地产,67.705406,False,-0.026805,-0.073655,3108313604.3,False,trend_confirmation
2025-11-14,10,511520,政金债ETF,bond_cash,债券货币,67.120916,True,-0.021965,5.738393,4328435459.96,True,selected_relaxed_group
2025-11-17,1,512010,医药ETF,sector,消费医药,83.045463,False,-0.046898,-2.655545,534629570.0,False,trend_confirmation
2025-11-17,2,512170,医疗ETF,sector,消费医药,80.150154,False,-0.042671,-2.75399,515613434.93,False,trend_confirmation
2025-11-17,3,159770,机器人ETF,theme,科技与新质生产力,77.706605,False,-0.044623,-2.285628,320080751.78,False,trend_confirmation
2025-11-17,4,515120,广发创新药ETF,theme,医药与消费升级,75.643101,False,-0.030203,-0.980773,399043892.76,False,trend_confirmation
2025-11-17,5,518880,黄金ETF,commodity_resource,防御风格,74.102845,False,-0.057146,-2.48802,6768351976.05,False,trend_confirmation
2025-11-17,6,512880,证券ETF,high_beta,金融地产,74.028975,False,-0.029262,-1.219147,3110197710.56,False,trend_confirmation
2025-11-17,7,159992,银华创新药ETF,theme,医药与消费升级,69.50064,False,-0.027652,-0.822842,651721302.44,False,trend_confirmation
2025-11-17,8,516080,易方达创新药ETF,theme,医药与消费升级,68.85947,False,-0.026765,-0.758803,34480939.42,False,trend_confirmation
2025-11-17,9,562500,机器人ETF华夏,theme,科技与新质生产力,68.497779,False,-0.039739,-1.984616,1103547836.0,False,trend_confirmation
2025-11-17,10,511880,银华日利ETF,bond_cash,债券货币观察,66.487099,True,-0.015097,3.318628,19333177265.25,True,selected
2025-11-18,1,512010,医药ETF,sector,消费医药,82.623022,False,-0.041846,-4.18731,536279405.15,False,trend_confirmation
2025-11-18,2,159770,机器人ETF,theme,科技与新质生产力,79.48673,False,-0.041824,-3.994481,313606234.7,False,trend_confirmation
2025-11-18,3,512170,医疗ETF,sector,消费医药,78.205744,False,-0.034436,-4.270636,517706040.51,False,trend_confirmation
2025-11-18,4,518880,黄金ETF,commodity_resource,防御风格,76.063226,False,-0.069246,-4.785249,6551354486.25,False,trend_confirmation
2025-11-18,5,159992,银华创新药ETF,theme,医药与消费升级,72.910117,False,-0.026794,-2.269123,654043609.9,False,trend_confirmation
2025-11-18,6,515120,广发创新药ETF,theme,医药与消费升级,72.892989,False,-0.026137,-2.158202,403017874.0,False,trend_confirmation
2025-11-18,7,562500,机器人ETF华夏,theme,科技与新质生产力,72.192762,False,-0.038757,-3.937643,1082412012.47,False,trend_confirmation
2025-11-18,8,512660,军工ETF,commodity_resource,新能源制造,71.466118,False,-0.014181,-1.731974,553880569.97,False,already_held
2025-11-18,9,512880,证券ETF,high_beta,金融地产,68.784949,False,-0.014981,-1.882818,2999268762.67,False,trend_confirmation
2025-11-18,10,516080,易方达创新药ETF,theme,医药与消费升级,67.54427,False,-0.02193,-1.913045,34415566.4,False,trend_confirmation
2025-11-19,1,562500,机器人ETF华夏,theme,科技与新质生产力,80.464851,False,-0.054893,-4.789347,1086957370.46,False,trend_confirmation
2025-11-19,2,512170,医疗ETF,sector,消费医药,79.936615,False,-0.043681,-4.541172,519760193.23,False,trend_confirmation
2025-11-19,3,512010,医药ETF,sector,消费医药,79.911802,False,-0.043707,-3.81427,541568971.7,False,trend_confirmation
2025-11-19,4,159770,机器人ETF,theme,科技与新质生产力,79.555949,False,-0.053975,-4.457969,318190472.18,False,trend_confirmation
2025-11-19,5,159992,银华创新药ETF,theme,医药与消费升级,72.832026,False,-0.034503,-2.358728,662618835.21,False,trend_confirmation
2025-11-19,6,515120,广发创新药ETF,theme,医药与消费升级,72.310805,False,-0.034162,-2.266628,407751936.95,False,trend_confirmation
2025-11-19,7,516080,易方达创新药ETF,theme,医药与消费升级,70.008925,False,-0.034051,-2.283438,34874163.56,False,trend_confirmation
2025-11-19,8,588000,科创50ETF,broad_index,宽基,67.428131,False,-0.04312,-2.336898,4124054063.2,False,trend_confirmation
2025-11-19,9,512660,军工ETF,commodity_resource,新能源制造,67.40217,False,-0.003822,-0.297558,563149658.04,False,already_held
2025-11-19,10,512200,房地产ETF,sector,金融地产,66.361582,False,-0.040317,-4.151734,164331862.24,False,trend_confirmation
2025-11-20,1,562500,机器人ETF华夏,theme,科技与新质生产力,80.131886,False,-0.055368,-5.520098,1088335794.7,False,trend_confirmation
2025-11-20,2,512010,医药ETF,sector,消费医药,79.836152,False,-0.044824,-4.612364,537895389.26,False,trend_confirmation
2025-11-20,3,512170,医疗ETF,sector,消费医药,79.103385,False,-0.04329,-5.34395,517581793.26,False,trend_confirmation
2025-11-20,4,159770,机器人ETF,theme,科技与新质生产力,78.969396,False,-0.05414,-5.134661,320088958.25,False,trend_confirmation
2025-11-20,5,515120,广发创新药ETF,theme,医药与消费升级,74.583815,False,-0.022958,-2.090905,407001223.51,False,trend_confirmation
2025-11-20,6,588000,科创50ETF,broad_index,宽基,69.777128,False,-0.044213,-2.840773,4122037831.63,False,trend_confirmation
2025-11-20,7,159992,银华创新药ETF,theme,医药与消费升级,68.831637,False,-0.020764,-2.008422,660872259.2,False,trend_confirmation
2025-11-20,8,516080,易方达创新药ETF,theme,医药与消费升级,67.679133,False,-0.020188,-1.929815,34925387.72,False,trend_confirmation
2025-11-20,9,512660,军工ETF,commodity_resource,新能源制造,67.190296,False,-0.002975,-0.95012,558438598.54,False,already_held
2025-11-20,10,512880,证券ETF,high_beta,金融地产,66.843296,False,-0.014429,-2.104781,3114912308.08,False,trend_confirmation
2025-11-21,1,159770,机器人ETF,theme,科技与新质生产力,79.756233,False,-0.047862,-8.087687,314989965.76,False,trend_confirmation
2025-11-21,2,512170,医疗ETF,sector,消费医药,79.210462,False,-0.030939,-7.411585,542553018.52,False,trend_confirmation
2025-11-21,3,512010,医药ETF,sector,消费医药,77.267867,False,-0.027613,-6.057002,557647088.4,False,trend_confirmation
2025-11-21,4,512880,证券ETF,high_beta,金融地产,74.647773,False,-0.022496,-5.165817,3137500869.35,False,trend_confirmation
2025-11-21,5,588000,科创50ETF,broad_index,宽基,74.418891,False,-0.07554,-7.352548,4143098205.86,False,trend_confirmation
2025-11-21,6,562500,机器人ETF华夏,theme,科技与新质生产力,72.845221,False,-0.046491,-8.30419,1102201483.17,False,trend_confirmation
2025-11-21,7,515120,广发创新药ETF,theme,医药与消费升级,71.974507,False,-0.013023,-3.699141,413927455.94,False,trend_confirmation
2025-11-21,8,159992,银华创新药ETF,theme,医药与消费升级,66.478614,False,-0.0119,-3.743591,669038470.72,False,trend_confirmation
2025-11-21,9,512660,军工ETF,commodity_resource,新能源制造,66.273037,False,-0.010306,-5.126702,552998832.46,False,already_held
2025-11-21,10,516080,易方达创新药ETF,theme,医药与消费升级,64.81003,False,-0.01185,-3.66625,35150054.53,False,trend_confirmation
2025-11-24,1,159770,机器人ETF,theme,科技与新质生产力,79.573555,False,-0.036669,-8.336718,305293846.25,False,trend_confirmation
2025-11-24,2,512880,证券ETF,high_beta,金融地产,77.993491,False,-0.01906,-6.103633,2985381332.58,False,trend_confirmation
2025-11-24,3,512010,医药ETF,sector,消费医药,77.8,False,-0.016089,-6.229624,547728702.17,False,trend_confirmation
2025-11-24,4,588000,科创50ETF,broad_index,宽基,76.259769,False,-0.069888,-8.026946,4014642215.52,False,trend_confirmation
2025-11-24,5,512170,医疗ETF,sector,消费医药,76.090667,False,-0.012321,-6.593531,538168457.43,False,trend_confirmation
2025-11-24,6,562500,机器人ETF华夏,theme,科技与新质生产力,71.896135,False,-0.034501,-8.442634,1082397997.05,False,trend_confirmation
2025-11-24,7,159992,银华创新药ETF,theme,医药与消费升级,66.069915,False,0.000676,-3.767749,654097188.67,False,trend_confirmation
2025-11-24,8,159915,创业板ETF,broad_index,宽基,64.306107,False,-0.036601,-5.44185,4188352744.42,False,trend_confirmation
2025-11-24,9,515220,煤炭ETF,commodity_resource,周期资源,62.143393,False,-0.005248,-3.935904,936950079.68,False,trend_confirmation
2025-11-24,10,516080,易方达创新药ETF,theme,医药与消费升级,59.151296,False,0.001796,-3.603862,34614589.12,False,trend_confirmation
2025-11-25,1,512880,证券ETF,high_beta,金融地产,79.30031,False,-0.023434,-5.344128,2926231108.57,False,trend_confirmation
2025-11-25,2,588000,科创50ETF,broad_index,宽基,78.100647,False,-0.070103,-7.075708,4003285576.9,False,trend_confirmation
2025-11-25,3,512170,医疗ETF,sector,消费医药,77.223179,False,-0.023392,-6.378722,541334574.51,False,trend_confirmation
2025-11-25,4,562500,机器人ETF华夏,theme,科技与新质生产力,76.406281,False,-0.04411,-8.01009,1081901589.54,False,trend_confirmation
2025-11-25,5,159770,机器人ETF,theme,科技与新质生产力,75.877727,False,-0.043022,-7.618072,300727752.64,False,trend_confirmation
2025-11-25,6,512010,医药ETF,sector,消费医药,73.844689,False,-0.011476,-4.833021,537929646.16,False,trend_confirmation
2025-11-25,7,512660,军工ETF,commodity_resource,新能源制造,66.145863,False,0.000123,-3.173977,563764607.22,False,already_held
2025-11-25,8,515120,广发创新药ETF,theme,医药与消费升级,63.535053,False,0.004165,-2.545306,406548949.72,False,trend_confirmation
2025-11-25,9,159915,创业板ETF,broad_index,宽基,61.485874,False,-0.032318,-4.234206,4295018234.18,False,trend_confirmation
2025-11-25,10,515220,煤炭ETF,commodity_resource,周期资源,61.420752,False,-0.001801,-2.872293,905880142.11,False,trend_confirmation
2025-11-26,1,512880,证券ETF,high_beta,金融地产,80.579261,False,-0.039984,-8.114877,2750903593.01,False,trend_confirmation
2025-11-26,2,159770,机器人ETF,theme,科技与新质生产力,79.838031,False,-0.04974,-9.32951,295823400.07,False,trend_confirmation
2025-11-26,3,588000,科创50ETF,broad_index,宽基,76.510298,False,-0.067133,-7.352277,3966146141.12,False,trend_confirmation
2025-11-26,4,512170,医疗ETF,sector,消费医药,76.190991,False,-0.0222,-6.990656,537914126.65,False,trend_confirmation
2025-11-26,5,562500,机器人ETF华夏,theme,科技与新质生产力,72.921133,False,-0.047808,-9.297635,1058817312.48,False,trend_confirmation
2025-11-26,6,512010,医药ETF,sector,消费医药,70.914013,False,-0.012105,-5.556,531152541.81,False,trend_confirmation
2025-11-26,7,512660,军工ETF,commodity_resource,新能源制造,68.587156,False,-0.016974,-4.73358,553289671.69,False,already_held
2025-11-26,8,512070,非银ETF,high_beta,金融地产,64.764165,False,-0.007218,-5.277052,470066944.24,False,trend_confirmation
2025-11-26,9,515220,煤炭ETF,commodity_resource,周期资源,62.399804,False,-0.015079,-4.204229,860951025.38,False,trend_confirmation
2025-11-26,10,159915,创业板ETF,broad_index,宽基,61.143048,False,-0.032928,-4.77541,4346186547.04,False,trend_confirmation
2025-11-27,1,512880,证券ETF,high_beta,金融地产,79.716728,False,-0.029847,-6.896185,2602681358.2,False,trend_confirmation
2025-11-27,2,588000,科创50ETF,broad_index,宽基,78.541571,False,-0.058863,-6.506505,3897173729.43,False,trend_confirmation
2025-11-27,3,562500,机器人ETF华夏,theme,科技与新质生产力,78.177544,False,-0.04081,-8.139718,1042574734.22,False,trend_confirmation
2025-11-27,4,159770,机器人ETF,theme,科技与新质生产力,78.171365,False,-0.040724,-8.093016,287411541.01,False,trend_confirmation
2025-11-27,5,512170,医疗ETF,sector,消费医药,72.664588,False,-0.01718,-6.300133,522668854.86,False,trend_confirmation
2025-11-27,6,512070,非银ETF,high_beta,金融地产,66.019579,False,-0.005012,-4.535833,442265667.58,False,trend_confirmation
2025-11-27,7,159755,电池ETF,commodity_resource,新能源制造,63.9583,False,-0.038848,-2.875168,1279202030.72,False,trend_confirmation
2025-11-27,8,512660,军工ETF,commodity_resource,新能源制造,61.566641,False,-0.007275,-3.67984,534031189.41,False,already_held
2025-11-27,9,515220,煤炭ETF,commodity_resource,周期资源,59.106404,False,-0.012017,-3.523759,826047851.93,False,trend_confirmation
2025-11-27,10,159915,创业板ETF,broad_index,宽基,58.630212,False,-0.027317,-4.123511,4306724526.6,False,trend_confirmation
2025-11-28,1,159770,机器人ETF,theme,科技与新质生产力,81.827447,False,-0.051671,-7.356981,284237759.39,False,trend_confirmation
2025-11-28,2,512170,医疗ETF,sector,消费医药,80.526996,False,-0.038748,-7.00693,505378226.19,False,trend_confirmation
2025-11-28,3,562500,机器人ETF华夏,theme,科技与新质生产力,78.238559,False,-0.051628,-7.401543,1025684232.79,False,trend_confirmation
2025-11-28,4,512880,证券ETF,high_beta,金融地产,77.953602,False,-0.032894,-5.591224,2533134291.35,False,trend_confirmation
2025-11-28,5,588000,科创50ETF,broad_index,宽基,77.846562,False,-0.037727,-4.322925,3757171683.35,False,trend_confirmation
2025-11-28,6,515120,广发创新药ETF,theme,医药与消费升级,69.149479,False,-0.023016,-4.01286,351879019.31,False,trend_confirmation
2025-11-28,7,512010,医药ETF,sector,消费医药,68.239379,False,-0.022309,-5.139675,483749477.58,False,trend_confirmation
2025-11-28,8,159992,银华创新药ETF,theme,医药与消费升级,65.172209,False,-0.02269,-4.183038,579886698.54,False,trend_confirmation
2025-11-28,9,159755,电池ETF,commodity_resource,新能源制造,63.819537,False,-0.036045,-2.162085,1216045963.84,False,trend_confirmation
2025-11-28,10,512070,非银ETF,high_beta,金融地产,61.293748,False,-0.006541,-3.184318,413549548.15,False,trend_confirmation
2025-12-01,1,159770,机器人ETF,theme,科技与新质生产力,80.21517,False,-0.048409,-5.79897,282629198.46,False,trend_confirmation
2025-12-01,2,512170,医疗ETF,sector,消费医药,78.795987,False,-0.040531,-6.004438,502125709.99,False,trend_confirmation
2025-12-01,3,512880,证券ETF,high_beta,金融地产,77.844444,False,-0.036463,-4.974645,2475589446.1,False,trend_confirmation
2025-12-01,4,562500,机器人ETF华夏,theme,科技与新质生产力,73.805153,False,-0.047886,-5.768589,1026660466.39,False,trend_confirmation
2025-12-01,5,588000,科创50ETF,broad_index,宽基,72.392058,False,-0.028519,-3.031458,3683362871.93,False,trend_confirmation
2025-12-01,6,515220,煤炭ETF,commodity_resource,周期资源,70.455011,False,-0.043604,-4.184441,746227889.38,False,trend_confirmation
2025-12-01,7,515790,光伏ETF,commodity_resource,新能源制造,69.988009,False,-0.051648,-2.968452,909215522.91,False,trend_confirmation
2025-12-01,8,515120,广发创新药ETF,theme,医药与消费升级,69.172769,False,-0.022922,-3.208779,321715928.3,False,trend_confirmation
2025-12-01,9,512010,医药ETF,sector,消费医药,68.752199,False,-0.02274,-4.216565,471935928.24,False,trend_confirmation
2025-12-01,10,516080,易方达创新药ETF,theme,医药与消费升级,63.04364,False,-0.02251,-3.18749,24402943.87,False,trend_confirmation
2025-12-02,1,512880,证券ETF,high_beta,金融地产,80.466911,False,-0.043442,-5.329708,2380831877.89,False,trend_confirmation
2025-12-02,2,512170,医疗ETF,sector,消费医药,79.071906,False,-0.041419,-5.895164,486617681.36,False,trend_confirmation
2025-12-02,3,159770,机器人ETF,theme,科技与新质生产力,78.69845,False,-0.042091,-5.33578,274808815.44,False,trend_confirmation
2025-12-02,4,515220,煤炭ETF,commodity_resource,周期资源,75.32015,False,-0.04555,-4.130338,727546615.12,False,trend_confirmation
2025-12-02,5,588000,科创50ETF,broad_index,宽基,73.071163,False,-0.033058,-3.14274,3611307311.82,False,trend_confirmation
2025-12-02,6,562500,机器人ETF华夏,theme,科技与新质生产力,69.97686,False,-0.040268,-5.266402,1006431040.1,False,trend_confirmation
2025-12-02,7,515790,光伏ETF,commodity_resource,新能源制造,69.741504,False,-0.045204,-2.615995,892963054.56,False,trend_confirmation
2025-12-02,8,512070,非银ETF,high_beta,金融地产,68.044224,False,-0.02135,-3.385477,396054538.54,False,trend_confirmation
2025-12-02,9,512010,医药ETF,sector,消费医药,67.116414,False,-0.021148,-3.892946,461584422.39,False,trend_confirmation
2025-12-02,10,515120,广发创新药ETF,theme,医药与消费升级,67.109954,False,-0.020599,-2.898653,302185587.33,False,trend_confirmation
2025-12-03,1,512880,证券ETF,high_beta,金融地产,79.756044,False,-0.044195,-5.891297,2353567962.68,False,trend_confirmation
2025-12-03,2,512170,医疗ETF,sector,消费医药,78.130992,False,-0.041092,-6.485098,489866402.91,False,trend_confirmation
2025-12-03,3,515790,光伏ETF,commodity_resource,新能源制造,74.840135,False,-0.084493,-5.368606,844099259.27,False,trend_confirmation
2025-12-03,4,588000,科创50ETF,broad_index,宽基,73.64857,False,-0.038705,-3.914742,3535958342.85,False,trend_confirmation
2025-12-03,5,515220,煤炭ETF,commodity_resource,周期资源,73.187252,False,-0.050469,-5.121783,696885223.06,False,trend_confirmation
2025-12-03,6,159770,机器人ETF,theme,科技与新质生产力,72.468558,False,-0.037712,-5.448853,272160883.88,False,trend_confirmation
2025-12-03,7,562500,机器人ETF华夏,theme,科技与新质生产力,72.221498,False,-0.037715,-5.549377,1005059319.49,False,trend_confirmation
2025-12-03,8,512200,房地产ETF,sector,金融地产,67.940833,False,-0.03528,-4.795914,241651696.26,False,trend_confirmation
2025-12-03,9,512010,医药ETF,sector,消费医药,65.923638,False,-0.020287,-4.438324,461335813.6,False,trend_confirmation
2025-12-03,10,512070,非银ETF,high_beta,金融地产,62.332167,False,-0.020213,-3.793894,391823741.59,False,trend_confirmation
2025-12-04,1,512880,证券ETF,high_beta,金融地产,78.108425,False,-0.04016,-6.924405,2274261994.36,False,trend_confirmation
2025-12-04,2,515790,光伏ETF,commodity_resource,新能源制造,77.118252,False,-0.08963,-6.460993,794264996.67,False,trend_confirmation
2025-12-04,3,515220,煤炭ETF,commodity_resource,周期资源,76.197619,False,-0.052979,-6.268548,668392686.26,False,trend_confirmation
2025-12-04,4,512170,医疗ETF,sector,消费医药,73.259197,False,-0.026401,-6.190658,481681362.73,False,trend_confirmation
2025-12-04,5,588000,科创50ETF,broad_index,宽基,72.191971,False,-0.044599,-5.934604,3445617875.35,False,trend_confirmation
2025-12-04,6,512200,房地产ETF,sector,金融地产,69.292978,False,-0.027727,-5.167302,242599570.28,False,trend_confirmation
2025-12-04,7,562500,机器人ETF华夏,theme,科技与新质生产力,68.66142,False,-0.024547,-5.376558,1027688857.82,False,trend_confirmation
2025-12-04,8,159770,机器人ETF,theme,科技与新质生产力,67.638941,False,-0.024473,-5.266509,281915795.2,False,trend_confirmation
2025-12-04,9,512070,非银ETF,high_beta,金融地产,63.008708,False,-0.015475,-4.688544,374554344.78,False,trend_confirmation
2025-12-04,10,512010,医药ETF,sector,消费医药,59.148231,False,-0.010469,-4.73568,460270815.62,False,trend_confirmation
2025-12-05,1,515790,光伏ETF,commodity_resource,新能源制造,77.764159,False,-0.096831,-6.176565,732293212.33,False,trend_confirmation
2025-12-05,2,515220,煤炭ETF,commodity_resource,周期资源,77.446393,False,-0.068015,-6.597647,653087841.09,False,trend_confirmation
2025-12-05,3,512170,医疗ETF,sector,消费医药,73.96544,False,-0.026329,-4.838847,485675043.33,False,trend_confirmation
2025-12-05,4,512880,证券ETF,high_beta,金融地产,72.914286,False,-0.019431,-3.291995,2338305267.26,False,trend_confirmation
2025-12-05,5,512200,房地产ETF,sector,金融地产,71.240268,False,-0.032496,-4.603328,246670227.94,False,trend_confirmation
2025-12-05,6,588000,科创50ETF,broad_index,宽基,70.570973,False,-0.04178,-4.958221,3470582405.35,False,trend_confirmation
2025-12-05,7,159755,电池ETF,commodity_resource,新能源制造,67.246473,False,-0.055063,-2.830665,1011245562.32,False,trend_confirmation
2025-12-05,8,511090,30年国债ETF,bond_cash,债券货币,62.541846,False,-0.011866,-8.876393,7038542772.48,False,trend_confirmation
2025-12-05,9,515080,中证红利ETF,sector,防御风格,62.108354,False,-0.012384,-5.929021,222771261.35,False,trend_confirmation
2025-12-05,10,512010,医药ETF,sector,消费医药,62.007674,False,-0.009163,-3.349171,479602310.72,False,trend_confirmation
2025-12-08,1,515220,煤炭ETF,commodity_resource,周期资源,77.668261,False,-0.092141,-8.09232,648399664.4,False,trend_confirmation
2025-12-08,2,512170,医疗ETF,sector,消费医药,77.192308,False,-0.043934,-6.844348,476628468.87,False,trend_confirmation
2025-12-08,3,515790,光伏ETF,commodity_resource,新能源制造,77.124205,False,-0.091197,-5.505257,700012155.81,False,trend_confirmation
2025-12-08,4,512690,酒ETF,sector,消费医药,74.597432,False,-0.061803,-12.319463,954556653.19,False,trend_confirmation
2025-12-08,5,512200,房地产ETF,sector,金融地产,72.945676,False,-0.042265,-5.155463,245496736.11,False,trend_confirmation
2025-12-08,6,515080,中证红利ETF,sector,防御风格,66.693962,False,-0.027466,-8.312223,224471867.42,False,trend_confirmation
2025-12-08,7,512880,证券ETF,high_beta,金融地产,65.570513,False,-0.018115,-2.688626,2412416209.95,False,trend_confirmation
2025-12-08,8,588000,科创50ETF,broad_index,宽基,64.733152,False,-0.02323,-2.908279,3546233607.9,False,trend_confirmation
2025-12-08,9,511090,30年国债ETF,bond_cash,债券货币,62.127439,False,-0.020356,-9.867691,7111962296.46,False,trend_confirmation
2025-12-08,10,516080,易方达创新药ETF,theme,医药与消费升级,61.170774,False,-0.010977,-2.369612,23156791.36,False,trend_confirmation
2025-12-09,1,512200,房地产ETF,sector,金融地产,80.487862,False,-0.07189,-7.157775,249502087.02,False,trend_confirmation
2025-12-09,2,515220,煤炭ETF,commodity_resource,周期资源,79.61198,False,-0.097759,-8.168699,609404467.54,False,trend_confirmation
2025-12-09,3,512690,酒ETF,sector,消费医药,76.543277,False,-0.077699,-13.378913,923695224.47,False,trend_confirmation
2025-12-09,4,515790,光伏ETF,commodity_resource,新能源制造,76.150322,False,-0.087497,-5.07089,680597175.75,False,trend_confirmation
2025-12-09,5,512170,医疗ETF,sector,消费医药,73.559086,False,-0.048421,-6.877646,475830687.66,False,trend_confirmation
2025-12-09,6,515080,中证红利ETF,sector,防御风格,70.470637,False,-0.038551,-9.247359,225248541.41,False,trend_confirmation
2025-12-09,7,512880,证券ETF,high_beta,金融地产,66.621795,False,-0.023488,-2.772133,2388293091.37,False,trend_confirmation
2025-12-09,8,512890,红利低波ETF,sector,防御风格,61.780453,False,-0.029543,-6.959729,717502662.4,False,trend_confirmation
2025-12-09,9,159755,电池ETF,commodity_resource,新能源制造,60.264395,False,-0.032022,-1.613976,933303486.95,False,trend_confirmation
2025-12-09,10,515120,广发创新药ETF,theme,医药与消费升级,58.042324,False,-0.013596,-2.215601,265799252.22,False,trend_confirmation
2025-12-10,1,512690,酒ETF,sector,消费医药,80.057534,False,-0.069347,-11.60747,894491252.64,False,trend_confirmation
2025-12-10,2,515220,煤炭ETF,commodity_resource,周期资源,78.991123,False,-0.082845,-7.159181,582203744.27,False,trend_confirmation
2025-12-10,3,512170,医疗ETF,sector,消费医药,77.66165,False,-0.04927,-7.232053,474871262.5,False,trend_confirmation
2025-12-10,4,515790,光伏ETF,commodity_resource,新能源制造,74.264455,False,-0.060824,-4.13242,618983768.69,False,trend_confirmation
2025-12-10,5,512200,房地产ETF,sector,金融地产,72.505495,False,-0.035405,-3.479957,268168685.02,False,trend_confirmation
2025-12-10,6,515080,中证红利ETF,sector,防御风格,70.090984,False,-0.03857,-9.698859,224031694.72,False,trend_confirmation
2025-12-10,7,512890,红利低波ETF,sector,防御风格,69.721425,False,-0.04033,-10.049697,704221450.8,False,trend_confirmation
2025-12-10,8,159992,银华创新药ETF,theme,医药与消费升级,65.623455,False,-0.018722,-2.977346,470103598.61,False,trend_confirmation
2025-12-10,9,515120,广发创新药ETF,theme,医药与消费升级,63.694995,False,-0.017632,-2.755335,254712336.77,False,trend_confirmation
2025-12-10,10,512800,银行ETF,sector,金融地产,61.336867,False,-0.026523,-5.238959,1098161178.75,False,trend_confirmation
2025-12-11,1,512200,房地产ETF,sector,金融地产,79.822624,False,-0.058915,-5.843965,272550329.75,False,trend_confirmation
2025-12-11,2,515220,煤炭ETF,commodity_resource,周期资源,77.77005,False,-0.08331,-8.764715,555010521.31,False,trend_confirmation
2025-12-11,3,512690,酒ETF,sector,消费医药,76.793757,False,-0.063194,-14.087933,843944183.33,False,trend_confirmation
2025-12-11,4,515790,光伏ETF,commodity_resource,新能源制造,75.275402,False,-0.071659,-5.941139,586358892.16,False,trend_confirmation
2025-12-11,5,512170,医疗ETF,sector,消费医药,75.09308,False,-0.045377,-8.927671,474879023.54,False,trend_confirmation
2025-12-11,6,159755,电池ETF,commodity_resource,新能源制造,69.304042,False,-0.070501,-4.826453,812840766.49,False,trend_confirmation
2025-12-11,7,515080,中证红利ETF,sector,防御风格,67.87448,False,-0.031325,-11.187182,226383107.02,False,trend_confirmation
2025-12-11,8,515120,广发创新药ETF,theme,医药与消费升级,67.015459,False,-0.024603,-5.50878,232008943.73,False,trend_confirmation
2025-12-11,9,159992,银华创新药ETF,theme,医药与消费升级,63.450984,False,-0.022842,-5.512833,435755458.64,False,trend_confirmation
2025-12-11,10,512890,红利低波ETF,sector,防御风格,60.111201,False,-0.022559,-9.93346,705716336.79,False,trend_confirmation
2025-12-12,1,512200,房地产ETF,sector,金融地产,84.675048,False,-0.085235,-6.268251,268565625.7,False,trend_confirmation
2025-12-12,2,512690,酒ETF,sector,消费医药,79.243032,False,-0.068418,-12.291785,831153489.82,False,trend_confirmation
2025-12-12,3,515220,煤炭ETF,commodity_resource,周期资源,77.358543,False,-0.09666,-8.255175,537746483.09,False,trend_confirmation
2025-12-12,4,512170,医疗ETF,sector,消费医药,75.283484,False,-0.052836,-7.217608,472287850.44,False,trend_confirmation
2025-12-12,5,515080,中证红利ETF,sector,防御风格,70.737806,False,-0.046556,-10.144467,229256172.88,False,trend_confirmation
2025-12-12,6,515790,光伏ETF,commodity_resource,新能源制造,69.623351,False,-0.066377,-4.248053,547951460.43,False,trend_confirmation
2025-12-12,7,159755,电池ETF,commodity_resource,新能源制造,67.993871,False,-0.06654,-3.813759,790371060.2,False,trend_confirmation
2025-12-12,8,515120,广发创新药ETF,theme,医药与消费升级,66.183391,False,-0.039457,-4.901638,214958892.88,False,trend_confirmation
2025-12-12,9,512890,红利低波ETF,sector,防御风格,62.340516,False,-0.039215,-9.113861,709196746.2,False,trend_confirmation
2025-12-12,10,159992,银华创新药ETF,theme,医药与消费升级,61.809671,False,-0.038121,-4.95744,406776637.68,False,trend_confirmation
2025-12-15,1,512200,房地产ETF,sector,金融地产,86.032967,False,-0.105032,-7.712244,266750609.64,False,trend_confirmation
2025-12-15,2,515220,煤炭ETF,commodity_resource,周期资源,78.049541,False,-0.105752,-9.417396,502232511.86,False,trend_confirmation
2025-12-15,3,512690,酒ETF,sector,消费医药,76.115406,False,-0.064204,-11.005584,841919690.86,False,trend_confirmation
2025-12-15,4,159755,电池ETF,commodity_resource,新能源制造,71.434222,False,-0.096953,-5.365547,741376319.62,False,trend_confirmation
2025-12-15,5,515790,光伏ETF,commodity_resource,新能源制造,68.976123,False,-0.063441,-4.063322,531334823.29,False,trend_confirmation
2025-12-15,6,159992,银华创新药ETF,theme,医药与消费升级,68.512821,False,-0.038724,-4.946038,389965680.21,False,trend_confirmation
2025-12-15,7,515120,广发创新药ETF,theme,医药与消费升级,68.264932,False,-0.038387,-4.805354,206618711.66,False,trend_confirmation
2025-12-15,8,512170,医疗ETF,sector,消费医药,66.92674,False,-0.040905,-6.349488,455001983.31,False,trend_confirmation
2025-12-15,9,515080,中证红利ETF,sector,防御风格,64.341447,False,-0.036365,-7.681724,230871063.6,False,trend_confirmation
2025-12-15,10,159870,化工ETF,commodity_resource,周期、资源、商品,62.36113,False,-0.052651,-3.989421,591660486.49,False,trend_confirmation
2025-12-16,1,512200,房地产ETF,sector,金融地产,86.964579,False,-0.09008,-7.200816,265438507.32,False,trend_confirmation
2025-12-16,2,515220,煤炭ETF,commodity_resource,周期资源,78.571518,False,-0.085401,-9.351529,472483707.51,False,trend_confirmation
2025-12-16,3,516080,易方达创新药ETF,theme,医药与消费升级,73.910053,False,-0.047701,-5.71917,20972183.98,False,trend_confirmation
2025-12-16,4,512690,酒ETF,sector,消费医药,73.217949,False,-0.053411,-9.89651,833348740.95,False,trend_confirmation
2025-12-16,5,159755,电池ETF,commodity_resource,新能源制造,72.314673,False,-0.073181,-4.733707,691243221.14,False,trend_confirmation
2025-12-16,6,515790,光伏ETF,commodity_resource,新能源制造,70.555044,False,-0.061957,-4.177466,511805171.76,False,trend_confirmation
2025-12-16,7,159992,银华创新药ETF,theme,医药与消费升级,70.33435,False,-0.045869,-5.760715,385970875.46,False,trend_confirmation
2025-12-16,8,515120,广发创新药ETF,theme,医药与消费升级,68.550758,False,-0.044831,-5.559633,204761250.59,False,trend_confirmation
2025-12-16,9,512170,医疗ETF,sector,消费医药,64.510213,False,-0.039405,-6.691332,454351138.99,False,trend_confirmation
2025-12-16,10,515080,中证红利ETF,sector,防御风格,61.967806,False,-0.027454,-7.382628,233041603.48,False,trend_confirmation
2025-12-17,1,512200,房地产ETF,sector,金融地产,84.908278,False,-0.089172,-6.257433,263691416.84,False,trend_confirmation
2025-12-17,2,515220,煤炭ETF,commodity_resource,周期资源,83.091056,False,-0.098869,-9.259879,464650592.5,False,trend_confirmation
2025-12-17,3,512690,酒ETF,sector,消费医药,74.754715,False,-0.066316,-9.712461,830211494.23,False,trend_confirmation
2025-12-17,4,159755,电池ETF,commodity_resource,新能源制造,72.307123,False,-0.067588,-3.38703,676072477.48,False,trend_confirmation
2025-12-17,5,515120,广发创新药ETF,theme,医药与消费升级,71.211684,False,-0.038374,-3.446805,199928540.67,False,trend_confirmation
2025-12-17,6,515080,中证红利ETF,sector,防御风格,69.058911,False,-0.040387,-7.080663,231171311.89,False,trend_confirmation
2025-12-17,7,515790,光伏ETF,commodity_resource,新能源制造,68.168259,False,-0.056325,-2.95221,502757329.31,False,trend_confirmation
2025-12-17,8,159992,银华创新药ETF,theme,医药与消费升级,66.844266,False,-0.03798,-3.470036,374382763.61,False,trend_confirmation
2025-12-17,9,512890,红利低波ETF,sector,防御风格,62.320972,False,-0.039814,-7.52605,670406833.14,False,trend_confirmation
2025-12-17,10,159930,能源ETF,commodity_resource,周期资源,61.957995,False,-0.059339,-6.80273,59216353.67,False,trend_confirmation
2025-12-18,1,512200,房地产ETF,sector,金融地产,87.880562,False,-0.092973,-6.733343,233851496.0,False,trend_confirmation
2025-12-18,2,515220,煤炭ETF,commodity_resource,周期资源,79.010833,False,-0.058795,-5.40803,447901038.72,False,trend_confirmation
2025-12-18,3,159755,电池ETF,commodity_resource,新能源制造,76.92962,False,-0.06491,-3.366389,651894776.01,False,trend_confirmation
2025-12-18,4,512690,酒ETF,sector,消费医药,76.6,False,-0.06265,-9.482787,829295584.71,False,trend_confirmation
2025-12-18,5,159992,银华创新药ETF,theme,医药与消费升级,75.14136,False,-0.037056,-3.582812,367572106.93,False,trend_confirmation
2025-12-18,6,515120,广发创新药ETF,theme,医药与消费升级,72.329221,False,-0.036353,-3.461822,198981361.74,False,trend_confirmation
2025-12-18,7,515790,光伏ETF,commodity_resource,新能源制造,70.431086,False,-0.052214,-2.864652,483141390.11,False,trend_confirmation
2025-12-18,8,516080,易方达创新药ETF,theme,医药与消费升级,66.822653,False,-0.033127,-3.065227,20868595.2,False,trend_confirmation
2025-12-18,9,515080,中证红利ETF,sector,防御风格,63.573805,False,-0.028122,-4.929587,227544111.23,False,trend_confirmation
2025-12-18,10,512890,红利低波ETF,sector,防御风格,61.596688,False,-0.036517,-7.158933,656792364.74,False,trend_confirmation
2025-12-19,1,512200,房地产ETF,sector,金融地产,87.121943,False,-0.074614,-3.482938,228698367.22,False,trend_confirmation
2025-12-19,2,512690,酒ETF,sector,消费医药,80.371289,False,-0.080913,-7.741091,814361060.49,False,trend_confirmation
2025-12-19,3,515220,煤炭ETF,commodity_resource,周期资源,77.315154,False,-0.063701,-3.831805,427476824.01,False,trend_confirmation
2025-12-19,4,159992,银华创新药ETF,theme,医药与消费升级,68.720678,False,-0.02909,-0.11328,363458589.96,False,trend_confirmation
2025-12-19,5,511090,30年国债ETF,bond_cash,债券货币,66.483257,False,-0.049009,-3.948766,7119864182.11,False,trend_confirmation
2025-12-19,6,512890,红利低波ETF,sector,防御风格,65.699253,False,-0.051081,-5.38367,636077325.47,False,trend_confirmation
2025-12-19,7,159930,能源ETF,commodity_resource,周期资源,64.003435,False,-0.045705,-2.056447,55417826.3,False,trend_confirmation
2025-12-19,8,515080,中证红利ETF,sector,防御风格,62.55846,False,-0.040842,-2.560119,213613386.04,False,trend_confirmation
2025-12-19,9,512800,银行ETF,sector,金融地产,60.432988,False,-0.046969,-2.496405,992418333.99,False,trend_confirmation
2025-12-19,10,515120,广发创新药ETF,theme,医药与消费升级,60.282866,False,-0.026362,0.146513,193602682.19,False,trend_confirmation
2025-12-22,1,512200,房地产ETF,sector,金融地产,86.829873,False,-0.075286,-2.6322,200168684.76,False,trend_confirmation
2025-12-22,2,515220,煤炭ETF,commodity_resource,周期资源,81.146802,False,-0.068619,-3.21315,415020740.52,False,trend_confirmation
2025-12-22,3,512690,酒ETF,sector,消费医药,79.716541,False,-0.087209,-7.110814,816098786.64,False,trend_confirmation
2025-12-22,4,515120,广发创新药ETF,theme,医药与消费升级,74.245122,False,-0.054378,-1.534864,190398076.65,False,trend_confirmation
2025-12-22,5,159992,银华创新药ETF,theme,医药与消费升级,71.669396,False,-0.053994,-1.532735,366099128.7,False,trend_confirmation
2025-12-22,6,511090,30年国债ETF,bond_cash,债券货币,69.827286,False,-0.064331,-4.773714,7126144757.71,False,trend_confirmation
2025-12-22,7,512890,红利低波ETF,sector,防御风格,68.979737,False,-0.063143,-5.530115,646470736.35,False,trend_confirmation
2025-12-22,8,512010,医药ETF,sector,消费医药,63.832227,False,-0.051772,-1.577657,416664034.47,False,trend_confirmation
2025-12-22,9,516080,易方达创新药ETF,theme,医药与消费升级,62.590297,False,-0.049281,-0.993659,20290685.07,False,trend_confirmation
2025-12-22,10,512800,银行ETF,sector,金融地产,62.052373,False,-0.058178,-2.510023,967055886.09,False,trend_confirmation
2025-12-23,1,512200,房地产ETF,sector,金融地产,86.79189,False,-0.085304,-3.891429,192740434.13,False,trend_confirmation
2025-12-23,2,515220,煤炭ETF,commodity_resource,周期资源,80.590464,False,-0.073323,-4.56402,410296750.67,False,trend_confirmation
2025-12-23,3,512690,酒ETF,sector,消费医药,80.316401,False,-0.086945,-8.164416,800741862.61,False,trend_confirmation
2025-12-23,4,159992,银华创新药ETF,theme,医药与消费升级,74.334524,False,-0.056017,-2.488185,361630483.13,False,trend_confirmation
2025-12-23,5,515120,广发创新药ETF,theme,医药与消费升级,72.426044,False,-0.054898,-2.307373,187965492.01,False,trend_confirmation
2025-12-23,6,512890,红利低波ETF,sector,防御风格,69.364352,False,-0.061739,-7.349083,630123704.26,False,trend_confirmation
2025-12-23,7,512800,银行ETF,sector,金融地产,67.226871,False,-0.062695,-4.451437,932515974.84,False,trend_confirmation
2025-12-23,8,516080,易方达创新药ETF,theme,医药与消费升级,65.131378,False,-0.050913,-1.851918,19728151.6,False,trend_confirmation
2025-12-23,9,512010,医药ETF,sector,消费医药,64.560849,False,-0.052319,-2.509962,415107474.66,False,trend_confirmation
2025-12-23,10,159770,机器人ETF,theme,科技与新质生产力,62.385221,False,-0.032985,-0.078482,272346441.9,False,trend_confirmation
2025-12-24,1,512200,房地产ETF,sector,金融地产,85.837784,False,-0.071081,-3.031277,183046017.45,False,trend_confirmation
2025-12-24,2,515220,煤炭ETF,commodity_resource,周期资源,81.195225,False,-0.06887,-4.406044,410121850.88,False,trend_confirmation
2025-12-24,3,512690,酒ETF,sector,消费医药,80.673572,False,-0.087511,-8.714302,795537025.62,False,trend_confirmation
2025-12-24,4,159992,银华创新药ETF,theme,医药与消费升级,78.591897,False,-0.063067,-3.683295,350026335.66,False,trend_confirmation
2025-12-24,5,515120,广发创新药ETF,theme,医药与消费升级,73.60373,False,-0.060862,-3.319167,186615155.63,False,trend_confirmation
2025-12-24,6,516080,易方达创新药ETF,theme,医药与消费升级,71.447013,False,-0.060746,-3.265835,18607953.95,False,trend_confirmation
2025-12-24,7,159770,机器人ETF,theme,科技与新质生产力,69.446194,True,-0.017833,0.848867,272110891.89,True,selected
2025-12-24,8,512010,医药ETF,sector,消费医药,67.380896,False,-0.054472,-3.143731,410914327.8,False,trend_confirmation
2025-12-24,9,512800,银行ETF,sector,金融地产,64.534564,False,-0.051738,-3.367615,913194177.46,False,trend_confirmation
2025-12-24,10,512890,红利低波ETF,sector,防御风格,63.749751,False,-0.050704,-5.261645,621587756.79,False,trend_confirmation
2025-12-25,1,512200,房地产ETF,sector,金融地产,84.612728,False,-0.061877,-2.135366,181773835.01,False,trend_confirmation
2025-12-25,2,515220,煤炭ETF,commodity_resource,周期资源,82.462771,False,-0.078925,-5.299971,407643009.99,False,trend_confirmation
2025-12-25,3,512690,酒ETF,sector,消费医药,81.012315,False,-0.08175,-6.783563,810809408.63,False,trend_confirmation
2025-12-25,4,515120,广发创新药ETF,theme,医药与消费升级,78.231235,False,-0.05636,-2.553972,184639117.44,False,trend_confirmation
2025-12-25,5,159992,银华创新药ETF,theme,医药与消费升级,74.90119,False,-0.054838,-2.489382,358831642.84,False,trend_confirmation
2025-12-25,6,516080,易方达创新药ETF,theme,医药与消费升级,68.649622,False,-0.052326,-2.117926,18277656.74,False,trend_confirmation
2025-12-25,7,512800,银行ETF,sector,金融地产,66.96096,False,-0.059323,-4.11809,899710401.57,False,trend_confirmation
2025-12-25,8,512890,红利低波ETF,sector,防御风格,66.32046,False,-0.054414,-5.487891,622336008.3,False,trend_confirmation
2025-12-25,9,515790,光伏ETF,commodity_resource,新能源制造,63.794872,True,-0.006637,1.791447,424669523.9,True,selected
2025-12-25,10,511090,30年国债ETF,bond_cash,债券货币,61.697617,False,-0.043333,-2.097866,6910422710.54,False,trend_confirmation
2025-12-26,1,512200,房地产ETF,sector,金融地产,83.366946,False,-0.060243,-1.939234,182626075.02,False,trend_confirmation
2025-12-26,2,515220,煤炭ETF,commodity_resource,周期资源,82.484529,False,-0.076301,-4.848507,410244697.06,False,trend_confirmation
2025-12-26,3,512690,酒ETF,sector,消费医药,81.470247,False,-0.089627,-7.670198,816571011.69,False,trend_confirmation
2025-12-26,4,159992,银华创新药ETF,theme,医药与消费升级,79.498414,False,-0.059249,-2.863288,356249922.01,False,trend_confirmation
2025-12-26,5,515120,广发创新药ETF,theme,医药与消费升级,76.692774,False,-0.058859,-2.714229,186667151.32,False,trend_confirmation
2025-12-26,6,516080,易方达创新药ETF,theme,医药与消费升级,70.048318,False,-0.056211,-2.421206,18346987.7,False,trend_confirmation
2025-12-26,7,512010,医药ETF,sector,消费医药,65.518888,False,-0.04829,-1.816657,409633972.98,False,trend_confirmation
2025-12-26,8,512890,红利低波ETF,sector,防御风格,64.890385,False,-0.057109,-5.882713,620409950.84,False,trend_confirmation
2025-12-26,9,512800,银行ETF,sector,金融地产,63.855533,False,-0.056946,-3.669792,875592911.81,False,trend_confirmation
2025-12-26,10,588000,科创50ETF,broad_index,宽基,63.490333,True,-0.014358,1.362802,3253728637.77,True,selected
2025-12-29,1,512690,酒ETF,sector,消费医药,81.708083,False,-0.085263,-8.955412,825851512.21,False,trend_confirmation
2025-12-29,2,159992,银华创新药ETF,theme,医药与消费升级,81.647848,False,-0.06092,-4.672603,363703796.93,False,trend_confirmation
2025-12-29,3,515220,煤炭ETF,commodity_resource,周期资源,81.23149,False,-0.065877,-5.741125,411509522.1,False,trend_confirmation
2025-12-29,4,515120,广发创新药ETF,theme,医药与消费升级,79.218066,False,-0.059076,-4.297505,189798529.8,False,trend_confirmation
2025-12-29,5,512200,房地产ETF,sector,金融地产,78.98693,False,-0.048388,-2.260208,184745442.61,False,trend_confirmation
2025-12-29,6,516080,易方达创新药ETF,theme,医药与消费升级,74.638218,False,-0.055669,-3.940554,18434137.93,False,trend_confirmation
2025-12-29,7,512010,医药ETF,sector,消费医药,67.508634,False,-0.042097,-2.934871,408191351.96,False,trend_confirmation
2025-12-29,8,512890,红利低波ETF,sector,防御风格,64.659874,False,-0.045554,-7.635832,609984228.62,False,trend_confirmation
2025-12-29,9,159905,深红利ETF,sector,防御风格,64.237401,True,-0.016652,0.0,44375446.08,True,selected
2025-12-29,10,588000,科创50ETF,broad_index,宽基,63.863704,True,-0.007393,0.680451,3286919551.86,False,already_held
2025-12-30,1,512200,房地产ETF,sector,金融地产,84.713168,False,-0.064409,-2.879211,179529218.27,False,trend_confirmation
2025-12-30,2,512690,酒ETF,sector,消费医药,82.926316,False,-0.085944,-8.324868,809967133.28,False,trend_confirmation
2025-12-30,3,515220,煤炭ETF,commodity_resource,周期资源,80.01962,False,-0.07921,-6.440475,398457445.71,False,trend_confirmation
2025-12-30,4,159992,银华创新药ETF,theme,医药与消费升级,79.807104,False,-0.05704,-3.776717,358914482.26,False,trend_confirmation
2025-12-30,5,515120,广发创新药ETF,theme,医药与消费升级,75.835803,False,-0.054417,-3.35885,191397962.34,False,trend_confirmation
2025-12-30,6,516080,易方达创新药ETF,theme,医药与消费升级,73.309452,False,-0.052921,-3.123489,18772201.5,False,trend_confirmation
2025-12-30,7,512010,医药ETF,sector,消费医药,65.03192,False,-0.041594,-2.173089,402060222.12,False,trend_confirmation
2025-12-30,8,512890,红利低波ETF,sector,防御风格,61.865081,False,-0.050871,-7.228013,608438268.8,False,trend_confirmation
2025-12-30,9,511090,30年国债ETF,bond_cash,债券货币,59.913349,False,-0.036934,-2.395028,6929499199.3,False,trend_confirmation
2025-12-30,10,512800,银行ETF,sector,金融地产,59.134846,False,-0.043767,-3.006304,862970523.41,False,trend_confirmation
2025-12-31,1,515220,煤炭ETF,commodity_resource,周期资源,82.729373,False,-0.09188,-8.093859,383529359.54,False,trend_confirmation
2025-12-31,2,159992,银华创新药ETF,theme,医药与消费升级,81.54693,False,-0.057604,-3.799784,364819840.41,False,trend_confirmation
2025-12-31,3,512690,酒ETF,sector,消费医药,81.026597,False,-0.083532,-8.127252,782478929.73,False,trend_confirmation
2025-12-31,4,515120,广发创新药ETF,theme,医药与消费升级,77.209363,False,-0.054891,-3.373489,193607065.57,False,trend_confirmation
2025-12-31,5,516080,易方达创新药ETF,theme,医药与消费升级,74.544788,False,-0.053425,-3.140445,18561765.34,False,trend_confirmation
2025-12-31,6,512200,房地产ETF,sector,金融地产,72.894394,False,-0.0364,-0.880458,182806775.65,False,trend_confirmation
2025-12-31,7,512010,医药ETF,sector,消费医药,68.304029,False,-0.044609,-2.468019,401009331.79,False,trend_confirmation
2025-12-31,8,159905,深红利ETF,sector,防御风格,64.109196,True,-0.024437,-0.078713,46171017.03,True,selected
2025-12-31,9,511090,30年国债ETF,bond_cash,债券货币,63.090617,False,-0.039305,-2.732752,7002322150.24,False,trend_confirmation
2025-12-31,10,512890,红利低波ETF,sector,防御风格,62.545396,False,-0.046327,-5.981634,602753515.25,False,trend_confirmation
2026-01-05,1,515220,煤炭ETF,commodity_resource,周期资源,82.423454,False,-0.122352,-6.321333,379318529.7,False,trend_confirmation
2026-01-05,2,512690,酒ETF,sector,消费医药,79.502027,False,-0.09511,-3.266993,784912824.02,False,trend_confirmation
2026-01-05,3,515120,广发创新药ETF,theme,医药与消费升级,73.784992,False,-0.069911,-0.121095,206865170.04,False,trend_confirmation
2026-01-05,4,159992,银华创新药ETF,theme,医药与消费升级,71.227005,False,-0.069526,-0.088051,393471662.63,False,trend_confirmation
2026-01-05,5,515790,光伏ETF,commodity_resource,新能源制造,69.354926,True,-0.022383,3.111232,444768751.14,False,already_held
2026-01-05,6,512890,红利低波ETF,sector,防御风格,67.429987,False,-0.08924,-5.63888,620539483.26,False,trend_confirmation
2026-01-05,7,159930,能源ETF,commodity_resource,周期资源,65.650151,False,-0.083257,-1.894144,46620900.23,False,trend_confirmation
2026-01-05,8,516080,易方达创新药ETF,theme,医药与消费升级,64.836758,False,-0.068372,0.0,19984412.61,False,trend_confirmation
2026-01-05,9,512800,银行ETF,sector,金融地产,64.675875,False,-0.081609,-2.035951,828123723.39,False,trend_confirmation
2026-01-05,10,515080,中证红利ETF,sector,防御风格,64.574243,False,-0.073515,-1.057015,209009751.33,False,trend_confirmation
2026-01-06,1,515220,煤炭ETF,commodity_resource,周期资源,84.730004,False,-0.10736,-3.30373,398623308.02,False,trend_confirmation
2026-01-06,2,512690,酒ETF,sector,消费医药,80.412282,False,-0.098282,-2.767285,800330582.63,False,trend_confirmation
2026-01-06,3,159992,银华创新药ETF,theme,医药与消费升级,76.254528,False,-0.076341,-0.087747,414822989.7,False,trend_confirmation
2026-01-06,4,512890,红利低波ETF,sector,防御风格,71.559104,False,-0.091117,-4.36627,640292836.95,False,trend_confirmation
2026-01-06,5,515120,广发创新药ETF,theme,医药与消费升级,69.462715,False,-0.075191,0.0,220502445.38,False,trend_confirmation
2026-01-06,6,511090,30年国债ETF,bond_cash,债券货币,69.083026,False,-0.082873,-1.576938,6656318751.65,False,trend_confirmation
2026-01-06,7,511880,银华日利ETF,bond_cash,债券货币观察,65.71579,True,-0.074511,6.0731,15032596802.34,True,selected
2026-01-06,8,512800,银行ETF,sector,金融地产,65.237063,False,-0.07761,-0.366937,827824462.07,False,trend_confirmation
2026-01-06,9,512170,医疗ETF,sector,消费医药,63.282051,True,-0.022866,3.696892,486349304.35,True,selected
2026-01-06,10,515790,光伏ETF,commodity_resource,新能源制造,62.0,True,-0.021676,3.496672,442114337.29,False,already_held
2026-01-07,1,512690,酒ETF,sector,消费医药,83.218018,False,-0.081308,-2.213884,809059820.34,False,trend_confirmation
2026-01-07,2,512010,医药ETF,sector,消费医药,75.051282,True,-0.048009,1.271131,428228603.92,True,selected
2026-01-07,3,512890,红利低波ETF,sector,防御风格,74.028051,False,-0.080161,-4.573197,640792742.23,False,trend_confirmation
2026-01-07,4,511090,30年国债ETF,bond_cash,债券货币,71.476622,False,-0.072559,-1.863147,6601256014.7,False,trend_confirmation
2026-01-07,5,512800,银行ETF,sector,金融地产,71.204663,False,-0.073028,-1.426199,817904728.84,False,trend_confirmation
2026-01-07,6,512200,房地产ETF,sector,金融地产,69.230769,False,-0.051504,0.812038,187530492.91,False,trend_confirmation
2026-01-07,7,511880,银华日利ETF,bond_cash,债券货币观察,69.178608,True,-0.062504,7.400204,14718906977.7,True,selected
2026-01-07,8,515120,广发创新药ETF,theme,医药与消费升级,68.205128,False,-0.052651,0.818099,231959507.64,False,trend_confirmation
2026-01-07,9,159992,银华创新药ETF,theme,医药与消费升级,66.410256,False,-0.051886,0.848568,439841041.33,False,trend_confirmation
2026-01-07,10,511520,政金债ETF,bond_cash,债券货币,64.83061,False,-0.064585,-1.063779,3971617974.15,False,trend_confirmation
2026-01-08,1,512010,医药ETF,sector,消费医药,80.333333,True,-0.040172,1.690043,429214389.65,True,selected
2026-01-08,2,512690,酒ETF,sector,消费医药,79.485655,False,-0.066097,-0.731389,789158429.84,False,trend_confirmation
2026-01-08,3,512890,红利低波ETF,sector,防御风格,79.351701,False,-0.077567,-4.592379,630335508.37,False,trend_confirmation
2026-01-08,4,511990,华宝添益ETF,bond_cash,债券货币观察,78.767391,True,-0.060642,-0.10943,12123147804.1,True,selected
2026-01-08,5,516080,易方达创新药ETF,theme,医药与消费升级,77.769231,True,-0.041627,1.435147,22266748.82,False,liquidity_trading_constraint
2026-01-08,6,511030,公司债ETF,bond_cash,债券货币,77.628747,True,-0.059366,2.709623,2157977708.95,True,selected
2026-01-08,7,512800,银行ETF,sector,金融地产,76.127275,False,-0.078792,-2.559514,798842027.91,False,not_selected_lower_priority
2026-01-08,8,511090,30年国债ETF,bond_cash,债券货币,75.096828,False,-0.072766,-2.554947,6623089227.57,False,not_selected_lower_priority
2026-01-08,9,512880,证券ETF,high_beta,金融地产,71.54209,True,-0.033988,1.821339,2370979614.35,False,not_selected_lower_priority
2026-01-08,10,511880,银华日利ETF,bond_cash,债券货币观察,70.589184,True,-0.059782,7.399905,15182398626.47,False,not_selected_lower_priority
2026-01-09,1,512200,房地产ETF,sector,金融地产,82.641026,True,-0.040751,2.085659,172022573.72,True,selected
2026-01-09,2,512690,酒ETF,sector,消费医药,81.423146,False,-0.077677,-1.490579,781226521.77,False,trend_confirmation
2026-01-09,3,512010,医药ETF,sector,消费医药,81.230769,True,-0.038766,2.28728,430985662.49,True,selected
2026-01-09,4,512880,证券ETF,high_beta,金融地产,80.925948,True,-0.041122,1.758025,2434229579.65,False,group_concentration
2026-01-09,5,515120,广发创新药ETF,theme,医药与消费升级,80.846154,True,-0.037686,2.172401,261576380.88,True,selected
2026-01-09,6,512890,红利低波ETF,sector,防御风格,78.97386,False,-0.078732,-3.291674,647259210.96,False,not_selected_lower_priority
2026-01-09,7,515080,中证红利ETF,sector,防御风格,78.789786,True,-0.046611,4.041516,224615179.62,False,not_selected_lower_priority
2026-01-09,8,511090,30年国债ETF,bond_cash,债券货币,78.289149,False,-0.081331,-3.057925,6690147934.91,False,not_selected_lower_priority
2026-01-09,9,511030,公司债ETF,bond_cash,债券货币,76.606999,True,-0.065288,3.232058,2167206471.2,False,not_selected_lower_priority
2026-01-09,10,516080,易方达创新药ETF,theme,医药与消费升级,73.923077,True,-0.03471,2.365911,23339941.0,False,not_selected_lower_priority
2026-01-12,1,159992,银华创新药ETF,theme,医药与消费升级,83.666667,True,-0.045171,2.573655,518242883.98,True,selected
2026-01-12,2,512010,医药ETF,sector,消费医药,83.153846,True,-0.045071,2.949217,441882272.91,True,selected
2026-01-12,3,511030,公司债ETF,bond_cash,债券货币,80.197192,True,-0.079552,2.978987,2076085653.61,True,selected
2026-01-12,4,511090,30年国债ETF,bond_cash,债券货币,79.842651,False,-0.100959,-4.539319,6633858302.35,False,not_selected_lower_priority
2026-01-12,5,516080,易方达创新药ETF,theme,医药与消费升级,79.692308,True,-0.044365,2.704891,23778161.25,False,not_selected_lower_priority
2026-01-12,6,512890,红利低波ETF,sector,防御风格,78.602792,False,-0.088641,-2.118915,662385513.92,False,not_selected_lower_priority
2026-01-12,7,515120,广发创新药ETF,theme,医药与消费升级,77.25641,True,-0.043988,2.772318,277014757.65,False,not_selected_lower_priority
2026-01-12,8,511880,银华日利ETF,bond_cash,债券货币观察,76.102324,True,-0.080228,6.438238,15550114770.99,False,not_selected_lower_priority
2026-01-12,9,515080,中证红利ETF,sector,防御风格,75.974359,True,-0.048009,7.650122,228648329.97,False,not_selected_lower_priority
2026-01-12,10,512800,银行ETF,sector,金融地产,75.239513,False,-0.084649,-0.568185,767481882.28,False,not_selected_lower_priority
2026-01-13,1,511030,公司债ETF,bond_cash,债券货币,82.634437,True,-0.069665,3.016846,1929201393.91,True,selected
2026-01-13,2,515220,煤炭ETF,commodity_resource,周期资源,81.993075,True,-0.036651,2.817467,503770377.31,True,selected
2026-01-13,3,512690,酒ETF,sector,消费医药,80.66833,False,-0.076545,-0.690812,794841479.48,False,trend_confirmation
2026-01-13,4,512890,红利低波ETF,sector,防御风格,80.026596,False,-0.077915,-1.871225,687159724.35,False,trend_confirmation
2026-01-13,5,511090,30年国债ETF,bond_cash,债券货币,79.997589,False,-0.084309,-2.956059,6539576914.55,False,trend_confirmation
2026-01-13,6,510230,金融ETF,sector,金融地产,79.847415,True,-0.042157,3.186061,57048110.92,True,selected
2026-01-13,7,511880,银华日利ETF,bond_cash,债券货币观察,75.461538,True,-0.07017,8.196631,15445273851.92,False,not_selected_lower_priority
2026-01-13,8,515080,中证红利ETF,sector,防御风格,74.928413,True,-0.041444,6.733113,227999815.03,False,not_selected_lower_priority
2026-01-13,9,515120,广发创新药ETF,theme,医药与消费升级,73.794872,True,-0.026554,3.306418,303158212.39,False,not_selected_lower_priority
2026-01-13,10,511520,政金债ETF,bond_cash,债券货币,71.51933,False,-0.072719,-1.415548,3839501978.47,False,not_selected_lower_priority
2026-01-14,1,515220,煤炭ETF,commodity_resource,周期资源,84.747894,True,-0.052819,1.46178,516038658.97,True,selected
2026-01-14,2,512690,酒ETF,sector,消费医药,83.95842,False,-0.087108,-2.070846,788896839.53,False,trend_confirmation
2026-01-14,3,512890,红利低波ETF,sector,防御风格,80.599883,False,-0.087033,-3.977504,706311432.7,False,trend_confirmation
2026-01-14,4,512800,银行ETF,sector,金融地产,78.110842,False,-0.08436,-1.885914,766687408.13,False,trend_confirmation
2026-01-14,5,515080,中证红利ETF,sector,防御风格,76.523754,True,-0.053824,3.778459,229984451.69,True,selected
2026-01-14,6,511030,公司债ETF,bond_cash,债券货币,75.711061,True,-0.069014,4.013828,1975016156.95,True,selected
2026-01-14,7,512880,证券ETF,high_beta,金融地产,74.772102,True,-0.041745,1.980436,2745526967.72,False,not_selected_lower_priority
2026-01-14,8,511090,30年国债ETF,bond_cash,债券货币,74.353724,False,-0.07397,-0.812829,6594032599.22,False,not_selected_lower_priority
2026-01-14,9,511880,银华日利ETF,bond_cash,债券货币观察,73.538462,True,-0.069943,8.107673,15647566471.42,False,not_selected_lower_priority
2026-01-14,10,159992,银华创新药ETF,theme,医药与消费升级,73.176324,True,-0.017984,3.849613,601271035.21,False,not_selected_lower_priority
2026-01-15,1,512690,酒ETF,sector,消费医药,85.054244,False,-0.111083,-3.36342,790008972.06,False,trend_confirmation
2026-01-15,2,515220,煤炭ETF,commodity_resource,周期资源,81.50627,True,-0.053138,2.646707,519835207.77,True,selected
2026-01-15,3,511030,公司债ETF,bond_cash,债券货币,79.555642,True,-0.082592,3.151718,2014165106.51,True,selected
2026-01-15,4,512890,红利低波ETF,sector,防御风格,79.425715,False,-0.097743,-3.45356,706283144.3,False,trend_confirmation
2026-01-15,5,512800,银行ETF,sector,金融地产,79.305832,False,-0.102575,-2.487636,780561689.71,False,trend_confirmation
2026-01-15,6,511880,银华日利ETF,bond_cash,债券货币观察,73.794872,True,-0.083076,8.407258,15805024738.53,True,selected
2026-01-15,7,511090,30年国债ETF,bond_cash,债券货币,73.704526,False,-0.087508,-0.902209,6485367879.52,False,not_selected_lower_priority
2026-01-15,8,515080,中证红利ETF,sector,防御风格,73.036835,True,-0.061542,5.545035,222920500.57,False,not_selected_lower_priority
2026-01-15,9,515120,广发创新药ETF,theme,医药与消费升级,71.847059,True,-0.018561,5.420291,333844725.73,False,not_selected_lower_priority
2026-01-15,10,159930,能源ETF,commodity_resource,周期资源,70.921026,True,-0.036236,6.082927,48265677.28,False,not_selected_lower_priority
2026-01-16,1,512690,酒ETF,sector,消费医药,83.985282,False,-0.090777,-3.582473,794953895.31,False,trend_confirmation
2026-01-16,2,512800,银行ETF,sector,金融地产,82.048957,False,-0.092633,-4.014606,778083616.47,False,trend_confirmation
2026-01-16,3,511520,政金债ETF,bond_cash,债券货币,81.099294,True,-0.060782,1.09987,3423673652.68,True,selected
2026-01-16,4,512890,红利低波ETF,sector,防御风格,78.204129,False,-0.085756,-5.561814,734294268.27,False,trend_confirmation
2026-01-16,5,511990,华宝添益ETF,bond_cash,债券货币观察,77.768191,True,-0.061694,1.621846,13948657990.46,True,selected
2026-01-16,6,511030,公司债ETF,bond_cash,债券货币,74.55729,True,-0.060381,3.151099,2041956122.56,False,group_concentration
2026-01-16,7,510230,金融ETF,sector,金融地产,74.235393,False,-0.087431,-2.654877,58343398.53,False,trend_confirmation
2026-01-16,8,159992,银华创新药ETF,theme,医药与消费升级,72.668361,True,-0.019291,3.262577,621503421.54,True,selected
2026-01-16,9,512880,证券ETF,high_beta,金融地产,71.566057,False,-0.070055,-0.568642,2816169139.61,False,not_selected_lower_priority
2026-01-16,10,159930,能源ETF,commodity_resource,周期资源,71.081436,True,-0.026683,4.14074,49668115.21,False,not_selected_lower_priority
2026-01-19,1,511520,政金债ETF,bond_cash,债券货币,83.404761,True,-0.042525,-0.064109,3469650593.43,True,selected
2026-01-19,2,512800,银行ETF,sector,金融地产,82.807552,False,-0.094459,-8.58141,751960480.12,False,trend_confirmation
2026-01-19,3,515220,煤炭ETF,commodity_resource,周期资源,81.008048,True,-0.029194,1.132168,522470180.0,False,already_held
2026-01-19,4,512690,酒ETF,sector,消费医药,80.623068,False,-0.073261,-3.805735,789892394.34,False,trend_confirmation
2026-01-19,5,512890,红利低波ETF,sector,防御风格,78.851929,False,-0.073794,-8.507371,741145095.64,False,trend_confirmation
2026-01-19,6,510230,金融ETF,sector,金融地产,78.316099,False,-0.07911,-3.914244,58064140.15,False,trend_confirmation
2026-01-19,7,511990,华宝添益ETF,bond_cash,债券货币观察,77.767471,True,-0.042464,0.0,14122808371.52,True,selected
2026-01-19,8,511030,公司债ETF,bond_cash,债券货币,74.814074,True,-0.04117,2.794094,2126318232.92,False,group_concentration
2026-01-19,9,515080,中证红利ETF,sector,防御风格,72.903553,True,-0.031321,2.582218,227501820.79,True,selected
2026-01-19,10,159930,能源ETF,commodity_resource,周期资源,72.459487,True,-0.012748,3.69647,50163602.0,False,not_selected_lower_priority
2026-01-20,1,512800,银行ETF,sector,金融地产,82.481119,False,-0.076092,-6.373536,749001183.5,False,trend_confirmation
2026-01-20,2,512690,酒ETF,sector,消费医药,81.977321,False,-0.060101,-3.01553,796591189.38,False,trend_confirmation
2026-01-20,3,511520,政金债ETF,bond_cash,债券货币,79.179487,True,-0.034108,0.743106,3473300671.56,True,selected
2026-01-20,4,511990,华宝添益ETF,bond_cash,债券货币观察,78.921557,True,-0.03479,0.42427,13977643212.64,True,selected
2026-01-20,5,510230,金融ETF,sector,金融地产,78.114334,False,-0.063059,-2.945685,57569274.35,False,trend_confirmation
2026-01-20,6,512890,红利低波ETF,sector,防御风格,76.15981,False,-0.052612,-3.509332,762203581.81,False,trend_confirmation
2026-01-20,7,515220,煤炭ETF,commodity_resource,周期资源,74.058956,True,-0.004383,2.540662,520280047.72,False,already_held
2026-01-20,8,511030,公司债ETF,bond_cash,债券货币,73.918285,True,-0.03379,2.285725,2240735560.18,True,selected_relaxed_group
2026-01-20,9,511090,30年国债ETF,bond_cash,债券货币,70.006731,False,-0.045475,-3.031137,6392532737.95,False,trend_confirmation
2026-01-20,10,515080,中证红利ETF,sector,防御风格,69.051282,True,-0.010742,4.564686,232367944.87,False,already_held
2026-01-21,1,512690,酒ETF,sector,消费医药,83.898639,False,-0.066482,-4.389386,808199773.26,False,trend_confirmation
2026-01-21,2,512800,银行ETF,sector,金融地产,82.621166,False,-0.07676,-7.086964,760334016.84,False,trend_confirmation
2026-01-21,3,510230,金融ETF,sector,金融地产,78.395124,False,-0.064942,-3.835441,56817533.24,False,trend_confirmation
2026-01-21,4,515220,煤炭ETF,commodity_resource,周期资源,76.271757,True,-0.006679,1.621591,523759637.99,False,already_held
2026-01-21,5,512890,红利低波ETF,sector,防御风格,75.585869,False,-0.045454,-3.654911,770340278.3,False,trend_confirmation
2026-01-21,6,511030,公司债ETF,bond_cash,债券货币,75.202658,True,-0.025611,2.382089,2284246263.65,True,selected
2026-01-21,7,511520,政金债ETF,bond_cash,债券货币,71.102564,True,-0.023424,3.317411,3564977303.0,True,selected
2026-01-21,8,512070,非银ETF,high_beta,金融地产,70.750297,False,-0.039686,-0.825057,752342455.53,False,trend_confirmation
2026-01-21,9,512880,证券ETF,high_beta,金融地产,69.599434,False,-0.034956,-0.576414,2900169844.13,False,trend_confirmation
2026-01-21,10,511880,银华日利ETF,bond_cash,债券货币观察,69.306014,True,-0.025779,7.17745,16316889737.11,True,selected
2026-01-22,1,512800,银行ETF,sector,金融地产,83.2331,False,-0.078703,-7.825681,759818471.78,False,trend_confirmation
2026-01-22,2,512690,酒ETF,sector,消费医药,81.690271,False,-0.062007,-4.224628,807356369.33,False,trend_confirmation
2026-01-22,3,510230,金融ETF,sector,金融地产,80.899117,False,-0.074565,-5.111913,55976294.83,False,trend_confirmation
2026-01-22,4,511030,公司债ETF,bond_cash,债券货币,76.611342,True,-0.02316,1.453081,2352615027.39,True,selected
2026-01-22,5,512890,红利低波ETF,sector,防御风格,74.054199,False,-0.041728,-3.48065,778950958.2,False,trend_confirmation
2026-01-22,6,512070,非银ETF,high_beta,金融地产,73.762833,False,-0.048636,-1.56855,741889777.74,False,trend_confirmation
2026-01-22,7,511520,政金债ETF,bond_cash,债券货币,70.075951,True,-0.022234,1.707207,3084733901.62,True,selected
2026-01-22,8,512880,证券ETF,high_beta,金融地产,68.458029,False,-0.027139,-0.231514,2916613761.7,False,trend_confirmation
2026-01-22,9,511090,30年国债ETF,bond_cash,债券货币,67.771086,False,-0.030967,-1.965726,6284537845.96,False,trend_confirmation
2026-01-22,10,511880,银华日利ETF,bond_cash,债券货币观察,67.768112,True,-0.022895,7.250709,16132151582.56,True,selected
2026-01-23,1,510230,金融ETF,sector,金融地产,81.709121,False,-0.07447,-5.852748,53919307.41,False,trend_confirmation
2026-01-23,2,512800,银行ETF,sector,金融地产,81.617063,False,-0.07974,-9.009425,767026494.9,False,trend_confirmation
2026-01-23,3,512690,酒ETF,sector,消费医药,81.533185,False,-0.053427,-4.239337,809644615.25,False,trend_confirmation
2026-01-23,4,511990,华宝添益ETF,bond_cash,债券货币观察,78.665067,True,-0.015066,0.412707,14547982970.93,True,selected
2026-01-23,5,512070,非银ETF,high_beta,金融地产,76.887479,False,-0.052781,-2.362264,765339146.1,False,trend_confirmation
2026-01-23,6,512890,红利低波ETF,sector,防御风格,73.898829,False,-0.039745,-4.859382,785634821.07,False,trend_confirmation
2026-01-23,7,511030,公司债ETF,bond_cash,债券货币,72.512821,True,-0.013485,3.170944,2390143551.07,True,selected
2026-01-23,8,511520,政金债ETF,bond_cash,债券货币,71.487179,True,-0.012435,2.872438,3087056128.05,True,selected_relaxed_group
2026-01-23,9,512880,证券ETF,high_beta,金融地产,71.25988,False,-0.029884,-1.043889,2931970132.1,False,trend_confirmation
2026-01-23,10,515220,煤炭ETF,commodity_resource,周期资源,69.542579,True,0.024393,3.052743,540098482.09,False,already_held
2026-01-26,1,512800,银行ETF,sector,金融地产,83.450723,False,-0.073469,-7.906028,771261741.61,False,trend_confirmation
2026-01-26,2,512690,酒ETF,sector,消费医药,81.759957,False,-0.069013,-6.336782,817238922.9,False,trend_confirmation
2026-01-26,3,510230,金融ETF,sector,金融地产,79.862547,False,-0.069675,-5.262371,50762705.44,False,trend_confirmation
2026-01-26,4,511990,华宝添益ETF,bond_cash,债券货币观察,76.22925,True,-0.014771,0.933414,14624017990.4,True,selected
2026-01-26,5,512890,红利低波ETF,sector,防御风格,73.96651,False,-0.033537,-3.472595,795829837.22,False,trend_confirmation
2026-01-26,6,512070,非银ETF,high_beta,金融地产,73.52252,False,-0.050005,-2.186987,786116574.82,False,trend_confirmation
2026-01-26,7,511030,公司债ETF,bond_cash,债券货币,73.281153,True,-0.013644,2.385596,2317545206.25,True,selected
2026-01-26,8,512880,证券ETF,high_beta,金融地产,70.687283,False,-0.023051,-0.572205,3009535145.2,False,trend_confirmation
2026-01-26,9,511520,政金债ETF,bond_cash,债券货币,69.820513,True,-0.011711,3.402789,2999799359.96,True,selected_relaxed_group
2026-01-26,10,512010,医药ETF,sector,消费医药,69.294809,False,-0.017438,-0.22452,574063893.75,False,trend_confirmation
2026-01-27,1,512690,酒ETF,sector,消费医药,84.080122,False,-0.072331,-6.909082,821527621.83,False,trend_confirmation
2026-01-27,2,512800,银行ETF,sector,金融地产,79.851282,False,-0.066885,-7.596724,792092054.82,False,trend_confirmation
2026-01-27,3,510230,金融ETF,sector,金融地产,77.693989,False,-0.063255,-5.046936,49343229.64,False,trend_confirmation
2026-01-27,4,512070,非银ETF,high_beta,金融地产,73.250013,False,-0.05187,-2.583394,791015901.0,False,trend_confirmation
2026-01-27,5,512890,红利低波ETF,sector,防御风格,71.989011,False,-0.033491,-4.152312,816793645.72,False,trend_confirmation
2026-01-27,6,511030,公司债ETF,bond_cash,债券货币,71.741944,True,-0.009558,1.869788,2377824404.68,True,selected
2026-01-27,7,512880,证券ETF,high_beta,金融地产,70.087371,False,-0.03655,-1.804611,2995967234.42,False,trend_confirmation
2026-01-27,8,512010,医药ETF,sector,消费医药,69.818762,False,-0.026017,-1.294046,600012941.48,False,trend_confirmation
2026-01-27,9,159992,银华创新药ETF,theme,医药与消费升级,66.951316,False,-0.011684,-0.083119,725954642.85,False,trend_confirmation
2026-01-27,10,511520,政金债ETF,bond_cash,债券货币,65.969917,True,-0.008216,2.447064,2914657111.64,True,selected
2026-01-28,1,512800,银行ETF,sector,金融地产,81.854079,False,-0.089921,-10.48866,799663894.74,False,trend_confirmation
2026-01-28,2,512690,酒ETF,sector,消费医药,80.874994,False,-0.068043,-5.72937,820529492.01,False,trend_confirmation
2026-01-28,3,510230,金融ETF,sector,金融地产,79.813367,False,-0.080117,-5.900181,49794550.02,False,trend_confirmation
2026-01-28,4,511030,公司债ETF,bond_cash,债券货币,74.689988,True,-0.01742,1.75781,2460689292.12,True,selected
2026-01-28,5,512890,红利低波ETF,sector,防御风格,72.913658,False,-0.038727,-3.634749,823998807.6,False,trend_confirmation
2026-01-28,6,512070,非银ETF,high_beta,金融地产,72.096167,False,-0.051474,-2.079987,802195426.59,False,trend_confirmation
2026-01-28,7,512010,医药ETF,sector,消费医药,71.298687,False,-0.031374,-1.098044,625653475.04,False,trend_confirmation
2026-01-28,8,512880,证券ETF,high_beta,金融地产,69.57455,False,-0.038777,-1.421556,3010963030.85,False,trend_confirmation
2026-01-28,9,515120,广发创新药ETF,theme,医药与消费升级,67.127602,False,-0.018319,0.0,420762145.33,False,trend_confirmation
2026-01-28,10,511520,政金债ETF,bond_cash,债券货币,65.843794,True,-0.013541,6.265813,2924948502.08,True,selected
2026-01-29,1,512800,银行ETF,sector,金融地产,85.057063,False,-0.081202,-6.788086,816568717.4,False,trend_confirmation
2026-01-29,2,510230,金融ETF,sector,金融地产,81.270282,False,-0.061996,-3.026315,48859264.17,False,trend_confirmation
2026-01-29,3,511030,公司债ETF,bond_cash,债券货币,79.81969,True,-0.024581,1.562321,2555078329.09,True,selected
2026-01-29,4,512890,红利低波ETF,sector,防御风格,77.901099,False,-0.030483,-0.770027,843825682.92,False,trend_confirmation
2026-01-29,5,512880,证券ETF,high_beta,金融地产,72.872991,False,-0.028666,-0.224326,3079293788.71,False,trend_confirmation
2026-01-29,6,511880,银华日利ETF,bond_cash,债券货币观察,70.589504,True,-0.024457,7.208394,16308922456.84,True,selected
2026-01-29,7,511520,政金债ETF,bond_cash,债券货币,69.820513,True,-0.020153,6.869071,2901306089.69,True,selected_relaxed_group
2026-01-29,8,159755,电池ETF,commodity_resource,新能源制造,67.734372,False,-0.030015,-0.352903,749740463.88,False,trend_confirmation
2026-01-29,9,511360,短融ETF,bond_cash,债券货币观察,64.30748,True,-0.024002,14.217049,36322627988.52,False,group_concentration
2026-01-29,10,511690,511690,bond_cash,expanded_formal_data,63.075963,False,-0.025406,-0.555311,20538406.84,False,trend_confirmation
2026-01-30,1,512800,银行ETF,sector,金融地产,84.771562,False,-0.075818,-7.097188,842735105.45,False,trend_confirmation
2026-01-30,2,510230,金融ETF,sector,金融地产,80.424548,False,-0.061955,-3.63027,50680570.15,False,trend_confirmation
2026-01-30,3,511030,公司债ETF,bond_cash,债券货币,78.666667,True,-0.016952,1.07654,2588550778.4,True,selected
2026-01-30,4,512890,红利低波ETF,sector,防御风格,73.164242,False,-0.024297,-1.026407,858222796.8,False,trend_confirmation
2026-01-30,5,512880,证券ETF,high_beta,金融地产,71.35076,False,-0.031533,-0.935095,3104028917.25,False,trend_confirmation
2026-01-30,6,159755,电池ETF,commodity_resource,新能源制造,70.832453,False,-0.02871,-0.836124,769936098.36,False,trend_confirmation
2026-01-30,7,511880,银华日利ETF,bond_cash,债券货币观察,67.897436,True,-0.016875,6.124282,16574060391.95,True,selected
2026-01-30,8,511520,政金债ETF,bond_cash,债券货币,66.997502,True,-0.012489,6.524237,2848390545.78,True,selected_relaxed_group
2026-01-30,9,511090,30年国债ETF,bond_cash,债券货币,66.811141,True,-0.010857,2.158207,5789465337.09,False,group_concentration
2026-01-30,10,512070,非银ETF,high_beta,金融地产,65.509983,False,-0.028317,-0.62032,860240444.25,False,trend_confirmation
2026-02-02,1,510230,金融ETF,sector,金融地产,82.052963,False,-0.014212,-5.634746,50525890.35,False,trend_confirmation
2026-02-02,2,159992,银华创新药ETF,theme,医药与消费升级,78.137355,False,-0.010829,-5.147987,756894856.34,False,trend_confirmation
2026-02-02,3,515120,广发创新药ETF,theme,医药与消费升级,76.099548,False,-0.009721,-5.370581,446636431.45,False,trend_confirmation
2026-02-02,4,159755,电池ETF,commodity_resource,新能源制造,74.222375,False,-0.00554,-4.071452,762974670.63,False,trend_confirmation
2026-02-02,5,512800,银行ETF,sector,金融地产,72.858182,False,-0.003287,-6.48808,877533089.85,False,trend_confirmation
2026-02-02,6,512010,医药ETF,sector,消费医药,72.84828,False,-0.000649,-4.705829,665617839.9,False,trend_confirmation
2026-02-02,7,512070,非银ETF,high_beta,金融地产,72.08007,False,-0.008084,-3.825173,853624607.45,False,trend_confirmation
2026-02-02,8,516080,易方达创新药ETF,theme,医药与消费升级,70.298291,False,-0.006813,-4.693155,32402138.11,False,trend_confirmation
2026-02-02,9,512880,证券ETF,high_beta,金融地产,62.405072,False,0.004218,-3.191411,3085263664.9,False,trend_confirmation
2026-02-02,10,512890,红利低波ETF,sector,防御风格,61.914996,False,0.034174,-2.277247,858715910.9,False,trend_confirmation
2026-02-03,1,510230,金融ETF,sector,金融地产,78.21978,False,-0.031494,-7.968518,51630995.05,False,trend_confirmation
2026-02-03,2,512880,证券ETF,high_beta,金融地产,77.874325,False,-0.035252,-8.535736,2894268710.05,False,trend_confirmation
2026-02-03,3,159755,电池ETF,commodity_resource,新能源制造,77.057412,False,-0.001361,-3.810423,750442860.94,False,trend_confirmation
2026-02-03,4,512800,银行ETF,sector,金融地产,76.424908,False,-0.017251,-8.464392,863357517.2,False,trend_confirmation
2026-02-03,5,512070,非银ETF,high_beta,金融地产,76.248965,False,-0.040716,-7.712082,811290622.4,False,trend_confirmation
2026-02-03,6,515120,广发创新药ETF,theme,医药与消费升级,73.617798,False,-0.001841,-4.653519,439417956.25,False,trend_confirmation
2026-02-03,7,159992,银华创新药ETF,theme,医药与消费升级,69.379306,False,-0.001095,-4.303077,745086721.61,False,trend_confirmation
2026-02-03,8,512010,医药ETF,sector,消费医药,68.715072,False,0.00386,-4.336419,654556407.9,False,trend_confirmation
2026-02-03,9,516080,易方达创新药ETF,theme,医药与消费升级,67.940171,False,-0.000638,-4.224085,31873083.19,False,trend_confirmation
2026-02-03,10,510300,沪深300ETF,broad_index,宽基,61.389417,False,0.0,-5.486952,16059471562.55,False,trend_confirmation
2026-02-04,1,510230,金融ETF,sector,金融地产,81.80844,False,-0.028411,-6.177368,51700647.6,False,trend_confirmation
2026-02-04,2,512070,非银ETF,high_beta,金融地产,78.014341,False,-0.031482,-5.600818,794299345.3,False,trend_confirmation
2026-02-04,3,159992,银华创新药ETF,theme,医药与消费升级,75.997063,False,-0.017106,-4.712987,736163715.12,False,trend_confirmation
2026-02-04,4,512880,证券ETF,high_beta,金融地产,75.880137,False,-0.0204,-5.587604,2837879267.95,False,trend_confirmation
2026-02-04,5,515120,广发创新药ETF,theme,医药与消费升级,74.853997,False,-0.016392,-4.926432,431606223.62,False,trend_confirmation
2026-02-04,6,512800,银行ETF,sector,金融地产,72.595344,False,-0.009256,-5.411195,864141202.15,False,trend_confirmation
2026-02-04,7,159755,电池ETF,commodity_resource,新能源制造,71.003477,False,0.003352,-2.516229,737507047.54,False,trend_confirmation
2026-02-04,8,516080,易方达创新药ETF,theme,医药与消费升级,70.721368,False,-0.015014,-4.450559,31156493.68,False,trend_confirmation
2026-02-04,9,512010,医药ETF,sector,消费医药,70.696685,False,-0.003237,-3.804096,657468920.6,False,trend_confirmation
2026-02-04,10,512890,红利低波ETF,sector,防御风格,59.97947,False,0.036165,-0.436292,852270040.35,False,trend_confirmation
2026-02-05,1,516080,易方达创新药ETF,theme,医药与消费升级,82.131624,False,-0.018117,-4.569136,30424557.19,False,trend_confirmation
2026-02-05,2,515120,广发创新药ETF,theme,医药与消费升级,78.711916,False,-0.016626,-4.782127,419216007.48,False,trend_confirmation
2026-02-05,3,159755,电池ETF,commodity_resource,新能源制造,78.531645,False,-0.009739,-3.177284,716698046.42,False,trend_confirmation
2026-02-05,4,159992,银华创新药ETF,theme,医药与消费升级,76.3993,False,-0.016585,-4.508777,730428147.33,False,trend_confirmation
2026-02-05,5,512010,医药ETF,sector,消费医药,73.082427,False,0.000243,-3.267736,671026886.5,False,trend_confirmation
2026-02-05,6,510230,金融ETF,sector,金融地产,70.744347,False,0.001997,-3.419868,52587598.75,False,trend_confirmation
2026-02-05,7,512070,非银ETF,high_beta,金融地产,69.721519,False,-0.002037,-3.718412,748343370.25,False,trend_confirmation
2026-02-05,8,512880,证券ETF,high_beta,金融地产,65.123666,False,0.005396,-3.530035,2691286701.7,False,trend_confirmation
2026-02-05,9,510300,沪深300ETF,broad_index,宽基,62.567688,False,0.0,-3.877809,16128281981.75,False,trend_confirmation
2026-02-05,10,512800,银行ETF,sector,金融地产,61.18449,False,0.014409,-2.389682,883754550.95,False,trend_confirmation
2026-02-06,1,159992,银华创新药ETF,theme,医药与消费升级,81.134079,False,-0.023038,-6.395759,710771317.97,False,trend_confirmation
2026-02-06,2,516080,易方达创新药ETF,theme,医药与消费升级,77.77265,False,-0.020996,-5.979233,29520119.72,False,trend_confirmation
2026-02-06,3,512010,医药ETF,sector,消费医药,76.139837,False,-0.001317,-4.446994,666789914.15,False,trend_confirmation
2026-02-06,4,515120,广发创新药ETF,theme,医药与消费升级,73.595475,False,-0.018753,-6.29719,407978537.08,False,trend_confirmation
2026-02-06,5,512660,军工ETF,commodity_resource,新能源制造,70.643861,False,-0.032735,-2.378078,715472664.3,False,trend_confirmation
2026-02-06,6,512170,医疗ETF,sector,消费医药,69.6,False,0.002978,-3.151749,868029310.6,False,trend_confirmation
2026-02-06,7,159755,电池ETF,commodity_resource,新能源制造,68.410828,False,0.007587,-2.645076,710592837.4,False,trend_confirmation
2026-02-06,8,512070,非银ETF,high_beta,金融地产,65.944499,False,0.006117,-3.915809,729794464.7,False,trend_confirmation
2026-02-06,9,512880,证券ETF,high_beta,金融地产,65.207214,False,0.007082,-4.499637,2602103689.85,False,trend_confirmation
2026-02-06,10,510230,金融ETF,sector,金融地产,64.422915,False,0.012975,-3.374799,52292175.55,False,trend_confirmation
2026-02-09,1,515120,广发创新药ETF,theme,医药与消费升级,80.530317,False,-0.030492,-6.441752,396807912.58,False,trend_confirmation
2026-02-09,2,159992,银华创新药ETF,theme,医药与消费升级,78.083587,False,-0.030146,-6.046924,678811165.53,False,trend_confirmation
2026-02-09,3,516080,易方达创新药ETF,theme,医药与消费升级,75.882906,False,-0.028525,-5.682255,29211731.63,False,trend_confirmation
2026-02-09,4,512010,医药ETF,sector,消费医药,74.088555,False,-0.014121,-4.676386,654064166.1,False,trend_confirmation
2026-02-09,5,512660,军工ETF,commodity_resource,新能源制造,73.040824,False,-0.09056,-4.364387,665985481.65,False,trend_confirmation
2026-02-09,6,512170,医疗ETF,sector,消费医药,72.569231,False,-0.019884,-4.186015,845266643.45,False,trend_confirmation
2026-02-09,7,512880,证券ETF,high_beta,金融地产,70.326419,False,-0.007596,-5.162651,2473343081.45,False,trend_confirmation
2026-02-09,8,510230,金融ETF,sector,金融地产,64.496051,False,0.012399,-2.364056,51767476.15,False,trend_confirmation
2026-02-09,9,159755,电池ETF,commodity_resource,新能源制造,64.00215,False,0.014158,-1.521121,666989176.31,False,trend_confirmation
2026-02-09,10,512800,银行ETF,sector,金融地产,60.158849,False,0.013228,-2.532066,885127700.25,False,trend_confirmation
2026-02-10,1,516080,易方达创新药ETF,theme,医药与消费升级,83.39545,False,-0.036152,-6.092695,28618261.25,False,trend_confirmation
2026-02-10,2,515120,广发创新药ETF,theme,医药与消费升级,78.383246,False,-0.032884,-6.136199,380920424.07,False,trend_confirmation
2026-02-10,3,159992,银华创新药ETF,theme,医药与消费升级,77.007326,False,-0.032787,-5.79212,657853121.54,False,trend_confirmation
2026-02-10,4,512010,医药ETF,sector,消费医药,75.652177,False,-0.020366,-4.889921,627730886.7,False,trend_confirmation
2026-02-10,5,512170,医疗ETF,sector,消费医药,74.425641,False,-0.031307,-4.834887,793579308.15,False,trend_confirmation
2026-02-10,6,512690,酒ETF,sector,消费医药,71.00939,True,0.027818,-0.197929,1325632993.7,True,selected
2026-02-10,7,512880,证券ETF,high_beta,金融地产,68.196381,False,-0.006836,-4.582968,2372896635.6,False,trend_confirmation
2026-02-10,8,512660,军工ETF,commodity_resource,新能源制造,67.158636,False,-0.020187,-2.204049,616653621.75,False,trend_confirmation
2026-02-10,9,159755,电池ETF,commodity_resource,新能源制造,66.281296,False,0.010399,-1.470122,640159837.67,False,trend_confirmation
2026-02-10,10,510230,金融ETF,sector,金融地产,65.911274,False,0.003053,-2.836876,51045624.1,False,trend_confirmation
2026-02-11,1,512170,医疗ETF,sector,消费医药,79.608725,False,-0.047535,-5.866021,721192055.25,False,trend_confirmation
2026-02-11,2,515120,广发创新药ETF,theme,医药与消费升级,79.219583,False,-0.02996,-5.539753,352696416.58,False,trend_confirmation
2026-02-11,3,516080,易方达创新药ETF,theme,医药与消费升级,76.056476,False,-0.02695,-5.050863,26019956.43,False,trend_confirmation
2026-02-11,4,512660,军工ETF,commodity_resource,新能源制造,74.538624,False,-0.037791,-2.778163,567478346.45,False,trend_confirmation
2026-02-11,5,512010,医药ETF,sector,消费医药,73.272912,False,-0.017295,-4.269904,600650783.95,False,trend_confirmation
2026-02-11,6,159992,银华创新药ETF,theme,医药与消费升级,73.194238,False,-0.026416,-4.995776,614993867.64,False,trend_confirmation
2026-02-11,7,512880,证券ETF,high_beta,金融地产,67.919288,False,-0.005374,-4.009601,2189297289.65,False,trend_confirmation
2026-02-11,8,512690,酒ETF,sector,消费医药,62.676056,True,0.029388,0.0,1315015325.25,False,already_held
2026-02-11,9,512070,非银ETF,high_beta,金融地产,61.802517,False,0.004867,-2.130675,657158682.9,False,trend_confirmation
2026-02-11,10,510300,沪深300ETF,broad_index,宽基,59.622359,False,0.0,-2.819518,15308662250.15,False,trend_confirmation
2026-02-12,1,512170,医疗ETF,sector,消费医药,82.329641,False,-0.039771,-5.414087,696552592.95,False,trend_confirmation
2026-02-12,2,159992,银华创新药ETF,theme,医药与消费升级,81.18472,False,-0.02245,-4.742793,601125916.05,False,trend_confirmation
2026-02-12,3,515120,广发创新药ETF,theme,医药与消费升级,77.843137,False,-0.020616,-4.820976,343090680.24,False,trend_confirmation
2026-02-12,4,516080,易方达创新药ETF,theme,医药与消费升级,74.025641,False,-0.018143,-4.440899,25372517.91,False,trend_confirmation
2026-02-12,5,512010,医药ETF,sector,消费医药,73.092732,False,-0.01172,-3.871456,592628605.8,False,trend_confirmation
2026-02-12,6,512880,证券ETF,high_beta,金融地产,67.7705,False,0.003265,-3.310016,2077906518.85,False,trend_confirmation
2026-02-12,7,510230,金融ETF,sector,金融地产,65.396794,False,0.008761,-2.091783,48792223.2,False,trend_confirmation
2026-02-12,8,512070,非银ETF,high_beta,金融地产,63.648091,False,0.006652,-2.066165,663011047.8,False,trend_confirmation
2026-02-12,9,510300,沪深300ETF,broad_index,宽基,62.731389,False,0.0,-2.916701,14133182295.65,False,trend_confirmation
2026-02-12,10,512660,军工ETF,commodity_resource,新能源制造,62.588994,False,0.013726,-0.724266,545307565.5,False,trend_confirmation
2026-02-13,1,515120,广发创新药ETF,theme,医药与消费升级,81.917448,False,-0.020132,-5.411642,337893650.93,False,trend_confirmation
2026-02-13,2,512170,医疗ETF,sector,消费医药,81.001654,False,-0.019976,-4.844501,679098526.2,False,trend_confirmation
2026-02-13,3,159992,银华创新药ETF,theme,医药与消费升级,77.811985,False,-0.017998,-5.020258,594345066.6,False,trend_confirmation
2026-02-13,4,516080,易方达创新药ETF,theme,医药与消费升级,74.885396,False,-0.015907,-4.893995,24807198.51,False,trend_confirmation
2026-02-13,5,512010,医药ETF,sector,消费医药,74.076146,False,-0.003915,-3.909999,584188172.6,False,trend_confirmation
2026-02-13,6,512880,证券ETF,high_beta,金融地产,67.569688,False,0.010545,-3.417371,2026219096.1,False,trend_confirmation
2026-02-13,7,159755,电池ETF,commodity_resource,新能源制造,63.738855,False,0.017108,-1.360899,579382490.16,False,trend_confirmation
2026-02-13,8,512070,非银ETF,high_beta,金融地产,63.553366,False,0.012576,-2.254764,657908995.7,False,trend_confirmation
2026-02-13,9,510300,沪深300ETF,broad_index,宽基,62.529556,False,0.0,-3.629726,13157342683.55,False,trend_confirmation
2026-02-13,10,510230,金融ETF,sector,金融地产,58.666313,False,0.021915,-1.663594,50902025.2,False,trend_confirmation
2026-02-24,1,159992,银华创新药ETF,theme,医药与消费升级,81.43501,False,-0.049071,-4.77905,578241627.49,False,trend_confirmation
2026-02-24,2,515120,广发创新药ETF,theme,医药与消费升级,80.027692,False,-0.04871,-4.970649,325550671.99,False,trend_confirmation
2026-02-24,3,512170,医疗ETF,sector,消费医药,76.406732,False,-0.046432,-4.232864,673744148.45,False,trend_confirmation
2026-02-24,4,516080,易方达创新药ETF,theme,医药与消费升级,75.652463,False,-0.047531,-4.700384,24316135.6,False,trend_confirmation
2026-02-24,5,512010,医药ETF,sector,消费医药,73.089059,False,-0.033235,-3.499572,576297814.5,False,trend_confirmation
2026-02-24,6,512070,非银ETF,high_beta,金融地产,65.681185,False,-0.023772,-2.443865,654974728.4,False,trend_confirmation
2026-02-24,7,512880,证券ETF,high_beta,金融地产,63.966743,False,-0.021126,-3.13822,1963194319.75,False,trend_confirmation
2026-02-24,8,510230,金融ETF,sector,金融地产,63.876313,False,-0.015108,-1.947851,50672836.25,False,trend_confirmation
2026-02-24,9,588000,科创50ETF,broad_index,宽基,59.014009,False,-0.022469,-1.536341,4293015855.5,False,trend_confirmation
2026-02-24,10,562500,机器人ETF华夏,theme,科技与新质生产力,58.599138,False,-0.026832,-2.133201,1360415564.58,False,trend_confirmation
2026-02-25,1,515120,广发创新药ETF,theme,医药与消费升级,80.846154,False,-0.042484,-3.441439,314643593.35,False,trend_confirmation
2026-02-25,2,159992,银华创新药ETF,theme,医药与消费升级,76.746784,False,-0.040226,-3.101137,571887319.48,False,trend_confirmation
2026-02-25,3,510230,金融ETF,sector,金融地产,74.890352,False,-0.033826,-2.845971,50656111.2,False,trend_confirmation
2026-02-25,4,516080,易方达创新药ETF,theme,医药与消费升级,74.696793,False,-0.039179,-2.993351,23990691.93,False,trend_confirmation
2026-02-25,5,512170,医疗ETF,sector,消费医药,72.753473,False,-0.035477,-2.493323,654535661.75,False,trend_confirmation
2026-02-25,6,512070,非银ETF,high_beta,金融地产,72.108664,False,-0.037026,-2.729247,669991106.25,False,trend_confirmation
2026-02-25,7,512010,医药ETF,sector,消费医药,69.835897,False,-0.033494,-2.596163,565881534.75,False,trend_confirmation
2026-02-25,8,159905,深红利ETF,sector,防御风格,64.68443,True,0.00136,0.481447,44600408.88,True,selected
2026-02-25,9,512880,证券ETF,high_beta,金融地产,63.628332,False,-0.028702,-2.791549,1960314128.05,False,trend_confirmation
2026-02-25,10,512800,银行ETF,sector,金融地产,63.625048,False,-0.025757,-2.197388,802986766.4,False,trend_confirmation
2026-02-26,1,159992,银华创新药ETF,theme,医药与消费升级,83.934522,False,-0.050826,-4.287931,568259370.89,False,trend_confirmation
2026-02-26,2,515120,广发创新药ETF,theme,医药与消费升级,78.311795,False,-0.047425,-4.207073,311332520.62,False,trend_confirmation
2026-02-26,3,516080,易方达创新药ETF,theme,医药与消费升级,77.144277,False,-0.046578,-3.908095,23652271.36,False,trend_confirmation
2026-02-26,4,512170,医疗ETF,sector,消费医药,76.513373,False,-0.044535,-3.572479,651415308.9,False,trend_confirmation
2026-02-26,5,512070,非银ETF,high_beta,金融地产,71.218873,False,-0.039434,-3.230306,659449039.2,False,trend_confirmation
2026-02-26,6,512880,证券ETF,high_beta,金融地产,66.491241,False,-0.030199,-3.403112,1955900350.75,False,trend_confirmation
2026-02-26,7,510230,金融ETF,sector,金融地产,65.327755,False,-0.025358,-2.499249,50857425.5,False,trend_confirmation
2026-02-26,8,588000,科创50ETF,broad_index,宽基,63.988243,False,-0.033235,-2.105637,4003213388.35,False,trend_confirmation
2026-02-26,9,512010,医药ETF,sector,消费医药,63.424795,False,-0.026698,-2.391666,562292049.35,False,trend_confirmation
2026-02-26,10,562500,机器人ETF华夏,theme,科技与新质生产力,60.564693,False,-0.030627,-2.121703,1330060174.53,False,trend_confirmation
2026-02-27,1,515120,广发创新药ETF,theme,医药与消费升级,82.914872,False,-0.037077,-3.459996,301070399.73,False,trend_confirmation
2026-02-27,2,159992,银华创新药ETF,theme,医药与消费升级,81.251442,False,-0.037048,-3.278124,546889470.56,False,trend_confirmation
2026-02-27,3,516080,易方达创新药ETF,theme,医药与消费升级,75.489273,False,-0.033702,-2.962495,22973744.47,False,trend_confirmation
2026-02-27,4,512170,医疗ETF,sector,消费医药,72.966757,False,-0.032364,-2.673015,641463965.75,False,trend_confirmation
2026-02-27,5,512070,非银ETF,high_beta,金融地产,69.808617,False,-0.029444,-2.53665,649804242.55,False,trend_confirmation
2026-02-27,6,588000,科创50ETF,broad_index,宽基,69.382614,False,-0.034102,-2.264293,3930597878.95,False,trend_confirmation
2026-02-27,7,512880,证券ETF,high_beta,金融地产,68.562325,False,-0.02784,-3.292801,1936744070.7,False,trend_confirmation
2026-02-27,8,512010,医药ETF,sector,消费医药,66.609305,False,-0.022773,-2.170301,547185681.2,False,trend_confirmation
2026-02-27,9,159915,创业板ETF,broad_index,宽基,63.563796,True,-0.0038,-0.308268,3800874432.83,True,selected
2026-02-27,10,511380,可转债ETF,bond_cash,债券货币,63.526656,True,-0.002582,-0.264719,13538567572.79,True,selected
2026-03-02,1,515120,广发创新药ETF,theme,医药与消费升级,84.769231,False,-0.078648,-6.057975,302443752.24,False,trend_confirmation
2026-03-02,2,159992,银华创新药ETF,theme,医药与消费升级,81.066897,False,-0.077046,-5.728081,543235965.75,False,trend_confirmation
2026-03-02,3,516080,易方达创新药ETF,theme,医药与消费升级,78.75256,False,-0.075088,-5.433219,23051979.76,False,trend_confirmation
2026-03-02,4,512170,医疗ETF,sector,消费医药,76.40369,False,-0.069435,-5.093388,654657278.2,False,trend_confirmation
2026-03-02,5,512200,房地产ETF,sector,金融地产,72.342008,False,-0.05659,-2.329772,320788134.55,False,trend_confirmation
2026-03-02,6,512010,医药ETF,sector,消费医药,67.854613,False,-0.051255,-3.784667,541753244.7,False,trend_confirmation
2026-03-02,7,562500,机器人ETF华夏,theme,科技与新质生产力,65.842252,False,-0.068502,-4.286761,1317833260.38,False,trend_confirmation
2026-03-02,8,588000,科创50ETF,broad_index,宽基,64.147092,False,-0.063098,-3.635339,3882217888.05,False,trend_confirmation
2026-03-02,9,159770,机器人ETF,theme,科技与新质生产力,63.409718,False,-0.067372,-4.242074,370364458.46,False,trend_confirmation
2026-03-02,10,512880,证券ETF,high_beta,金融地产,63.33511,False,-0.045774,-4.280257,1930349158.5,False,trend_confirmation
2026-03-03,1,516080,易方达创新药ETF,theme,医药与消费升级,84.918063,False,-0.097741,-7.727684,23238499.85,False,trend_confirmation
2026-03-03,2,515120,广发创新药ETF,theme,医药与消费升级,81.840234,False,-0.095861,-8.095915,294960263.5,False,trend_confirmation
2026-03-03,3,159992,银华创新药ETF,theme,医药与消费升级,79.168395,False,-0.095437,-7.729195,541625572.52,False,trend_confirmation
2026-03-03,4,512170,医疗ETF,sector,消费医药,75.1121,False,-0.074085,-6.163665,658160283.6,False,trend_confirmation
2026-03-03,5,588000,科创50ETF,broad_index,宽基,72.603002,False,-0.086283,-4.981697,3961904767.75,False,trend_confirmation
2026-03-03,6,512200,房地产ETF,sector,金融地产,72.379104,False,-0.048232,-2.582383,320503362.4,False,trend_confirmation
2026-03-03,7,159770,机器人ETF,theme,科技与新质生产力,68.416049,False,-0.074579,-4.876424,352395991.78,False,trend_confirmation
2026-03-03,8,512010,医药ETF,sector,消费医药,66.213058,False,-0.047048,-4.579147,535044604.0,False,trend_confirmation
2026-03-03,9,512880,证券ETF,high_beta,金融地产,65.448591,False,-0.048111,-6.375494,1876482489.85,False,trend_confirmation
2026-03-03,10,562500,机器人ETF华夏,theme,科技与新质生产力,63.036789,False,-0.073767,-4.864433,1288576930.82,False,trend_confirmation
2026-03-04,1,515120,广发创新药ETF,theme,医药与消费升级,83.628266,False,-0.078613,-7.90437,285777249.18,False,trend_confirmation
2026-03-04,2,516080,易方达创新药ETF,theme,医药与消费升级,79.796403,False,-0.075065,-7.209996,22878873.54,False,trend_confirmation
2026-03-04,3,159992,银华创新药ETF,theme,医药与消费升级,77.094098,False,-0.0749,-7.355779,534205002.57,False,trend_confirmation
2026-03-04,4,588000,科创50ETF,broad_index,宽基,76.44653,False,-0.089134,-6.076224,3882312332.65,False,trend_confirmation
2026-03-04,5,512170,医疗ETF,sector,消费医药,73.611985,False,-0.058658,-6.088483,648467673.9,False,trend_confirmation
2026-03-04,6,159770,机器人ETF,theme,科技与新质生产力,68.233509,False,-0.070713,-5.51887,349092092.69,False,trend_confirmation
2026-03-04,7,512200,房地产ETF,sector,金融地产,67.955332,False,-0.032224,-2.493924,313898941.2,False,trend_confirmation
2026-03-04,8,512070,非银ETF,high_beta,金融地产,66.943115,False,-0.047353,-5.490707,635910827.6,False,trend_confirmation
2026-03-04,9,512880,证券ETF,high_beta,金融地产,66.411018,False,-0.047273,-6.936994,1881683665.0,False,trend_confirmation
2026-03-04,10,562500,机器人ETF华夏,theme,科技与新质生产力,64.908212,False,-0.070254,-5.533772,1274549432.93,False,trend_confirmation
2026-03-05,1,512400,有色ETF,commodity_resource,周期资源,82.580969,True,-0.072459,-1.971801,2592878270.85,True,selected
2026-03-05,2,159992,银华创新药ETF,theme,医药与消费升级,81.381471,False,-0.064357,-5.970107,520352012.15,False,trend_confirmation
2026-03-05,3,516080,易方达创新药ETF,theme,医药与消费升级,78.562113,False,-0.063052,-5.809269,22765879.86,False,trend_confirmation
2026-03-05,4,588000,科创50ETF,broad_index,宽基,77.281809,False,-0.078552,-4.982036,3828335621.1,False,trend_confirmation
2026-03-05,5,515120,广发创新药ETF,theme,医药与消费升级,76.267959,False,-0.062505,-6.006849,278048199.91,False,trend_confirmation
2026-03-05,6,512880,证券ETF,high_beta,金融地产,71.68063,False,-0.051807,-6.739495,1853985856.8,False,trend_confirmation
2026-03-05,7,512170,医疗ETF,sector,消费医药,71.047882,False,-0.049399,-5.028354,619213155.5,False,trend_confirmation
2026-03-05,8,512070,非银ETF,high_beta,金融地产,68.387817,False,-0.049133,-5.089952,616571688.85,False,trend_confirmation
2026-03-05,9,512200,房地产ETF,sector,金融地产,67.743781,False,-0.043001,-2.724492,306280904.4,False,trend_confirmation
2026-03-05,10,562500,机器人ETF华夏,theme,科技与新质生产力,61.956635,False,-0.044881,-3.539267,1229380195.19,False,trend_confirmation
2026-03-06,1,512690,酒ETF,sector,消费医药,82.041752,False,-0.08093,-6.370112,1116249886.6,False,already_held
2026-03-06,2,512200,房地产ETF,sector,金融地产,79.340486,False,-0.059191,-4.087605,261763776.85,False,trend_confirmation
2026-03-06,3,159992,银华创新药ETF,theme,医药与消费升级,74.941219,False,-0.034242,-3.614218,514722401.85,False,trend_confirmation
2026-03-06,4,512070,非银ETF,high_beta,金融地产,73.35964,False,-0.060626,-7.640245,579236889.1,False,trend_confirmation
2026-03-06,5,512880,证券ETF,high_beta,金融地产,70.071718,False,-0.045649,-6.739157,1775455358.5,False,trend_confirmation
2026-03-06,6,515120,广发创新药ETF,theme,医药与消费升级,69.956269,False,-0.03236,-3.572408,273584837.34,False,trend_confirmation
2026-03-06,7,512400,有色ETF,commodity_resource,周期资源,69.170434,False,-0.10059,-2.754413,2368311788.6,False,trend_confirmation
2026-03-06,8,516080,易方达创新药ETF,theme,医药与消费升级,67.518867,False,-0.031134,-3.341915,22839267.49,False,trend_confirmation
2026-03-06,9,588000,科创50ETF,broad_index,宽基,66.819027,False,-0.040491,-3.410383,3684466206.05,False,trend_confirmation
2026-03-06,10,512170,医疗ETF,sector,消费医药,64.301601,False,-0.034066,-4.038354,601487437.2,False,trend_confirmation
2026-03-09,1,512070,非银ETF,high_beta,金融地产,80.520147,False,-0.067933,-7.786357,561651811.4,False,trend_confirmation
2026-03-09,2,588000,科创50ETF,broad_index,宽基,76.919933,False,-0.06005,-4.219702,3636744401.15,False,trend_confirmation
2026-03-09,3,516080,易方达创新药ETF,theme,医药与消费升级,76.886644,False,-0.039996,-3.62393,22394412.28,False,trend_confirmation
2026-03-09,4,512690,酒ETF,sector,消费医药,76.458135,False,-0.049137,-5.25765,1011582940.55,False,already_held
2026-03-09,5,512200,房地产ETF,sector,金融地产,75.36783,False,-0.044043,-3.34283,249908922.35,False,trend_confirmation
2026-03-09,6,159992,银华创新药ETF,theme,医药与消费升级,75.093856,False,-0.039873,-3.71908,503952668.61,False,trend_confirmation
2026-03-09,7,512880,证券ETF,high_beta,金融地产,74.944734,False,-0.051271,-6.837592,1747421962.2,False,trend_confirmation
2026-03-09,8,515120,广发创新药ETF,theme,医药与消费升级,71.124934,False,-0.038415,-3.701619,268331759.42,False,trend_confirmation
2026-03-09,9,512170,医疗ETF,sector,消费医药,67.396232,False,-0.035965,-3.929048,602249027.2,False,trend_confirmation
2026-03-09,10,159770,机器人ETF,theme,科技与新质生产力,57.827545,False,-0.027099,-2.615309,310472719.68,False,trend_confirmation
2026-03-10,1,512690,酒ETF,sector,消费医药,85.731382,False,-0.092725,-6.155422,916081845.75,False,already_held
2026-03-10,2,512070,非银ETF,high_beta,金融地产,80.469863,False,-0.081236,-5.614147,534687462.1,False,trend_confirmation
2026-03-10,3,512880,证券ETF,high_beta,金融地产,77.562303,False,-0.067279,-4.908098,1682327754.95,False,trend_confirmation
2026-03-10,4,588000,科创50ETF,broad_index,宽基,72.58601,False,-0.03964,-1.249791,3555135444.1,False,trend_confirmation
2026-03-10,5,512200,房地产ETF,sector,金融地产,69.546295,False,-0.036785,-1.095249,239934703.0,False,trend_confirmation
2026-03-10,6,510230,金融ETF,sector,金融地产,68.340864,False,-0.042542,-2.906916,47338172.9,False,trend_confirmation
2026-03-10,7,515120,广发创新药ETF,theme,医药与消费升级,65.45427,False,-0.018043,0.0,257012661.49,False,trend_confirmation
2026-03-10,8,159992,银华创新药ETF,theme,医药与消费升级,65.310837,False,-0.018043,0.0,489824556.8,False,trend_confirmation
2026-03-10,9,512170,医疗ETF,sector,消费医药,63.147755,False,-0.035285,-1.29862,585193772.1,False,trend_confirmation
2026-03-10,10,562500,机器人ETF华夏,theme,科技与新质生产力,59.774288,False,-0.024748,-0.394246,1103309391.49,False,trend_confirmation
2026-03-11,1,512690,酒ETF,sector,消费医药,86.472294,False,-0.091747,-6.802704,864632468.8,False,already_held
2026-03-11,2,512070,非银ETF,high_beta,金融地产,81.649684,False,-0.069944,-5.28076,521718209.4,False,trend_confirmation
2026-03-11,3,512200,房地产ETF,sector,金融地产,78.166399,False,-0.046726,-2.255887,227294579.55,False,trend_confirmation
2026-03-11,4,512880,证券ETF,high_beta,金融地产,77.197738,False,-0.053518,-4.303692,1624961597.6,False,trend_confirmation
2026-03-11,5,588000,科创50ETF,broad_index,宽基,75.82739,False,-0.055943,-2.67924,3468999984.85,False,trend_confirmation
2026-03-11,6,515120,广发创新药ETF,theme,医药与消费升级,70.263073,False,-0.029526,-1.252271,255034834.38,False,trend_confirmation
2026-03-11,7,159992,银华创新药ETF,theme,医药与消费升级,68.972182,False,-0.029518,-1.261436,484419594.86,False,trend_confirmation
2026-03-11,8,516080,易方达创新药ETF,theme,医药与消费升级,66.925603,False,-0.028539,-1.128352,22079385.77,False,trend_confirmation
2026-03-11,9,512170,医疗ETF,sector,消费医药,65.477546,False,-0.041151,-2.461563,573261304.35,False,trend_confirmation
2026-03-11,10,562500,机器人ETF华夏,theme,科技与新质生产力,65.264989,False,-0.045525,-2.246939,1071546464.63,False,trend_confirmation
2026-03-12,1,512690,酒ETF,sector,消费医药,86.344089,False,-0.096882,-9.360575,808550820.85,False,already_held
2026-03-12,2,512070,非银ETF,high_beta,金融地产,82.375624,False,-0.075927,-7.439431,501970587.05,False,trend_confirmation
2026-03-12,3,512200,房地产ETF,sector,金融地产,80.069236,False,-0.062206,-4.414141,211148257.9,False,trend_confirmation
2026-03-12,4,512880,证券ETF,high_beta,金融地产,77.440781,False,-0.056012,-6.31545,1555190727.6,False,trend_confirmation
2026-03-12,5,515120,广发创新药ETF,theme,医药与消费升级,74.802867,False,-0.037302,-2.605295,251904824.14,False,trend_confirmation
2026-03-12,6,588000,科创50ETF,broad_index,宽基,70.4637,False,-0.046226,-2.844607,3407766689.5,False,trend_confirmation
2026-03-12,7,516080,易方达创新药ETF,theme,医药与消费升级,70.059089,False,-0.036752,-2.444421,21838927.3,False,trend_confirmation
2026-03-12,8,512170,医疗ETF,sector,消费医药,70.026633,False,-0.052794,-4.654584,565727461.55,False,trend_confirmation
2026-03-12,9,159992,银华创新药ETF,theme,医药与消费升级,65.444606,False,-0.0357,-2.523023,467617259.3,False,trend_confirmation
2026-03-12,10,159770,机器人ETF,theme,科技与新质生产力,63.7606,False,-0.037202,-2.462748,287730657.24,False,trend_confirmation
2026-03-13,1,512690,酒ETF,sector,消费医药,84.393502,False,-0.093378,-8.469797,759318937.85,False,already_held
2026-03-13,2,512070,非银ETF,high_beta,金融地产,82.947386,False,-0.087004,-8.248685,490444097.35,False,trend_confirmation
2026-03-13,3,512880,证券ETF,high_beta,金融地产,78.919093,False,-0.067469,-7.297809,1533452764.85,False,trend_confirmation
2026-03-13,4,512200,房地产ETF,sector,金融地产,78.402569,False,-0.063348,-4.329652,198248154.45,False,trend_confirmation
2026-03-13,5,159992,银华创新药ETF,theme,医药与消费升级,76.413643,False,-0.047534,-3.143034,453270868.78,False,trend_confirmation
2026-03-13,6,515120,广发创新药ETF,theme,医药与消费升级,72.9702,False,-0.045973,-3.019051,247278719.71,False,trend_confirmation
2026-03-13,7,516080,易方达创新药ETF,theme,医药与消费升级,70.652354,False,-0.045165,-2.816481,21802763.15,False,trend_confirmation
2026-03-13,8,512170,医疗ETF,sector,消费医药,70.623459,False,-0.060684,-5.119953,559347101.2,False,trend_confirmation
2026-03-13,9,511690,511690,bond_cash,expanded_formal_data,63.023322,True,0.000467,0.359652,18933763.19,False,liquidity_trading_constraint
2026-03-13,10,512010,医药ETF,sector,消费医药,62.151731,False,-0.041239,-3.693113,405941872.0,False,trend_confirmation
2026-03-16,1,512070,非银ETF,high_beta,金融地产,85.092241,False,-0.09147,-8.019727,476654923.8,False,trend_confirmation
2026-03-16,2,512880,证券ETF,high_beta,金融地产,81.82771,False,-0.074122,-7.254783,1546475087.8,False,trend_confirmation
2026-03-16,3,512690,酒ETF,sector,消费医药,80.263816,False,-0.069845,-5.615026,744769740.2,False,already_held
2026-03-16,4,512170,医疗ETF,sector,消费医药,75.132738,False,-0.059741,-4.424699,557400706.7,False,trend_confirmation
2026-03-16,5,512200,房地产ETF,sector,金融地产,73.063494,False,-0.051917,-3.085559,195939536.35,False,trend_confirmation
2026-03-16,6,515120,广发创新药ETF,theme,医药与消费升级,73.033192,False,-0.046604,-2.571059,247666122.26,False,trend_confirmation
2026-03-16,7,159770,机器人ETF,theme,科技与新质生产力,69.273398,False,-0.052582,-2.859852,278724209.92,False,trend_confirmation
2026-03-16,8,159992,银华创新药ETF,theme,医药与消费升级,65.344702,False,-0.042683,-2.314027,452558206.01,False,trend_confirmation
2026-03-16,9,562500,机器人ETF华夏,theme,科技与新质生产力,64.53097,False,-0.052295,-2.921453,1015183409.58,False,trend_confirmation
2026-03-16,10,516080,易方达创新药ETF,theme,医药与消费升级,64.325679,False,-0.041623,-2.123929,21754716.5,False,trend_confirmation
2026-03-17,1,512070,非银ETF,high_beta,金融地产,84.485426,False,-0.066198,-7.746492,499519079.95,False,trend_confirmation
2026-03-17,2,512880,证券ETF,high_beta,金融地产,76.657748,False,-0.048863,-7.008334,1617088150.35,False,trend_confirmation
2026-03-17,3,512690,酒ETF,sector,消费医药,76.654952,False,-0.047846,-5.786042,733297325.2,False,already_held
2026-03-17,4,159770,机器人ETF,theme,科技与新质生产力,73.504144,False,-0.060552,-4.930889,275003291.58,False,trend_confirmation
2026-03-17,5,512200,房地产ETF,sector,金融地产,72.974846,False,-0.045483,-4.603821,195787888.5,False,trend_confirmation
2026-03-17,6,588000,科创50ETF,broad_index,宽基,71.730917,False,-0.052571,-4.238979,3309838870.3,False,trend_confirmation
2026-03-17,7,512170,医疗ETF,sector,消费医药,68.081456,False,-0.038575,-4.664288,563964238.8,False,trend_confirmation
2026-03-17,8,562500,机器人ETF华夏,theme,科技与新质生产力,67.995368,False,-0.060434,-5.085958,1007708751.61,False,trend_confirmation
2026-03-17,9,515120,广发创新药ETF,theme,医药与消费升级,65.263073,False,-0.017952,-2.244308,249842259.75,False,trend_confirmation
2026-03-17,10,516080,易方达创新药ETF,theme,医药与消费升级,63.464064,False,-0.01766,-2.113863,21816749.77,False,trend_confirmation
2026-03-18,1,512070,非银ETF,high_beta,金融地产,83.379823,False,-0.065346,-7.440622,502225245.8,False,trend_confirmation
2026-03-18,2,512880,证券ETF,high_beta,金融地产,78.694756,False,-0.053561,-7.295146,1643118004.45,False,trend_confirmation
2026-03-18,3,512690,酒ETF,sector,消费医药,76.068737,False,-0.043715,-5.375319,712209151.85,False,already_held
2026-03-18,4,159770,机器人ETF,theme,科技与新质生产力,75.854579,False,-0.066394,-5.220095,269977360.48,False,trend_confirmation
2026-03-18,5,512170,医疗ETF,sector,消费医药,73.998291,False,-0.051297,-5.689636,561735880.75,False,trend_confirmation
2026-03-18,6,588000,科创50ETF,broad_index,宽基,71.176736,False,-0.052741,-4.095318,3306830140.2,False,trend_confirmation
2026-03-18,7,512200,房地产ETF,sector,金融地产,71.098859,False,-0.042234,-4.281719,197595995.95,False,trend_confirmation
2026-03-18,8,562500,机器人ETF华夏,theme,科技与新质生产力,67.013967,False,-0.064702,-5.25705,975863927.4,False,trend_confirmation
2026-03-18,9,159992,银华创新药ETF,theme,医药与消费升级,63.909256,False,-0.027452,-2.783087,449588784.11,False,trend_confirmation
2026-03-18,10,516080,易方达创新药ETF,theme,医药与消费升级,63.768236,False,-0.02679,-2.582565,21155141.64,False,trend_confirmation
2026-03-19,1,512070,非银ETF,high_beta,金融地产,82.679912,False,-0.064456,-8.091044,509631764.45,False,trend_confirmation
2026-03-19,2,512200,房地产ETF,sector,金融地产,75.255045,False,-0.054339,-5.581727,200445146.2,False,trend_confirmation
2026-03-19,3,512690,酒ETF,sector,消费医药,73.895423,False,-0.048975,-6.617636,704172815.75,False,cooldown
2026-03-19,4,512880,证券ETF,high_beta,金融地产,73.663681,False,-0.051635,-8.1472,1690517410.2,False,trend_confirmation
2026-03-19,5,562500,机器人ETF华夏,theme,科技与新质生产力,72.584119,False,-0.068403,-5.930469,973981532.69,False,trend_confirmation
2026-03-19,6,512400,有色ETF,commodity_resource,周期资源,71.430909,False,-0.112043,-4.925668,1889013577.35,False,trend_confirmation
2026-03-19,7,512170,医疗ETF,sector,消费医药,70.572841,False,-0.051523,-6.43602,585258768.1,False,trend_confirmation
2026-03-19,8,159770,机器人ETF,theme,科技与新质生产力,70.163664,False,-0.066958,-5.766785,269291168.4,False,trend_confirmation
2026-03-19,9,588000,科创50ETF,broad_index,宽基,68.438943,False,-0.053328,-4.660789,3386432936.85,False,trend_confirmation
2026-03-19,10,159905,深红利ETF,sector,防御风格,59.906377,False,-0.03451,-6.303092,42134719.21,False,already_held
2026-03-20,1,512070,非银ETF,high_beta,金融地产,79.824552,False,-0.065186,-8.456455,498237774.15,False,trend_confirmation
2026-03-20,2,562500,机器人ETF华夏,theme,科技与新质生产力,73.220631,False,-0.091901,-7.941745,955453009.43,False,trend_confirmation
2026-03-20,3,512400,有色ETF,commodity_resource,周期资源,73.011106,False,-0.123934,-5.58199,1909726316.2,False,trend_confirmation
2026-03-20,4,159770,机器人ETF,theme,科技与新质生产力,72.841701,False,-0.09127,-7.749587,269060638.59,False,trend_confirmation
2026-03-20,5,588000,科创50ETF,broad_index,宽基,72.42401,False,-0.077742,-6.632515,3434599226.5,False,trend_confirmation
2026-03-20,6,512200,房地产ETF,sector,金融地产,71.794969,False,-0.060084,-6.239832,202657910.15,False,trend_confirmation
2026-03-20,7,512880,证券ETF,high_beta,金融地产,71.015267,False,-0.054132,-8.670281,1721076402.3,False,trend_confirmation
2026-03-20,8,512170,医疗ETF,sector,消费医药,70.223279,False,-0.057441,-7.157417,597599512.55,False,trend_confirmation
2026-03-20,9,512660,军工ETF,commodity_resource,新能源制造,67.008396,False,-0.071574,-4.419808,634531745.55,False,trend_confirmation
2026-03-20,10,515120,广发创新药ETF,theme,医药与消费升级,60.846851,False,-0.034407,-4.172318,246395645.21,False,trend_confirmation
2026-03-23,1,159770,机器人ETF,theme,科技与新质生产力,80.092358,False,-0.111652,-9.097659,263817765.98,False,trend_confirmation
2026-03-23,2,512070,非银ETF,high_beta,金融地产,75.220064,False,-0.069075,-8.887077,504022563.85,False,trend_confirmation
2026-03-23,3,512400,有色ETF,commodity_resource,周期资源,74.248527,False,-0.117124,-5.851922,1921334072.05,False,trend_confirmation
2026-03-23,4,588000,科创50ETF,broad_index,宽基,73.661067,False,-0.089878,-7.655137,3580265394.3,False,trend_confirmation
2026-03-23,5,512200,房地产ETF,sector,金融地产,73.491372,False,-0.081869,-7.462394,208060439.15,False,trend_confirmation
2026-03-23,6,562500,机器人ETF华夏,theme,科技与新质生产力,73.317689,False,-0.10907,-9.293083,940942495.59,False,trend_confirmation
2026-03-23,7,512880,证券ETF,high_beta,金融地产,70.824558,False,-0.065952,-8.907856,1779197043.5,False,trend_confirmation
2026-03-23,8,518880,黄金ETF,commodity_resource,防御风格,69.93171,False,-0.10292,-5.474581,7546968540.35,False,trend_confirmation
2026-03-23,9,512660,军工ETF,commodity_resource,新能源制造,68.342569,False,-0.09945,-5.960899,630049814.45,False,trend_confirmation
2026-03-23,10,512170,医疗ETF,sector,消费医药,66.447133,False,-0.064552,-7.71694,630637861.15,False,trend_confirmation
2026-03-24,1,562500,机器人ETF华夏,theme,科技与新质生产力,75.578282,False,-0.095521,-8.147897,886180013.49,False,trend_confirmation
2026-03-24,2,512070,非银ETF,high_beta,金融地产,75.145731,False,-0.057732,-7.75191,506799727.3,False,trend_confirmation
2026-03-24,3,512400,有色ETF,commodity_resource,周期资源,74.597709,False,-0.112577,-5.539213,1939659090.8,False,trend_confirmation
2026-03-24,4,159770,机器人ETF,theme,科技与新质生产力,74.42286,False,-0.0944,-7.732229,244978356.15,False,trend_confirmation
2026-03-24,5,512200,房地产ETF,sector,金融地产,74.068636,False,-0.05847,-5.565661,213470281.2,False,trend_confirmation
2026-03-24,6,588000,科创50ETF,broad_index,宽基,73.429708,False,-0.068994,-6.067647,3670842518.05,False,trend_confirmation
2026-03-24,7,518880,黄金ETF,commodity_resource,防御风格,73.131282,False,-0.100522,-5.269887,7820727108.65,False,trend_confirmation
2026-03-24,8,512880,证券ETF,high_beta,金融地产,70.770992,False,-0.056401,-7.789267,1806269401.65,False,trend_confirmation
2026-03-24,9,512660,军工ETF,commodity_resource,新能源制造,69.267971,False,-0.090318,-5.406116,621394918.0,False,trend_confirmation
2026-03-24,10,512170,医疗ETF,sector,消费医药,64.42495,False,-0.046063,-5.905843,640524413.5,False,trend_confirmation
2026-03-25,1,159770,机器人ETF,theme,科技与新质生产力,77.499806,False,-0.085895,-6.610785,239502120.98,False,trend_confirmation
2026-03-25,2,512200,房地产ETF,sector,金融地产,76.376378,False,-0.076403,-6.442559,206327191.7,False,trend_confirmation
2026-03-25,3,512400,有色ETF,commodity_resource,周期资源,75.687299,False,-0.124932,-5.831494,1910704699.25,False,trend_confirmation
2026-03-25,4,512660,军工ETF,commodity_resource,新能源制造,74.512045,False,-0.096212,-5.356008,604632547.75,False,trend_confirmation
2026-03-25,5,562500,机器人ETF华夏,theme,科技与新质生产力,73.787924,False,-0.085694,-6.849173,859044923.58,False,trend_confirmation
2026-03-25,6,512880,证券ETF,high_beta,金融地产,72.324143,False,-0.058413,-7.276755,1779476627.7,False,trend_confirmation
2026-03-25,7,512070,非银ETF,high_beta,金融地产,71.376254,False,-0.055397,-6.848378,480273382.9,False,trend_confirmation
2026-03-25,8,588000,科创50ETF,broad_index,宽基,68.818941,False,-0.064235,-5.302172,3740485615.5,False,trend_confirmation
2026-03-25,9,518880,黄金ETF,commodity_resource,防御风格,66.704258,False,-0.076898,-3.974538,8059808003.95,False,trend_confirmation
2026-03-25,10,512170,医疗ETF,sector,消费医药,63.552803,False,-0.046519,-5.384428,647361673.7,False,trend_confirmation
2026-03-26,1,159770,机器人ETF,theme,科技与新质生产力,79.194945,False,-0.095025,-7.596235,227941637.1,False,trend_confirmation
2026-03-26,2,512660,军工ETF,commodity_resource,新能源制造,76.180973,False,-0.117938,-6.660019,582882636.85,False,trend_confirmation
2026-03-26,3,512400,有色ETF,commodity_resource,周期资源,75.709819,False,-0.123876,-6.088066,1864356137.95,False,trend_confirmation
2026-03-26,4,588000,科创50ETF,broad_index,宽基,74.573337,False,-0.080188,-6.520194,3682489674.75,False,trend_confirmation
2026-03-26,5,512200,房地产ETF,sector,金融地产,74.318586,False,-0.06277,-6.261329,188832107.5,False,trend_confirmation
2026-03-26,6,562500,机器人ETF华夏,theme,科技与新质生产力,73.563866,False,-0.093726,-7.811317,825776928.88,False,trend_confirmation
2026-03-26,7,512070,非银ETF,high_beta,金融地产,72.704909,False,-0.05844,-7.280253,474291618.35,False,trend_confirmation
2026-03-26,8,512880,证券ETF,high_beta,金融地产,72.41631,False,-0.060185,-7.762565,1752648796.8,False,trend_confirmation
2026-03-26,9,518880,黄金ETF,commodity_resource,防御风格,70.672987,False,-0.081896,-4.408,8347035334.3,False,trend_confirmation
2026-03-26,10,512170,医疗ETF,sector,消费医药,62.542373,False,-0.041585,-5.577625,645683706.45,False,trend_confirmation
2026-03-27,1,159770,机器人ETF,theme,科技与新质生产力,76.82962,False,-0.09744,-7.345121,220822736.56,False,trend_confirmation
2026-03-27,2,512660,军工ETF,commodity_resource,新能源制造,76.60589,False,-0.117945,-6.372827,569201847.5,False,trend_confirmation
2026-03-27,3,512400,有色ETF,commodity_resource,周期资源,76.276981,False,-0.134157,-6.312315,1820941575.1,False,trend_confirmation
2026-03-27,4,512200,房地产ETF,sector,金融地产,76.073865,False,-0.064825,-5.985862,184486730.45,False,trend_confirmation
2026-03-27,5,588000,科创50ETF,broad_index,宽基,73.585625,False,-0.079234,-6.088227,3688417145.95,False,trend_confirmation
2026-03-27,6,562500,机器人ETF华夏,theme,科技与新质生产力,73.499432,False,-0.096931,-7.603195,787870787.45,False,trend_confirmation
2026-03-27,7,512880,证券ETF,high_beta,金融地产,72.678176,False,-0.063569,-7.505111,1737423966.9,False,trend_confirmation
2026-03-27,8,518880,黄金ETF,commodity_resource,防御风格,72.370484,False,-0.085694,-4.320894,8447724920.2,False,trend_confirmation
2026-03-27,9,512070,非银ETF,high_beta,金融地产,72.309293,False,-0.062398,-7.101342,479667261.1,False,trend_confirmation
2026-03-27,10,512170,医疗ETF,sector,消费医药,63.23519,False,-0.030345,-4.245961,659646612.95,False,trend_confirmation
2026-03-30,1,512660,军工ETF,commodity_resource,新能源制造,78.111925,False,-0.12463,-7.014731,514808092.1,False,trend_confirmation
2026-03-30,2,512400,有色ETF,commodity_resource,周期资源,77.90358,False,-0.145724,-7.229744,1716456466.5,False,trend_confirmation
2026-03-30,3,159770,机器人ETF,theme,科技与新质生产力,76.187222,False,-0.077072,-6.635149,209617020.59,False,trend_confirmation
2026-03-30,4,588000,科创50ETF,broad_index,宽基,75.682497,False,-0.069386,-5.849195,3662789321.05,False,trend_confirmation
2026-03-30,5,512070,非银ETF,high_beta,金融地产,75.073362,False,-0.053614,-6.863887,477543496.1,False,trend_confirmation
2026-03-30,6,518880,黄金ETF,commodity_resource,防御风格,74.373821,False,-0.103811,-5.388799,8311616446.15,False,trend_confirmation
2026-03-30,7,512880,证券ETF,high_beta,金融地产,72.456876,False,-0.050954,-6.994269,1692860673.5,False,trend_confirmation
2026-03-30,8,562500,机器人ETF华夏,theme,科技与新质生产力,72.092402,False,-0.076806,-6.885315,741732861.2,False,trend_confirmation
2026-03-30,9,512200,房地产ETF,sector,金融地产,69.774629,False,-0.042344,-5.13425,191591652.15,False,trend_confirmation
2026-03-30,10,516020,化工ETF,commodity_resource,周期、资源、商品,55.558934,False,-0.043437,-4.816546,406429235.25,False,trend_confirmation
2026-03-31,1,512070,非银ETF,high_beta,金融地产,79.13088,False,-0.058207,-6.872708,458314904.05,False,trend_confirmation
2026-03-31,2,512660,军工ETF,commodity_resource,新能源制造,78.465023,False,-0.072363,-5.721379,462000709.2,False,trend_confirmation
2026-03-31,3,512400,有色ETF,commodity_resource,周期资源,76.585545,False,-0.114497,-6.392332,1601896282.5,False,trend_confirmation
2026-03-31,4,512880,证券ETF,high_beta,金融地产,75.816976,False,-0.054565,-6.939737,1652508284.6,False,trend_confirmation
2026-03-31,5,518880,黄金ETF,commodity_resource,防御风格,74.194872,False,-0.092596,-4.824928,8241991347.95,False,trend_confirmation
2026-03-31,6,588000,科创50ETF,broad_index,宽基,73.315719,False,-0.049669,-5.277451,3540250388.1,False,trend_confirmation
2026-03-31,7,562500,机器人ETF华夏,theme,科技与新质生产力,69.210172,False,-0.045129,-5.793596,685799016.8,False,trend_confirmation
2026-03-31,8,159770,机器人ETF,theme,科技与新质生产力,68.948145,False,-0.044079,-5.482558,190854477.49,False,trend_confirmation
2026-03-31,9,512200,房地产ETF,sector,金融地产,66.11471,False,-0.028443,-4.330151,182674214.2,False,trend_confirmation
2026-03-31,10,159930,能源ETF,commodity_resource,周期资源,58.711253,False,-0.064575,-5.568965,225370434.27,False,trend_confirmation
2026-04-01,1,512660,军工ETF,commodity_resource,新能源制造,85.029749,False,-0.109099,-6.163462,439715659.25,False,trend_confirmation
2026-04-01,2,512070,非银ETF,high_beta,金融地产,78.749361,False,-0.047647,-4.206328,428018470.0,False,trend_confirmation
2026-04-01,3,512400,有色ETF,commodity_resource,周期资源,77.045109,False,-0.119548,-5.234158,1554273129.85,False,trend_confirmation
2026-04-01,4,512880,证券ETF,high_beta,金融地产,74.776304,False,-0.046294,-4.367366,1601883033.5,False,trend_confirmation
2026-04-01,5,518880,黄金ETF,commodity_resource,防御风格,70.20489,False,-0.070581,-2.925776,8108751017.1,False,trend_confirmation
2026-04-01,6,512200,房地产ETF,sector,金融地产,68.721997,False,-0.04412,-3.510049,182314267.6,False,trend_confirmation
2026-04-01,7,588000,科创50ETF,broad_index,宽基,68.684727,False,-0.0452,-3.069133,3588787071.55,False,trend_confirmation
2026-04-01,8,159770,机器人ETF,theme,科技与新质生产力,68.614095,False,-0.044266,-3.430395,179922926.43,False,trend_confirmation
2026-04-01,9,562500,机器人ETF华夏,theme,科技与新质生产力,61.710729,False,-0.043335,-3.469189,650692986.9,False,trend_confirmation
2026-04-01,10,159930,能源ETF,commodity_resource,周期资源,59.450457,False,-0.068233,-4.496479,203225733.02,False,trend_confirmation
2026-04-02,1,512660,军工ETF,commodity_resource,新能源制造,86.698554,False,-0.112425,-7.296578,422879078.35,False,trend_confirmation
2026-04-02,2,588000,科创50ETF,broad_index,宽基,76.424749,False,-0.067111,-5.03749,3564836243.35,False,trend_confirmation
2026-04-02,3,512400,有色ETF,commodity_resource,周期资源,75.014671,False,-0.108571,-5.519932,1502131426.6,False,trend_confirmation
2026-04-02,4,159770,机器人ETF,theme,科技与新质生产力,74.611517,False,-0.061229,-5.526407,175006088.93,False,trend_confirmation
2026-04-02,5,512200,房地产ETF,sector,金融地产,74.174089,False,-0.054896,-5.065684,204458583.35,False,trend_confirmation
2026-04-02,6,512070,非银ETF,high_beta,金融地产,72.601798,False,-0.048471,-5.448456,424484875.5,False,trend_confirmation
2026-04-02,7,518880,黄金ETF,commodity_resource,防御风格,72.175884,False,-0.076367,-3.697332,8391203615.8,False,trend_confirmation
2026-04-02,8,562500,机器人ETF华夏,theme,科技与新质生产力,71.035902,False,-0.060625,-5.621204,630817495.5,False,trend_confirmation
2026-04-02,9,512880,证券ETF,high_beta,金融地产,68.22458,False,-0.04691,-5.582454,1592354803.8,False,trend_confirmation
2026-04-02,10,515790,光伏ETF,commodity_resource,新能源制造,66.630318,False,-0.069436,-5.559275,778617860.7,False,trend_confirmation
2026-04-03,1,512660,军工ETF,commodity_resource,新能源制造,86.929152,False,-0.12048,-8.371237,410913844.15,False,trend_confirmation
2026-04-03,2,512200,房地产ETF,sector,金融地产,79.920378,False,-0.072924,-6.646005,204479738.4,False,trend_confirmation
2026-04-03,3,588000,科创50ETF,broad_index,宽基,76.905463,False,-0.066366,-5.547952,3555614193.6,False,trend_confirmation
2026-04-03,4,512400,有色ETF,commodity_resource,周期资源,74.303439,False,-0.089507,-5.212405,1452467701.6,False,trend_confirmation
2026-04-03,5,159770,机器人ETF,theme,科技与新质生产力,71.85217,False,-0.064634,-6.360198,170795502.66,False,trend_confirmation
2026-04-03,6,512880,证券ETF,high_beta,金融地产,70.006987,False,-0.05604,-7.138504,1566544554.0,False,trend_confirmation
2026-04-03,7,512070,非银ETF,high_beta,金融地产,69.529995,False,-0.050492,-6.358619,413709256.55,False,trend_confirmation
2026-04-03,8,515790,光伏ETF,commodity_resource,新能源制造,69.28177,False,-0.083021,-6.67618,777771316.0,False,trend_confirmation
2026-04-03,9,562500,机器人ETF华夏,theme,科技与新质生产力,67.881834,False,-0.064604,-6.492856,618295063.7,False,trend_confirmation
2026-04-03,10,516020,化工ETF,commodity_resource,周期、资源、商品,60.766471,False,-0.066016,-6.052888,351489567.55,False,trend_confirmation
2026-04-07,1,512660,军工ETF,commodity_resource,新能源制造,86.282832,False,-0.1105,-7.596455,381778051.05,False,trend_confirmation
2026-04-07,2,512200,房地产ETF,sector,金融地产,77.751687,False,-0.062465,-5.753162,189847640.8,False,trend_confirmation
2026-04-07,3,562500,机器人ETF华夏,theme,科技与新质生产力,76.448434,False,-0.066661,-6.254243,585990010.9,False,trend_confirmation
2026-04-07,4,159770,机器人ETF,theme,科技与新质生产力,75.291362,False,-0.06598,-6.087248,164661674.88,False,trend_confirmation
2026-04-07,5,512400,有色ETF,commodity_resource,周期资源,73.607925,False,-0.077879,-4.47951,1375864834.15,False,trend_confirmation
2026-04-07,6,515790,光伏ETF,commodity_resource,新能源制造,73.397859,False,-0.10407,-7.805834,737119467.05,False,trend_confirmation
2026-04-07,7,512880,证券ETF,high_beta,金融地产,71.025504,False,-0.047697,-6.22809,1521604642.5,False,trend_confirmation
2026-04-07,8,588000,科创50ETF,broad_index,宽基,69.822297,False,-0.044426,-4.109131,3499450722.9,False,trend_confirmation
2026-04-07,9,512070,非银ETF,high_beta,金融地产,69.35462,False,-0.044199,-5.69232,408854836.7,False,trend_confirmation
2026-04-07,10,518880,黄金ETF,commodity_resource,防御风格,63.401901,False,-0.055332,-3.118297,8163119250.45,False,trend_confirmation
2026-04-08,1,512660,军工ETF,commodity_resource,新能源制造,88.264418,False,-0.100506,-5.049037,381088680.1,False,trend_confirmation
2026-04-08,2,512200,房地产ETF,sector,金融地产,83.919028,False,-0.059784,-3.856366,190711004.5,False,trend_confirmation
2026-04-08,3,159770,机器人ETF,theme,科技与新质生产力,78.194095,False,-0.052536,-3.13482,168291553.75,False,trend_confirmation
2026-04-08,4,515790,光伏ETF,commodity_resource,新能源制造,73.972105,False,-0.09544,-5.160283,720131889.7,False,trend_confirmation
2026-04-08,5,512070,非银ETF,high_beta,金融地产,72.22061,False,-0.038325,-3.141403,424304004.35,False,trend_confirmation
2026-04-08,6,512880,证券ETF,high_beta,金融地产,71.816152,False,-0.041632,-3.501475,1584795353.8,False,trend_confirmation
2026-04-08,7,562500,机器人ETF华夏,theme,科技与新质生产力,70.763676,False,-0.050206,-3.011366,594409445.0,False,trend_confirmation
2026-04-08,8,518880,黄金ETF,commodity_resource,防御风格,70.01336,False,-0.059648,-2.468061,8425653856.4,False,trend_confirmation
2026-04-08,9,512400,有色ETF,commodity_resource,周期资源,68.951733,False,-0.05291,-2.312384,1403175682.35,False,trend_confirmation
2026-04-08,10,588000,科创50ETF,broad_index,宽基,67.538861,False,-0.029526,-1.895151,3618846504.2,False,trend_confirmation
2026-04-09,1,512660,军工ETF,commodity_resource,新能源制造,86.956549,False,-0.081979,-4.79533,373571346.15,False,trend_confirmation
2026-04-09,2,512200,房地产ETF,sector,金融地产,82.406208,False,-0.064245,-4.682414,187607432.8,False,trend_confirmation
2026-04-09,3,512880,证券ETF,high_beta,金融地产,77.178229,False,-0.052418,-4.738784,1596855638.8,False,trend_confirmation
2026-04-09,4,512070,非银ETF,high_beta,金融地产,76.831411,False,-0.047146,-4.260062,422205074.15,False,trend_confirmation
2026-04-09,5,515790,光伏ETF,commodity_resource,新能源制造,76.697943,False,-0.10863,-6.478829,691064280.85,False,trend_confirmation
2026-04-09,6,562500,机器人ETF华夏,theme,科技与新质生产力,72.681179,False,-0.04593,-3.35434,594213763.5,False,trend_confirmation
2026-04-09,7,159770,机器人ETF,theme,科技与新质生产力,71.408413,False,-0.045331,-3.352185,169456682.56,False,trend_confirmation
2026-04-09,8,518880,黄金ETF,commodity_resource,防御风格,70.528714,False,-0.067633,-3.096603,8489226030.4,False,trend_confirmation
2026-04-09,9,512400,有色ETF,commodity_resource,周期资源,60.746115,False,-0.044471,-2.435301,1409801487.15,False,trend_confirmation
2026-04-09,10,588000,科创50ETF,broad_index,宽基,56.687137,False,-0.012472,-1.704599,3660221926.35,False,trend_confirmation
2026-04-10,1,512200,房地产ETF,sector,金融地产,83.635628,False,-0.070666,-4.025372,186876168.25,False,trend_confirmation
2026-04-10,2,512660,军工ETF,commodity_resource,新能源制造,82.262626,False,-0.06991,-3.482481,362527763.6,False,trend_confirmation
2026-04-10,3,515790,光伏ETF,commodity_resource,新能源制造,76.306635,False,-0.112337,-5.593668,661600925.1,False,trend_confirmation
2026-04-10,4,518880,黄金ETF,commodity_resource,防御风格,70.539145,False,-0.077238,-2.806648,8565191801.9,False,trend_confirmation
2026-04-10,5,562500,机器人ETF华夏,theme,科技与新质生产力,67.021694,False,-0.039753,-2.226696,596929380.55,False,trend_confirmation
2026-04-10,6,512070,非银ETF,high_beta,金融地产,65.738262,False,-0.036372,-2.479164,452454777.95,False,trend_confirmation
2026-04-10,7,515220,煤炭ETF,commodity_resource,周期资源,65.145351,False,-0.093791,-6.323464,888941112.2,False,trend_confirmation
2026-04-10,8,512880,证券ETF,high_beta,金融地产,62.334526,False,-0.036201,-2.428253,1764809206.4,False,trend_confirmation
2026-04-10,9,159770,机器人ETF,theme,科技与新质生产力,62.166667,False,-0.038118,-2.169771,169988814.14,False,trend_confirmation
2026-04-10,10,512400,有色ETF,commodity_resource,周期资源,61.056403,False,-0.05902,-2.308774,1381827365.95,False,trend_confirmation
2026-04-13,1,512200,房地产ETF,sector,金融地产,84.08502,False,-0.068224,-3.589201,201183101.9,False,trend_confirmation
2026-04-13,2,515790,光伏ETF,commodity_resource,新能源制造,77.628678,False,-0.087438,-4.105717,654307958.6,False,trend_confirmation
2026-04-13,3,512660,军工ETF,commodity_resource,新能源制造,72.843291,False,-0.039209,-1.970293,351897770.1,False,trend_confirmation
2026-04-13,4,518880,黄金ETF,commodity_resource,防御风格,71.880759,False,-0.075936,-2.588004,8567173611.1,False,trend_confirmation
2026-04-13,5,515220,煤炭ETF,commodity_resource,周期资源,67.410435,False,-0.080326,-5.094602,846744198.35,False,trend_confirmation
2026-04-13,6,512690,酒ETF,sector,消费医药,66.717059,False,-0.039577,-3.712831,595465151.9,False,trend_confirmation
2026-04-13,7,512070,非银ETF,high_beta,金融地产,66.350952,False,-0.036571,-2.198251,459145230.9,False,trend_confirmation
2026-04-13,8,562500,机器人ETF华夏,theme,科技与新质生产力,63.455001,False,-0.030404,-1.580729,586845611.15,False,trend_confirmation
2026-04-13,9,516020,化工ETF,commodity_resource,周期、资源、商品,61.62414,False,-0.048682,-2.66798,308721300.9,False,trend_confirmation
2026-04-13,10,515080,中证红利ETF,sector,防御风格,60.518084,False,-0.047757,-5.882558,297445563.25,False,trend_confirmation
2026-04-14,1,512200,房地产ETF,sector,金融地产,80.187584,False,-0.060324,-2.476931,209818713.75,False,trend_confirmation
2026-04-14,2,512660,军工ETF,commodity_resource,新能源制造,76.010989,False,-0.035106,-1.226958,355584344.0,False,trend_confirmation
2026-04-14,3,515790,光伏ETF,commodity_resource,新能源制造,75.377225,False,-0.069393,-2.814331,627762878.8,False,trend_confirmation
2026-04-14,4,512690,酒ETF,sector,消费医药,73.172755,False,-0.060788,-4.644228,582011680.6,False,trend_confirmation
2026-04-14,5,512070,非银ETF,high_beta,金融地产,72.827324,False,-0.035718,-1.50403,452228808.15,False,trend_confirmation
2026-04-14,6,518880,黄金ETF,commodity_resource,防御风格,72.477909,False,-0.068072,-1.947005,8523089635.7,False,trend_confirmation
2026-04-14,7,515220,煤炭ETF,commodity_resource,周期资源,70.022309,False,-0.080595,-4.529198,822719140.25,False,trend_confirmation
2026-04-14,8,159930,能源ETF,commodity_resource,周期资源,65.047447,False,-0.060816,-3.692671,154092920.14,False,trend_confirmation
2026-04-14,9,512880,证券ETF,high_beta,金融地产,62.812165,False,-0.029442,-1.155946,1775965081.6,False,trend_confirmation
2026-04-14,10,515080,中证红利ETF,sector,防御风格,60.716275,False,-0.051856,-4.966581,294802381.8,False,trend_confirmation
2026-04-15,1,512200,房地产ETF,sector,金融地产,87.719453,False,-0.081182,-3.261856,207100302.75,False,trend_confirmation
2026-04-15,2,512070,非银ETF,high_beta,金融地产,81.251082,False,-0.06228,-2.794025,423424422.65,False,trend_confirmation
2026-04-15,3,512690,酒ETF,sector,消费医药,73.775079,False,-0.060525,-4.303162,576443860.95,False,trend_confirmation
2026-04-15,4,518880,黄金ETF,commodity_resource,防御风格,72.668098,False,-0.0642,-1.710068,8582211666.7,False,trend_confirmation
2026-04-15,5,515790,光伏ETF,commodity_resource,新能源制造,72.514533,False,-0.061453,-2.326621,602949726.7,False,trend_confirmation
2026-04-15,6,512880,证券ETF,high_beta,金融地产,70.859412,False,-0.050582,-2.07481,1694222061.45,False,trend_confirmation
2026-04-15,7,512660,军工ETF,commodity_resource,新能源制造,68.016557,False,-0.016872,-0.294257,364299323.85,False,trend_confirmation
2026-04-15,8,515220,煤炭ETF,commodity_resource,周期资源,65.547504,False,-0.061919,-3.274846,798759770.25,False,trend_confirmation
2026-04-15,9,159930,能源ETF,commodity_resource,周期资源,60.776788,False,-0.051171,-2.89028,152025757.36,False,trend_confirmation
2026-04-15,10,515080,中证红利ETF,sector,防御风格,59.975964,False,-0.044773,-3.776215,294037088.8,False,trend_confirmation
2026-04-16,1,512200,房地产ETF,sector,金融地产,86.414212,False,-0.075999,-2.672826,202434944.85,False,trend_confirmation
2026-04-16,2,512070,非银ETF,high_beta,金融地产,82.195513,False,-0.065244,-2.530701,435028887.4,False,trend_confirmation
2026-04-16,3,512690,酒ETF,sector,消费医药,74.825397,False,-0.057004,-3.36676,573378718.45,False,trend_confirmation
2026-04-16,4,518880,黄金ETF,commodity_resource,防御风格,73.823243,False,-0.06601,-1.522353,8584186948.1,False,trend_confirmation
2026-04-16,5,515790,光伏ETF,commodity_resource,新能源制造,72.855302,False,-0.062661,-2.016564,591687954.2,False,trend_confirmation
2026-04-16,6,512660,军工ETF,commodity_resource,新能源制造,71.410256,False,-0.035875,-0.815572,360421609.15,False,trend_confirmation
2026-04-16,7,512880,证券ETF,high_beta,金融地产,66.90596,False,-0.047641,-1.518726,1702189020.0,False,trend_confirmation
2026-04-16,8,515220,煤炭ETF,commodity_resource,周期资源,66.207091,False,-0.060384,-2.689641,776439069.0,False,trend_confirmation
2026-04-16,9,159930,能源ETF,commodity_resource,周期资源,61.179132,False,-0.050552,-2.303362,147524995.12,False,trend_confirmation
2026-04-16,10,510230,金融ETF,sector,金融地产,60.17169,False,-0.037508,-1.653983,47569895.65,False,trend_confirmation
2026-04-17,1,512070,非银ETF,high_beta,金融地产,80.484546,False,-0.066499,-1.966737,438785977.05,False,trend_confirmation
2026-04-17,2,512690,酒ETF,sector,消费医药,78.093333,False,-0.06814,-3.281065,584690358.85,False,trend_confirmation
2026-04-17,3,512880,证券ETF,high_beta,金融地产,73.15342,False,-0.053148,-1.17216,1661899451.1,False,trend_confirmation
2026-04-17,4,515220,煤炭ETF,commodity_resource,周期资源,72.243382,False,-0.108627,-5.23679,731438781.5,False,trend_confirmation
2026-04-17,5,515790,光伏ETF,commodity_resource,新能源制造,70.554639,False,-0.061211,-1.399687,578264198.05,False,trend_confirmation
2026-04-17,6,159930,能源ETF,commodity_resource,周期资源,69.423867,False,-0.096369,-5.500369,140573636.22,False,trend_confirmation
2026-04-17,7,512200,房地产ETF,sector,金融地产,68.076923,False,-0.045869,-0.724329,201617596.25,False,trend_confirmation
2026-04-17,8,510230,金融ETF,sector,金融地产,65.153067,False,-0.047839,-1.484863,49536940.3,False,trend_confirmation
2026-04-17,9,515080,中证红利ETF,sector,防御风格,60.626021,False,-0.047736,-2.019111,293235740.15,False,trend_confirmation
2026-04-17,10,518880,黄金ETF,commodity_resource,防御风格,59.805346,False,-0.040021,-0.320654,8313341641.4,False,trend_confirmation
2026-04-20,1,512070,非银ETF,high_beta,金融地产,78.806501,False,-0.05964,-1.019321,453100499.75,False,trend_confirmation
2026-04-20,2,512690,酒ETF,sector,消费医药,77.964647,False,-0.073302,-2.806816,580794511.1,False,trend_confirmation
2026-04-20,3,515790,光伏ETF,commodity_resource,新能源制造,73.494041,False,-0.086997,-2.169169,526202694.05,False,trend_confirmation
2026-04-20,4,515220,煤炭ETF,commodity_resource,周期资源,71.974597,False,-0.123921,-5.564143,699451246.7,False,trend_confirmation
2026-04-20,5,512880,证券ETF,high_beta,金融地产,71.878674,False,-0.048689,-0.388147,1632704065.65,False,trend_confirmation
2026-04-20,6,159930,能源ETF,commodity_resource,周期资源,70.27651,False,-0.102893,-5.182337,140866634.87,False,trend_confirmation
2026-04-20,7,510230,金融ETF,sector,金融地产,67.435897,False,-0.047381,-0.51495,49901152.85,False,trend_confirmation
2026-04-20,8,512200,房地产ETF,sector,金融地产,66.888889,False,-0.043444,-0.102227,197199663.15,False,trend_confirmation
2026-04-20,9,515080,中证红利ETF,sector,防御风格,63.066857,False,-0.053709,-1.454359,294839648.6,False,trend_confirmation
2026-04-20,10,512170,医疗ETF,sector,消费医药,62.835777,True,-0.016763,1.319651,620529780.05,True,selected
2026-04-21,1,512690,酒ETF,sector,消费医药,78.205025,False,-0.08017,-0.232642,557338235.15,False,trend_confirmation
2026-04-21,2,515790,光伏ETF,commodity_resource,新能源制造,77.312026,False,-0.113754,-1.70717,483577406.85,False,trend_confirmation
2026-04-21,3,515220,煤炭ETF,commodity_resource,周期资源,73.989512,False,-0.145389,-4.20595,669335018.45,False,trend_confirmation
2026-04-21,4,512070,非银ETF,high_beta,金融地产,71.33095,False,-0.062856,0.965956,451646560.55,False,trend_confirmation
2026-04-21,5,159930,能源ETF,commodity_resource,周期资源,71.22154,False,-0.127936,-4.02617,135895709.71,False,trend_confirmation
2026-04-21,6,511880,银华日利ETF,bond_cash,债券货币观察,71.102564,True,-0.077226,6.658056,17097203770.55,True,selected
2026-04-21,7,511030,公司债ETF,bond_cash,债券货币,68.923077,True,-0.074962,21.700639,2550190528.5,True,selected
2026-04-21,8,511360,短融ETF,bond_cash,债券货币观察,65.589744,True,-0.076911,15.518619,39950617311.15,True,selected_relaxed_group
2026-04-21,9,511520,政金债ETF,bond_cash,债券货币,65.328017,True,-0.066819,9.877338,1862692953.55,False,group_concentration
2026-04-21,10,512880,证券ETF,high_beta,金融地产,64.760787,False,-0.049146,1.781363,1556722473.5,False,trend_confirmation
2026-04-22,1,515790,光伏ETF,commodity_resource,新能源制造,80.02546,False,-0.108821,-1.660763,451651593.05,False,trend_confirmation
2026-04-22,2,512690,酒ETF,sector,消费医药,78.573609,False,-0.09045,-1.94639,553964324.35,False,trend_confirmation
2026-04-22,3,510230,金融ETF,sector,金融地产,76.174594,True,-0.060138,1.721324,50627478.5,True,selected
2026-04-22,4,515220,煤炭ETF,commodity_resource,周期资源,74.684802,False,-0.133222,-3.680391,650588848.9,False,trend_confirmation
2026-04-22,5,159930,能源ETF,commodity_resource,周期资源,71.274525,False,-0.112041,-3.09355,130777486.34,False,trend_confirmation
2026-04-22,6,511880,银华日利ETF,bond_cash,债券货币观察,71.102564,True,-0.073266,6.501187,16953833781.65,True,selected
2026-04-22,7,512890,红利低波ETF,sector,防御风格,69.760563,True,-0.062239,2.073955,701649135.3,True,selected
2026-04-22,8,511030,公司债ETF,bond_cash,债券货币,68.923077,True,-0.070964,21.844244,2590348009.6,False,not_selected_lower_priority
2026-04-22,9,512070,非银ETF,high_beta,金融地产,68.678296,False,-0.061513,0.801316,454086711.05,False,not_selected_lower_priority
2026-04-22,10,511360,短融ETF,bond_cash,债券货币观察,66.102564,True,-0.072993,14.636522,39960910767.75,False,not_selected_lower_priority
2026-04-23,1,512200,房地产ETF,sector,金融地产,87.803419,True,-0.054398,0.134747,177021766.25,True,selected
2026-04-23,2,512070,非银ETF,high_beta,金融地产,83.993518,False,-0.065275,-0.558347,482036404.4,False,trend_confirmation
2026-04-23,3,515790,光伏ETF,commodity_resource,新能源制造,79.270573,False,-0.107614,-2.464707,439601726.3,False,trend_confirmation
2026-04-23,4,512880,证券ETF,high_beta,金融地产,78.914633,True,-0.049948,0.409018,1561629869.15,True,selected
2026-04-23,5,512690,酒ETF,sector,消费医药,78.189045,False,-0.060623,-0.441931,590685173.4,False,trend_confirmation
2026-04-23,6,510230,金融ETF,sector,金融地产,77.444431,True,-0.052706,0.48609,49219099.65,False,already_held
2026-04-23,7,515220,煤炭ETF,commodity_resource,周期资源,74.01219,False,-0.072356,-0.911754,639439930.45,False,trend_confirmation
2026-04-23,8,511880,银华日利ETF,bond_cash,债券货币观察,70.589744,True,-0.055701,6.50105,16716891168.6,True,selected
2026-04-23,9,515080,中证红利ETF,sector,防御风格,69.795821,True,-0.046552,1.563418,278789948.7,False,not_selected_lower_priority
2026-04-23,10,511030,公司债ETF,bond_cash,债券货币,69.307618,True,-0.053641,19.69168,2521555850.2,False,not_selected_lower_priority
2026-04-24,1,515790,光伏ETF,commodity_resource,新能源制造,79.803002,False,-0.107024,-2.047926,426736053.3,False,trend_confirmation
2026-04-24,2,510230,金融ETF,sector,金融地产,75.374829,True,-0.054622,1.425888,49098263.15,False,already_held
2026-04-24,3,515080,中证红利ETF,sector,防御风格,75.180437,True,-0.056133,1.464566,276467797.5,True,selected
2026-04-24,4,512200,房地产ETF,sector,金融地产,73.777778,True,-0.050835,0.947193,178102552.25,True,selected
2026-04-24,5,515220,煤炭ETF,commodity_resource,周期资源,73.658213,False,-0.09205,-1.553816,633029649.3,False,trend_confirmation
2026-04-24,6,511880,银华日利ETF,bond_cash,债券货币观察,72.512821,True,-0.064671,6.378973,16972200908.6,True,selected
2026-04-24,7,512800,银行ETF,sector,金融地产,72.463316,True,-0.056714,1.30472,643124884.8,False,not_selected_lower_priority
2026-04-24,8,511030,公司债ETF,bond_cash,债券货币,72.128205,True,-0.06235,19.908393,2501729531.45,False,not_selected_lower_priority
2026-04-24,9,159930,能源ETF,commodity_resource,周期资源,70.462764,False,-0.067222,-0.123511,134540745.87,False,not_selected_lower_priority
2026-04-24,10,511520,政金债ETF,bond_cash,债券货币,69.794826,True,-0.05775,5.804303,1718783270.2,False,not_selected_lower_priority
2026-04-27,1,515790,光伏ETF,commodity_resource,新能源制造,85.397932,False,-0.109561,-2.40027,419980655.4,False,trend_confirmation
2026-04-27,2,512200,房地产ETF,sector,金融地产,82.478632,True,-0.055683,0.330469,180309294.95,True,selected
2026-04-27,3,512690,酒ETF,sector,消费医药,81.009506,False,-0.081106,-2.19595,609435603.4,False,trend_confirmation
2026-04-27,4,515220,煤炭ETF,commodity_resource,周期资源,71.962954,False,-0.078792,-1.050714,642875830.25,False,trend_confirmation
2026-04-27,5,515080,中证红利ETF,sector,防御风格,70.263248,True,-0.05579,0.776701,276385247.0,True,selected
2026-04-27,6,511030,公司债ETF,bond_cash,债券货币,69.817689,True,-0.058266,13.0911,2638031109.95,True,selected
2026-04-27,7,511880,银华日利ETF,bond_cash,债券货币观察,69.307613,True,-0.059933,6.466295,16856055340.9,False,not_selected_lower_priority
2026-04-27,8,159930,能源ETF,commodity_resource,周期资源,68.658791,False,-0.065344,-0.328889,137150054.17,False,not_selected_lower_priority
2026-04-27,9,512010,医药ETF,sector,消费医药,66.134394,False,-0.063521,-0.216814,413968662.45,False,not_selected_lower_priority
2026-04-27,10,511360,短融ETF,bond_cash,债券货币观察,65.333263,True,-0.059553,15.218672,41501536292.4,False,not_selected_lower_priority
2026-04-28,1,515790,光伏ETF,commodity_resource,新能源制造,88.891911,False,-0.085305,-1.340015,395735978.6,False,trend_confirmation
2026-04-28,2,512890,红利低波ETF,sector,防御风格,85.657999,True,-0.060838,-0.15349,687514578.6,False,already_held
2026-04-28,3,512200,房地产ETF,sector,金融地产,83.276353,True,-0.048313,0.757758,169702885.7,True,selected
2026-04-28,4,512690,酒ETF,sector,消费医药,80.368481,False,-0.082312,-2.416848,603739801.85,False,trend_confirmation
2026-04-28,5,515080,中证红利ETF,sector,防御风格,78.923077,True,-0.056914,0.491794,277489005.5,True,selected
2026-04-28,6,510230,金融ETF,sector,金融地产,73.836367,True,-0.048327,1.4912,49720021.85,False,already_held
2026-04-28,7,511030,公司债ETF,bond_cash,债券货币,71.871795,True,-0.057561,13.078895,2590550306.45,True,selected
2026-04-28,8,512800,银行ETF,sector,金融地产,69.514598,True,-0.049937,1.504186,622505746.4,False,not_selected_lower_priority
2026-04-28,9,511880,银华日利ETF,bond_cash,债券货币观察,69.435897,True,-0.059053,7.216132,16683319484.85,False,not_selected_lower_priority
2026-04-28,10,511520,政金债ETF,bond_cash,债券货币,69.405441,True,-0.05365,3.779799,1664815566.2,False,not_selected_lower_priority
2026-04-29,1,512890,红利低波ETF,sector,防御风格,86.447213,True,-0.082719,-0.463258,679461209.35,False,already_held
2026-04-29,2,512800,银行ETF,sector,金融地产,85.638741,True,-0.082709,-0.38625,613285904.05,True,selected
2026-04-29,3,512690,酒ETF,sector,消费医药,81.474282,False,-0.092385,-1.270249,598854272.45,False,trend_confirmation
2026-04-29,4,511990,华宝添益ETF,bond_cash,债券货币观察,81.102564,True,-0.080065,2.507917,10880252617.45,True,selected
2026-04-29,5,510230,金融ETF,sector,金融地产,80.380936,True,-0.070906,1.1926,50867783.75,False,already_held
2026-04-29,6,518880,黄金ETF,commodity_resource,防御风格,76.546532,False,-0.086608,-0.438211,5134736648.8,False,trend_confirmation
2026-04-29,7,511520,政金债ETF,bond_cash,债券货币,73.511139,True,-0.074119,3.632477,1689411248.9,True,selected
2026-04-29,8,511880,银华日利ETF,bond_cash,债券货币观察,73.153846,True,-0.079298,7.050766,16984992207.95,False,not_selected_lower_priority
2026-04-29,9,511030,公司债ETF,bond_cash,债券货币,72.0,True,-0.077655,13.564626,2621059596.15,False,not_selected_lower_priority
2026-04-29,10,511360,短融ETF,bond_cash,债券货币观察,68.153846,True,-0.07882,15.989755,42451627617.7,False,not_selected_lower_priority
2026-04-30,1,510230,金融ETF,sector,金融地产,82.542102,True,-0.0655,-0.202649,50256953.7,False,already_held
2026-04-30,2,518880,黄金ETF,commodity_resource,防御风格,81.835376,False,-0.098478,-2.802265,4913649311.0,False,trend_confirmation
2026-04-30,3,512170,医疗ETF,sector,消费医药,80.982805,True,-0.078624,-1.194284,540418575.95,False,already_held
2026-04-30,4,511690,511690,bond_cash,expanded_formal_data,77.769231,True,-0.063831,2.498186,13387233.35,False,liquidity_trading_constraint
2026-04-30,5,512690,酒ETF,sector,消费医药,74.759519,False,-0.092074,-3.01907,597247306.75,False,trend_confirmation
2026-04-30,6,511990,华宝添益ETF,bond_cash,债券货币观察,72.512821,True,-0.063781,2.987475,10804089833.9,True,selected
2026-04-30,7,515120,广发创新药ETF,theme,医药与消费升级,71.091238,False,-0.096419,-2.727906,406787325.0,False,trend_confirmation
2026-04-30,8,516080,易方达创新药ETF,theme,医药与消费升级,69.034337,False,-0.096125,-2.752732,63674589.45,False,trend_confirmation
2026-04-30,9,511520,政金债ETF,bond_cash,债券货币,66.326746,True,-0.057671,3.762105,1660283676.05,True,selected
2026-04-30,10,512400,有色ETF,commodity_resource,周期资源,65.59666,True,-0.018058,1.935889,980859749.25,True,selected
2026-05-06,1,512690,酒ETF,sector,消费医药,82.995984,False,-0.132972,-4.537928,624725201.4,False,trend_confirmation
2026-05-06,2,515120,广发创新药ETF,theme,医药与消费升级,75.847098,False,-0.122782,-2.85529,392865299.95,False,trend_confirmation
2026-05-06,3,159992,银华创新药ETF,theme,医药与消费升级,71.610792,False,-0.121254,-2.807029,694643117.65,False,trend_confirmation
2026-05-06,4,516080,易方达创新药ETF,theme,医药与消费升级,70.456187,False,-0.121001,-2.748556,61672288.9,False,trend_confirmation
2026-05-06,5,512800,银行ETF,sector,金融地产,67.366083,False,-0.110002,-3.115477,624118612.25,False,trend_confirmation
2026-05-06,6,511880,银华日利ETF,bond_cash,债券货币观察,67.256251,True,-0.088106,6.064793,17225205250.1,True,selected
2026-05-06,7,511030,公司债ETF,bond_cash,债券货币,64.944633,True,-0.08679,9.355526,2675513934.25,True,selected
2026-05-06,8,512010,医药ETF,sector,消费医药,64.809019,False,-0.104927,-1.448115,395517371.65,False,trend_confirmation
2026-05-06,9,512890,红利低波ETF,sector,防御风格,64.258807,False,-0.103871,-2.701858,692168915.9,False,already_held
2026-05-06,10,515790,光伏ETF,commodity_resource,新能源制造,63.897436,True,-0.010433,4.723556,391355575.15,True,selected
2026-05-07,1,512690,酒ETF,sector,消费医药,84.294099,False,-0.135218,-3.381049,641550415.75,False,trend_confirmation
2026-05-07,2,512800,银行ETF,sector,金融地产,73.993145,False,-0.11914,-2.499736,627693721.45,False,trend_confirmation
2026-05-07,3,159992,银华创新药ETF,theme,医药与消费升级,72.801378,False,-0.109913,-0.663674,682131542.09,False,trend_confirmation
2026-05-07,4,511880,银华日利ETF,bond_cash,债券货币观察,70.205128,True,-0.1024,4.441509,17145116803.85,True,selected
2026-05-07,5,512890,红利低波ETF,sector,防御风格,69.738239,False,-0.111246,-1.652606,683142181.65,False,already_held
2026-05-07,6,515120,广发创新药ETF,theme,医药与消费升级,69.357716,False,-0.107561,-0.435926,389142610.95,False,trend_confirmation
2026-05-07,7,511030,公司债ETF,bond_cash,债券货币,67.76626,True,-0.10094,8.709102,2708087343.8,True,selected
2026-05-07,8,516080,易方达创新药ETF,theme,医药与消费升级,67.553846,False,-0.107307,-0.416153,61959276.55,False,trend_confirmation
2026-05-07,9,512170,医疗ETF,sector,消费医药,63.081146,True,-0.078586,2.257369,541861980.85,False,already_held
2026-05-07,10,511360,短融ETF,bond_cash,债券货币观察,62.640743,True,-0.10184,11.198046,40603367827.8,True,selected_relaxed_group
2026-05-08,1,512690,酒ETF,sector,消费医药,84.646586,False,-0.129515,-3.201522,653958581.2,False,trend_confirmation
2026-05-08,2,511690,511690,bond_cash,expanded_formal_data,81.4863,True,-0.098935,0.537242,13229672.65,False,liquidity_trading_constraint
2026-05-08,3,515120,广发创新药ETF,theme,医药与消费升级,79.070002,False,-0.121117,-1.882239,389813369.15,False,trend_confirmation
2026-05-08,4,511990,华宝添益ETF,bond_cash,债券货币观察,76.358015,True,-0.098925,0.580192,11538345716.5,True,selected
2026-05-08,5,159992,银华创新药ETF,theme,医药与消费升级,75.987754,False,-0.120318,-1.866906,676180042.48,False,trend_confirmation
2026-05-08,6,516080,易方达创新药ETF,theme,医药与消费升级,71.528874,False,-0.116929,-1.582309,62708487.25,False,trend_confirmation
2026-05-08,7,512010,医药ETF,sector,消费医药,69.638373,False,-0.107095,-0.772335,395000617.45,False,trend_confirmation
2026-05-08,8,159930,能源ETF,commodity_resource,周期资源,69.41314,False,-0.124051,-1.552269,150002449.31,False,trend_confirmation
2026-05-08,9,511520,政金债ETF,bond_cash,债券货币,68.50855,True,-0.095775,1.914188,1728757350.1,True,selected
2026-05-08,10,511880,银华日利ETF,bond_cash,债券货币观察,68.153846,True,-0.098268,7.758247,17625194311.8,True,selected_relaxed_group
2026-05-11,1,512690,酒ETF,sector,消费医药,85.989962,False,-0.125281,-5.253291,652162133.7,False,trend_confirmation
2026-05-11,2,518880,黄金ETF,commodity_resource,防御风格,79.615877,False,-0.112617,-3.650871,4089283820.7,False,trend_confirmation
2026-05-11,3,511990,华宝添益ETF,bond_cash,债券货币观察,75.973239,True,-0.079016,1.183208,11433664993.9,True,selected
2026-05-11,4,512010,医药ETF,sector,消费医药,74.082228,False,-0.092429,-1.314369,402805614.4,False,trend_confirmation
2026-05-11,5,515120,广发创新药ETF,theme,医药与消费升级,73.25295,False,-0.089999,-0.846033,399099648.15,False,trend_confirmation
2026-05-11,6,512800,银行ETF,sector,金融地产,73.233816,False,-0.090431,-1.965624,613762963.95,False,trend_confirmation
2026-05-11,7,512170,医疗ETF,sector,消费医药,72.512821,True,-0.076146,0.300684,548778258.3,False,already_held
2026-05-11,8,511030,公司债ETF,bond_cash,债券货币,69.176739,True,-0.077775,6.325818,2872026003.1,True,selected
2026-05-11,9,159992,银华创新药ETF,theme,医药与消费升级,68.241102,False,-0.08961,-0.840202,687972382.96,False,trend_confirmation
2026-05-11,10,510230,金融ETF,sector,金融地产,67.851008,False,-0.082945,-0.763706,51499561.8,False,already_held
2026-05-12,1,512690,酒ETF,sector,消费医药,86.405419,False,-0.128378,-5.018921,668543096.4,False,trend_confirmation
2026-05-12,2,518880,黄金ETF,commodity_resource,防御风格,78.743795,False,-0.095815,-1.268113,3964084899.8,False,trend_confirmation
2026-05-12,3,515120,广发创新药ETF,theme,医药与消费升级,74.345446,False,-0.093395,-0.616316,419623646.35,False,trend_confirmation
2026-05-12,4,159930,能源ETF,commodity_resource,周期资源,71.937551,False,-0.095416,-0.641866,144048914.24,False,trend_confirmation
2026-05-12,5,512800,银行ETF,sector,金融地产,70.255395,False,-0.093135,-1.363199,630452689.5,False,trend_confirmation
2026-05-12,6,511030,公司债ETF,bond_cash,债券货币,70.074621,True,-0.084312,5.828398,2847385150.9,True,selected
2026-05-12,7,512170,医疗ETF,sector,消费医药,69.339668,True,-0.082544,0.303407,560977086.25,False,already_held
2026-05-12,8,511520,政金债ETF,bond_cash,债券货币,66.341123,True,-0.081277,2.544599,1762641907.3,True,selected
2026-05-12,9,512890,红利低波ETF,sector,防御风格,65.750524,False,-0.091438,-1.384222,681636029.6,False,already_held
2026-05-12,10,159992,银华创新药ETF,theme,医药与消费升级,65.493685,False,-0.090254,-0.38557,708986993.64,False,trend_confirmation
2026-05-13,1,512690,酒ETF,sector,消费医药,87.31747,False,-0.139847,-6.610932,680856849.6,False,trend_confirmation
2026-05-13,2,515120,广发创新药ETF,theme,医药与消费升级,80.016517,False,-0.105863,-1.928222,420668936.35,False,trend_confirmation
2026-05-13,3,512170,医疗ETF,sector,消费医药,78.546908,True,-0.089634,-0.920834,564499911.25,False,already_held
2026-05-13,4,159992,银华创新药ETF,theme,医药与消费升级,77.306544,False,-0.10549,-1.964387,707653507.47,False,trend_confirmation
2026-05-13,5,518880,黄金ETF,commodity_resource,防御风格,76.049903,False,-0.097631,-2.118302,3821753988.3,False,trend_confirmation
2026-05-13,6,512070,非银ETF,high_beta,金融地产,71.18717,True,-0.077048,0.485896,485629640.05,True,selected
2026-05-13,7,159930,能源ETF,commodity_resource,周期资源,70.89427,False,-0.09473,-0.904734,138359522.07,False,trend_confirmation
2026-05-13,8,516080,易方达创新药ETF,theme,医药与消费升级,70.794426,False,-0.101587,-1.691836,67966522.05,False,trend_confirmation
2026-05-13,9,510230,金融ETF,sector,金融地产,70.598238,False,-0.090823,-2.357126,55270957.0,False,already_held
2026-05-13,10,512800,银行ETF,sector,金融地产,64.979183,False,-0.089679,-1.587206,633880998.9,False,trend_confirmation
2026-05-14,1,512690,酒ETF,sector,消费医药,82.895199,False,-0.109159,-5.057591,725018337.4,False,trend_confirmation
2026-05-14,2,159992,银华创新药ETF,theme,医药与消费升级,81.042097,False,-0.111828,-3.486251,730146998.45,False,trend_confirmation
2026-05-14,3,515120,广发创新药ETF,theme,医药与消费升级,77.860311,False,-0.109517,-3.263984,432834898.95,False,trend_confirmation
2026-05-14,4,516080,易方达创新药ETF,theme,医药与消费升级,73.651059,False,-0.108324,-3.351267,69687075.9,False,trend_confirmation
2026-05-14,5,510230,金融ETF,sector,金融地产,70.683695,False,-0.076045,-3.165803,55896172.15,False,already_held
2026-05-14,6,512010,医药ETF,sector,消费医药,70.408488,False,-0.091773,-2.509129,467038487.5,False,trend_confirmation
2026-05-14,7,159930,能源ETF,commodity_resource,周期资源,69.400221,False,-0.090497,-1.82363,135262572.42,False,trend_confirmation
2026-05-14,8,518880,黄金ETF,commodity_resource,防御风格,66.812003,False,-0.075123,-1.645899,3754366605.1,False,trend_confirmation
2026-05-14,9,512170,医疗ETF,sector,消费医药,65.638612,False,-0.080034,-1.729212,585365577.6,False,already_held
2026-05-14,10,512070,非银ETF,high_beta,金融地产,63.415878,False,-0.074624,-1.4081,485627397.45,False,trend_confirmation
2026-05-15,1,512690,酒ETF,sector,消费医药,85.793624,False,-0.108549,-7.120751,737952935.4,False,trend_confirmation
2026-05-15,2,515120,广发创新药ETF,theme,医药与消费升级,79.209218,False,-0.099392,-4.486313,434453960.4,False,trend_confirmation
2026-05-15,3,159992,银华创新药ETF,theme,医药与消费升级,78.944891,False,-0.099708,-4.606811,734989477.49,False,trend_confirmation
2026-05-15,4,518880,黄金ETF,commodity_resource,防御风格,74.441568,False,-0.080879,-4.949471,3855120119.8,False,trend_confirmation
2026-05-15,5,512010,医药ETF,sector,消费医药,72.246684,False,-0.085896,-4.353588,475621178.25,False,trend_confirmation
2026-05-15,6,516080,易方达创新药ETF,theme,医药与消费升级,71.670011,False,-0.094488,-4.326581,69090584.2,False,trend_confirmation
2026-05-15,7,510230,金融ETF,sector,金融地产,70.335682,False,-0.06823,-7.192236,58756706.15,False,already_held
2026-05-15,8,512070,非银ETF,high_beta,金融地产,67.865611,False,-0.077361,-4.325948,498652947.05,False,trend_confirmation
2026-05-15,9,512400,有色ETF,commodity_resource,周期资源,67.845875,False,-0.080641,-1.938062,1176394614.55,False,trend_confirmation
2026-05-15,10,512880,证券ETF,high_beta,金融地产,61.531062,False,-0.065756,-2.880252,1864780219.1,False,trend_confirmation
2026-05-18,1,512690,酒ETF,sector,消费医药,81.754356,False,-0.116993,-8.121376,736823744.5,False,trend_confirmation
2026-05-18,2,515120,广发创新药ETF,theme,医药与消费升级,78.572492,False,-0.133353,-7.359132,415394452.95,False,trend_confirmation
2026-05-18,3,159992,银华创新药ETF,theme,医药与消费升级,78.07196,False,-0.133545,-7.625626,704921031.74,False,trend_confirmation
2026-05-18,4,512010,医药ETF,sector,消费医药,75.559682,False,-0.107931,-6.146939,480822132.9,False,trend_confirmation
2026-05-18,5,516080,易方达创新药ETF,theme,医药与消费升级,74.360763,False,-0.132211,-7.659136,66796293.85,False,trend_confirmation
2026-05-18,6,518880,黄金ETF,commodity_resource,防御风格,73.127032,False,-0.08841,-6.045878,3834046077.8,False,trend_confirmation
2026-05-18,7,510230,金融ETF,sector,金融地产,70.665336,False,-0.077238,-9.573481,59877186.5,False,already_held
2026-05-18,8,512400,有色ETF,commodity_resource,周期资源,68.250049,False,-0.078812,-1.927604,1173656476.9,False,trend_confirmation
2026-05-18,9,512070,非银ETF,high_beta,金融地产,68.21125,False,-0.076001,-4.345944,498940050.55,False,trend_confirmation
2026-05-18,10,512170,医疗ETF,sector,消费医药,63.422624,False,-0.07817,-4.146402,571625510.65,False,already_held
2026-05-19,1,159992,银华创新药ETF,theme,医药与消费升级,80.303096,False,-0.121539,-7.25863,690855135.24,False,trend_confirmation
2026-05-19,2,512690,酒ETF,sector,消费医药,80.005588,False,-0.109081,-8.100108,736962428.7,False,trend_confirmation
2026-05-19,3,515120,广发创新药ETF,theme,医药与消费升级,78.767779,False,-0.121155,-6.9716,405943384.35,False,trend_confirmation
2026-05-19,4,512400,有色ETF,commodity_resource,周期资源,78.533261,False,-0.113013,-3.926825,1157617144.25,False,trend_confirmation
2026-05-19,5,512010,医药ETF,sector,消费医药,74.721651,False,-0.100187,-6.146939,490067922.05,False,trend_confirmation
2026-05-19,6,516080,易方达创新药ETF,theme,医药与消费升级,73.799451,False,-0.117486,-7.016305,65223467.6,False,trend_confirmation
2026-05-19,7,518880,黄金ETF,commodity_resource,防御风格,71.892387,False,-0.083557,-6.423535,3770039947.4,False,trend_confirmation
2026-05-19,8,512070,非银ETF,high_beta,金融地产,70.035354,False,-0.069287,-4.469249,485185219.25,False,trend_confirmation
2026-05-19,9,510230,金融ETF,sector,金融地产,65.946173,False,-0.066436,-8.643372,66036310.8,False,already_held
2026-05-19,10,159870,化工ETF,commodity_resource,周期、资源、商品,63.917143,False,-0.071021,-2.834122,1060429708.23,False,trend_confirmation
2026-05-20,1,512400,有色ETF,commodity_resource,周期资源,84.701594,False,-0.111841,-3.780373,1169563674.2,False,trend_confirmation
2026-05-20,2,515120,广发创新药ETF,theme,医药与消费升级,80.0489,False,-0.103326,-5.811625,391671452.1,False,trend_confirmation
2026-05-20,3,512690,酒ETF,sector,消费医药,76.849339,False,-0.08971,-6.100708,725909366.35,False,trend_confirmation
2026-05-20,4,159992,银华创新药ETF,theme,医药与消费升级,76.603336,False,-0.100967,-5.839744,665619956.87,False,trend_confirmation
2026-05-20,5,518880,黄金ETF,commodity_resource,防御风格,75.620566,False,-0.093863,-7.038641,3846319803.65,False,trend_confirmation
2026-05-20,6,516080,易方达创新药ETF,theme,医药与消费升级,72.120879,False,-0.097899,-5.750282,63353232.95,False,trend_confirmation
2026-05-20,7,512010,医药ETF,sector,消费医药,72.114768,False,-0.079767,-4.931884,481049412.35,False,trend_confirmation
2026-05-20,8,512070,非银ETF,high_beta,金融地产,71.771761,False,-0.072742,-4.606265,474910272.4,False,trend_confirmation
2026-05-20,9,510230,金融ETF,sector,金融地产,68.699511,False,-0.070194,-8.807215,68363960.65,False,already_held
2026-05-20,10,159905,深红利ETF,sector,防御风格,61.868983,False,-0.06192,-4.363212,43507864.04,False,trend_confirmation
2026-05-21,1,512400,有色ETF,commodity_resource,周期资源,86.743462,False,-0.115495,-4.766831,1180011076.65,False,trend_confirmation
2026-05-21,2,512690,酒ETF,sector,消费医药,81.833046,False,-0.071008,-6.113743,733796521.55,False,trend_confirmation
2026-05-21,3,518880,黄金ETF,commodity_resource,防御风格,74.808858,False,-0.067414,-5.997883,3828029331.85,False,trend_confirmation
2026-05-21,4,512660,军工ETF,commodity_resource,新能源制造,74.700993,False,-0.070779,-3.635229,425598886.1,False,trend_confirmation
2026-05-21,5,515120,广发创新药ETF,theme,医药与消费升级,74.483465,False,-0.067661,-4.40361,398615517.7,False,trend_confirmation
2026-05-21,6,516080,易方达创新药ETF,theme,医药与消费升级,70.770147,False,-0.067407,-4.689971,65396048.9,False,trend_confirmation
2026-05-21,7,512070,非银ETF,high_beta,金融地产,70.105094,False,-0.055101,-4.737836,468921135.85,False,trend_confirmation
2026-05-21,8,510230,金融ETF,sector,金融地产,68.83993,False,-0.056425,-10.749951,74385266.7,False,already_held
2026-05-21,9,159992,银华创新药ETF,theme,医药与消费升级,68.079708,False,-0.067219,-4.546125,679529202.72,False,trend_confirmation
2026-05-21,10,516020,化工ETF,commodity_resource,周期、资源、商品,62.551033,False,-0.054098,-2.64404,263061370.2,False,trend_confirmation
2026-05-22,1,512690,酒ETF,sector,消费医药,84.234216,False,-0.098752,-7.357525,746302564.55,False,trend_confirmation
2026-05-22,2,512400,有色ETF,commodity_resource,周期资源,82.132419,False,-0.09186,-3.045631,1188000656.8,False,trend_confirmation
2026-05-22,3,515120,广发创新药ETF,theme,医药与消费升级,77.447002,False,-0.082007,-4.73353,397974419.55,False,trend_confirmation
2026-05-22,4,159992,银华创新药ETF,theme,医药与消费升级,72.838162,False,-0.079305,-4.736784,678479774.11,False,trend_confirmation
2026-05-22,5,518880,黄金ETF,commodity_resource,防御风格,72.129876,False,-0.072852,-5.60867,3793886347.5,False,trend_confirmation
2026-05-22,6,512070,非银ETF,high_beta,金融地产,70.648677,False,-0.071824,-5.378729,462071712.7,False,trend_confirmation
2026-05-22,7,510230,金融ETF,sector,金融地产,70.108223,False,-0.072205,-12.424563,77838395.45,False,already_held
2026-05-22,8,516080,易方达创新药ETF,theme,医药与消费升级,69.521062,False,-0.077098,-4.735607,65855877.6,False,trend_confirmation
2026-05-22,9,512010,医药ETF,sector,消费医药,68.354038,False,-0.072801,-5.039409,510499497.35,False,trend_confirmation
2026-05-22,10,512660,军工ETF,commodity_resource,新能源制造,63.398263,False,-0.059673,-2.390194,425973523.65,False,trend_confirmation
2026-05-25,1,512400,有色ETF,commodity_resource,周期资源,81.000302,False,-0.096865,-2.910333,1208610281.25,False,trend_confirmation
2026-05-25,2,515120,广发创新药ETF,theme,医药与消费升级,79.782112,False,-0.108861,-6.117244,401292928.25,False,trend_confirmation
2026-05-25,3,512690,酒ETF,sector,消费医药,78.145543,False,-0.096729,-6.210762,762303538.55,False,trend_confirmation
2026-05-25,4,159992,银华创新药ETF,theme,医药与消费升级,73.769352,False,-0.106142,-6.208905,686185485.5,False,trend_confirmation
2026-05-25,5,516080,易方达创新药ETF,theme,医药与消费升级,73.260073,False,-0.105889,-6.390034,66462251.35,False,trend_confirmation
2026-05-25,6,516020,化工ETF,commodity_resource,周期、资源、商品,71.055173,False,-0.093547,-3.672282,262239935.45,False,trend_confirmation
2026-05-25,7,512010,医药ETF,sector,消费医药,70.298368,False,-0.089551,-5.670092,527236429.45,False,trend_confirmation
2026-05-25,8,518880,黄金ETF,commodity_resource,防御风格,68.782047,False,-0.07537,-4.94819,3725511647.3,False,trend_confirmation
2026-05-25,9,512070,非银ETF,high_beta,金融地产,68.675349,False,-0.074758,-4.712943,457072507.25,False,trend_confirmation
2026-05-25,10,159870,化工ETF,commodity_resource,周期、资源、商品,65.923077,False,-0.092342,-3.725702,1066120915.27,False,trend_confirmation
2026-05-26,1,512690,酒ETF,sector,消费医药,85.003447,False,-0.129495,-9.061381,735879021.15,False,trend_confirmation
2026-05-26,2,515120,广发创新药ETF,theme,医药与消费升级,79.256693,False,-0.108081,-5.418562,399257747.05,False,trend_confirmation
2026-05-26,3,159992,银华创新药ETF,theme,医药与消费升级,75.032513,False,-0.106874,-5.590513,675407570.3,False,trend_confirmation
2026-05-26,4,512660,军工ETF,commodity_resource,新能源制造,73.478081,False,-0.088988,-2.927853,414386399.55,False,trend_confirmation
2026-05-26,5,512010,医药ETF,sector,消费医药,71.83683,False,-0.104111,-6.218098,524880916.55,False,trend_confirmation
2026-05-26,6,516080,易方达创新药ETF,theme,医药与消费升级,70.684066,False,-0.104215,-5.586325,66533949.75,False,trend_confirmation
2026-05-26,7,518880,黄金ETF,commodity_resource,防御风格,67.70958,False,-0.080668,-4.595004,3618648278.9,False,trend_confirmation
2026-05-26,8,159870,化工ETF,commodity_resource,周期、资源、商品,66.510278,False,-0.081325,-2.551099,1049138849.28,False,trend_confirmation
2026-05-26,9,159930,能源ETF,commodity_resource,周期资源,66.208634,False,-0.095913,-4.070801,131322033.27,False,trend_confirmation
2026-05-26,10,516020,化工ETF,commodity_resource,周期、资源、商品,61.276763,False,-0.079643,-2.36685,260346632.15,False,trend_confirmation
2026-05-27,1,512690,酒ETF,sector,消费医药,82.133786,False,-0.108761,-6.607276,782725333.85,False,trend_confirmation
2026-05-27,2,159870,化工ETF,commodity_resource,周期、资源、商品,78.052977,False,-0.117237,-5.062107,1010156052.42,False,trend_confirmation
2026-05-27,3,515120,广发创新药ETF,theme,医药与消费升级,74.487906,False,-0.105561,-5.551482,402279418.3,False,trend_confirmation
2026-05-27,4,516020,化工ETF,commodity_resource,周期、资源、商品,74.236955,False,-0.115127,-4.75767,253840108.2,False,trend_confirmation
2026-05-27,5,512660,军工ETF,commodity_resource,新能源制造,73.215467,False,-0.08366,-2.877125,408225286.25,False,trend_confirmation
2026-05-27,6,159992,银华创新药ETF,theme,医药与消费升级,71.029819,False,-0.105128,-5.792699,685869547.54,False,trend_confirmation
2026-05-27,7,512400,有色ETF,commodity_resource,周期资源,69.802997,False,-0.080943,-1.926018,1231875858.85,False,trend_confirmation
2026-05-27,8,516080,易方达创新药ETF,theme,医药与消费升级,69.238095,False,-0.104538,-5.970452,67629590.75,False,trend_confirmation
2026-05-27,9,512010,医药ETF,sector,消费医药,67.520636,False,-0.096941,-5.891418,540241913.9,False,trend_confirmation
2026-05-27,10,518880,黄金ETF,commodity_resource,防御风格,63.006195,False,-0.080319,-4.915558,3616284401.0,False,trend_confirmation
2026-05-28,1,159870,化工ETF,commodity_resource,周期、资源、商品,80.294554,False,-0.1318,-5.977781,1008858044.84,False,trend_confirmation
2026-05-28,2,512690,酒ETF,sector,消费医药,77.09772,False,-0.11228,-6.752824,789752467.55,False,trend_confirmation
2026-05-28,3,516020,化工ETF,commodity_resource,周期、资源、商品,75.577173,False,-0.128929,-5.572283,250230171.55,False,trend_confirmation
2026-05-28,4,159992,银华创新药ETF,theme,医药与消费升级,75.100021,False,-0.125684,-7.069082,700644676.62,False,trend_confirmation
2026-05-28,5,515120,广发创新药ETF,theme,医药与消费升级,74.067717,False,-0.125067,-6.693188,412079622.9,False,trend_confirmation
2026-05-28,6,518880,黄金ETF,commodity_resource,防御风格,72.449615,False,-0.108664,-7.251351,3699032566.85,False,trend_confirmation
2026-05-28,7,516080,易方达创新药ETF,theme,医药与消费升级,70.89011,False,-0.124214,-7.31594,69117207.25,False,trend_confirmation
2026-05-28,8,512070,非银ETF,high_beta,金融地产,68.076361,False,-0.093315,-5.255951,476750113.15,False,trend_confirmation
2026-05-28,9,512010,医药ETF,sector,消费医药,67.905114,False,-0.108291,-6.647629,550273934.5,False,trend_confirmation
2026-05-28,10,512400,有色ETF,commodity_resource,周期资源,65.748964,False,-0.08101,-1.928526,1258730867.9,False,trend_confirmation
2026-05-29,1,159870,化工ETF,commodity_resource,周期、资源、商品,83.487391,False,-0.151817,-7.015981,1027890744.95,False,trend_confirmation
2026-05-29,2,516020,化工ETF,commodity_resource,周期、资源、商品,80.549736,False,-0.149064,-6.53267,249264290.5,False,trend_confirmation
2026-05-29,3,515120,广发创新药ETF,theme,医药与消费升级,76.154573,False,-0.120964,-6.129819,409366696.6,False,trend_confirmation
2026-05-29,4,512660,军工ETF,commodity_resource,新能源制造,74.544251,False,-0.095533,-3.053317,422150061.8,False,trend_confirmation
2026-05-29,5,512010,医药ETF,sector,消费医药,71.922391,False,-0.107344,-6.382786,549457654.7,False,trend_confirmation
2026-05-29,6,516080,易方达创新药ETF,theme,医药与消费升级,70.660256,False,-0.117661,-6.376756,68784804.0,False,trend_confirmation
2026-05-29,7,512170,医疗ETF,sector,消费医药,69.79638,False,-0.105605,-8.273051,599673836.45,False,trend_confirmation
2026-05-29,8,512070,非银ETF,high_beta,金融地产,69.100472,False,-0.08596,-4.347802,504229321.05,False,trend_confirmation
2026-05-29,9,159992,银华创新药ETF,theme,医药与消费升级,67.70593,False,-0.116801,-5.927895,702179832.66,False,trend_confirmation
2026-05-29,10,159905,深红利ETF,sector,防御风格,61.180645,False,-0.076386,-4.595569,58408453.1,False,trend_confirmation
2026-06-01,1,159870,化工ETF,commodity_resource,周期、资源、商品,84.227591,False,-0.14364,-8.650236,1001228585.8,False,trend_confirmation
2026-06-01,2,516020,化工ETF,commodity_resource,周期、资源、商品,81.684326,False,-0.142492,-8.25173,245079633.2,False,trend_confirmation
2026-06-01,3,512400,有色ETF,commodity_resource,周期资源,73.673782,False,-0.099001,-3.957461,1248877822.25,False,trend_confirmation
2026-06-01,4,159992,银华创新药ETF,theme,医药与消费升级,73.508915,False,-0.106408,-6.720652,720787577.71,False,trend_confirmation
2026-06-01,5,512660,军工ETF,commodity_resource,新能源制造,71.899504,False,-0.08818,-3.77243,424723657.1,False,trend_confirmation
2026-06-01,6,515120,广发创新药ETF,theme,医药与消费升级,71.591803,False,-0.10529,-6.56366,419647562.5,False,trend_confirmation
2026-06-01,7,512010,医药ETF,sector,消费医药,70.978495,False,-0.100658,-7.766171,561179490.85,False,trend_confirmation
2026-06-01,8,159755,电池ETF,commodity_resource,新能源制造,68.716818,False,-0.124149,-7.502794,1037686535.24,False,trend_confirmation
2026-06-01,9,516080,易方达创新药ETF,theme,医药与消费升级,67.24359,False,-0.103123,-6.911577,71285927.35,False,trend_confirmation
2026-06-01,10,512070,非银ETF,high_beta,金融地产,65.914832,False,-0.075181,-5.566868,499527206.45,False,trend_confirmation
2026-06-02,1,159870,化工ETF,commodity_resource,周期、资源、商品,83.756092,False,-0.150966,-8.135646,993494005.67,False,trend_confirmation
2026-06-02,2,516020,化工ETF,commodity_resource,周期、资源、商品,81.074429,False,-0.148587,-7.700305,240161961.35,False,trend_confirmation
2026-06-02,3,512660,军工ETF,commodity_resource,新能源制造,77.786187,False,-0.11757,-4.654144,431002539.35,False,trend_confirmation
2026-06-02,4,515120,广发创新药ETF,theme,医药与消费升级,76.722229,False,-0.131843,-7.329189,423666059.15,False,trend_confirmation
2026-06-02,5,159992,银华创新药ETF,theme,医药与消费升级,72.507583,False,-0.130873,-7.412687,720610583.4,False,trend_confirmation
2026-06-02,6,512010,医药ETF,sector,消费医药,70.379653,False,-0.115109,-7.829207,572666662.8,False,trend_confirmation
2026-06-02,7,516080,易方达创新药ETF,theme,医药与消费升级,69.432234,False,-0.128957,-7.68747,72129757.7,False,trend_confirmation
2026-06-02,8,512200,房地产ETF,sector,金融地产,66.364646,False,-0.096931,-4.785781,227723849.65,False,trend_confirmation
2026-06-02,9,512070,非银ETF,high_beta,金融地产,63.222524,False,-0.088649,-5.566868,498794732.35,False,trend_confirmation
2026-06-02,10,512400,有色ETF,commodity_resource,周期资源,63.143573,False,-0.072297,-2.039278,1269655532.35,False,trend_confirmation
2026-06-03,1,159870,化工ETF,commodity_resource,周期、资源、商品,83.701831,False,-0.158315,-9.512876,959979100.34,False,trend_confirmation
2026-06-03,2,516020,化工ETF,commodity_resource,周期、资源、商品,80.021054,False,-0.153885,-8.865697,235492184.1,False,trend_confirmation
2026-06-03,3,512660,军工ETF,commodity_resource,新能源制造,76.151778,False,-0.125543,-5.655777,438537401.2,False,trend_confirmation
2026-06-03,4,515120,广发创新药ETF,theme,医药与消费升级,75.827014,False,-0.14175,-8.421052,423777726.75,False,trend_confirmation
2026-06-03,5,159992,银华创新药ETF,theme,医药与消费升级,71.102746,False,-0.140006,-8.474383,715937516.63,False,trend_confirmation
2026-06-03,6,159755,电池ETF,commodity_resource,新能源制造,70.729615,False,-0.143312,-9.890707,961994244.06,False,trend_confirmation
2026-06-03,7,512010,医药ETF,sector,消费医药,70.507031,False,-0.119014,-8.534834,588703858.75,False,trend_confirmation
2026-06-03,8,512200,房地产ETF,sector,金融地产,69.741416,False,-0.115616,-6.782208,220699893.15,False,trend_confirmation
2026-06-03,9,512400,有色ETF,commodity_resource,周期资源,68.846165,False,-0.091696,-3.400416,1257259388.05,False,trend_confirmation
2026-06-03,10,516080,易方达创新药ETF,theme,医药与消费升级,68.171245,False,-0.136417,-8.734107,72109117.95,False,trend_confirmation
2026-06-04,1,515120,广发创新药ETF,theme,医药与消费升级,81.648859,False,-0.143896,-9.614896,420897608.75,False,trend_confirmation
2026-06-04,2,159870,化工ETF,commodity_resource,周期、资源、商品,77.765568,False,-0.13412,-9.285106,931216107.95,False,trend_confirmation
2026-06-04,3,159992,银华创新药ETF,theme,医药与消费升级,76.27415,False,-0.14197,-9.61718,710671257.21,False,trend_confirmation
2026-06-04,4,516020,化工ETF,commodity_resource,周期、资源、商品,75.465246,False,-0.132498,-8.693451,229900807.9,False,trend_confirmation
2026-06-04,5,512660,军工ETF,commodity_resource,新能源制造,75.024814,False,-0.119033,-6.067831,434780142.9,False,trend_confirmation
2026-06-04,6,516080,易方达创新药ETF,theme,医药与消费升级,73.472527,False,-0.139282,-10.066696,71149841.3,False,trend_confirmation
2026-06-04,7,512010,医药ETF,sector,消费医药,72.06617,False,-0.119698,-9.562872,594519064.85,False,trend_confirmation
2026-06-04,8,512200,房地产ETF,sector,金融地产,69.944846,False,-0.114415,-7.685112,211810020.65,False,trend_confirmation
2026-06-04,9,159755,电池ETF,commodity_resource,新能源制造,69.839905,False,-0.135918,-10.157572,917508139.24,False,trend_confirmation
2026-06-04,10,512400,有色ETF,commodity_resource,周期资源,68.493424,False,-0.110236,-4.661416,1221810326.65,False,trend_confirmation
2026-06-05,1,512660,军工ETF,commodity_resource,新能源制造,85.003309,False,-0.126885,-7.447696,428616891.9,False,trend_confirmation
2026-06-05,2,512200,房地产ETF,sector,金融地产,80.666395,False,-0.11956,-9.246476,209128968.75,False,trend_confirmation
2026-06-05,3,512400,有色ETF,commodity_resource,周期资源,80.513563,False,-0.118126,-5.445794,1207137450.55,False,trend_confirmation
2026-06-05,4,515120,广发创新药ETF,theme,医药与消费升级,75.751423,False,-0.114177,-8.528161,416550925.95,False,trend_confirmation
2026-06-05,5,159870,化工ETF,commodity_resource,周期、资源、商品,71.885448,False,-0.105206,-8.100831,915201021.81,False,trend_confirmation
2026-06-05,6,159992,银华创新药ETF,theme,医药与消费升级,71.53056,False,-0.113624,-8.57138,709326853.11,False,trend_confirmation
2026-06-05,7,516020,化工ETF,commodity_resource,周期、资源、商品,70.746096,False,-0.104465,-7.576862,228747062.85,False,trend_confirmation
2026-06-05,8,516080,易方达创新药ETF,theme,医药与消费升级,68.985348,False,-0.113151,-9.060018,70973753.95,False,trend_confirmation
2026-06-05,9,512170,医疗ETF,sector,消费医药,66.622926,False,-0.100992,-12.320278,620378227.0,False,trend_confirmation
2026-06-05,10,159755,电池ETF,commodity_resource,新能源制造,66.422088,False,-0.110773,-9.727265,922651647.72,False,trend_confirmation
2026-06-08,1,512660,军工ETF,commodity_resource,新能源制造,84.584781,False,-0.131632,-9.073016,419459032.35,False,trend_confirmation
2026-06-08,2,512400,有色ETF,commodity_resource,周期资源,82.180961,False,-0.130014,-6.860577,1197588058.65,False,trend_confirmation
2026-06-08,3,515120,广发创新药ETF,theme,医药与消费升级,77.063492,False,-0.119643,-13.334774,400269823.9,False,trend_confirmation
2026-06-08,4,512200,房地产ETF,sector,金融地产,76.506606,False,-0.117974,-11.973102,185405761.8,False,trend_confirmation
2026-06-08,5,159992,银华创新药ETF,theme,医药与消费升级,73.981737,False,-0.119578,-13.270769,690707554.66,False,trend_confirmation
2026-06-08,6,159870,化工ETF,commodity_resource,周期、资源、商品,72.85262,False,-0.098229,-9.645572,899476722.11,False,trend_confirmation
2026-06-08,7,516080,易方达创新药ETF,theme,医药与消费升级,70.140795,False,-0.11798,-13.739424,68912596.7,False,trend_confirmation
2026-06-08,8,516020,化工ETF,commodity_resource,周期、资源、商品,69.265106,False,-0.096855,-9.004829,232001448.45,False,trend_confirmation
2026-06-08,9,159755,电池ETF,commodity_resource,新能源制造,67.599669,False,-0.109448,-11.827771,897649622.11,False,trend_confirmation
2026-06-08,10,512170,医疗ETF,sector,消费医药,65.622156,False,-0.092524,-15.301155,619470767.65,False,trend_confirmation
2026-06-09,1,512660,军工ETF,commodity_resource,新能源制造,85.178246,False,-0.131688,-7.906712,402527203.4,False,trend_confirmation
2026-06-09,2,512200,房地产ETF,sector,金融地产,83.904865,False,-0.135972,-11.961009,172103157.85,False,trend_confirmation
2026-06-09,3,512400,有色ETF,commodity_resource,周期资源,76.973802,False,-0.118191,-5.426991,1170366050.35,False,trend_confirmation
2026-06-09,4,516080,易方达创新药ETF,theme,医药与消费升级,75.88588,False,-0.129581,-12.952436,66217046.95,False,trend_confirmation
2026-06-09,5,159992,银华创新药ETF,theme,医药与消费升级,74.611209,False,-0.129352,-12.333215,660600035.72,False,trend_confirmation
2026-06-09,6,515120,广发创新药ETF,theme,医药与消费升级,72.047572,False,-0.127951,-12.227798,374627876.2,False,trend_confirmation
2026-06-09,7,512010,医药ETF,sector,消费医药,69.175329,False,-0.112181,-11.919918,581851732.55,False,trend_confirmation
2026-06-09,8,159870,化工ETF,commodity_resource,周期、资源、商品,68.222074,False,-0.096579,-7.826993,875648000.43,False,trend_confirmation
2026-06-09,9,512170,医疗ETF,sector,消费医药,67.798535,False,-0.105927,-14.72311,613113724.75,False,trend_confirmation
2026-06-09,10,516020,化工ETF,commodity_resource,周期、资源、商品,66.951782,False,-0.096118,-7.359672,229099168.25,False,trend_confirmation
2026-06-10,1,512660,军工ETF,commodity_resource,新能源制造,86.838077,False,-0.132321,-9.16302,388846718.9,False,trend_confirmation
2026-06-10,2,512400,有色ETF,commodity_resource,周期资源,85.588732,False,-0.119244,-6.23111,1143781289.1,False,trend_confirmation
2026-06-10,3,512200,房地产ETF,sector,金融地产,82.278388,False,-0.105805,-11.02638,166671033.45,False,trend_confirmation
2026-06-10,4,512170,医疗ETF,sector,消费医药,72.537526,False,-0.087486,-14.783882,610708601.2,False,trend_confirmation
2026-06-10,5,159992,银华创新药ETF,theme,医药与消费升级,71.10614,False,-0.083835,-9.41626,652668880.38,False,trend_confirmation
2026-06-10,6,515120,广发创新药ETF,theme,医药与消费升级,70.203087,False,-0.083783,-9.395583,366797384.4,False,trend_confirmation
2026-06-10,7,159870,化工ETF,commodity_resource,周期、资源、商品,68.922161,False,-0.079645,-7.974765,861434861.79,False,trend_confirmation
2026-06-10,8,516080,易方达创新药ETF,theme,医药与消费升级,66.482692,False,-0.082541,-9.501451,65771547.45,False,trend_confirmation
2026-06-10,9,159755,电池ETF,commodity_resource,新能源制造,66.31407,False,-0.087553,-8.731813,843694579.52,False,trend_confirmation
2026-06-10,10,512010,医药ETF,sector,消费医药,63.709402,False,-0.07518,-9.493394,580822765.1,False,trend_confirmation
2026-06-11,1,512660,军工ETF,commodity_resource,新能源制造,85.451412,False,-0.102491,-8.042446,371782661.0,False,trend_confirmation
2026-06-11,2,512200,房地产ETF,sector,金融地产,85.316245,False,-0.096162,-10.076464,165281426.25,False,trend_confirmation
2026-06-11,3,512400,有色ETF,commodity_resource,周期资源,80.973869,False,-0.078917,-4.424397,1140321662.3,False,trend_confirmation
2026-06-11,4,518880,黄金ETF,commodity_resource,防御风格,78.994257,False,-0.093144,-8.550597,3517544189.15,False,trend_confirmation
2026-06-11,5,512170,医疗ETF,sector,消费医药,71.475888,False,-0.070969,-12.198211,591235172.2,False,trend_confirmation
2026-06-11,6,515120,广发创新药ETF,theme,医药与消费升级,70.607581,False,-0.069341,-8.494757,348505168.0,False,trend_confirmation
2026-06-11,7,516080,易方达创新药ETF,theme,医药与消费升级,70.091137,False,-0.069359,-8.593869,65220018.2,False,trend_confirmation
2026-06-11,8,515790,光伏ETF,commodity_resource,新能源制造,69.71904,False,-0.076794,-5.647224,490998464.6,False,trend_confirmation
2026-06-11,9,159870,化工ETF,commodity_resource,周期、资源、商品,64.413919,False,-0.050832,-5.647619,817977562.68,False,trend_confirmation
2026-06-11,10,159992,银华创新药ETF,theme,医药与消费升级,64.197995,False,-0.067399,-8.414196,617922992.13,False,trend_confirmation
2026-06-12,1,512200,房地产ETF,sector,金融地产,87.753839,False,-0.096562,-7.803706,164830724.15,False,trend_confirmation
2026-06-12,2,512660,军工ETF,commodity_resource,新能源制造,83.213284,False,-0.088061,-5.498532,364337661.3,False,trend_confirmation
2026-06-12,3,515790,光伏ETF,commodity_resource,新能源制造,80.730496,False,-0.088783,-4.996583,457990626.95,False,trend_confirmation
2026-06-12,4,518880,黄金ETF,commodity_resource,防御风格,78.126448,False,-0.081378,-5.945313,3395226253.15,False,trend_confirmation
2026-06-12,5,512170,医疗ETF,sector,消费医药,76.130256,False,-0.076385,-8.596778,588000975.95,False,trend_confirmation
2026-06-12,6,516080,易方达创新药ETF,theme,医药与消费升级,73.658432,False,-0.068015,-5.721342,67012478.25,False,trend_confirmation
2026-06-12,7,515120,广发创新药ETF,theme,医药与消费升级,70.831132,False,-0.066295,-5.495639,346151969.3,False,trend_confirmation
2026-06-12,8,159992,银华创新药ETF,theme,医药与消费升级,66.860866,False,-0.065394,-5.428332,607031150.48,False,trend_confirmation
2026-06-12,9,512010,医药ETF,sector,消费医药,60.635956,False,-0.055116,-5.105845,562054139.25,False,trend_confirmation
2026-06-12,10,159870,化工ETF,commodity_resource,周期、资源、商品,60.305044,False,-0.045736,-3.218104,821611542.66,False,trend_confirmation
2026-06-15,1,512200,房地产ETF,sector,金融地产,88.183335,False,-0.105682,-6.518656,156948337.2,False,trend_confirmation
2026-06-15,2,512660,军工ETF,commodity_resource,新能源制造,83.329479,False,-0.093081,-4.206971,359166230.35,False,trend_confirmation
2026-06-15,3,512170,医疗ETF,sector,消费医药,79.182564,False,-0.091448,-7.760475,579355857.3,False,trend_confirmation
2026-06-15,4,515790,光伏ETF,commodity_resource,新能源制造,77.937807,False,-0.089195,-3.569537,452031980.75,False,trend_confirmation
2026-06-15,5,159992,银华创新药ETF,theme,医药与消费升级,75.153846,False,-0.080135,-4.751644,601167982.74,False,trend_confirmation
2026-06-15,6,516080,易方达创新药ETF,theme,医药与消费升级,74.517712,False,-0.079725,-4.881184,67638306.95,False,trend_confirmation
2026-06-15,7,518880,黄金ETF,commodity_resource,防御风格,72.455181,False,-0.075304,-3.477978,3392278035.0,False,trend_confirmation
2026-06-15,8,515120,广发创新药ETF,theme,医药与消费升级,70.804196,False,-0.078545,-4.659332,341573178.7,False,trend_confirmation
2026-06-15,9,512010,医药ETF,sector,消费医药,64.028727,False,-0.071115,-4.505326,549908144.75,False,trend_confirmation
2026-06-15,10,512690,酒ETF,sector,消费医药,61.636818,False,-0.069241,-3.747949,782513729.4,False,trend_confirmation
2026-06-16,1,512200,房地产ETF,sector,金融地产,88.215558,False,-0.125531,-8.259371,147345019.0,False,trend_confirmation
2026-06-16,2,512170,医疗ETF,sector,消费医药,80.773029,False,-0.106882,-10.147752,577307030.4,False,trend_confirmation
2026-06-16,3,515120,广发创新药ETF,theme,医药与消费升级,78.861176,False,-0.095008,-6.060962,340347214.75,False,trend_confirmation
2026-06-16,4,512660,军工ETF,commodity_resource,新能源制造,78.212433,False,-0.088304,-4.241527,356152601.2,False,trend_confirmation
2026-06-16,5,516080,易方达创新药ETF,theme,医药与消费升级,76.441808,False,-0.094821,-6.305418,67687757.9,False,trend_confirmation
2026-06-16,6,515790,光伏ETF,commodity_resource,新能源制造,73.564103,False,-0.082727,-3.509199,445737599.65,False,trend_confirmation
2026-06-16,7,159992,银华创新药ETF,theme,医药与消费升级,71.30475,False,-0.092497,-5.890482,594199308.65,False,trend_confirmation
2026-06-16,8,518880,黄金ETF,commodity_resource,防御风格,69.911108,False,-0.067906,-3.35917,3389524238.6,False,trend_confirmation
2026-06-16,9,512010,医药ETF,sector,消费医药,65.942473,False,-0.082919,-5.665456,540110419.6,False,trend_confirmation
2026-06-16,10,512690,酒ETF,sector,消费医药,65.488638,False,-0.081429,-4.852218,784744165.65,False,trend_confirmation
2026-06-17,1,512200,房地产ETF,sector,金融地产,88.25077,False,-0.130149,-7.900472,156541505.0,False,trend_confirmation
2026-06-17,2,512690,酒ETF,sector,消费医药,81.152836,False,-0.110169,-6.14558,784664860.8,False,trend_confirmation
2026-06-17,3,515790,光伏ETF,commodity_resource,新能源制造,77.745226,False,-0.105783,-4.186244,436999293.3,False,trend_confirmation
2026-06-17,4,159992,银华创新药ETF,theme,医药与消费升级,75.997898,False,-0.109464,-6.44044,588179664.09,False,trend_confirmation
2026-06-17,5,515120,广发创新药ETF,theme,医药与消费升级,74.846413,False,-0.107997,-6.314927,335626538.85,False,trend_confirmation
2026-06-17,6,512170,医疗ETF,sector,消费医药,72.464387,False,-0.101973,-8.6473,570074951.1,False,trend_confirmation
2026-06-17,7,516080,易方达创新药ETF,theme,医药与消费升级,72.172883,False,-0.107604,-6.556711,67375350.75,False,trend_confirmation
2026-06-17,8,159930,能源ETF,commodity_resource,周期资源,70.260041,False,-0.080324,-3.29775,169237859.58,False,trend_confirmation
2026-06-17,9,512660,军工ETF,commodity_resource,新能源制造,68.85316,False,-0.077671,-3.078573,362883596.35,False,trend_confirmation
2026-06-17,10,518880,黄金ETF,commodity_resource,防御风格,67.481939,False,-0.061631,-2.505393,3251841575.25,False,trend_confirmation
