date,raw_market_regime,market_regime,normalized_regime,regime_score,regime_reason,pool_size,buy_count,watch_count,sell_count,risk_count,buy_breadth,sell_breadth,strong_resonance_count,strong_resonance_breadth,broad_base_strength,growth_strength,high_beta_strength,defensive_strength,risk_pressure,benchmark_return_1d,benchmark_return_3d,benchmark_return_5d,benchmark_return_10d,benchmark_return_20d,research_only,execution_allowed
2025-05-30,neutral,neutral,NEUTRAL,,"510300 ret20=0.0246, ret60=-0.0058, vol20=0.0065, above_ma60=True; 159915_rel=0.0117; 518880_rel=-0.0443",39,14,7,18,12,0.358974358974359,0.46153846153846156,9,0.23076923076923078,0.017383,0.042887,0.044384,0.009052,0.38461538461538464,-0.0005336179295625243,0.0066702241195304435,0.009605122732123661,0.008271077908217572,0.02961579509071499,True,False
2025-06-03,neutral,neutral,NEUTRAL,,"510300 ret20=0.0249, ret60=-0.0053, vol20=0.0065, above_ma60=True; 159915_rel=0.0043; 518880_rel=-0.0240",39,13,8,18,11,0.3333333333333333,0.46153846153846156,12,0.3076923076923077,0.014623,0.033825,0.037805,0.011334,0.3717948717948718,0.004538174052322486,0.007741591030432371,0.004004271222637579,0.008542445274960064,0.0317672183662574,True,False
2025-06-04,neutral,neutral,NEUTRAL,,"510300 ret20=0.0192, ret60=-0.0053, vol20=0.0062, above_ma60=True; 159915_rel=0.0022; 518880_rel=-0.0374",39,19,3,17,9,0.48717948717948717,0.4358974358974359,11,0.28205128205128205,0.006276,0.027974,0.035462,0.009685,0.3333333333333333,0.0026574541589157175,0.005580653733723073,0.007972362476747374,0.00478341748604838,0.028169014084507227,True,False
2025-06-05,neutral,neutral,NEUTRAL,,"510300 ret20=0.0153, ret60=-0.0169, vol20=0.0061, above_ma60=True; 159915_rel=0.0131; 518880_rel=-0.0398",39,21,3,15,7,0.5384615384615384,0.38461538461538464,14,0.358974358974359,0.007321,0.028565,0.04034,0.006695,0.28205128205128205,0.0005300821627352015,-0.00318049297641132,0.005830903790087438,-0.00609594487145515,0.03153988868274582,True,False
2025-06-06,neutral,neutral,NEUTRAL,,"510300 ret20=0.0096, ret60=-0.0138, vol20=0.0060, above_ma60=True; 159915_rel=-0.0016; 518880_rel=-0.0197",39,25,3,11,6,0.6410256410256411,0.28205128205128205,13,0.3333333333333333,0.00052,0.014528,0.029065,0.005027,0.21794871794871795,0.0023841059602649484,0.004768211920529897,-0.0015894039735099286,-0.005298013245033095,0.03549668874172185,True,False
2025-06-09,neutral,neutral,NEUTRAL,,"510300 ret20=0.0134, ret60=-0.0073, vol20=0.0060, above_ma60=True; 159915_rel=0.0118; 518880_rel=-0.0308",39,25,3,11,6,0.6410256410256411,0.28205128205128205,15,0.38461538461538464,0.011113,0.036323,0.05249,0.006767,0.21794871794871795,-0.0060782241014798455,0.0029069767441860517,-0.0013213530655390437,-0.0042283298097252064,0.02827695560253707,True,False
2025-06-10,neutral,neutral,NEUTRAL,,"510300 ret20=-0.0048, ret60=-0.0165, vol20=0.0055, above_ma60=True; 159915_rel=-0.0075; 518880_rel=0.0087",39,16,6,17,6,0.41025641025641024,0.4358974358974359,17,0.4358974358974359,-0.011439,0.018827,0.040555,0.006219,0.2948717948717949,0.00850837543206584,0.00212709385801646,0.00452007444828495,0.013826110077107101,0.04360542408933776,True,False
2025-06-11,neutral,neutral,NEUTRAL,,"510300 ret20=0.0026, ret60=-0.0055, vol20=0.0059, above_ma60=True; 159915_rel=0.0013; 518880_rel=0.0104",39,20,7,12,6,0.5128205128205128,0.3076923076923077,16,0.41025641025641024,-0.003631,0.021661,0.043033,0.005617,0.23076923076923078,0.0005272871078301211,-0.003691009754811514,-0.003163722646981282,0.022409702082784033,0.034010018455048696,True,False
2025-06-12,risk_off,risk_off,DEFENSIVE,,"510300 ret20=-0.0102, ret60=0.0003, vol20=0.0050, above_ma60=True; 159915_rel=0.0034; 518880_rel=0.0404",39,18,7,14,6,0.46153846153846156,0.358974358974359,23,0.5897435897435898,-0.012822,0.028221,0.041871,0.00431,0.2564102564102564,-0.006851119894598079,-0.004479578392621808,-0.011857707509881354,0.017918313570487454,0.03873517786561265,True,False
2025-06-13,risk_off,risk_off,DEFENSIVE,,"510300 ret20=-0.0082, ret60=-0.0323, vol20=0.0048, above_ma60=True; 159915_rel=0.0121; 518880_rel=0.0826",39,22,2,15,7,0.5641025641025641,0.38461538461538464,24,0.6153846153846154,-0.008034,0.024872,0.034636,0.004674,0.28205128205128205,0.0026532236667551334,0.0031838684001062045,-0.0037145131334571646,0.018837888033961248,0.049615282568320485,True,False
2025-06-16,risk_off,risk_off,DEFENSIVE,,"510300 ret20=0.0003, ret60=-0.0268, vol20=0.0047, above_ma60=True; 159915_rel=0.0142; 518880_rel=0.0535",39,21,0,18,6,0.5384615384615384,0.46153846153846156,21,0.5384615384615384,-0.001047,0.017936,0.035546,0.00477,0.3076923076923077,-0.0002646202699126965,-0.007673987827467532,-0.0029108229690394394,0.021169621593013943,0.04657316750463081,True,False
2025-06-17,neutral,neutral,NEUTRAL,,"510300 ret20=0.0016, ret60=-0.0293, vol20=0.0046, above_ma60=True; 159915_rel=0.0114; 518880_rel=0.0368",39,24,0,15,6,0.6153846153846154,0.38461538461538464,21,0.5384615384615384,-0.002827,0.007149,0.023028,0.002892,0.2692307692307692,0.000794070937003788,-0.0060878771836950785,0.009264160931709897,0.023028057173107408,0.046850185283218604,True,False
2025-06-18,risk_off,risk_off,DEFENSIVE,,"510300 ret20=-0.0029, ret60=-0.0300, vol20=0.0045, above_ma60=True; 159915_rel=0.0108; 518880_rel=0.0437",39,18,4,17,6,0.46153846153846156,0.4358974358974359,18,0.46153846153846156,-0.006314,-0.003466,0.006829,-0.000429,0.2948717948717949,-0.008198889182755909,-0.0034382438508332447,0.025654588733139416,0.023274266067178084,0.043639248875958714,True,False
2025-06-19,neutral,neutral,NEUTRAL,,"510300 ret20=-0.0152, ret60=-0.0298, vol20=0.0047, above_ma60=True; 159915_rel=0.0010; 518880_rel=0.0187",39,13,5,21,7,0.3333333333333333,0.5384615384615384,13,0.3333333333333333,-0.01847,-0.022291,-0.010799,-0.008376,0.358974358974359,0.0013333333333334085,0.016800000000000148,0.030133333333333345,0.037866666666666715,0.0610666666666666,True,False
2025-06-20,neutral,neutral,NEUTRAL,,"510300 ret20=-0.0134, ret60=-0.0116, vol20=0.0047, above_ma60=True; 159915_rel=-0.0005; 518880_rel=0.0115",39,13,7,19,7,0.3333333333333333,0.48717948717948717,13,0.3333333333333333,-0.016962,-0.021721,-0.009943,-0.004848,0.3333333333333333,0.0034620505992011275,0.03275632490013325,0.022636484687083902,0.041011984021305015,0.06764314247669789,True,False
2025-06-23,neutral,neutral,NEUTRAL,,"510300 ret20=-0.0024, ret60=-0.0126, vol20=0.0045, above_ma60=True; 159915_rel=0.0044; 518880_rel=0.0037",39,15,6,18,5,0.38461538461538464,0.46153846153846156,15,0.38461538461538464,-0.004682,-0.008179,0.003757,-0.002841,0.2948717948717949,0.01194267515923575,0.0252123142250531,0.02415074309978782,0.03264331210191096,0.07059447983014855,True,False
2025-06-24,neutral,neutral,NEUTRAL,,"510300 ret20=0.0152, ret60=-0.0013, vol20=0.0051, above_ma60=True; 159915_rel=0.0187; 518880_rel=-0.0223",39,15,6,18,4,0.38461538461538464,0.46153846153846156,10,0.2564102564102564,0.013378,0.01919,0.032801,0.002219,0.28205128205128205,0.017046944662995056,0.007081038552321006,0.013637555730396045,0.02937319695777596,0.06949908208759514,True,False
2025-06-25,risk_on,risk_on,OFFENSIVE,,"510300 ret20=0.0383, ret60=0.0200, vol20=0.0060, above_ma60=True; 159915_rel=0.0339; 518880_rel=-0.0348",39,17,10,12,4,0.4358974358974359,0.3076923076923077,8,0.20512820512820512,0.037838,0.033595,0.052649,0.006409,0.20512820512820512,-0.0038679731820526753,-0.00489943269726667,-0.0023207839092315163,0.011346054667354277,0.05105724600309425,True,False
2025-06-26,risk_on,risk_on,OFFENSIVE,,"510300 ret20=0.0354, ret60=0.0123, vol20=0.0061, above_ma60=True; 159915_rel=0.0330; 518880_rel=-0.0313",39,17,10,12,3,0.4358974358974359,0.3076923076923077,9,0.23076923076923078,0.036283,0.028936,0.041827,0.004854,0.19230769230769232,-0.005953921822417829,0.0005177323323841687,0.007507118819570335,0.02045042712917433,0.06186901371990694,True,False
2025-06-27,risk_on,risk_on,OFFENSIVE,,"510300 ret20=0.0226, ret60=0.0113, vol20=0.0062, above_ma60=True; 159915_rel=0.0337; 518880_rel=-0.0191",39,22,6,11,3,0.5641025641025641,0.28205128205128205,10,0.2564102564102564,0.023241,0.010371,0.019411,0.000776,0.1794871794871795,0.0049479166666666075,0.007552083333333348,0.01796875000000009,0.030208333333333393,0.0625,True,False
2025-06-30,risk_on,risk_on,OFFENSIVE,,"510300 ret20=0.0296, ret60=0.0228, vol20=0.0063, above_ma60=True; 159915_rel=0.0520; 518880_rel=-0.0371",39,23,11,5,2,0.5897435897435898,0.1282051282051282,15,0.38461538461538464,0.039608,0.034863,0.033499,0.001165,0.08974358974358974,0.0015548069448043655,0.00855143819642401,0.008292303705623283,0.024876911116869627,0.06011920186576836,True,False
2025-07-01,risk_on,risk_on,OFFENSIVE,,"510300 ret20=0.0318, ret60=0.0249, vol20=0.0062, above_ma60=True; 159915_rel=0.0436; 518880_rel=-0.0426",39,25,10,4,1,0.6410256410256411,0.10256410256410256,15,0.38461538461538464,0.036629,0.035674,0.032946,0.002327,0.0641025641025641,0.0010349288486417585,0.011384217335058011,0.015523932729624823,0.023285899094437124,0.06390685640362226,True,False
2025-07-02,risk_on,risk_on,OFFENSIVE,,"510300 ret20=0.0282, ret60=0.0268, vol20=0.0062, above_ma60=True; 159915_rel=0.0238; 518880_rel=-0.0389",39,21,13,5,1,0.5384615384615384,0.1282051282051282,13,0.3333333333333333,0.026782,0.017121,0.011398,0.000452,0.07692307692307693,0.005944688550012733,0.005686223830447146,0.013698630136986356,0.0199017834065649,0.062031532695786984,True,False
2025-07-03,risk_on,risk_on,OFFENSIVE,,"510300 ret20=0.0315, ret60=0.0384, vol20=0.0063, above_ma60=True; 159915_rel=0.0268; 518880_rel=-0.0366",39,24,11,4,1,0.6153846153846154,0.10256410256410256,11,0.28205128205128205,0.027626,0.02844,0.020803,0.003816,0.0641025641025641,0.004367934224049241,0.00847893114080156,0.012846865364851023,0.02235354573484072,0.03597122302158273,True,False
2025-07-04,risk_on,risk_on,OFFENSIVE,,"510300 ret20=0.0355, ret60=0.1220, vol20=0.0063, above_ma60=True; 159915_rel=0.0220; 518880_rel=-0.0454",39,22,16,1,1,0.5641025641025641,0.02564102564102564,10,0.2564102564102564,0.029279,0.030339,0.028327,0.005351,0.02564102564102564,-0.004604758250191798,0.0033256587362497925,0.012023535431056498,0.02558199027884389,0.025837810181632115,True,False
2025-07-07,risk_on,risk_on,OFFENSIVE,,"510300 ret20=0.0283, ret60=0.1057, vol20=0.0065, above_ma60=True; 159915_rel=0.0091; 518880_rel=-0.0344",39,21,13,5,3,0.5384615384615384,0.1282051282051282,11,0.28205128205128205,0.018714,0.004618,0.00027,0.001906,0.10256410256410256,0.008738113595476715,0.013107170393215073,0.016448213826779856,0.03675147776921084,0.03546646106399387,True,False
2025-07-08,risk_on,risk_on,OFFENSIVE,,"510300 ret20=0.0436, ret60=0.1041, vol20=0.0064, above_ma60=True; 159915_rel=0.0295; 518880_rel=-0.0446",39,19,16,4,1,0.48717948717948717,0.10256410256410256,9,0.23076923076923078,0.041405,0.024962,0.014259,0.005297,0.0641025641025641,-0.0007643312101910382,0.007898089171974654,0.007643312101910826,0.03898089171974539,0.03439490445859872,True,False
2025-07-09,risk_on,risk_on,OFFENSIVE,,"510300 ret20=0.0340, ret60=0.0840, vol20=0.0063, above_ma60=True; 159915_rel=0.0273; 518880_rel=-0.0494",39,20,15,4,2,0.5128205128205128,0.10256410256410256,9,0.23076923076923078,0.031811,0.021152,0.010713,0.005125,0.07692307692307693,0.0050994390617031815,0.008414074451810194,0.006119326874043818,0.03926568077511461,0.03799082100968887,True,False
2025-07-10,risk_on,risk_on,OFFENSIVE,,"510300 ret20=0.0387, ret60=0.0862, vol20=0.0063, above_ma60=True; 159915_rel=0.0245; 518880_rel=-0.0555",39,21,12,6,1,0.5384615384615384,0.15384615384615385,12,0.3076923076923077,0.035278,0.018539,0.006009,0.006827,0.08974358974358974,0.003551496702181689,0.003297818366311489,0.00938609842719429,0.04058853373921867,0.032470826991374935,True,False
2025-07-11,risk_on,risk_on,OFFENSIVE,,"510300 ret20=0.0496, ret60=0.0877, vol20=0.0059, above_ma60=True; 159915_rel=0.0321; 518880_rel=-0.0776",39,19,17,3,1,0.48717948717948717,0.07692307692307693,9,0.23076923076923078,0.048698,0.044223,0.039761,0.013998,0.05128205128205128,-0.00025278058645095136,-0.0025278058645095136,0.013397371081901088,0.03134479271991908,0.02628918099089983,True,False
2025-07-14,risk_on,risk_on,OFFENSIVE,,"510300 ret20=0.0466, ret60=0.0865, vol20=0.0060, above_ma60=True; 159915_rel=0.0222; 518880_rel=-0.0628",39,24,12,3,1,0.6153846153846154,0.07692307692307693,10,0.2564102564102564,0.044599,0.050884,0.042974,0.015602,0.05128205128205128,0.0,0.006068268015170686,0.019974715549936795,0.034386852085967146,0.03135271807838169,True,False
2025-07-15,risk_on,risk_on,OFFENSIVE,,"510300 ret20=0.0469, ret60=0.0839, vol20=0.0060, above_ma60=True; 159915_rel=0.0439; 518880_rel=-0.0553",39,26,10,3,1,0.6666666666666666,0.07692307692307693,13,0.3333333333333333,0.051202,0.064128,0.059716,0.01514,0.05128205128205128,-0.0022756005056889794,0.013653603034134099,0.03109987357774968,0.03969658659924158,0.03792667509481684,True,False
2025-07-16,risk_on,risk_on,OFFENSIVE,,"510300 ret20=0.0436, ret60=0.0805, vol20=0.0061, above_ma60=True; 159915_rel=0.0409; 518880_rel=-0.0571",39,29,8,2,0,0.7435897435897436,0.05128205128205128,18,0.46153846153846156,0.048277,0.069228,0.06912,0.015373,0.02564102564102564,0.008362899138367963,0.02230106436898116,0.032944754181449376,0.04130765331981756,0.04916371008616305,True,False
2025-07-17,risk_on,risk_on,OFFENSIVE,,"510300 ret20=0.0611, ret60=0.0866, vol20=0.0057, above_ma60=True; 159915_rel=0.0596; 518880_rel=-0.0702",39,24,13,2,0,0.6153846153846154,0.05128205128205128,17,0.4358974358974359,0.068638,0.103433,0.101274,0.02177,0.02564102564102564,0.007539582809751311,0.024880623272178992,0.03091228951998004,0.01331992963056039,0.03870319175672288,True,False
2025-07-18,risk_on,risk_on,OFFENSIVE,,"510300 ret20=0.0676, ret60=0.0942, vol20=0.0058, above_ma60=True; 159915_rel=0.0652; 518880_rel=-0.0721",39,23,15,1,0,0.5897435897435898,0.02564102564102564,18,0.46153846153846156,0.076901,0.117206,0.113391,0.022819,0.01282051282051282,0.006235969069593228,0.01671239710651018,0.017710152157645265,0.00024943876278360477,0.040658518333748894,True,False
2025-07-21,risk_on,risk_on,OFFENSIVE,,"510300 ret20=0.0706, ret60=0.1001, vol20=0.0058, above_ma60=True; 159915_rel=0.0680; 518880_rel=-0.0730",39,23,14,2,0,0.5897435897435898,0.05128205128205128,20,0.5128205128205128,0.079254,0.11222,0.107445,0.023895,0.02564102564102564,0.010907288051561936,0.016856717897868245,0.014129895884977817,-0.0012394645513138514,0.04214179474467028,True,False
2025-07-22,risk_on,risk_on,OFFENSIVE,,"510300 ret20=0.0695, ret60=0.1109, vol20=0.0057, above_ma60=True; 159915_rel=0.0504; 518880_rel=-0.0557",39,26,10,3,0,0.6666666666666666,0.07692307692307693,17,0.4358974358974359,0.072893,0.095876,0.08295,0.027677,0.038461538461538464,-0.0004904364884749102,0.0004904364884747991,0.008337420304070475,-0.004413928396272859,0.02550269740068667,True,False
2025-07-23,risk_on,risk_on,OFFENSIVE,,"510300 ret20=0.0511, ret60=0.1103, vol20=0.0048, above_ma60=True; 159915_rel=0.0333; 518880_rel=-0.0300",39,26,11,2,0,0.6666666666666666,0.05128205128205128,18,0.46153846153846156,0.053237,0.072545,0.061219,0.024365,0.02564102564102564,0.006378802747792012,0.003680078508341733,0.008096172718351502,-0.001226692836113763,0.04048086359175662,True,False
2025-07-24,risk_on,risk_on,OFFENSIVE,,"510300 ret20=0.0619, ret60=0.1174, vol20=0.0046, above_ma60=True; 159915_rel=0.0490; 518880_rel=-0.0593",39,28,7,4,0,0.717948717948718,0.10256410256410256,20,0.5128205128205128,0.069124,0.10865,0.100736,0.027978,0.05128205128205128,-0.005363237445148772,0.0024378352023401995,-0.017064846416382284,-0.007801072647489082,0.03729887859580683,True,False
2025-07-25,risk_on,risk_on,OFFENSIVE,,"510300 ret20=0.0625, ret60=0.1132, vol20=0.0045, above_ma60=True; 159915_rel=0.0408; 518880_rel=-0.0512",39,28,9,2,0,0.717948717948718,0.05128205128205128,23,0.5897435897435898,0.07144,0.104339,0.10041,0.027708,0.02564102564102564,0.0026960784313725394,0.007107843137254877,-0.01715686274509809,-0.004901960784313819,0.0676470588235294,True,False
2025-07-28,risk_on,risk_on,OFFENSIVE,,"510300 ret20=0.0601, ret60=0.1184, vol20=0.0045, above_ma60=True; 159915_rel=0.0379; 518880_rel=-0.0500",39,26,9,4,0,0.6666666666666666,0.10256410256410256,17,0.4358974358974359,0.065169,0.097946,0.106445,0.026382,0.05128205128205128,0.005133219261794109,-0.014421901735517051,-0.015155218772916257,-0.002933268149596824,0.08579809337570277,True,False
2025-07-29,risk_on,risk_on,OFFENSIVE,,"510300 ret20=0.0639, ret60=0.1250, vol20=0.0045, above_ma60=True; 159915_rel=0.0570; 518880_rel=-0.0685",39,25,8,6,0,0.6410256410256411,0.15384615384615385,20,0.5128205128205128,0.076687,0.109075,0.114987,0.02565,0.07692307692307693,-0.0007295719844357951,-0.024805447470817144,-0.012645914396887226,-0.0017023346303500775,0.07441634241245132,True,False
2025-07-30,risk_on,risk_on,OFFENSIVE,,"510300 ret20=0.0620, ret60=0.1129, vol20=0.0046, above_ma60=True; 159915_rel=0.0525; 518880_rel=-0.0643",39,26,8,5,0,0.6666666666666666,0.1282051282051282,19,0.48717948717948717,0.07382,0.103815,0.115916,0.027153,0.0641025641025641,-0.01873935264054516,-0.019469457288878056,-0.009247992212217171,0.007544414699440116,0.059138476514967175,True,False
2025-07-31,risk_on,risk_on,OFFENSIVE,,"510300 ret20=0.0360, ret60=0.0850, vol20=0.0066, above_ma60=True; 159915_rel=0.0388; 518880_rel=-0.0487",39,22,12,5,0,0.5641025641025641,0.1282051282051282,20,0.5128205128205128,0.049468,0.078236,0.090344,0.017598,0.0641025641025641,-0.005456349206349298,0.00694444444444442,0.009424603174603252,0.025049603174603252,0.10019841269841279,True,False
2025-08-01,risk_on,risk_on,OFFENSIVE,,"510300 ret20=0.0258, ret60=0.0725, vol20=0.0068, above_ma60=True; 159915_rel=0.0539; 518880_rel=-0.0333",39,21,12,6,0,0.5384615384615384,0.15384615384615385,20,0.5128205128205128,0.043491,0.078834,0.084618,0.014921,0.07692307692307693,0.004738154613466383,0.015211970074813008,0.012468827930174564,0.04039900249376549,0.11670822942643388,True,False
2025-08-04,risk_on,risk_on,OFFENSIVE,,"510300 ret20=0.0355, ret60=0.0790, vol20=0.0067, above_ma60=True; 159915_rel=0.0607; 518880_rel=-0.0231",39,21,10,8,0,0.5384615384615384,0.20512820512820512,19,0.48717948717948717,0.055701,0.100428,0.105127,0.018827,0.10256410256410256,0.00769421692727712,0.010176222387689338,0.012410027302059978,0.04343509555721026,0.11516505336311744,True,False
2025-08-05,risk_on,risk_on,OFFENSIVE,,"510300 ret20=0.0344, ret60=0.0744, vol20=0.0066, above_ma60=True; 159915_rel=0.0402; 518880_rel=-0.0267",39,24,11,4,0,0.6153846153846154,0.10256410256410256,20,0.5128205128205128,0.048279,0.094399,0.106781,0.020521,0.05128205128205128,0.0027093596059113434,0.0,0.011083743842364768,0.03004926108374395,0.10024630541871926,True,False
2025-08-06,risk_on,risk_on,OFFENSIVE,,"510300 ret20=0.0380, ret60=0.0761, vol20=0.0066, above_ma60=True; 159915_rel=0.0420; 518880_rel=-0.0169",39,26,9,4,0,0.6666666666666666,0.10256410256410256,21,0.5384615384615384,0.054964,0.108808,0.116732,0.020424,0.05128205128205128,-0.00024563989191828117,0.0019651191353475816,0.016949152542372836,0.041758781626136,0.08720216163104899,True,False
2025-08-07,risk_on,risk_on,OFFENSIVE,,"510300 ret20=0.0325, ret60=0.0616, vol20=0.0066, above_ma60=True; 159915_rel=0.0371; 518880_rel=-0.0171",39,25,12,2,0,0.6410256410256411,0.05128205128205128,22,0.5641025641025641,0.049604,0.092118,0.0981,0.01819,0.02564102564102564,-0.002457002457002644,0.008599508599508532,0.015479115479115402,0.045454545454545414,0.0646191646191645,True,False
2025-08-08,risk_on,risk_on,OFFENSIVE,,"510300 ret20=0.0263, ret60=0.0684, vol20=0.0066, above_ma60=True; 159915_rel=0.0318; 518880_rel=-0.0084",39,25,10,4,0,0.6410256410256411,0.10256410256410256,20,0.5128205128205128,0.039188,0.074503,0.071709,0.01466,0.05128205128205128,0.004679802955664947,0.019704433497536922,0.02758620689655178,0.07290640394088688,0.09137931034482771,True,False
2025-08-11,risk_on,risk_on,OFFENSIVE,,"510300 ret20=0.0314, ret60=0.0797, vol20=0.0067, above_ma60=True; 159915_rel=0.0513; 518880_rel=-0.0328",39,27,7,5,0,0.6923076923076923,0.1282051282051282,23,0.5897435897435898,0.048841,0.084827,0.078701,0.015587,0.0641025641025641,0.0063741113017898865,0.013238538857563098,0.03064476587398879,0.0889924000980633,0.08654081882814424,True,False
2025-08-12,risk_on,risk_on,OFFENSIVE,,"510300 ret20=0.0379, ret60=0.0883, vol20=0.0067, above_ma60=True; 159915_rel=0.0403; 518880_rel=-0.0429",39,28,6,5,0,0.717948717948718,0.1282051282051282,24,0.6153846153846154,0.053312,0.078341,0.073799,0.018147,0.0641025641025641,0.008526187576126443,0.016321559074299552,0.018757612667478663,0.0762484774665042,0.07308160779537154,True,False
2025-08-13,risk_on,risk_on,OFFENSIVE,,"510300 ret20=0.0492, ret60=0.0918, vol20=0.0068, above_ma60=True; 159915_rel=0.0719; 518880_rel=-0.0474",39,26,8,5,0,0.6666666666666666,0.1282051282051282,24,0.6153846153846154,0.06965,0.091504,0.088453,0.021096,0.0641025641025641,-0.0016908212560385882,0.015458937198067568,0.024396135265700503,0.051207729468599084,0.06642512077294693,True,False
2025-08-14,risk_on,risk_on,OFFENSIVE,,"510300 ret20=0.0387, ret60=0.0853, vol20=0.0067, above_ma60=True; 159915_rel=0.0499; 518880_rel=-0.0351",39,26,7,6,0,0.6666666666666666,0.15384615384615385,21,0.5384615384615384,0.055653,0.06145,0.067943,0.015533,0.07692307692307693,0.009436244858456178,0.011855794822163146,0.02951850955722235,0.07331236390031459,0.09774981853375264,True,False
2025-08-15,risk_on,risk_on,OFFENSIVE,,"510300 ret20=0.0407, ret60=0.0962, vol20=0.0068, above_ma60=True; 159915_rel=0.0735; 518880_rel=-0.0409",39,26,7,6,0,0.6666666666666666,0.15384615384615385,24,0.6153846153846154,0.065162,0.073906,0.083471,0.013835,0.07692307692307693,0.007670182166826578,0.016538830297219587,0.04410354745925216,0.07334611697027804,0.07813998082454465,True,False
2025-08-18,risk_on,risk_on,OFFENSIVE,,"510300 ret20=0.0421, ret60=0.1131, vol20=0.0069, above_ma60=True; 159915_rel=0.0928; 518880_rel=-0.0466",39,24,9,6,0,0.6153846153846154,0.15384615384615385,22,0.5641025641025641,0.074085,0.08363,0.09307,0.012724,0.07692307692307693,-0.005233111322549777,0.01213130352045666,0.056612749762131376,0.06874405328258826,0.07183634633682212,True,False
2025-08-19,risk_on,risk_on,OFFENSIVE,,"510300 ret20=0.0255, ret60=0.1134, vol20=0.0067, above_ma60=True; 159915_rel=0.0994; 518880_rel=-0.0366",39,24,7,8,0,0.6153846153846154,0.20512820512820512,20,0.5128205128205128,0.05776,0.071725,0.082207,0.006594,0.10256410256410256,0.014108082257292986,0.04160688665710177,0.05643232902917261,0.06814921090387349,0.07532281205164981,True,False
2025-08-20,risk_on,risk_on,OFFENSIVE,,"510300 ret20=0.0405, ret60=0.1355, vol20=0.0073, above_ma60=True; 159915_rel=0.0911; 518880_rel=-0.0635",39,24,8,7,0,0.6153846153846154,0.1794871794871795,22,0.5641025641025641,0.074521,0.086952,0.090172,0.010038,0.08974358974358974,0.003301108229191385,0.04739448243338851,0.026173072388587793,0.043621787314312765,0.06814430558830487,True,False
2025-08-21,risk_on,risk_on,OFFENSIVE,,"510300 ret20=0.0373, ret60=0.1404, vol20=0.0072, above_ma60=True; 159915_rel=0.0689; 518880_rel=-0.0413",39,23,13,3,0,0.5897435897435898,0.07692307692307693,20,0.5128205128205128,0.063666,0.058388,0.061483,0.009917,0.038461538461538464,0.02373678025851933,0.03830787309048178,0.04253819036427742,0.01833137485311398,0.050763807285546525,True,False
2025-08-22,risk_on,risk_on,OFFENSIVE,,"510300 ret20=0.0676, ret60=0.1601, vol20=0.0085, above_ma60=True; 159915_rel=0.0808; 518880_rel=-0.0718",39,23,14,2,0,0.5897435897435898,0.05128205128205128,11,0.28205128205128205,0.103622,0.08087,0.085136,0.014787,0.02564102564102564,0.01974288337924701,-0.0009182736455463081,0.02800734618916434,0.017217630853994637,0.028696051423324098,True,False
2025-08-25,risk_on,risk_on,OFFENSIVE,,"510300 ret20=0.0858, ret60=0.1852, vol20=0.0093, above_ma60=True; 159915_rel=0.0829; 518880_rel=-0.0805",39,20,15,4,0,0.5128205128205128,0.10256410256410256,14,0.358974358974359,0.123602,0.09292,0.091329,0.023763,0.05128205128205128,-0.0054029716343989564,-0.0013507429085998224,0.011481314723097658,-0.002251238180999482,0.012156686177397624,True,False
2025-08-26,risk_on,risk_on,OFFENSIVE,,"510300 ret20=0.0744, ret60=0.1794, vol20=0.0095, above_ma60=True; 159915_rel=0.0653; 518880_rel=-0.0627",39,19,15,5,0,0.48717948717948717,0.1282051282051282,13,0.3333333333333333,0.106914,0.065711,0.06246,0.020296,0.0641025641025641,-0.01493888637392482,0.013580805794477069,0.011090991398822858,-0.0029425079221366834,0.018334087822543976,True,False
2025-08-27,risk_on,risk_on,OFFENSIVE,,"510300 ret20=0.0591, ret60=0.1565, vol20=0.0103, above_ma60=True; 159915_rel=0.0905; 518880_rel=-0.0492",39,16,20,3,0,0.41025641025641024,0.07692307692307693,14,0.358974358974359,0.102034,0.060941,0.051138,0.008141,0.038461538461538464,0.01930147058823528,0.032398897058823595,0.01700367647058809,0.014476102941176405,0.04319852941176472,True,False
2025-08-28,risk_on,risk_on,OFFENSIVE,,"510300 ret20=0.1002, ret60=0.1757, vol20=0.0096, above_ma60=True; 159915_rel=0.1193; 518880_rel=-0.0841",39,15,21,3,1,0.38461538461538464,0.07692307692307693,13,0.3333333333333333,0.157017,0.085306,0.072076,0.015122,0.05128205128205128,0.009467989179440917,0.0069882777276826236,-0.023219116321009814,0.02276825969341756,0.030658250676284915,True,False
2025-08-29,risk_on,risk_on,OFFENSIVE,,"510300 ret20=0.1167, ret60=0.1862, vol20=0.0094, above_ma60=True; 159915_rel=0.1273; 518880_rel=-0.0985",39,16,21,2,1,0.41025641025641024,0.05128205128205128,13,0.3333333333333333,0.17124,0.108586,0.090883,0.021636,0.038461538461538464,0.0033497096918269076,-0.011612326931665806,-0.010495757034390318,0.004466279589102395,0.011165698972755544,True,False
2025-09-01,risk_on,risk_on,OFFENSIVE,,"510300 ret20=0.1152, ret60=0.1874, vol20=0.0094, above_ma60=True; 159915_rel=0.1503; 518880_rel=-0.0882",39,16,20,3,2,0.41025641025641024,0.07692307692307693,12,0.3076923076923077,0.175753,0.120537,0.101151,0.024461,0.0641025641025641,-0.005786779434676315,-0.03561095036723794,-0.01357667482750946,0.0028933897173379908,0.024927665257066467,True,False
2025-09-02,risk_on,risk_on,OFFENSIVE,,"510300 ret20=0.1002, ret60=0.1877, vol20=0.0097, above_ma60=True; 159915_rel=0.1273; 518880_rel=-0.0714",39,16,19,4,1,0.41025641025641024,0.10256410256410256,12,0.3076923076923077,0.150951,0.103966,0.086088,0.019736,0.0641025641025641,-0.009178419520931125,-0.008059100067159042,-0.013879561226774029,0.00671591672263272,0.03380344750391773,True,False
2025-09-03,risk_on,risk_on,OFFENSIVE,,"510300 ret20=0.0872, ret60=0.1669, vol20=0.0102, above_ma60=True; 159915_rel=0.1414; 518880_rel=-0.0470",39,15,18,6,4,0.38461538461538464,0.15384615384615385,11,0.28205128205128205,0.136876,0.083094,0.060641,0.015773,0.1282051282051282,-0.021012200632625433,0.0013556258472662286,-0.002485314053321308,0.02349751468594663,0.06032535020334384,True,False
2025-09-04,risk_on,risk_on,OFFENSIVE,,"510300 ret20=0.0646, ret60=0.1418, vol20=0.0116, above_ma60=True; 159915_rel=0.1212; 518880_rel=-0.0291",39,16,14,9,2,0.41025641025641024,0.23076923076923078,10,0.2564102564102564,0.102236,0.06369,0.040191,0.010228,0.14102564102564102,0.022617124394184174,0.0166166628202169,0.04708054465728129,0.03184860373874909,0.06069697669051455,True,False
2025-09-05,risk_on,risk_on,OFFENSIVE,,"510300 ret20=0.0914, ret60=0.1756, vol20=0.0123, above_ma60=True; 159915_rel=0.1820; 518880_rel=-0.0558",39,17,14,8,5,0.4358974358974359,0.20512820512820512,14,0.358974358974359,0.145349,0.12109,0.07859,0.017502,0.16666666666666666,0.00022568269013767406,-0.003610923042202674,0.015120740239223718,0.011284134506883259,0.03114421123899791,True,False
2025-09-08,risk_on,risk_on,OFFENSIVE,,"510300 ret20=0.0865, ret60=0.1728, vol20=0.0123, above_ma60=True; 159915_rel=0.1472; 518880_rel=-0.0303",39,19,13,7,5,0.48717948717948717,0.1794871794871795,16,0.41025641025641024,0.135422,0.122706,0.080836,0.023476,0.15384615384615385,-0.0060920577617328275,0.023691335740072095,0.01669675090252709,0.014440433212996373,0.02030685920577624,True,False
2025-09-09,risk_on,risk_on,OFFENSIVE,,"510300 ret20=0.0731, ret60=0.1660, vol20=0.0125, above_ma60=True; 159915_rel=0.1198; 518880_rel=0.0036",39,19,10,10,5,0.48717948717948717,0.2564102564102564,17,0.4358974358974359,0.113843,0.105525,0.066253,0.020532,0.19230769230769232,0.002270147559591429,0.02111237230419971,0.020885357548240613,0.02133938706015881,0.04040862656072641,True,False
2025-09-10,risk_on,risk_on,OFFENSIVE,,"510300 ret20=0.0664, ret60=0.1677, vol20=0.0125, above_ma60=True; 159915_rel=0.0961; 518880_rel=0.0053",39,19,11,9,5,0.48717948717948717,0.23076923076923078,14,0.358974358974359,0.103263,0.080605,0.04374,0.014871,0.1794871794871795,0.027633069082672712,0.020611551528878946,0.02604756511891293,0.028312570781426905,0.04144960362400907,True,False
2025-09-11,risk_on,risk_on,OFFENSIVE,,"510300 ret20=0.0977, ret60=0.2099, vol20=0.0135, above_ma60=True; 159915_rel=0.1390; 518880_rel=-0.0305",39,14,19,6,4,0.358974358974359,0.15384615384615385,12,0.3076923076923077,0.146568,0.107096,0.062606,0.019599,0.1282051282051282,-0.008595988538681931,-0.008816398501212297,-0.01454705752700014,0.0077143486885606904,-0.007934758651090945,True,False
2025-09-12,risk_on,risk_on,OFFENSIVE,,"510300 ret20=0.0781, ret60=0.1979, vol20=0.0138, above_ma60=True; 159915_rel=0.1156; 518880_rel=-0.0034",39,15,14,10,5,0.38461538461538464,0.2564102564102564,12,0.3076923076923077,0.12502,0.084621,0.037056,0.016321,0.19230769230769232,0.0017785682525566227,0.007114273010226713,-0.003779457536683073,0.0066696309470875015,0.004224099599822173,True,False
2025-09-15,risk_on,risk_on,OFFENSIVE,,"510300 ret20=0.0718, ret60=0.1959, vol20=0.0138, above_ma60=True; 159915_rel=0.1044; 518880_rel=-0.0020",39,17,13,9,5,0.4358974358974359,0.23076923076923078,10,0.2564102564102564,0.11375,0.07345,0.024092,0.014692,0.1794871794871795,-0.001997336884154488,-0.007767421216156256,-0.002219263204616073,0.021970705725699036,0.01797603195739006,True,False
2025-09-16,risk_on,risk_on,OFFENSIVE,,"510300 ret20=0.0753, ret60=0.1794, vol20=0.0137, above_ma60=True; 159915_rel=0.1126; 518880_rel=0.0114",39,19,11,9,5,0.48717948717948717,0.23076923076923078,13,0.3333333333333333,0.12457,0.088394,0.042674,0.015625,0.1794871794871795,0.007338225483655814,-0.0035579275072270544,0.00044474093840340956,0.026906826773404502,0.016677785190126748,True,False
2025-09-17,risk_on,risk_on,OFFENSIVE,,"510300 ret20=0.0681, ret60=0.1681, vol20=0.0135, above_ma60=True; 159915_rel=0.1370; 518880_rel=0.0119",39,19,12,8,5,0.48717948717948717,0.20512820512820512,15,0.38461538461538464,0.118749,0.092805,0.042591,0.012601,0.16666666666666666,-0.013024282560706424,-0.007505518763796903,0.002207505518763808,0.03598233995584965,0.013245033112582627,True,False
2025-09-18,risk_on,risk_on,OFFENSIVE,,"510300 ret20=0.0508, ret60=0.1574, vol20=0.0140, above_ma60=True; 159915_rel=0.1417; 518880_rel=0.0125",39,18,10,11,8,0.46153846153846156,0.28205128205128205,16,0.41025641025641024,0.107638,0.095255,0.041706,0.002995,0.24358974358974358,0.002236636099306688,0.006262581078058549,0.022590024602997083,0.027957951241333046,0.03936479534779691,True,False
2025-09-19,risk_on,risk_on,OFFENSIVE,,"510300 ret20=0.0287, ret60=0.1669, vol20=0.0131, above_ma60=True; 159915_rel=0.1216; 518880_rel=0.0418",39,15,13,11,8,0.38461538461538464,0.28205128205128205,14,0.358974358974359,0.065639,0.05772,0.000258,0.000387,0.24358974358974358,0.0033474670832405184,0.013166703860745477,0.010488730194152973,0.01963847355501014,0.04954251283195732,True,False
2025-09-22,risk_on,risk_on,OFFENSIVE,,"510300 ret20=0.0122, ret60=0.1651, vol20=0.0124, above_ma60=True; 159915_rel=0.1139; 518880_rel=0.0715",39,16,7,16,8,0.41025641025641024,0.41025641025641024,13,0.3333333333333333,0.051986,0.039836,-0.012277,-0.009815,0.3076923076923077,0.0006672597864767482,0.01690391459074725,0.02424377224199281,0.005782918149466187,0.04070284697508897,True,False
2025-09-23,risk_on,risk_on,OFFENSIVE,,"510300 ret20=0.0183, ret60=0.1640, vol20=0.0123, above_ma60=True; 159915_rel=0.1205; 518880_rel=0.0748",39,14,10,15,8,0.358974358974359,0.38461538461538464,10,0.2564102564102564,0.057829,0.04047,-0.016617,-0.010663,0.2948717948717949,0.009113136252500542,0.0064458768615247575,0.026450322293843254,0.018670815736830493,0.05334518781951547,True,False
2025-09-24,risk_on,risk_on,OFFENSIVE,,"510300 ret20=0.0432, ret60=0.1734, vol20=0.0118, above_ma60=True; 159915_rel=0.1289; 518880_rel=0.0561",39,14,13,12,8,0.358974358974359,0.3076923076923077,12,0.3076923076923077,0.089157,0.085696,0.023986,0.002316,0.2564102564102564,0.007048458149779835,0.014317180616740144,0.0337004405286343,0.012775330396475715,0.03524229074889873,True,False
2025-09-25,risk_on,risk_on,OFFENSIVE,,"510300 ret20=0.0307, ret60=0.1747, vol20=0.0112, above_ma60=True; 159915_rel=0.1137; 518880_rel=0.0601",39,15,12,12,8,0.38461538461538464,0.3076923076923077,13,0.3333333333333333,0.06498,0.082211,0.020777,0.002873,0.2564102564102564,-0.009623797025371972,0.010061242344707066,0.005249343832020914,-0.015529308836395361,0.01334208223972011,True,False
2025-09-26,risk_on,risk_on,OFFENSIVE,,"510300 ret20=0.0112, ret60=0.1584, vol20=0.0113, above_ma60=True; 159915_rel=0.0810; 518880_rel=0.0789",39,18,10,11,8,0.46153846153846156,0.28205128205128205,13,0.3333333333333333,0.041964,0.039115,-0.013914,-0.004779,0.24358974358974358,0.01700530035335701,0.036439929328621945,0.009054770318021266,-0.0024293286219079224,0.02473498233215543,True,False
2025-09-29,risk_on,risk_on,OFFENSIVE,,"510300 ret20=0.0249, ret60=0.1835, vol20=0.0119, above_ma60=True; 159915_rel=0.0728; 518880_rel=0.0551",39,15,7,17,6,0.38461538461538464,0.4358974358974359,14,0.358974358974359,0.050035,0.033731,-0.014806,-0.005456,0.2948717948717949,0.002823018458197657,-0.001954397394136831,-0.018023887079261725,-0.003908794788273773,0.00021715526601506774,True,False
2025-09-30,risk_on,risk_on,OFFENSIVE,,"510300 ret20=0.0338, ret60=0.1766, vol20=0.0118, above_ma60=True; 159915_rel=0.0958; 518880_rel=0.0534",39,16,9,14,5,0.41025641025641024,0.358974358974359,14,0.358974358974359,0.07285,0.061533,-0.003273,-0.001612,0.24358974358974358,0.016240796881766828,-0.010610653962754513,-0.007579038544824668,-0.00996102208748384,-0.0012992637505414573,True,False
2025-10-09,risk_on,risk_on,OFFENSIVE,,"510300 ret20=0.0603, ret60=0.1966, vol20=0.0119, above_ma60=True; 159915_rel=0.0669; 518880_rel=0.0634",39,16,10,13,6,0.41025641025641024,0.3333333333333333,14,0.358974358974359,0.099356,0.080761,0.015612,0.006032,0.24358974358974358,-0.020669081610909745,-0.03643724696356265,-0.020242914979757054,-0.021947581504368152,-0.002343916471340135,True,False
2025-10-10,risk_on,risk_on,OFFENSIVE,,"510300 ret20=0.0607, ret60=0.1659, vol20=0.0119, above_ma60=True; 159915_rel=0.0643; 518880_rel=0.0492",39,16,16,7,6,0.41025641025641024,0.1794871794871795,15,0.38461538461538464,0.099794,0.074614,0.027642,0.006982,0.16666666666666666,-0.005874673629242877,-0.0028285465622279737,-0.0206701479547432,0.011096605744125299,0.016536118363794428,True,False
2025-10-13,risk_on,risk_on,OFFENSIVE,,"510300 ret20=0.0311, ret60=0.1550, vol20=0.0111, above_ma60=True; 159915_rel=0.0062; 518880_rel=0.1083",39,15,10,14,8,0.38461538461538464,0.358974358974359,12,0.3076923076923077,0.059482,0.011105,-0.021734,-0.001035,0.28205128205128205,-0.010286714817246634,0.006347121908513831,-0.011381046180783505,0.02932808054278846,0.02516962136134837,True,False
2025-10-14,neutral,neutral,NEUTRAL,,"510300 ret20=0.0203, ret60=0.1434, vol20=0.0114, above_ma60=True; 159915_rel=-0.0114; 518880_rel=0.1236",39,12,8,19,12,0.3076923076923077,0.48717948717948717,9,0.23076923076923078,0.034093,-0.034655,-0.058685,-0.005963,0.3974358974358974,0.013489606368863427,-0.004643962848297156,0.014374170720919732,0.03471915081822208,0.026094648385669883,True,False
2025-10-15,risk_on,risk_on,OFFENSIVE,,"510300 ret20=0.0404, ret60=0.1588, vol20=0.0116, above_ma60=True; 159915_rel=0.0151; 518880_rel=0.1129",39,13,11,15,7,0.3333333333333333,0.38461538461538464,11,0.28205128205128205,0.062233,0.00641,-0.022797,0.001738,0.28205128205128205,0.003272965306567732,-0.014401047348898022,-0.0024001745581496703,0.03403883918830464,0.012873663539166413,True,False
2025-10-16,risk_on,risk_on,OFFENSIVE,,"510300 ret20=0.0414, ret60=0.1652, vol20=0.0116, above_ma60=True; 159915_rel=0.0069; 518880_rel=0.1218",39,12,11,16,8,0.3076923076923077,0.41025641025641024,7,0.1794871794871795,0.055497,0.007668,-0.024272,0.006009,0.3076923076923077,-0.021096128751631027,-0.0023923444976077235,-0.0017398869073510514,0.022183558068725517,0.019791213571118016,True,False
2025-10-17,risk_off,risk_off,DEFENSIVE,,"510300 ret20=-0.0079, ret60=0.1312, vol20=0.0110, above_ma60=True; 159915_rel=-0.0284; 518880_rel=0.2156",39,11,8,20,16,0.28205128205128205,0.5128205128205128,10,0.2564102564102564,-0.008618,-0.040828,-0.0625,0.001515,0.46153846153846156,0.0035547656076426737,0.01577427238391471,0.032437236169740036,0.02932681626305267,0.025994223505887648,True,False
2025-10-20,risk_off,risk_off,DEFENSIVE,,"510300 ret20=0.0042, ret60=0.1267, vol20=0.0109, above_ma60=True; 159915_rel=-0.0122; 518880_rel=0.1610",39,10,9,20,14,0.2564102564102564,0.5128205128205128,5,0.1282051282051282,0.002782,-0.031103,-0.05176,0.000203,0.4358974358974359,0.015497011290679596,0.01616116891742303,0.041177772858091544,0.027230462696479885,0.015497011290679596,True,False
2025-10-21,neutral,neutral,NEUTRAL,,"510300 ret20=0.0180, ret60=0.1371, vol20=0.0114, above_ma60=True; 159915_rel=-0.0097; 518880_rel=0.1786",39,19,6,14,10,0.48717948717948717,0.358974358974359,8,0.20512820512820512,0.018878,-0.020228,-0.039138,0.005658,0.3076923076923077,-0.0032701111837801777,0.013080444735121155,0.020056681927185682,0.00414214083278841,-0.005886200130804431,True,False
2025-10-22,neutral,neutral,NEUTRAL,,"510300 ret20=0.0167, ret60=0.1211, vol20=0.0114, above_ma60=True; 159915_rel=-0.0232; 518880_rel=0.1164",39,14,7,18,12,0.358974358974359,0.46153846153846156,7,0.1794871794871795,0.011893,-0.035493,-0.051666,0.001725,0.38461538461538464,0.003937007874015741,0.02865266841644809,0.03652668416447935,0.008748906386701671,0.00043744531933498365,True,False
2025-10-23,neutral,neutral,NEUTRAL,,"510300 ret20=0.0132, ret60=0.1261, vol20=0.0113, above_ma60=True; 159915_rel=-0.0392; 518880_rel=0.1161",39,15,11,13,10,0.38461538461538464,0.3333333333333333,8,0.20512820512820512,0.003236,-0.045414,-0.058579,0.00157,0.2948717948717949,0.01241830065359495,0.01938997821350763,0.023965141612200425,0.02004357298474968,-0.008061002178649246,True,False
2025-10-24,risk_on,risk_on,OFFENSIVE,,"510300 ret20=0.0394, ret60=0.1329, vol20=0.0111, above_ma60=True; 159915_rel=-0.0133; 518880_rel=0.0990",39,17,13,9,7,0.4358974358974359,0.23076923076923078,10,0.2564102564102564,0.035499,-0.030181,-0.043657,0.007108,0.20512820512820512,0.012050785452980328,0.019797718958467714,-0.003012696363245193,0.005379814934366234,-0.044329675059178064,True,False
2025-10-27,risk_on,risk_on,OFFENSIVE,,"510300 ret20=0.0495, ret60=0.1527, vol20=0.0114, above_ma60=True; 159915_rel=-0.0015; 518880_rel=0.0791",39,18,10,11,6,0.46153846153846156,0.28205128205128205,9,0.23076923076923078,0.051752,-0.004312,-0.013523,0.009484,0.21794871794871795,-0.005103125664469466,-0.0006378907080587526,-0.013395704869232583,-0.004039974484371656,-0.05719753348926215,True,False
2025-10-28,risk_on,risk_on,OFFENSIVE,,"510300 ret20=0.0407, ret60=0.1437, vol20=0.0115, above_ma60=True; 159915_rel=-0.0008; 518880_rel=0.0275",39,21,7,11,8,0.5384615384615384,0.28205128205128205,10,0.2564102564102564,0.03658,-0.01338,-0.029016,0.00611,0.24358974358974358,0.012823252831801524,-0.009831160504381375,-0.015601624278692161,-0.008335114340671246,-0.04381278050865567,True,False
2025-10-29,risk_on,risk_on,OFFENSIVE,,"510300 ret20=0.0533, ret60=0.1525, vol20=0.0117, above_ma60=True; 159915_rel=0.0136; 518880_rel=0.0141",39,20,9,10,9,0.5128205128205128,0.2564102564102564,11,0.28205128205128205,0.054109,0.020622,0.002106,0.010198,0.24358974358974358,-0.00822958430048526,-0.020890483224308976,-0.026798902722093176,-0.02046845326018143,-0.04979953576703944,True,False
2025-10-30,risk_on,risk_on,OFFENSIVE,,"510300 ret20=0.0352, ret60=0.1438, vol20=0.0119, above_ma60=True; 159915_rel=-0.0102; 518880_rel=0.0275",39,19,11,9,10,0.48717948717948717,0.23076923076923078,8,0.20512820512820512,0.023474,-0.018949,-0.036606,0.003441,0.24358974358974358,-0.014255319148936185,-0.020000000000000018,-0.003829787234042481,-0.002340425531914936,-0.04276595744680867,True,False
2025-10-31,neutral,neutral,NEUTRAL,,"510300 ret20=0.0133, ret60=0.1491, vol20=0.0123, above_ma60=True; 159915_rel=-0.0274; 518880_rel=0.0662",39,23,5,11,10,0.5897435897435898,0.28205128205128205,12,0.3076923076923077,-0.003957,-0.019183,-0.031508,0.006888,0.2692307692307692,0.0015109000647528514,-0.004532700194258554,0.008417871789337283,-0.003237642995898904,-0.02611698683358521,True,False
2025-11-03,neutral,neutral,NEUTRAL,,"510300 ret20=0.0247, ret60=0.1571, vol20=0.0121, above_ma60=True; 159915_rel=-0.0097; 518880_rel=0.0533",39,21,7,11,10,0.5384615384615384,0.28205128205128205,10,0.2564102564102564,0.009634,0.001575,-0.015558,0.010708,0.2692307692307692,-0.0073275862068965525,0.009051724137931094,0.009482758620689813,-0.011422413793103381,-0.016379310344827536,True,False
2025-11-04,risk_off,risk_off,DEFENSIVE,,"510300 ret20=0.0002, ret60=0.1432, vol20=0.0116, above_ma60=True; 159915_rel=-0.0317; 518880_rel=0.0577",39,15,11,13,15,0.38461538461538464,0.3333333333333333,13,0.3333333333333333,-0.018675,-0.03485,-0.04935,0.003287,0.358974358974359,0.0013026487190621605,0.014329135909682877,0.007381676074685206,-0.009986973512809416,-0.013677811550151908,True,False
2025-11-05,risk_off,risk_off,DEFENSIVE,,"510300 ret20=-0.0013, ret60=0.1360, vol20=0.0116, above_ma60=True; 159915_rel=-0.0220; 518880_rel=0.0453",39,13,11,15,15,0.3333333333333333,0.38461538461538464,13,0.3333333333333333,-0.02218,-0.048824,-0.061465,0.000275,0.38461538461538464,0.015177797051170838,0.015611448395490113,0.0065047701647875655,-0.00823937554206422,-0.019514310494362475,True,False
2025-11-06,neutral,neutral,NEUTRAL,,"510300 ret20=-0.0023, ret60=0.1501, vol20=0.0115, above_ma60=True; 159915_rel=-0.0082; 518880_rel=0.0053",39,14,11,14,14,0.358974358974359,0.358974358974359,14,0.358974358974359,-0.019011,-0.046337,-0.053354,-0.00302,0.358974358974359,-0.0021358393848783797,-0.008970525416488795,0.0014950875694146326,-0.027552328064929577,-0.03161042289619831,True,False
2025-11-07,neutral,neutral,NEUTRAL,,"510300 ret20=0.0165, ret60=0.1479, vol20=0.0105, above_ma60=True; 159915_rel=0.0125; 518880_rel=0.0057",39,19,6,14,12,0.48717948717948717,0.358974358974359,11,0.28205128205128205,0.008202,-0.017407,-0.046713,0.000134,0.3333333333333333,0.0025684931506850806,-0.006421232876712146,-0.011558219178082085,-0.04944349315068486,-0.020761986301369717,True,False
2025-11-10,risk_on,risk_on,OFFENSIVE,,"510300 ret20=0.0252, ret60=0.1537, vol20=0.0104, above_ma60=True; 159915_rel=0.0089; 518880_rel=-0.0165",39,16,11,12,10,0.41025641025641024,0.3076923076923077,12,0.3076923076923077,0.011371,-0.004402,-0.021336,0.010492,0.28205128205128205,-0.009393680614859234,0.0010674637062340064,-0.020708795900939436,-0.053373185311699434,-0.016011955593509875,True,False
2025-11-11,risk_on,risk_on,OFFENSIVE,,"510300 ret20=0.0261, ret60=0.1375, vol20=0.0103, above_ma60=True; 159915_rel=0.0349; 518880_rel=-0.0165",39,20,10,9,10,0.5128205128205128,0.23076923076923078,11,0.28205128205128205,0.024583,0.016253,-0.005748,0.008537,0.24358974358974358,0.0004310344827587187,-0.004741379310344684,-0.017241379310344862,-0.035775862068965436,-0.011853448275861989,True,False
2025-11-12,neutral,neutral,NEUTRAL,,"510300 ret20=0.0129, ret60=0.1308, vol20=0.0099, above_ma60=True; 159915_rel=0.0221; 518880_rel=-0.0301",39,23,6,10,11,0.5897435897435898,0.2564102564102564,12,0.3076923076923077,0.006751,-0.014941,-0.028926,0.004238,0.2692307692307692,0.010124946143903468,-0.011848341232227666,-0.014648858250754127,-0.029943989659629522,-0.013571736320551642,True,False
2025-11-13,risk_on,risk_on,OFFENSIVE,,"510300 ret20=0.0198, ret60=0.1326, vol20=0.0101, above_ma60=True; 159915_rel=0.0359; 518880_rel=-0.0273",39,25,5,9,11,0.6410256410256411,0.23076923076923078,17,0.4358974358974359,0.02276,0.009945,-0.012488,0.006,0.2564102564102564,-0.015141821283855772,-0.02751119641714661,-0.02900405203668166,-0.04052036681595228,-0.030710172744721764,True,False
2025-11-14,risk_on,risk_on,OFFENSIVE,,"510300 ret20=0.0260, ret60=0.1173, vol20=0.0095, above_ma60=True; 159915_rel=0.0351; 518880_rel=-0.0753",39,14,14,11,11,0.358974358974359,0.28205128205128205,12,0.3076923076923077,0.030454,0.034418,0.003929,0.005337,0.28205128205128205,-0.006712862711130474,-0.009527934170636798,-0.03832828064097027,-0.022953659592897524,-0.010177566045907471,True,False
2025-11-17,neutral,neutral,NEUTRAL,,"510300 ret20=0.0155, ret60=0.0995, vol20=0.0097, above_ma60=True; 159915_rel=0.0225; 518880_rel=-0.0571",39,19,6,14,11,0.48717948717948717,0.358974358974359,12,0.3076923076923077,0.018037,0.020853,-0.014875,0.002262,0.32051282051282054,-0.005886200130804431,-0.007412252016568477,-0.03335513407455848,-0.0050141704817963095,-0.009374318726836695,True,False
2025-11-18,neutral,neutral,NEUTRAL,,"510300 ret20=-0.0059, ret60=0.0847, vol20=0.0091, above_ma60=True; 159915_rel=0.0023; 518880_rel=-0.0692",39,13,13,13,13,0.3333333333333333,0.3333333333333333,12,0.3076923076923077,-0.007906,-0.007553,-0.030684,-0.005343,0.3333333333333333,0.0030701754385964453,-0.026096491228070118,-0.01885964912280691,-0.003728070175438525,-0.013815789473684115,True,False
2025-11-19,neutral,neutral,NEUTRAL,,"510300 ret20=0.0004, ret60=0.0937, vol20=0.0091, above_ma60=True; 159915_rel=0.0055; 518880_rel=-0.0166",39,14,12,13,12,0.358974358974359,0.3333333333333333,13,0.3333333333333333,-0.00369,-0.003361,-0.030768,-0.001939,0.32051282051282054,-0.004591167468299018,-0.03060778312199386,-0.015522518583296785,-0.011368605159597589,0.00043725404459982187,True,False
2025-11-20,neutral,neutral,NEUTRAL,,"510300 ret20=-0.0081, ret60=0.0736, vol20=0.0091, above_ma60=True; 159915_rel=0.0041; 518880_rel=-0.0021",39,12,11,16,13,0.3076923076923077,0.41025641025641024,12,0.3076923076923077,-0.012513,-0.013166,-0.03439,-0.004928,0.3717948717948718,-0.024599165385460142,-0.017351197012958397,-0.011860311882275432,-0.0041730726993192135,-0.0017570832418185578,True,False
2025-11-21,risk_off,risk_off,DEFENSIVE,,"510300 ret20=-0.0443, ret60=0.0437, vol20=0.0101, above_ma60=False; 159915_rel=-0.0329; 518880_rel=0.0307",39,5,4,30,18,0.1282051282051282,0.7692307692307693,5,0.1282051282051282,-0.062694,-0.055417,-0.065882,-0.010442,0.6153846153846154,-0.001576221571717995,0.013960819635217447,0.015987390227426124,0.030173384372889078,0.027921639270434673,True,False
2025-11-24,risk_off,risk_off,DEFENSIVE,,"510300 ret20=-0.0572, ret60=0.0179, vol20=0.0095, above_ma60=False; 159915_rel=-0.0366; 518880_rel=0.0508",39,4,4,31,19,0.10256410256410256,0.7948717948717948,4,0.10256410256410256,-0.074477,-0.055218,-0.068748,-0.012058,0.6410256410256411,0.009021199819575942,0.014659449706810879,0.02931889941362198,0.039467749210645,0.03901668921966617,True,False
2025-11-25,risk_off,risk_off,DEFENSIVE,,"510300 ret20=-0.0438, ret60=0.0072, vol20=0.0099, above_ma60=False; 159915_rel=-0.0323; 518880_rel=0.0919",39,6,5,28,17,0.15384615384615385,0.717948717948718,6,0.15384615384615385,-0.059652,-0.044348,-0.056352,-0.005369,0.5769230769230769,0.006481895395619164,0.008493518104604192,0.015422440768886991,0.02481001341081801,0.031962449709432184,True,False
2025-11-26,risk_off,risk_off,DEFENSIVE,,"510300 ret20=-0.0498, ret60=0.0192, vol20=0.0095, above_ma60=False; 159915_rel=-0.0329; 518880_rel=0.0865",39,5,4,30,17,0.1282051282051282,0.7692307692307693,4,0.10256410256410256,-0.066252,-0.063656,-0.065149,-0.008342,0.6025641025641025,-0.0008882966910949142,0.013546524539196136,0.00421940928270037,0.016877637130801704,0.029091716633355524,True,False
2025-11-27,risk_off,risk_off,DEFENSIVE,,"510300 ret20=-0.0428, ret60=0.0338, vol20=0.0094, above_ma60=False; 159915_rel=-0.0273; 518880_rel=0.0779",39,4,9,26,15,0.10256410256410256,0.6666666666666666,4,0.10256410256410256,-0.05723,-0.052169,-0.049359,-0.005745,0.5256410256410257,0.002889531006890378,0.009779951100244544,0.007779506557012761,0.010224494332073952,0.032007112691709194,True,False
2025-11-28,risk_off,risk_off,DEFENSIVE,,"510300 ret20=-0.0261, ret60=0.0171, vol20=0.0090, above_ma60=False; 159915_rel=-0.0153; 518880_rel=0.0572",39,4,10,25,15,0.10256410256410256,0.6410256410256411,3,0.07692307692307693,-0.035027,-0.053174,-0.056015,-0.007456,0.5128205128205128,0.01152482269503552,0.002216312056737779,0.013962765957447054,0.01307624113475181,0.033023049645390046,True,False
2025-12-01,risk_off,risk_off,DEFENSIVE,,"510300 ret20=-0.0164, ret60=0.0192, vol20=0.0094, above_ma60=True; 159915_rel=-0.0161; 518880_rel=0.0578",39,6,12,21,13,0.15384615384615385,0.5384615384615384,6,0.15384615384615385,-0.023547,-0.04632,-0.046962,-0.005819,0.4358974358974359,-0.004601226993865004,-0.006573181419807228,0.009859772129710676,-0.004382120946538226,0.01665205959684468,True,False
2025-12-02,risk_off,risk_off,DEFENSIVE,,"510300 ret20=-0.0137, ret60=0.0111, vol20=0.0093, above_ma60=False; 159915_rel=-0.0056; 518880_rel=0.0566",39,4,14,21,13,0.10256410256410256,0.5384615384615384,4,0.10256410256410256,-0.01922,-0.037037,-0.042834,-0.006323,0.4358974358974359,-0.0046224961479198745,0.0070438036539730575,0.009244992295839749,-0.010125467752586492,0.02355271846797269,True,False
2025-12-03,risk_off,risk_off,DEFENSIVE,,"510300 ret20=-0.0195, ret60=0.0123, vol20=0.0094, above_ma60=False; 159915_rel=-0.0196; 518880_rel=0.0643",39,5,11,23,15,0.1282051282051282,0.5897435897435898,5,0.1282051282051282,-0.027902,-0.048539,-0.045349,-0.008664,0.48717948717948717,0.0026536930561698036,0.019239274657231187,0.012605042016806678,0.011941618752764116,0.023883237505528454,True,False
2025-12-04,risk_off,risk_off,DEFENSIVE,,"510300 ret20=-0.0316, ret60=0.0244, vol20=0.0086, above_ma60=False; 159915_rel=-0.0152; 518880_rel=0.0669",39,4,7,28,14,0.10256410256410256,0.717948717948718,4,0.10256410256410256,-0.040717,-0.051667,-0.046418,-0.01362,0.5384615384615384,0.009042787825319865,0.011248345831495365,0.00242611380679314,0.00242611380679314,0.06837229819144253,True,False
2025-12-05,risk_off,risk_off,DEFENSIVE,,"510300 ret20=-0.0208, ret60=0.0559, vol20=0.0089, above_ma60=True; 159915_rel=-0.0094; 518880_rel=0.0598",39,5,12,22,13,0.1282051282051282,0.5641025641025641,5,0.1282051282051282,-0.028408,-0.037235,-0.022707,-0.010178,0.44871794871794873,0.007431693989071064,0.0008743169398905959,-0.0008743169398908179,-0.0021857923497267118,0.07519125683060102,True,False
2025-12-08,neutral,neutral,NEUTRAL,,"510300 ret20=-0.0160, ret60=0.0402, vol20=0.0091, above_ma60=True; 159915_rel=0.0201; 518880_rel=0.0355",39,4,13,22,13,0.10256410256410256,0.5641025641025641,5,0.1282051282051282,-0.015043,-0.028036,-0.018138,-0.019683,0.44871794871794873,-0.00520720329789548,-0.013885875461054464,-0.014102842265133475,-0.0004339336081579104,0.06335430679106091,True,False
2025-12-09,neutral,neutral,NEUTRAL,,"510300 ret20=-0.0119, ret60=0.0345, vol20=0.0090, above_ma60=True; 159915_rel=0.0359; 518880_rel=0.0101",39,4,11,24,13,0.10256410256410256,0.6153846153846154,5,0.1282051282051282,-0.007666,-0.026805,-0.019495,-0.023364,0.47435897435897434,-0.001308615049073092,-0.003053435114503844,-0.019193020719738274,0.006979280261723009,0.060632497273718666,True,False
2025-12-10,neutral,neutral,NEUTRAL,,"510300 ret20=-0.0136, ret60=0.0395, vol20=0.0090, above_ma60=True; 159915_rel=0.0406; 518880_rel=0.0209",39,5,12,22,12,0.1282051282051282,0.5641025641025641,5,0.1282051282051282,-0.005782,-0.017544,-0.015781,-0.022903,0.4358974358974359,-0.007425202009172294,-0.007643590303559766,-0.0006551648831623069,0.01201135619130822,0.06682681808255087,True,False
2025-12-11,risk_off,risk_off,DEFENSIVE,,"510300 ret20=-0.0307, ret60=0.0294, vol20=0.0087, above_ma60=False; 159915_rel=0.0194; 518880_rel=0.0236",39,4,7,28,13,0.10256410256410256,0.717948717948718,7,0.1794871794871795,-0.03008,-0.046578,-0.038452,-0.028219,0.5256410256410257,0.005720572057205775,-0.010561056105610533,0.0,0.02156215621562163,0.08096809680968109,True,False
2025-12-12,neutral,neutral,NEUTRAL,,"510300 ret20=-0.0102, ret60=0.0075, vol20=0.0082, above_ma60=False; 159915_rel=0.0364; 518880_rel=0.0246",39,6,9,24,13,0.15384615384615385,0.6153846153846154,6,0.15384615384615385,-0.002286,-0.03244,-0.025889,-0.022415,0.47435897435897434,-0.005906803762852797,0.0010938525486763329,-0.0013126230584116216,0.019689345876175768,0.07110041566396852,True,False
2025-12-15,risk_off,risk_off,DEFENSIVE,,"510300 ret20=-0.0094, ret60=0.0102, vol20=0.0082, above_ma60=False; 159915_rel=0.0210; 518880_rel=0.0622",39,7,9,23,13,0.1794871794871795,0.5897435897435898,7,0.1794871794871795,-0.007211,-0.039923,-0.023396,-0.017563,0.46153846153846156,-0.010343309859154881,0.00022007042253524567,0.013864436619718479,0.021126760563380254,0.070862676056338,True,False
2025-12-16,risk_off,risk_off,DEFENSIVE,,"510300 ret20=-0.0138, ret60=-0.0020, vol20=0.0084, above_ma60=False; 159915_rel=0.0168; 518880_rel=0.0666",39,5,6,28,13,0.1282051282051282,0.717948717948718,5,0.1282051282051282,-0.016334,-0.04701,-0.035488,-0.018179,0.5256410256410257,0.017567267066933345,0.015121191905715037,0.026684456304202797,0.03402268178785861,0.08405603735823886,True,False
2025-12-17,risk_on,risk_on,OFFENSIVE,,"510300 ret20=0.0004, ret60=0.0176, vol20=0.0093, above_ma60=False; 159915_rel=0.0346; 518880_rel=0.0393",39,7,10,22,13,0.1794871794871795,0.5641025641025641,7,0.1794871794871795,0.005704,-0.028129,-0.013615,-0.014447,0.44871794871794873,-0.00677447552447541,0.006774475524475632,0.012674825174825433,0.01180069930069938,0.06184440559440563,True,False
2025-12-18,risk_off,risk_off,DEFENSIVE,,"510300 ret20=-0.0018, ret60=0.0033, vol20=0.0094, above_ma60=False; 159915_rel=0.0236; 518880_rel=0.0484",39,8,12,19,13,0.20512820512820512,0.48717948717948717,7,0.1794871794871795,0.00193,-0.025136,-0.015534,-0.010445,0.41025641025641024,0.004400440044004528,0.015841584158415856,0.02156215621562163,0.06578657865786597,0.04246424642464253,True,False
2025-12-19,risk_on,risk_on,OFFENSIVE,,"510300 ret20=0.0279, ret60=0.0210, vol20=0.0074, above_ma60=False; 159915_rel=0.0420; 518880_rel=0.0270",39,11,11,17,13,0.28205128205128205,0.4358974358974359,8,0.20512820512820512,0.038526,0.016807,0.01963,-0.000648,0.38461538461538464,0.009200438116100829,0.015115005476451282,0.021029572836801513,0.07754654983570619,0.03483023001095287,True,False
2025-12-22,risk_on,risk_on,OFFENSIVE,,"510300 ret20=0.0390, ret60=0.0281, vol20=0.0076, above_ma60=True; 159915_rel=0.0528; 518880_rel=0.0348",39,14,8,17,13,0.358974358974359,0.4358974358974359,10,0.2564102564102564,0.051251,0.011252,0.014259,-0.001284,0.38461538461538464,0.0021706099413933977,0.007814195789016543,0.007163012806598479,0.0638159322769698,0.02669850227914039,True,False
2025-12-23,risk_on,risk_on,OFFENSIVE,,"510300 ret20=0.0320, ret60=0.0269, vol20=0.0074, above_ma60=True; 159915_rel=0.0437; 518880_rel=0.0378",39,15,7,17,13,0.38461538461538464,0.4358974358974359,10,0.2564102564102564,0.042797,0.002415,0.005107,-0.003386,0.38461538461538464,0.0036820446177172617,0.009529997834091253,0.007147498375568606,0.05328135152696567,0.023824994585228465,True,False
2025-12-24,risk_on,risk_on,OFFENSIVE,,"510300 ret20=0.0291, ret60=0.0300, vol20=0.0073, above_ma60=True; 159915_rel=0.0320; 518880_rel=0.0409",39,19,3,17,13,0.48717948717948717,0.4358974358974359,11,0.28205128205128205,0.039869,0.009509,0.006076,-0.001866,0.38461538461538464,0.0019421665947345623,0.0012947777298228935,-0.0008631851532154844,0.05416486836426393,0.015105740181268645,True,False
2025-12-25,risk_on,risk_on,OFFENSIVE,,"510300 ret20=0.0320, ret60=0.0227, vol20=0.0073, above_ma60=True; 159915_rel=0.0377; 518880_rel=0.0297",39,20,2,17,13,0.5128205128205128,0.4358974358974359,11,0.28205128205128205,0.043479,0.026717,0.021673,0.001292,0.38461538461538464,0.003876803790652472,0.0015076459185872082,0.043290975662287456,0.05815205685978908,0.014861081197501624,True,False
2025-12-26,risk_on,risk_on,OFFENSIVE,,"510300 ret20=0.0330, ret60=0.0195, vol20=0.0073, above_ma60=True; 159915_rel=0.0299; 518880_rel=0.0313",39,20,4,15,12,0.5128205128205128,0.38461538461538464,12,0.3076923076923077,0.041311,0.025793,0.019502,-0.000282,0.34615384615384615,-0.0045054709289851225,-0.006650933276120985,0.05535292855610385,0.05041836515769149,0.010512765500965582,True,False
2025-12-29,risk_on,risk_on,OFFENSIVE,,"510300 ret20=0.0167, ret60=0.0247, vol20=0.0071, above_ma60=True; 159915_rel=0.0263; 518880_rel=0.0272",39,22,0,18,13,0.5641025641025641,0.46153846153846156,15,0.38461538461538464,0.024954,0.014426,0.008408,-0.006836,0.3974358974358974,0.0021551724137931494,0.04396551724137954,0.05625000000000013,0.04870689655172411,0.018318965517241326,True,False
2025-12-30,risk_on,risk_on,OFFENSIVE,,"510300 ret20=0.0236, ret60=0.0098, vol20=0.0069, above_ma60=True; 159915_rel=0.0344; 518880_rel=0.0040",39,19,6,14,10,0.48717948717948717,0.358974358974359,16,0.41025641025641024,0.037145,0.034118,0.026814,-0.00529,0.3076923076923077,-0.004301075268817289,0.05784946236559119,0.04580645161290331,0.048387096774193505,0.025376344086021296,True,False
2025-12-31,risk_on,risk_on,OFFENSIVE,,"510300 ret20=0.0239, ret60=0.0026, vol20=0.0069, above_ma60=True; 159915_rel=0.0314; 518880_rel=-0.0013",39,18,6,15,12,0.46153846153846156,0.38461538461538464,14,0.358974358974359,0.037522,0.040286,0.030226,-0.005279,0.34615384615384615,0.046220302375810096,0.0585313174946005,0.05507559395248385,0.0494600431965444,0.0174946004319656,True,False
2026-01-05,risk_on,risk_on,OFFENSIVE,,"510300 ret20=0.0684, ret60=0.0322, vol20=0.0122, above_ma60=True; 159915_rel=0.0070; 518880_rel=-0.0208",39,17,11,11,6,0.4358974358974359,0.28205128205128205,8,0.20512820512820512,0.061837,0.057745,0.049914,0.008075,0.21794871794871795,0.015483071841453144,0.003922378199834764,0.014244426094137008,-0.021882741535920736,-0.050371593724194974,True,False
2026-01-06,risk_on,risk_on,OFFENSIVE,,"510300 ret20=0.0752, ret60=0.0703, vol20=0.0125, above_ma60=True; 159915_rel=-0.0059; 518880_rel=-0.0269",39,16,13,10,2,0.41025641025641024,0.2564102564102564,7,0.1794871794871795,0.06948,0.059666,0.050265,0.009823,0.15384615384615385,-0.0036592803415328445,-0.0069119739784508916,-0.004675747103069616,-0.03964220369993887,-0.0518398048383818,True,False
2026-01-07,risk_on,risk_on,OFFENSIVE,,"510300 ret20=0.0634, ret60=0.0727, vol20=0.0125, above_ma60=True; 159915_rel=-0.0192; 518880_rel=-0.0186",39,18,13,8,2,0.46153846153846156,0.20512820512820512,6,0.15384615384615385,0.056746,0.051817,0.039521,0.010065,0.1282051282051282,-0.007753519689859045,0.002448479902060985,-0.007141399714344021,-0.03489083860436637,-0.03958375841664963,True,False
2026-01-08,risk_on,risk_on,OFFENSIVE,,"510300 ret20=0.0606, ret60=0.0754, vol20=0.0126, above_ma60=True; 159915_rel=-0.0296; 518880_rel=-0.0092",39,18,15,6,2,0.46153846153846156,0.15384615384615385,9,0.23076923076923078,0.05617,0.067213,0.043198,0.014262,0.10256410256410256,0.004523956405510843,0.006785934608266375,0.002467612584824197,-0.027966275961340714,-0.0378367263006375,True,False
2026-01-09,risk_on,risk_on,OFFENSIVE,,"510300 ret20=0.0668, ret60=0.0659, vol20=0.0126, above_ma60=True; 159915_rel=-0.0286; 518880_rel=-0.0122",39,17,16,6,2,0.4358974358974359,0.15384615384615385,8,0.20512820512820512,0.066213,0.084038,0.051966,0.017529,0.10256410256410256,0.005731832139201698,-0.0038894575230297157,-0.005322415557830085,-0.03705220061412484,-0.048311156601842375,True,False
2026-01-12,risk_on,risk_on,OFFENSIVE,,"510300 ret20=0.0810, ret60=0.0685, vol20=0.0124, above_ma60=True; 159915_rel=-0.0094; 518880_rel=-0.0078",39,17,15,7,2,0.4358974358974359,0.1794871794871795,12,0.3076923076923077,0.092075,0.116391,0.075232,0.024851,0.11538461538461539,-0.0034602076124568004,-0.007734581721962175,-0.035619784245878194,-0.040911866476694536,-0.03785874211276208,True,False
2026-01-13,risk_on,risk_on,OFFENSIVE,,"510300 ret20=0.0711, ret60=0.0878, vol20=0.0125, above_ma60=True; 159915_rel=-0.0295; 518880_rel=-0.0098",39,18,14,7,3,0.46153846153846156,0.1794871794871795,8,0.20512820512820512,0.069174,0.097262,0.071182,0.023633,0.1282051282051282,-0.006127450980392246,-0.007557189542483633,-0.03513071895424835,-0.03799019607843135,-0.03329248366013082,True,False
2026-01-14,risk_on,risk_on,OFFENSIVE,,"510300 ret20=0.0709, ret60=0.0773, vol20=0.0125, above_ma60=True; 159915_rel=-0.0029; 518880_rel=-0.0098",39,21,10,8,4,0.5384615384615384,0.20512820512820512,12,0.3076923076923077,0.084599,0.109122,0.074948,0.024046,0.15384615384615385,0.0018495684340320562,-0.02630497328401138,-0.027949034114262084,-0.028976572133168954,-0.029387587340731547,True,False
2026-01-15,risk_on,risk_on,OFFENSIVE,,"510300 ret20=0.0841, ret60=0.0628, vol20=0.0120, above_ma60=True; 159915_rel=0.0114; 518880_rel=-0.0162",39,21,9,9,3,0.5384615384615384,0.23076923076923078,14,0.358974358974359,0.100824,0.125946,0.084053,0.025637,0.15384615384615385,-0.0032820512820512793,-0.030974358974358962,-0.030358974358974278,-0.021948717948718,-0.030358974358974278,True,False
2026-01-16,risk_on,risk_on,OFFENSIVE,,"510300 ret20=0.0618, ret60=0.0628, vol20=0.0117, above_ma60=True; 159915_rel=-0.0043; 518880_rel=-0.0031",39,21,7,11,5,0.5384615384615384,0.28205128205128205,14,0.358974358974359,0.076034,0.113372,0.067384,0.016746,0.20512820512820512,-0.024902243259929957,-0.02654867256637161,-0.03189956781230707,-0.030458942169170555,-0.03869108870137883,True,False
2026-01-19,risk_on,risk_on,OFFENSIVE,,"510300 ret20=0.0425, ret60=0.0322, vol20=0.0131, above_ma60=True; 159915_rel=0.0306; 518880_rel=0.0314",39,23,7,9,3,0.5897435897435898,0.23076923076923078,16,0.41025641025641024,0.082557,0.12535,0.071087,0.016209,0.15384615384615385,-0.0029548332629801832,-0.002321654706627263,-0.005487547488391864,-0.02912621359223322,-0.004643309413254637,True,False
2026-01-20,risk_on,risk_on,OFFENSIVE,,"510300 ret20=0.0348, ret60=0.0166, vol20=0.0132, above_ma60=True; 159915_rel=0.0154; 518880_rel=0.0477",39,20,6,13,3,0.5128205128205128,0.3333333333333333,18,0.46153846153846156,0.067992,0.091866,0.051187,0.015614,0.20512820512820512,0.0012701100762066986,-0.0042337002540221436,-0.002963590177815445,-0.012701100762066098,0.005503810330228509,True,False
2026-01-21,risk_on,risk_on,OFFENSIVE,,"510300 ret20=0.0267, ret60=0.0057, vol20=0.0131, above_ma60=True; 159915_rel=0.0067; 518880_rel=0.0644",39,21,3,15,5,0.5384615384615384,0.38461538461538464,19,0.48717948717948717,0.064312,0.090065,0.049712,0.016081,0.2564102564102564,-0.0006342494714588476,-0.0038054968287527524,-0.0010570824524314126,-0.004862579281184054,0.0010570824524311906,True,False
2026-01-22,neutral,neutral,NEUTRAL,,"510300 ret20=0.0238, ret60=0.0103, vol20=0.0131, above_ma60=True; 159915_rel=0.0170; 518880_rel=0.0490",39,21,4,14,5,0.5384615384615384,0.358974358974359,20,0.5128205128205128,0.063795,0.093198,0.048041,0.016035,0.24358974358974358,-0.004865665326845847,-0.0035963613285382445,0.008673577321768544,-0.01015443198646071,-0.0004231013327693489,True,False
2026-01-23,neutral,neutral,NEUTRAL,,"510300 ret20=0.0151, ret60=-0.0074, vol20=0.0131, above_ma60=True; 159915_rel=0.0238; 518880_rel=0.0860",39,26,0,14,6,0.6666666666666666,0.358974358974359,20,0.5128205128205128,0.060971,0.110381,0.049044,0.019343,0.2564102564102564,0.001700680272108901,0.004464285714285587,0.0014880952380953438,-0.011692176870748194,0.007440476190476275,True,False
2026-01-26,neutral,neutral,NEUTRAL,,"510300 ret20=0.0149, ret60=0.0026, vol20=0.0131, above_ma60=True; 159915_rel=0.0109; 518880_rel=0.1271",39,26,0,14,6,0.6666666666666666,0.358974358974359,21,0.5384615384615384,0.055274,0.07814,0.033537,0.019026,0.2564102564102564,-0.0004244482173174635,0.011884550084889645,-0.02376910016977929,0.0031833616298813094,-0.007215619694397213,True,False
2026-01-27,neutral,neutral,NEUTRAL,,"510300 ret20=0.0105, ret60=0.0166, vol20=0.0131, above_ma60=True; 159915_rel=0.0208; 518880_rel=0.1225",39,22,0,17,5,0.5641025641025641,0.4358974358974359,17,0.4358974358974359,0.05567,0.067602,0.025082,0.013647,0.28205128205128205,0.0031847133757960666,0.00021231422505318953,-0.009766454352441722,0.004883227176220695,-0.02123142250530774,True,False
2026-01-28,neutral,neutral,NEUTRAL,,"510300 ret20=0.0183, ret60=0.0183, vol20=0.0131, above_ma60=True; 159915_rel=0.0135; 518880_rel=0.1612",39,23,2,14,9,0.5897435897435898,0.358974358974359,19,0.48717948717948717,0.06213,0.056098,0.019212,0.02082,0.2948717948717949,0.009100529100529053,-0.02645502645502651,-0.003809523809523818,-0.00042328042328032556,-0.015026455026454943,True,False
2026-01-29,risk_on,risk_on,OFFENSIVE,,"510300 ret20=0.0254, ret60=0.0352, vol20=0.0132, above_ma60=True; 159915_rel=-0.0059; 518880_rel=0.2460",39,15,10,14,3,0.38461538461538464,0.358974358974359,15,0.38461538461538464,0.05421,0.043101,0.017959,0.039844,0.21794871794871795,-0.011954697986577112,-0.021812080536912748,-0.018666107382550257,-0.008598993288590484,-0.021182885906040227,True,False
2026-01-30,risk_on,risk_on,OFFENSIVE,,"510300 ret20=0.0175, ret60=0.0215, vol20=0.0135, above_ma60=True; 159915_rel=0.0293; 518880_rel=0.1661",39,20,3,16,12,0.5128205128205128,0.41025641025641024,15,0.38461538461538464,0.053271,0.032392,0.011734,0.026106,0.358974358974359,-0.023561876459350595,-0.0008490766291658902,-0.013160687752069689,-0.008490766291657792,-0.017406070897898696,True,False
2026-02-02,risk_off,risk_off,DEFENSIVE,,"510300 ret20=-0.0504, ret60=-0.0175, vol20=0.0096, above_ma60=False; 159915_rel=0.0415; 518880_rel=0.0939",39,6,10,23,18,0.15384615384615385,0.5897435897435898,5,0.1282051282051282,-0.006601,-0.016493,-0.038812,9.7e-05,0.5256410256410257,0.013913043478260834,0.017173913043478484,0.027608695652174164,0.025217391304347858,0.018043478260869605,True,False
2026-02-03,risk_off,risk_off,DEFENSIVE,,"510300 ret20=-0.0518, ret60=-0.0017, vol20=0.0094, above_ma60=True; 159915_rel=0.0549; 518880_rel=0.1401",39,13,5,21,16,0.3333333333333333,0.5384615384615384,11,0.28205128205128205,-0.004546,-0.00218,-0.040294,0.004434,0.47435897435897434,0.009219554030874821,-0.0032161234991423537,0.014794168096054827,0.018439108061749643,0.010077186963979523,True,False
2026-02-04,risk_off,risk_off,DEFENSIVE,,"510300 ret20=-0.0396, ret60=0.0049, vol20=0.0098, above_ma60=True; 159915_rel=0.0354; 518880_rel=0.1813",39,16,7,16,10,0.41025641025641024,0.41025641025641024,15,0.38461538461538464,-0.003107,0.004297,-0.034053,0.01528,0.3333333333333333,-0.0059485872105373705,0.004248990864669677,0.0033991926917356086,0.0059485872105375925,-0.002761844062035279,True,False
2026-02-05,risk_off,risk_off,DEFENSIVE,,"510300 ret20=-0.0378, ret60=0.0084, vol20=0.0098, above_ma60=True; 159915_rel=0.0229; 518880_rel=0.1442",39,14,9,16,11,0.358974358974359,0.41025641025641024,14,0.358974358974359,-0.01143,-0.020255,-0.033345,0.013869,0.34615384615384615,-0.006411626415900873,0.01154092754862135,0.010258602265441397,0.009831160504381042,-0.00042744176106024323,True,False
2026-02-06,risk_off,risk_off,DEFENSIVE,,"510300 ret20=-0.0483, ret60=0.0015, vol20=0.0097, above_ma60=False; 159915_rel=0.0227; 518880_rel=0.1281",39,14,6,19,13,0.358974358974359,0.48717948717948717,13,0.3333333333333333,-0.026011,-0.033306,-0.044374,0.006012,0.41025641025641024,0.016777801677780202,0.015917401591740044,0.004732200473220205,0.019359001935900233,0.006668100666809895,True,False
2026-02-09,risk_off,risk_off,DEFENSIVE,,"510300 ret20=-0.0379, ret60=0.0081, vol20=0.0105, above_ma60=True; 159915_rel=0.0230; 518880_rel=0.1342",39,17,3,19,9,0.4358974358974359,0.48717948717948717,16,0.41025641025641024,-0.018931,-0.037182,-0.045466,0.00573,0.358974358974359,0.0012693039983073806,0.0,-0.002327057330230642,-0.010365982652845385,-0.017135603977152636,True,False
2026-02-10,risk_off,risk_off,DEFENSIVE,,"510300 ret20=-0.0333, ret60=0.0249, vol20=0.0105, above_ma60=True; 159915_rel=0.0348; 518880_rel=0.1227",39,17,6,16,6,0.4358974358974359,0.41025641025641024,16,0.41025641025641024,-0.005184,-0.023386,-0.038492,0.005641,0.28205128205128205,-0.0021128248468201827,-0.013099514050285088,0.0035918022395944327,-0.025987745615888347,-0.01500105641242333,True,False
2026-02-11,risk_off,risk_off,DEFENSIVE,,"510300 ret20=-0.0294, ret60=0.0296, vol20=0.0104, above_ma60=True; 159915_rel=0.0117; 518880_rel=0.1136",39,16,5,18,6,0.41025641025641024,0.46153846153846156,16,0.41025641025641024,-0.013719,-0.023591,-0.037247,0.007005,0.3076923076923077,0.0008469193309337264,-0.0014821088291339102,0.002540757992801179,-0.01460935845860678,-0.02625449925894552,True,False
2026-02-12,risk_off,risk_off,DEFENSIVE,,"510300 ret20=-0.0304, ret60=0.0366, vol20=0.0104, above_ma60=True; 159915_rel=0.0205; 518880_rel=0.1168",39,17,7,15,8,0.4358974358974359,0.38461538461538464,17,0.4358974358974359,-0.006632,-0.01243,-0.029403,0.007223,0.2948717948717949,-0.01184683731753755,0.004865665326845736,-0.0004231013327693489,-0.012693039983076027,-0.03194415062407463,True,False
2026-02-13,risk_off,risk_off,DEFENSIVE,,"510300 ret20=-0.0387, ret60=0.0212, vol20=0.0107, above_ma60=True; 159915_rel=0.0145; 518880_rel=0.1115",39,14,5,20,13,0.358974358974359,0.5128205128205128,13,0.3333333333333333,-0.018696,-0.026042,-0.038145,0.00586,0.4230769230769231,0.009633911368015502,0.013701562834510739,0.014557910511667549,-0.008991650610147839,-0.05159494754870486,True,False
2026-02-24,risk_off,risk_off,DEFENSIVE,,"510300 ret20=-0.0046, ret60=0.0358, vol20=0.0095, above_ma60=True; 159915_rel=-0.0023; 518880_rel=0.0990",39,15,5,19,15,0.38461538461538464,0.48717948717948717,14,0.358974358974359,-0.005295,-0.028234,-0.039462,0.008471,0.4358974358974359,0.007209499575911771,0.00190839694656475,-0.008057675996607339,-0.006997455470738045,-0.05025445292620867,True,False
2026-02-25,risk_off,risk_off,DEFENSIVE,,"510300 ret20=0.0055, ret60=0.0696, vol20=0.0096, above_ma60=True; 159915_rel=0.0193; 518880_rel=0.0815",39,20,5,14,15,0.5128205128205128,0.358974358974359,16,0.41025641025641024,0.012374,-0.001734,-0.027871,0.007163,0.3717948717948718,-0.0031578947368420263,-0.002315789473684271,-0.029473684210526208,-0.008210526315789446,-0.04336842105263161,True,False
2026-02-26,risk_off,risk_off,DEFENSIVE,,"510300 ret20=0.0011, ret60=0.0679, vol20=0.0096, above_ma60=True; 159915_rel=0.0157; 518880_rel=0.0506",39,18,2,19,14,0.46153846153846156,0.48717948717948717,16,0.41025641025641024,0.002002,-0.011212,-0.038072,0.003099,0.4230769230769231,-0.0021119324181627652,-0.012038014783527062,-0.0171066525871173,-0.008658922914466793,-0.052164730728616604,True,False
2026-02-27,risk_off,risk_off,DEFENSIVE,,"510300 ret20=-0.0004, ret60=0.0561, vol20=0.0096, above_ma60=True; 159915_rel=-0.0038; 518880_rel=0.0577",39,18,3,18,14,0.46153846153846156,0.46153846153846156,17,0.4358974358974359,-0.001607,-0.008624,-0.031329,0.004461,0.41025641025641024,0.002962962962963056,-0.024338624338624215,-0.012275132275132217,-0.010158730158730145,-0.045925925925925815,True,False
2026-03-02,risk_off,risk_off,DEFENSIVE,,"510300 ret20=0.0074, ret60=0.0524, vol20=0.0096, above_ma60=True; 159915_rel=-0.0239; 518880_rel=0.0679",39,19,5,15,14,0.48717948717948717,0.38461538461538464,11,0.28205128205128205,-0.006805,-0.044356,-0.057175,0.001967,0.3717948717948718,-0.012871913905887267,-0.01793627347541671,-0.023211648027010034,-0.012449883941759943,-0.050432580713230646,True,False
2026-03-03,neutral,neutral,NEUTRAL,,"510300 ret20=-0.0072, ret60=0.0398, vol20=0.0100, above_ma60=False; 159915_rel=-0.0230; 518880_rel=0.0379",39,13,5,21,21,0.3333333333333333,0.5384615384615384,13,0.3333333333333333,-0.028157,-0.067354,-0.082164,-0.004674,0.5384615384615384,-0.014536126549807515,-0.0023514322359983186,0.0010688328345447307,-0.0068405301410859876,-0.04595981188542109,True,False
2026-03-04,neutral,neutral,NEUTRAL,,"510300 ret20=-0.0212, ret60=0.0217, vol20=0.0105, above_ma60=False; 159915_rel=-0.0308; 518880_rel=0.0254",39,12,3,24,21,0.3076923076923077,0.6153846153846154,14,0.358974358974359,-0.042429,-0.067055,-0.087541,-0.007208,0.5769230769230769,0.009544468546637708,0.004121475054229773,0.02190889370932747,0.01127982646420822,-0.01648590021691987,True,False
2026-03-05,neutral,neutral,NEUTRAL,,"510300 ret20=-0.0150, ret60=0.0197, vol20=0.0107, above_ma60=False; 159915_rel=-0.0155; 518880_rel=-0.0130",39,15,6,18,21,0.38461538461538464,0.46153846153846156,14,0.358974358974359,-0.032667,-0.043837,-0.069253,-0.009212,0.5,0.0027932960893854997,0.006231198968629226,0.008594757198109093,-0.011817791147400003,-0.03545337344220023,True,False
2026-03-06,neutral,neutral,NEUTRAL,,"510300 ret20=-0.0212, ret60=0.0273, vol20=0.0105, above_ma60=False; 159915_rel=0.0008; 518880_rel=-0.0654",39,15,2,22,21,0.38461538461538464,0.5641025641025641,14,0.358974358974359,-0.027529,-0.023535,-0.056091,-0.019174,0.5512820512820513,-0.008142275551746403,0.009427898007285274,0.0021427040925647844,-0.01949860724233987,-0.045639597171630575,True,False
2026-03-09,neutral,neutral,NEUTRAL,,"510300 ret20=-0.0174, ret60=0.0237, vol20=0.0104, above_ma60=False; 159915_rel=-0.0228; 518880_rel=0.0046",39,11,7,21,21,0.28205128205128205,0.5384615384615384,11,0.28205128205128205,-0.030783,-0.017082,-0.059028,-0.010033,0.5384615384615384,0.01166558651976679,0.014041909699719302,0.011017498379779722,-0.04298984661914018,-0.0395333765392093,True,False
2026-03-10,neutral,neutral,NEUTRAL,,"510300 ret20=0.0180, ret60=0.0329, vol20=0.0092, above_ma60=False; 159915_rel=-0.0045; 518880_rel=0.0877",39,13,8,18,18,0.3333333333333333,0.46153846153846156,9,0.23076923076923078,0.015384,0.026842,-0.017459,0.009242,0.46153846153846156,0.005979073243647326,-0.0012812299807816174,-0.00790091821481953,-0.04356181934657266,-0.017296604740550836,True,False
2026-03-11,neutral,neutral,NEUTRAL,,"510300 ret20=0.0101, ret60=0.0297, vol20=0.0088, above_ma60=True; 159915_rel=-0.0034; 518880_rel=0.0429",39,14,8,17,17,0.358974358974359,0.4358974358974359,9,0.23076923076923078,0.000893,-0.000233,-0.032919,0.001968,0.4358974358974359,-0.0036085756739546726,-0.0065803438760349,-0.010401188707280906,-0.0354489492676715,-0.029505412863510938,True,False
2026-03-12,neutral,neutral,NEUTRAL,,"510300 ret20=-0.0028, ret60=0.0184, vol20=0.0086, above_ma60=False; 159915_rel=0.0061; 518880_rel=0.0093",39,14,7,18,17,0.358974358974359,0.46153846153846156,14,0.358974358974359,-0.008453,-0.016479,-0.047714,-0.008389,0.44871794871794873,-0.0036216446527482793,-0.010225820195994939,-0.020238602471239875,-0.043885811674477915,-0.011077971878994397,True,False
2026-03-13,neutral,neutral,NEUTRAL,,"510300 ret20=-0.0004, ret60=0.0201, vol20=0.0085, above_ma60=False; 159915_rel=0.0196; 518880_rel=0.0269",39,15,6,18,17,0.38461538461538464,0.46153846153846156,14,0.358974358974359,-0.0008,-0.013361,-0.052923,-0.009716,0.44871794871794873,0.0006414368184735064,-0.003207184092366866,-0.021595039555270423,-0.03613427410733372,-0.005345306820611406,True,False
2026-03-16,risk_on,risk_on,OFFENSIVE,,"510300 ret20=0.0067, ret60=0.0221, vol20=0.0084, above_ma60=False; 159915_rel=0.0305; 518880_rel=0.0230",39,12,6,21,16,0.3076923076923077,0.5384615384615384,8,0.20512820512820512,0.00657,-0.015478,-0.050672,-0.008038,0.47435897435897434,-0.007264957264957239,-0.017307692307692246,-0.05341880341880345,-0.038461538461538436,0.006837606837606813,True,False
2026-03-17,neutral,neutral,NEUTRAL,,"510300 ret20=-0.0171, ret60=0.0222, vol20=0.0076, above_ma60=False; 159915_rel=0.0027; 518880_rel=0.0095",39,10,1,28,18,0.2564102564102564,0.717948717948718,10,0.2564102564102564,-0.028259,-0.039554,-0.058281,-0.013608,0.5897435897435898,0.0034438226431339203,-0.01506672406371079,-0.03594489883770979,-0.039388721480843714,0.010331467929401539,True,False
2026-03-18,neutral,neutral,NEUTRAL,,"510300 ret20=-0.0150, ret60=0.0199, vol20=0.0076, above_ma60=False; 159915_rel=0.0232; 518880_rel=0.0091",39,8,8,23,19,0.20512820512820512,0.5897435897435898,8,0.20512820512820512,-0.021232,-0.039284,-0.062171,-0.015989,0.5384615384615384,-0.013513513513513487,-0.0497640497640498,-0.02531102531102536,-0.027456027456027488,0.018018018018018056,True,False
2026-03-19,risk_off,risk_off,DEFENSIVE,,"510300 ret20=-0.0263, ret60=0.0121, vol20=0.0082, above_ma60=False; 159915_rel=0.0354; 518880_rel=-0.0325",39,10,3,26,19,0.2564102564102564,0.6666666666666666,10,0.2564102564102564,-0.033451,-0.056325,-0.07485,-0.025952,0.5769230769230769,-0.005001087192868181,-0.02609262883235486,-0.02413568166992819,-0.023918243096325398,0.030441400304414,True,False
2026-03-20,risk_off,risk_off,DEFENSIVE,,"510300 ret20=-0.0319, ret60=0.0176, vol20=0.0082, above_ma60=False; 159915_rel=0.0386; 518880_rel=-0.0449",39,9,5,25,20,0.23076923076923078,0.6410256410256411,9,0.23076923076923078,-0.044924,-0.069231,-0.089306,-0.029309,0.5769230769230769,-0.03190559440559437,-0.006993006993006978,-0.014860139860139787,-0.026660839160839167,0.0413024475524475,True,False
2026-03-23,risk_off,risk_off,DEFENSIVE,,"510300 ret20=-0.0516, ret60=-0.0319, vol20=0.0104, above_ma60=False; 159915_rel=0.0403; 518880_rel=-0.1029",39,5,6,28,25,0.1282051282051282,0.717948717948718,5,0.1282051282051282,-0.065294,-0.093025,-0.121111,-0.043517,0.6794871794871795,0.011060948081264232,0.01309255079006788,0.015801354401805856,0.0036117381489841893,0.07810383747178329,True,False
2026-03-24,risk_off,risk_off,DEFENSIVE,,"510300 ret20=-0.0503, ret60=-0.0145, vol20=0.0105, above_ma60=False; 159915_rel=0.0327; 518880_rel=-0.1005",39,6,4,29,21,0.15384615384615385,0.7435897435897436,5,0.1282051282051282,-0.062809,-0.078598,-0.099731,-0.036454,0.6410256410256411,0.014512167894619177,0.00647465952221471,-0.0035722259432908743,0.02746148693904904,0.07412368832328631,True,False
2026-03-25,risk_off,risk_off,DEFENSIVE,,"510300 ret20=-0.0434, ret60=-0.0046, vol20=0.0110, above_ma60=False; 159915_rel=0.0323; 518880_rel=-0.0769",39,7,3,29,20,0.1794871794871795,0.7435897435897436,7,0.1794871794871795,-0.055499,-0.074869,-0.092478,-0.031625,0.6282051282051282,-0.012323943661971648,-0.009683098591549255,-0.0022007042253520126,0.0061619718309859906,0.05655809859154948,True,False
2026-03-26,risk_off,risk_off,DEFENSIVE,,"510300 ret20=-0.0522, ret60=-0.0258, vol20=0.0112, above_ma60=False; 159915_rel=0.0303; 518880_rel=-0.0819",39,6,6,27,21,0.15384615384615385,0.6923076923076923,6,0.15384615384615385,-0.068335,-0.08109,-0.098816,-0.033764,0.6153846153846154,0.004456327985739694,-0.005570409982174729,0.00022281639928678487,0.034313725490195957,0.06550802139037426,True,False
2026-03-27,risk_off,risk_off,DEFENSIVE,,"510300 ret20=-0.0459, ret60=-0.0236, vol20=0.0113, above_ma60=False; 159915_rel=0.0435; 518880_rel=-0.0857",39,6,5,28,21,0.15384615384615385,0.717948717948718,6,0.15384615384615385,-0.059505,-0.060628,-0.076336,-0.029619,0.6282051282051282,-0.0017746228926353025,0.00576752440106465,-0.011978704525288486,0.03194321206743567,0.06078083407275958,True,False
2026-03-30,risk_off,risk_off,DEFENSIVE,,"510300 ret20=-0.0504, ret60=-0.0289, vol20=0.0113, above_ma60=False; 159915_rel=0.0449; 518880_rel=-0.1038",39,6,4,29,22,0.15384615384615385,0.7435897435897436,6,0.15384615384615385,-0.061455,-0.050863,-0.055867,-0.026894,0.6538461538461539,-0.008222222222222242,-0.0024444444444444713,-0.01200000000000001,0.047111111111111104,0.05999999999999983,True,False
2026-03-31,risk_off,risk_off,DEFENSIVE,,"510300 ret20=-0.0460, ret60=-0.0388, vol20=0.0111, above_ma60=False; 159915_rel=0.0388; 518880_rel=-0.0926",39,6,3,30,24,0.15384615384615385,0.7692307692307693,6,0.15384615384615385,-0.051258,-0.023511,-0.031433,-0.023558,0.6923076923076923,0.015908581671521427,-0.0020165807752633436,0.031144969751288443,0.051758906565090745,0.08021510194936132,True,False
2026-04-01,neutral,neutral,NEUTRAL,,"510300 ret20=-0.0165, ret60=-0.0272, vol20=0.0114, above_ma60=False; 159915_rel=0.0412; 518880_rel=-0.0706",39,10,2,27,18,0.2564102564102564,0.6923076923076923,10,0.2564102564102564,-0.022757,0.009047,0.016353,-0.007235,0.5769230769230769,-0.009925011027789976,-0.019408910454345008,0.00838112042346717,0.04675782973092213,0.0639611821790913,True,False
2026-04-02,risk_off,risk_off,DEFENSIVE,,"510300 ret20=-0.0355, ret60=-0.0325, vol20=0.0113, above_ma60=False; 159915_rel=0.0224; 518880_rel=-0.0764",39,10,2,27,20,0.2564102564102564,0.6923076923076923,10,0.2564102564102564,-0.050517,-0.012344,-0.002421,-0.011087,0.6025641025641025,-0.007796836711962629,0.025172644241479247,0.0340833147694366,0.055691690799732685,0.08888393851637333,True,False
2026-04-03,risk_off,risk_off,DEFENSIVE,,"510300 ret20=-0.0456, ret60=-0.0422, vol20=0.0113, above_ma60=False; 159915_rel=0.0196; 518880_rel=-0.0505",39,9,2,28,23,0.23076923076923078,0.717948717948718,9,0.23076923076923078,-0.060828,-0.045387,-0.035601,-0.021224,0.6538461538461539,-0.0017961383026493527,0.02649303996407726,0.04445442299057034,0.06982487651549163,0.1028289178266728,True,False
2026-04-07,risk_off,risk_off,DEFENSIVE,,"510300 ret20=-0.0395, ret60=-0.0397, vol20=0.0112, above_ma60=False; 159915_rel=0.0239; 518880_rel=-0.0553",39,9,1,29,20,0.23076923076923078,0.7435897435897436,7,0.1794871794871795,-0.048447,-0.040201,-0.025357,-0.016281,0.6282051282051282,0.03508771929824572,0.04408457040036007,0.05982905982905984,0.07422402159244257,0.0989653621232569,True,False
2026-04-08,risk_off,risk_off,DEFENSIVE,,"510300 ret20=-0.0173, ret60=-0.0500, vol20=0.0137, above_ma60=False; 159915_rel=0.0322; 518880_rel=-0.0596",39,8,5,26,18,0.20512820512820512,0.6666666666666666,7,0.1794871794871795,-0.021694,-0.026673,-0.013391,-0.010215,0.5641025641025641,-0.006518904823989646,0.010864841373315892,0.019991308126901197,0.045415036940460674,0.07909604519774005,True,False
2026-04-09,risk_off,risk_off,DEFENSIVE,,"510300 ret20=-0.0295, ret60=-0.0705, vol20=0.0137, above_ma60=False; 159915_rel=0.0250; 518880_rel=-0.0676",39,8,4,27,18,0.20512820512820512,0.6923076923076923,8,0.20512820512820512,-0.031242,-0.035974,-0.023145,-0.016768,0.5769230769230769,0.01531058617672798,0.03062117235345574,0.03805774278215224,0.05008748906386695,0.08552055993000884,True,False
2026-04-10,risk_off,risk_off,DEFENSIVE,,"510300 ret20=-0.0111, ret60=-0.0528, vol20=0.0141, above_ma60=False; 159915_rel=0.0501; 518880_rel=-0.0772",39,12,1,26,16,0.3076923076923077,0.6666666666666666,11,0.28205128205128205,-0.006858,-0.013661,-0.000325,-0.014912,0.5384615384615384,0.0021542438604049696,0.011202068074105842,0.020896165445928316,0.030159414045669797,0.08078414476518736,True,False
2026-04-13,risk_off,risk_off,DEFENSIVE,,"510300 ret20=-0.0053, ret60=-0.0434, vol20=0.0141, above_ma60=False; 159915_rel=0.0563; 518880_rel=-0.0759",39,10,1,28,16,0.2564102564102564,0.717948717948718,10,0.2564102564102564,0.002273,0.001833,0.007033,-0.014764,0.5641025641025641,0.012897678417884695,0.020206362854686244,0.024290627687016286,0.02794496990541706,0.06212381771281161,True,False
2026-04-14,risk_on,risk_on,OFFENSIVE,,"510300 ret20=0.0068, ret60=-0.0354, vol20=0.0144, above_ma60=True; 159915_rel=0.0532; 518880_rel=-0.0681",39,13,2,24,16,0.3333333333333333,0.6153846153846154,7,0.1794871794871795,0.015764,0.015056,0.016632,-0.009618,0.5128205128205128,-0.0038200339558573937,0.0057300509337860905,0.013582342954159499,0.012308998302207108,0.03522920203735147,True,False
2026-04-15,risk_on,risk_on,OFFENSIVE,,"510300 ret20=0.0103, ret60=-0.0446, vol20=0.0144, above_ma60=True; 159915_rel=0.0624; 518880_rel=-0.0642",39,11,2,26,18,0.28205128205128205,0.6666666666666666,8,0.20512820512820512,0.026618,0.026968,0.019146,-0.006831,0.5641025641025641,0.011077971878994619,0.01512569237324235,0.024925436727737615,0.027055815935236316,0.0336599914784832,True,False
2026-04-16,risk_on,risk_on,OFFENSIVE,,"510300 ret20=0.0180, ret60=-0.0306, vol20=0.0145, above_ma60=True; 159915_rel=0.0677; 518880_rel=-0.0660",39,17,4,18,14,0.4358974358974359,0.46153846153846156,10,0.2564102564102564,0.033137,0.032175,0.021509,-0.003456,0.41025641025641024,-0.001474926253687392,0.006321112515802696,0.011588706278971683,0.0164348925410871,0.025916561314791364,True,False
2026-04-17,risk_on,risk_on,OFFENSIVE,,"510300 ret20=0.0304, ret60=-0.0261, vol20=0.0141, above_ma60=True; 159915_rel=0.0807; 518880_rel=-0.0400",39,14,5,20,17,0.358974358974359,0.5128205128205128,10,0.2564102564102564,0.052887,0.046356,0.030353,0.000685,0.47435897435897434,0.005486389533656766,0.015193078708588326,0.00907364422874024,0.031441232327495294,0.02785397763241204,True,False
2026-04-20,risk_on,risk_on,OFFENSIVE,,"510300 ret20=0.0413, ret60=-0.0226, vol20=0.0141, above_ma60=True; 159915_rel=0.0578; 518880_rel=-0.0272",39,20,0,19,16,0.5128205128205128,0.48717948717948717,10,0.2564102564102564,0.066257,0.058839,0.046245,0.00734,0.44871794871794873,0.0023084994753410637,0.007555089192025299,0.0035676810073452803,0.03084994753410286,0.009024134312696885,True,False
2026-04-21,risk_on,risk_on,OFFENSIVE,,"510300 ret20=0.0781, ret60=-0.0171, vol20=0.0116, above_ma60=True; 159915_rel=0.0622; 518880_rel=0.0415",39,15,3,21,14,0.38461538461538464,0.5384615384615384,8,0.20512820512820512,0.102256,0.094615,0.085557,0.029203,0.44871794871794873,0.0073283082077051365,0.0012562814070351536,-0.0012562814070352646,0.023031825795645,0.018006700167504164,True,False
2026-04-22,risk_on,risk_on,OFFENSIVE,,"510300 ret20=0.0741, ret60=0.0154, vol20=0.0115, above_ma60=True; 159915_rel=0.0868; 518880_rel=0.0017",39,16,7,16,13,0.41025641025641024,0.41025641025641024,10,0.2564102564102564,0.102476,0.08193,0.073221,0.017943,0.3717948717948718,-0.002078569943878561,-0.006027852837247938,0.002078569943878561,0.03221783413011847,0.026189981292870534,True,False
2026-04-23,risk_on,risk_on,OFFENSIVE,,"510300 ret20=0.0566, ret60=0.0163, vol20=0.0113, above_ma60=True; 159915_rel=0.0707; 518880_rel=-0.0297",39,13,5,21,15,0.3333333333333333,0.5384615384615384,7,0.1794871794871795,0.076626,0.056401,0.048637,0.012135,0.46153846153846156,-0.003957508852322489,-0.006456988127473529,0.004790668610705984,0.03374297021453865,0.035617579670901955,True,False
2026-04-24,risk_on,risk_on,OFFENSIVE,,"510300 ret20=0.0655, ret60=0.0110, vol20=0.0108, above_ma60=True; 159915_rel=0.0604; 518880_rel=-0.0257",39,14,8,17,12,0.358974358974359,0.4358974358974359,8,0.20512820512820512,0.089554,0.065608,0.06003,0.017379,0.3717948717948718,0.0,0.008155583437892133,0.022166457549142482,0.049142618151401196,0.031367628607277265,True,False
2026-04-27,risk_on,risk_on,OFFENSIVE,,"510300 ret20=0.0608, ret60=0.0116, vol20=0.0108, above_ma60=True; 159915_rel=0.0482; 518880_rel=-0.0183",39,13,8,18,12,0.3333333333333333,0.46153846153846156,8,0.20512820512820512,0.087752,0.046841,0.042836,0.008473,0.38461538461538464,-0.0025094102885823144,0.008782936010037545,0.02718527812630689,0.033249686323713945,0.031367628607277265,True,False
2026-04-28,risk_on,risk_on,OFFENSIVE,,"510300 ret20=0.0600, ret60=0.0140, vol20=0.0109, above_ma60=True; 159915_rel=0.0436; 518880_rel=-0.0521",39,11,13,15,10,0.28205128205128205,0.38461538461538464,5,0.1282051282051282,0.082904,0.042304,0.045527,0.008193,0.32051282051282054,0.010691823899371178,0.024737945492662616,0.0243186582809225,0.02264150943396248,0.03207547169811331,True,False
2026-04-29,risk_on,risk_on,OFFENSIVE,,"510300 ret20=0.0802, ret60=0.0231, vol20=0.0107, above_ma60=True; 159915_rel=0.0807; 518880_rel=-0.0866",39,13,15,11,8,0.3333333333333333,0.28205128205128205,11,0.28205128205128205,0.11461,0.065554,0.054608,0.011893,0.24358974358974358,0.000622277535780924,0.018875751918689065,0.030076747562746364,0.0064302012030699185,0.009749014727235217,True,False
2026-04-30,risk_on,risk_on,OFFENSIVE,,"510300 ret20=0.0640, ret60=0.0242, vol20=0.0103, above_ma60=True; 159915_rel=0.0774; 518880_rel=-0.0985",39,16,11,12,8,0.41025641025641024,0.3076923076923077,11,0.28205128205128205,0.104733,0.039681,0.022215,0.000243,0.2564102564102564,0.013266998341625147,0.0128524046434495,0.02881426202321724,0.009328358208955168,0.02321724709784423,True,False
2026-05-06,risk_on,risk_on,OFFENSIVE,,"510300 ret20=0.0889, ret60=0.0345, vol20=0.0100, above_ma60=True; 159915_rel=0.1077; 518880_rel=-0.0834",39,16,6,17,8,0.41025641025641024,0.4358974358974359,13,0.3333333333333333,0.151852,0.070824,0.044718,0.003808,0.32051282051282054,0.004909983633387904,0.015957446808510634,0.026391162029459903,-0.0034779050736496453,0.015752864157119406,True,False
2026-05-07,risk_on,risk_on,OFFENSIVE,,"510300 ret20=0.1028, ret60=0.0302, vol20=0.0096, above_ma60=True; 159915_rel=0.1213; 518880_rel=-0.0946",39,15,12,12,7,0.38461538461538464,0.3076923076923077,12,0.3076923076923077,0.172067,0.10619,0.074494,0.008955,0.24358974358974358,-0.005293159609120468,0.010382736156351768,0.005903908794788304,-0.021172638436482094,0.002850162866449457,True,False
2026-05-08,risk_on,risk_on,OFFENSIVE,,"510300 ret20=0.0990, ret60=0.0371, vol20=0.0098, above_ma60=True; 159915_rel=0.1089; 518880_rel=-0.0946",39,13,15,11,6,0.3333333333333333,0.28205128205128205,12,0.3076923076923077,0.157559,0.105742,0.075972,0.006931,0.21794871794871795,0.016373311502251298,0.02681129758493661,-0.0016373311502251298,-0.004911993450675389,-0.008800654932460072,True,False
2026-05-11,risk_on,risk_on,OFFENSIVE,,"510300 ret20=0.0791, ret60=0.0796, vol20=0.0073, above_ma60=True; 159915_rel=0.1009; 518880_rel=-0.1126",39,12,19,8,6,0.3076923076923077,0.20512820512820512,11,0.28205128205128205,0.135086,0.082872,0.057353,-0.001869,0.1794871794871795,-0.000604107933950937,-0.00503423278292392,-0.02295610149013283,-0.005839710028191725,-0.0457108336689489,True,False
2026-05-12,risk_on,risk_on,OFFENSIVE,,"510300 ret20=0.0855, ret60=0.0641, vol20=0.0070, above_ma60=True; 159915_rel=0.1012; 518880_rel=-0.0958",39,13,19,7,5,0.3333333333333333,0.1794871794871795,11,0.28205128205128205,0.141111,0.084309,0.066036,0.000987,0.15384615384615385,0.010880515817046188,-0.017126737860165164,-0.018940157163006344,0.0018134193028411794,-0.02760427160991341,True,False
2026-05-13,risk_on,risk_on,OFFENSIVE,,"510300 ret20=0.0808, ret60=0.0659, vol20=0.0067, above_ma60=True; 159915_rel=0.0970; 518880_rel=-0.0976",39,12,14,13,7,0.3076923076923077,0.3333333333333333,10,0.2564102564102564,0.140176,0.074797,0.048998,-0.001233,0.2564102564102564,-0.015148495116603655,-0.03288818018736295,-0.029101056408212034,-0.01694239585409607,-0.04644209687063994,True,False
2026-05-14,risk_on,risk_on,OFFENSIVE,,"510300 ret20=0.0621, ret60=0.0560, vol20=0.0079, above_ma60=True; 159915_rel=0.0800; 518880_rel=-0.0751",39,11,6,22,11,0.28205128205128205,0.5641025641025641,9,0.23076923076923078,0.111482,0.039463,0.023503,-0.004241,0.4230769230769231,-0.012750455373406133,-0.014571948998178486,-0.02691762801052422,-0.0018214936247722413,-0.03845375430074871,True,False
2026-05-15,risk_on,risk_on,OFFENSIVE,,"510300 ret20=0.0352, ret60=0.0493, vol20=0.0083, above_ma60=True; 159915_rel=0.0831; 518880_rel=-0.0809",39,10,6,23,16,0.2564102564102564,0.5897435897435898,8,0.20512820512820512,0.081659,0.02433,0.011812,-0.014459,0.5,-0.005330053300532933,-0.001435014350143482,-0.003280032800327959,0.009225092250922495,-0.012300123001230068,True,False
2026-05-18,risk_on,risk_on,OFFENSIVE,,"510300 ret20=0.0337, ret60=0.0264, vol20=0.0084, above_ma60=True; 159915_rel=0.0837; 518880_rel=-0.0884",39,10,5,24,17,0.2564102564102564,0.6153846153846154,9,0.23076923076923078,0.08297,0.0212,0.006838,-0.021131,0.5256410256410257,0.00350370981038739,-0.00906842539159125,0.017518549051937393,0.0032976092333059093,0.013808738664468079,True,False
2026-05-19,risk_on,risk_on,OFFENSIVE,,"510300 ret20=0.0259, ret60=0.0287, vol20=0.0081, above_ma60=True; 159915_rel=0.0563; 518880_rel=-0.0836",39,11,6,22,18,0.28205128205128205,0.5641025641025641,9,0.23076923076923078,0.07786,0.015646,0.00609,-0.019958,0.5128205128205128,0.00041076196344236315,-0.001437666872047605,0.02115424111727271,0.013760525775313281,0.008420620250564781,True,False
2026-05-20,risk_on,risk_on,OFFENSIVE,,"510300 ret20=0.0279, ret60=0.0313, vol20=0.0081, above_ma60=True; 159915_rel=0.0435; 518880_rel=-0.0939",39,9,7,23,18,0.23076923076923078,0.5897435897435898,8,0.20512820512820512,0.084343,0.021041,0.010546,-0.017762,0.5256410256410257,-0.012933689180866459,0.013549579141860058,0.012523095873537171,0.0192978854444672,0.01786080886881547,True,False
2026-05-21,risk_on,risk_on,OFFENSIVE,,"510300 ret20=0.0090, ret60=0.0171, vol20=0.0086, above_ma60=True; 159915_rel=0.0384; 518880_rel=-0.0674",39,8,6,25,19,0.20512820512820512,0.6410256410256411,4,0.10256410256410256,0.053071,0.009948,0.013648,-0.019539,0.5641025641025641,0.011231281198003318,0.034109816971714,0.02579034941763747,0.02454242928452577,0.03660565723793674,True,False
2026-05-22,risk_on,risk_on,OFFENSIVE,,"510300 ret20=0.0180, ret60=0.0409, vol20=0.0089, above_ma60=True; 159915_rel=0.0540; 518880_rel=-0.0729",39,12,3,24,18,0.3076923076923077,0.6153846153846154,8,0.20512820512820512,0.070637,0.020088,0.017197,-0.022542,0.5384615384615384,0.015425750719868514,0.014397367338543798,0.012546277252159621,-0.0039078568490333865,0.04709995886466478,True,False
2026-05-25,risk_on,risk_on,OFFENSIVE,,"510300 ret20=0.0262, ret60=0.0469, vol20=0.0094, above_ma60=True; 159915_rel=0.0473; 518880_rel=-0.0754",39,9,7,23,19,0.23076923076923078,0.5897435897435898,8,0.20512820512820512,0.084894,0.011833,0.008445,-0.022483,0.5384615384615384,0.00708932550131669,-0.0010127607859024002,-0.0139760988454527,-0.04010532712173398,0.0010127607859022891,True,False
2026-05-26,risk_on,risk_on,OFFENSIVE,,"510300 ret20=0.0356, ret60=0.0467, vol20=0.0095, above_ma60=True; 159915_rel=0.0521; 518880_rel=-0.0807",39,9,7,23,18,0.23076923076923078,0.5897435897435898,7,0.1794871794871795,0.093593,0.015657,0.017721,-0.02393,0.5256410256410257,-0.008045052292839916,-0.009855189058728953,-0.007240547063556035,-0.029364440868865804,-0.001005631536605156,True,False
2026-05-27,risk_on,risk_on,OFFENSIVE,,"510300 ret20=0.0314, ret60=0.0416, vol20=0.0096, above_ma60=True; 159915_rel=0.0726; 518880_rel=-0.0803",39,9,8,22,19,0.23076923076923078,0.5641025641025641,8,0.20512820512820512,0.082362,0.005786,0.005218,-0.024652,0.5256410256410257,0.0,-0.012976480129764822,0.006690997566909829,-0.030008110300081214,0.023519870235198637,True,False
2026-05-28,risk_on,risk_on,OFFENSIVE,,"510300 ret20=0.0314, ret60=0.0438, vol20=0.0096, above_ma60=True; 159915_rel=0.1017; 518880_rel=-0.1087",39,9,7,23,20,0.23076923076923078,0.5897435897435898,8,0.20512820512820512,0.082471,-0.004804,-0.017142,-0.027214,0.5512820512820513,-0.0018248175182482562,0.000811030008110114,-0.0012165450121655041,-0.03669910786699104,-0.00506893755068949,True,False
2026-05-29,risk_on,risk_on,OFFENSIVE,,"510300 ret20=0.0321, ret60=0.0388, vol20=0.0096, above_ma60=True; 159915_rel=0.0931; 518880_rel=-0.0665",39,3,12,24,19,0.07692307692307693,0.6153846153846154,2,0.05128205128205128,0.071508,-0.015309,-0.019241,-0.021723,0.5512820512820513,-0.011172049563274333,0.00853138330286396,-0.016250253910217394,-0.021328458257160343,0.007312614259597616,True,False
2026-06-01,risk_on,risk_on,OFFENSIVE,,"510300 ret20=0.0097, ret60=0.0406, vol20=0.0098, above_ma60=True; 159915_rel=0.0633; 518880_rel=-0.0402",39,6,6,27,19,0.15384615384615385,0.6923076923076923,1,0.02564102564102564,0.034908,-0.038996,-0.032755,-0.023297,0.5897435897435898,0.013968775677896339,0.011914543960558799,-0.026499589153656578,0.010476581758422254,0.031018898931799432,True,False
2026-06-02,risk_on,risk_on,OFFENSIVE,,"510300 ret20=0.0232, ret60=0.0707, vol20=0.0102, above_ma60=True; 159915_rel=0.0803; 518880_rel=-0.0509",39,5,11,23,18,0.1282051282051282,0.5897435897435898,2,0.05128205128205128,0.041767,-0.042508,-0.036031,-0.022791,0.5256410256410257,0.005875202593192741,-0.018841166936790943,-0.022285251215559243,-0.005267423014586714,0.012560777957860703,True,False
2026-06-03,risk_on,risk_on,OFFENSIVE,,"510300 ret20=0.0158, ret60=0.0668, vol20=0.0099, above_ma60=True; 159915_rel=0.0791; 518880_rel=-0.0678",39,10,4,25,19,0.2564102564102564,0.6410256410256411,3,0.07692307692307693,0.028587,-0.061346,-0.051474,-0.027429,0.5641025641025641,-0.007854984894259731,-0.04551863041289028,-0.03645518630412892,-0.0014098690835849803,-0.023162134944612278,True,False
2026-06-04,risk_on,risk_on,OFFENSIVE,,"510300 ret20=0.0029, ret60=0.0555, vol20=0.0100, above_ma60=True; 159915_rel=0.0635; 518880_rel=-0.0653",39,8,6,25,18,0.20512820512820512,0.6410256410256411,5,0.1282051282051282,0.012892,-0.079817,-0.071576,-0.03259,0.5512820512820513,-0.016849370686155107,-0.02030044660982555,-0.03552578156719444,0.011774259033698664,-0.010150223304912664,True,False
2026-06-05,neutral,neutral,NEUTRAL,,"510300 ret20=-0.0088, ret60=0.0462, vol20=0.0107, above_ma60=True; 159915_rel=0.0537; 518880_rel=-0.0548",39,9,6,24,18,0.23076923076923078,0.6153846153846154,9,0.23076923076923078,-0.0008,-0.075235,-0.061943,-0.031753,0.5384615384615384,-0.021474292793722927,-0.012182531488746706,-0.005162089613875764,0.05120792896964699,0.007020441874870942,True,False
2026-06-08,risk_off,risk_off,DEFENSIVE,,"510300 ret20=-0.0457, ret60=0.0120, vol20=0.0109, above_ma60=False; 159915_rel=0.0153; 518880_rel=-0.0383",39,9,3,27,18,0.23076923076923078,0.6923076923076923,9,0.23076923076923078,-0.055658,-0.112571,-0.0901,-0.040783,0.5769230769230769,0.018358303439544255,0.002532179784764832,0.0379826967714707,0.042836041358936594,,True,False
2026-06-09,risk_off,risk_off,DEFENSIVE,,"510300 ret20=-0.0276, ret60=0.0244, vol20=0.0118, above_ma60=True; 159915_rel=0.0357; 518880_rel=-0.0541",39,7,6,26,18,0.1794871794871795,0.6666666666666666,8,0.20512820512820512,-0.029733,-0.093748,-0.079608,-0.039352,0.5641025641025641,-0.008702859510982153,-0.0016576875259013413,0.017405719021964527,0.02921674264401153,,True,False
2026-06-10,risk_off,risk_off,DEFENSIVE,,"510300 ret20=-0.0464, ret60=0.0192, vol20=0.0116, above_ma60=True; 159915_rel=0.0025; 518880_rel=-0.0625",39,6,2,31,19,0.15384615384615385,0.7948717948717948,5,0.1282051282051282,-0.056912,-0.109108,-0.080139,-0.039548,0.6410256410256411,-0.0068979933110366876,0.02821906354515047,0.03637123745819415,0.05518394648829439,,True,False
2026-06-11,risk_off,risk_off,DEFENSIVE,,"510300 ret20=-0.0385, ret60=0.0158, vol20=0.0112, above_ma60=True; 159915_rel=0.0054; 518880_rel=-0.0931",39,4,2,33,21,0.10256410256410256,0.8461538461538461,4,0.10256410256410256,-0.041716,-0.092944,-0.070056,-0.03733,0.6923076923076923,0.01410229425384113,0.0334666386023994,0.049042306882761455,0.03283519259103329,,True,False
2026-06-12,neutral,neutral,NEUTRAL,,"510300 ret20=-0.0123, ret60=0.0295, vol20=0.0115, above_ma60=True; 159915_rel=-0.0189; 518880_rel=-0.0814",39,5,6,28,20,0.1282051282051282,0.717948717948718,6,0.15384615384615385,-0.02226,-0.08126,-0.052628,-0.024308,0.6153846153846154,0.020963055209630488,0.029057700290577193,0.05666251556662538,0.029265255292652448,,True,False
2026-06-15,neutral,neutral,NEUTRAL,,"510300 ret20=0.0138, ret60=0.0588, vol20=0.0124, above_ma60=True; 159915_rel=0.0173; 518880_rel=-0.0753",39,4,10,25,18,0.10256410256410256,0.6410256410256411,2,0.05128205128205128,0.013767,-0.063667,-0.035867,-0.018512,0.5512820512820513,-0.0018296401707662557,0.013214067899979698,0.004675747103069838,0.0203293352307381,,True,False
2026-06-16,risk_on,risk_on,OFFENSIVE,,"510300 ret20=0.0084, ret60=0.0532, vol20=0.0124, above_ma60=True; 159915_rel=0.0398; 518880_rel=-0.0679",39,7,7,25,18,0.1794871794871795,0.6410256410256411,2,0.05128205128205128,0.00812,-0.06549,-0.04301,-0.026326,0.5512820512820513,0.009775967413441888,0.03686354378818746,0.011608961303462229,0.017922606924643647,,True,False
2026-06-17,risk_on,risk_on,OFFENSIVE,,"510300 ret20=0.0179, ret60=0.0781, vol20=0.0125, above_ma60=True; 159915_rel=0.0460; 518880_rel=-0.0616",39,10,7,22,18,0.2564102564102564,0.5641025641025641,4,0.10256410256410256,0.019885,-0.066451,-0.042033,-0.024744,0.5128205128205128,0.005244050020169366,-0.0032271077047196783,0.01815248083904808,-0.021782977006857718,,True,False
2026-06-18,risk_on,risk_on,OFFENSIVE,,"510300 ret20=0.0366, ret60=0.0892, vol20=0.0121, above_ma60=True; 159915_rel=0.0734; 518880_rel=-0.0940",39,7,10,22,19,0.1794871794871795,0.5641025641025641,3,0.07692307692307693,0.055923,-0.044975,-0.03674,-0.028866,0.5256410256410257,0.021468699839486405,-0.0034109149277689044,-0.015449438202247201,-0.02166934189406089,,True,False
2026-06-22,risk_on,risk_on,OFFENSIVE,,"510300 ret20=0.0471, ret60=0.1492, vol20=0.0128, above_ma60=True; 159915_rel=0.0626; 518880_rel=-0.1258",39,10,10,19,16,0.2564102564102564,0.48717948717948717,7,0.1794871794871795,0.064387,-0.043165,-0.011711,-0.024175,0.44871794871794873,-0.02926733451188368,-0.008446277745040254,-0.0259281084266354,-0.04203496366136328,,True,False
2026-06-23,risk_on,risk_on,OFFENSIVE,,"510300 ret20=0.0010, ret60=0.1034, vol20=0.0142, above_ma60=True; 159915_rel=0.0426; 518880_rel=-0.1035",39,10,6,23,20,0.2564102564102564,0.5897435897435898,4,0.10256410256410256,0.009268,-0.053696,-0.010367,-0.030142,0.5512820512820513,0.005058680696074402,-0.007082152974504319,0.015580736543909346,,,True,False
2026-06-24,neutral,neutral,NEUTRAL,,"510300 ret20=-0.0010, ret60=0.0931, vol20=0.0141, above_ma60=True; 159915_rel=0.0511; 518880_rel=-0.0983",39,11,5,23,20,0.28205128205128205,0.5897435897435898,11,0.28205128205128205,0.019749,-0.033171,-0.002145,-0.029895,0.5512820512820513,0.016307630360378633,-0.0016106301590497196,0.006241191866317886,,,True,False
2026-06-25,risk_on,risk_on,OFFENSIVE,,"510300 ret20=0.0235, ret60=0.1248, vol20=0.0144, above_ma60=True; 159915_rel=0.0601; 518880_rel=-0.1367",39,10,9,20,19,0.2564102564102564,0.5128205128205128,9,0.23076923076923078,0.056845,-0.0191,0.024628,-0.03056,0.5,-0.027931854199683026,-0.005744849445324829,-0.03922345483359757,,,True,False
2026-06-26,neutral,neutral,NEUTRAL,,"510300 ret20=-0.0051, ret60=0.0885, vol20=0.0159, above_ma60=True; 159915_rel=0.0237; 518880_rel=-0.0762",39,14,1,24,26,0.358974358974359,0.6153846153846154,12,0.3076923076923077,0.019015,-0.04558,0.002765,-0.031265,0.6410256410256411,0.010597106174852211,0.01854493580599148,-0.006317505604238827,,,True,False
2026-06-29,risk_on,risk_on,OFFENSIVE,,"510300 ret20=0.0073, ret60=0.1020, vol20=0.0160, above_ma60=True; 159915_rel=0.0378; 518880_rel=-0.1082",39,19,0,20,24,0.48717948717948717,0.5128205128205128,11,0.28205128205128205,0.056604,0.000779,0.040419,-0.02906,0.5641025641025641,0.012099213551119314,-0.021980237951199855,-0.016535591853196197,,,True,False
2026-06-30,risk_on,risk_on,OFFENSIVE,,"510300 ret20=0.0310, ret60=0.1246, vol20=0.0160, above_ma60=True; 159915_rel=0.0699; 518880_rel=-0.1344",39,14,7,18,23,0.358974358974359,0.46153846153846156,10,0.2564102564102564,0.104315,0.03194,0.057039,-0.034543,0.5256410256410257,-0.004184100418409997,-0.028491731420601685,,,,True,False
2026-07-01,risk_on,risk_on,OFFENSIVE,,"510300 ret20=0.0126, ret60=0.1023, vol20=0.0158, above_ma60=True; 159915_rel=0.0373; 518880_rel=-0.1336",39,17,5,17,22,0.4358974358974359,0.4358974358974359,13,0.3333333333333333,0.074108,0.049916,0.091688,-0.027236,0.5,-0.029611844737895243,-0.024209683873549492,,,,True,False
2026-07-02,neutral,neutral,NEUTRAL,,"510300 ret20=-0.0232, ret60=0.0804, vol20=0.0171, above_ma60=True; 159915_rel=-0.0031; 518880_rel=-0.0637",39,13,6,20,23,0.3333333333333333,0.5128205128205128,13,0.3333333333333333,0.014738,0.0407,0.08728,-0.022049,0.5512820512820513,0.005360824742268289,,,,,True,False
2026-07-03,neutral,neutral,NEUTRAL,,"510300 ret20=-0.0102, ret60=0.0947, vol20=0.0171, above_ma60=True; 159915_rel=-0.0052; 518880_rel=-0.0564",39,17,3,19,24,0.4358974358974359,0.48717948717948717,15,0.38461538461538464,0.0228,0.078838,0.130594,-0.010849,0.5512820512820513,0.0002050861361770906,,,,,True,False
2026-07-06,neutral,neutral,NEUTRAL,,"510300 ret20=0.0070, ret60=0.0969, vol20=0.0166, above_ma60=True; 159915_rel=-0.0088; 518880_rel=-0.0741",39,13,8,18,22,0.3333333333333333,0.46153846153846156,7,0.1794871794871795,0.042984,0.061155,0.11781,-0.005726,0.5128205128205128,,,,,,True,False
